MANDT,AUFPL,APLZL
20,1000000651,1
20,1000000652,1
20,1000000653,1
20,1000000659,1
20,1000000869,1
20,1000000870,1
20,1000000913,1
20,1000000914,1
20,1000000915,1
20,1000000916,1
20,1000000917,1
20,1000000918,1
20,1000000919,1
20,1000000920,1
20,1000000921,1
20,1000000992,1
20,1000001515,1
20,1000001607,1
20,1000001931,1
20,1000002971,1
20,1000003092,1
20,1000003096,1
20,1000003109,1
20,1000003122,1
20,1000003415,1
20,1000003442,1
20,1000003443,1
20,1000003444,1
20,1000003445,1
20,1000003453,1
20,1000003459,1
20,1000003465,1
20,1000003478,1
20,1000003544,1
20,1000003547,1
20,1000003566,1
20,1000003593,1
20,1000003615,1
20,1000003641,1
20,1000003780,1
20,1000003781,1
20,1000003802,1
20,1000003809,1
20,1000003810,1
20,1000003811,1
20,1000003848,1
20,1000003922,1
20,1000003973,1
20,1000003974,1
20,1000004003,1
20,1000004016,1
20,1000007872,1
20,1000007873,1
20,1000007874,1
20,1000007915,1
20,1000007931,1
20,1000007933,1
20,1000007934,1
20,1000007935,1
20,1000007936,1
20,1000007937,1
20,1000007938,1
20,1000007987,1
20,1000008016,1
20,1000008017,1
20,1000008018,1
20,1000008019,1
20,1000008020,1
20,1000008021,1
20,1000008022,1
20,1000008023,1
20,1000008025,1
20,1000008026,1
20,1000008925,1
20,1000008949,1
20,1000009042,1
20,1000009045,1
20,1000009046,1
20,1000009048,1
20,1000009055,1
20,1000009067,1
20,1000009069,1
20,1000009076,1
20,1000009082,1
20,1000010465,1
20,1000010483,1
20,1000010487,1
20,1000010503,1
20,1000010514,1
20,1000010553,1
20,1000010659,1
20,1000010660,1
20,1000010667,1
20,1000010675,1
20,1000010683,1
20,1000011904,1
20,1000012005,1
20,1000012006,1
20,1000012014,1
20,1000012019,1
20,1000012020,1
20,1000012059,1
20,1000012065,1
20,1000012066,1
20,1000012088,1
20,1000012104,1
20,1000014132,1
20,1000014133,1
20,1000014134,1
20,1000014135,1
20,1000014136,1
20,1000014231,1
20,1000014314,1
20,1000014442,1
20,1000014448,1
20,1000014539,1
20,1000014540,1
20,1000016656,1
20,1000016661,1
20,1000016662,1
20,1000016666,1
20,1000016802,1
20,1000016822,1
20,1000016823,1
20,1000016827,1
20,1000016828,1
20,1000016858,1
20,1000016859,1
20,1000018974,1
20,1000018975,1
20,1000018999,1
20,1000019032,1
20,1000019043,1
20,1000019078,1
20,1000019079,1
20,1000019104,1
20,1000019120,1
20,1000019130,1
20,1000019168,1
20,1000020582,1
20,1000020614,1
20,1000020646,1
20,1000020664,1
20,1000020665,1
20,1000020671,1
20,1000020675,1
20,1000020794,1
20,1000020966,1
20,1000020988,1
20,1000021005,1
20,1000022919,1
20,1000022955,1
20,1000022964,1
20,1000022968,1
20,1000022987,1
20,1000023022,1
20,1000023065,1
20,1000023084,1
20,1000023108,1
20,1000023112,1
20,1000023128,1
20,1000024538,1
20,1000024559,1
20,1000024667,1
20,1000024668,1
20,1000024669,1
20,1000024699,1
20,1000024707,1
20,1000024713,1
20,1000024731,1
20,1000024820,1
20,1000024823,1
20,1000027011,1
20,1000027040,1
20,1000027045,1
20,1000027048,1
20,1000027050,1
20,1000027051,1
20,1000027062,1
20,1000027071,1
20,1000027104,1
20,1000027110,1
20,1000027120,1
20,1000029467,1
20,1000029469,1
20,1000029509,1
20,1000029521,1
20,1000029625,1
20,1000029690,1
20,1000029751,1
20,1000029942,1
20,1000029973,1
20,1000029974,1
20,1000029975,1
20,1000030920,1
20,1000030921,1
20,1000030932,1
20,1000030935,1
20,1000030942,1
20,1000031014,1
20,1000031041,1
20,1000031079,1
20,1000031145,1
20,1000031159,1
20,1000031164,1
20,1000033328,1
20,1000033333,1
20,1000033355,1
20,1000033356,1
20,1000033357,1
20,1000033359,1
20,1000033360,1
20,1000033361,1
20,1000033365,1
20,1000033415,1
20,1000033416,1
20,1000033898,1
20,1000033899,1
20,1000033900,1
20,1000033901,1
20,1000033902,1
20,1000033903,1
20,1000033906,1
20,1000033911,1
20,1000033922,1
20,1000033923,1
20,1000033943,1
20,1000035057,1
20,1000035059,1
20,1000035060,1
20,1000035061,1
20,1000035113,1
20,1000035114,1
20,1000035168,1
20,1000035205,1
20,1000035251,1
20,1000035274,1
20,1000035312,1
20,1000036917,1
20,1000036924,1
20,1000036979,1
20,1000036980,1
20,1000036985,1
20,1000037020,1
20,1000037021,1
20,1000037041,1
20,1000037042,1
20,1000037070,1
20,1000037084,1
20,1000037742,1
20,1000037750,1
20,1000037761,1
20,1000037778,1
20,1000037780,1
20,1000037816,1
20,1000037818,1
20,1000037819,1
20,1000037842,1
20,1000037843,1
20,1000037846,1
20,1000038676,1
20,1000038677,1
20,1000038719,1
20,1000038720,1
20,1000038725,1
20,1000038726,1
20,1000038727,1
20,1000038729,1
20,1000038734,1
20,1000038737,1
20,1000038744,1
20,1000004017,1
20,1000004019,1
20,1000004163,1
20,1000004164,1
20,1000004165,1
20,1000004180,1
20,1000004202,1
20,1000004211,1
20,1000004315,1
20,1000004317,1
20,1000004329,1
20,1000007629,1
20,1000007632,1
20,1000007672,1
20,1000007707,1
20,1000007750,1
20,1000007841,1
20,1000007865,1
20,1000007868,1
20,1000007869,1
20,1000007870,1
20,1000007871,1
20,1000008029,1
20,1000008030,1
20,1000008031,1
20,1000008032,1
20,1000008033,1
20,1000008034,1
20,1000008035,1
20,1000008037,1
20,1000008038,1
20,1000008039,1
20,1000008040,1
20,1000008767,1
20,1000008787,1
20,1000008788,1
20,1000008789,1
20,1000008839,1
20,1000008841,1
20,1000008842,1
20,1000008843,1
20,1000008844,1
20,1000008850,1
20,1000008923,1
20,1000010748,1
20,1000010805,1
20,1000010867,1
20,1000010872,1
20,1000010873,1
20,1000011134,1
20,1000011140,1
20,1000011141,1
20,1000011142,1
20,1000011143,1
20,1000011144,1
20,1000012323,1
20,1000012338,1
20,1000012369,1
20,1000012379,1
20,1000012380,1
20,1000012381,1
20,1000012394,1
20,1000012396,1
20,1000012412,1
20,1000012413,1
20,1000012425,1
20,1000014578,1
20,1000014580,1
20,1000014629,1
20,1000014669,1
20,1000014671,1
20,1000014679,1
20,1000014706,1
20,1000014707,1
20,1000014781,1
20,1000014797,1
20,1000014798,1
20,1000016902,1
20,1000016903,1
20,1000016943,1
20,1000016983,1
20,1000016984,1
20,1000017061,1
20,1000017149,1
20,1000017268,1
20,1000017269,1
20,1000017278,1
20,1000017312,1
20,1000019627,1
20,1000019698,1
20,1000019699,1
20,1000019731,1
20,1000019752,1
20,1000019753,1
20,1000019754,1
20,1000019804,1
20,1000019805,1
20,1000019806,1
20,1000019810,1
20,1000021295,1
20,1000021341,1
20,1000021391,1
20,1000021394,1
20,1000021418,1
20,1000021426,1
20,1000021431,1
20,1000021433,1
20,1000021452,1
20,1000021466,1
20,1000021519,1
20,1000022816,1
20,1000022825,1
20,1000022851,1
20,1000022852,1
20,1000022854,1
20,1000022855,1
20,1000022857,1
20,1000022858,1
20,1000022862,1
20,1000022872,1
20,1000022879,1
20,1000024825,1
20,1000024856,1
20,1000024857,1
20,1000024954,1
20,1000024999,1
20,1000025016,1
20,1000025130,1
20,1000025147,1
20,1000025160,1
20,1000025308,1
20,1000025309,1
20,1000027735,1
20,1000027813,1
20,1000027843,1
20,1000027856,1
20,1000027899,1
20,1000027930,1
20,1000027932,1
20,1000027938,1
20,1000028045,1
20,1000028053,1
20,1000028096,1
20,1000029124,1
20,1000029146,1
20,1000029147,1
20,1000029214,1
20,1000029215,1
20,1000029259,1
20,1000029265,1
20,1000029347,1
20,1000029348,1
20,1000029391,1
20,1000029395,1
20,1000031986,1
20,1000032003,1
20,1000032010,1
20,1000032012,1
20,1000032065,1
20,1000032066,1
20,1000032067,1
20,1000032098,1
20,1000032100,1
20,1000032132,1
20,1000032206,1
20,1000033417,1
20,1000033419,1
20,1000033420,1
20,1000033439,1
20,1000033440,1
20,1000033441,1
20,1000033442,1
20,1000033443,1
20,1000033444,1
20,1000033452,1
20,1000033487,1
20,1000034140,1
20,1000034160,1
20,1000034161,1
20,1000034165,1
20,1000034190,1
20,1000034276,1
20,1000034277,1
20,1000034279,1
20,1000034302,1
20,1000034326,1
20,1000034343,1
20,1000035889,1
20,1000035891,1
20,1000035895,1
20,1000035918,1
20,1000035993,1
20,1000036012,1
20,1000036013,1
20,1000036082,1
20,1000036104,1
20,1000036122,1
20,1000036123,1
20,1000037085,1
20,1000037103,1
20,1000037107,1
20,1000037116,1
20,1000037118,1
20,1000037127,1
20,1000037137,1
20,1000037141,1
20,1000037181,1
20,1000037192,1
20,1000037193,1
20,1000038122,1
20,1000038126,1
20,1000038127,1
20,1000038167,1
20,1000038169,1
20,1000038174,1
20,1000038177,1
20,1000038207,1
20,1000038209,1
20,1000038226,1
20,1000038227,1
20,1000039135,1
20,1000039211,1
20,1000039282,1
20,1000039284,1
20,1000039287,1
20,1000039288,1
20,1000039289,1
20,1000039292,1
20,1000039293,1
20,1000039313,1
20,1000039364,1
20,1000004411,1
20,1000004437,1
20,1000004476,1
20,1000004500,1
20,1000004526,1
20,1000004528,1
20,1000004637,1
20,1000004758,1
20,1000004870,1
20,1000004873,1
20,1000004881,1
20,1000006970,1
20,1000006972,1
20,1000006974,1
20,1000007075,1
20,1000007146,1
20,1000007367,1
20,1000007550,1
20,1000007571,1
20,1000007584,1
20,1000007615,1
20,1000007628,1
20,1000007954,1
20,1000007955,1
20,1000007956,1
20,1000007957,1
20,1000007958,1
20,1000007959,1
20,1000007960,1
20,1000007961,1
20,1000007962,1
20,1000007963,1
20,1000007964,1
20,1000008221,1
20,1000008262,1
20,1000008282,1
20,1000008283,1
20,1000008318,1
20,1000008353,1
20,1000008354,1
20,1000008403,1
20,1000008443,1
20,1000008493,1
20,1000008501,1
20,1000008589,1
20,1000008634,1
20,1000008689,1
20,1000008716,1
20,1000008718,1
20,1000008719,1
20,1000008720,1
20,1000008721,1
20,1000008739,1
20,1000008754,1
20,1000008761,1
20,1000009991,1
20,1000009992,1
20,1000009998,1
20,1000010080,1
20,1000010112,1
20,1000010122,1
20,1000010213,1
20,1000010214,1
20,1000010269,1
20,1000010278,1
20,1000010408,1
20,1000011815,1
20,1000011833,1
20,1000011834,1
20,1000011836,1
20,1000011843,1
20,1000011844,1
20,1000011845,1
20,1000011846,1
20,1000011847,1
20,1000011873,1
20,1000011889,1
20,1000012573,1
20,1000012632,1
20,1000012669,1
20,1000012670,1
20,1000012676,1
20,1000012677,1
20,1000012692,1
20,1000012713,1
20,1000012715,1
20,1000012772,1
20,1000012773,1
20,1000013459,1
20,1000013460,1
20,1000013461,1
20,1000013462,1
20,1000013463,1
20,1000013464,1
20,1000013660,1
20,1000013769,1
20,1000013771,1
20,1000013787,1
20,1000013811,1
20,1000016344,1
20,1000016346,1
20,1000016382,1
20,1000016385,1
20,1000016443,1
20,1000016478,1
20,1000016502,1
20,1000016519,1
20,1000016565,1
20,1000016590,1
20,1000016616,1
20,1000017731,1
20,1000017732,1
20,1000017738,1
20,1000017784,1
20,1000017811,1
20,1000017850,1
20,1000017851,1
20,1000017866,1
20,1000017960,1
20,1000017983,1
20,1000017987,1
20,1000018557,1
20,1000018609,1
20,1000018651,1
20,1000018655,1
20,1000018664,1
20,1000018669,1
20,1000018673,1
20,1000018800,1
20,1000018870,1
20,1000018890,1
20,1000018948,1
20,1000020042,1
20,1000020043,1
20,1000020077,1
20,1000020078,1
20,1000020108,1
20,1000020115,1
20,1000020116,1
20,1000020165,1
20,1000020179,1
20,1000020193,1
20,1000020198,1
20,1000021559,1
20,1000021574,1
20,1000021594,1
20,1000021629,1
20,1000021647,1
20,1000021658,1
20,1000021662,1
20,1000021664,1
20,1000021667,1
20,1000021688,1
20,1000021700,1
20,1000021868,1
20,1000021908,1
20,1000021998,1
20,1000022009,1
20,1000022017,1
20,1000022078,1
20,1000022094,1
20,1000022137,1
20,1000022139,1
20,1000022200,1
20,1000022253,1
20,1000023180,1
20,1000023208,1
20,1000023215,1
20,1000023305,1
20,1000023307,1
20,1000023364,1
20,1000023373,1
20,1000023380,1
20,1000023389,1
20,1000023414,1
20,1000023428,1
20,1000023972,1
20,1000023973,1
20,1000024006,1
20,1000024016,1
20,1000024018,1
20,1000024157,1
20,1000024202,1
20,1000024346,1
20,1000024369,1
20,1000024373,1
20,1000024516,1
20,1000027152,1
20,1000027153,1
20,1000027155,1
20,1000027183,1
20,1000027218,1
20,1000027222,1
20,1000027296,1
20,1000027409,1
20,1000027635,1
20,1000027672,1
20,1000027679,1
20,1000028632,1
20,1000028658,1
20,1000028691,1
20,1000028725,1
20,1000028727,1
20,1000028818,1
20,1000028891,1
20,1000028895,1
20,1000028909,1
20,1000028912,1
20,1000029004,1
20,1000030424,1
20,1000030430,1
20,1000030446,1
20,1000030450,1
20,1000030451,1
20,1000030495,1
20,1000030508,1
20,1000030545,1
20,1000030607,1
20,1000030725,1
20,1000030775,1
20,1000031166,1
20,1000031167,1
20,1000031168,1
20,1000031188,1
20,1000031214,1
20,1000031300,1
20,1000031306,1
20,1000031343,1
20,1000031554,1
20,1000031574,1
20,1000031727,1
20,1000032535,1
20,1000032544,1
20,1000032554,1
20,1000032579,1
20,1000032602,1
20,1000032609,1
20,1000032629,1
20,1000032630,1
20,1000032712,1
20,1000032770,1
20,1000032920,1
20,1000033588,1
20,1000033608,1
20,1000033609,1
20,1000033612,1
20,1000033621,1
20,1000033622,1
20,1000033640,1
20,1000033652,1
20,1000033655,1
20,1000033656,1
20,1000033682,1
20,1000034385,1
20,1000034386,1
20,1000034399,1
20,1000034446,1
20,1000034466,1
20,1000034569,1
20,1000034570,1
20,1000034573,1
20,1000034626,1
20,1000034628,1
20,1000034639,1
20,1000035335,1
20,1000035336,1
20,1000035385,1
20,1000035405,1
20,1000035409,1
20,1000035419,1
20,1000035420,1
20,1000035475,1
20,1000035480,1
20,1000035500,1
20,1000035563,1
20,1000036124,1
20,1000036127,1
20,1000036129,1
20,1000036130,1
20,1000036132,1
20,1000036159,1
20,1000036195,1
20,1000036210,1
20,1000036247,1
20,1000036261,1
20,1000036264,1
20,1000037312,1
20,1000037315,1
20,1000037318,1
20,1000037325,1
20,1000037338,1
20,1000037346,1
20,1000037377,1
20,1000037409,1
20,1000037410,1
20,1000037414,1
20,1000037428,1
20,1000038564,1
20,1000038573,1
20,1000038579,1
20,1000038615,1
20,1000038617,1
20,1000038625,1
20,1000038626,1
20,1000038627,1
20,1000038645,1
20,1000038655,1
20,1000038671,1
20,1000040470,1
20,1000040472,1
20,1000040473,1
20,1000040476,1
20,1000040506,1
20,1000040517,1
20,1000040519,1
20,1000040528,1
20,1000040533,1
20,1000040569,1
20,1000040620,1
20,1000041923,1
20,1000041937,1
20,1000041938,1
20,1000041946,1
20,1000041963,1
20,1000042009,1
20,1000042011,1
20,1000042012,1
20,1000042013,1
20,1000042027,1
20,1000042034,1
20,1000042531,1
20,1000042532,1
20,1000042535,1
20,1000042537,1
20,1000042576,1
20,1000042577,1
20,1000042578,1
20,1000042579,1
20,1000042593,1
20,1000042597,1
20,1000042608,1
20,1000043320,1
20,1000043321,1
20,1000043322,1
20,1000043323,1
20,1000043329,1
20,1000043366,1
20,1000043369,1
20,1000043417,1
20,1000043457,1
20,1000043458,1
20,1000043486,1
20,1000044399,1
20,1000044400,1
20,1000044401,1
20,1000044406,1
20,1000044407,1
20,1000044412,1
20,1000044449,1
20,1000044450,1
20,1000044455,1
20,1000044459,1
20,1000044470,1
20,1000045434,1
20,1000045437,1
20,1000045438,1
20,1000045440,1
20,1000045453,1
20,1000045540,1
20,1000045548,1
20,1000045564,1
20,1000045565,1
20,1000045566,1
20,1000045567,1
20,1000046068,1
20,1000046069,1
20,1000046071,1
20,1000046074,1
20,1000046075,1
20,1000046076,1
20,1000046077,1
20,1000046082,1
20,1000046083,1
20,1000046107,1
20,1000046111,1
20,1000046986,1
20,1000046991,1
20,1000046992,1
20,1000047020,1
20,1000047021,1
20,1000047067,1
20,1000047090,1
20,1000047092,1
20,1000047095,1
20,1000047102,1
20,1000047124,1
20,1000047691,1
20,1000047692,1
20,1000047693,1
20,1000047735,1
20,1000047746,1
20,1000047773,1
20,1000047819,1
20,1000047820,1
20,1000047903,1
20,1000047904,1
20,1000047911,1
20,1000048754,1
20,1000048756,1
20,1000048875,1
20,1000048879,1
20,1000048880,1
20,1000048913,1
20,1000048921,1
20,1000048935,1
20,1000048937,1
20,1000048954,1
20,1000048962,1
20,1000049864,1
20,1000049871,1
20,1000049902,1
20,1000049903,1
20,1000049918,1
20,1000049925,1
20,1000049930,1
20,1000049936,1
20,1000049939,1
20,1000049940,1
20,1000049941,1
20,1000050672,1
20,1000050678,1
20,1000050686,1
20,1000050722,1
20,1000050728,1
20,1000050736,1
20,1000050763,1
20,1000050765,1
20,1000050778,1
20,1000050779,1
20,1000050783,1
20,1000051505,1
20,1000051552,1
20,1000051565,1
20,1000051566,1
20,1000051567,1
20,1000051570,1
20,1000051571,1
20,1000051572,1
20,1000051574,1
20,1000051575,1
20,1000051596,1
20,1000052050,1
20,1000052057,1
20,1000052064,1
20,1000052090,1
20,1000052091,1
20,1000052100,1
20,1000052101,1
20,1000052105,1
20,1000052114,1
20,1000052162,1
20,1000052163,1
20,1000052680,1
20,1000052717,1
20,1000052719,1
20,1000052721,1
20,1000052728,1
20,1000052731,1
20,1000052732,1
20,1000052739,1
20,1000052741,1
20,1000052742,1
20,1000052753,1
20,1000053193,1
20,1000053194,1
20,1000053199,1
20,1000053207,1
20,1000053208,1
20,1000053221,1
20,1000053227,1
20,1000053228,1
20,1000053230,1
20,1000053235,1
20,1000053236,1
20,1000054013,1
20,1000054038,1
20,1000054039,1
20,1000054047,1
20,1000054049,1
20,1000054086,1
20,1000054087,1
20,1000054109,1
20,1000054110,1
20,1000054111,1
20,1000054115,1
20,1000054618,1
20,1000054619,1
20,1000054626,1
20,1000054627,1
20,1000054628,1
20,1000054631,1
20,1000054669,1
20,1000054678,1
20,1000054707,1
20,1000054708,1
20,1000054718,1
20,1000055359,1
20,1000055397,1
20,1000055419,1
20,1000055420,1
20,1000055437,1
20,1000055438,1
20,1000055451,1
20,1000055465,1
20,1000055466,1
20,1000055469,1
20,1000055470,1
20,1000056066,1
20,1000056071,1
20,1000056096,1
20,1000056097,1
20,1000056104,1
20,1000056111,1
20,1000056112,1
20,1000056147,1
20,1000056240,1
20,1000056260,1
20,1000056261,1
20,1000056793,1
20,1000056794,1
20,1000056795,1
20,1000056824,1
20,1000056825,1
20,1000056828,1
20,1000056829,1
20,1000056832,1
20,1000056877,1
20,1000056931,1
20,1000056942,1
20,1000057383,1
20,1000057384,1
20,1000057443,1
20,1000057483,1
20,1000057486,1
20,1000057489,1
20,1000057503,1
20,1000057524,1
20,1000057589,1
20,1000057694,1
20,1000057729,1
20,1000058267,1
20,1000058274,1
20,1000058276,1
20,1000058277,1
20,1000058278,1
20,1000058279,1
20,1000058282,1
20,1000058289,1
20,1000058300,1
20,1000058301,1
20,1000058303,1
20,1000058853,1
20,1000058874,1
20,1000058876,1
20,1000058877,1
20,1000058878,1
20,1000058884,1
20,1000058895,1
20,1000058956,1
20,1000058958,1
20,1000058979,1
20,1000058980,1
20,1000085288,1
20,1000085315,1
20,1000085329,1
20,1000085340,1
20,1000085354,1
20,1000085362,1
20,1000085364,1
20,1000085458,1
20,1000085463,1
20,1000085476,1
20,1000085477,1
20,1000086110,1
20,1000086112,1
20,1000086129,1
20,1000086137,1
20,1000086143,1
20,1000086144,1
20,1000086145,1
20,1000086178,1
20,1000086180,1
20,1000086184,1
20,1000086193,1
20,1000087749,1
20,1000087783,1
20,1000087838,1
20,1000087839,1
20,1000087848,1
20,1000087849,1
20,1000087850,1
20,1000087853,1
20,1000087857,1
20,1000087859,1
20,1000087975,1
20,1000088741,1
20,1000088742,1
20,1000088743,1
20,1000088749,1
20,1000088751,1
20,1000088768,1
20,1000088772,1
20,1000088783,1
20,1000088801,1
20,1000088836,1
20,1000088844,1
20,1000089659,1
20,1000089660,1
20,1000089676,1
20,1000089679,1
20,1000089681,1
20,1000089687,1
20,1000089689,1
20,1000089698,1
20,1000089721,1
20,1000089722,1
20,1000089780,1
20,1000090709,1
20,1000090724,1
20,1000090725,1
20,1000090726,1
20,1000090750,1
20,1000090755,1
20,1000090756,1
20,1000090763,1
20,1000090764,1
20,1000090774,1
20,1000090812,1
20,1000091509,1
20,1000091514,1
20,1000091515,1
20,1000091520,1
20,1000091522,1
20,1000091523,1
20,1000091524,1
20,1000091528,1
20,1000091577,1
20,1000091590,1
20,1000091591,1
20,1000092067,1
20,1000092076,1
20,1000092087,1
20,1000092102,1
20,1000092103,1
20,1000092104,1
20,1000092122,1
20,1000092128,1
20,1000092156,1
20,1000092163,1
20,1000092166,1
20,1000093502,1
20,1000093512,1
20,1000093537,1
20,1000093618,1
20,1000093649,1
20,1000093744,1
20,1000093759,1
20,1000093776,1
20,1000093777,1
20,1000093788,1
20,1000093815,1
20,1000094820,1
20,1000094821,1
20,1000094869,1
20,1000094870,1
20,1000094871,1
20,1000094884,1
20,1000094885,1
20,1000094903,1
20,1000094924,1
20,1000094928,1
20,1000094952,1
20,1000096003,1
20,1000096004,1
20,1000096014,1
20,1000096015,1
20,1000096019,1
20,1000096034,1
20,1000096073,1
20,1000096084,1
20,1000096085,1
20,1000096091,1
20,1000096096,1
20,1000097452,1
20,1000097453,1
20,1000097456,1
20,1000097470,1
20,1000097489,1
20,1000097490,1
20,1000097514,1
20,1000097517,1
20,1000097523,1
20,1000097537,1
20,1000097538,1
20,1000099563,1
20,1000099564,1
20,1000099565,1
20,1000099566,1
20,1000099567,1
20,1000099568,1
20,1000099569,1
20,1000099570,1
20,1000099571,1
20,1000099572,1
20,1000099591,1
20,1000101532,1
20,1000101557,1
20,1000101558,1
20,1000101563,1
20,1000101565,1
20,1000101576,1
20,1000101579,1
20,1000101580,1
20,1000101583,1
20,1000101584,1
20,1000101587,1
20,1000102604,1
20,1000102607,1
20,1000102614,1
20,1000102615,1
20,1000102623,1
20,1000102624,1
20,1000102698,1
20,1000102699,1
20,1000102724,1
20,1000102744,1
20,1000102745,1
20,1000103256,1
20,1000103274,1
20,1000103275,1
20,1000103277,1
20,1000103282,1
20,1000103286,1
20,1000103294,1
20,1000103299,1
20,1000103301,1
20,1000103306,1
20,1000103307,1
20,1000104849,1
20,1000104850,1
20,1000104851,1
20,1000104852,1
20,1000104853,1
20,1000104854,1
20,1000104870,1
20,1000104875,1
20,1000104876,1
20,1000104894,1
20,1000104912,1
20,1000105622,1
20,1000105636,1
20,1000105637,1
20,1000105638,1
20,1000105683,1
20,1000105685,1
20,1000105686,1
20,1000105687,1
20,1000105696,1
20,1000105698,1
20,1000105723,1
20,1000106370,1
20,1000106404,1
20,1000106419,1
20,1000106428,1
20,1000106463,1
20,1000106464,1
20,1000106494,1
20,1000106506,1
20,1000106507,1
20,1000106508,1
20,1000106509,1
20,1000107519,1
20,1000107535,1
20,1000107536,1
20,1000107537,1
20,1000107538,1
20,1000107576,1
20,1000107578,1
20,1000107601,1
20,1000107626,1
20,1000107632,1
20,1000107633,1
20,1000108509,1
20,1000108510,1
20,1000108511,1
20,1000108518,1
20,1000108544,1
20,1000108545,1
20,1000108558,1
20,1000108564,1
20,1000108565,1
20,1000108571,1
20,1000108573,1
20,1000109426,1
20,1000109430,1
20,1000109432,1
20,1000109433,1
20,1000109436,1
20,1000109437,1
20,1000109457,1
20,1000109458,1
20,1000109471,1
20,1000109479,1
20,1000109482,1
20,1000110451,1
20,1000110452,1
20,1000110456,1
20,1000110462,1
20,1000110474,1
20,1000110475,1
20,1000110476,1
20,1000110477,1
20,1000110478,1
20,1000110488,1
20,1000110492,1
20,1000111656,1
20,1000111657,1
20,1000111665,1
20,1000111667,1
20,1000111674,1
20,1000111676,1
20,1000111677,1
20,1000111678,1
20,1000111679,1
20,1000111687,1
20,1000111688,1
20,1000112594,1
20,1000112599,1
20,1000112601,1
20,1000112611,1
20,1000112613,1
20,1000112628,1
20,1000112629,1
20,1000112635,1
20,1000112637,1
20,1000112638,1
20,1000112639,1
20,1000114301,1
20,1000114318,1
20,1000114321,1
20,1000114359,1
20,1000114372,1
20,1000114373,1
20,1000114375,1
20,1000114380,1
20,1000114382,1
20,1000114383,1
20,1000114385,1
20,1000116017,1
20,1000116031,1
20,1000116047,1
20,1000116048,1
20,1000116049,1
20,1000116062,1
20,1000116066,1
20,1000116074,1
20,1000116095,1
20,1000116129,1
20,1000116152,1
20,1000118499,1
20,1000118503,1
20,1000118544,1
20,1000118600,1
20,1000118615,1
20,1000118618,1
20,1000118622,1
20,1000118623,1
20,1000118624,1
20,1000118637,1
20,1000118639,1
20,1000120387,1
20,1000120417,1
20,1000120418,1
20,1000120420,1
20,1000120468,1
20,1000120473,1
20,1000120493,1
20,1000120494,1
20,1000120495,1
20,1000120512,1
20,1000120536,1
20,1000121327,1
20,1000121347,1
20,1000121366,1
20,1000121367,1
20,1000121378,1
20,1000121383,1
20,1000121384,1
20,1000121411,1
20,1000121412,1
20,1000121427,1
20,1000121439,1
20,1000123109,1
20,1000123117,1
20,1000123118,1
20,1000123119,1
20,1000123121,1
20,1000123122,1
20,1000123132,1
20,1000123182,1
20,1000123191,1
20,1000123192,1
20,1000123205,1
20,1000039693,1
20,1000039723,1
20,1000039725,1
20,1000039727,1
20,1000039740,1
20,1000039779,1
20,1000039785,1
20,1000039808,1
20,1000039810,1
20,1000039880,1
20,1000039881,1
20,1000040627,1
20,1000040628,1
20,1000040629,1
20,1000040634,1
20,1000040661,1
20,1000040719,1
20,1000040721,1
20,1000040724,1
20,1000040725,1
20,1000040735,1
20,1000040746,1
20,1000041153,1
20,1000041158,1
20,1000041255,1
20,1000041256,1
20,1000041283,1
20,1000041284,1
20,1000041315,1
20,1000041316,1
20,1000041346,1
20,1000041347,1
20,1000041369,1
20,1000041655,1
20,1000041676,1
20,1000041681,1
20,1000041705,1
20,1000041717,1
20,1000041718,1
20,1000041719,1
20,1000041728,1
20,1000041729,1
20,1000041734,1
20,1000041739,1
20,1000042210,1
20,1000042226,1
20,1000042266,1
20,1000042269,1
20,1000042297,1
20,1000042330,1
20,1000042331,1
20,1000042334,1
20,1000042337,1
20,1000042339,1
20,1000042341,1
20,1000042988,1
20,1000042989,1
20,1000042990,1
20,1000043016,1
20,1000043017,1
20,1000043020,1
20,1000043046,1
20,1000043097,1
20,1000043177,1
20,1000043178,1
20,1000043180,1
20,1000043961,1
20,1000043971,1
20,1000044011,1
20,1000044013,1
20,1000044017,1
20,1000044018,1
20,1000044021,1
20,1000044027,1
20,1000044036,1
20,1000044070,1
20,1000044077,1
20,1000044710,1
20,1000044715,1
20,1000044757,1
20,1000044770,1
20,1000044773,1
20,1000044782,1
20,1000044838,1
20,1000044854,1
20,1000044916,1
20,1000044952,1
20,1000044979,1
20,1000046187,1
20,1000046189,1
20,1000046198,1
20,1000046209,1
20,1000046218,1
20,1000046242,1
20,1000046264,1
20,1000046265,1
20,1000046266,1
20,1000046268,1
20,1000046272,1
20,1000046619,1
20,1000046620,1
20,1000046626,1
20,1000046705,1
20,1000046741,1
20,1000046757,1
20,1000046759,1
20,1000046795,1
20,1000046825,1
20,1000046836,1
20,1000046838,1
20,1000047541,1
20,1000047575,1
20,1000047583,1
20,1000047585,1
20,1000047586,1
20,1000047591,1
20,1000047598,1
20,1000047655,1
20,1000047656,1
20,1000047657,1
20,1000047662,1
20,1000048385,1
20,1000048386,1
20,1000048407,1
20,1000048431,1
20,1000048443,1
20,1000048446,1
20,1000048448,1
20,1000048477,1
20,1000048478,1
20,1000048499,1
20,1000048500,1
20,1000049491,1
20,1000049493,1
20,1000049494,1
20,1000049495,1
20,1000049504,1
20,1000049582,1
20,1000049616,1
20,1000049625,1
20,1000049633,1
20,1000049635,1
20,1000049640,1
20,1000050131,1
20,1000050157,1
20,1000050224,1
20,1000050242,1
20,1000050261,1
20,1000050262,1
20,1000050281,1
20,1000050290,1
20,1000050291,1
20,1000050307,1
20,1000050316,1
20,1000050909,1
20,1000050924,1
20,1000050925,1
20,1000050926,1
20,1000050927,1
20,1000050933,1
20,1000050934,1
20,1000050935,1
20,1000050936,1
20,1000050943,1
20,1000050951,1
20,1000051618,1
20,1000051619,1
20,1000051623,1
20,1000051643,1
20,1000051646,1
20,1000051647,1
20,1000051648,1
20,1000051651,1
20,1000051652,1
20,1000051653,1
20,1000051654,1
20,1000052165,1
20,1000052181,1
20,1000052194,1
20,1000052243,1
20,1000052257,1
20,1000052264,1
20,1000052265,1
20,1000052268,1
20,1000052276,1
20,1000052287,1
20,1000052289,1
20,1000052754,1
20,1000052755,1
20,1000052772,1
20,1000052773,1
20,1000052776,1
20,1000052777,1
20,1000052780,1
20,1000052794,1
20,1000052821,1
20,1000052831,1
20,1000052832,1
20,1000053241,1
20,1000053275,1
20,1000053298,1
20,1000053315,1
20,1000053328,1
20,1000053339,1
20,1000053341,1
20,1000053349,1
20,1000053428,1
20,1000053444,1
20,1000053449,1
20,1000054116,1
20,1000054161,1
20,1000054163,1
20,1000054167,1
20,1000054177,1
20,1000054185,1
20,1000054186,1
20,1000054187,1
20,1000054188,1
20,1000054189,1
20,1000054190,1
20,1000054782,1
20,1000054840,1
20,1000054841,1
20,1000054842,1
20,1000054845,1
20,1000054846,1
20,1000054860,1
20,1000054881,1
20,1000054882,1
20,1000054884,1
20,1000054885,1
20,1000055487,1
20,1000055529,1
20,1000055537,1
20,1000055544,1
20,1000055545,1
20,1000055546,1
20,1000055547,1
20,1000055549,1
20,1000055561,1
20,1000055562,1
20,1000055574,1
20,1000056263,1
20,1000056264,1
20,1000056307,1
20,1000056424,1
20,1000056425,1
20,1000056434,1
20,1000056436,1
20,1000056442,1
20,1000056443,1
20,1000056444,1
20,1000056445,1
20,1000056944,1
20,1000056951,1
20,1000056953,1
20,1000056957,1
20,1000056976,1
20,1000056982,1
20,1000056984,1
20,1000056987,1
20,1000056988,1
20,1000056989,1
20,1000056990,1
20,1000057743,1
20,1000057777,1
20,1000057779,1
20,1000057781,1
20,1000057782,1
20,1000057783,1
20,1000057784,1
20,1000057785,1
20,1000057786,1
20,1000057787,1
20,1000057792,1
20,1000058156,1
20,1000058158,1
20,1000058211,1
20,1000058219,1
20,1000058221,1
20,1000058241,1
20,1000058244,1
20,1000058251,1
20,1000058253,1
20,1000058260,1
20,1000058261,1
20,1000058646,1
20,1000058671,1
20,1000058672,1
20,1000058676,1
20,1000058680,1
20,1000058730,1
20,1000058744,1
20,1000058745,1
20,1000058749,1
20,1000058770,1
20,1000058810,1
20,1000085896,1
20,1000085897,1
20,1000085920,1
20,1000085927,1
20,1000085929,1
20,1000085931,1
20,1000085946,1
20,1000085949,1
20,1000085970,1
20,1000085982,1
20,1000085988,1
20,1000087281,1
20,1000087309,1
20,1000087310,1
20,1000087317,1
20,1000087347,1
20,1000087349,1
20,1000087350,1
20,1000087353,1
20,1000087356,1
20,1000087432,1
20,1000087434,1
20,1000089233,1
20,1000089234,1
20,1000089242,1
20,1000089284,1
20,1000089287,1
20,1000089314,1
20,1000089317,1
20,1000089320,1
20,1000089321,1
20,1000089325,1
20,1000089346,1
20,1000090828,1
20,1000090830,1
20,1000090834,1
20,1000090916,1
20,1000090922,1
20,1000090927,1
20,1000090936,1
20,1000090945,1
20,1000090952,1
20,1000090956,1
20,1000090958,1
20,1000091964,1
20,1000091966,1
20,1000091973,1
20,1000091977,1
20,1000091987,1
20,1000092017,1
20,1000092019,1
20,1000092054,1
20,1000092057,1
20,1000092062,1
20,1000092066,1
20,1000092860,1
20,1000092871,1
20,1000092899,1
20,1000092938,1
20,1000092939,1
20,1000092975,1
20,1000092982,1
20,1000093008,1
20,1000093009,1
20,1000093011,1
20,1000093015,1
20,1000093986,1
20,1000093996,1
20,1000094002,1
20,1000094006,1
20,1000094007,1
20,1000094010,1
20,1000094019,1
20,1000094020,1
20,1000094054,1
20,1000094055,1
20,1000094056,1
20,1000095570,1
20,1000095583,1
20,1000095584,1
20,1000095606,1
20,1000095630,1
20,1000095632,1
20,1000095652,1
20,1000095655,1
20,1000095657,1
20,1000095666,1
20,1000095667,1
20,1000097695,1
20,1000097696,1
20,1000097697,1
20,1000097698,1
20,1000097708,1
20,1000097709,1
20,1000097710,1
20,1000097711,1
20,1000097715,1
20,1000097716,1
20,1000097764,1
20,1000099309,1
20,1000099317,1
20,1000099320,1
20,1000099324,1
20,1000099364,1
20,1000099365,1
20,1000099366,1
20,1000099367,1
20,1000099410,1
20,1000099412,1
20,1000099433,1
20,1000100920,1
20,1000100926,1
20,1000100941,1
20,1000100951,1
20,1000100955,1
20,1000100956,1
20,1000100957,1
20,1000100958,1
20,1000100960,1
20,1000100985,1
20,1000101017,1
20,1000104040,1
20,1000104049,1
20,1000104054,1
20,1000104055,1
20,1000104061,1
20,1000104064,1
20,1000104065,1
20,1000104066,1
20,1000104077,1
20,1000104083,1
20,1000104089,1
20,1000105898,1
20,1000105902,1
20,1000105908,1
20,1000105918,1
20,1000105929,1
20,1000106000,1
20,1000106001,1
20,1000106003,1
20,1000106005,1
20,1000106006,1
20,1000106009,1
20,1000106649,1
20,1000106655,1
20,1000106656,1
20,1000106660,1
20,1000106695,1
20,1000106696,1
20,1000106697,1
20,1000106707,1
20,1000106713,1
20,1000106752,1
20,1000106773,1
20,1000107432,1
20,1000107433,1
20,1000107463,1
20,1000107465,1
20,1000107468,1
20,1000107469,1
20,1000107472,1
20,1000107477,1
20,1000107479,1
20,1000107500,1
20,1000107510,1
20,1000108046,1
20,1000108047,1
20,1000108055,1
20,1000108078,1
20,1000108080,1
20,1000108083,1
20,1000108084,1
20,1000108088,1
20,1000108090,1
20,1000108094,1
20,1000108156,1
20,1000109369,1
20,1000109371,1
20,1000109372,1
20,1000109381,1
20,1000109394,1
20,1000109396,1
20,1000109412,1
20,1000109413,1
20,1000109415,1
20,1000109419,1
20,1000109424,1
20,1000110553,1
20,1000110555,1
20,1000110556,1
20,1000110557,1
20,1000110561,1
20,1000110562,1
20,1000110565,1
20,1000110599,1
20,1000110600,1
20,1000110620,1
20,1000110629,1
20,1000111081,1
20,1000111110,1
20,1000111125,1
20,1000111136,1
20,1000111137,1
20,1000111139,1
20,1000111142,1
20,1000111156,1
20,1000111158,1
20,1000111169,1
20,1000111272,1
20,1000112118,1
20,1000112119,1
20,1000112137,1
20,1000112152,1
20,1000112153,1
20,1000112154,1
20,1000112200,1
20,1000112201,1
20,1000112210,1
20,1000112225,1
20,1000112234,1
20,1000113012,1
20,1000113013,1
20,1000113023,1
20,1000113024,1
20,1000113025,1
20,1000113026,1
20,1000113027,1
20,1000113028,1
20,1000113035,1
20,1000113062,1
20,1000113064,1
20,1000113841,1
20,1000113843,1
20,1000113844,1
20,1000113858,1
20,1000113864,1
20,1000113865,1
20,1000113866,1
20,1000113867,1
20,1000113872,1
20,1000113880,1
20,1000113881,1
20,1000114196,1
20,1000114221,1
20,1000114237,1
20,1000114252,1
20,1000114265,1
20,1000114269,1
20,1000114270,1
20,1000114271,1
20,1000114281,1
20,1000114291,1
20,1000114298,1
20,1000114837,1
20,1000114847,1
20,1000114848,1
20,1000114851,1
20,1000114852,1
20,1000114853,1
20,1000114856,1
20,1000114862,1
20,1000114872,1
20,1000114873,1
20,1000114883,1
20,1000115742,1
20,1000115746,1
20,1000115756,1
20,1000115757,1
20,1000115764,1
20,1000115774,1
20,1000115775,1
20,1000115776,1
20,1000115780,1
20,1000115800,1
20,1000115801,1
20,1000116487,1
20,1000116501,1
20,1000116507,1
20,1000116511,1
20,1000116513,1
20,1000116519,1
20,1000116520,1
20,1000116521,1
20,1000116531,1
20,1000116533,1
20,1000116534,1
20,1000117845,1
20,1000117846,1
20,1000117852,1
20,1000117876,1
20,1000117877,1
20,1000117884,1
20,1000117900,1
20,1000117901,1
20,1000117902,1
20,1000117903,1
20,1000117931,1
20,1000118767,1
20,1000118772,1
20,1000118824,1
20,1000118836,1
20,1000118844,1
20,1000118845,1
20,1000118850,1
20,1000118861,1
20,1000118877,1
20,1000118878,1
20,1000118879,1
20,1000120901,1
20,1000120944,1
20,1000120945,1
20,1000120951,1
20,1000120953,1
20,1000120959,1
20,1000120960,1
20,1000120977,1
20,1000120978,1
20,1000120980,1
20,1000120981,1
20,1000121969,1
20,1000121974,1
20,1000121976,1
20,1000121979,1
20,1000121980,1
20,1000121981,1
20,1000121982,1
20,1000121983,1
20,1000121984,1
20,1000122027,1
20,1000122028,1
20,1000122803,1
20,1000122853,1
20,1000122854,1
20,1000122872,1
20,1000122873,1
20,1000122892,1
20,1000122906,1
20,1000122907,1
20,1000122908,1
20,1000122933,1
20,1000122934,1
20,1000124090,1
20,1000124114,1
20,1000124127,1
20,1000124128,1
20,1000124140,1
20,1000124143,1
20,1000124146,1
20,1000124147,1
20,1000124182,1
20,1000124183,1
20,1000124221,1
20,1000125091,1
20,1000125092,1
20,1000125093,1
20,1000125094,1
20,1000125095,1
20,1000125096,1
20,1000125097,1
20,1000125105,1
20,1000125118,1
20,1000125119,1
20,1000125133,1
20,1000126780,1
20,1000126781,1
20,1000126800,1
20,1000126876,1
20,1000126877,1
20,1000126878,1
20,1000126879,1
20,1000126983,1
20,1000126998,1
20,1000126999,1
20,1000127026,1
20,1000039365,1
20,1000039366,1
20,1000039421,1
20,1000039427,1
20,1000039475,1
20,1000039494,1
20,1000039614,1
20,1000039628,1
20,1000039641,1
20,1000039644,1
20,1000039690,1
20,1000040295,1
20,1000040311,1
20,1000040312,1
20,1000040325,1
20,1000040326,1
20,1000040329,1
20,1000040428,1
20,1000040431,1
20,1000040449,1
20,1000040453,1
20,1000040464,1
20,1000040981,1
20,1000041044,1
20,1000041045,1
20,1000041051,1
20,1000041052,1
20,1000041079,1
20,1000041089,1
20,1000041090,1
20,1000041105,1
20,1000041126,1
20,1000041128,1
20,1000041552,1
20,1000041559,1
20,1000041569,1
20,1000041572,1
20,1000041573,1
20,1000041574,1
20,1000041585,1
20,1000041637,1
20,1000041638,1
20,1000041639,1
20,1000041650,1
20,1000042045,1
20,1000042049,1
20,1000042050,1
20,1000042057,1
20,1000042090,1
20,1000042091,1
20,1000042117,1
20,1000042120,1
20,1000042133,1
20,1000042194,1
20,1000042205,1
20,1000042630,1
20,1000042676,1
20,1000042678,1
20,1000042692,1
20,1000042726,1
20,1000042734,1
20,1000042758,1
20,1000042775,1
20,1000042776,1
20,1000042800,1
20,1000042829,1
20,1000043489,1
20,1000043494,1
20,1000043520,1
20,1000043581,1
20,1000043616,1
20,1000043636,1
20,1000043638,1
20,1000043726,1
20,1000043754,1
20,1000043755,1
20,1000043756,1
20,1000044214,1
20,1000044215,1
20,1000044216,1
20,1000044268,1
20,1000044271,1
20,1000044298,1
20,1000044306,1
20,1000044366,1
20,1000044374,1
20,1000044392,1
20,1000044398,1
20,1000045199,1
20,1000045234,1
20,1000045236,1
20,1000045244,1
20,1000045249,1
20,1000045266,1
20,1000045267,1
20,1000045297,1
20,1000045394,1
20,1000045395,1
20,1000045404,1
20,1000045719,1
20,1000045724,1
20,1000045732,1
20,1000045733,1
20,1000045738,1
20,1000045743,1
20,1000045745,1
20,1000045765,1
20,1000045766,1
20,1000045786,1
20,1000045825,1
20,1000046392,1
20,1000046437,1
20,1000046483,1
20,1000046484,1
20,1000046485,1
20,1000046513,1
20,1000046558,1
20,1000046589,1
20,1000046592,1
20,1000046596,1
20,1000046597,1
20,1000047163,1
20,1000047164,1
20,1000047166,1
20,1000047167,1
20,1000047178,1
20,1000047190,1
20,1000047241,1
20,1000047280,1
20,1000047282,1
20,1000047283,1
20,1000047301,1
20,1000048259,1
20,1000048273,1
20,1000048283,1
20,1000048285,1
20,1000048301,1
20,1000048342,1
20,1000048345,1
20,1000048347,1
20,1000048348,1
20,1000048353,1
20,1000048375,1
20,1000049056,1
20,1000049059,1
20,1000049066,1
20,1000049095,1
20,1000049120,1
20,1000049130,1
20,1000049158,1
20,1000049164,1
20,1000049210,1
20,1000049211,1
20,1000049219,1
20,1000049942,1
20,1000049943,1
20,1000049949,1
20,1000049971,1
20,1000049972,1
20,1000050005,1
20,1000050012,1
20,1000050015,1
20,1000050041,1
20,1000050058,1
20,1000050103,1
20,1000050789,1
20,1000050812,1
20,1000050813,1
20,1000050814,1
20,1000050816,1
20,1000050817,1
20,1000050838,1
20,1000050844,1
20,1000050860,1
20,1000050898,1
20,1000050899,1
20,1000051190,1
20,1000051191,1
20,1000051197,1
20,1000051200,1
20,1000051267,1
20,1000051273,1
20,1000051274,1
20,1000051382,1
20,1000051422,1
20,1000051436,1
20,1000051485,1
20,1000051757,1
20,1000051759,1
20,1000051812,1
20,1000051858,1
20,1000051871,1
20,1000051873,1
20,1000051874,1
20,1000051876,1
20,1000051877,1
20,1000051878,1
20,1000051880,1
20,1000052438,1
20,1000052439,1
20,1000052440,1
20,1000052441,1
20,1000052445,1
20,1000052448,1
20,1000052450,1
20,1000052464,1
20,1000052471,1
20,1000052484,1
20,1000052511,1
20,1000053002,1
20,1000053022,1
20,1000053023,1
20,1000053057,1
20,1000053065,1
20,1000053066,1
20,1000053120,1
20,1000053125,1
20,1000053126,1
20,1000053132,1
20,1000053185,1
20,1000053870,1
20,1000053898,1
20,1000053909,1
20,1000053910,1
20,1000053944,1
20,1000053948,1
20,1000053985,1
20,1000053995,1
20,1000053996,1
20,1000054005,1
20,1000054012,1
20,1000054456,1
20,1000054459,1
20,1000054463,1
20,1000054482,1
20,1000054526,1
20,1000054531,1
20,1000054541,1
20,1000054574,1
20,1000054575,1
20,1000054580,1
20,1000054585,1
20,1000055122,1
20,1000055123,1
20,1000055124,1
20,1000055128,1
20,1000055144,1
20,1000055170,1
20,1000055171,1
20,1000055180,1
20,1000055184,1
20,1000055188,1
20,1000055237,1
20,1000055720,1
20,1000055778,1
20,1000055825,1
20,1000055836,1
20,1000055837,1
20,1000055866,1
20,1000055867,1
20,1000055889,1
20,1000055900,1
20,1000055902,1
20,1000055903,1
20,1000056599,1
20,1000056602,1
20,1000056618,1
20,1000056623,1
20,1000056624,1
20,1000056628,1
20,1000056630,1
20,1000056631,1
20,1000056634,1
20,1000056635,1
20,1000056636,1
20,1000057101,1
20,1000057128,1
20,1000057167,1
20,1000057168,1
20,1000057187,1
20,1000057189,1
20,1000057190,1
20,1000057222,1
20,1000057243,1
20,1000057244,1
20,1000057251,1
20,1000057938,1
20,1000057939,1
20,1000057945,1
20,1000057947,1
20,1000057961,1
20,1000058095,1
20,1000058098,1
20,1000058100,1
20,1000058101,1
20,1000058117,1
20,1000058123,1
20,1000058399,1
20,1000058436,1
20,1000058458,1
20,1000058459,1
20,1000058488,1
20,1000058490,1
20,1000058492,1
20,1000058519,1
20,1000058521,1
20,1000058524,1
20,1000058525,1
20,1000058987,1
20,1000059008,1
20,1000059041,1
20,1000059119,1
20,1000059123,1
20,1000059127,1
20,1000059128,1
20,1000059129,1
20,1000059130,1
20,1000059131,1
20,1000059141,1
20,1000084827,1
20,1000084828,1
20,1000084829,1
20,1000084830,1
20,1000084831,1
20,1000084855,1
20,1000084869,1
20,1000084873,1
20,1000084874,1
20,1000084875,1
20,1000084876,1
20,1000086662,1
20,1000086688,1
20,1000086691,1
20,1000086692,1
20,1000086695,1
20,1000086697,1
20,1000086706,1
20,1000086707,1
20,1000086709,1
20,1000086724,1
20,1000086725,1
20,1000089460,1
20,1000089479,1
20,1000089491,1
20,1000089503,1
20,1000089504,1
20,1000089558,1
20,1000089559,1
20,1000089566,1
20,1000089580,1
20,1000089585,1
20,1000089645,1
20,1000090528,1
20,1000090529,1
20,1000090530,1
20,1000090549,1
20,1000090550,1
20,1000090570,1
20,1000090571,1
20,1000090585,1
20,1000090588,1
20,1000090600,1
20,1000090623,1
20,1000092168,1
20,1000092169,1
20,1000092173,1
20,1000092206,1
20,1000092207,1
20,1000092208,1
20,1000092229,1
20,1000092230,1
20,1000092243,1
20,1000092247,1
20,1000092248,1
20,1000093122,1
20,1000093142,1
20,1000093143,1
20,1000093159,1
20,1000093199,1
20,1000093203,1
20,1000093204,1
20,1000093208,1
20,1000093209,1
20,1000093210,1
20,1000093211,1
20,1000094626,1
20,1000094656,1
20,1000094657,1
20,1000094658,1
20,1000094720,1
20,1000094721,1
20,1000094743,1
20,1000094750,1
20,1000094752,1
20,1000094759,1
20,1000094765,1
20,1000098145,1
20,1000098146,1
20,1000098180,1
20,1000098184,1
20,1000098188,1
20,1000098218,1
20,1000098219,1
20,1000098221,1
20,1000098222,1
20,1000098224,1
20,1000098243,1
20,1000098725,1
20,1000098726,1
20,1000098727,1
20,1000098728,1
20,1000098729,1
20,1000098747,1
20,1000098749,1
20,1000098753,1
20,1000098787,1
20,1000098812,1
20,1000098813,1
20,1000102241,1
20,1000102242,1
20,1000102245,1
20,1000102248,1
20,1000102256,1
20,1000102257,1
20,1000102258,1
20,1000102259,1
20,1000102267,1
20,1000102315,1
20,1000102316,1
20,1000104269,1
20,1000104292,1
20,1000104293,1
20,1000104314,1
20,1000104315,1
20,1000104320,1
20,1000104321,1
20,1000104332,1
20,1000104334,1
20,1000104355,1
20,1000104359,1
20,1000107129,1
20,1000107133,1
20,1000107134,1
20,1000107138,1
20,1000107149,1
20,1000107158,1
20,1000107159,1
20,1000107169,1
20,1000107192,1
20,1000107234,1
20,1000107238,1
20,1000108831,1
20,1000108832,1
20,1000108834,1
20,1000108836,1
20,1000108837,1
20,1000108847,1
20,1000108851,1
20,1000108872,1
20,1000108873,1
20,1000108884,1
20,1000108885,1
20,1000110249,1
20,1000110250,1
20,1000110292,1
20,1000110293,1
20,1000110300,1
20,1000110336,1
20,1000110350,1
20,1000110352,1
20,1000110375,1
20,1000110378,1
20,1000110379,1
20,1000111517,1
20,1000111525,1
20,1000111530,1
20,1000111536,1
20,1000111570,1
20,1000111594,1
20,1000111595,1
20,1000111596,1
20,1000111609,1
20,1000111632,1
20,1000111634,1
20,1000113474,1
20,1000113475,1
20,1000113483,1
20,1000113492,1
20,1000113533,1
20,1000113542,1
20,1000113544,1
20,1000113545,1
20,1000113547,1
20,1000113588,1
20,1000113620,1
20,1000114148,1
20,1000114151,1
20,1000114164,1
20,1000114165,1
20,1000114166,1
20,1000114171,1
20,1000114174,1
20,1000114192,1
20,1000114193,1
20,1000114194,1
20,1000114195,1
20,1000115947,1
20,1000115956,1
20,1000115966,1
20,1000115971,1
20,1000115972,1
20,1000115986,1
20,1000115987,1
20,1000116009,1
20,1000116010,1
20,1000116015,1
20,1000116016,1
20,1000117139,1
20,1000117140,1
20,1000117141,1
20,1000117168,1
20,1000117174,1
20,1000117182,1
20,1000117183,1
20,1000117186,1
20,1000117193,1
20,1000117206,1
20,1000117232,1
20,1000117979,1
20,1000117982,1
20,1000118006,1
20,1000118007,1
20,1000118017,1
20,1000118027,1
20,1000118067,1
20,1000118081,1
20,1000118082,1
20,1000118110,1
20,1000118111,1
20,1000119195,1
20,1000119205,1
20,1000119210,1
20,1000119235,1
20,1000119236,1
20,1000119301,1
20,1000119304,1
20,1000119306,1
20,1000119380,1
20,1000119402,1
20,1000119408,1
20,1000122188,1
20,1000122189,1
20,1000122190,1
20,1000122196,1
20,1000122197,1
20,1000122203,1
20,1000122204,1
20,1000122249,1
20,1000122262,1
20,1000122287,1
20,1000122290,1
20,1000125317,1
20,1000125336,1
20,1000125339,1
20,1000125346,1
20,1000125347,1
20,1000125348,1
20,1000125349,1
20,1000125350,1
20,1000125351,1
20,1000125358,1
20,1000125359,1
20,1000126632,1
20,1000126633,1
20,1000126651,1
20,1000126654,1
20,1000126682,1
20,1000126683,1
20,1000126721,1
20,1000126727,1
20,1000126740,1
20,1000126741,1
20,1000126742,1
20,1000004912,1
20,1000004933,1
20,1000005028,1
20,1000005040,1
20,1000005145,1
20,1000005149,1
20,1000005174,1
20,1000005219,1
20,1000005280,1
20,1000005297,1
20,1000005421,1
20,1000006063,1
20,1000006262,1
20,1000006263,1
20,1000006323,1
20,1000006325,1
20,1000006368,1
20,1000006396,1
20,1000006664,1
20,1000006685,1
20,1000006730,1
20,1000006732,1
20,1000007939,1
20,1000007940,1
20,1000007941,1
20,1000007942,1
20,1000007943,1
20,1000007944,1
20,1000007945,1
20,1000007946,1
20,1000007947,1
20,1000007951,1
20,1000007952,1
20,1000008053,1
20,1000008054,1
20,1000008055,1
20,1000008056,1
20,1000008057,1
20,1000008058,1
20,1000008059,1
20,1000008060,1
20,1000008090,1
20,1000008094,1
20,1000008180,1
20,1000009085,1
20,1000009109,1
20,1000009111,1
20,1000009125,1
20,1000009126,1
20,1000009200,1
20,1000009205,1
20,1000009206,1
20,1000009307,1
20,1000009310,1
20,1000009360,1
20,1000011145,1
20,1000011231,1
20,1000011256,1
20,1000011293,1
20,1000011294,1
20,1000011357,1
20,1000011431,1
20,1000011432,1
20,1000011433,1
20,1000011436,1
20,1000011442,1
20,1000012105,1
20,1000012106,1
20,1000012115,1
20,1000012116,1
20,1000012142,1
20,1000012147,1
20,1000012183,1
20,1000012199,1
20,1000012243,1
20,1000012244,1
20,1000012301,1
20,1000012774,1
20,1000012775,1
20,1000012797,1
20,1000012830,1
20,1000013104,1
20,1000013107,1
20,1000013110,1
20,1000013111,1
20,1000013115,1
20,1000013142,1
20,1000013145,1
20,1000015700,1
20,1000015728,1
20,1000015810,1
20,1000016014,1
20,1000016068,1
20,1000016069,1
20,1000016072,1
20,1000016086,1
20,1000016182,1
20,1000016185,1
20,1000016223,1
20,1000017988,1
20,1000018009,1
20,1000018024,1
20,1000018050,1
20,1000018097,1
20,1000018098,1
20,1000018099,1
20,1000018156,1
20,1000018183,1
20,1000018210,1
20,1000018215,1
20,1000019230,1
20,1000019338,1
20,1000019392,1
20,1000019447,1
20,1000019449,1
20,1000019529,1
20,1000019534,1
20,1000019562,1
20,1000019563,1
20,1000019564,1
20,1000019603,1
20,1000020199,1
20,1000020200,1
20,1000020272,1
20,1000020278,1
20,1000020306,1
20,1000020348,1
20,1000020354,1
20,1000020440,1
20,1000020460,1
20,1000020477,1
20,1000020580,1
20,1000021753,1
20,1000021780,1
20,1000021788,1
20,1000021822,1
20,1000021828,1
20,1000021829,1
20,1000021847,1
20,1000021848,1
20,1000021851,1
20,1000021852,1
20,1000021867,1
20,1000022596,1
20,1000022695,1
20,1000022721,1
20,1000022722,1
20,1000022723,1
20,1000022724,1
20,1000022761,1
20,1000022762,1
20,1000022766,1
20,1000022814,1
20,1000022815,1
20,1000023429,1
20,1000023461,1
20,1000023462,1
20,1000023463,1
20,1000023464,1
20,1000023515,1
20,1000023516,1
20,1000023641,1
20,1000023671,1
20,1000023767,1
20,1000023789,1
20,1000025534,1
20,1000025537,1
20,1000025785,1
20,1000025787,1
20,1000025851,1
20,1000025924,1
20,1000025964,1
20,1000026030,1
20,1000026047,1
20,1000026048,1
20,1000026049,1
20,1000026539,1
20,1000026559,1
20,1000026598,1
20,1000026600,1
20,1000026601,1
20,1000026677,1
20,1000026826,1
20,1000026831,1
20,1000026900,1
20,1000026912,1
20,1000026932,1
20,1000028296,1
20,1000028313,1
20,1000028329,1
20,1000028333,1
20,1000028341,1
20,1000028376,1
20,1000028538,1
20,1000028539,1
20,1000028540,1
20,1000028575,1
20,1000028623,1
20,1000029976,1
20,1000030027,1
20,1000030029,1
20,1000030053,1
20,1000030054,1
20,1000030150,1
20,1000030151,1
20,1000030157,1
20,1000030158,1
20,1000030160,1
20,1000030161,1
20,1000030781,1
20,1000030818,1
20,1000030821,1
20,1000030826,1
20,1000030827,1
20,1000030836,1
20,1000030840,1
20,1000030841,1
20,1000030842,1
20,1000030880,1
20,1000030883,1
20,1000032298,1
20,1000032365,1
20,1000032375,1
20,1000032376,1
20,1000032388,1
20,1000032421,1
20,1000032445,1
20,1000032458,1
20,1000032477,1
20,1000032478,1
20,1000032498,1
20,1000033488,1
20,1000033489,1
20,1000033512,1
20,1000033515,1
20,1000033516,1
20,1000033524,1
20,1000033529,1
20,1000033530,1
20,1000033533,1
20,1000033540,1
20,1000033586,1
20,1000033949,1
20,1000033993,1
20,1000033994,1
20,1000034018,1
20,1000034019,1
20,1000034039,1
20,1000034040,1
20,1000034045,1
20,1000034062,1
20,1000034104,1
20,1000034105,1
20,1000034779,1
20,1000034834,1
20,1000034835,1
20,1000034854,1
20,1000034909,1
20,1000034923,1
20,1000034960,1
20,1000034975,1
20,1000034996,1
20,1000034998,1
20,1000035007,1
20,1000036275,1
20,1000036364,1
20,1000036375,1
20,1000036415,1
20,1000036426,1
20,1000036462,1
20,1000036490,1
20,1000036506,1
20,1000036507,1
20,1000036533,1
20,1000036570,1
20,1000037201,1
20,1000037207,1
20,1000037215,1
20,1000037246,1
20,1000037249,1
20,1000037250,1
20,1000037267,1
20,1000037288,1
20,1000037297,1
20,1000037298,1
20,1000037300,1
20,1000037876,1
20,1000037877,1
20,1000037920,1
20,1000037922,1
20,1000037926,1
20,1000037927,1
20,1000037928,1
20,1000037979,1
20,1000038086,1
20,1000038087,1
20,1000038093,1
20,1000038880,1
20,1000038886,1
20,1000038899,1
20,1000038901,1
20,1000038955,1
20,1000039006,1
20,1000039018,1
20,1000039019,1
20,1000039097,1
20,1000039106,1
20,1000039134,1
20,1000039897,1
20,1000039906,1
20,1000039909,1
20,1000039911,1
20,1000039927,1
20,1000039929,1
20,1000039972,1
20,1000039976,1
20,1000040073,1
20,1000040091,1
20,1000040096,1
20,1000040771,1
20,1000040798,1
20,1000040842,1
20,1000040847,1
20,1000040930,1
20,1000040931,1
20,1000040936,1
20,1000040964,1
20,1000040965,1
20,1000040977,1
20,1000040978,1
20,1000041370,1
20,1000041371,1
20,1000041372,1
20,1000041455,1
20,1000041456,1
20,1000041467,1
20,1000041508,1
20,1000041528,1
20,1000041531,1
20,1000041532,1
20,1000041547,1
20,1000041791,1
20,1000041793,1
20,1000041794,1
20,1000041821,1
20,1000041828,1
20,1000041829,1
20,1000041840,1
20,1000041844,1
20,1000041875,1
20,1000041876,1
20,1000041886,1
20,1000042365,1
20,1000042381,1
20,1000042384,1
20,1000042422,1
20,1000042458,1
20,1000042459,1
20,1000042462,1
20,1000042477,1
20,1000042500,1
20,1000042501,1
20,1000042502,1
20,1000043184,1
20,1000043186,1
20,1000043187,1
20,1000043200,1
20,1000043272,1
20,1000043290,1
20,1000043292,1
20,1000043298,1
20,1000043310,1
20,1000043315,1
20,1000043319,1
20,1000044084,1
20,1000044089,1
20,1000044090,1
20,1000044092,1
20,1000044112,1
20,1000044139,1
20,1000044140,1
20,1000044154,1
20,1000044181,1
20,1000044190,1
20,1000044202,1
20,1000045070,1
20,1000045122,1
20,1000045123,1
20,1000045137,1
20,1000045145,1
20,1000045146,1
20,1000045147,1
20,1000045148,1
20,1000045176,1
20,1000045179,1
20,1000045196,1
20,1000045827,1
20,1000045886,1
20,1000045916,1
20,1000045917,1
20,1000045929,1
20,1000045959,1
20,1000046001,1
20,1000046024,1
20,1000046026,1
20,1000046058,1
20,1000046067,1
20,1000046839,1
20,1000046848,1
20,1000046849,1
20,1000046864,1
20,1000046866,1
20,1000046867,1
20,1000046885,1
20,1000046886,1
20,1000046887,1
20,1000046893,1
20,1000046912,1
20,1000047941,1
20,1000047949,1
20,1000047955,1
20,1000047970,1
20,1000048016,1
20,1000048089,1
20,1000048090,1
20,1000048092,1
20,1000048093,1
20,1000048196,1
20,1000048257,1
20,1000049236,1
20,1000049247,1
20,1000049251,1
20,1000049315,1
20,1000049354,1
20,1000049357,1
20,1000049394,1
20,1000049396,1
20,1000049407,1
20,1000049476,1
20,1000049484,1
20,1000050344,1
20,1000050346,1
20,1000050347,1
20,1000050348,1
20,1000050349,1
20,1000050390,1
20,1000050391,1
20,1000050441,1
20,1000050442,1
20,1000050443,1
20,1000050445,1
20,1000051092,1
20,1000051093,1
20,1000051094,1
20,1000051095,1
20,1000051096,1
20,1000051139,1
20,1000051144,1
20,1000051145,1
20,1000051146,1
20,1000051151,1
20,1000051187,1
20,1000051885,1
20,1000051887,1
20,1000051920,1
20,1000051930,1
20,1000051942,1
20,1000051943,1
20,1000051970,1
20,1000051971,1
20,1000052000,1
20,1000052039,1
20,1000052048,1
20,1000052514,1
20,1000052517,1
20,1000052524,1
20,1000052525,1
20,1000052546,1
20,1000052577,1
20,1000052583,1
20,1000052584,1
20,1000052647,1
20,1000052649,1
20,1000052659,1
20,1000053450,1
20,1000053451,1
20,1000053461,1
20,1000053501,1
20,1000053508,1
20,1000053567,1
20,1000053568,1
20,1000053632,1
20,1000053633,1
20,1000053667,1
20,1000053671,1
20,1000054332,1
20,1000054333,1
20,1000054339,1
20,1000054340,1
20,1000054364,1
20,1000054365,1
20,1000054373,1
20,1000054383,1
20,1000054384,1
20,1000054399,1
20,1000054400,1
20,1000055239,1
20,1000055251,1
20,1000055304,1
20,1000055305,1
20,1000055306,1
20,1000055324,1
20,1000055325,1
20,1000055343,1
20,1000055347,1
20,1000055350,1
20,1000055352,1
20,1000055905,1
20,1000055910,1
20,1000055912,1
20,1000055950,1
20,1000055951,1
20,1000055996,1
20,1000056022,1
20,1000056040,1
20,1000056041,1
20,1000056042,1
20,1000056059,1
20,1000056657,1
20,1000056693,1
20,1000056703,1
20,1000056731,1
20,1000056732,1
20,1000056742,1
20,1000056748,1
20,1000056749,1
20,1000056790,1
20,1000056791,1
20,1000056792,1
20,1000057252,1
20,1000057261,1
20,1000057266,1
20,1000057267,1
20,1000057313,1
20,1000057326,1
20,1000057327,1
20,1000057329,1
20,1000057330,1
20,1000057337,1
20,1000057348,1
20,1000058124,1
20,1000058126,1
20,1000058146,1
20,1000058147,1
20,1000058148,1
20,1000058149,1
20,1000058150,1
20,1000058151,1
20,1000058152,1
20,1000058153,1
20,1000058155,1
20,1000058533,1
20,1000058539,1
20,1000058543,1
20,1000058562,1
20,1000058563,1
20,1000058603,1
20,1000058604,1
20,1000058625,1
20,1000058630,1
20,1000058635,1
20,1000058638,1
20,1000059322,1
20,1000059335,1
20,1000059337,1
20,1000059338,1
20,1000059342,1
20,1000059343,1
20,1000059383,1
20,1000059384,1
20,1000059406,1
20,1000059412,1
20,1000059470,1
20,1000086947,1
20,1000086949,1
20,1000086975,1
20,1000086976,1
20,1000087002,1
20,1000087006,1
20,1000087029,1
20,1000087034,1
20,1000087037,1
20,1000087044,1
20,1000087058,1
20,1000092261,1
20,1000092273,1
20,1000092274,1
20,1000092280,1
20,1000092281,1
20,1000092283,1
20,1000092303,1
20,1000092313,1
20,1000092321,1
20,1000092327,1
20,1000092328,1
20,1000093029,1
20,1000093035,1
20,1000093051,1
20,1000093061,1
20,1000093067,1
20,1000093069,1
20,1000093070,1
20,1000093082,1
20,1000093112,1
20,1000093117,1
20,1000093121,1
20,1000095451,1
20,1000095456,1
20,1000095458,1
20,1000095463,1
20,1000095465,1
20,1000095515,1
20,1000095516,1
20,1000095518,1
20,1000095535,1
20,1000095539,1
20,1000095555,1
20,1000097200,1
20,1000097300,1
20,1000097305,1
20,1000097312,1
20,1000097315,1
20,1000097317,1
20,1000097344,1
20,1000097348,1
20,1000097349,1
20,1000097353,1
20,1000097356,1
20,1000098501,1
20,1000098525,1
20,1000098526,1
20,1000098558,1
20,1000098563,1
20,1000098564,1
20,1000098570,1
20,1000098613,1
20,1000098614,1
20,1000098617,1
20,1000098619,1
20,1000099738,1
20,1000099783,1
20,1000099784,1
20,1000099790,1
20,1000099822,1
20,1000099824,1
20,1000099825,1
20,1000099827,1
20,1000099828,1
20,1000099848,1
20,1000099849,1
20,1000101018,1
20,1000101027,1
20,1000101034,1
20,1000101035,1
20,1000101037,1
20,1000101039,1
20,1000101041,1
20,1000101069,1
20,1000101070,1
20,1000101071,1
20,1000101079,1
20,1000101606,1
20,1000101626,1
20,1000101631,1
20,1000101632,1
20,1000101668,1
20,1000101669,1
20,1000101700,1
20,1000101702,1
20,1000101715,1
20,1000101718,1
20,1000101744,1
20,1000105822,1
20,1000105826,1
20,1000105827,1
20,1000105851,1
20,1000105855,1
20,1000105865,1
20,1000105869,1
20,1000105870,1
20,1000105871,1
20,1000105884,1
20,1000105885,1
20,1000108886,1
20,1000108896,1
20,1000108897,1
20,1000108898,1
20,1000108902,1
20,1000108909,1
20,1000108916,1
20,1000108922,1
20,1000108923,1
20,1000108959,1
20,1000108970,1
20,1000112448,1
20,1000112451,1
20,1000112463,1
20,1000112464,1
20,1000112466,1
20,1000112475,1
20,1000112476,1
20,1000112481,1
20,1000112494,1
20,1000112510,1
20,1000112516,1
20,1000113264,1
20,1000113277,1
20,1000113286,1
20,1000113287,1
20,1000113303,1
20,1000113304,1
20,1000113308,1
20,1000113313,1
20,1000113317,1
20,1000113318,1
20,1000113330,1
20,1000114700,1
20,1000114702,1
20,1000114704,1
20,1000114705,1
20,1000114706,1
20,1000114717,1
20,1000114730,1
20,1000114731,1
20,1000114768,1
20,1000114787,1
20,1000114821,1
20,1000116868,1
20,1000116869,1
20,1000116873,1
20,1000116888,1
20,1000116904,1
20,1000116907,1
20,1000116910,1
20,1000116915,1
20,1000116924,1
20,1000116925,1
20,1000116927,1
20,1000119409,1
20,1000119429,1
20,1000119441,1
20,1000119442,1
20,1000119444,1
20,1000119449,1
20,1000119450,1
20,1000119458,1
20,1000119461,1
20,1000119462,1
20,1000119464,1
20,1000120537,1
20,1000120559,1
20,1000120590,1
20,1000120611,1
20,1000120641,1
20,1000120642,1
20,1000120644,1
20,1000120654,1
20,1000120656,1
20,1000120657,1
20,1000120662,1
20,1000124042,1
20,1000124057,1
20,1000124058,1
20,1000124062,1
20,1000124067,1
20,1000124077,1
20,1000124078,1
20,1000124080,1
20,1000124086,1
20,1000124087,1
20,1000124089,1
20,1000125229,1
20,1000125231,1
20,1000125233,1
20,1000125249,1
20,1000125250,1
20,1000125251,1
20,1000125252,1
20,1000125253,1
20,1000125277,1
20,1000125280,1
20,1000125301,1
20,1000005424,1
20,1000005425,1
20,1000005670,1
20,1000005702,1
20,1000005720,1
20,1000005726,1
20,1000005750,1
20,1000005769,1
20,1000005886,1
20,1000005900,1
20,1000005913,1
20,1000008041,1
20,1000008042,1
20,1000008043,1
20,1000008044,1
20,1000008045,1
20,1000008046,1
20,1000008047,1
20,1000008048,1
20,1000008049,1
20,1000008051,1
20,1000008052,1
20,1000009450,1
20,1000009458,1
20,1000009655,1
20,1000009657,1
20,1000009685,1
20,1000009686,1
20,1000009787,1
20,1000009884,1
20,1000009940,1
20,1000009941,1
20,1000009942,1
20,1000011448,1
20,1000011519,1
20,1000011671,1
20,1000011672,1
20,1000011674,1
20,1000011711,1
20,1000011712,1
20,1000011713,1
20,1000011715,1
20,1000011716,1
20,1000011774,1
20,1000012480,1
20,1000012481,1
20,1000012482,1
20,1000012486,1
20,1000012491,1
20,1000012492,1
20,1000012498,1
20,1000012538,1
20,1000012539,1
20,1000012548,1
20,1000012551,1
20,1000013146,1
20,1000013147,1
20,1000013157,1
20,1000013160,1
20,1000013216,1
20,1000013326,1
20,1000013327,1
20,1000013377,1
20,1000013455,1
20,1000013457,1
20,1000013458,1
20,1000014799,1
20,1000014841,1
20,1000014850,1
20,1000014943,1
20,1000015125,1
20,1000015126,1
20,1000015127,1
20,1000015268,1
20,1000015269,1
20,1000015289,1
20,1000015541,1
20,1000017322,1
20,1000017371,1
20,1000017373,1
20,1000017377,1
20,1000017455,1
20,1000017456,1
20,1000017552,1
20,1000017573,1
20,1000017604,1
20,1000017613,1
20,1000017623,1
20,1000018352,1
20,1000018353,1
20,1000018354,1
20,1000018355,1
20,1000018356,1
20,1000018357,1
20,1000018381,1
20,1000018382,1
20,1000018383,1
20,1000018410,1
20,1000018489,1
20,1000019873,1
20,1000019957,1
20,1000019976,1
20,1000019979,1
20,1000020003,1
20,1000020005,1
20,1000020018,1
20,1000020023,1
20,1000020024,1
20,1000020039,1
20,1000020040,1
20,1000021127,1
20,1000021128,1
20,1000021150,1
20,1000021174,1
20,1000021188,1
20,1000021236,1
20,1000021262,1
20,1000021264,1
20,1000021269,1
20,1000021279,1
20,1000021280,1
20,1000022258,1
20,1000022270,1
20,1000022276,1
20,1000022283,1
20,1000022313,1
20,1000022346,1
20,1000022382,1
20,1000022388,1
20,1000022424,1
20,1000022442,1
20,1000022522,1
20,1000023790,1
20,1000023791,1
20,1000023792,1
20,1000023793,1
20,1000023950,1
20,1000023955,1
20,1000023957,1
20,1000023964,1
20,1000023968,1
20,1000023969,1
20,1000023971,1
20,1000025310,1
20,1000025311,1
20,1000025314,1
20,1000025361,1
20,1000025362,1
20,1000025428,1
20,1000025431,1
20,1000025432,1
20,1000025486,1
20,1000025487,1
20,1000025512,1
20,1000026064,1
20,1000026212,1
20,1000026253,1
20,1000026254,1
20,1000026467,1
20,1000026468,1
20,1000026479,1
20,1000026481,1
20,1000026482,1
20,1000026483,1
20,1000026486,1
20,1000028111,1
20,1000028125,1
20,1000028126,1
20,1000028131,1
20,1000028134,1
20,1000028141,1
20,1000028153,1
20,1000028178,1
20,1000028188,1
20,1000028294,1
20,1000028295,1
20,1000030162,1
20,1000030174,1
20,1000030176,1
20,1000030177,1
20,1000030180,1
20,1000030199,1
20,1000030204,1
20,1000030240,1
20,1000030347,1
20,1000030389,1
20,1000030404,1
20,1000031729,1
20,1000031742,1
20,1000031754,1
20,1000031756,1
20,1000031768,1
20,1000031770,1
20,1000031852,1
20,1000031864,1
20,1000031970,1
20,1000031982,1
20,1000031985,1
20,1000033027,1
20,1000033145,1
20,1000033152,1
20,1000033153,1
20,1000033156,1
20,1000033157,1
20,1000033188,1
20,1000033189,1
20,1000033220,1
20,1000033228,1
20,1000033242,1
20,1000033721,1
20,1000033734,1
20,1000033766,1
20,1000033791,1
20,1000033793,1
20,1000033801,1
20,1000033859,1
20,1000033865,1
20,1000033890,1
20,1000033893,1
20,1000033894,1
20,1000034645,1
20,1000034662,1
20,1000034663,1
20,1000034664,1
20,1000034665,1
20,1000034667,1
20,1000034685,1
20,1000034702,1
20,1000034736,1
20,1000034749,1
20,1000034769,1
20,1000035629,1
20,1000035643,1
20,1000035663,1
20,1000035686,1
20,1000035693,1
20,1000035748,1
20,1000035794,1
20,1000035806,1
20,1000035873,1
20,1000035883,1
20,1000035886,1
20,1000036585,1
20,1000036586,1
20,1000036626,1
20,1000036632,1
20,1000036636,1
20,1000036637,1
20,1000036672,1
20,1000036705,1
20,1000036746,1
20,1000036795,1
20,1000036873,1
20,1000037475,1
20,1000037536,1
20,1000037538,1
20,1000037539,1
20,1000037567,1
20,1000037610,1
20,1000037611,1
20,1000037654,1
20,1000037667,1
20,1000037675,1
20,1000037681,1
20,1000038263,1
20,1000038327,1
20,1000038349,1
20,1000038351,1
20,1000038406,1
20,1000038433,1
20,1000038454,1
20,1000038505,1
20,1000038507,1
20,1000038528,1
20,1000038529,1
20,1000038747,1
20,1000038768,1
20,1000038774,1
20,1000038780,1
20,1000038825,1
20,1000038828,1
20,1000038845,1
20,1000038863,1
20,1000038867,1
20,1000038870,1
20,1000038877,1
20,1000040115,1
20,1000040134,1
20,1000040162,1
20,1000040164,1
20,1000040181,1
20,1000040191,1
20,1000040209,1
20,1000040260,1
20,1000040268,1
20,1000040282,1
20,1000040292,1
20,1000042830,1
20,1000042832,1
20,1000042844,1
20,1000042845,1
20,1000042879,1
20,1000042880,1
20,1000042881,1
20,1000042886,1
20,1000042888,1
20,1000042902,1
20,1000042972,1
20,1000043758,1
20,1000043784,1
20,1000043786,1
20,1000043817,1
20,1000043845,1
20,1000043848,1
20,1000043854,1
20,1000043948,1
20,1000043949,1
20,1000043953,1
20,1000043957,1
20,1000044518,1
20,1000044521,1
20,1000044546,1
20,1000044621,1
20,1000044638,1
20,1000044680,1
20,1000044682,1
20,1000044683,1
20,1000044702,1
20,1000044704,1
20,1000044708,1
20,1000045574,1
20,1000045591,1
20,1000045614,1
20,1000045628,1
20,1000045629,1
20,1000045630,1
20,1000045631,1
20,1000045633,1
20,1000045639,1
20,1000045647,1
20,1000045660,1
20,1000046316,1
20,1000046320,1
20,1000046321,1
20,1000046322,1
20,1000046331,1
20,1000046350,1
20,1000046351,1
20,1000046360,1
20,1000046364,1
20,1000046377,1
20,1000046380,1
20,1000047315,1
20,1000047321,1
20,1000047325,1
20,1000047343,1
20,1000047414,1
20,1000047430,1
20,1000047514,1
20,1000047517,1
20,1000047529,1
20,1000047538,1
20,1000047540,1
20,1000048532,1
20,1000048533,1
20,1000048552,1
20,1000048561,1
20,1000048582,1
20,1000048585,1
20,1000048644,1
20,1000048685,1
20,1000048686,1
20,1000048691,1
20,1000048721,1
20,1000049643,1
20,1000049683,1
20,1000049700,1
20,1000049715,1
20,1000049734,1
20,1000049751,1
20,1000049752,1
20,1000049754,1
20,1000049808,1
20,1000049809,1
20,1000049861,1
20,1000050464,1
20,1000050504,1
20,1000050516,1
20,1000050517,1
20,1000050574,1
20,1000050576,1
20,1000050578,1
20,1000050635,1
20,1000050640,1
20,1000050648,1
20,1000050652,1
20,1000050952,1
20,1000050953,1
20,1000050957,1
20,1000050959,1
20,1000050960,1
20,1000050975,1
20,1000050986,1
20,1000051034,1
20,1000051089,1
20,1000051090,1
20,1000051091,1
20,1000051691,1
20,1000051692,1
20,1000051694,1
20,1000051695,1
20,1000051696,1
20,1000051697,1
20,1000051698,1
20,1000051699,1
20,1000051744,1
20,1000051754,1
20,1000051755,1
20,1000052290,1
20,1000052291,1
20,1000052294,1
20,1000052317,1
20,1000052349,1
20,1000052366,1
20,1000052384,1
20,1000052422,1
20,1000052423,1
20,1000052428,1
20,1000052437,1
20,1000052833,1
20,1000052834,1
20,1000052869,1
20,1000052870,1
20,1000052888,1
20,1000052910,1
20,1000052935,1
20,1000052940,1
20,1000052948,1
20,1000052998,1
20,1000052999,1
20,1000053673,1
20,1000053692,1
20,1000053745,1
20,1000053749,1
20,1000053750,1
20,1000053818,1
20,1000053826,1
20,1000053862,1
20,1000053863,1
20,1000053867,1
20,1000053868,1
20,1000054191,1
20,1000054195,1
20,1000054196,1
20,1000054198,1
20,1000054219,1
20,1000054228,1
20,1000054289,1
20,1000054305,1
20,1000054307,1
20,1000054309,1
20,1000054316,1
20,1000054922,1
20,1000054924,1
20,1000054933,1
20,1000054995,1
20,1000055028,1
20,1000055029,1
20,1000055030,1
20,1000055096,1
20,1000055105,1
20,1000055106,1
20,1000055117,1
20,1000055615,1
20,1000055636,1
20,1000055690,1
20,1000055691,1
20,1000055692,1
20,1000055693,1
20,1000055695,1
20,1000055715,1
20,1000055716,1
20,1000055718,1
20,1000055719,1
20,1000056450,1
20,1000056453,1
20,1000056477,1
20,1000056479,1
20,1000056507,1
20,1000056528,1
20,1000056550,1
20,1000056551,1
20,1000056552,1
20,1000056553,1
20,1000056560,1
20,1000057016,1
20,1000057017,1
20,1000057031,1
20,1000057049,1
20,1000057050,1
20,1000057051,1
20,1000057060,1
20,1000057072,1
20,1000057073,1
20,1000057074,1
20,1000057075,1
20,1000057793,1
20,1000057795,1
20,1000057796,1
20,1000057797,1
20,1000057800,1
20,1000057812,1
20,1000057873,1
20,1000057887,1
20,1000057890,1
20,1000057898,1
20,1000057899,1
20,1000058310,1
20,1000058318,1
20,1000058322,1
20,1000058351,1
20,1000058360,1
20,1000058361,1
20,1000058362,1
20,1000058363,1
20,1000058364,1
20,1000058397,1
20,1000058398,1
20,1000059143,1
20,1000059145,1
20,1000059167,1
20,1000059197,1
20,1000059208,1
20,1000059217,1
20,1000059294,1
20,1000059304,1
20,1000059317,1
20,1000059318,1
20,1000059319,1
20,1000085990,1
20,1000085991,1
20,1000086020,1
20,1000086023,1
20,1000086032,1
20,1000086033,1
20,1000086036,1
20,1000086039,1
20,1000086043,1
20,1000086060,1
20,1000086080,1
20,1000087976,1
20,1000087988,1
20,1000088035,1
20,1000088042,1
20,1000088044,1
20,1000088131,1
20,1000088132,1
20,1000088137,1
20,1000088142,1
20,1000088145,1
20,1000088164,1
20,1000089007,1
20,1000089012,1
20,1000089013,1
20,1000089017,1
20,1000089018,1
20,1000089022,1
20,1000089025,1
20,1000089027,1
20,1000089028,1
20,1000089036,1
20,1000089049,1
20,1000090644,1
20,1000090645,1
20,1000090646,1
20,1000090647,1
20,1000090649,1
20,1000090653,1
20,1000090654,1
20,1000090694,1
20,1000090696,1
20,1000090702,1
20,1000090708,1
20,1000091596,1
20,1000091608,1
20,1000091615,1
20,1000091617,1
20,1000091621,1
20,1000091630,1
20,1000091634,1
20,1000091659,1
20,1000091704,1
20,1000091705,1
20,1000091708,1
20,1000092565,1
20,1000092580,1
20,1000092581,1
20,1000092609,1
20,1000092610,1
20,1000092669,1
20,1000092670,1
20,1000092672,1
20,1000092673,1
20,1000092674,1
20,1000092684,1
20,1000095295,1
20,1000095296,1
20,1000095301,1
20,1000095358,1
20,1000095366,1
20,1000095367,1
20,1000095402,1
20,1000095411,1
20,1000095412,1
20,1000095437,1
20,1000095450,1
20,1000097548,1
20,1000097549,1
20,1000097551,1
20,1000097553,1
20,1000097568,1
20,1000097575,1
20,1000097591,1
20,1000097614,1
20,1000097623,1
20,1000097626,1
20,1000097629,1
20,1000100155,1
20,1000100156,1
20,1000100159,1
20,1000100167,1
20,1000100169,1
20,1000100172,1
20,1000100215,1
20,1000100216,1
20,1000100217,1
20,1000100259,1
20,1000100260,1
20,1000102114,1
20,1000102125,1
20,1000102142,1
20,1000102144,1
20,1000102158,1
20,1000102161,1
20,1000102168,1
20,1000102169,1
20,1000102184,1
20,1000102185,1
20,1000102230,1
20,1000102849,1
20,1000102860,1
20,1000102865,1
20,1000102910,1
20,1000102918,1
20,1000102938,1
20,1000102943,1
20,1000102944,1
20,1000102951,1
20,1000102959,1
20,1000102962,1
20,1000103738,1
20,1000103751,1
20,1000103752,1
20,1000103758,1
20,1000103760,1
20,1000103761,1
20,1000103762,1
20,1000103763,1
20,1000103793,1
20,1000103824,1
20,1000103825,1
20,1000104360,1
20,1000104382,1
20,1000104383,1
20,1000104384,1
20,1000104395,1
20,1000104396,1
20,1000104397,1
20,1000104398,1
20,1000104403,1
20,1000104404,1
20,1000104441,1
20,1000105339,1
20,1000105353,1
20,1000105386,1
20,1000105397,1
20,1000105398,1
20,1000105405,1
20,1000105421,1
20,1000105422,1
20,1000105423,1
20,1000105431,1
20,1000105435,1
20,1000106010,1
20,1000106011,1
20,1000106012,1
20,1000106042,1
20,1000106060,1
20,1000106075,1
20,1000106076,1
20,1000106084,1
20,1000106112,1
20,1000106117,1
20,1000106127,1
20,1000107708,1
20,1000107709,1
20,1000107716,1
20,1000107727,1
20,1000107733,1
20,1000107750,1
20,1000107752,1
20,1000107756,1
20,1000107760,1
20,1000107761,1
20,1000107763,1
20,1000108574,1
20,1000108581,1
20,1000108607,1
20,1000108623,1
20,1000108639,1
20,1000108659,1
20,1000108660,1
20,1000108664,1
20,1000108672,1
20,1000108684,1
20,1000108703,1
20,1000109831,1
20,1000109841,1
20,1000109842,1
20,1000109843,1
20,1000109844,1
20,1000109848,1
20,1000109849,1
20,1000109880,1
20,1000109881,1
20,1000109901,1
20,1000109902,1
20,1000112235,1
20,1000112236,1
20,1000112256,1
20,1000112259,1
20,1000112276,1
20,1000112277,1
20,1000112278,1
20,1000112281,1
20,1000112282,1
20,1000112283,1
20,1000112286,1
20,1000112748,1
20,1000112761,1
20,1000112806,1
20,1000112807,1
20,1000112840,1
20,1000112852,1
20,1000112853,1
20,1000112856,1
20,1000112866,1
20,1000112870,1
20,1000112872,1
20,1000113884,1
20,1000113894,1
20,1000113899,1
20,1000113911,1
20,1000113917,1
20,1000113918,1
20,1000113919,1
20,1000113928,1
20,1000113929,1
20,1000113930,1
20,1000113931,1
20,1000115000,1
20,1000115019,1
20,1000115020,1
20,1000115024,1
20,1000115025,1
20,1000115026,1
20,1000115027,1
20,1000115028,1
20,1000115031,1
20,1000115060,1
20,1000115061,1
20,1000116226,1
20,1000116240,1
20,1000116241,1
20,1000116245,1
20,1000116266,1
20,1000116274,1
20,1000116278,1
20,1000116283,1
20,1000116289,1
20,1000116295,1
20,1000116303,1
20,1000118420,1
20,1000118431,1
20,1000118433,1
20,1000118458,1
20,1000118459,1
20,1000118470,1
20,1000118472,1
20,1000118473,1
20,1000118489,1
20,1000118490,1
20,1000118497,1
20,1000119063,1
20,1000119065,1
20,1000119091,1
20,1000119106,1
20,1000119107,1
20,1000119109,1
20,1000119111,1
20,1000119112,1
20,1000119117,1
20,1000119120,1
20,1000119121,1
20,1000120005,1
20,1000120020,1
20,1000120041,1
20,1000120074,1
20,1000120075,1
20,1000120077,1
20,1000120078,1
20,1000120098,1
20,1000120099,1
20,1000120116,1
20,1000120120,1
20,1000120807,1
20,1000120831,1
20,1000120832,1
20,1000120834,1
20,1000120844,1
20,1000120848,1
20,1000120854,1
20,1000120857,1
20,1000120864,1
20,1000120865,1
20,1000120882,1
20,1000124725,1
20,1000124729,1
20,1000124767,1
20,1000124771,1
20,1000124781,1
20,1000124782,1
20,1000124793,1
20,1000124796,1
20,1000124809,1
20,1000124814,1
20,1000124815,1
20,1000125902,1
20,1000125903,1
20,1000125957,1
20,1000126014,1
20,1000126015,1
20,1000126018,1
20,1000126080,1
20,1000126127,1
20,1000126138,1
20,1000126146,1
20,1000126160,1
20,1000127125,1
20,1000127134,1
20,1000127150,1
20,1000127161,1
20,1000127171,1
20,1000127219,1
20,1000127262,1
20,1000127263,1
20,1000127274,1
20,1000127275,1
20,1000127286,1
20,1000059475,1
20,1000059503,1
20,1000059504,1
20,1000059505,1
20,1000059506,1
20,1000059508,1
20,1000059509,1
20,1000059534,1
20,1000059562,1
20,1000059573,1
20,1000059578,1
20,1000060638,1
20,1000060639,1
20,1000060640,1
20,1000060643,1
20,1000060644,1
20,1000060648,1
20,1000060651,1
20,1000060655,1
20,1000060657,1
20,1000060665,1
20,1000060695,1
20,1000061907,1
20,1000061908,1
20,1000061913,1
20,1000061914,1
20,1000061932,1
20,1000061947,1
20,1000061948,1
20,1000061961,1
20,1000061962,1
20,1000061991,1
20,1000062020,1
20,1000062481,1
20,1000062482,1
20,1000062558,1
20,1000062561,1
20,1000062564,1
20,1000062567,1
20,1000062568,1
20,1000062570,1
20,1000062571,1
20,1000062635,1
20,1000062659,1
20,1000063144,1
20,1000063170,1
20,1000063171,1
20,1000063199,1
20,1000063201,1
20,1000063202,1
20,1000063218,1
20,1000063229,1
20,1000063268,1
20,1000063271,1
20,1000063296,1
20,1000063981,1
20,1000063996,1
20,1000064005,1
20,1000064013,1
20,1000064028,1
20,1000064029,1
20,1000064074,1
20,1000064077,1
20,1000064078,1
20,1000064122,1
20,1000064131,1
20,1000064948,1
20,1000064949,1
20,1000064950,1
20,1000064971,1
20,1000064972,1
20,1000064987,1
20,1000065006,1
20,1000065107,1
20,1000065132,1
20,1000065156,1
20,1000065157,1
20,1000065646,1
20,1000065652,1
20,1000065655,1
20,1000065665,1
20,1000065666,1
20,1000065668,1
20,1000065693,1
20,1000065694,1
20,1000065705,1
20,1000065719,1
20,1000065733,1
20,1000066557,1
20,1000066558,1
20,1000066569,1
20,1000066577,1
20,1000066586,1
20,1000066620,1
20,1000066635,1
20,1000066636,1
20,1000066643,1
20,1000066662,1
20,1000066668,1
20,1000067691,1
20,1000067692,1
20,1000067694,1
20,1000067695,1
20,1000067701,1
20,1000067702,1
20,1000067704,1
20,1000067716,1
20,1000067772,1
20,1000067773,1
20,1000067817,1
20,1000069042,1
20,1000069056,1
20,1000069063,1
20,1000069105,1
20,1000069146,1
20,1000069156,1
20,1000069157,1
20,1000069161,1
20,1000069190,1
20,1000069204,1
20,1000069205,1
20,1000070200,1
20,1000070210,1
20,1000070260,1
20,1000070262,1
20,1000070273,1
20,1000070286,1
20,1000070336,1
20,1000070408,1
20,1000070410,1
20,1000070426,1
20,1000070431,1
20,1000071122,1
20,1000071124,1
20,1000071138,1
20,1000071148,1
20,1000071162,1
20,1000071166,1
20,1000071172,1
20,1000071174,1
20,1000071178,1
20,1000071188,1
20,1000071189,1
20,1000072242,1
20,1000072247,1
20,1000072269,1
20,1000072332,1
20,1000072335,1
20,1000072345,1
20,1000072346,1
20,1000072353,1
20,1000072364,1
20,1000072366,1
20,1000072368,1
20,1000073345,1
20,1000073386,1
20,1000073408,1
20,1000073417,1
20,1000073419,1
20,1000073420,1
20,1000073431,1
20,1000073435,1
20,1000073450,1
20,1000073451,1
20,1000073467,1
20,1000074769,1
20,1000074778,1
20,1000074791,1
20,1000074801,1
20,1000074817,1
20,1000074829,1
20,1000074845,1
20,1000074877,1
20,1000074891,1
20,1000074926,1
20,1000074927,1
20,1000075516,1
20,1000075517,1
20,1000075532,1
20,1000075533,1
20,1000075534,1
20,1000075539,1
20,1000075541,1
20,1000075542,1
20,1000075555,1
20,1000075563,1
20,1000075579,1
20,1000076606,1
20,1000076633,1
20,1000076713,1
20,1000076715,1
20,1000076716,1
20,1000076721,1
20,1000076733,1
20,1000076734,1
20,1000076746,1
20,1000076757,1
20,1000076769,1
20,1000078067,1
20,1000078069,1
20,1000078075,1
20,1000078080,1
20,1000078114,1
20,1000078133,1
20,1000078136,1
20,1000078148,1
20,1000078157,1
20,1000078158,1
20,1000078159,1
20,1000079265,1
20,1000079270,1
20,1000079272,1
20,1000079296,1
20,1000079298,1
20,1000079311,1
20,1000079333,1
20,1000079352,1
20,1000079383,1
20,1000079385,1
20,1000079386,1
20,1000080237,1
20,1000080239,1
20,1000080276,1
20,1000080277,1
20,1000080280,1
20,1000080281,1
20,1000080288,1
20,1000080289,1
20,1000080296,1
20,1000080301,1
20,1000080311,1
20,1000081060,1
20,1000081066,1
20,1000081067,1
20,1000081080,1
20,1000081118,1
20,1000081121,1
20,1000081122,1
20,1000081123,1
20,1000081128,1
20,1000081146,1
20,1000081176,1
20,1000081820,1
20,1000081830,1
20,1000081836,1
20,1000081850,1
20,1000081856,1
20,1000081857,1
20,1000081874,1
20,1000081882,1
20,1000081883,1
20,1000081887,1
20,1000081911,1
20,1000082668,1
20,1000082669,1
20,1000082691,1
20,1000082692,1
20,1000082693,1
20,1000082707,1
20,1000082789,1
20,1000082790,1
20,1000082824,1
20,1000082835,1
20,1000082859,1
20,1000083632,1
20,1000083651,1
20,1000083659,1
20,1000083663,1
20,1000083697,1
20,1000083707,1
20,1000083708,1
20,1000083714,1
20,1000083719,1
20,1000083736,1
20,1000083745,1
20,1000085072,1
20,1000085091,1
20,1000085098,1
20,1000085118,1
20,1000085120,1
20,1000085121,1
20,1000085137,1
20,1000085138,1
20,1000085141,1
20,1000085144,1
20,1000085145,1
20,1000087142,1
20,1000087144,1
20,1000087154,1
20,1000087224,1
20,1000087225,1
20,1000087229,1
20,1000087233,1
20,1000087235,1
20,1000087255,1
20,1000087257,1
20,1000087277,1
20,1000090103,1
20,1000090126,1
20,1000090132,1
20,1000090134,1
20,1000090170,1
20,1000090171,1
20,1000090175,1
20,1000090179,1
20,1000090180,1
20,1000090193,1
20,1000090196,1
20,1000092350,1
20,1000092351,1
20,1000092354,1
20,1000092389,1
20,1000092393,1
20,1000092395,1
20,1000092396,1
20,1000092403,1
20,1000092404,1
20,1000092434,1
20,1000092436,1
20,1000105436,1
20,1000105437,1
20,1000105438,1
20,1000105441,1
20,1000105456,1
20,1000105462,1
20,1000105499,1
20,1000105500,1
20,1000105517,1
20,1000105518,1
20,1000105525,1
20,1000112876,1
20,1000112877,1
20,1000112885,1
20,1000112886,1
20,1000112887,1
20,1000112888,1
20,1000112889,1
20,1000112902,1
20,1000112904,1
20,1000112951,1
20,1000112953,1
20,1000125838,1
20,1000125841,1
20,1000125842,1
20,1000125851,1
20,1000125852,1
20,1000125854,1
20,1000125857,1
20,1000125864,1
20,1000125878,1
20,1000125879,1
20,1000125901,1
20,1000059582,1
20,1000059584,1
20,1000059614,1
20,1000059662,1
20,1000059663,1
20,1000059698,1
20,1000059717,1
20,1000059766,1
20,1000059778,1
20,1000059782,1
20,1000059852,1
20,1000060386,1
20,1000060400,1
20,1000060466,1
20,1000060467,1
20,1000060468,1
20,1000060469,1
20,1000060497,1
20,1000060530,1
20,1000060531,1
20,1000060532,1
20,1000060533,1
20,1000060862,1
20,1000060873,1
20,1000060874,1
20,1000060885,1
20,1000060886,1
20,1000060891,1
20,1000060892,1
20,1000060900,1
20,1000060914,1
20,1000060949,1
20,1000060954,1
20,1000061447,1
20,1000061470,1
20,1000061472,1
20,1000061515,1
20,1000061521,1
20,1000061527,1
20,1000061528,1
20,1000061529,1
20,1000061531,1
20,1000061532,1
20,1000061536,1
20,1000062196,1
20,1000062221,1
20,1000062229,1
20,1000062230,1
20,1000062246,1
20,1000062264,1
20,1000062298,1
20,1000062354,1
20,1000062395,1
20,1000062396,1
20,1000062429,1
20,1000062939,1
20,1000062940,1
20,1000062982,1
20,1000062986,1
20,1000062989,1
20,1000063001,1
20,1000063050,1
20,1000063051,1
20,1000063054,1
20,1000063055,1
20,1000063076,1
20,1000063567,1
20,1000063572,1
20,1000063573,1
20,1000063598,1
20,1000063623,1
20,1000063629,1
20,1000063710,1
20,1000063778,1
20,1000063791,1
20,1000063849,1
20,1000063872,1
20,1000064134,1
20,1000064190,1
20,1000064191,1
20,1000064196,1
20,1000064198,1
20,1000064231,1
20,1000064250,1
20,1000064305,1
20,1000064348,1
20,1000064388,1
20,1000064434,1
20,1000065158,1
20,1000065188,1
20,1000065189,1
20,1000065229,1
20,1000065232,1
20,1000065234,1
20,1000065246,1
20,1000065252,1
20,1000065324,1
20,1000065325,1
20,1000065329,1
20,1000065734,1
20,1000065793,1
20,1000065847,1
20,1000065856,1
20,1000065857,1
20,1000065864,1
20,1000065865,1
20,1000065890,1
20,1000065900,1
20,1000065906,1
20,1000065940,1
20,1000066757,1
20,1000066761,1
20,1000066762,1
20,1000066778,1
20,1000066784,1
20,1000066785,1
20,1000066811,1
20,1000066843,1
20,1000066854,1
20,1000066877,1
20,1000066881,1
20,1000067519,1
20,1000067531,1
20,1000067532,1
20,1000067535,1
20,1000067537,1
20,1000067538,1
20,1000067617,1
20,1000067618,1
20,1000067635,1
20,1000067645,1
20,1000067662,1
20,1000068358,1
20,1000068372,1
20,1000068377,1
20,1000068378,1
20,1000068411,1
20,1000068414,1
20,1000068424,1
20,1000068440,1
20,1000068497,1
20,1000068498,1
20,1000068516,1
20,1000069554,1
20,1000069557,1
20,1000069560,1
20,1000069595,1
20,1000069596,1
20,1000069597,1
20,1000069598,1
20,1000069613,1
20,1000069614,1
20,1000069643,1
20,1000069646,1
20,1000070888,1
20,1000070889,1
20,1000070896,1
20,1000070901,1
20,1000070904,1
20,1000070906,1
20,1000070954,1
20,1000070956,1
20,1000070975,1
20,1000070993,1
20,1000070998,1
20,1000071827,1
20,1000071846,1
20,1000071866,1
20,1000071869,1
20,1000071872,1
20,1000071890,1
20,1000071943,1
20,1000071965,1
20,1000071967,1
20,1000071970,1
20,1000072008,1
20,1000072978,1
20,1000073006,1
20,1000073007,1
20,1000073052,1
20,1000073053,1
20,1000073054,1
20,1000073119,1
20,1000073120,1
20,1000073134,1
20,1000073135,1
20,1000073141,1
20,1000074030,1
20,1000074069,1
20,1000074104,1
20,1000074130,1
20,1000074137,1
20,1000074168,1
20,1000074170,1
20,1000074193,1
20,1000074195,1
20,1000074206,1
20,1000074260,1
20,1000075243,1
20,1000075244,1
20,1000075282,1
20,1000075316,1
20,1000075317,1
20,1000075322,1
20,1000075325,1
20,1000075327,1
20,1000075329,1
20,1000075332,1
20,1000075334,1
20,1000076462,1
20,1000076463,1
20,1000076469,1
20,1000076470,1
20,1000076522,1
20,1000076523,1
20,1000076528,1
20,1000076572,1
20,1000076573,1
20,1000076576,1
20,1000076588,1
20,1000077486,1
20,1000077505,1
20,1000077508,1
20,1000077511,1
20,1000077546,1
20,1000077578,1
20,1000077617,1
20,1000077636,1
20,1000077667,1
20,1000077700,1
20,1000077709,1
20,1000078582,1
20,1000078583,1
20,1000078628,1
20,1000078636,1
20,1000078661,1
20,1000078726,1
20,1000078733,1
20,1000078744,1
20,1000078820,1
20,1000078844,1
20,1000078862,1
20,1000079661,1
20,1000079668,1
20,1000079681,1
20,1000079687,1
20,1000079708,1
20,1000079710,1
20,1000079711,1
20,1000079713,1
20,1000079715,1
20,1000079720,1
20,1000079724,1
20,1000080433,1
20,1000080437,1
20,1000080450,1
20,1000080454,1
20,1000080455,1
20,1000080466,1
20,1000080469,1
20,1000080473,1
20,1000080474,1
20,1000080475,1
20,1000080489,1
20,1000081311,1
20,1000081325,1
20,1000081326,1
20,1000081329,1
20,1000081330,1
20,1000081337,1
20,1000081385,1
20,1000081386,1
20,1000081387,1
20,1000081393,1
20,1000081396,1
20,1000082406,1
20,1000082407,1
20,1000082418,1
20,1000082431,1
20,1000082446,1
20,1000082448,1
20,1000082455,1
20,1000082480,1
20,1000082518,1
20,1000082520,1
20,1000082521,1
20,1000083404,1
20,1000083407,1
20,1000083418,1
20,1000083443,1
20,1000083444,1
20,1000083462,1
20,1000083464,1
20,1000083507,1
20,1000083521,1
20,1000083545,1
20,1000083595,1
20,1000084548,1
20,1000084549,1
20,1000084557,1
20,1000084558,1
20,1000084560,1
20,1000084569,1
20,1000084578,1
20,1000084601,1
20,1000084640,1
20,1000084649,1
20,1000084675,1
20,1000085478,1
20,1000085482,1
20,1000085483,1
20,1000085484,1
20,1000085485,1
20,1000085486,1
20,1000085487,1
20,1000085488,1
20,1000085549,1
20,1000085633,1
20,1000085663,1
20,1000086337,1
20,1000086354,1
20,1000086396,1
20,1000086402,1
20,1000086414,1
20,1000086421,1
20,1000086449,1
20,1000086452,1
20,1000086467,1
20,1000086471,1
20,1000086473,1
20,1000087610,1
20,1000087627,1
20,1000087628,1
20,1000087649,1
20,1000087688,1
20,1000087696,1
20,1000087712,1
20,1000087722,1
20,1000087727,1
20,1000087738,1
20,1000087747,1
20,1000091143,1
20,1000091174,1
20,1000091192,1
20,1000091193,1
20,1000091199,1
20,1000091232,1
20,1000091240,1
20,1000091241,1
20,1000091243,1
20,1000091244,1
20,1000091274,1
20,1000092735,1
20,1000092771,1
20,1000092777,1
20,1000092791,1
20,1000092809,1
20,1000092845,1
20,1000092849,1
20,1000092850,1
20,1000092855,1
20,1000092857,1
20,1000092859,1
20,1000094168,1
20,1000094178,1
20,1000094208,1
20,1000094216,1
20,1000094217,1
20,1000094266,1
20,1000094267,1
20,1000094268,1
20,1000094271,1
20,1000094299,1
20,1000094300,1
20,1000097009,1
20,1000097019,1
20,1000097045,1
20,1000097046,1
20,1000097047,1
20,1000097048,1
20,1000097092,1
20,1000097093,1
20,1000097097,1
20,1000097098,1
20,1000097099,1
20,1000100364,1
20,1000100381,1
20,1000100382,1
20,1000100384,1
20,1000100390,1
20,1000100450,1
20,1000100463,1
20,1000100488,1
20,1000100497,1
20,1000100506,1
20,1000100550,1
20,1000101445,1
20,1000101473,1
20,1000101487,1
20,1000101488,1
20,1000101501,1
20,1000101502,1
20,1000101526,1
20,1000101527,1
20,1000101528,1
20,1000101530,1
20,1000101531,1
20,1000102968,1
20,1000102985,1
20,1000102992,1
20,1000103040,1
20,1000103041,1
20,1000103051,1
20,1000103052,1
20,1000103068,1
20,1000103069,1
20,1000103070,1
20,1000103077,1
20,1000103487,1
20,1000103488,1
20,1000103497,1
20,1000103501,1
20,1000103502,1
20,1000103521,1
20,1000103523,1
20,1000103524,1
20,1000103542,1
20,1000103545,1
20,1000103548,1
20,1000104918,1
20,1000104920,1
20,1000104921,1
20,1000104922,1
20,1000104929,1
20,1000104930,1
20,1000104931,1
20,1000104935,1
20,1000104936,1
20,1000104944,1
20,1000104966,1
20,1000105726,1
20,1000105727,1
20,1000105728,1
20,1000105729,1
20,1000105751,1
20,1000105754,1
20,1000105763,1
20,1000105764,1
20,1000105765,1
20,1000105779,1
20,1000105783,1
20,1000106510,1
20,1000106511,1
20,1000106558,1
20,1000106559,1
20,1000106561,1
20,1000106565,1
20,1000106609,1
20,1000106626,1
20,1000106629,1
20,1000106645,1
20,1000106646,1
20,1000107241,1
20,1000107268,1
20,1000107269,1
20,1000107273,1
20,1000107292,1
20,1000107299,1
20,1000107309,1
20,1000107314,1
20,1000107365,1
20,1000107372,1
20,1000107373,1
20,1000109101,1
20,1000109135,1
20,1000109138,1
20,1000109156,1
20,1000109158,1
20,1000109159,1
20,1000109181,1
20,1000109192,1
20,1000109193,1
20,1000109249,1
20,1000109250,1
20,1000109985,1
20,1000109995,1
20,1000110006,1
20,1000110007,1
20,1000110020,1
20,1000110021,1
20,1000110026,1
20,1000110044,1
20,1000110045,1
20,1000110046,1
20,1000110058,1
20,1000111274,1
20,1000111279,1
20,1000111280,1
20,1000111281,1
20,1000111298,1
20,1000111299,1
20,1000111308,1
20,1000111310,1
20,1000111312,1
20,1000111315,1
20,1000111332,1
20,1000111806,1
20,1000111821,1
20,1000111824,1
20,1000111825,1
20,1000111826,1
20,1000111844,1
20,1000111845,1
20,1000111848,1
20,1000111849,1
20,1000111850,1
20,1000111858,1
20,1000115206,1
20,1000115208,1
20,1000115209,1
20,1000115238,1
20,1000115239,1
20,1000115240,1
20,1000115241,1
20,1000115244,1
20,1000115251,1
20,1000115259,1
20,1000115282,1
20,1000116535,1
20,1000116542,1
20,1000116543,1
20,1000116561,1
20,1000116567,1
20,1000116568,1
20,1000116574,1
20,1000116596,1
20,1000116617,1
20,1000116634,1
20,1000116648,1
20,1000117651,1
20,1000117652,1
20,1000117655,1
20,1000117656,1
20,1000117657,1
20,1000117658,1
20,1000117659,1
20,1000117670,1
20,1000117678,1
20,1000117683,1
20,1000117684,1
20,1000118117,1
20,1000118133,1
20,1000118153,1
20,1000118172,1
20,1000118173,1
20,1000118174,1
20,1000118175,1
20,1000118177,1
20,1000118178,1
20,1000118218,1
20,1000118230,1
20,1000119791,1
20,1000119809,1
20,1000119824,1
20,1000119864,1
20,1000119879,1
20,1000119948,1
20,1000119962,1
20,1000119973,1
20,1000119974,1
20,1000119983,1
20,1000119984,1
20,1000120685,1
20,1000120692,1
20,1000120719,1
20,1000120720,1
20,1000120738,1
20,1000120739,1
20,1000120756,1
20,1000120758,1
20,1000120760,1
20,1000120766,1
20,1000120767,1
20,1000121619,1
20,1000121620,1
20,1000121703,1
20,1000121704,1
20,1000121706,1
20,1000121735,1
20,1000121736,1
20,1000121780,1
20,1000121819,1
20,1000121824,1
20,1000121872,1
20,1000122981,1
20,1000122982,1
20,1000122983,1
20,1000122986,1
20,1000122989,1
20,1000123032,1
20,1000123036,1
20,1000123076,1
20,1000123077,1
20,1000123089,1
20,1000123108,1
20,1000125567,1
20,1000125570,1
20,1000125617,1
20,1000125618,1
20,1000125622,1
20,1000125639,1
20,1000125642,1
20,1000125643,1
20,1000125680,1
20,1000125685,1
20,1000125719,1
20,1000127558,1
20,1000127559,1
20,1000127570,1
20,1000127572,1
20,1000127573,1
20,1000127596,1
20,1000127609,1
20,1000127622,1
20,1000127623,1
20,1000127650,1
20,1000127656,1
20,1000128417,1
20,1000128418,1
20,1000128445,1
20,1000128448,1
20,1000128455,1
20,1000128457,1
20,1000128470,1
20,1000128475,1
20,1000128476,1
20,1000128534,1
20,1000128550,1
20,1000129160,1
20,1000129164,1
20,1000129167,1
20,1000129189,1
20,1000129190,1
20,1000129208,1
20,1000129267,1
20,1000129269,1
20,1000129270,1
20,1000129302,1
20,1000129319,1
20,1000130048,1
20,1000130049,1
20,1000130080,1
20,1000130101,1
20,1000130104,1
20,1000130105,1
20,1000130141,1
20,1000130142,1
20,1000130162,1
20,1000130207,1
20,1000130219,1
20,1000130891,1
20,1000130892,1
20,1000130895,1
20,1000130898,1
20,1000130899,1
20,1000130900,1
20,1000130901,1
20,1000130902,1
20,1000130928,1
20,1000130929,1
20,1000130985,1
20,1000132041,1
20,1000132042,1
20,1000132070,1
20,1000132096,1
20,1000132156,1
20,1000132173,1
20,1000132205,1
20,1000132219,1
20,1000132226,1
20,1000132237,1
20,1000132285,1
20,1000133158,1
20,1000133162,1
20,1000133177,1
20,1000133197,1
20,1000133200,1
20,1000133201,1
20,1000133202,1
20,1000133215,1
20,1000133238,1
20,1000133260,1
20,1000133261,1
20,1000134002,1
20,1000134006,1
20,1000134008,1
20,1000134013,1
20,1000134023,1
20,1000134040,1
20,1000134047,1
20,1000134068,1
20,1000134069,1
20,1000134070,1
20,1000134071,1
20,1000134832,1
20,1000134851,1
20,1000134858,1
20,1000134900,1
20,1000134901,1
20,1000134907,1
20,1000134908,1
20,1000134926,1
20,1000134927,1
20,1000134940,1
20,1000134964,1
20,1000135791,1
20,1000135801,1
20,1000135802,1
20,1000135840,1
20,1000135844,1
20,1000135871,1
20,1000135873,1
20,1000135878,1
20,1000135905,1
20,1000135906,1
20,1000135924,1
20,1000136585,1
20,1000136593,1
20,1000136595,1
20,1000136609,1
20,1000136618,1
20,1000136649,1
20,1000136650,1
20,1000136652,1
20,1000136656,1
20,1000136661,1
20,1000136664,1
20,1000137317,1
20,1000137318,1
20,1000137319,1
20,1000137320,1
20,1000137321,1
20,1000137322,1
20,1000137331,1
20,1000137332,1
20,1000137336,1
20,1000137337,1
20,1000137409,1
20,1000138257,1
20,1000138260,1
20,1000138273,1
20,1000138274,1
20,1000138281,1
20,1000138304,1
20,1000138307,1
20,1000138308,1
20,1000138317,1
20,1000138321,1
20,1000138343,1
20,1000138863,1
20,1000138866,1
20,1000138868,1
20,1000138888,1
20,1000138889,1
20,1000138898,1
20,1000138899,1
20,1000138920,1
20,1000138926,1
20,1000138945,1
20,1000138952,1
20,1000139626,1
20,1000139642,1
20,1000139646,1
20,1000139679,1
20,1000139680,1
20,1000139682,1
20,1000139683,1
20,1000139685,1
20,1000139704,1
20,1000139711,1
20,1000139716,1
20,1000059853,1
20,1000059854,1
20,1000059855,1
20,1000059911,1
20,1000059913,1
20,1000059938,1
20,1000059960,1
20,1000059971,1
20,1000059974,1
20,1000060002,1
20,1000060023,1
20,1000060238,1
20,1000060239,1
20,1000060241,1
20,1000060244,1
20,1000060261,1
20,1000060266,1
20,1000060309,1
20,1000060320,1
20,1000060380,1
20,1000060384,1
20,1000060385,1
20,1000060726,1
20,1000060734,1
20,1000060735,1
20,1000060737,1
20,1000060738,1
20,1000060749,1
20,1000060757,1
20,1000060764,1
20,1000060767,1
20,1000060769,1
20,1000060838,1
20,1000061058,1
20,1000061067,1
20,1000061117,1
20,1000061141,1
20,1000061151,1
20,1000061152,1
20,1000061153,1
20,1000061166,1
20,1000061171,1
20,1000061187,1
20,1000061188,1
20,1000062026,1
20,1000062037,1
20,1000062047,1
20,1000062092,1
20,1000062094,1
20,1000062096,1
20,1000062139,1
20,1000062140,1
20,1000062173,1
20,1000062174,1
20,1000062194,1
20,1000062664,1
20,1000062671,1
20,1000062672,1
20,1000062673,1
20,1000062675,1
20,1000062684,1
20,1000062719,1
20,1000062723,1
20,1000062735,1
20,1000062736,1
20,1000062761,1
20,1000063434,1
20,1000063435,1
20,1000063446,1
20,1000063447,1
20,1000063541,1
20,1000063542,1
20,1000063543,1
20,1000063553,1
20,1000063558,1
20,1000063562,1
20,1000063566,1
20,1000064592,1
20,1000064610,1
20,1000064628,1
20,1000064643,1
20,1000064664,1
20,1000064683,1
20,1000064686,1
20,1000064693,1
20,1000064743,1
20,1000064772,1
20,1000064773,1
20,1000065948,1
20,1000066010,1
20,1000066019,1
20,1000066032,1
20,1000066050,1
20,1000066051,1
20,1000066100,1
20,1000066172,1
20,1000066173,1
20,1000066200,1
20,1000066204,1
20,1000066992,1
20,1000066993,1
20,1000067057,1
20,1000067058,1
20,1000067059,1
20,1000067106,1
20,1000067121,1
20,1000067128,1
20,1000067158,1
20,1000067159,1
20,1000067160,1
20,1000068550,1
20,1000068568,1
20,1000068570,1
20,1000068591,1
20,1000068592,1
20,1000068610,1
20,1000068632,1
20,1000068633,1
20,1000068639,1
20,1000068640,1
20,1000068646,1
20,1000069654,1
20,1000069658,1
20,1000069669,1
20,1000069673,1
20,1000069678,1
20,1000069717,1
20,1000069718,1
20,1000069719,1
20,1000069721,1
20,1000069785,1
20,1000069811,1
20,1000071002,1
20,1000071050,1
20,1000071051,1
20,1000071052,1
20,1000071053,1
20,1000071054,1
20,1000071073,1
20,1000071101,1
20,1000071111,1
20,1000071115,1
20,1000071120,1
20,1000072009,1
20,1000072020,1
20,1000072031,1
20,1000072045,1
20,1000072047,1
20,1000072048,1
20,1000072079,1
20,1000072132,1
20,1000072134,1
20,1000072204,1
20,1000072209,1
20,1000073505,1
20,1000073534,1
20,1000073535,1
20,1000073549,1
20,1000073554,1
20,1000073561,1
20,1000073602,1
20,1000073604,1
20,1000073607,1
20,1000073624,1
20,1000073630,1
20,1000074941,1
20,1000074944,1
20,1000074945,1
20,1000074946,1
20,1000074957,1
20,1000074992,1
20,1000074994,1
20,1000074995,1
20,1000075019,1
20,1000075021,1
20,1000075055,1
20,1000075598,1
20,1000075690,1
20,1000075741,1
20,1000075744,1
20,1000075745,1
20,1000075754,1
20,1000075788,1
20,1000075804,1
20,1000075809,1
20,1000075825,1
20,1000075827,1
20,1000076779,1
20,1000076783,1
20,1000076784,1
20,1000076785,1
20,1000076786,1
20,1000076802,1
20,1000076826,1
20,1000076831,1
20,1000076832,1
20,1000076853,1
20,1000076866,1
20,1000078161,1
20,1000078163,1
20,1000078180,1
20,1000078184,1
20,1000078201,1
20,1000078202,1
20,1000078242,1
20,1000078261,1
20,1000078263,1
20,1000078272,1
20,1000078310,1
20,1000079108,1
20,1000079138,1
20,1000079141,1
20,1000079179,1
20,1000079187,1
20,1000079216,1
20,1000079218,1
20,1000079219,1
20,1000079220,1
20,1000079230,1
20,1000079264,1
20,1000079991,1
20,1000079993,1
20,1000079997,1
20,1000080001,1
20,1000080002,1
20,1000080003,1
20,1000080004,1
20,1000080022,1
20,1000080023,1
20,1000080042,1
20,1000080077,1
20,1000080958,1
20,1000080975,1
20,1000080986,1
20,1000080999,1
20,1000081002,1
20,1000081003,1
20,1000081026,1
20,1000081028,1
20,1000081035,1
20,1000081037,1
20,1000081050,1
20,1000082093,1
20,1000082094,1
20,1000082096,1
20,1000082097,1
20,1000082099,1
20,1000082100,1
20,1000082101,1
20,1000082133,1
20,1000082157,1
20,1000082164,1
20,1000082170,1
20,1000083098,1
20,1000083099,1
20,1000083100,1
20,1000083101,1
20,1000083113,1
20,1000083114,1
20,1000083115,1
20,1000083116,1
20,1000083153,1
20,1000083154,1
20,1000083156,1
20,1000084266,1
20,1000084269,1
20,1000084279,1
20,1000084280,1
20,1000084285,1
20,1000084287,1
20,1000084292,1
20,1000084301,1
20,1000084303,1
20,1000084332,1
20,1000084360,1
20,1000084877,1
20,1000084881,1
20,1000084882,1
20,1000084888,1
20,1000084890,1
20,1000084891,1
20,1000084909,1
20,1000084937,1
20,1000084991,1
20,1000084993,1
20,1000084994,1
20,1000087436,1
20,1000087437,1
20,1000087439,1
20,1000087444,1
20,1000087531,1
20,1000087533,1
20,1000087540,1
20,1000087580,1
20,1000087581,1
20,1000087582,1
20,1000087585,1
20,1000088892,1
20,1000088907,1
20,1000088909,1
20,1000088920,1
20,1000088921,1
20,1000088927,1
20,1000088929,1
20,1000088932,1
20,1000088935,1
20,1000088958,1
20,1000089006,1
20,1000090235,1
20,1000090241,1
20,1000090242,1
20,1000090245,1
20,1000090253,1
20,1000090275,1
20,1000090363,1
20,1000090385,1
20,1000090398,1
20,1000090481,1
20,1000090518,1
20,1000094305,1
20,1000094307,1
20,1000094314,1
20,1000094316,1
20,1000094324,1
20,1000094325,1
20,1000094334,1
20,1000094360,1
20,1000094361,1
20,1000094422,1
20,1000094432,1
20,1000097357,1
20,1000097368,1
20,1000097370,1
20,1000097390,1
20,1000097391,1
20,1000097398,1
20,1000097400,1
20,1000097431,1
20,1000097444,1
20,1000097446,1
20,1000097448,1
20,1000098419,1
20,1000098427,1
20,1000098428,1
20,1000098440,1
20,1000098441,1
20,1000098461,1
20,1000098462,1
20,1000098476,1
20,1000098477,1
20,1000098479,1
20,1000098495,1
20,1000100551,1
20,1000100627,1
20,1000100668,1
20,1000100669,1
20,1000100712,1
20,1000100713,1
20,1000100714,1
20,1000100730,1
20,1000100731,1
20,1000100732,1
20,1000100733,1
20,1000101174,1
20,1000101175,1
20,1000101176,1
20,1000101201,1
20,1000101202,1
20,1000101209,1
20,1000101237,1
20,1000101245,1
20,1000101255,1
20,1000101262,1
20,1000101264,1
20,1000101747,1
20,1000101779,1
20,1000101786,1
20,1000101788,1
20,1000101814,1
20,1000101815,1
20,1000101821,1
20,1000101828,1
20,1000101829,1
20,1000101835,1
20,1000101858,1
20,1000102749,1
20,1000102758,1
20,1000102774,1
20,1000102783,1
20,1000102794,1
20,1000102795,1
20,1000102810,1
20,1000102839,1
20,1000102840,1
20,1000102845,1
20,1000102848,1
20,1000103626,1
20,1000103628,1
20,1000103629,1
20,1000103637,1
20,1000103642,1
20,1000103660,1
20,1000103661,1
20,1000103674,1
20,1000103675,1
20,1000103683,1
20,1000103684,1
20,1000105207,1
20,1000105208,1
20,1000105213,1
20,1000105221,1
20,1000105222,1
20,1000105285,1
20,1000105293,1
20,1000105294,1
20,1000105295,1
20,1000105296,1
20,1000105331,1
20,1000106286,1
20,1000106287,1
20,1000106301,1
20,1000106302,1
20,1000106303,1
20,1000106313,1
20,1000106346,1
20,1000106362,1
20,1000106363,1
20,1000106367,1
20,1000106369,1
20,1000106971,1
20,1000106974,1
20,1000106988,1
20,1000107001,1
20,1000107008,1
20,1000107011,1
20,1000107031,1
20,1000107053,1
20,1000107056,1
20,1000107068,1
20,1000107072,1
20,1000108973,1
20,1000108975,1
20,1000108976,1
20,1000108980,1
20,1000108981,1
20,1000108982,1
20,1000108983,1
20,1000108984,1
20,1000108988,1
20,1000108989,1
20,1000108990,1
20,1000110144,1
20,1000110172,1
20,1000110173,1
20,1000110174,1
20,1000110175,1
20,1000110203,1
20,1000110209,1
20,1000110216,1
20,1000110223,1
20,1000110224,1
20,1000110248,1
20,1000110919,1
20,1000110920,1
20,1000110935,1
20,1000110937,1
20,1000110949,1
20,1000110950,1
20,1000110952,1
20,1000110961,1
20,1000110962,1
20,1000110971,1
20,1000110976,1
20,1000111689,1
20,1000111712,1
20,1000111728,1
20,1000111748,1
20,1000111765,1
20,1000111766,1
20,1000111769,1
20,1000111782,1
20,1000111802,1
20,1000111804,1
20,1000111805,1
20,1000113419,1
20,1000113421,1
20,1000113428,1
20,1000113435,1
20,1000113436,1
20,1000113447,1
20,1000113448,1
20,1000113450,1
20,1000113452,1
20,1000113453,1
20,1000113454,1
20,1000113994,1
20,1000114018,1
20,1000114031,1
20,1000114032,1
20,1000114033,1
20,1000114044,1
20,1000114045,1
20,1000114046,1
20,1000114052,1
20,1000114055,1
20,1000114074,1
20,1000114497,1
20,1000114524,1
20,1000114525,1
20,1000114531,1
20,1000114532,1
20,1000114543,1
20,1000114572,1
20,1000114573,1
20,1000114574,1
20,1000114575,1
20,1000114576,1
20,1000115062,1
20,1000115063,1
20,1000115080,1
20,1000115091,1
20,1000115101,1
20,1000115105,1
20,1000115138,1
20,1000115147,1
20,1000115161,1
20,1000115184,1
20,1000115196,1
20,1000115510,1
20,1000115511,1
20,1000115512,1
20,1000115520,1
20,1000115541,1
20,1000115542,1
20,1000115550,1
20,1000115554,1
20,1000115557,1
20,1000115570,1
20,1000115571,1
20,1000115807,1
20,1000115819,1
20,1000115820,1
20,1000115864,1
20,1000115865,1
20,1000115886,1
20,1000115888,1
20,1000115889,1
20,1000115894,1
20,1000115897,1
20,1000115945,1
20,1000116153,1
20,1000116167,1
20,1000116177,1
20,1000116179,1
20,1000116180,1
20,1000116183,1
20,1000116202,1
20,1000116203,1
20,1000116204,1
20,1000116214,1
20,1000116220,1
20,1000116980,1
20,1000116984,1
20,1000117015,1
20,1000117031,1
20,1000117032,1
20,1000117048,1
20,1000117052,1
20,1000117053,1
20,1000117055,1
20,1000117059,1
20,1000117079,1
20,1000117326,1
20,1000117327,1
20,1000117333,1
20,1000117335,1
20,1000117341,1
20,1000117342,1
20,1000117350,1
20,1000117373,1
20,1000117384,1
20,1000117422,1
20,1000117425,1
20,1000117932,1
20,1000117935,1
20,1000117936,1
20,1000117945,1
20,1000117946,1
20,1000117973,1
20,1000117974,1
20,1000117975,1
20,1000117976,1
20,1000117977,1
20,1000117978,1
20,1000118407,1
20,1000118408,1
20,1000118409,1
20,1000118410,1
20,1000118411,1
20,1000118412,1
20,1000118413,1
20,1000118414,1
20,1000118415,1
20,1000118416,1
20,1000118417,1
20,1000118673,1
20,1000118695,1
20,1000118696,1
20,1000118725,1
20,1000118738,1
20,1000118742,1
20,1000118744,1
20,1000118755,1
20,1000118756,1
20,1000118757,1
20,1000118763,1
20,1000119123,1
20,1000119167,1
20,1000119168,1
20,1000119169,1
20,1000119181,1
20,1000119182,1
20,1000119183,1
20,1000119188,1
20,1000119189,1
20,1000119190,1
20,1000119191,1
20,1000119477,1
20,1000119541,1
20,1000119542,1
20,1000119564,1
20,1000119570,1
20,1000119574,1
20,1000119589,1
20,1000119594,1
20,1000119595,1
20,1000119603,1
20,1000119604,1
20,1000120312,1
20,1000120314,1
20,1000120323,1
20,1000120324,1
20,1000120333,1
20,1000120334,1
20,1000120335,1
20,1000120345,1
20,1000120377,1
20,1000120378,1
20,1000120381,1
20,1000120768,1
20,1000120769,1
20,1000120770,1
20,1000120771,1
20,1000120772,1
20,1000120773,1
20,1000120774,1
20,1000120782,1
20,1000120785,1
20,1000120787,1
20,1000120806,1
20,1000121128,1
20,1000121129,1
20,1000121133,1
20,1000121134,1
20,1000121145,1
20,1000121146,1
20,1000121147,1
20,1000121148,1
20,1000121149,1
20,1000121150,1
20,1000121151,1
20,1000122037,1
20,1000122040,1
20,1000122069,1
20,1000122083,1
20,1000122085,1
20,1000122101,1
20,1000122102,1
20,1000122121,1
20,1000122172,1
20,1000122173,1
20,1000122187,1
20,1000122399,1
20,1000122400,1
20,1000122429,1
20,1000122443,1
20,1000122444,1
20,1000122445,1
20,1000122446,1
20,1000122451,1
20,1000122452,1
20,1000122480,1
20,1000122481,1
20,1000122686,1
20,1000122719,1
20,1000122720,1
20,1000122728,1
20,1000122741,1
20,1000122751,1
20,1000122768,1
20,1000122771,1
20,1000122773,1
20,1000122786,1
20,1000122802,1
20,1000123206,1
20,1000123208,1
20,1000123209,1
20,1000123210,1
20,1000123212,1
20,1000123215,1
20,1000123223,1
20,1000123229,1
20,1000123230,1
20,1000123233,1
20,1000123234,1
20,1000123783,1
20,1000123820,1
20,1000123828,1
20,1000123838,1
20,1000123839,1
20,1000123840,1
20,1000123856,1
20,1000123866,1
20,1000123879,1
20,1000123883,1
20,1000123894,1
20,1000124505,1
20,1000124506,1
20,1000124507,1
20,1000124508,1
20,1000124528,1
20,1000124529,1
20,1000124532,1
20,1000124533,1
20,1000124534,1
20,1000124547,1
20,1000124554,1
20,1000124826,1
20,1000124827,1
20,1000124835,1
20,1000124838,1
20,1000124892,1
20,1000124893,1
20,1000124907,1
20,1000124959,1
20,1000124960,1
20,1000124982,1
20,1000124983,1
20,1000125140,1
20,1000125141,1
20,1000125161,1
20,1000125176,1
20,1000125177,1
20,1000125178,1
20,1000125179,1
20,1000125200,1
20,1000125206,1
20,1000125207,1
20,1000125221,1
20,1000125438,1
20,1000125440,1
20,1000125441,1
20,1000125461,1
20,1000125472,1
20,1000125473,1
20,1000125514,1
20,1000125515,1
20,1000125530,1
20,1000125531,1
20,1000125532,1
20,1000126299,1
20,1000126300,1
20,1000126301,1
20,1000126302,1
20,1000126338,1
20,1000126361,1
20,1000126373,1
20,1000126397,1
20,1000126408,1
20,1000126435,1
20,1000126513,1
20,1000060040,1
20,1000060061,1
20,1000060068,1
20,1000060073,1
20,1000060082,1
20,1000060083,1
20,1000060114,1
20,1000060120,1
20,1000060144,1
20,1000060145,1
20,1000060147,1
20,1000060534,1
20,1000060559,1
20,1000060576,1
20,1000060583,1
20,1000060614,1
20,1000060615,1
20,1000060616,1
20,1000060619,1
20,1000060626,1
20,1000060627,1
20,1000060632,1
20,1000060958,1
20,1000061001,1
20,1000061002,1
20,1000061013,1
20,1000061017,1
20,1000061018,1
20,1000061026,1
20,1000061041,1
20,1000061042,1
20,1000061047,1
20,1000061048,1
20,1000061790,1
20,1000061824,1
20,1000061826,1
20,1000061827,1
20,1000061831,1
20,1000061856,1
20,1000061876,1
20,1000061891,1
20,1000061899,1
20,1000061900,1
20,1000061906,1
20,1000062762,1
20,1000062772,1
20,1000062779,1
20,1000062784,1
20,1000062835,1
20,1000062862,1
20,1000062884,1
20,1000062885,1
20,1000062902,1
20,1000062911,1
20,1000062929,1
20,1000063873,1
20,1000063877,1
20,1000063891,1
20,1000063898,1
20,1000063921,1
20,1000063927,1
20,1000063956,1
20,1000063974,1
20,1000063977,1
20,1000063978,1
20,1000063980,1
20,1000064793,1
20,1000064801,1
20,1000064804,1
20,1000064862,1
20,1000064869,1
20,1000064877,1
20,1000064927,1
20,1000064931,1
20,1000064932,1
20,1000064940,1
20,1000064944,1
20,1000066311,1
20,1000066337,1
20,1000066338,1
20,1000066361,1
20,1000066367,1
20,1000066380,1
20,1000066417,1
20,1000066435,1
20,1000066458,1
20,1000066459,1
20,1000066468,1
20,1000067161,1
20,1000067190,1
20,1000067202,1
20,1000067210,1
20,1000067215,1
20,1000067216,1
20,1000067218,1
20,1000067243,1
20,1000067273,1
20,1000067280,1
20,1000067314,1
20,1000068238,1
20,1000068239,1
20,1000068266,1
20,1000068269,1
20,1000068273,1
20,1000068283,1
20,1000068298,1
20,1000068300,1
20,1000068317,1
20,1000068325,1
20,1000068350,1
20,1000070777,1
20,1000070778,1
20,1000070782,1
20,1000070790,1
20,1000070816,1
20,1000070817,1
20,1000070821,1
20,1000070825,1
20,1000070841,1
20,1000070862,1
20,1000070863,1
20,1000072526,1
20,1000072547,1
20,1000072551,1
20,1000072555,1
20,1000072648,1
20,1000072684,1
20,1000072685,1
20,1000072711,1
20,1000072717,1
20,1000072756,1
20,1000072776,1
20,1000074268,1
20,1000074316,1
20,1000074325,1
20,1000074364,1
20,1000074378,1
20,1000074384,1
20,1000074404,1
20,1000074415,1
20,1000074416,1
20,1000074429,1
20,1000074447,1
20,1000075426,1
20,1000075428,1
20,1000075429,1
20,1000075435,1
20,1000075440,1
20,1000075441,1
20,1000075448,1
20,1000075465,1
20,1000075488,1
20,1000075501,1
20,1000075515,1
20,1000076895,1
20,1000076897,1
20,1000076898,1
20,1000076899,1
20,1000076900,1
20,1000076901,1
20,1000076902,1
20,1000076909,1
20,1000076912,1
20,1000076927,1
20,1000076957,1
20,1000078452,1
20,1000078469,1
20,1000078481,1
20,1000078494,1
20,1000078509,1
20,1000078519,1
20,1000078520,1
20,1000078522,1
20,1000078533,1
20,1000078574,1
20,1000078581,1
20,1000079882,1
20,1000079891,1
20,1000079893,1
20,1000079925,1
20,1000079934,1
20,1000079947,1
20,1000079953,1
20,1000079967,1
20,1000079988,1
20,1000079989,1
20,1000079990,1
20,1000081202,1
20,1000081208,1
20,1000081211,1
20,1000081214,1
20,1000081218,1
20,1000081219,1
20,1000081229,1
20,1000081231,1
20,1000081241,1
20,1000081242,1
20,1000081280,1
20,1000082188,1
20,1000082189,1
20,1000082193,1
20,1000082212,1
20,1000082231,1
20,1000082239,1
20,1000082282,1
20,1000082305,1
20,1000082306,1
20,1000082307,1
20,1000082308,1
20,1000083157,1
20,1000083164,1
20,1000083168,1
20,1000083184,1
20,1000083185,1
20,1000083230,1
20,1000083250,1
20,1000083270,1
20,1000083271,1
20,1000083273,1
20,1000083281,1
20,1000084695,1
20,1000084727,1
20,1000084746,1
20,1000084769,1
20,1000084770,1
20,1000084771,1
20,1000084772,1
20,1000084778,1
20,1000084794,1
20,1000084795,1
20,1000084796,1
20,1000094057,1
20,1000094058,1
20,1000094060,1
20,1000094061,1
20,1000094084,1
20,1000094085,1
20,1000094086,1
20,1000094087,1
20,1000094096,1
20,1000094131,1
20,1000094138,1
20,1000104237,1
20,1000104238,1
20,1000104239,1
20,1000104240,1
20,1000104242,1
20,1000104243,1
20,1000104248,1
20,1000104249,1
20,1000104256,1
20,1000104257,1
20,1000104267,1
20,1000109581,1
20,1000109583,1
20,1000109590,1
20,1000109605,1
20,1000109615,1
20,1000109653,1
20,1000109654,1
20,1000109664,1
20,1000109668,1
20,1000109669,1
20,1000109670,1
20,1000124251,1
20,1000124261,1
20,1000124295,1
20,1000124296,1
20,1000124302,1
20,1000124334,1
20,1000124337,1
20,1000124338,1
20,1000124345,1
20,1000124346,1
20,1000124359,1
20,1000127460,1
20,1000127471,1
20,1000127483,1
20,1000127486,1
20,1000127491,1
20,1000127495,1
20,1000127496,1
20,1000127515,1
20,1000127526,1
20,1000127530,1
20,1000127532,1
20,1000128023,1
20,1000128038,1
20,1000128039,1
20,1000128044,1
20,1000128078,1
20,1000128083,1
20,1000128142,1
20,1000128148,1
20,1000128149,1
20,1000128161,1
20,1000128166,1
20,1000128551,1
20,1000128552,1
20,1000128557,1
20,1000128564,1
20,1000128565,1
20,1000128566,1
20,1000128578,1
20,1000128579,1
20,1000128580,1
20,1000128581,1
20,1000128604,1
20,1000129041,1
20,1000129042,1
20,1000129043,1
20,1000129044,1
20,1000129064,1
20,1000129065,1
20,1000129091,1
20,1000129127,1
20,1000129128,1
20,1000129130,1
20,1000129159,1
20,1000129666,1
20,1000129684,1
20,1000129762,1
20,1000129769,1
20,1000129792,1
20,1000129821,1
20,1000129822,1
20,1000129823,1
20,1000129844,1
20,1000129845,1
20,1000129852,1
20,1000130505,1
20,1000130533,1
20,1000130542,1
20,1000130543,1
20,1000130593,1
20,1000130594,1
20,1000130609,1
20,1000130612,1
20,1000130625,1
20,1000130626,1
20,1000130654,1
20,1000130986,1
20,1000130994,1
20,1000131065,1
20,1000131067,1
20,1000131122,1
20,1000131197,1
20,1000131198,1
20,1000131199,1
20,1000131201,1
20,1000131215,1
20,1000131216,1
20,1000131418,1
20,1000131420,1
20,1000131434,1
20,1000131436,1
20,1000131461,1
20,1000131474,1
20,1000131482,1
20,1000131483,1
20,1000131484,1
20,1000131486,1
20,1000131497,1
20,1000132323,1
20,1000132331,1
20,1000132332,1
20,1000132341,1
20,1000132346,1
20,1000132414,1
20,1000132435,1
20,1000132442,1
20,1000132445,1
20,1000132449,1
20,1000132487,1
20,1000132950,1
20,1000132952,1
20,1000132974,1
20,1000133047,1
20,1000133048,1
20,1000133101,1
20,1000133103,1
20,1000133104,1
20,1000133113,1
20,1000133121,1
20,1000133136,1
20,1000133573,1
20,1000133590,1
20,1000133640,1
20,1000133672,1
20,1000133676,1
20,1000133691,1
20,1000133692,1
20,1000133699,1
20,1000133709,1
20,1000133716,1
20,1000133760,1
20,1000134072,1
20,1000134081,1
20,1000134082,1
20,1000134083,1
20,1000134097,1
20,1000134117,1
20,1000134118,1
20,1000134129,1
20,1000134161,1
20,1000134196,1
20,1000134222,1
20,1000134812,1
20,1000134813,1
20,1000134816,1
20,1000134817,1
20,1000134818,1
20,1000134819,1
20,1000134824,1
20,1000134826,1
20,1000134829,1
20,1000134830,1
20,1000134831,1
20,1000135387,1
20,1000135399,1
20,1000135401,1
20,1000135402,1
20,1000135404,1
20,1000135405,1
20,1000135415,1
20,1000135438,1
20,1000135439,1
20,1000135441,1
20,1000135445,1
20,1000136065,1
20,1000136071,1
20,1000136094,1
20,1000136095,1
20,1000136110,1
20,1000136119,1
20,1000136140,1
20,1000136155,1
20,1000136156,1
20,1000136164,1
20,1000136165,1
20,1000136679,1
20,1000136680,1
20,1000136702,1
20,1000136705,1
20,1000136709,1
20,1000136711,1
20,1000136712,1
20,1000136714,1
20,1000136722,1
20,1000136723,1
20,1000136731,1
20,1000137021,1
20,1000137022,1
20,1000137025,1
20,1000137026,1
20,1000137027,1
20,1000137057,1
20,1000137077,1
20,1000137090,1
20,1000137112,1
20,1000137113,1
20,1000137116,1
20,1000137709,1
20,1000137711,1
20,1000137719,1
20,1000137736,1
20,1000137755,1
20,1000137756,1
20,1000137757,1
20,1000137758,1
20,1000137759,1
20,1000137760,1
20,1000137761,1
20,1000138353,1
20,1000138354,1
20,1000138355,1
20,1000138376,1
20,1000138377,1
20,1000138384,1
20,1000138385,1
20,1000138405,1
20,1000138406,1
20,1000138415,1
20,1000138417,1
20,1000138966,1
20,1000139004,1
20,1000139030,1
20,1000139042,1
20,1000139048,1
20,1000139065,1
20,1000139066,1
20,1000139143,1
20,1000139144,1
20,1000139145,1
20,1000139146,1
20,1000139395,1
20,1000139409,1
20,1000139434,1
20,1000139440,1
20,1000139444,1
20,1000139462,1
20,1000139463,1
20,1000139478,1
20,1000139479,1
20,1000139495,1
20,1000139508,1
20,1000139855,1
20,1000139856,1
20,1000139857,1
20,1000139858,1
20,1000139859,1
20,1000139862,1
20,1000139866,1
20,1000139918,1
20,1000139919,1
20,1000139920,1
20,1000139926,1
20,1000060148,1
20,1000060149,1
20,1000060169,1
20,1000060170,1
20,1000060178,1
20,1000060195,1
20,1000060225,1
20,1000060226,1
20,1000060227,1
20,1000060233,1
20,1000060236,1
20,1000061189,1
20,1000061199,1
20,1000061200,1
20,1000061201,1
20,1000061207,1
20,1000061219,1
20,1000061250,1
20,1000061257,1
20,1000061258,1
20,1000061268,1
20,1000061307,1
20,1000062430,1
20,1000062431,1
20,1000062432,1
20,1000062433,1
20,1000062434,1
20,1000062437,1
20,1000062438,1
20,1000062447,1
20,1000062450,1
20,1000062479,1
20,1000062480,1
20,1000063297,1
20,1000063304,1
20,1000063315,1
20,1000063318,1
20,1000063324,1
20,1000063347,1
20,1000063381,1
20,1000063395,1
20,1000063417,1
20,1000063418,1
20,1000063433,1
20,1000064483,1
20,1000064484,1
20,1000064488,1
20,1000064506,1
20,1000064521,1
20,1000064527,1
20,1000064557,1
20,1000064572,1
20,1000064573,1
20,1000064589,1
20,1000064591,1
20,1000065386,1
20,1000065443,1
20,1000065475,1
20,1000065479,1
20,1000065497,1
20,1000065505,1
20,1000065512,1
20,1000065514,1
20,1000065515,1
20,1000065516,1
20,1000065539,1
20,1000066669,1
20,1000066686,1
20,1000066689,1
20,1000066697,1
20,1000066711,1
20,1000066713,1
20,1000066714,1
20,1000066729,1
20,1000066732,1
20,1000066754,1
20,1000066756,1
20,1000067958,1
20,1000067963,1
20,1000068010,1
20,1000068014,1
20,1000068016,1
20,1000068031,1
20,1000068032,1
20,1000068037,1
20,1000068038,1
20,1000068063,1
20,1000068064,1
20,1000069206,1
20,1000069243,1
20,1000069258,1
20,1000069267,1
20,1000069270,1
20,1000069292,1
20,1000069295,1
20,1000069378,1
20,1000069385,1
20,1000069391,1
20,1000069430,1
20,1000070606,1
20,1000070607,1
20,1000070646,1
20,1000070672,1
20,1000070673,1
20,1000070675,1
20,1000070676,1
20,1000070682,1
20,1000070713,1
20,1000070744,1
20,1000070776,1
20,1000072895,1
20,1000072910,1
20,1000072923,1
20,1000072924,1
20,1000072925,1
20,1000072936,1
20,1000072944,1
20,1000072945,1
20,1000072946,1
20,1000072948,1
20,1000072958,1
20,1000074452,1
20,1000074472,1
20,1000074497,1
20,1000074509,1
20,1000074543,1
20,1000074550,1
20,1000074563,1
20,1000074583,1
20,1000074584,1
20,1000074585,1
20,1000074594,1
20,1000075990,1
20,1000075992,1
20,1000075999,1
20,1000076015,1
20,1000076045,1
20,1000076083,1
20,1000076117,1
20,1000076120,1
20,1000076122,1
20,1000076123,1
20,1000076171,1
20,1000077743,1
20,1000077777,1
20,1000077799,1
20,1000077860,1
20,1000077863,1
20,1000077881,1
20,1000077886,1
20,1000077887,1
20,1000077889,1
20,1000077890,1
20,1000077913,1
20,1000079419,1
20,1000079464,1
20,1000079476,1
20,1000079486,1
20,1000079516,1
20,1000079551,1
20,1000079564,1
20,1000079569,1
20,1000079601,1
20,1000079609,1
20,1000079625,1
20,1000080390,1
20,1000080396,1
20,1000080398,1
20,1000080399,1
20,1000080413,1
20,1000080417,1
20,1000080425,1
20,1000080427,1
20,1000080428,1
20,1000080431,1
20,1000080432,1
20,1000081401,1
20,1000081402,1
20,1000081407,1
20,1000081424,1
20,1000081435,1
20,1000081461,1
20,1000081463,1
20,1000081466,1
20,1000081469,1
20,1000081542,1
20,1000081543,1
20,1000082532,1
20,1000082582,1
20,1000082586,1
20,1000082591,1
20,1000082619,1
20,1000082620,1
20,1000082640,1
20,1000082641,1
20,1000082649,1
20,1000082660,1
20,1000082667,1
20,1000084115,1
20,1000084190,1
20,1000084200,1
20,1000084204,1
20,1000084205,1
20,1000084219,1
20,1000084220,1
20,1000084232,1
20,1000084243,1
20,1000084251,1
20,1000084263,1
20,1000088582,1
20,1000088588,1
20,1000088595,1
20,1000088626,1
20,1000088662,1
20,1000088672,1
20,1000088674,1
20,1000088675,1
20,1000088676,1
20,1000088736,1
20,1000088737,1
20,1000106128,1
20,1000106131,1
20,1000106132,1
20,1000106165,1
20,1000106215,1
20,1000106216,1
20,1000106262,1
20,1000106272,1
20,1000106273,1
20,1000106275,1
20,1000106285,1
20,1000108445,1
20,1000108447,1
20,1000108452,1
20,1000108466,1
20,1000108467,1
20,1000108468,1
20,1000108476,1
20,1000108480,1
20,1000108484,1
20,1000108485,1
20,1000108508,1
20,1000109260,1
20,1000109262,1
20,1000109263,1
20,1000109269,1
20,1000109278,1
20,1000109293,1
20,1000109304,1
20,1000109334,1
20,1000109335,1
20,1000109358,1
20,1000109368,1
20,1000112014,1
20,1000112036,1
20,1000112049,1
20,1000112050,1
20,1000112069,1
20,1000112070,1
20,1000112076,1
20,1000112083,1
20,1000112085,1
20,1000112111,1
20,1000112113,1
20,1000123338,1
20,1000123339,1
20,1000123340,1
20,1000123369,1
20,1000123412,1
20,1000123429,1
20,1000123430,1
20,1000123444,1
20,1000123447,1
20,1000123448,1
20,1000123520,1
20,1000127287,1
20,1000127325,1
20,1000127330,1
20,1000127331,1
20,1000127345,1
20,1000127350,1
20,1000127365,1
20,1000127367,1
20,1000127368,1
20,1000127369,1
20,1000127375,1
20,1000127747,1
20,1000127782,1
20,1000127792,1
20,1000127800,1
20,1000127825,1
20,1000127829,1
20,1000127836,1
20,1000127847,1
20,1000127848,1
20,1000127859,1
20,1000127879,1
20,1000128172,1
20,1000128191,1
20,1000128211,1
20,1000128218,1
20,1000128220,1
20,1000128223,1
20,1000128227,1
20,1000128236,1
20,1000128248,1
20,1000128274,1
20,1000128286,1
20,1000128840,1
20,1000128843,1
20,1000128844,1
20,1000128845,1
20,1000128852,1
20,1000128869,1
20,1000128872,1
20,1000128880,1
20,1000128883,1
20,1000128899,1
20,1000128902,1
20,1000129320,1
20,1000129321,1
20,1000129322,1
20,1000129323,1
20,1000129339,1
20,1000129340,1
20,1000129353,1
20,1000129354,1
20,1000129355,1
20,1000129361,1
20,1000129380,1
20,1000129903,1
20,1000129908,1
20,1000129909,1
20,1000129910,1
20,1000129911,1
20,1000129918,1
20,1000129970,1
20,1000129979,1
20,1000130032,1
20,1000130033,1
20,1000130047,1
20,1000130674,1
20,1000130737,1
20,1000130738,1
20,1000130745,1
20,1000130760,1
20,1000130781,1
20,1000130784,1
20,1000130789,1
20,1000130790,1
20,1000130798,1
20,1000130805,1
20,1000131328,1
20,1000131329,1
20,1000131330,1
20,1000131331,1
20,1000131337,1
20,1000131346,1
20,1000131365,1
20,1000131369,1
20,1000131370,1
20,1000131373,1
20,1000131374,1
20,1000131498,1
20,1000131499,1
20,1000131504,1
20,1000131510,1
20,1000131511,1
20,1000131516,1
20,1000131541,1
20,1000131563,1
20,1000131566,1
20,1000131621,1
20,1000131626,1
20,1000132492,1
20,1000132527,1
20,1000132544,1
20,1000132546,1
20,1000132547,1
20,1000132550,1
20,1000132560,1
20,1000132561,1
20,1000132571,1
20,1000132604,1
20,1000132613,1
20,1000133266,1
20,1000133268,1
20,1000133286,1
20,1000133287,1
20,1000133291,1
20,1000133294,1
20,1000133324,1
20,1000133325,1
20,1000133339,1
20,1000133349,1
20,1000133350,1
20,1000133781,1
20,1000133820,1
20,1000133826,1
20,1000133829,1
20,1000133831,1
20,1000133848,1
20,1000133853,1
20,1000133861,1
20,1000133882,1
20,1000133897,1
20,1000133905,1
20,1000134406,1
20,1000134442,1
20,1000134443,1
20,1000134466,1
20,1000134467,1
20,1000134500,1
20,1000134508,1
20,1000134524,1
20,1000134526,1
20,1000134531,1
20,1000134544,1
20,1000134965,1
20,1000134966,1
20,1000134974,1
20,1000134975,1
20,1000134976,1
20,1000135001,1
20,1000135002,1
20,1000135105,1
20,1000135107,1
20,1000135108,1
20,1000135124,1
20,1000135677,1
20,1000135678,1
20,1000135679,1
20,1000135688,1
20,1000135690,1
20,1000135733,1
20,1000135736,1
20,1000135738,1
20,1000135756,1
20,1000135762,1
20,1000135790,1
20,1000136276,1
20,1000136278,1
20,1000136285,1
20,1000136313,1
20,1000136372,1
20,1000136374,1
20,1000136377,1
20,1000136383,1
20,1000136390,1
20,1000136423,1
20,1000136430,1
20,1000136923,1
20,1000136929,1
20,1000136930,1
20,1000136931,1
20,1000136932,1
20,1000136934,1
20,1000136966,1
20,1000136972,1
20,1000136974,1
20,1000137007,1
20,1000137013,1
20,1000137556,1
20,1000137558,1
20,1000137578,1
20,1000137587,1
20,1000137588,1
20,1000137605,1
20,1000137626,1
20,1000137656,1
20,1000137666,1
20,1000137678,1
20,1000137679,1
20,1000138127,1
20,1000138135,1
20,1000138136,1
20,1000138137,1
20,1000138153,1
20,1000138154,1
20,1000138155,1
20,1000138215,1
20,1000138254,1
20,1000138255,1
20,1000138256,1
20,1000138585,1
20,1000138586,1
20,1000138587,1
20,1000138588,1
20,1000138601,1
20,1000138637,1
20,1000138668,1
20,1000138670,1
20,1000138671,1
20,1000138675,1
20,1000138676,1
20,1000139223,1
20,1000139224,1
20,1000139225,1
20,1000139228,1
20,1000139230,1
20,1000139235,1
20,1000139236,1
20,1000139239,1
20,1000139241,1
20,1000139242,1
20,1000139256,1
20,1000139732,1
20,1000139733,1
20,1000139756,1
20,1000139766,1
20,1000139767,1
20,1000139768,1
20,1000139778,1
20,1000139799,1
20,1000139800,1
20,1000139818,1
20,1000139854,1
20,1000061328,1
20,1000061332,1
20,1000061377,1
20,1000061393,1
20,1000061400,1
20,1000061401,1
20,1000061412,1
20,1000061413,1
20,1000061418,1
20,1000061433,1
20,1000061435,1
20,1000068086,1
20,1000068100,1
20,1000068139,1
20,1000068140,1
20,1000068144,1
20,1000068167,1
20,1000068183,1
20,1000068184,1
20,1000068188,1
20,1000068190,1
20,1000068237,1
20,1000069431,1
20,1000069437,1
20,1000069468,1
20,1000069473,1
20,1000069474,1
20,1000069475,1
20,1000069513,1
20,1000069531,1
20,1000069543,1
20,1000069544,1
20,1000069548,1
20,1000071568,1
20,1000071614,1
20,1000071637,1
20,1000071639,1
20,1000071640,1
20,1000071648,1
20,1000071674,1
20,1000071699,1
20,1000071701,1
20,1000071719,1
20,1000071789,1
20,1000073146,1
20,1000073161,1
20,1000073202,1
20,1000073207,1
20,1000073249,1
20,1000073254,1
20,1000073255,1
20,1000073304,1
20,1000073305,1
20,1000073313,1
20,1000073332,1
20,1000074595,1
20,1000074596,1
20,1000074597,1
20,1000074598,1
20,1000074669,1
20,1000074683,1
20,1000074691,1
20,1000074696,1
20,1000074702,1
20,1000074729,1
20,1000074745,1
20,1000076181,1
20,1000076193,1
20,1000076210,1
20,1000076211,1
20,1000076244,1
20,1000076249,1
20,1000076255,1
20,1000076259,1
20,1000076286,1
20,1000076310,1
20,1000076316,1
20,1000077193,1
20,1000077194,1
20,1000077210,1
20,1000077250,1
20,1000077309,1
20,1000077347,1
20,1000077401,1
20,1000077419,1
20,1000077441,1
20,1000077457,1
20,1000077481,1
20,1000078990,1
20,1000079062,1
20,1000079065,1
20,1000079067,1
20,1000079075,1
20,1000079076,1
20,1000079093,1
20,1000079102,1
20,1000079105,1
20,1000079106,1
20,1000079107,1
20,1000080096,1
20,1000080125,1
20,1000080139,1
20,1000080153,1
20,1000080156,1
20,1000080170,1
20,1000080190,1
20,1000080214,1
20,1000080227,1
20,1000080228,1
20,1000080231,1
20,1000080627,1
20,1000080640,1
20,1000080641,1
20,1000080650,1
20,1000080663,1
20,1000080668,1
20,1000080710,1
20,1000080714,1
20,1000080715,1
20,1000080730,1
20,1000080739,1
20,1000081544,1
20,1000081545,1
20,1000081552,1
20,1000081556,1
20,1000081558,1
20,1000081559,1
20,1000081590,1
20,1000081591,1
20,1000081599,1
20,1000081641,1
20,1000081643,1
20,1000082309,1
20,1000082311,1
20,1000082347,1
20,1000082356,1
20,1000082362,1
20,1000082370,1
20,1000082388,1
20,1000082392,1
20,1000082393,1
20,1000082403,1
20,1000082405,1
20,1000083285,1
20,1000083292,1
20,1000083296,1
20,1000083297,1
20,1000083308,1
20,1000083315,1
20,1000083328,1
20,1000083375,1
20,1000083383,1
20,1000083402,1
20,1000083403,1
20,1000084387,1
20,1000084396,1
20,1000084403,1
20,1000084409,1
20,1000084432,1
20,1000084458,1
20,1000084479,1
20,1000084484,1
20,1000084496,1
20,1000084497,1
20,1000084498,1
20,1000085666,1
20,1000085669,1
20,1000085673,1
20,1000085686,1
20,1000085724,1
20,1000085740,1
20,1000085744,1
20,1000085750,1
20,1000085751,1
20,1000085757,1
20,1000085758,1
20,1000086742,1
20,1000086743,1
20,1000086759,1
20,1000086760,1
20,1000086790,1
20,1000086849,1
20,1000086874,1
20,1000086885,1
20,1000086886,1
20,1000086902,1
20,1000086905,1
20,1000088439,1
20,1000088446,1
20,1000088451,1
20,1000088459,1
20,1000088460,1
20,1000088468,1
20,1000088503,1
20,1000088504,1
20,1000088528,1
20,1000088552,1
20,1000088564,1
20,1000089914,1
20,1000089930,1
20,1000089943,1
20,1000089945,1
20,1000090009,1
20,1000090013,1
20,1000090016,1
20,1000090017,1
20,1000090050,1
20,1000090054,1
20,1000090102,1
20,1000090972,1
20,1000090984,1
20,1000090987,1
20,1000091036,1
20,1000091041,1
20,1000091042,1
20,1000091071,1
20,1000091072,1
20,1000091105,1
20,1000091108,1
20,1000091109,1
20,1000091852,1
20,1000091855,1
20,1000091856,1
20,1000091859,1
20,1000091902,1
20,1000091903,1
20,1000091904,1
20,1000091952,1
20,1000091953,1
20,1000091955,1
20,1000091960,1
20,1000093212,1
20,1000093213,1
20,1000093226,1
20,1000093232,1
20,1000093267,1
20,1000093268,1
20,1000093270,1
20,1000093271,1
20,1000093279,1
20,1000093300,1
20,1000093302,1
20,1000095080,1
20,1000095082,1
20,1000095084,1
20,1000095085,1
20,1000095086,1
20,1000095095,1
20,1000095103,1
20,1000095120,1
20,1000095141,1
20,1000095146,1
20,1000095147,1
20,1000096100,1
20,1000096101,1
20,1000096104,1
20,1000096134,1
20,1000096147,1
20,1000096190,1
20,1000096191,1
20,1000096203,1
20,1000096205,1
20,1000096206,1
20,1000096207,1
20,1000098709,1
20,1000098710,1
20,1000098711,1
20,1000098714,1
20,1000098717,1
20,1000098718,1
20,1000098719,1
20,1000098720,1
20,1000098721,1
20,1000098722,1
20,1000098724,1
20,1000099468,1
20,1000099471,1
20,1000099495,1
20,1000099496,1
20,1000099499,1
20,1000099520,1
20,1000099521,1
20,1000099525,1
20,1000099547,1
20,1000099548,1
20,1000099562,1
20,1000100271,1
20,1000100272,1
20,1000100273,1
20,1000100299,1
20,1000100301,1
20,1000100306,1
20,1000100307,1
20,1000100308,1
20,1000100312,1
20,1000100324,1
20,1000100335,1
20,1000101268,1
20,1000101269,1
20,1000101270,1
20,1000101271,1
20,1000101272,1
20,1000101273,1
20,1000101274,1
20,1000101275,1
20,1000101279,1
20,1000101280,1
20,1000101291,1
20,1000102009,1
20,1000102010,1
20,1000102040,1
20,1000102041,1
20,1000102044,1
20,1000102045,1
20,1000102061,1
20,1000102072,1
20,1000102073,1
20,1000102097,1
20,1000102098,1
20,1000103370,1
20,1000103374,1
20,1000103378,1
20,1000103384,1
20,1000103390,1
20,1000103391,1
20,1000103400,1
20,1000103408,1
20,1000103424,1
20,1000103425,1
20,1000103437,1
20,1000104090,1
20,1000104098,1
20,1000104103,1
20,1000104105,1
20,1000104139,1
20,1000104177,1
20,1000104207,1
20,1000104208,1
20,1000104233,1
20,1000104234,1
20,1000104235,1
20,1000104662,1
20,1000104665,1
20,1000104674,1
20,1000104677,1
20,1000104679,1
20,1000104689,1
20,1000104700,1
20,1000104716,1
20,1000104717,1
20,1000104718,1
20,1000104722,1
20,1000107374,1
20,1000107379,1
20,1000107403,1
20,1000107404,1
20,1000107405,1
20,1000107406,1
20,1000107407,1
20,1000107412,1
20,1000107429,1
20,1000107430,1
20,1000107431,1
20,1000108299,1
20,1000108313,1
20,1000108314,1
20,1000108322,1
20,1000108340,1
20,1000108345,1
20,1000108346,1
20,1000108350,1
20,1000108355,1
20,1000108360,1
20,1000108366,1
20,1000109915,1
20,1000109925,1
20,1000109931,1
20,1000109958,1
20,1000109962,1
20,1000109963,1
20,1000109964,1
20,1000109973,1
20,1000109977,1
20,1000109982,1
20,1000109984,1
20,1000110982,1
20,1000110991,1
20,1000111028,1
20,1000111037,1
20,1000111038,1
20,1000111039,1
20,1000111042,1
20,1000111043,1
20,1000111044,1
20,1000111046,1
20,1000111079,1
20,1000111923,1
20,1000111924,1
20,1000111963,1
20,1000111975,1
20,1000111976,1
20,1000111980,1
20,1000112002,1
20,1000112003,1
20,1000112009,1
20,1000112010,1
20,1000112013,1
20,1000112642,1
20,1000112648,1
20,1000112670,1
20,1000112709,1
20,1000112711,1
20,1000112712,1
20,1000112732,1
20,1000112733,1
20,1000112734,1
20,1000112735,1
20,1000112736,1
20,1000113332,1
20,1000113333,1
20,1000113355,1
20,1000113385,1
20,1000113386,1
20,1000113397,1
20,1000113398,1
20,1000113399,1
20,1000113406,1
20,1000113414,1
20,1000113417,1
20,1000113944,1
20,1000113945,1
20,1000113946,1
20,1000113952,1
20,1000113958,1
20,1000113964,1
20,1000113967,1
20,1000113968,1
20,1000113969,1
20,1000113979,1
20,1000113980,1
20,1000116670,1
20,1000116685,1
20,1000116700,1
20,1000116752,1
20,1000116784,1
20,1000116787,1
20,1000116789,1
20,1000116793,1
20,1000116801,1
20,1000116836,1
20,1000116862,1
20,1000118330,1
20,1000118331,1
20,1000118335,1
20,1000118336,1
20,1000118339,1
20,1000118373,1
20,1000118374,1
20,1000118377,1
20,1000118378,1
20,1000118383,1
20,1000118406,1
20,1000118880,1
20,1000118881,1
20,1000118882,1
20,1000118886,1
20,1000118909,1
20,1000118911,1
20,1000118915,1
20,1000118920,1
20,1000118923,1
20,1000118933,1
20,1000118944,1
20,1000121487,1
20,1000121488,1
20,1000121533,1
20,1000121539,1
20,1000121548,1
20,1000121556,1
20,1000121557,1
20,1000121560,1
20,1000121562,1
20,1000121616,1
20,1000121618,1
20,1000122573,1
20,1000122588,1
20,1000122589,1
20,1000122618,1
20,1000122619,1
20,1000122621,1
20,1000122623,1
20,1000122668,1
20,1000122675,1
20,1000122676,1
20,1000122679,1
20,1000124555,1
20,1000124595,1
20,1000124597,1
20,1000124662,1
20,1000124668,1
20,1000124669,1
20,1000124671,1
20,1000124675,1
20,1000124701,1
20,1000124703,1
20,1000124723,1
20,1000061537,1
20,1000061538,1
20,1000061539,1
20,1000061552,1
20,1000061564,1
20,1000061582,1
20,1000061593,1
20,1000061613,1
20,1000061636,1
20,1000061637,1
20,1000061643,1
20,1000065576,1
20,1000065588,1
20,1000065612,1
20,1000065613,1
20,1000065615,1
20,1000065621,1
20,1000065627,1
20,1000065631,1
20,1000065635,1
20,1000065638,1
20,1000065645,1
20,1000066490,1
20,1000066499,1
20,1000066502,1
20,1000066521,1
20,1000066522,1
20,1000066541,1
20,1000066545,1
20,1000066550,1
20,1000066553,1
20,1000066555,1
20,1000066556,1
20,1000067347,1
20,1000067372,1
20,1000067374,1
20,1000067383,1
20,1000067481,1
20,1000067482,1
20,1000067486,1
20,1000067487,1
20,1000067492,1
20,1000067506,1
20,1000067518,1
20,1000068931,1
20,1000068932,1
20,1000068949,1
20,1000068956,1
20,1000068960,1
20,1000068976,1
20,1000068981,1
20,1000068983,1
20,1000068995,1
20,1000069002,1
20,1000069037,1
20,1000069813,1
20,1000069906,1
20,1000069911,1
20,1000069925,1
20,1000070035,1
20,1000070039,1
20,1000070067,1
20,1000070089,1
20,1000070104,1
20,1000070118,1
20,1000070185,1
20,1000071497,1
20,1000071506,1
20,1000071523,1
20,1000071533,1
20,1000071534,1
20,1000071536,1
20,1000071543,1
20,1000071552,1
20,1000071556,1
20,1000071557,1
20,1000071558,1
20,1000072804,1
20,1000072808,1
20,1000072809,1
20,1000072810,1
20,1000072811,1
20,1000072813,1
20,1000072821,1
20,1000072845,1
20,1000072886,1
20,1000072887,1
20,1000072894,1
20,1000073800,1
20,1000073817,1
20,1000073828,1
20,1000073860,1
20,1000073879,1
20,1000073891,1
20,1000073929,1
20,1000073930,1
20,1000073964,1
20,1000073989,1
20,1000074029,1
20,1000075341,1
20,1000075358,1
20,1000075359,1
20,1000075362,1
20,1000075373,1
20,1000075382,1
20,1000075399,1
20,1000075400,1
20,1000075403,1
20,1000075408,1
20,1000075412,1
20,1000076320,1
20,1000076359,1
20,1000076394,1
20,1000076406,1
20,1000076408,1
20,1000076409,1
20,1000076435,1
20,1000076437,1
20,1000076445,1
20,1000076446,1
20,1000076450,1
20,1000077916,1
20,1000077950,1
20,1000077958,1
20,1000077964,1
20,1000077968,1
20,1000077972,1
20,1000077981,1
20,1000077984,1
20,1000077988,1
20,1000078027,1
20,1000078037,1
20,1000078903,1
20,1000078905,1
20,1000078911,1
20,1000078918,1
20,1000078929,1
20,1000078956,1
20,1000078963,1
20,1000078964,1
20,1000078965,1
20,1000078968,1
20,1000078981,1
20,1000079725,1
20,1000079747,1
20,1000079763,1
20,1000079827,1
20,1000079829,1
20,1000079845,1
20,1000079856,1
20,1000079870,1
20,1000079878,1
20,1000079880,1
20,1000079881,1
20,1000080501,1
20,1000080502,1
20,1000080531,1
20,1000080533,1
20,1000080534,1
20,1000080549,1
20,1000080566,1
20,1000080612,1
20,1000080617,1
20,1000080624,1
20,1000080626,1
20,1000081282,1
20,1000081284,1
20,1000081285,1
20,1000081294,1
20,1000081295,1
20,1000081296,1
20,1000081297,1
20,1000081298,1
20,1000081299,1
20,1000081300,1
20,1000081301,1
20,1000081914,1
20,1000081921,1
20,1000081947,1
20,1000081956,1
20,1000081967,1
20,1000081990,1
20,1000081992,1
20,1000082006,1
20,1000082021,1
20,1000082064,1
20,1000082085,1
20,1000082974,1
20,1000083009,1
20,1000083011,1
20,1000083012,1
20,1000083013,1
20,1000083019,1
20,1000083026,1
20,1000083060,1
20,1000083064,1
20,1000083070,1
20,1000083073,1
20,1000083942,1
20,1000083982,1
20,1000083999,1
20,1000084000,1
20,1000084021,1
20,1000084025,1
20,1000084046,1
20,1000084048,1
20,1000084062,1
20,1000084064,1
20,1000084081,1
20,1000084995,1
20,1000085002,1
20,1000085003,1
20,1000085022,1
20,1000085030,1
20,1000085032,1
20,1000085033,1
20,1000085040,1
20,1000085047,1
20,1000085051,1
20,1000085071,1
20,1000085813,1
20,1000085814,1
20,1000085831,1
20,1000085832,1
20,1000085848,1
20,1000085849,1
20,1000085870,1
20,1000085884,1
20,1000085885,1
20,1000085892,1
20,1000085894,1
20,1000086478,1
20,1000086479,1
20,1000086552,1
20,1000086553,1
20,1000086564,1
20,1000086577,1
20,1000086579,1
20,1000086626,1
20,1000086638,1
20,1000086646,1
20,1000086658,1
20,1000089348,1
20,1000089395,1
20,1000089397,1
20,1000089398,1
20,1000089408,1
20,1000089433,1
20,1000089435,1
20,1000089436,1
20,1000089438,1
20,1000089453,1
20,1000089458,1
20,1000091710,1
20,1000091740,1
20,1000091758,1
20,1000091762,1
20,1000091766,1
20,1000091800,1
20,1000091821,1
20,1000091832,1
20,1000091833,1
20,1000091850,1
20,1000091851,1
20,1000092454,1
20,1000092471,1
20,1000092472,1
20,1000092473,1
20,1000092474,1
20,1000092500,1
20,1000092501,1
20,1000092517,1
20,1000092526,1
20,1000092556,1
20,1000092564,1
20,1000096250,1
20,1000096251,1
20,1000096256,1
20,1000096359,1
20,1000096394,1
20,1000096402,1
20,1000096404,1
20,1000096424,1
20,1000096444,1
20,1000096445,1
20,1000096489,1
20,1000098640,1
20,1000098645,1
20,1000098658,1
20,1000098663,1
20,1000098666,1
20,1000098699,1
20,1000098701,1
20,1000098702,1
20,1000098706,1
20,1000098707,1
20,1000098708,1
20,1000099597,1
20,1000099599,1
20,1000099610,1
20,1000099614,1
20,1000099615,1
20,1000099617,1
20,1000099637,1
20,1000099653,1
20,1000099666,1
20,1000099682,1
20,1000099709,1
20,1000101298,1
20,1000101301,1
20,1000101302,1
20,1000101313,1
20,1000101325,1
20,1000101330,1
20,1000101378,1
20,1000101411,1
20,1000101420,1
20,1000101423,1
20,1000101424,1
20,1000102443,1
20,1000102445,1
20,1000102446,1
20,1000102451,1
20,1000102498,1
20,1000102499,1
20,1000102501,1
20,1000102502,1
20,1000102503,1
20,1000102578,1
20,1000102597,1
20,1000103314,1
20,1000103316,1
20,1000103329,1
20,1000103330,1
20,1000103344,1
20,1000103346,1
20,1000103349,1
20,1000103357,1
20,1000103358,1
20,1000103361,1
20,1000103369,1
20,1000103939,1
20,1000103940,1
20,1000103970,1
20,1000103971,1
20,1000104026,1
20,1000104027,1
20,1000104028,1
20,1000104029,1
20,1000104030,1
20,1000104031,1
20,1000104033,1
20,1000104987,1
20,1000104988,1
20,1000105005,1
20,1000105017,1
20,1000105018,1
20,1000105020,1
20,1000105055,1
20,1000105056,1
20,1000105062,1
20,1000105063,1
20,1000105068,1
20,1000107075,1
20,1000107076,1
20,1000107080,1
20,1000107081,1
20,1000107084,1
20,1000107091,1
20,1000107104,1
20,1000107105,1
20,1000107106,1
20,1000107109,1
20,1000107110,1
20,1000107636,1
20,1000107637,1
20,1000107663,1
20,1000107664,1
20,1000107665,1
20,1000107687,1
20,1000107690,1
20,1000107698,1
20,1000107699,1
20,1000107702,1
20,1000107704,1
20,1000108218,1
20,1000108230,1
20,1000108257,1
20,1000108259,1
20,1000108260,1
20,1000108264,1
20,1000108265,1
20,1000108266,1
20,1000108292,1
20,1000108296,1
20,1000108298,1
20,1000108993,1
20,1000108996,1
20,1000108997,1
20,1000109004,1
20,1000109007,1
20,1000109015,1
20,1000109028,1
20,1000109031,1
20,1000109035,1
20,1000109036,1
20,1000109072,1
20,1000110059,1
20,1000110060,1
20,1000110081,1
20,1000110082,1
20,1000110083,1
20,1000110091,1
20,1000110094,1
20,1000110095,1
20,1000110100,1
20,1000110118,1
20,1000110143,1
20,1000110630,1
20,1000110639,1
20,1000110650,1
20,1000110667,1
20,1000110668,1
20,1000110672,1
20,1000110722,1
20,1000110725,1
20,1000110726,1
20,1000110727,1
20,1000110728,1
20,1000111333,1
20,1000111352,1
20,1000111353,1
20,1000111354,1
20,1000111362,1
20,1000111370,1
20,1000111373,1
20,1000111376,1
20,1000111389,1
20,1000111452,1
20,1000111458,1
20,1000111871,1
20,1000111873,1
20,1000111903,1
20,1000111906,1
20,1000111907,1
20,1000111908,1
20,1000111909,1
20,1000111910,1
20,1000111915,1
20,1000111916,1
20,1000111917,1
20,1000113092,1
20,1000113098,1
20,1000113099,1
20,1000113124,1
20,1000113125,1
20,1000113135,1
20,1000113143,1
20,1000113146,1
20,1000113151,1
20,1000113153,1
20,1000113154,1
20,1000114577,1
20,1000114578,1
20,1000114579,1
20,1000114600,1
20,1000114601,1
20,1000114639,1
20,1000114640,1
20,1000114649,1
20,1000114667,1
20,1000114670,1
20,1000114682,1
20,1000115313,1
20,1000115321,1
20,1000115354,1
20,1000115359,1
20,1000115371,1
20,1000115381,1
20,1000115384,1
20,1000115385,1
20,1000115398,1
20,1000115400,1
20,1000115414,1
20,1000117439,1
20,1000117441,1
20,1000117445,1
20,1000117446,1
20,1000117489,1
20,1000117490,1
20,1000117498,1
20,1000117499,1
20,1000117506,1
20,1000117603,1
20,1000117604,1
20,1000118231,1
20,1000118232,1
20,1000118244,1
20,1000118251,1
20,1000118254,1
20,1000118258,1
20,1000118303,1
20,1000118304,1
20,1000118317,1
20,1000118326,1
20,1000118329,1
20,1000118945,1
20,1000118964,1
20,1000118973,1
20,1000118979,1
20,1000118986,1
20,1000118991,1
20,1000119022,1
20,1000119023,1
20,1000119033,1
20,1000119036,1
20,1000119051,1
20,1000120982,1
20,1000120984,1
20,1000121017,1
20,1000121019,1
20,1000121020,1
20,1000121085,1
20,1000121089,1
20,1000121124,1
20,1000121125,1
20,1000121126,1
20,1000121127,1
20,1000122293,1
20,1000122294,1
20,1000122300,1
20,1000122310,1
20,1000122311,1
20,1000122314,1
20,1000122315,1
20,1000122320,1
20,1000122321,1
20,1000122322,1
20,1000122323,1
20,1000125720,1
20,1000125721,1
20,1000125740,1
20,1000125743,1
20,1000125762,1
20,1000125821,1
20,1000125831,1
20,1000125832,1
20,1000125835,1
20,1000125836,1
20,1000125837,1
20,1000061645,1
20,1000061678,1
20,1000061705,1
20,1000061743,1
20,1000061744,1
20,1000061745,1
20,1000061775,1
20,1000061776,1
20,1000061777,1
20,1000061785,1
20,1000061789,1
20,1000065330,1
20,1000065331,1
20,1000065341,1
20,1000065358,1
20,1000065361,1
20,1000065362,1
20,1000065363,1
20,1000065364,1
20,1000065365,1
20,1000065370,1
20,1000065371,1
20,1000066205,1
20,1000066216,1
20,1000066217,1
20,1000066240,1
20,1000066274,1
20,1000066275,1
20,1000066276,1
20,1000066279,1
20,1000066280,1
20,1000066295,1
20,1000066297,1
20,1000066888,1
20,1000066889,1
20,1000066890,1
20,1000066893,1
20,1000066907,1
20,1000066925,1
20,1000066935,1
20,1000066944,1
20,1000066945,1
20,1000066982,1
20,1000066985,1
20,1000067863,1
20,1000067877,1
20,1000067878,1
20,1000067879,1
20,1000067884,1
20,1000067896,1
20,1000067930,1
20,1000067931,1
20,1000067944,1
20,1000067945,1
20,1000067950,1
20,1000068674,1
20,1000068737,1
20,1000068750,1
20,1000068752,1
20,1000068778,1
20,1000068788,1
20,1000068801,1
20,1000068803,1
20,1000068850,1
20,1000068895,1
20,1000068910,1
20,1000070433,1
20,1000070434,1
20,1000070451,1
20,1000070465,1
20,1000070467,1
20,1000070474,1
20,1000070542,1
20,1000070543,1
20,1000070594,1
20,1000070595,1
20,1000070599,1
20,1000071190,1
20,1000071207,1
20,1000071208,1
20,1000071211,1
20,1000071244,1
20,1000071245,1
20,1000071253,1
20,1000071260,1
20,1000071263,1
20,1000071483,1
20,1000071488,1
20,1000072391,1
20,1000072414,1
20,1000072426,1
20,1000072427,1
20,1000072471,1
20,1000072472,1
20,1000072490,1
20,1000072492,1
20,1000072512,1
20,1000072524,1
20,1000072525,1
20,1000073678,1
20,1000073689,1
20,1000073690,1
20,1000073701,1
20,1000073702,1
20,1000073703,1
20,1000073720,1
20,1000073768,1
20,1000073769,1
20,1000073797,1
20,1000073798,1
20,1000075057,1
20,1000075079,1
20,1000075096,1
20,1000075123,1
20,1000075124,1
20,1000075147,1
20,1000075148,1
20,1000075187,1
20,1000075220,1
20,1000075221,1
20,1000075242,1
20,1000075866,1
20,1000075887,1
20,1000075888,1
20,1000075897,1
20,1000075917,1
20,1000075918,1
20,1000075931,1
20,1000075933,1
20,1000075939,1
20,1000075943,1
20,1000075967,1
20,1000076958,1
20,1000076971,1
20,1000076977,1
20,1000076985,1
20,1000077002,1
20,1000077036,1
20,1000077061,1
20,1000077087,1
20,1000077105,1
20,1000077127,1
20,1000077178,1
20,1000078352,1
20,1000078361,1
20,1000078367,1
20,1000078371,1
20,1000078372,1
20,1000078374,1
20,1000078382,1
20,1000078415,1
20,1000078421,1
20,1000078422,1
20,1000078430,1
20,1000079626,1
20,1000079627,1
20,1000079628,1
20,1000079629,1
20,1000079635,1
20,1000079636,1
20,1000079638,1
20,1000079642,1
20,1000079654,1
20,1000079655,1
20,1000079656,1
20,1000080312,1
20,1000080314,1
20,1000080318,1
20,1000080319,1
20,1000080325,1
20,1000080342,1
20,1000080343,1
20,1000080356,1
20,1000080377,1
20,1000080382,1
20,1000080389,1
20,1000080762,1
20,1000080767,1
20,1000080780,1
20,1000080812,1
20,1000080846,1
20,1000080847,1
20,1000080876,1
20,1000080882,1
20,1000080913,1
20,1000080918,1
20,1000080939,1
20,1000081651,1
20,1000081655,1
20,1000081681,1
20,1000081730,1
20,1000081733,1
20,1000081765,1
20,1000081786,1
20,1000081787,1
20,1000081797,1
20,1000081804,1
20,1000081805,1
20,1000082876,1
20,1000082912,1
20,1000082913,1
20,1000082927,1
20,1000082928,1
20,1000082930,1
20,1000082935,1
20,1000082936,1
20,1000082948,1
20,1000082953,1
20,1000082964,1
20,1000083747,1
20,1000083750,1
20,1000083767,1
20,1000083786,1
20,1000083794,1
20,1000083809,1
20,1000083810,1
20,1000083850,1
20,1000083889,1
20,1000083902,1
20,1000083930,1
20,1000085146,1
20,1000085150,1
20,1000085172,1
20,1000085180,1
20,1000085202,1
20,1000085214,1
20,1000085224,1
20,1000085258,1
20,1000085275,1
20,1000085286,1
20,1000085287,1
20,1000086197,1
20,1000086205,1
20,1000086229,1
20,1000086230,1
20,1000086269,1
20,1000086289,1
20,1000086302,1
20,1000086322,1
20,1000086327,1
20,1000086335,1
20,1000086336,1
20,1000088173,1
20,1000088174,1
20,1000088175,1
20,1000088180,1
20,1000088202,1
20,1000088226,1
20,1000088239,1
20,1000088258,1
20,1000088260,1
20,1000088261,1
20,1000088313,1
20,1000089075,1
20,1000089077,1
20,1000089078,1
20,1000089093,1
20,1000089104,1
20,1000089136,1
20,1000089137,1
20,1000089151,1
20,1000089153,1
20,1000089156,1
20,1000089168,1
20,1000093346,1
20,1000093357,1
20,1000093358,1
20,1000093359,1
20,1000093360,1
20,1000093361,1
20,1000093393,1
20,1000093445,1
20,1000093446,1
20,1000093447,1
20,1000093483,1
20,1000094435,1
20,1000094437,1
20,1000094456,1
20,1000094460,1
20,1000094471,1
20,1000094484,1
20,1000094533,1
20,1000094537,1
20,1000094547,1
20,1000094555,1
20,1000094568,1
20,1000095815,1
20,1000095816,1
20,1000095834,1
20,1000095857,1
20,1000095861,1
20,1000095911,1
20,1000095912,1
20,1000095913,1
20,1000095914,1
20,1000095964,1
20,1000096001,1
20,1000097630,1
20,1000097631,1
20,1000097632,1
20,1000097633,1
20,1000097634,1
20,1000097635,1
20,1000097649,1
20,1000097661,1
20,1000097662,1
20,1000097693,1
20,1000097694,1
20,1000098972,1
20,1000098976,1
20,1000098997,1
20,1000099056,1
20,1000099067,1
20,1000099086,1
20,1000099087,1
20,1000099089,1
20,1000099090,1
20,1000099093,1
20,1000099095,1
20,1000102317,1
20,1000102320,1
20,1000102332,1
20,1000102341,1
20,1000102361,1
20,1000102371,1
20,1000102372,1
20,1000102373,1
20,1000102407,1
20,1000102437,1
20,1000102439,1
20,1000103445,1
20,1000103453,1
20,1000103459,1
20,1000103460,1
20,1000103469,1
20,1000103470,1
20,1000103471,1
20,1000103475,1
20,1000103477,1
20,1000103478,1
20,1000103479,1
20,1000104442,1
20,1000104446,1
20,1000104449,1
20,1000104461,1
20,1000104478,1
20,1000104479,1
20,1000104505,1
20,1000104512,1
20,1000104534,1
20,1000104571,1
20,1000104572,1
20,1000105091,1
20,1000105097,1
20,1000105098,1
20,1000105109,1
20,1000105130,1
20,1000105140,1
20,1000105144,1
20,1000105145,1
20,1000105151,1
20,1000105187,1
20,1000105204,1
20,1000106775,1
20,1000106814,1
20,1000106829,1
20,1000106830,1
20,1000106831,1
20,1000106845,1
20,1000106855,1
20,1000106856,1
20,1000106879,1
20,1000106904,1
20,1000106905,1
20,1000107962,1
20,1000107963,1
20,1000107972,1
20,1000107973,1
20,1000107995,1
20,1000108004,1
20,1000108007,1
20,1000108016,1
20,1000108024,1
20,1000108025,1
20,1000108031,1
20,1000109682,1
20,1000109688,1
20,1000109689,1
20,1000109704,1
20,1000109726,1
20,1000109727,1
20,1000109740,1
20,1000109741,1
20,1000109742,1
20,1000109743,1
20,1000109744,1
20,1000112301,1
20,1000112302,1
20,1000112303,1
20,1000112304,1
20,1000112305,1
20,1000112309,1
20,1000112319,1
20,1000112322,1
20,1000112323,1
20,1000112331,1
20,1000112347,1
20,1000113693,1
20,1000113698,1
20,1000113741,1
20,1000113747,1
20,1000113748,1
20,1000113749,1
20,1000113760,1
20,1000113761,1
20,1000113762,1
20,1000113764,1
20,1000113765,1
20,1000115659,1
20,1000115691,1
20,1000115692,1
20,1000115695,1
20,1000115696,1
20,1000115697,1
20,1000115698,1
20,1000115711,1
20,1000115722,1
20,1000115724,1
20,1000115731,1
20,1000116304,1
20,1000116314,1
20,1000116315,1
20,1000116326,1
20,1000116372,1
20,1000116373,1
20,1000116387,1
20,1000116398,1
20,1000116406,1
20,1000116409,1
20,1000116411,1
20,1000117080,1
20,1000117081,1
20,1000117088,1
20,1000117089,1
20,1000117097,1
20,1000117120,1
20,1000117121,1
20,1000117125,1
20,1000117133,1
20,1000117134,1
20,1000117135,1
20,1000119618,1
20,1000119619,1
20,1000119624,1
20,1000119628,1
20,1000119669,1
20,1000119685,1
20,1000119715,1
20,1000119732,1
20,1000119768,1
20,1000119779,1
20,1000119787,1
20,1000121211,1
20,1000121212,1
20,1000121213,1
20,1000121214,1
20,1000121220,1
20,1000121279,1
20,1000121285,1
20,1000121302,1
20,1000121303,1
20,1000121304,1
20,1000121316,1
20,1000122494,1
20,1000122495,1
20,1000122498,1
20,1000122499,1
20,1000122510,1
20,1000122512,1
20,1000122516,1
20,1000122525,1
20,1000122526,1
20,1000122527,1
20,1000122528,1
20,1000123895,1
20,1000123930,1
20,1000123933,1
20,1000123934,1
20,1000123960,1
20,1000123984,1
20,1000123985,1
20,1000124001,1
20,1000124005,1
20,1000124010,1
20,1000124027,1
20,1000124995,1
20,1000124996,1
20,1000124999,1
20,1000125008,1
20,1000125009,1
20,1000125011,1
20,1000125012,1
20,1000125034,1
20,1000125035,1
20,1000125036,1
20,1000125043,1
20,1000127662,1
20,1000127671,1
20,1000127683,1
20,1000127687,1
20,1000127688,1
20,1000127692,1
20,1000127696,1
20,1000127697,1
20,1000127702,1
20,1000127714,1
20,1000127718,1
20,1000128656,1
20,1000128657,1
20,1000128658,1
20,1000128659,1
20,1000128739,1
20,1000128789,1
20,1000128794,1
20,1000128819,1
20,1000128820,1
20,1000128829,1
20,1000128839,1
20,1000129414,1
20,1000129415,1
20,1000129418,1
20,1000129423,1
20,1000129424,1
20,1000129425,1
20,1000129441,1
20,1000129451,1
20,1000129491,1
20,1000129537,1
20,1000129544,1
20,1000130387,1
20,1000130388,1
20,1000130389,1
20,1000130400,1
20,1000130416,1
20,1000130417,1
20,1000130422,1
20,1000130430,1
20,1000130431,1
20,1000130442,1
20,1000130469,1
20,1000131224,1
20,1000131239,1
20,1000131240,1
20,1000131254,1
20,1000131266,1
20,1000131270,1
20,1000131295,1
20,1000131307,1
20,1000131309,1
20,1000131314,1
20,1000131326,1
20,1000131638,1
20,1000131639,1
20,1000131655,1
20,1000131684,1
20,1000131706,1
20,1000131720,1
20,1000131767,1
20,1000131778,1
20,1000131779,1
20,1000131780,1
20,1000131783,1
20,1000132614,1
20,1000132638,1
20,1000132639,1
20,1000132689,1
20,1000132692,1
20,1000132722,1
20,1000132750,1
20,1000132755,1
20,1000132758,1
20,1000132762,1
20,1000132810,1
20,1000133408,1
20,1000133415,1
20,1000133442,1
20,1000133463,1
20,1000133464,1
20,1000133474,1
20,1000133475,1
20,1000133476,1
20,1000133517,1
20,1000133554,1
20,1000133558,1
20,1000134228,1
20,1000134253,1
20,1000134285,1
20,1000134286,1
20,1000134308,1
20,1000134312,1
20,1000134320,1
20,1000134387,1
20,1000134393,1
20,1000134398,1
20,1000134399,1
20,1000135155,1
20,1000135156,1
20,1000135168,1
20,1000135169,1
20,1000135170,1
20,1000135172,1
20,1000135211,1
20,1000135238,1
20,1000135239,1
20,1000135243,1
20,1000135278,1
20,1000135926,1
20,1000135964,1
20,1000135977,1
20,1000135978,1
20,1000135979,1
20,1000135982,1
20,1000135983,1
20,1000136004,1
20,1000136020,1
20,1000136025,1
20,1000136064,1
20,1000136431,1
20,1000136441,1
20,1000136448,1
20,1000136453,1
20,1000136470,1
20,1000136482,1
20,1000136491,1
20,1000136502,1
20,1000136503,1
20,1000136544,1
20,1000136579,1
20,1000137120,1
20,1000137131,1
20,1000137132,1
20,1000137138,1
20,1000137139,1
20,1000137175,1
20,1000137178,1
20,1000137208,1
20,1000137211,1
20,1000137280,1
20,1000137290,1
20,1000137985,1
20,1000137988,1
20,1000137989,1
20,1000137992,1
20,1000137993,1
20,1000138011,1
20,1000138012,1
20,1000138063,1
20,1000138064,1
20,1000138066,1
20,1000138126,1
20,1000138696,1
20,1000138697,1
20,1000138701,1
20,1000138726,1
20,1000138764,1
20,1000138772,1
20,1000138791,1
20,1000138796,1
20,1000138797,1
20,1000138809,1
20,1000138825,1
20,1000139262,1
20,1000139264,1
20,1000139273,1
20,1000139289,1
20,1000139306,1
20,1000139308,1
20,1000139317,1
20,1000139324,1
20,1000139334,1
20,1000139335,1
20,1000139348,1
20,1000139933,1
20,1000139961,1
20,1000139962,1
20,1000139963,1
20,1000139978,1
20,1000139982,1
20,1000139983,1
20,1000140007,1
20,1000140012,1
20,1000140016,1
20,1000140021,1
20,1000088319,1
20,1000088330,1
20,1000088345,1
20,1000088346,1
20,1000088358,1
20,1000088376,1
20,1000088400,1
20,1000088411,1
20,1000088412,1
20,1000088426,1
20,1000088430,1
20,1000094953,1
20,1000094954,1
20,1000094958,1
20,1000094992,1
20,1000095012,1
20,1000095014,1
20,1000095015,1
20,1000095022,1
20,1000095065,1
20,1000095066,1
20,1000095079,1
20,1000096741,1
20,1000096750,1
20,1000096751,1
20,1000096834,1
20,1000096838,1
20,1000096840,1
20,1000096912,1
20,1000096929,1
20,1000096933,1
20,1000096963,1
20,1000097008,1
20,1000103832,1
20,1000103851,1
20,1000103871,1
20,1000103872,1
20,1000103873,1
20,1000103875,1
20,1000103920,1
20,1000103921,1
20,1000103922,1
20,1000103923,1
20,1000103934,1
20,1000108795,1
20,1000108808,1
20,1000108809,1
20,1000108811,1
20,1000108812,1
20,1000108814,1
20,1000108815,1
20,1000108817,1
20,1000108822,1
20,1000108823,1
20,1000108824,1
20,1000112517,1
20,1000112524,1
20,1000112525,1
20,1000112545,1
20,1000112546,1
20,1000112561,1
20,1000112580,1
20,1000112581,1
20,1000112582,1
20,1000112586,1
20,1000112588,1
20,1000114084,1
20,1000114085,1
20,1000114086,1
20,1000114092,1
20,1000114096,1
20,1000114113,1
20,1000114118,1
20,1000114119,1
20,1000114137,1
20,1000114138,1
20,1000114146,1
20,1000089793,1
20,1000089806,1
20,1000089808,1
20,1000089809,1
20,1000089817,1
20,1000089819,1
20,1000089831,1
20,1000089846,1
20,1000089851,1
20,1000089853,1
20,1000089902,1
20,1000093872,1
20,1000093890,1
20,1000093892,1
20,1000093924,1
20,1000093931,1
20,1000093935,1
20,1000093936,1
20,1000093938,1
20,1000093941,1
20,1000093942,1
20,1000093970,1
20,1000095157,1
20,1000095158,1
20,1000095159,1
20,1000095186,1
20,1000095187,1
20,1000095196,1
20,1000095197,1
20,1000095261,1
20,1000095262,1
20,1000095280,1
20,1000095281,1
20,1000096521,1
20,1000096529,1
20,1000096618,1
20,1000096619,1
20,1000096683,1
20,1000096684,1
20,1000096685,1
20,1000096686,1
20,1000096687,1
20,1000096688,1
20,1000096689,1
20,1000097865,1
20,1000097866,1
20,1000097870,1
20,1000097891,1
20,1000097902,1
20,1000097962,1
20,1000097986,1
20,1000097988,1
20,1000097993,1
20,1000097996,1
20,1000098116,1
20,1000099109,1
20,1000099110,1
20,1000099129,1
20,1000099133,1
20,1000099139,1
20,1000099177,1
20,1000099190,1
20,1000099214,1
20,1000099220,1
20,1000099302,1
20,1000099303,1
20,1000099850,1
20,1000099863,1
20,1000099885,1
20,1000099901,1
20,1000099988,1
20,1000099989,1
20,1000099990,1
20,1000100022,1
20,1000100023,1
20,1000100024,1
20,1000100025,1
20,1000100734,1
20,1000100735,1
20,1000100736,1
20,1000100818,1
20,1000100819,1
20,1000100820,1
20,1000100832,1
20,1000100833,1
20,1000100865,1
20,1000100900,1
20,1000100917,1
20,1000103555,1
20,1000103559,1
20,1000103561,1
20,1000103563,1
20,1000103564,1
20,1000103588,1
20,1000103592,1
20,1000103613,1
20,1000103619,1
20,1000103624,1
20,1000103625,1
20,1000104728,1
20,1000104729,1
20,1000104730,1
20,1000104746,1
20,1000104755,1
20,1000104777,1
20,1000104778,1
20,1000104785,1
20,1000104808,1
20,1000104817,1
20,1000104832,1
20,1000105536,1
20,1000105538,1
20,1000105557,1
20,1000105565,1
20,1000105567,1
20,1000105587,1
20,1000105590,1
20,1000105591,1
20,1000105593,1
20,1000105602,1
20,1000105603,1
20,1000106921,1
20,1000106923,1
20,1000106924,1
20,1000106929,1
20,1000106930,1
20,1000106942,1
20,1000106950,1
20,1000106951,1
20,1000106959,1
20,1000106967,1
20,1000106970,1
20,1000108157,1
20,1000108168,1
20,1000108173,1
20,1000108174,1
20,1000108175,1
20,1000108186,1
20,1000108190,1
20,1000108198,1
20,1000108199,1
20,1000108216,1
20,1000108217,1
20,1000108704,1
20,1000108707,1
20,1000108714,1
20,1000108715,1
20,1000108722,1
20,1000108737,1
20,1000108745,1
20,1000108747,1
20,1000108748,1
20,1000108749,1
20,1000108770,1
20,1000109505,1
20,1000109506,1
20,1000109515,1
20,1000109522,1
20,1000109534,1
20,1000109553,1
20,1000109556,1
20,1000109563,1
20,1000109574,1
20,1000109579,1
20,1000109580,1
20,1000110730,1
20,1000110733,1
20,1000110744,1
20,1000110745,1
20,1000110778,1
20,1000110796,1
20,1000110797,1
20,1000110802,1
20,1000110803,1
20,1000110806,1
20,1000110816,1
20,1000113155,1
20,1000113157,1
20,1000113167,1
20,1000113168,1
20,1000113171,1
20,1000113172,1
20,1000113184,1
20,1000113208,1
20,1000113234,1
20,1000113235,1
20,1000113258,1
20,1000113791,1
20,1000113795,1
20,1000113796,1
20,1000113801,1
20,1000113809,1
20,1000113833,1
20,1000113834,1
20,1000113835,1
20,1000113837,1
20,1000113838,1
20,1000113839,1
20,1000114885,1
20,1000114927,1
20,1000114943,1
20,1000114959,1
20,1000114965,1
20,1000114966,1
20,1000114973,1
20,1000114974,1
20,1000114977,1
20,1000114978,1
20,1000114979,1
20,1000115421,1
20,1000115427,1
20,1000115436,1
20,1000115459,1
20,1000115465,1
20,1000115486,1
20,1000115489,1
20,1000115498,1
20,1000115499,1
20,1000115503,1
20,1000115509,1
20,1000116434,1
20,1000116449,1
20,1000116450,1
20,1000116453,1
20,1000116454,1
20,1000116459,1
20,1000116461,1
20,1000116462,1
20,1000116463,1
20,1000116478,1
20,1000116486,1
20,1000117267,1
20,1000117281,1
20,1000117283,1
20,1000117284,1
20,1000117295,1
20,1000117296,1
20,1000117309,1
20,1000117319,1
20,1000117320,1
20,1000117321,1
20,1000117322,1
20,1000117720,1
20,1000117721,1
20,1000117748,1
20,1000117749,1
20,1000117750,1
20,1000117790,1
20,1000117797,1
20,1000117798,1
20,1000117831,1
20,1000117832,1
20,1000117844,1
20,1000122324,1
20,1000122341,1
20,1000122342,1
20,1000122353,1
20,1000122362,1
20,1000122365,1
20,1000122372,1
20,1000122373,1
20,1000122392,1
20,1000122393,1
20,1000122397,1
20,1000122940,1
20,1000122941,1
20,1000122960,1
20,1000122964,1
20,1000122965,1
20,1000122968,1
20,1000122970,1
20,1000122971,1
20,1000122972,1
20,1000122973,1
20,1000122980,1
20,1000123551,1
20,1000123573,1
20,1000123581,1
20,1000123636,1
20,1000123657,1
20,1000123668,1
20,1000123672,1
20,1000123722,1
20,1000123757,1
20,1000123758,1
20,1000123775,1
20,1000124371,1
20,1000124379,1
20,1000124381,1
20,1000124383,1
20,1000124392,1
20,1000124393,1
20,1000124395,1
20,1000124480,1
20,1000124487,1
20,1000124490,1
20,1000124491,1
20,1000125360,1
20,1000125374,1
20,1000125376,1
20,1000125378,1
20,1000125379,1
20,1000125387,1
20,1000125398,1
20,1000125404,1
20,1000125405,1
20,1000125419,1
20,1000125433,1
20,1000126515,1
20,1000126523,1
20,1000126538,1
20,1000126549,1
20,1000126564,1
20,1000126565,1
20,1000126590,1
20,1000126591,1
20,1000126598,1
20,1000126599,1
20,1000126631,1
20,1000127377,1
20,1000127385,1
20,1000127386,1
20,1000127387,1
20,1000127388,1
20,1000127427,1
20,1000127431,1
20,1000127432,1
20,1000127457,1
20,1000127458,1
20,1000127459,1
20,1000127880,1
20,1000127888,1
20,1000127889,1
20,1000127890,1
20,1000127891,1
20,1000127894,1
20,1000127951,1
20,1000127980,1
20,1000127988,1
20,1000128020,1
20,1000128021,1
20,1000128287,1
20,1000128288,1
20,1000128298,1
20,1000128358,1
20,1000128359,1
20,1000128360,1
20,1000128370,1
20,1000128413,1
20,1000128414,1
20,1000128415,1
20,1000128416,1
20,1000128916,1
20,1000128927,1
20,1000128948,1
20,1000128950,1
20,1000128951,1
20,1000128957,1
20,1000128970,1
20,1000128971,1
20,1000129032,1
20,1000129039,1
20,1000129040,1
20,1000129546,1
20,1000129547,1
20,1000129563,1
20,1000129569,1
20,1000129570,1
20,1000129571,1
20,1000129591,1
20,1000129614,1
20,1000129615,1
20,1000129661,1
20,1000129665,1
20,1000130220,1
20,1000130221,1
20,1000130225,1
20,1000130254,1
20,1000130289,1
20,1000130291,1
20,1000130305,1
20,1000130319,1
20,1000130320,1
20,1000130357,1
20,1000130386,1
20,1000130808,1
20,1000130809,1
20,1000130827,1
20,1000130845,1
20,1000130846,1
20,1000130847,1
20,1000130856,1
20,1000130857,1
20,1000130863,1
20,1000130871,1
20,1000130873,1
20,1000131377,1
20,1000131387,1
20,1000131389,1
20,1000131391,1
20,1000131392,1
20,1000131394,1
20,1000131400,1
20,1000131414,1
20,1000131415,1
20,1000131416,1
20,1000131417,1
20,1000131784,1
20,1000131785,1
20,1000131786,1
20,1000131810,1
20,1000131811,1
20,1000131813,1
20,1000131851,1
20,1000131868,1
20,1000131931,1
20,1000131957,1
20,1000132040,1
20,1000132873,1
20,1000132875,1
20,1000132879,1
20,1000132884,1
20,1000132885,1
20,1000132918,1
20,1000132929,1
20,1000132932,1
20,1000132933,1
20,1000132935,1
20,1000132939,1
20,1000133351,1
20,1000133352,1
20,1000133357,1
20,1000133372,1
20,1000133373,1
20,1000133374,1
20,1000133375,1
20,1000133389,1
20,1000133390,1
20,1000133391,1
20,1000133402,1
20,1000133909,1
20,1000133944,1
20,1000133959,1
20,1000133960,1
20,1000133962,1
20,1000133963,1
20,1000133964,1
20,1000133965,1
20,1000133974,1
20,1000133976,1
20,1000133999,1
20,1000134548,1
20,1000134550,1
20,1000134551,1
20,1000134584,1
20,1000134640,1
20,1000134645,1
20,1000134710,1
20,1000134717,1
20,1000134771,1
20,1000134783,1
20,1000134803,1
20,1000135279,1
20,1000135311,1
20,1000135312,1
20,1000135313,1
20,1000135315,1
20,1000135362,1
20,1000135364,1
20,1000135366,1
20,1000135373,1
20,1000135375,1
20,1000135385,1
20,1000135470,1
20,1000135499,1
20,1000135506,1
20,1000135571,1
20,1000135610,1
20,1000135611,1
20,1000135617,1
20,1000135646,1
20,1000135651,1
20,1000135652,1
20,1000135676,1
20,1000136167,1
20,1000136168,1
20,1000136169,1
20,1000136171,1
20,1000136173,1
20,1000136184,1
20,1000136197,1
20,1000136243,1
20,1000136244,1
20,1000136245,1
20,1000136275,1
20,1000136798,1
20,1000136811,1
20,1000136812,1
20,1000136814,1
20,1000136818,1
20,1000136832,1
20,1000136843,1
20,1000136848,1
20,1000136849,1
20,1000136865,1
20,1000136896,1
20,1000137442,1
20,1000137447,1
20,1000137450,1
20,1000137492,1
20,1000137505,1
20,1000137516,1
20,1000137541,1
20,1000137542,1
20,1000137553,1
20,1000137554,1
20,1000137555,1
20,1000137800,1
20,1000137804,1
20,1000137881,1
20,1000137882,1
20,1000137885,1
20,1000137886,1
20,1000137900,1
20,1000137937,1
20,1000137942,1
20,1000137973,1
20,1000137975,1
20,1000138424,1
20,1000138425,1
20,1000138454,1
20,1000138455,1
20,1000138464,1
20,1000138473,1
20,1000138474,1
20,1000138492,1
20,1000138493,1
20,1000138538,1
20,1000138540,1
20,1000139153,1
20,1000139154,1
20,1000139165,1
20,1000139166,1
20,1000139184,1
20,1000139195,1
20,1000139196,1
20,1000139203,1
20,1000139204,1
20,1000139217,1
20,1000139219,1
20,1000139510,1
20,1000139511,1
20,1000139512,1
20,1000139513,1
20,1000139524,1
20,1000139529,1
20,1000139549,1
20,1000139550,1
20,1000139569,1
20,1000139614,1
20,1000139617,1
20,1000140022,1
20,1000140023,1
20,1000140040,1
20,1000140041,1
20,1000140064,1
20,1000140065,1
20,1000140121,1
20,1000140122,1
20,1000140168,1
20,1000140177,1
20,1000140181,1
20,1000091277,1
20,1000091285,1
20,1000091321,1
20,1000091330,1
20,1000091337,1
20,1000091338,1
20,1000091417,1
20,1000091421,1
20,1000091422,1
20,1000091435,1
20,1000091508,1
20,1000095695,1
20,1000095757,1
20,1000095758,1
20,1000095781,1
20,1000095789,1
20,1000095792,1
20,1000095793,1
20,1000095805,1
20,1000095807,1
20,1000095808,1
20,1000095813,1
20,1000097100,1
20,1000097112,1
20,1000097113,1
20,1000097119,1
20,1000097159,1
20,1000097163,1
20,1000097167,1
20,1000097176,1
20,1000097192,1
20,1000097193,1
20,1000097194,1
20,1000098262,1
20,1000098263,1
20,1000098264,1
20,1000098301,1
20,1000098312,1
20,1000098325,1
20,1000098329,1
20,1000098331,1
20,1000098375,1
20,1000098380,1
20,1000098406,1
20,1000098814,1
20,1000098854,1
20,1000098868,1
20,1000098869,1
20,1000098875,1
20,1000098878,1
20,1000098926,1
20,1000098927,1
20,1000098938,1
20,1000098953,1
20,1000098954,1
20,1000100037,1
20,1000100038,1
20,1000100039,1
20,1000100053,1
20,1000100058,1
20,1000100069,1
20,1000100085,1
20,1000100087,1
20,1000100136,1
20,1000100137,1
20,1000100141,1
20,1000101080,1
20,1000101104,1
20,1000101120,1
20,1000101127,1
20,1000101139,1
20,1000101144,1
20,1000101145,1
20,1000101146,1
20,1000101148,1
20,1000101170,1
20,1000101173,1
20,1000101902,1
20,1000101917,1
20,1000101947,1
20,1000101952,1
20,1000101956,1
20,1000101957,1
20,1000101958,1
20,1000101959,1
20,1000101964,1
20,1000101987,1
20,1000101999,1
20,1000103078,1
20,1000103138,1
20,1000103175,1
20,1000103178,1
20,1000103195,1
20,1000103206,1
20,1000103217,1
20,1000103232,1
20,1000103233,1
20,1000103240,1
20,1000103252,1
20,1000103685,1
20,1000103686,1
20,1000103689,1
20,1000103690,1
20,1000103697,1
20,1000103698,1
20,1000103699,1
20,1000103702,1
20,1000103703,1
20,1000103713,1
20,1000103733,1
20,1000104591,1
20,1000104596,1
20,1000104597,1
20,1000104625,1
20,1000104626,1
20,1000104627,1
20,1000104630,1
20,1000104633,1
20,1000104635,1
20,1000104636,1
20,1000104641,1
20,1000105784,1
20,1000105785,1
20,1000105793,1
20,1000105794,1
20,1000105796,1
20,1000105797,1
20,1000105799,1
20,1000105812,1
20,1000105813,1
20,1000105820,1
20,1000105821,1
20,1000107782,1
20,1000107784,1
20,1000107785,1
20,1000107812,1
20,1000107827,1
20,1000107858,1
20,1000107868,1
20,1000107897,1
20,1000107898,1
20,1000107907,1
20,1000107947,1
20,1000108367,1
20,1000108384,1
20,1000108385,1
20,1000108402,1
20,1000108412,1
20,1000108416,1
20,1000108417,1
20,1000108426,1
20,1000108428,1
20,1000108430,1
20,1000108444,1
20,1000109745,1
20,1000109772,1
20,1000109781,1
20,1000109785,1
20,1000109787,1
20,1000109789,1
20,1000109804,1
20,1000109809,1
20,1000109820,1
20,1000109827,1
20,1000109830,1
20,1000110388,1
20,1000110389,1
20,1000110390,1
20,1000110392,1
20,1000110393,1
20,1000110397,1
20,1000110407,1
20,1000110410,1
20,1000110424,1
20,1000110433,1
20,1000110446,1
20,1000110823,1
20,1000110825,1
20,1000110827,1
20,1000110829,1
20,1000110833,1
20,1000110848,1
20,1000110855,1
20,1000110856,1
20,1000110857,1
20,1000110906,1
20,1000110910,1
20,1000111465,1
20,1000111473,1
20,1000111474,1
20,1000111475,1
20,1000111477,1
20,1000111491,1
20,1000111495,1
20,1000111500,1
20,1000111507,1
20,1000111508,1
20,1000111515,1
20,1000112348,1
20,1000112349,1
20,1000112350,1
20,1000112371,1
20,1000112379,1
20,1000112386,1
20,1000112387,1
20,1000112399,1
20,1000112425,1
20,1000112434,1
20,1000112435,1
20,1000112956,1
20,1000112959,1
20,1000112969,1
20,1000112975,1
20,1000112982,1
20,1000112986,1
20,1000112993,1
20,1000112997,1
20,1000112999,1
20,1000113009,1
20,1000113010,1
20,1000113625,1
20,1000113631,1
20,1000113650,1
20,1000113656,1
20,1000113657,1
20,1000113670,1
20,1000113671,1
20,1000113672,1
20,1000113673,1
20,1000113674,1
20,1000113692,1
20,1000114420,1
20,1000114434,1
20,1000114453,1
20,1000114455,1
20,1000114461,1
20,1000114463,1
20,1000114486,1
20,1000114493,1
20,1000114494,1
20,1000114495,1
20,1000114496,1
20,1000115582,1
20,1000115584,1
20,1000115586,1
20,1000115591,1
20,1000115595,1
20,1000115596,1
20,1000115603,1
20,1000115607,1
20,1000115609,1
20,1000115611,1
20,1000115612,1
20,1000116928,1
20,1000116929,1
20,1000116931,1
20,1000116932,1
20,1000116936,1
20,1000116937,1
20,1000116941,1
20,1000116942,1
20,1000116943,1
20,1000116957,1
20,1000116979,1
20,1000117685,1
20,1000117686,1
20,1000117690,1
20,1000117691,1
20,1000117692,1
20,1000117694,1
20,1000117701,1
20,1000117707,1
20,1000117708,1
20,1000117714,1
20,1000117719,1
20,1000120124,1
20,1000120126,1
20,1000120143,1
20,1000120212,1
20,1000120219,1
20,1000120223,1
20,1000120225,1
20,1000120267,1
20,1000120270,1
20,1000120291,1
20,1000120305,1
20,1000123267,1
20,1000123268,1
20,1000123284,1
20,1000123290,1
20,1000123298,1
20,1000123299,1
20,1000123329,1
20,1000123330,1
20,1000123331,1
20,1000123332,1
20,1000123333,1
20,1000125045,1
20,1000125053,1
20,1000125054,1
20,1000125055,1
20,1000125061,1
20,1000125062,1
20,1000125063,1
20,1000125065,1
20,1000125077,1
20,1000125081,1
20,1000125090,1
20,1000126162,1
20,1000126163,1
20,1000126182,1
20,1000126232,1
20,1000126233,1
20,1000126275,1
20,1000126288,1
20,1000126289,1
20,1000126294,1
20,1000126295,1
20,1000126296,1
20,1000140246,1
20,1000140248,1
20,1000140254,1
20,1000140272,1
20,1000140289,1
