MANDT,OBJTY,OBJID,SPRAS,AEDAT_TEXT,AENAM_TEXT,KTEXT,KTEXT_UP
20,A,10000003,E,20040817,DVAISHAMPAYA,GRANULATION,GRANULATION
20,A,10000004,E,20040817,DVAISHAMPAYA,Drying,DRYING
20,A,10000005,E,20040817,DVAISHAMPAYA,Compression,COMPRESSION
20,A,10000006,E,20040817,DVAISHAMPAYA,Coating,COATING
20,A,10000007,E,20040817,DVAISHAMPAYA,Inspection,INSPECTION
20,A,10000008,E,20040817,DVAISHAMPAYA,Strip packing,STRIP PACKING
20,A,10000009,E,20040817,DVAISHAMPAYA,Blister packing,BLISTER PACKING
20,A,10000010,E,20040817,DVAISHAMPAYA,Bottle packing,BOTTLE PACKING
20,A,10000011,E,20040817,DVAISHAMPAYA,Secondary packing,SECONDARY PACKING
20,A,10000012,E,20040817,DVAISHAMPAYA,Granulation,GRANULATION
20,A,10000013,E,20040817,DVAISHAMPAYA,Drying,DRYING
20,A,10000014,E,20040817,DVAISHAMPAYA,Compression,COMPRESSION
20,A,10000015,E,20040817,DVAISHAMPAYA,Coating,COATING
20,A,10000016,E,20040817,DVAISHAMPAYA,Inspection,INSPECTION
20,A,10000017,E,20040817,DVAISHAMPAYA,Strip packing,STRIP PACKING
20,A,10000018,E,20040817,DVAISHAMPAYA,Blister packing,BLISTER PACKING
20,A,10000019,E,20040817,DVAISHAMPAYA,Bottle packing,BOTTLE PACKING
20,A,10000020,E,20040817,DVAISHAMPAYA,Secondary packing,SECONDARY PACKING
20,A,10000021,E,20040817,DVAISHAMPAYA,Manufacturing,MANUFACTURING
20,A,10000022,E,20040817,DVAISHAMPAYA,Bottle Washing,BOTTLE WASHING
20,A,10000023,E,20040817,DVAISHAMPAYA,Filling And Sealing,FILLING AND SEALING
20,A,10000024,E,20040817,DVAISHAMPAYA,Inspection(Empty/Filled/Labeled,INSPECTION(EMPTY/FILLED/LABELED
20,A,10000025,E,20040817,DVAISHAMPAYA,Primary Packing,PRIMARY PACKING
20,A,10000026,E,20040817,DVAISHAMPAYA,Secondary packing,SECONDARY PACKING
20,A,10000027,E,20040817,DVAISHAMPAYA,Manufacturing,MANUFACTURING
20,A,10000028,E,20040817,DVAISHAMPAYA,Milling / Unloading,MILLING / UNLOADING
20,A,10000029,E,20040817,DVAISHAMPAYA,Filling,FILLING
20,A,10000030,E,20040817,DVAISHAMPAYA,Primary Packing,PRIMARY PACKING
20,A,10000031,E,20040817,DVAISHAMPAYA,Secondary packing,SECONDARY PACKING
20,A,10000032,E,20040817,DVAISHAMPAYA,Tube Inspection(Empty),TUBE INSPECTION(EMPTY)
20,A,10000033,E,20040817,DVAISHAMPAYA,Dissolution,DISSOLUTION
20,A,10000034,E,20040817,DVAISHAMPAYA,Filtration,FILTRATION
20,A,10000035,E,20040817,DVAISHAMPAYA,Mixing & Stirring(SS Reactors),MIXING & STIRRING(SS REACTORS)
20,A,10000036,E,20040817,DVAISHAMPAYA,Mixing & Stirring(SS Glass Reactors),MIXING & STIRRING(SS GLASS REACTORS)
20,A,10000037,E,20040817,DVAISHAMPAYA,Centrifuge,CENTRIFUGE
20,A,10000038,E,20040817,DVAISHAMPAYA,Chilling,CHILLING
20,A,10000039,E,20040817,DVAISHAMPAYA,Filtering - Nutche,FILTERING - NUTCHE
20,A,10000040,E,20040817,DVAISHAMPAYA,Drying,DRYING
20,A,10000041,E,20040817,DVAISHAMPAYA,Sifting,SIFTING
20,A,10000042,E,20040817,DVAISHAMPAYA,Primary Packing,PRIMARY PACKING
20,A,10000043,E,20040817,DVAISHAMPAYA,Secondary packing,SECONDARY PACKING
20,A,10000044,E,20040817,DVAISHAMPAYA,Manufacturing,MANUFACTURING
20,A,10000045,E,20040817,DVAISHAMPAYA,Packing,PACKING
20,A,10000046,E,20040817,DVAISHAMPAYA,Manufacturing,MANUFACTURING
20,A,10000047,E,20040817,DVAISHAMPAYA,Packing,PACKING
20,A,10000048,E,20040817,DVAISHAMPAYA,Manufacturing,MANUFACTURING
20,A,10000049,E,20040817,DVAISHAMPAYA,Packing,PACKING
20,A,10000050,E,20040817,DVAISHAMPAYA,Manufacturing,MANUFACTURING
20,A,10000051,E,20040817,DVAISHAMPAYA,Packing,PACKING
20,A,10000052,E,20040817,DVAISHAMPAYA,Manufacturing,MANUFACTURING
20,A,10000053,E,20040817,DVAISHAMPAYA,Packing,PACKING
20,A,10000054,E,20040817,DVAISHAMPAYA,Manufacturing,MANUFACTURING
20,A,10000055,E,20040817,DVAISHAMPAYA,Packing,PACKING
20,A,10000056,E,20040817,DVAISHAMPAYA,Manufacturing,MANUFACTURING
20,A,10000057,E,20040817,DVAISHAMPAYA,Packing,PACKING
20,A,10000058,E,20040817,DVAISHAMPAYA,Manufacturing,MANUFACTURING
20,A,10000059,E,20040817,DVAISHAMPAYA,Packing,PACKING
20,A,10000060,E,20040817,DVAISHAMPAYA,Manufacturing,MANUFACTURING
20,A,10000061,E,20040817,DVAISHAMPAYA,Packing,PACKING
20,A,10000062,E,20040817,DVAISHAMPAYA,EP01: Quality Assurance,EP01: QUALITY ASSURANCE
20,A,10000063,E,20040817,DVAISHAMPAYA,EP01: Quality Control,EP01: QUALITY CONTROL
20,A,10000064,E,20040817,DVAISHAMPAYA,EP02: Quality Assurance,EP02: QUALITY ASSURANCE
20,A,10000065,E,20040817,DVAISHAMPAYA,EP02: Quality Control,EP02: QUALITY CONTROL
20,A,10000066,E,20040817,DVAISHAMPAYA,EP03: Quality Assurance,EP03: QUALITY ASSURANCE
20,A,10000067,E,20040817,DVAISHAMPAYA,EP03: Quality Control,EP03: QUALITY CONTROL
20,A,10000068,E,20040817,DVAISHAMPAYA,EP04: Quality Assurance,EP04: QUALITY ASSURANCE
20,A,10000069,E,20040817,DVAISHAMPAYA,EP04: Quality Control,EP04: QUALITY CONTROL
20,A,10000070,E,20040817,DVAISHAMPAYA,EP05: Quality Assurance,EP05: QUALITY ASSURANCE
20,A,10000071,E,20040817,DVAISHAMPAYA,EP05: Quality Control,EP05: QUALITY CONTROL
20,A,10000072,E,20040817,DVAISHAMPAYA,EP06: Quality Assurance,EP06: QUALITY ASSURANCE
20,A,10000073,E,20040817,DVAISHAMPAYA,EP06: Quality Control,EP06: QUALITY CONTROL
20,A,10000074,E,20040817,DVAISHAMPAYA,EP07: Quality Assurance,EP07: QUALITY ASSURANCE
20,A,10000075,E,20040817,DVAISHAMPAYA,EP07: Quality Control,EP07: QUALITY CONTROL
20,A,10000076,E,20040829,DPURNAYE,BRANDING ON TABLETS,BRANDING ON TABLETS
20,A,10000077,E,20040829,DPURNAYE,BRANDING ON TABLETS,BRANDING ON TABLETS
20,A,10000078,E,20040911,VWATVE,Manufacturing,MANUFACTURING
20,A,10000079,E,20040911,VWATVE,Packing,PACKING
20,A,10000080,E,20040921,YAGTE,Packing,PACKING
20,A,10000081,E,20040921,YAGTE,Manufacturing,MANUFACTURING
20,A,10000084,E,20050114,YAGTE,DISTILLATION,DISTILLATION
20,A,10000085,E,20050120,VWATVE,CONTAINER PACKING,CONTAINER PACKING
20,A,10000086,E,20050216,VWATVE,ALU ALU PACKING,ALU ALU PACKING
20,A,10000088,E,20050219,YAGTE,Manufacturing,MANUFACTURING
20,A,10000089,E,20050219,YAGTE,Packing,PACKING
20,A,10000090,E,20050318,YAGTE,Manufacturing,MANUFACTURING
20,A,10000092,E,20050318,YAGTE,Packing,PACKING
20,A,10000093,E,20050322,VWATVE,Manufacturing,MANUFACTURING
20,A,10000094,E,20050322,VWATVE,Packing,PACKING
20,A,10000095,E,20050412,VWATVE,Manufacturing,MANUFACTURING
20,A,10000097,E,20050412,VWATVE,Packing,PACKING
20,A,10000098,E,20050418,YAGTE,Manufacturing,MANUFACTURING
20,A,10000099,E,20050418,YAGTE,Packing,PACKING
20,A,10000101,E,20050519,VWATVE,SACHET FILLING AND SEALING,SACHET FILLING AND SEALING
20,A,10000102,E,20051108,VWATVE,Manufacturing,MANUFACTURING
20,A,10000103,E,20051108,VWATVE,Packing,PACKING
20,A,10000104,E,20051116,YAGTE,Manufacturing,MANUFACTURING
20,A,10000105,E,20051116,YAGTE,Packing,PACKING
20,A,10000106,E,20051223,YAGTE,STERILISATION - AUXILIARY - VIAL,STERILISATION - AUXILIARY - VIAL
20,A,10000107,E,20051223,YAGTE,BUNG WASH -- STERILE VIAL,BUNG WASH -- STERILE VIAL
20,A,10000108,E,20051223,YAGTE,SOLUTION PREPERATION -- PROD_VIAL,SOLUTION PREPERATION -- PROD_VIAL
20,A,10000109,E,20051223,YAGTE,FILLING AND SEALING -- VIAL,FILLING AND SEALING -- VIAL
20,A,10000111,E,20051223,YAGTE,TERMINAL STERILISATION - AUTO_VIAL,TERMINAL STERILISATION - AUTO_VIAL
20,A,10000113,E,20051223,YAGTE,PRIMARY PACKING - VIAL,PRIMARY PACKING - VIAL
20,A,10000114,E,20080128,VWATVE,VISUAL INSPECTION  - VIAL,VISUAL INSPECTION  - VIAL
20,A,10000115,E,20051223,YAGTE,SECONDARY PACKING - VIAL,SECONDARY PACKING - VIAL
20,A,10000116,E,20051223,YAGTE,STERILISATION - AUXILIARY - PFS,STERILISATION - AUXILIARY - PFS
20,A,10000117,E,20051223,YAGTE,SOLUTION PREPERATION -- PROD_AMPULE,SOLUTION PREPERATION -- PROD_AMPULE
20,A,10000118,E,20051223,YAGTE,FILLING AND SEALING -- AMPULE,FILLING AND SEALING -- AMPULE
20,A,10000119,E,20051223,YAGTE,TERMINAL STERILISATION - AUTO_AMPULE,TERMINAL STERILISATION - AUTO_AMPULE
20,A,10000120,E,20051223,YAGTE,INSPECTION AND LABELLING - AMPULE,INSPECTION AND LABELLING - AMPULE
20,A,10000121,E,20051223,YAGTE,PRIMARY PACKING - AMPULE,PRIMARY PACKING - AMPULE
20,A,10000122,E,20051223,YAGTE,SECONDARY PACKING - AMPULE,SECONDARY PACKING - AMPULE
20,A,10000123,E,20051223,YAGTE,STERILISATION - AUXILIARY - AMPULE,STERILISATION - AUXILIARY - AMPULE
20,A,10000124,E,20051223,YAGTE,SYRINGE DISINFECTION,SYRINGE DISINFECTION
20,A,10000125,E,20051223,YAGTE,SOLUTION PREPERATION -- PROD_PFS,SOLUTION PREPERATION -- PROD_PFS
20,A,10000126,E,20051223,YAGTE,FILLING AND SEALING -- PFS,FILLING AND SEALING -- PFS
20,A,10000128,E,20051223,YAGTE,PLUNGER ROD INSERTION,PLUNGER ROD INSERTION
20,A,10000129,E,20080128,VWATVE,VISUAL INSPECTION - PFS,VISUAL INSPECTION - PFS
20,A,10000130,E,20051223,YAGTE,PRIMARY PACKING -PFS,PRIMARY PACKING -PFS
20,A,10000131,E,20051223,YAGTE,SECONDARY PACKING - PFS,SECONDARY PACKING - PFS
20,A,10000132,E,20060113,VWATVE,Milling,MILLING
20,A,10000133,E,20060314,VWATVE,DISSOLUTION,DISSOLUTION
20,A,10000134,E,20060314,VWATVE,FILTRATION,FILTRATION
20,A,10000135,E,20060316,VWATVE,MIXING & STIRRING SS REACTOR 250- 750 LT,MIXING & STIRRING SS REACTOR 250- 750 LT
20,A,10000136,E,20060316,VWATVE,MIXING & STIRRING SS REACTOR1000-1550 LT,MIXING & STIRRING SS REACTOR1000-1550 LT
20,A,10000137,E,20060316,VWATVE,MIXING & STIRRING SS REACTOR 2000 LT.,MIXING & STIRRING SS REACTOR 2000 LT.
20,A,10000138,E,20060316,VWATVE,MIXING & STIRRING SS REACTOR 4000 LT.,MIXING & STIRRING SS REACTOR 4000 LT.
20,A,10000139,E,20060314,VWATVE,CENTRIFUGE,CENTRIFUGE
20,A,10000140,E,20060314,VWATVE,CHILLING,CHILLING
20,A,10000141,E,20060314,VWATVE,DRYING,DRYING
20,A,10000142,E,20060314,VWATVE,SIFTING,SIFTING
20,A,10000143,E,20060314,VWATVE,SECONDARY PACKING,SECONDARY PACKING
20,A,10000146,E,20060316,VWATVE,MIXING & STIRRING IN GLREACTOR100-630 LT,MIXING & STIRRING IN GLREACTOR100-630 LT
20,A,10000147,E,20060316,VWATVE,MIXING & STIRRING IN GLREACTOR 1600  LT.,MIXING & STIRRING IN GLREACTOR 1600  LT.
20,A,10000148,E,20060316,VWATVE,MIXING & STIRRING IN GLREACTOR 3000  LT.,MIXING & STIRRING IN GLREACTOR 3000  LT.
20,A,10000149,E,20060316,VWATVE,STEAM,STEAM
20,A,10000150,E,20060316,VWATVE,HOT  WATER,HOT  WATER
20,A,10000151,E,20060316,VWATVE,CHILLED  WATER,CHILLED  WATER
20,A,10000152,E,20060316,VWATVE,BRINE,BRINE
20,A,10000153,E,20060316,VWATVE,VACUUM,VACUUM
20,A,10000154,E,20060403,VWATVE,CAPSULE  FILLING,CAPSULE  FILLING
20,A,10000155,E,20060406,YAGTE,STEAM,STEAM
20,A,10000157,E,20060406,YAGTE,HOT  WATER,HOT  WATER
20,A,10000158,E,20060406,YAGTE,CHILLED  WATER,CHILLED  WATER
20,A,10000159,E,20060406,YAGTE,BRINE,BRINE
20,A,10000160,E,20060406,YAGTE,VACUUM,VACUUM
20,A,10000161,E,20060519,VWATVE,Manufacturing,MANUFACTURING
20,A,10000162,E,20060519,VWATVE,Packing,PACKING
20,A,10000164,E,20060608,VWATVE,DISTILLATION,DISTILLATION
20,A,10000165,E,20210319,RSOMKUWAR,BLENDING,BLENDING
20,A,10000166,E,20060814,VWATVE,Manufacturing,MANUFACTURING
20,A,10000167,E,20060814,VWATVE,Packing,PACKING
20,A,10000168,E,20060818,VWATVE,Manufacturing,MANUFACTURING
20,A,10000169,E,20060818,VWATVE,Packing,PACKING
20,A,10000174,E,20061204,YAGTE,CENTRIFUGATION,CENTRIFUGATION
20,A,10000176,E,20061204,YAGTE,FILTRATION,FILTRATION
20,A,10000177,E,20060904,VWATVE,CELL PROPAGATION,CELL PROPAGATION
20,A,10000178,E,20060904,VWATVE,FERMENTATION,FERMENTATION
20,A,10000179,E,20060904,VWATVE,PROTEN PURIFICATION,PROTEN PURIFICATION
20,A,10000180,E,20060904,VWATVE,FILLING AND SEALING -- VIAL,FILLING AND SEALING -- VIAL
20,A,10000181,E,20060904,VWATVE,INSPECTION AND LABELLING - VIAL,INSPECTION AND LABELLING - VIAL
20,A,10000182,E,20060904,VWATVE,PRIMARY PACKING - VIAL,PRIMARY PACKING - VIAL
20,A,10000183,E,20060904,VWATVE,LYOPHILISATION-VIAL,LYOPHILISATION-VIAL
20,A,10000184,E,20060904,VWATVE,SECONDARY PACKING - VIAL,SECONDARY PACKING - VIAL
20,A,10000185,E,20060904,VWATVE,SOLUTION PREPARATION-VIAL,SOLUTION PREPARATION-VIAL
20,A,10000186,E,20060904,VWATVE,STERILISATION - AUXILIARY - VIAL,STERILISATION - AUXILIARY - VIAL
20,A,10000188,E,20060904,VWATVE,FILLING AND SEALING -- PFS,FILLING AND SEALING -- PFS
20,A,10000189,E,20060904,VWATVE,INSPECTION AND LABELLING - PFS,INSPECTION AND LABELLING - PFS
20,A,10000190,E,20060904,VWATVE,PLUNGER ROD INSERTION-PFS,PLUNGER ROD INSERTION-PFS
20,A,10000191,E,20060904,VWATVE,PRIMARY PACKING -PFS,PRIMARY PACKING -PFS
20,A,10000192,E,20060904,VWATVE,LYOPHILISATION-PFS,LYOPHILISATION-PFS
20,A,10000193,E,20060904,VWATVE,SECONDARY PACKING - PFS,SECONDARY PACKING - PFS
20,A,10000194,E,20060904,VWATVE,SOLUTION PREPARATION-PFS,SOLUTION PREPARATION-PFS
20,A,10000195,E,20060904,VWATVE,STERILISATION - AUXILIARY - PFS,STERILISATION - AUXILIARY - PFS
20,A,10000196,E,20060904,VWATVE,SYRINGE DISINFECTION,SYRINGE DISINFECTION
20,A,10000198,E,20060922,VWATVE,Manufacturing,MANUFACTURING
20,A,10000199,E,20060922,VWATVE,Packing,PACKING
20,A,10000200,E,20060927,VWATVE,MILLING,MILLING
20,A,10000201,E,20060927,VWATVE,BLENDING,BLENDING
20,A,10000202,E,20060927,VWATVE,MICRONIZATION,MICRONIZATION
20,A,10000204,E,20061018,VWATVE,Manufacturing,MANUFACTURING
20,A,10000205,E,20061018,VWATVE,Packing,PACKING
20,A,10000206,E,20061121,VWATVE,Manufacturing,MANUFACTURING
20,A,10000207,E,20061121,VWATVE,Packing,PACKING
20,A,10000208,E,20070104,VWATVE,Manufacturing,MANUFACTURING
20,A,10000209,E,20070104,VWATVE,Packing,PACKING
20,A,10000210,E,20070110,VWATVE,Manufacturing,MANUFACTURING
20,A,10000211,E,20070110,VWATVE,Packing,PACKING
20,A,10000212,E,20070110,VWATVE,Manufacturing,MANUFACTURING
20,A,10000213,E,20070110,VWATVE,Packing,PACKING
20,A,10000214,E,20070124,VWATVE,STERILISATION OF SOLUTION,STERILISATION OF SOLUTION
20,A,10000215,E,20070129,VWATVE,Manufacturing,MANUFACTURING
20,A,10000216,E,20070129,VWATVE,Packing,PACKING
20,A,10000217,E,20070220,VWATVE,Manufacturing,MANUFACTURING
20,A,10000218,E,20070220,VWATVE,Packing,PACKING
20,A,10000219,E,20070306,VWATVE,Manufacturing,MANUFACTURING
20,A,10000221,E,20070306,VWATVE,Packing,PACKING
20,A,10000225,E,20070820,VKADAM,EP10: Quality Assurance,EP10: QUALITY ASSURANCE
20,A,10000226,E,20070820,VKADAM,EP04: Quality Control,EP04: QUALITY CONTROL
20,A,10000227,E,20071106,VWATVE,Roll Compactor,ROLL COMPACTOR
20,A,10000228,E,20071126,VWATVE,GRANULATION,GRANULATION
20,A,10000229,E,20071126,VWATVE,DRYING,DRYING
20,A,10000230,E,20071126,VWATVE,COMPRESSION,COMPRESSION
20,A,10000232,E,20071126,VWATVE,COATING,COATING
20,A,10000233,E,20071126,VWATVE,INSPECTION,INSPECTION
20,A,10000234,E,20071126,VWATVE,SECONDARY PACKING,SECONDARY PACKING
20,A,10000235,E,20071126,VWATVE,ALU ALU PACKING,ALU ALU PACKING
20,A,10000236,E,20071126,VWATVE,BLISTER PACKING,BLISTER PACKING
20,A,10000237,E,20071126,VWATVE,BRANDING ON TABLETS,BRANDING ON TABLETS
20,A,10000238,E,20071126,VWATVE,BOTTLE PACKING,BOTTLE PACKING
20,A,10000239,E,20071126,VWATVE,STRIP PACKING,STRIP PACKING
20,A,10000240,E,20071130,VWATVE,CAPSULE  FILLING,CAPSULE  FILLING
20,A,10000241,E,20080103,VKADAM,EP10: Maintainance,EP10: MAINTAINANCE
20,A,10000242,E,20080512,VWATVE,ISOLATOR,ISOLATOR
20,A,10000245,E,20080529,VWATVE,Drying-SBM,DRYING-SBM
20,A,10000248,E,20181228,MMANI,Compression,COMPRESSION
20,A,10000249,E,20080529,VWATVE,Coating-SBM,COATING-SBM
20,A,10000250,E,20080529,VWATVE,Granulation-SBM,GRANULATION-SBM
20,A,10000251,E,20080529,VWATVE,Blending-SBM,BLENDING-SBM
20,A,10000252,E,20080630,VWATVE,Manufacturing,MANUFACTURING
20,A,10000253,E,20080630,VWATVE,Packing,PACKING
20,A,10000254,E,20080714,VWATVE,Manufacturing,MANUFACTURING
20,A,10000255,E,20080714,VWATVE,Packing,PACKING
20,A,10000256,E,20080802,VWATVE,Secondary packing-SBM,SECONDARY PACKING-SBM
20,A,10000257,E,20080822,VWATVE,Packing,PACKING
20,A,10000258,E,20080822,VWATVE,Manufacturing,MANUFACTURING
20,A,10000259,E,20080822,VWATVE,MILLING,MILLING
20,A,10000260,E,20080822,VWATVE,BLENDING,BLENDING
20,A,10000261,E,20080822,VWATVE,SECONDARY PACKING,SECONDARY PACKING
20,A,10000262,E,20081022,YAGTE,STERILISATION-AUXILIARY-ONCOLOGY,STERILISATION-AUXILIARY-ONCOLOGY
20,A,10000263,E,20081022,YAGTE,"VIALS,SEALS.STP-STERILISATION","VIALS,SEALS.STP-STERILISATION"
20,A,10000264,E,20081022,YAGTE,SOLUTION PREPERATION --ONCOLOGY,SOLUTION PREPERATION --ONCOLOGY
20,A,10000266,E,20081022,YAGTE,FILLING AND SEALING -- ONCOLOGY,FILLING AND SEALING -- ONCOLOGY
20,A,10000267,E,20081022,YAGTE,LYOPHILISATION-ONCOLOGY,LYOPHILISATION-ONCOLOGY
20,A,10000268,E,20081022,YAGTE,VISUAL INSPECTION  -ONCOLOGY,VISUAL INSPECTION  -ONCOLOGY
20,A,10000269,E,20081022,YAGTE,SECONDARY PACKING - ONCOLOGY,SECONDARY PACKING - ONCOLOGY
20,A,10000271,E,20081209,VWATVE,CONTAINER PACKING-SBM ,CONTAINER PACKING-SBM 
20,A,10000272,E,20081209,VWATVE,SECONDARY PACKING-SBM ,SECONDARY PACKING-SBM 
20,A,10000274,E,20081219,VWATVE,Fume Hood,FUME HOOD
20,A,10000275,E,20081219,VWATVE,Rotavapour,ROTAVAPOUR
20,A,10000276,E,20081222,VWATVE,SIFTING-SBM,SIFTING-SBM
20,A,10000277,E,20090217,VWATVE,Manufacturing,MANUFACTURING
20,A,10000278,E,20090217,VWATVE,Packing,PACKING
20,A,10000279,E,20090221,VWATVE,Manufacturing,MANUFACTURING
20,A,10000280,E,20090221,VWATVE,Packing,PACKING
20,A,10000281,E,20090221,VWATVE,Manufacturing,MANUFACTURING
20,A,10000282,E,20090221,VWATVE,Packing,PACKING
20,A,10000284,E,20090331,VWATVE,SEALING_VIAL,SEALING_VIAL
20,A,10000285,E,20090331,VWATVE,FILLING AND STOPPERING_VIAL,FILLING AND STOPPERING_VIAL
20,A,10000286,E,20090331,VWATVE,LYOPHILISATION,LYOPHILISATION
20,A,10000288,E,20090424,VWATVE,Manufacturing,MANUFACTURING
20,A,10000289,E,20090424,VWATVE,Packing,PACKING
20,A,10000290,E,20090511,VWATVE,FILLING AND SEALING (plant III),FILLING AND SEALING (PLANT III)
20,A,10000291,E,20090511,VWATVE,VISUAL INSPECTION  -(Plant III),VISUAL INSPECTION  -(PLANT III)
20,A,10000292,E,20090511,VWATVE,LYOPHILISATION-(plant III),LYOPHILISATION-(PLANT III)
20,A,10000293,E,20090511,VWATVE,SECONDARY PACKING -(plant III),SECONDARY PACKING -(PLANT III)
20,A,10000294,E,20090511,VWATVE,SOLUTION PREPERATION --(Plant III),SOLUTION PREPERATION --(PLANT III)
20,A,10000295,E,20090511,VWATVE,STERILISATION-AUXILIARY-(Plant III),STERILISATION-AUXILIARY-(PLANT III)
20,A,10000296,E,20090511,VWATVE,"VIALS,SEALS.STP-STERILISATION(plant III)","VIALS,SEALS.STP-STERILISATION(PLANT III)"
20,A,10000297,E,20090515,MGAIKWAD,Manufacturing,MANUFACTURING
20,A,10000298,E,20090515,MGAIKWAD,Packing,PACKING
20,A,10000302,E,20090629,VWATVE,Pouch packing-SBM,POUCH PACKING-SBM
20,A,10000303,E,20091014,VWATVE,Manufacturing,MANUFACTURING
20,A,10000304,E,20091014,VWATVE,Packing,PACKING
20,A,10000309,E,20091107,VWATVE,Roll Compactor,ROLL COMPACTOR
20,A,10000310,E,20091218,MGAIKWAD,Manufacturing,MANUFACTURING
20,A,10000311,E,20091218,MGAIKWAD,Packing,PACKING
20,A,10000312,E,20091230,MGAIKWAD,FILLING  STOPPERING_VIAL (plant III),FILLING  STOPPERING_VIAL (PLANT III)
20,A,10000313,E,20091230,MGAIKWAD,LYOPHILIZED VIAL-SEALING-(plant III),LYOPHILIZED VIAL-SEALING-(PLANT III)
20,A,10000315,E,20100130,MGAIKWAD,HOMOGENIZATION,HOMOGENIZATION
20,A,10000316,E,20100130,MGAIKWAD,REFOLDING,REFOLDING
20,A,10000317,E,20100130,MGAIKWAD,SOLUBILIZATION,SOLUBILIZATION
20,A,10000318,E,20100130,MGAIKWAD,MICRONIZATION,MICRONIZATION
20,A,10000319,E,20100403,MGAIKWAD,Manufacturing,MANUFACTURING
20,A,10000320,E,20100403,MGAIKWAD,Packing,PACKING
20,A,10000327,E,20100417,VKADAM,EP10: Production - Equipment,EP10: PRODUCTION - EQUIPMENT
20,A,10000328,E,20100426,MGAIKWAD,Manufacturing,MANUFACTURING
20,A,10000329,E,20100426,MGAIKWAD,Bottle Washing,BOTTLE WASHING
20,A,10000330,E,20100426,MGAIKWAD,Filling And Sealing,FILLING AND SEALING
20,A,10000331,E,20100426,MGAIKWAD,Inspection(Empty/Filled/Labeled,INSPECTION(EMPTY/FILLED/LABELED
20,A,10000332,E,20100426,MGAIKWAD,Secondary packing,SECONDARY PACKING
20,A,10000335,E,20100510,VKADAM,EP18: Production - Equipment,EP18: PRODUCTION - EQUIPMENT
20,A,10000338,E,20100525,MGAIKWAD,FLASH CHROMATOGRAPHY,FLASH CHROMATOGRAPHY
20,A,10000340,E,20100602,VKADAM,EP18: Maintainance,EP18: MAINTAINANCE
20,A,10000341,E,20100602,VKADAM,EP18: QA,EP18: QA
20,A,10000342,E,20100602,VKADAM,EP18: QC,EP18: QC
20,A,10000344,E,20100604,MGAIKWAD,LUBRICATION,LUBRICATION
20,A,10000345,E,20100609,MGAIKWAD,Manufacturing,MANUFACTURING
20,A,10000346,E,20100609,MGAIKWAD,Packing,PACKING
20,A,10000348,E,20110118,MGAIKWAD,PINMILLING,PINMILLING
20,A,10000757,E,20150930,VWATVE,FILTER,FILTER
20,A,10000758,E,20150930,VWATVE,CENTRIFUGE,CENTRIFUGE
20,A,10000759,E,20150930,VWATVE,DRYER,DRYER
20,A,10000760,E,20150930,VWATVE,VACUUM OVEN,VACUUM OVEN
20,A,10000761,E,20150930,VWATVE,ROTAVAPOUR,ROTAVAPOUR
20,A,10000762,E,20150930,VWATVE,FLASH CHROMATOGRAPHY,FLASH CHROMATOGRAPHY
20,A,10000763,E,20150930,VWATVE,PREP CHROMATOGRAPHY,PREP CHROMATOGRAPHY
20,A,10000764,E,20150930,VWATVE,FUME HOOD,FUME HOOD
20,A,10000765,E,20150930,VWATVE,PRIMARY & SECONDARY PACKING,PRIMARY & SECONDARY PACKING
20,A,10000766,E,20150930,VWATVE,DISTILLATION,DISTILLATION
20,A,10000767,E,20151015,MGAIKWAD,Manufacturing,MANUFACTURING
20,A,10000768,E,20151015,MGAIKWAD,PACKING,PACKING
20,A,10000770,E,20151016,EUSCORE,IMPRINT-TABLETS-USA,IMPRINT-TABLETS-USA
20,A,10000771,E,20151028,MGAIKWAD,Manufacturing,MANUFACTURING
20,A,10000772,E,20151028,MGAIKWAD,PACKING,PACKING
20,A,10000773,E,20151101,VWATVE,PRIMARY & SECONDARY PACKING,PRIMARY & SECONDARY PACKING
20,A,10000776,E,20151207,MGAIKWAD,LYOPHILIZER-DRYER,LYOPHILIZER-DRYER
20,A,10000777,E,20151207,MGAIKWAD,PREP CHROMATOGRAPHY,PREP CHROMATOGRAPHY
20,A,10000778,E,20151211,MGAIKWAD,MIXING,MIXING
20,A,10000779,E,20151231,VWATVE,Manufacturing,MANUFACTURING
20,A,10000780,E,20151231,VWATVE,Packing,PACKING
20,A,10000781,E,20160206,MGAIKWAD,Manufacturing,MANUFACTURING
20,A,10000782,E,20160206,MGAIKWAD,Packing,PACKING
20,A,10000784,E,20160216,MGAIKWAD,Manufacturing,MANUFACTURING
20,A,10000785,E,20160216,MGAIKWAD,PACKING,PACKING
20,A,10000786,E,20160319,MGAIKWAD,LASER DRILING,LASER DRILING
20,A,10000787,E,20160401,VWATVE,Manufacturing,MANUFACTURING
20,A,10000788,E,20160401,VWATVE,Packing,PACKING
20,A,10000790,E,20160416,VWATVE,Manufacturing,MANUFACTURING
20,A,10000791,E,20160416,VWATVE,Packing,PACKING
20,A,10000792,E,20160422,VKADAM,EP04: ENGINEERING,EP04: ENGINEERING
20,A,10000793,E,20160425,VKADAM,EP04: Service Floor,EP04: SERVICE FLOOR
20,A,10000794,E,20160425,VKADAM,EP04: Utility,EP04: UTILITY
20,A,10000795,E,20160425,VKADAM,EP04: HR,EP04: HR
20,A,10000796,E,20160425,VKADAM,EP04: Warehouse,EP04: WAREHOUSE
20,A,10000797,E,20160430,VWATVE,MICRONIZATION,MICRONIZATION
20,A,10000799,E,20160614,MGAIKWAD,Manufacturing,MANUFACTURING
20,A,10000800,E,20160614,MGAIKWAD,Packing,PACKING
20,A,10000801,E,20160622,MGAIKWAD,MICRONISATION,MICRONISATION
20,A,10000802,E,20160701,MGAIKWAD,DISPENSING-TABLET-SIKKIM,DISPENSING-TABLET-SIKKIM
20,A,10000803,E,20160701,MGAIKWAD,DRYING-TABLET-SIKKIM,DRYING-TABLET-SIKKIM
20,A,10000804,E,20160701,MGAIKWAD,ROLL COMPACTOR-TABLET-SIKKIM,ROLL COMPACTOR-TABLET-SIKKIM
20,A,10000805,E,20160701,MGAIKWAD,GRANULATION-TABLET-SIKKIM,GRANULATION-TABLET-SIKKIM
20,A,10000806,E,20160701,MGAIKWAD,LUBRICATION-TABLET-SIKKIM,LUBRICATION-TABLET-SIKKIM
20,A,10000807,E,20160701,MGAIKWAD,COMPRESSION-TABLET-SIKKIM,COMPRESSION-TABLET-SIKKIM
20,A,10000808,E,20160701,MGAIKWAD,COATING-TABLET-SIKKIM,COATING-TABLET-SIKKIM
20,A,10000809,E,20160701,MGAIKWAD,INSPECTION-TABLET-SIKKIM,INSPECTION-TABLET-SIKKIM
20,A,10000810,E,20160701,MGAIKWAD,STRIP PACKING-TABLET-SIKKIM,STRIP PACKING-TABLET-SIKKIM
20,A,10000811,E,20160701,MGAIKWAD,ALU ALU PACKING-TABLET-SIKKIM,ALU ALU PACKING-TABLET-SIKKIM
20,A,10000812,E,20160701,MGAIKWAD,BLISTER PACKING-TABLET-SIKKIM,BLISTER PACKING-TABLET-SIKKIM
20,A,10000813,E,20160701,MGAIKWAD,SECONDARY PACKING-TABLET-SIKKIM,SECONDARY PACKING-TABLET-SIKKIM
20,A,10000814,E,20160701,MGAIKWAD,DISPENSING-DRY SYRUP-SIKKIM,DISPENSING-DRY SYRUP-SIKKIM
20,A,10000816,E,20160701,MGAIKWAD,DRYING-DRY SYRUP-SIKKIM,DRYING-DRY SYRUP-SIKKIM
20,A,10000817,E,20160701,MGAIKWAD,DRY SYRUP MANUFACTUR-DRY SYRUP-SIKKIM,DRY SYRUP MANUFACTUR-DRY SYRUP-SIKKIM
20,A,10000818,E,20160701,MGAIKWAD,LUBRICATION-DRY SYRUP-SIKKIM,LUBRICATION-DRY SYRUP-SIKKIM
20,A,10000819,E,20160701,MGAIKWAD,BOTTLE CLEANING-DRY SYRUP-SIKKIM,BOTTLE CLEANING-DRY SYRUP-SIKKIM
20,A,10000820,E,20160701,MGAIKWAD,FILLING & SEALING-DRY SYRUP-SIKKIM,FILLING & SEALING-DRY SYRUP-SIKKIM
20,A,10000821,E,20160701,MGAIKWAD,INSPECTION-DRY SYRUP-SIKKIM,INSPECTION-DRY SYRUP-SIKKIM
20,A,10000822,E,20160701,MGAIKWAD,LABELLING AND INSP-DRY SYRUP-SIKKIM,LABELLING AND INSP-DRY SYRUP-SIKKIM
20,A,10000823,E,20160701,MGAIKWAD,SECONDARY PACKING-DRY SYRUP-SIKKIM,SECONDARY PACKING-DRY SYRUP-SIKKIM
20,A,10000824,E,20160701,MGAIKWAD,QA_Stores_Admin,QA_STORES_ADMIN
20,A,10000825,E,20160822,VWATVE,Manufacturing,MANUFACTURING
20,A,10000826,E,20160822,VWATVE,Packing,PACKING
20,A,10000829,E,20161026,MGAIKWAD,DISPENSING-CAPSULE-SIKKIM,DISPENSING-CAPSULE-SIKKIM
20,A,10000830,E,20161026,MGAIKWAD,SIFTING -CAPSULE-SIKKIM,SIFTING -CAPSULE-SIKKIM
20,A,10000831,E,20161026,MGAIKWAD,GRANULATION-CAPSULE-SIKKIM,GRANULATION-CAPSULE-SIKKIM
20,A,10000832,E,20161026,MGAIKWAD,DRYING-CAPSULE-SIKKIM,DRYING-CAPSULE-SIKKIM
20,A,10000833,E,20161026,MGAIKWAD,LUBRICATION-CAPSULE-SIKKIM,LUBRICATION-CAPSULE-SIKKIM
20,A,10000834,E,20161026,MGAIKWAD,FILLING - CAPSULE -SIKKIM,FILLING - CAPSULE -SIKKIM
20,A,10000835,E,20161026,MGAIKWAD,INSPECTION-CAPSULE-SIKKIM,INSPECTION-CAPSULE-SIKKIM
20,A,10000836,E,20161027,MGAIKWAD,SIFTING -TABLET-SIKKIM,SIFTING -TABLET-SIKKIM
20,A,10000837,E,20161202,VWATVE,Component Preparation Area,COMPONENT PREPARATION AREA
20,A,10000838,E,20161202,VWATVE,HPHV Steam Steriliser,HPHV STEAM STERILISER
20,A,10000839,E,20161202,VWATVE,HPHV Steam Sterilizer,HPHV STEAM STERILIZER
20,A,10000840,E,20161202,VWATVE,Buffer Cooling Zone,BUFFER COOLING ZONE
20,A,10000841,E,20161202,VWATVE,Manufacturing Area-I,MANUFACTURING AREA-I
20,A,10000842,E,20161202,VWATVE,Dispensing and compounding Isolator,DISPENSING AND COMPOUNDING ISOLATOR
20,A,10000843,E,20161202,VWATVE,Filtration Isolator,FILTRATION ISOLATOR
20,A,10000844,E,20161202,VWATVE,Manufacturing Tank 30 L SS 316L,MANUFACTURING TANK 30 L SS 316L
20,A,10000845,E,20161202,VWATVE,Manufacturing Tank 300 L SS 316L,MANUFACTURING TANK 300 L SS 316L
20,A,10000846,E,20161202,VWATVE,Sterile Holding Tank 30L SS 316L,STERILE HOLDING TANK 30L SS 316L
20,A,10000847,E,20161202,VWATVE,Vial Washing Area,VIAL WASHING AREA
20,A,10000848,E,20161202,VWATVE,Vial Washing Machine,VIAL WASHING MACHINE
20,A,10000849,E,20161202,VWATVE,Vial DepyrogenationTunnel,VIAL DEPYROGENATIONTUNNEL
20,A,10000850,E,20161202,VWATVE,Vial Deboxing,VIAL DEBOXING
20,A,10000851,E,20161202,VWATVE,Vial Filling & Sealing Area I,VIAL FILLING & SEALING AREA I
20,A,10000852,E,20161202,VWATVE,Isolator 1 to 6,ISOLATOR 1 TO 6
20,A,10000853,E,20161202,VWATVE,"Vial filling, stoppering and capping mac","VIAL FILLING, STOPPERING AND CAPPING MAC"
20,A,10000854,E,20161202,VWATVE,Vial Filling & Sealing Area II,VIAL FILLING & SEALING AREA II
20,A,10000855,E,20161202,VWATVE,Isolator 7 to 11,ISOLATOR 7 TO 11
20,A,10000856,E,20161202,VWATVE,External Decontamination Machine 2,EXTERNAL DECONTAMINATION MACHINE 2
20,A,10000857,E,20161202,VWATVE,Lyo Sealing Machine,LYO SEALING MACHINE
20,A,10000858,E,20161202,VWATVE,Lyo Service Area,LYO SERVICE AREA
20,A,10000859,E,20161202,VWATVE,Lyophilizer,LYOPHILIZER
20,A,10000860,E,20161202,VWATVE,Visual Inspection Area,VISUAL INSPECTION AREA
20,A,10000861,E,20161202,VWATVE,Excipient Dispensing Area,EXCIPIENT DISPENSING AREA
20,A,10000862,E,20161202,VWATVE,PPM Sampling and Dispensing Area,PPM SAMPLING AND DISPENSING AREA
20,A,10000863,E,20161202,VWATVE,External Decontamination Mac EDM,EXTERNAL DECONTAMINATION MAC EDM
20,A,10000866,E,20161202,VWATVE,Primary Packing Dispensing Room G 22W,PRIMARY PACKING DISPENSING ROOM G 22W
20,A,10000869,E,20161202,VWATVE,Secondary Dispensing Room G 23W,SECONDARY DISPENSING ROOM G 23W
20,A,10000870,E,20161219,MGAIKWAD,REACTION FLASK-0-50L,REACTION FLASK-0-50L
20,A,10000871,E,20170215,MGAIKWAD,SOLUTION PREP.-ZH06,SOLUTION PREP.-ZH06
20,A,10000872,E,20170215,MGAIKWAD,SYRUP MFG-ZH06,SYRUP MFG-ZH06
20,A,10000873,E,20170215,MGAIKWAD,FILTRATION-ZH06,FILTRATION-ZH06
20,A,10000874,E,20170215,MGAIKWAD,BOTTLE CLEANING-ZH06,BOTTLE CLEANING-ZH06
20,A,10000875,E,20170406,MGAIKWAD,FILLING & SEALING-ZH06,FILLING & SEALING-ZH06
20,A,10000876,E,20170215,MGAIKWAD,INSPECTION-ZH06,INSPECTION-ZH06
20,A,10000877,E,20170215,MGAIKWAD,PRIMARY PACKING-ZH06,PRIMARY PACKING-ZH06
20,A,10000878,E,20170215,MGAIKWAD,SECONDARY PACKING-ZH06,SECONDARY PACKING-ZH06
20,A,10000879,E,20170220,MGAIKWAD,API-1_UPSTREAM PROCESS,API-1_UPSTREAM PROCESS
20,A,10000880,E,20170220,MGAIKWAD,API-1_DOWNSTREAM PROCESS,API-1_DOWNSTREAM PROCESS
20,A,10000881,E,20170220,MGAIKWAD,API-2_UPSTREAM PROCESS,API-2_UPSTREAM PROCESS
20,A,10000882,E,20170220,MGAIKWAD,API-2_DOWNSTREAM PROCESS,API-2_DOWNSTREAM PROCESS
20,A,10000349,E,20110124,VWATVE,Manufacturing,MANUFACTURING
20,A,10000350,E,20110124,VWATVE,Packing,PACKING
20,A,10000351,E,20110222,MGAIKWAD,Manufacturing,MANUFACTURING
20,A,10000352,E,20110222,MGAIKWAD,Packing,PACKING
20,A,10000353,E,20110225,MGAIKWAD,Manufacturing,MANUFACTURING
20,A,10000354,E,20110225,MGAIKWAD,Packing,PACKING
20,A,10000355,E,20110401,VWATVE,GRANULATION-ZHL,GRANULATION-ZHL
20,A,10000356,E,20110401,VWATVE,DRYING-ZHL,DRYING-ZHL
20,A,10000357,E,20110401,VWATVE,LUBRICATION-ZHL,LUBRICATION-ZHL
20,A,10000358,E,20110401,VWATVE,COMPRESSION-ZHL,COMPRESSION-ZHL
20,A,10000359,E,20110401,VWATVE,COATING-ZHL,COATING-ZHL
20,A,10000360,E,20110401,VWATVE,INSPECTION-ZHL,INSPECTION-ZHL
20,A,10000361,E,20110401,VWATVE,BLISTER PACKING-ZHL,BLISTER PACKING-ZHL
20,A,10000362,E,20110401,VWATVE,ALU ALU PACKING-ZHL,ALU ALU PACKING-ZHL
20,A,10000363,E,20110401,VWATVE,SECONDARY PACKING-ZHL,SECONDARY PACKING-ZHL
20,A,10000364,E,20110401,VWATVE,Roll Compactor-ZHL,ROLL COMPACTOR-ZHL
20,A,10000365,E,20110401,VWATVE,STRIP PACKING-ZHL,STRIP PACKING-ZHL
20,A,10000366,E,20110401,VWATVE,VIAL WASHING -- STERILE VIAL-ZHL,VIAL WASHING -- STERILE VIAL-ZHL
20,A,10000367,E,20110401,VWATVE,BUNG WASH -- STERILE VIAL-ZHL,BUNG WASH -- STERILE VIAL-ZHL
20,A,10000368,E,20110401,VWATVE,BLENDING-INJ-ZHL,BLENDING-INJ-ZHL
20,A,10000369,E,20110401,VWATVE,FILLING AND SEALING -- VIAL-ZHL,FILLING AND SEALING -- VIAL-ZHL
20,A,10000371,E,20110401,VWATVE,FILLED VIAL INSPECTION-ZHL,FILLED VIAL INSPECTION-ZHL
20,A,10000373,E,20110401,VWATVE,LABELLING AND INSPCTION - ZHL,LABELLING AND INSPCTION - ZHL
20,A,10000374,E,20110401,VWATVE,PRIMARY PACKING - INJ-ZHL,PRIMARY PACKING - INJ-ZHL
20,A,10000375,E,20110401,VWATVE,SECONDARY PACKING - INJ-ZHL,SECONDARY PACKING - INJ-ZHL
20,A,10000376,E,20110401,VWATVE,WASHINH AUTOCLAVE-ZHL,WASHINH AUTOCLAVE-ZHL
20,A,10000377,E,20110401,VWATVE,DRY SYRUP MANUFACTURING-ZHL,DRY SYRUP MANUFACTURING-ZHL
20,A,10000378,E,20120521,MGAIKWAD,BOTTLE CLEANING-ZHL,BOTTLE CLEANING-ZHL
20,A,10000379,E,20110401,VWATVE,FILLING AND SEALING -- ZHL,FILLING AND SEALING -- ZHL
20,A,10000380,E,20120521,VWATVE,BOTTLE INSPECTION AND LABELLING --ZHL,BOTTLE INSPECTION AND LABELLING --ZHL
20,A,10000383,E,20110614,MGAIKWAD,GRANULATION-PLANT-2A,GRANULATION-PLANT-2A
20,A,10000384,E,20110614,MGAIKWAD,DRYING-PLANT-2A,DRYING-PLANT-2A
20,A,10000385,E,20110614,MGAIKWAD,COMPRESSION-PLANT-2A,COMPRESSION-PLANT-2A
20,A,10000386,E,20110614,MGAIKWAD,COATING-PLANT-2A,COATING-PLANT-2A
20,A,10000387,E,20110614,MGAIKWAD,INSPECTION-PLANT-2A,INSPECTION-PLANT-2A
20,A,10000388,E,20110614,MGAIKWAD,CONTAINER PACKING-PLANT-2A,CONTAINER PACKING-PLANT-2A
20,A,10000389,E,20110614,MGAIKWAD,SECONDARY PACKING-PLANT-2A,SECONDARY PACKING-PLANT-2A
20,A,10000391,E,20110617,MGAIKWAD,PRIMARY PACKING - VIAL(plant-III),PRIMARY PACKING - VIAL(PLANT-III)
20,A,10000392,E,20110921,MGAIKWAD,Manufacturing,MANUFACTURING
20,A,10000393,E,20110921,MGAIKWAD,Packing,PACKING
20,A,10000394,E,20110929,MGAIKWAD,SECONDARY PACKING,SECONDARY PACKING
20,A,10000395,E,20111231,VWATVE,Primary Packing,PRIMARY PACKING
20,A,10000403,E,20120307,MGAIKWAD,Manufacturing,MANUFACTURING
20,A,10000404,E,20120307,MGAIKWAD,Packing,PACKING
20,A,10000407,E,20120322,MGAIKWAD,Manufacturing,MANUFACTURING
20,A,10000408,E,20120322,MGAIKWAD,Packing,PACKING
20,A,10000418,E,20120329,VWATVE,QA_Stores_Admin,QA_STORES_ADMIN
20,A,10000419,E,20120329,VWATVE,QA_Stores_Admin,QA_STORES_ADMIN
20,A,10000420,E,20120329,VWATVE,QA_Stores_Admin,QA_STORES_ADMIN
20,A,10000421,E,20120329,VWATVE,QA_Stores_Admin,QA_STORES_ADMIN
20,A,10000422,E,20120329,VWATVE,QA_Stores_Admin,QA_STORES_ADMIN
20,A,10000424,E,20120329,VWATVE,QA_Stores_Admin,QA_STORES_ADMIN
20,A,10000425,E,20120329,VWATVE,QA_Stores_Admin,QA_STORES_ADMIN
20,A,10000426,E,20120329,VWATVE,QA_Stores_Admin,QA_STORES_ADMIN
20,A,10000431,E,20120329,VWATVE,Packing,PACKING
20,A,10000433,E,20120329,VWATVE,Packing,PACKING
20,A,10000434,E,20120329,VWATVE,Packing,PACKING
20,A,10000435,E,20120329,VWATVE,Packing,PACKING
20,A,10000436,E,20120329,VWATVE,Packing,PACKING
20,A,10000437,E,20120329,VWATVE,Packing,PACKING
20,A,10000438,E,20120329,VWATVE,Packing,PACKING
20,A,10000439,E,20120329,VWATVE,Packing,PACKING
20,A,10000440,E,20120329,VWATVE,Packing,PACKING
20,A,10000441,E,20120329,VWATVE,Packing,PACKING
20,A,10000442,E,20120329,VWATVE,Packing,PACKING
20,A,10000443,E,20120329,VWATVE,Packing,PACKING
20,A,10000444,E,20120329,VWATVE,Packing,PACKING
20,A,10000445,E,20120329,VWATVE,Packing,PACKING
20,A,10000446,E,20120329,VWATVE,Packing,PACKING
20,A,10000447,E,20120329,VWATVE,Packing,PACKING
20,A,10000448,E,20120329,VWATVE,Packing,PACKING
20,A,10000450,E,20120329,VWATVE,Packing,PACKING
20,A,10000451,E,20120329,VWATVE,Packing,PACKING
20,A,10000453,E,20120329,VWATVE,Packing,PACKING
20,A,10000454,E,20120329,VWATVE,Packing,PACKING
20,A,10000455,E,20120329,VWATVE,Packing,PACKING
20,A,10000456,E,20120329,VWATVE,Packing,PACKING
20,A,10000457,E,20120329,VWATVE,Packing,PACKING
20,A,10000458,E,20120329,VWATVE,Packing,PACKING
20,A,10000460,E,20120329,VWATVE,Packing,PACKING
20,A,10000461,E,20120329,VWATVE,Packing,PACKING
20,A,10000462,E,20120329,VWATVE,Packing,PACKING
20,A,10000463,E,20120329,VWATVE,Packing,PACKING
20,A,10000464,E,20120329,VWATVE,Packing,PACKING
20,A,10000465,E,20120329,VWATVE,Packing,PACKING
20,A,10000467,E,20120329,VWATVE,Packing,PACKING
20,A,10000469,E,20120329,VWATVE,Packing,PACKING
20,A,10000470,E,20120329,VWATVE,Packing,PACKING
20,A,10000471,E,20120329,VWATVE,Packing,PACKING
20,A,10000472,E,20120712,MGAIKWAD,PACKING,PACKING
20,A,10000474,E,20120329,VWATVE,Packing,PACKING
20,A,10000475,E,20120329,VWATVE,Packing,PACKING
20,A,10000476,E,20120329,VWATVE,Packing,PACKING
20,A,10000477,E,20120329,VWATVE,Packing,PACKING
20,A,10000478,E,20120329,VWATVE,Packing,PACKING
20,A,10000479,E,20120329,VWATVE,Packing,PACKING
20,A,10000480,E,20120329,VWATVE,Packing,PACKING
20,A,10000481,E,20120329,VWATVE,Packing,PACKING
20,A,10000482,E,20120329,VWATVE,Packing,PACKING
20,A,10000483,E,20120329,VWATVE,Packing,PACKING
20,A,10000484,E,20120712,MGAIKWAD,PACKING,PACKING
20,A,10000485,E,20120712,MGAIKWAD,PACKING,PACKING
20,A,10000487,E,20120329,VWATVE,Packing,PACKING
20,A,10000489,E,20120329,VWATVE,Packing,PACKING
20,A,10000490,E,20120329,VWATVE,Packing,PACKING
20,A,10000491,E,20120406,RMOHITE,Wet Lab (Basic Research) - Cat. A,WET LAB (BASIC RESEARCH) - CAT. A
20,A,10000492,E,20120406,RMOHITE,Wet Lab (Basic Research) - Cat. B,WET LAB (BASIC RESEARCH) - CAT. B
20,A,10000493,E,20120406,RMOHITE,Wet Lab (Basic Research) - Cat. C,WET LAB (BASIC RESEARCH) - CAT. C
20,A,10000494,E,20120406,RMOHITE,Process Development Lab - Cat. a,PROCESS DEVELOPMENT LAB - CAT. A
20,A,10000496,E,20120406,RMOHITE,Process Development Lab - Cat. B,PROCESS DEVELOPMENT LAB - CAT. B
20,A,10000497,E,20120406,RMOHITE,Process Development Lab - Cat. C,PROCESS DEVELOPMENT LAB - CAT. C
20,A,10000498,E,20120406,RMOHITE,Analytical Development Lab-  Cat. A,ANALYTICAL DEVELOPMENT LAB-  CAT. A
20,A,10000499,E,20120406,RMOHITE,Analytical Development Lab- Cat. B,ANALYTICAL DEVELOPMENT LAB- CAT. B
20,A,10001129,E,20180719,VWATVE,Optical Inspection-3,OPTICAL INSPECTION-3
20,A,10001130,E,20180719,VWATVE,AQL Room,AQL ROOM
20,A,10001131,E,20180719,VWATVE,Spare Room,SPARE ROOM
20,A,10001132,E,20180719,VWATVE,Production Office,PRODUCTION OFFICE
20,A,10001133,E,20180719,VWATVE,Destruction of PPM,DESTRUCTION OF PPM
20,A,10001134,E,20180719,VWATVE,Post Quarantine,POST QUARANTINE
20,A,10001135,E,20180719,VWATVE,Process Tank SS 316L (12 L),PROCESS TANK SS 316L (12 L)
20,A,10001136,E,20180719,VWATVE,Process Tank SS 316L (12 L),PROCESS TANK SS 316L (12 L)
20,A,10001138,E,20180719,VWATVE,Process Tank SS 316L (30 L),PROCESS TANK SS 316L (30 L)
20,A,10001139,E,20180719,VWATVE,Process Tank SS 316L (30 L),PROCESS TANK SS 316L (30 L)
20,A,10001140,E,20180719,VWATVE,Process Tank SS 316L (30 L),PROCESS TANK SS 316L (30 L)
20,A,10001141,E,20180719,VWATVE,Process Tank SS 316L (30 L),PROCESS TANK SS 316L (30 L)
20,A,10001142,E,20180719,VWATVE,Process Tank SS 316L (30 L),PROCESS TANK SS 316L (30 L)
20,A,10001143,E,20180719,VWATVE,Process Tank SS 316L (30 L),PROCESS TANK SS 316L (30 L)
20,A,10001144,E,20180719,VWATVE,Process Tank SS 316L (100 L),PROCESS TANK SS 316L (100 L)
20,A,10001145,E,20180719,VWATVE,Process Tank SS 316L (100 L),PROCESS TANK SS 316L (100 L)
20,A,10001146,E,20180719,VWATVE,Process Tank SS 316L (100 L),PROCESS TANK SS 316L (100 L)
20,A,10001147,E,20180719,VWATVE,Process Tank SS 316L (100 L),PROCESS TANK SS 316L (100 L)
20,A,10001148,E,20180719,VWATVE,Process Tank SS 316L (100 L),PROCESS TANK SS 316L (100 L)
20,A,10001149,E,20180719,VWATVE,Process Tank SS 316L (100 L),PROCESS TANK SS 316L (100 L)
20,A,10001150,E,20180802,VWATVE,Process Tank SS 316L (300 L),PROCESS TANK SS 316L (300 L)
20,A,10001151,E,20180719,VWATVE,Process Tank SS 316L (300 L),PROCESS TANK SS 316L (300 L)
20,A,10001152,E,20180719,VWATVE,Process Tank SS 316L (300 L),PROCESS TANK SS 316L (300 L)
20,A,10001153,E,20180719,VWATVE,Process Tank SS 316L (300 L),PROCESS TANK SS 316L (300 L)
20,A,10001155,E,20180719,VWATVE,Process Tank SS 316L (500 L),PROCESS TANK SS 316L (500 L)
20,A,10001156,E,20180719,VWATVE,Process Tank SS 316L (500 L),PROCESS TANK SS 316L (500 L)
20,A,10001157,E,20180719,VWATVE,Process Tank SS 316L (500 L),PROCESS TANK SS 316L (500 L)
20,A,10001158,E,20180719,VWATVE,Process Tank SS 316L (500 L),PROCESS TANK SS 316L (500 L)
20,A,10001159,E,20180719,VWATVE,Process Tank SS 316L (500 L),PROCESS TANK SS 316L (500 L)
20,A,10001160,E,20180719,VWATVE,Process Tank SS 316L (500 L),PROCESS TANK SS 316L (500 L)
20,A,10001161,E,20180719,VWATVE,Process Tank SS 316L (500 L),PROCESS TANK SS 316L (500 L)
20,A,10001162,E,20180719,VWATVE,Process Tank SS 316L (500 L),PROCESS TANK SS 316L (500 L)
20,A,10001163,E,20180719,VWATVE,Process Tank SS 316L (570 L),PROCESS TANK SS 316L (570 L)
20,A,10001164,E,20180719,VWATVE,Process Tank SS 316L (570 L),PROCESS TANK SS 316L (570 L)
20,A,10001165,E,20180719,VWATVE,Process Tank SS 316L (600 L),PROCESS TANK SS 316L (600 L)
20,A,10001168,E,20180727,VWATVE,Component Storage,COMPONENT STORAGE
20,A,10001169,E,20180727,MGAIKWAD,DISPENSING_EP04,DISPENSING_EP04
20,A,10001170,E,20180802,VWATVE,Office-1 (QA),OFFICE-1 (QA)
20,A,10001171,E,20180821,MGAIKWAD,TERMINAL STERILISATION - AUTO VIAL,TERMINAL STERILISATION - AUTO VIAL
20,A,10001173,E,20180822,VWATVE,Pre Inspection Quarantine,PRE INSPECTION QUARANTINE
20,A,10001175,E,20180927,SVAIDYA,HVAC,HVAC
20,A,10001176,E,20180927,SVAIDYA,Production,PRODUCTION
20,A,10001177,E,20180927,SVAIDYA,Quality Control,QUALITY CONTROL
20,A,10001178,E,20180927,SVAIDYA,Utility,UTILITY
20,A,10001179,E,20180927,SVAIDYA,Warehouse,WAREHOUSE
20,A,10001180,E,20181011,VKADAM,Production,PRODUCTION
20,A,10001181,E,20181011,VKADAM,Quality Assurance,QUALITY ASSURANCE
20,A,10001182,E,20181011,VKADAM,Engineering,ENGINEERING
20,A,10001183,E,20181011,VKADAM,Microbiology,MICROBIOLOGY
20,A,10001186,E,20181119,VWATVE,Solvent Store,SOLVENT STORE
20,A,10001187,E,20181119,VWATVE,Vial Decartoning,VIAL DECARTONING
20,A,10001188,E,20181119,VWATVE,WIP Liquid Vials,WIP LIQUID VIALS
20,A,10001189,E,20181119,VWATVE,Terminal Sterililizer Un-Loading,TERMINAL STERILILIZER UN-LOADING
20,A,10001190,E,20181119,VWATVE,Non-Sterile Dispensing,NON-STERILE DISPENSING
20,A,10001191,E,20181119,VWATVE,Stoppers & Seals Dispensing,STOPPERS & SEALS DISPENSING
20,A,10001192,E,20181119,VWATVE,Raw Material Dispensing,RAW MATERIAL DISPENSING
20,A,10001193,E,20181119,VWATVE,Horizontal LAF,HORIZONTAL LAF
20,A,10001194,E,20181119,VWATVE,RLAF,RLAF
20,A,10001195,E,20181119,VWATVE,Head Space Oxygen Analyzer,HEAD SPACE OXYGEN ANALYZER
20,A,10001196,E,20181119,VWATVE,Vial Leak Tester,VIAL LEAK TESTER
20,A,10001198,E,20181119,VWATVE,Visual Inspection Booth,VISUAL INSPECTION BOOTH
20,A,10001200,E,20181119,VWATVE,Vial Decartoning,VIAL DECARTONING
20,A,10001201,E,20181119,VWATVE,WIP Liquid Vials,WIP LIQUID VIALS
20,A,10001202,E,20181119,VWATVE,Terminal Sterililizer Un-Loading,TERMINAL STERILILIZER UN-LOADING
20,A,10001203,E,20181119,VWATVE,Non-Sterile Dispensing,NON-STERILE DISPENSING
20,A,10001204,E,20181119,VWATVE,Head Space Oxygen Analyzer,HEAD SPACE OXYGEN ANALYZER
20,A,10001205,E,20181119,VWATVE,Vial Leak Tester,VIAL LEAK TESTER
20,A,10001206,E,20181119,VWATVE,Visual Inspection Booth,VISUAL INSPECTION BOOTH
20,A,10001209,E,20181119,VWATVE,Solvent Store,SOLVENT STORE
20,A,10001210,E,20181119,VWATVE,Stoppers & Seals Dispensing,STOPPERS & SEALS DISPENSING
20,A,10001211,E,20181119,VWATVE,Raw Material Dispensing,RAW MATERIAL DISPENSING
20,A,10001212,E,20181119,VWATVE,Horizontal LAF,HORIZONTAL LAF
20,A,10001213,E,20181119,VWATVE,RLAF,RLAF
20,A,10001214,E,20181129,MGAIKWAD,Liquid Dispensing,LIQUID DISPENSING
20,A,10001216,E,20181129,MGAIKWAD,Stoppers & Seals Dispensing,STOPPERS & SEALS DISPENSING
20,A,10001217,E,20181221,SVAIDYA,QA,QA
20,A,10001218,E,20181221,SVAIDYA,42TU00020,42TU00020
20,A,10001221,E,20181224,MGAIKWAD,ISOLATOR,ISOLATOR
20,A,10001222,E,20181224,MGAIKWAD,MILLING,MILLING
20,A,10001223,E,20190108,VWATVE,Manufacturing Tank 100 L SS 316 L,MANUFACTURING TANK 100 L SS 316 L
20,A,10001224,E,20190108,VWATVE,Sterile Holding Tank 100 L SS 316 L,STERILE HOLDING TANK 100 L SS 316 L
20,A,10001225,E,20190108,VWATVE,Sterile Holding Tank 300 L SS 316 L,STERILE HOLDING TANK 300 L SS 316 L
20,A,10001228,E,20190109,VWATVE,Stirrer,STIRRER
20,A,10001230,E,20190109,VWATVE,Stirrer,STIRRER
20,A,10001231,E,20190109,VWATVE,Stirrer,STIRRER
20,A,10001232,E,20190109,VWATVE,Stirrer,STIRRER
20,A,10001233,E,20190109,VWATVE,Stirrer,STIRRER
20,A,10001234,E,20190109,VWATVE,Stirrer,STIRRER
20,A,10001235,E,20190109,VWATVE,Stirrer,STIRRER
20,A,10001237,E,20190109,VWATVE,Stirrer,STIRRER
20,A,10001239,E,20190109,VWATVE,Stirrer,STIRRER
20,A,10001240,E,20190109,VWATVE,Stirrer,STIRRER
20,A,10001241,E,20190109,VWATVE,Vibratory Sifter,VIBRATORY SIFTER
20,A,10001242,E,20190109,VWATVE,Vibratory Sifter,VIBRATORY SIFTER
20,A,10001243,E,20190109,VWATVE,Vibratory Sifter,VIBRATORY SIFTER
20,A,10001244,E,20190109,VWATVE,Vibratory Sifter,VIBRATORY SIFTER
20,A,10001245,E,20190109,VWATVE,Vibratory Sifter,VIBRATORY SIFTER
20,A,10001246,E,20190109,VWATVE,Vibratory Sifter,VIBRATORY SIFTER
20,A,10001247,E,20190109,VWATVE,Vibratory Sifter,VIBRATORY SIFTER
20,A,10001248,E,20190109,VWATVE,Vibratory Sifter,VIBRATORY SIFTER
20,A,10001249,E,20190109,VWATVE,Vibratory Sifter,VIBRATORY SIFTER
20,A,10001250,E,20190109,VWATVE,Vibratory Sifter,VIBRATORY SIFTER
20,A,10001251,E,20190109,VWATVE,Vibratory Sifter,VIBRATORY SIFTER
20,A,10001252,E,20190109,VWATVE,Vibratory Sifter,VIBRATORY SIFTER
20,A,10001253,E,20190109,VWATVE,Vibratory Sifter,VIBRATORY SIFTER
20,A,10001254,E,20190109,VWATVE,Granulation-VII,GRANULATION-VII
20,A,10001255,E,20190109,VWATVE,Granulation-V,GRANULATION-V
20,A,10001256,E,20190109,VWATVE,Granulation-I,GRANULATION-I
20,A,10001258,E,20190109,VWATVE,Granulation-III,GRANULATION-III
20,A,10001259,E,20190109,VWATVE,Granulation-VI,GRANULATION-VI
20,A,10001260,E,20190109,VWATVE,Jacketed Mucilage Vessel,JACKETED MUCILAGE VESSEL
20,A,10001261,E,20190109,VWATVE,Rapid Mixer Granulator,RAPID MIXER GRANULATOR
20,A,10001262,E,20190109,VWATVE,Rapid Mixer Granulator,RAPID MIXER GRANULATOR
20,A,10001884,E,20211026,MGAIKWAD,Secondary Type B cleaning-EP26,SECONDARY TYPE B CLEANING-EP26
20,A,10001885,E,20211026,MGAIKWAD,Manufacturing,MANUFACTURING
20,A,10001886,E,20211026,MGAIKWAD,Packing,PACKING
20,A,10001887,E,20211027,MGAIKWAD,Bulk manufacturing-1,BULK MANUFACTURING-1
20,A,10001888,E,20211027,MGAIKWAD,Bulk Filtration-1,BULK FILTRATION-1
20,A,10001850,E,20211101,MGAIKWAD,COATING-EP26,COATING-EP26
20,A,10001889,E,20211101,MGAIKWAD,CONTAINER PACKING-EP26,CONTAINER PACKING-EP26
20,A,10001890,E,20211125,YDHOTRE,Environment Health Safety,ENVIRONMENT HEALTH SAFETY
20,A,10001891,E,20220118,VKADAM,Packaging,PACKAGING
20,A,10001892,E,20220119,VKADAM,Manufctining Line-02,MANUFCTINING LINE-02
20,A,10001893,E,20220119,VKADAM,Manufacturing Line-02,MANUFACTURING LINE-02
20,A,10001894,E,20220119,VKADAM,Manufacturing Line-03,MANUFACTURING LINE-03
20,A,10001895,E,20220119,VKADAM,Manufacturing,MANUFACTURING
20,A,10001896,E,20220119,VKADAM,Microbiology,MICROBIOLOGY
20,A,10001897,E,20220119,VKADAM,Quality control,QUALITY CONTROL
20,A,10001898,E,20220119,VKADAM,Warehouse,WAREHOUSE
20,A,10001899,E,20220120,VKADAM,Quality Assurance,QUALITY ASSURANCE
20,A,10001900,E,20220124,VKADAM,Technical Floor,TECHNICAL FLOOR
20,A,10001901,E,20220124,VKADAM,UTILITY,UTILITY
20,A,10001902,E,20220124,VKADAM,UTILITY,UTILITY
20,A,10001906,E,20220214,SUNILK,Manufacturing,MANUFACTURING
20,A,10001908,E,20220214,SUNILK,PACKING,PACKING
20,A,10001909,E,20220215,VKADAM,Information technology,INFORMATION TECHNOLOGY
20,A,10001911,E,20220217,VKADAM,Line 01,LINE 01
20,A,10001912,E,20220217,VKADAM,General- Manufacturing,GENERAL- MANUFACTURING
20,A,10001913,E,20220217,VKADAM,Manufacturing-amph,MANUFACTURING-AMPH
20,A,10001914,E,20220217,VKADAM,Engineering,ENGINEERING
20,A,10001915,E,20220412,SUNILK,Packing hall,PACKING HALL
20,A,10001916,E,20220429,MGAIKWAD,Bulk Mfg. & Filtration,BULK MFG. & FILTRATION
20,A,10001917,E,20220429,MGAIKWAD,Component Preparation,COMPONENT PREPARATION
20,A,10001918,E,20220429,MGAIKWAD,Vial washing & Depyrogenation -1,VIAL WASHING & DEPYROGENATION -1
20,A,10001919,E,20220429,MGAIKWAD,Vial Filling & Sealing -1,VIAL FILLING & SEALING -1
20,A,10001920,E,20220429,MGAIKWAD,Visual Inspection,VISUAL INSPECTION
20,A,10001923,E,20220429,MGAIKWAD,QA_Stores_Admin,QA_STORES_ADMIN
20,A,10001924,E,20220513,TBHILAWADE,Manufacturing,MANUFACTURING
20,A,10001925,E,20220513,TBHILAWADE,Packing,PACKING
20,A,10001926,E,20220513,TBHILAWADE,Manufacturing,MANUFACTURING
20,A,10001927,E,20220524,SUNILK,PACKING HALL,PACKING HALL
20,A,10001928,E,20220715,SUNILK,Packing hall,PACKING HALL
20,A,10001929,E,20220725,YDHOTRE,Coating,COATING
20,A,10001930,E,20220725,YDHOTRE,Compression,COMPRESSION
20,A,10001931,E,20220725,YDHOTRE,Granulation,GRANULATION
20,A,10001932,E,20220725,YDHOTRE,EHS,EHS
20,A,10001933,E,20220725,YDHOTRE,Packing,PACKING
20,A,10001934,E,20220725,YDHOTRE,Production,PRODUCTION
20,A,10001935,E,20220725,YDHOTRE,Ware House,WARE HOUSE
20,A,10001937,E,20220726,YDHOTRE,ETP-ZHL,ETP-ZHL
20,A,10001938,E,20220726,YDHOTRE,HVAC-ZHL,HVAC-ZHL
20,A,10001939,E,20220726,YDHOTRE,PACKING-ZHL,PACKING-ZHL
20,A,10001940,E,20220726,YDHOTRE,PRODUCTION-ZHL,PRODUCTION-ZHL
20,A,10001941,E,20220726,YDHOTRE,UTILITY-ZHL,UTILITY-ZHL
20,A,10001942,E,20220727,YDHOTRE,HVAC,HVAC
20,A,10001943,E,20220727,YDHOTRE,Engineering - EPL,ENGINEERING - EPL
20,A,10001944,E,20220727,YDHOTRE,UTILITY,UTILITY
20,A,10001946,E,20220727,YDHOTRE,MICRO,MICRO
20,A,10001947,E,20220727,YDHOTRE,CAPSULE- EPL,CAPSULE- EPL
20,A,10001948,E,20220727,YDHOTRE,WATER,WATER
20,A,10001952,E,20220729,TBHILAWADE,Manufacturing,MANUFACTURING
20,A,10001954,E,20220802,YDHOTRE,Engineering - ZHL,ENGINEERING - ZHL
20,A,10001957,E,20220804,TBHILAWADE,Packing,PACKING
20,A,10001958,E,20220901,TBHILAWADE,REACTOR-1001-2000 LIT,REACTOR-1001-2000 LIT
20,A,10001960,E,20220901,TBHILAWADE,REACTOR-2001-4000 LIT,REACTOR-2001-4000 LIT
20,A,10001962,E,20220901,TBHILAWADE,FILTER,FILTER
20,A,10001963,E,20220901,TBHILAWADE,CENTRIFUGE,CENTRIFUGE
20,A,10001964,E,20220901,TBHILAWADE,DRYER,DRYER
20,A,10001965,E,20220901,TBHILAWADE,MILLING,MILLING
20,A,10001966,E,20220901,TBHILAWADE,SIFTING,SIFTING
20,A,10001968,E,20220901,TBHILAWADE,MICRONISATION,MICRONISATION
20,A,10001969,E,20220901,TBHILAWADE,PRIMARY & SECONDARY PACKING,PRIMARY & SECONDARY PACKING
20,A,10001970,E,20220901,TBHILAWADE,BLENDING,BLENDING
20,A,10001967,E,20220902,TBHILAWADE,PIN MILLING,PIN MILLING
20,A,10001961,E,20220902,TBHILAWADE,REACTOR-4001-8000 LIT,REACTOR-4001-8000 LIT
20,A,10001971,E,20221128,MGAIKWAD,HRMO Granulation Level- I cleaning,HRMO GRANULATION LEVEL- I CLEANING
20,A,10001972,E,20221128,MGAIKWAD,HRMO Granulation Level- II cleaning,HRMO GRANULATION LEVEL- II CLEANING
20,A,10001973,E,20221128,MGAIKWAD,HRMO Blending Level- I cleaning,HRMO BLENDING LEVEL- I CLEANING
20,A,10001974,E,20221128,MGAIKWAD,HRMO Blending Level- II cleaning,HRMO BLENDING LEVEL- II CLEANING
20,A,10001975,E,20221128,MGAIKWAD,HRMO Compression Level- I cleaning,HRMO COMPRESSION LEVEL- I CLEANING
20,A,10001976,E,20221128,MGAIKWAD,HRMO Compression Level- II cleaning,HRMO COMPRESSION LEVEL- II CLEANING
20,A,10001977,E,20221128,MGAIKWAD,HRMO Packing Level- I cleaning,HRMO PACKING LEVEL- I CLEANING
20,A,10001978,E,20221128,MGAIKWAD,HRMO Packing Level- II cleaning,HRMO PACKING LEVEL- II CLEANING
20,A,10001979,E,20221128,MGAIKWAD,Dispensing- Hormone,DISPENSING- HORMONE
20,A,10001980,E,20221128,MGAIKWAD,Granulation- Hormone,GRANULATION- HORMONE
20,A,10001981,E,20221128,MGAIKWAD,Blending- Hormone,BLENDING- HORMONE
20,A,10001983,E,20221128,MGAIKWAD,Packing-Primary- Hormone,PACKING-PRIMARY- HORMONE
20,A,10001984,E,20221128,MGAIKWAD,Packing-Secondary- Hormone,PACKING-SECONDARY- HORMONE
20,A,10001982,E,20221129,MGAIKWAD,Compression- Hormone,COMPRESSION- HORMONE
20,A,10001985,E,20221229,MGAIKWAD,VIAL_SEALING- PLANT-IV,VIAL_SEALING- PLANT-IV
20,A,10001986,E,20221229,MGAIKWAD,LYOPHILIZATION - PLANT-IV,LYOPHILIZATION - PLANT-IV
20,A,10001988,E,20230113,TBHILAWADE,Manufacturing,MANUFACTURING
20,A,10001989,E,20230113,TBHILAWADE,PACKING,PACKING
20,A,10001992,E,20230130,TBHILAWADE,Bulk manufacturing- EP27,BULK MANUFACTURING- EP27
20,A,10001993,E,20230130,TBHILAWADE,AMPOULE_FILL- EP27,AMPOULE_FILL- EP27
20,A,10001995,E,20230130,YDHOTRE,Production,PRODUCTION
20,A,10001996,E,20230130,YDHOTRE,UTILITY,UTILITY
20,A,10001997,E,20230130,YDHOTRE,Warehouse,WAREHOUSE
20,A,10001998,E,20230130,YDHOTRE,Quality Control,QUALITY CONTROL
20,A,10001999,E,20230130,YDHOTRE,Microbiology,MICROBIOLOGY
20,A,10002001,E,20230130,YDHOTRE,ENV HEALTH SAFETY,ENV HEALTH SAFETY
20,A,10002000,E,20230130,YDHOTRE,Central Testing Lab,CENTRAL TESTING LAB
20,A,10002002,E,20230203,YDHOTRE,EP24:Production,EP24:PRODUCTION
20,A,10002004,E,20230206,10018037,Production,PRODUCTION
20,A,10002005,E,20230206,10018037,Warehouse,WAREHOUSE
20,A,10002006,E,20230206,10018037,Microbiology,MICROBIOLOGY
20,A,10002008,E,20230213,10018037,Engineering,ENGINEERING
20,A,10002009,E,20230213,10018037,HVAC,HVAC
20,A,10002011,E,20230215,10018037,EP04: HR,EP04: HR
20,A,10002012,E,20230322,TBHILAWADE,COMPOUNDING-EP27,COMPOUNDING-EP27
20,A,10002013,E,20230322,TBHILAWADE,INJECTION_INSPECTION-EP27,INJECTION_INSPECTION-EP27
20,A,10002014,E,20230322,TBHILAWADE,INJECTION_PACKING-EP27,INJECTION_PACKING-EP27
20,A,10002023,E,20230413,TBHILAWADE,API-5_DOWNSTREAM PROCESS,API-5_DOWNSTREAM PROCESS
20,A,10002025,E,20230419,10018037,Production,PRODUCTION
20,A,10002026,E,20230419,10018037,Quality control,QUALITY CONTROL
20,A,10002027,E,20230419,10018037,Microbiology,MICROBIOLOGY
20,A,10000500,E,20120406,RMOHITE,Analytical Development Lab - Cat. C,ANALYTICAL DEVELOPMENT LAB - CAT. C
20,A,10000501,E,20120406,RMOHITE,Formulation Development Lab- Cat. A,FORMULATION DEVELOPMENT LAB- CAT. A
20,A,10000502,E,20120406,RMOHITE,Formulation Development Lab - Cat. B,FORMULATION DEVELOPMENT LAB - CAT. B
20,A,10000503,E,20120406,RMOHITE,Formulation Development Lab - Cat. C,FORMULATION DEVELOPMENT LAB - CAT. C
20,A,10000504,E,20120508,MGAIKWAD,Manufacturing,MANUFACTURING
20,A,10000505,E,20120508,MGAIKWAD,Packing,PACKING
20,A,10000506,E,20120712,MGAIKWAD,PACKING,PACKING
20,A,10000507,E,20120521,VWATVE,SECONDARY PACKING - LIQ_DRY -ZHL,SECONDARY PACKING - LIQ_DRY -ZHL
20,A,10000509,E,20120521,MGAIKWAD,PRIMARY PACKING - LIQ_DRY -ZHL,PRIMARY PACKING - LIQ_DRY -ZHL
20,A,10000510,E,20120712,MGAIKWAD,Manufacturing,MANUFACTURING
20,A,10000512,E,20120712,MGAIKWAD,PACKING,PACKING
20,A,10000513,E,20120713,MGAIKWAD,Manufacturing,MANUFACTURING
20,A,10000514,E,20120713,MGAIKWAD,PACKING,PACKING
20,A,10000520,E,20120808,RMOHITE,R&D Lab,R&D LAB
20,A,10000521,E,20130424,MGAIKWAD,IMPRINTING ON TABLET,IMPRINTING ON TABLET
20,A,10000523,E,20130919,MGAIKWAD,CHECK WEIGHING,CHECK WEIGHING
20,A,10000526,E,20130927,MGAIKWAD,Manufacturing,MANUFACTURING
20,A,10000527,E,20130927,MGAIKWAD,PACKING,PACKING
20,A,10000531,E,20131019,MGAIKWAD,BLENDING,BLENDING
20,A,10000534,E,20131019,MGAIKWAD,Brine - R&D-EP21,BRINE - R&D-EP21
20,A,10000535,E,20131019,MGAIKWAD,Centrifuge-R&D-EP21,CENTRIFUGE-R&D-EP21
20,A,10000536,E,20131019,MGAIKWAD,Chilled Wtr-R&D-EP21,CHILLED WTR-R&D-EP21
20,A,10000537,E,20131019,MGAIKWAD,Chilling - R&D-EP21,CHILLING - R&D-EP21
20,A,10000538,E,20131019,MGAIKWAD,Dissolution -RD-EP21,DISSOLUTION -RD-EP21
20,A,10000539,E,20131019,MGAIKWAD,Distillation-RD-EP21,DISTILLATION-RD-EP21
20,A,10000540,E,20131019,MGAIKWAD,Drying - R&D-EP21,DRYING - R&D-EP21
20,A,10000541,E,20131019,MGAIKWAD,Filtration- R&D-EP21,FILTRATION- R&D-EP21
20,A,10000542,E,20131019,MGAIKWAD,Flash Chro-R&D-EP21,FLASH CHRO-R&D-EP21
20,A,10000543,E,20131019,MGAIKWAD,Fume Hood - R&D-EP21,FUME HOOD - R&D-EP21
20,A,10000544,E,20131019,MGAIKWAD,Hot Water - R&D-EP21,HOT WATER - R&D-EP21
20,A,10000545,E,20131019,MGAIKWAD,Isolator - R&D-EP21,ISOLATOR - R&D-EP21
20,A,10000546,E,20131019,MGAIKWAD,Micronization-R&D-EP21,MICRONIZATION-R&D-EP21
20,A,10000547,E,20131019,MGAIKWAD,Milling - R&D-EP21,MILLING - R&D-EP21
20,A,10000548,E,20131019,MGAIKWAD,MIX & STIR SS REACTOR 250-750 LT RD EP21,MIX & STIR SS REACTOR 250-750 LT RD EP21
20,A,10000549,E,20131019,MGAIKWAD,MIX & STI SS REACTOR1000-1550 LT RD EP21,MIX & STI SS REACTOR1000-1550 LT RD EP21
20,A,10000550,E,20131019,MGAIKWAD,MIX & STIR SS REACTOR 2000 LT RD EP21,MIX & STIR SS REACTOR 2000 LT RD EP21
20,A,10000551,E,20131019,MGAIKWAD,MIX & STIR SS REACTOR 4000 LT RD EP21,MIX & STIR SS REACTOR 4000 LT RD EP21
20,A,10000552,E,20131019,MGAIKWAD,MIX & STI IN GLREACTOR100-630 LT RD EP21,MIX & STI IN GLREACTOR100-630 LT RD EP21
20,A,10000553,E,20131019,MGAIKWAD,MIX & STIR IN GLREACTOR 1600  LT RD EP21,MIX & STIR IN GLREACTOR 1600  LT RD EP21
20,A,10000554,E,20131019,MGAIKWAD,MIX & STIR IN GLREACTOR 3000  LT RD EP21,MIX & STIR IN GLREACTOR 3000  LT RD EP21
20,A,10000555,E,20131019,MGAIKWAD,Pin Milling-R&D-EP21,PIN MILLING-R&D-EP21
20,A,10000557,E,20131019,MGAIKWAD,Roll Compac-R&D-EP21,ROLL COMPAC-R&D-EP21
20,A,10000558,E,20131019,MGAIKWAD,Rotavapour-R&D-EP21,ROTAVAPOUR-R&D-EP21
20,A,10000559,E,20131019,MGAIKWAD,Sec Pkg - R&D-EP21,SEC PKG - R&D-EP21
20,A,10000560,E,20131019,MGAIKWAD,Sifting-R&D-EP21,SIFTING-R&D-EP21
20,A,10000561,E,20131019,MGAIKWAD,Steam -R&D-EP21,STEAM -R&D-EP21
20,A,10000562,E,20131019,MGAIKWAD,Vacuum-R&D-EP21,VACUUM-R&D-EP21
20,A,10000565,E,20131231,VWATVE,MIXING & STIRRING AG REACTOR 50- 100 LT,MIXING & STIRRING AG REACTOR 50- 100 LT
20,A,10000566,E,20140107,MGAIKWAD,Manufacturing,MANUFACTURING
20,A,10000567,E,20140107,MGAIKWAD,PACK,PACK
20,A,10000570,E,20140109,MGAIKWAD,MIXING&STIRRING GL REACTOR 5000 -8000 LT,MIXING&STIRRING GL REACTOR 5000 -8000 LT
20,A,10000571,E,20140109,MGAIKWAD,MIXING STIRRING SS REACTOR 5000 -7500 LT,MIXING STIRRING SS REACTOR 5000 -7500 LT
20,A,10000572,E,20140109,MGAIKWAD,MIXING&STIRRING GL REACTOR 5000 -8000 LT,MIXING&STIRRING GL REACTOR 5000 -8000 LT
20,A,10000573,E,20140109,MGAIKWAD,MIXING&STIRRING SS REACTOR 5000 -7500 LT,MIXING&STIRRING SS REACTOR 5000 -7500 LT
20,A,10000574,E,20140203,VWATVE,Manufacturing,MANUFACTURING
20,A,10000575,E,20140203,VWATVE,Packing,PACKING
20,A,10000577,E,20140204,VKADAM,EP04: Production,EP04: PRODUCTION
20,A,10000578,E,20140307,MGAIKWAD,MIXING & STIRRING IN RB FLASK 3 – 20 LT,MIXING & STIRRING IN RB FLASK 3 – 20 LT
20,A,10000579,E,20140328,MGAIKWAD,Manufacturing,MANUFACTURING
20,A,10000580,E,20140328,MGAIKWAD,PACKING,PACKING
20,A,10000584,E,20140609,VWATVE,CAPSULE IMPRINTING-USA,CAPSULE IMPRINTING-USA
20,A,10000585,E,20140609,VWATVE,CAPSULE POLISHING-USA,CAPSULE POLISHING-USA
20,A,10000586,E,20140609,VWATVE,COATING-TABLETS-USA,COATING-TABLETS-USA
20,A,10000587,E,20140609,VWATVE,COMPRESSION-TABLETS-USA,COMPRESSION-TABLETS-USA
20,A,10000588,E,20140609,VWATVE,CONTAINER PACKING -CAPSULE-USA,CONTAINER PACKING -CAPSULE-USA
20,A,10000589,E,20140609,VWATVE,CONTAINER PACKING - TABLETS-USA,CONTAINER PACKING - TABLETS-USA
20,A,10000590,E,20140609,VWATVE,GELATIN  PREPARATION-USA,GELATIN  PREPARATION-USA
20,A,10000591,E,20140609,VWATVE,GRANULATION-ORAL SUSPENSION-USA,GRANULATION-ORAL SUSPENSION-USA
20,A,10000592,E,20140609,VWATVE,GRANULATION-TABLETS-USA,GRANULATION-TABLETS-USA
20,A,10000593,E,20140609,VWATVE,GRANULATION-CAPSUL-USA,GRANULATION-CAPSUL-USA
20,A,10000594,E,20140609,VWATVE,MEDICAMENT REPARATION-CAPSULE-USA,MEDICAMENT REPARATION-CAPSULE-USA
20,A,10000595,E,20140609,VWATVE,PREMIXING-TABLET-USA,PREMIXING-TABLET-USA
20,A,10000596,E,20140609,VWATVE,SECONDARY PACKING - TABLETS-USA,SECONDARY PACKING - TABLETS-USA
20,A,10000597,E,20140609,VWATVE,SECONDARY PACKING -CAPSUL-USA,SECONDARY PACKING -CAPSUL-USA
20,A,10000598,E,20140612,VWATVE,BLENDING - TABLETS-USA,BLENDING - TABLETS-USA
20,A,10000600,E,20140612,VWATVE,CAPSULE - FILLING -USA,CAPSULE - FILLING -USA
20,A,10000601,E,20140828,MGAIKWAD,ROLL COMPACTION,ROLL COMPACTION
20,A,10000602,E,20140902,MGAIKWAD,MIXING & STIRRING IN RB FLASK 20 – 40 LT,MIXING & STIRRING IN RB FLASK 20 – 40 LT
20,A,10000604,E,20140923,EUSCORE,CAPSULE - MILLING -USA,CAPSULE - MILLING -USA
20,A,10000605,E,20150211,VWATVE,Media Preparation and Sterilization,MEDIA PREPARATION AND STERILIZATION
20,A,10000606,E,20150211,VWATVE,Vial Preparation,VIAL PREPARATION
20,A,10000607,E,20150408,MGAIKWAD,POUCH PACKING-EP04,POUCH PACKING-EP04
20,A,10000609,E,20150408,MGAIKWAD,LIPID SUSPENSION PREPERATION-(Plant III),LIPID SUSPENSION PREPERATION-(PLANT III)
20,A,10000610,E,20150408,MGAIKWAD,DRUG SUSPENSION PREPERATION--(Plant III),DRUG SUSPENSION PREPERATION--(PLANT III)
20,A,10000611,E,20150525,VWATVE,MIXING & STIRRING IN GLREACTOR 2000 LT,MIXING & STIRRING IN GLREACTOR 2000 LT
20,A,10000612,E,20150605,MGAIKWAD,Manufacturing,MANUFACTURING
20,A,10000613,E,20150605,MGAIKWAD,Packing,PACKING
20,A,10000616,E,20150720,MGAIKWAD,Manufacturing,MANUFACTURING
20,A,10000617,E,20150720,MGAIKWAD,Packing,PACKING
20,A,10000618,E,20150919,MGAIKWAD,Manufacturing,MANUFACTURING
20,A,10000619,E,20150919,MGAIKWAD,Packing,PACKING
20,A,10000620,E,20150929,VWATVE,REACTOR-0 TO 100 LIT,REACTOR-0 TO 100 LIT
20,A,10000621,E,20150929,VWATVE,REACTOR-101 - 1000 LIT,REACTOR-101 - 1000 LIT
20,A,10000622,E,20150929,VWATVE,REACTOR-1001 - 2000 LIT,REACTOR-1001 - 2000 LIT
20,A,10000623,E,20150929,VWATVE,REACTOR-2001 - 4000 LIT,REACTOR-2001 - 4000 LIT
20,A,10000624,E,20150929,VWATVE,FILTER,FILTER
20,A,10000625,E,20150929,VWATVE,CENTRIFUGE,CENTRIFUGE
20,A,10000626,E,20150929,VWATVE,DRYER,DRYER
20,A,10000627,E,20150929,VWATVE,LYO-DRYER,LYO-DRYER
20,A,10000628,E,20150929,VWATVE,MILLING,MILLING
20,A,10000629,E,20150929,VWATVE,SIFTING,SIFTING
20,A,10000630,E,20150929,VWATVE,PIN MILLING,PIN MILLING
20,A,10000631,E,20150929,VWATVE,MICRONISATION,MICRONISATION
20,A,10000632,E,20150929,VWATVE,BLENDING,BLENDING
20,A,10000634,E,20150929,VWATVE,PRIMARY & SECONDARY PACKING,PRIMARY & SECONDARY PACKING
20,A,10000635,E,20150929,VWATVE,REACTOR-101 - 1000 LIT,REACTOR-101 - 1000 LIT
20,A,10000637,E,20150930,VWATVE,REACTOR-1001 - 2000 LIT,REACTOR-1001 - 2000 LIT
20,A,10000638,E,20150930,VWATVE,REACTOR-2001 - 4000 LIT,REACTOR-2001 - 4000 LIT
20,A,10000639,E,20150930,VWATVE,FILTER,FILTER
20,A,10000640,E,20150930,VWATVE,CENTRIFUGE,CENTRIFUGE
20,A,10000641,E,20150930,VWATVE,DRYER,DRYER
20,A,10000642,E,20150930,VWATVE,MILLING,MILLING
20,A,10000643,E,20150930,VWATVE,SIFTING,SIFTING
20,A,10001519,E,20190426,VWATVE,Stirrer,STIRRER
20,A,10001520,E,20190426,VWATVE,Stirrer,STIRRER
20,A,10001521,E,20190426,VWATVE,Stirrer,STIRRER
20,A,10001522,E,20190426,VWATVE,Stirrer,STIRRER
20,A,10001523,E,20190426,VWATVE,Coating V-2,COATING V-2
20,A,10001524,E,20190426,VWATVE,Stirrer,STIRRER
20,A,10001525,E,20190426,VWATVE,TabletCapsule inspection Machine,TABLETCAPSULE INSPECTION MACHINE
20,A,10001526,E,20190426,VWATVE,Colloid Mill,COLLOID MILL
20,A,10001527,E,20190426,VWATVE,Colloid Mill,COLLOID MILL
20,A,10001528,E,20190426,VWATVE,Colloid Mill,COLLOID MILL
20,A,10001529,E,20190426,VWATVE,Conical mill(co-mill),CONICAL MILL(CO-MILL)
20,A,10001530,E,20190426,VWATVE,Granulation V-3,GRANULATION V-3
20,A,10001531,E,20190426,VWATVE,Blender V-6,BLENDER V-6
20,A,10001532,E,20190426,VWATVE,Granulation-V8,GRANULATION-V8
20,A,10001533,E,20190426,VWATVE,Double Cone Blender,DOUBLE CONE BLENDER
20,A,10001534,E,20190426,VWATVE,Double Cone Blender,DOUBLE CONE BLENDER
20,A,10001535,E,20190426,VWATVE,Clean in place system,CLEAN IN PLACE SYSTEM
20,A,10001536,E,20190426,VWATVE,Planetary mixer,PLANETARY MIXER
20,A,10001537,E,20190426,VWATVE,Planetary mixer,PLANETARY MIXER
20,A,10001538,E,20190426,VWATVE,Vibratory Sifter,VIBRATORY SIFTER
20,A,10001539,E,20190426,VWATVE,Vibratory Sifter,VIBRATORY SIFTER
20,A,10001540,E,20190426,VWATVE,Granulation V-5,GRANULATION V-5
20,A,10001541,E,20190426,VWATVE,Vibratory Sifter,VIBRATORY SIFTER
20,A,10001542,E,20190426,VWATVE,Rapid Mixer Granulator,RAPID MIXER GRANULATOR
20,A,10001543,E,20190426,VWATVE,Rapid Mixer Granulator,RAPID MIXER GRANULATOR
20,A,10001544,E,20190426,VWATVE,Fluid Bed Dryer,FLUID BED DRYER
20,A,10001546,E,20190426,VWATVE,Fluid Bed Dryer,FLUID BED DRYER
20,A,10001547,E,20190426,VWATVE,Multimill,MULTIMILL
20,A,10001548,E,20190426,VWATVE,Multimill,MULTIMILL
20,A,10001549,E,20190426,VWATVE,Multimill,MULTIMILL
20,A,10001550,E,20190426,VWATVE,Conta/Pillar Type Blender,CONTA/PILLAR TYPE BLENDER
20,A,10001551,E,20190426,VWATVE,Octagonal Blender,OCTAGONAL BLENDER
20,A,10001552,E,20190426,VWATVE,Blender-V8,BLENDER-V8
20,A,10001553,E,20190426,VWATVE,Powder conveying system,POWDER CONVEYING SYSTEM
20,A,10001554,E,20190426,VWATVE,Jacketted Vessel (Steam Vessel),JACKETTED VESSEL (STEAM VESSEL)
20,A,10001555,E,20190426,VWATVE,Jacketted Vessel,JACKETTED VESSEL
20,A,10001556,E,20190426,VWATVE,Homogeniser,HOMOGENISER
20,A,10001557,E,20190426,VWATVE,Infrared Ray Dryer(Umbrella Type),INFRARED RAY DRYER(UMBRELLA TYPE)
20,A,10001558,E,20190426,VWATVE,Conical mill (Co-mill),CONICAL MILL (CO-MILL)
20,A,10001559,E,20190426,VWATVE,Oscillating Granulator,OSCILLATING GRANULATOR
20,A,10001560,E,20190426,VWATVE,Peristaltic pump,PERISTALTIC PUMP
20,A,10001561,E,20190426,VWATVE,Stirrer,STIRRER
20,A,10001562,E,20190426,VWATVE,Stirrer,STIRRER
20,A,10001563,E,20190426,VWATVE,Peristaltic pump,PERISTALTIC PUMP
20,A,10001564,E,20190426,VWATVE,Legacy compression machine,LEGACY COMPRESSION MACHINE
20,A,10001565,E,20190426,VWATVE,Compression-II,COMPRESSION-II
20,A,10001566,E,20190426,VWATVE,Metal detector and Deduster,METAL DETECTOR AND DEDUSTER
20,A,10001567,E,20190426,VWATVE,Metal detector and Deduster,METAL DETECTOR AND DEDUSTER
20,A,10001568,E,20190426,VWATVE,Metal detector,METAL DETECTOR
20,A,10001569,E,20190426,VWATVE,Leak Test Apparatus,LEAK TEST APPARATUS
20,A,10001570,E,20190426,VWATVE,IPQC,IPQC
20,A,10001571,E,20190426,VWATVE,Leak Test Apparatus,LEAK TEST APPARATUS
20,A,10001572,E,20190426,VWATVE,Autocoater,AUTOCOATER
20,A,10001573,E,20190426,VWATVE,Coating V-1,COATING V-1
20,A,10001574,E,20190426,VWATVE,Coating,COATING
20,A,10001575,E,20190426,VWATVE,Autocoater,AUTOCOATER
20,A,10001576,E,20190426,VWATVE,Colloid Mill,COLLOID MILL
20,A,10001578,E,20190426,VWATVE,Automatic tablet /capsule printing m/c,AUTOMATIC TABLET /CAPSULE PRINTING M/C
20,A,10001579,E,20190426,VWATVE,Ultrasonic cleaning machine,ULTRASONIC CLEANING MACHINE
20,A,10001580,E,20190426,VWATVE,Tablet/Capsule inspection Machine,TABLET/CAPSULE INSPECTION MACHINE
20,A,10001581,E,20190426,VWATVE,Tablet/Capsule counting machine,TABLET/CAPSULE COUNTING MACHINE
20,A,10001582,E,20190426,VWATVE,Inline Capper,INLINE CAPPER
20,A,10001583,E,20190426,VWATVE,Cap Retorquer,CAP RETORQUER
20,A,10001584,E,20190426,VWATVE,Air Washer,AIR WASHER
20,A,10001585,E,20190426,VWATVE,Induction sealing machine,INDUCTION SEALING MACHINE
20,A,10001586,E,20190426,VWATVE,Track and trace System,TRACK AND TRACE SYSTEM
20,A,10001587,E,20190426,VWATVE,Blister Packing,BLISTER PACKING
20,A,10001588,E,20190426,VWATVE,Powder Filling Room,POWDER FILLING ROOM
20,A,10001589,E,20190426,VWATVE,Labelling machine,LABELLING MACHINE
20,A,10001590,E,20190426,VWATVE,Deblistering machine,DEBLISTERING MACHINE
20,A,10001591,E,20190426,VWATVE,Powder Filling Machine,POWDER FILLING MACHINE
20,A,10001592,E,20190426,VWATVE,Sticker Labeling Machine,STICKER LABELING MACHINE
20,A,10001593,E,20190426,VWATVE,Primary Bulk Packing,PRIMARY BULK PACKING
20,A,10001595,E,20190426,VWATVE,Blister Pack Machine,BLISTER PACK MACHINE
20,A,10001596,E,20190426,VWATVE,Capsule Filling,CAPSULE FILLING
20,A,10001597,E,20190426,VWATVE,Sorter Elevator,SORTER ELEVATOR
20,A,10001598,E,20190426,VWATVE,Automatic Capsule Filling Machine,AUTOMATIC CAPSULE FILLING MACHINE
20,A,10001599,E,20190426,VWATVE,Mini Filled Capsule Sorter,MINI FILLED CAPSULE SORTER
20,A,10001600,E,20190426,VWATVE,Empty Capsule Sorter,EMPTY CAPSULE SORTER
20,A,10001601,E,20190426,VWATVE,Dedusting and Polishing,DEDUSTING AND POLISHING
20,A,10001602,E,20190426,VWATVE,Compact Air Displacement Unit,COMPACT AIR DISPLACEMENT UNIT
20,A,10001603,E,20190426,VWATVE,Air Displacement Unit,AIR DISPLACEMENT UNIT
20,A,10001604,E,20190426,VWATVE,Checkweigher,CHECKWEIGHER
20,A,10001606,E,20190426,VWATVE,Checkweigher,CHECKWEIGHER
20,A,10001607,E,20190426,VWATVE,Check Weigher,CHECK WEIGHER
20,A,10001608,E,20190426,VWATVE,Sifter,SIFTER
20,A,10001609,E,20190426,VWATVE,Sifter,SIFTER
20,A,10001610,E,20190426,VWATVE,Sifter,SIFTER
20,A,10001611,E,20190426,VWATVE,Sifter,SIFTER
20,A,10001612,E,20190426,VWATVE,Sifter,SIFTER
20,A,10001613,E,20190426,VWATVE,Sifter,SIFTER
20,A,10001614,E,20190426,VWATVE,Chilsonator Cum Comminutor,CHILSONATOR CUM COMMINUTOR
20,A,10001615,E,20190426,VWATVE,Sieve shaker,SIEVE SHAKER
20,A,10001616,E,20190426,VWATVE,Pillar (Conta) type blender,PILLAR (CONTA) TYPE BLENDER
20,A,10001617,E,20190426,VWATVE,Pneumatic conveying system,PNEUMATIC CONVEYING SYSTEM
20,A,10001618,E,20190426,VWATVE,Octagonal blender,OCTAGONAL BLENDER
20,A,10001619,E,20190426,VWATVE,Conta blender,CONTA BLENDER
20,A,10001621,E,20190426,VWATVE,ContaPillar Type Blender,CONTAPILLAR TYPE BLENDER
20,A,10001622,E,20190426,VWATVE,V- Blender,V- BLENDER
20,A,10001623,E,20190426,VWATVE,V-Blender With VTS,V-BLENDER WITH VTS
20,A,10001624,E,20190426,VWATVE,Cadmill,CADMILL
20,A,10001625,E,20190426,VWATVE,Cadmill,CADMILL
20,A,10001626,E,20190426,VWATVE,Cadmill,CADMILL
20,A,10001627,E,20190426,VWATVE,Cadmill,CADMILL
20,A,10001628,E,20190426,VWATVE,Rapid mixer granulator,RAPID MIXER GRANULATOR
20,A,10001629,E,20190426,VWATVE,Rapid mixer granulator,RAPID MIXER GRANULATOR
20,A,10001630,E,20190426,VWATVE,Oscillating Granulator,OSCILLATING GRANULATOR
20,A,10001631,E,20190426,VWATVE,Conical mill (Co-mill),CONICAL MILL (CO-MILL)
20,A,10001632,E,20190426,VWATVE,Conical mill (Co-mill),CONICAL MILL (CO-MILL)
20,A,10001633,E,20190426,VWATVE,Conical mill (Co-mill),CONICAL MILL (CO-MILL)
20,A,10001634,E,20190426,VWATVE,Vacuum Transfer System,VACUUM TRANSFER SYSTEM
20,A,10001635,E,20190426,VWATVE,Fluid bed dryer,FLUID BED DRYER
20,A,10001636,E,20190426,VWATVE,Fluid bed processor (FBP),FLUID BED PROCESSOR (FBP)
20,A,10002166,E,20260406,95200021,Plant-1 Bulk line no. 2,PLANT-1 BULK LINE NO. 2
20,A,10002168,E,20260406,95200021,Plant-1 Bulk line no. 3,PLANT-1 BULK LINE NO. 3
20,A,10002169,E,20260406,95200021,Plant-1 Bulk line no. 4,PLANT-1 BULK LINE NO. 4
20,A,10002170,E,20260406,95200021,Plant 2 Granulation 20,PLANT 2 GRANULATION 20
20,A,10002171,E,20260406,95200021,Plant 2 Granulation 21,PLANT 2 GRANULATION 21
20,A,10002172,E,20260406,95200021,Plant 2 Granulation 3,PLANT 2 GRANULATION 3
20,A,10002173,E,20260406,95200021,Plant 2 Granulation 4,PLANT 2 GRANULATION 4
20,A,10002174,E,20260406,95200021,Plant 2 Granulation 6,PLANT 2 GRANULATION 6
20,A,10002175,E,20260406,95200021,Plant 2 Granulation 9,PLANT 2 GRANULATION 9
20,A,10002176,E,20260406,95200021,Plant 2 Granulation 11,PLANT 2 GRANULATION 11
20,A,10002177,E,20260406,95200021,Plant 2 Granulation 18,PLANT 2 GRANULATION 18
20,A,10002179,E,20260406,95200021,Plant 2 Blending 2,PLANT 2 BLENDING 2
20,A,10002180,E,20260406,95200021,Plant 2 Blending 6,PLANT 2 BLENDING 6
20,A,10002181,E,20260406,95200021,Plant 2 Blending 3,PLANT 2 BLENDING 3
20,A,10002182,E,20260406,95200021,Plant 2 Blending 4,PLANT 2 BLENDING 4
20,A,10002183,E,20260406,95200021,Plant 2 Blending 5,PLANT 2 BLENDING 5
20,A,10002184,E,20260406,95200021,Plant 2 Compression 2,PLANT 2 COMPRESSION 2
20,A,10002185,E,20260406,95200021,Plant 2 Compression 6,PLANT 2 COMPRESSION 6
20,A,10002186,E,20260406,95200021,Plant 2 Coating 2,PLANT 2 COATING 2
20,A,10002187,E,20260406,95200021,Plant 2 Coating 3,PLANT 2 COATING 3
20,A,10002188,E,20260406,95200021,Plant 2 Coating 4,PLANT 2 COATING 4
20,A,10002189,E,20260406,95200021,Plant-2  Blister line no.7,PLANT-2  BLISTER LINE NO.7
20,A,10002190,E,20260406,95200021,Plant-2  Blister line no.6,PLANT-2  BLISTER LINE NO.6
20,A,10002191,E,20260406,95200021,Plant 2A Coating 2,PLANT 2A COATING 2
20,A,10002192,E,20260406,95200021,Plant 2A Granulation 1,PLANT 2A GRANULATION 1
20,A,10002193,E,20260406,95200021,Plant 2A Granulation 2,PLANT 2A GRANULATION 2
20,A,10002194,E,20260406,95200021,Plant 2A Granulation 3,PLANT 2A GRANULATION 3
20,A,10002195,E,20260406,95200021,Plant 2A Blending 8,PLANT 2A BLENDING 8
20,A,10002196,E,20260406,95200021,Hormone Granulation 1,HORMONE GRANULATION 1
20,A,10002197,E,20260406,95200021,Hormone Compression 1,HORMONE COMPRESSION 1
20,A,10002198,E,20260406,95200021,Hormone Coating 1,HORMONE COATING 1
20,A,10002201,E,20260406,95200021,Hormone Blending 1,HORMONE BLENDING 1
20,A,10002202,E,20260406,95200021,Harmone  Blister packing  1,HARMONE  BLISTER PACKING  1
20,A,10002203,E,20260406,95200021,Immuno Granulation Line 8,IMMUNO GRANULATION LINE 8
20,A,10002204,E,20260406,95200021,Immuno Granulation Line 5,IMMUNO GRANULATION LINE 5
20,A,10002205,E,20260406,95200021,Immuno Blending Line 8,IMMUNO BLENDING LINE 8
20,A,10002206,E,20260406,95200021,Immuno Compression Line 2,IMMUNO COMPRESSION LINE 2
20,A,10002207,E,20260406,95200021,Immuno Coating Line 1,IMMUNO COATING LINE 1
20,A,10002208,E,20260406,95200021,Immuno Coating Line 2,IMMUNO COATING LINE 2
20,A,10002209,E,20260406,95200021,Immuno Inspection Line 1,IMMUNO INSPECTION LINE 1
20,A,10002210,E,20260406,95200021,Immuno Capsule Filling Line 1,IMMUNO CAPSULE FILLING LINE 1
20,A,10002211,E,20260406,95200021,Immuno 1 Checkweigher 1,IMMUNO 1 CHECKWEIGHER 1
20,A,10002212,E,20260406,95200021,Immuno  Bulk packing line CVC,IMMUNO  BULK PACKING LINE CVC
20,A,10002213,E,20260406,95200021,Immuno blister packing line 01,IMMUNO BLISTER PACKING LINE 01
20,A,10002215,E,20260406,95200021,Immuno blister packing line 02,IMMUNO BLISTER PACKING LINE 02
20,A,10002216,E,20260407,95200021,Hormone Inspection 1,HORMONE INSPECTION 1
20,A,10002217,E,20260408,95200010,ETP,ETP
20,A,10002219,E,20260408,95200010,Microbiology,MICROBIOLOGY
20,A,10002220,E,20260408,95200010,Admin,ADMIN
20,A,10002223,E,20260616,95200010,WAREHOUSE,WAREHOUSE
20,A,10002224,E,20260619,95200021,SOLUTION PREPA-VIAL2,SOLUTION PREPA-VIAL2
20,A,10002225,E,20260619,95200021,Sterilization (Autoclave) VIAL2,STERILIZATION (AUTOCLAVE) VIAL2
20,A,10002227,E,20260619,95200021,FILL & SEALING-VIAL2,FILL & SEALING-VIAL2
20,A,10002228,E,20260619,95200021,LYOPHILISATION-VIAL2,LYOPHILISATION-VIAL2
20,A,10002229,E,20260619,95200021,INSPECTION-VIAL-VIAL2,INSPECTION-VIAL-VIAL2
20,A,10002230,E,20260619,95200021,SEC. PACKING-VIAL2,SEC. PACKING-VIAL2
20,A,10002231,E,20260619,95200021,SOLUTION PREPA-VIAL3,SOLUTION PREPA-VIAL3
20,A,10002232,E,20260619,95200021,Sterilization (Autoclave) VIAL3,STERILIZATION (AUTOCLAVE) VIAL3
20,A,10002233,E,20260619,95200021,FILL & SEALING-VIAL3,FILL & SEALING-VIAL3
20,A,10002234,E,20260619,95200021,LYOPHILISATION-VIAL3,LYOPHILISATION-VIAL3
20,A,10002235,E,20260619,95200021,SEC. PACKING-VIAL3,SEC. PACKING-VIAL3
20,A,10002236,E,20260619,95200021,SEC. PACKING-VIAL3,SEC. PACKING-VIAL3
20,A,10002237,E,20260629,95200021,LYO-DRYER,LYO-DRYER
20,A,10002238,E,20260713,95200021,Terminal Sterilization,TERMINAL STERILIZATION
20,A,10000644,E,20150930,VWATVE,MICRONISATION,MICRONISATION
20,A,10000645,E,20151101,VWATVE,ROLL COMPACTOR,ROLL COMPACTOR
20,A,10000646,E,20151101,VWATVE,BLENDING,BLENDING
20,A,10000647,E,20151101,VWATVE,PRIMARY & SECONDARY PACKING,PRIMARY & SECONDARY PACKING
20,A,10000648,E,20150930,VWATVE,REACTOR-0 TO 100 LIT,REACTOR-0 TO 100 LIT
20,A,10000649,E,20150930,VWATVE,REACTOR-101 - 1000 LIT,REACTOR-101 - 1000 LIT
20,A,10000650,E,20150930,VWATVE,REACTOR-1001 - 2000 LIT,REACTOR-1001 - 2000 LIT
20,A,10000651,E,20150930,VWATVE,REACTOR-2001 - 4000 LIT,REACTOR-2001 - 4000 LIT
20,A,10000652,E,20150930,VWATVE,REACTOR-4001 - 8000 LIT,REACTOR-4001 - 8000 LIT
20,A,10000653,E,20150930,VWATVE,FILTER,FILTER
20,A,10000654,E,20150930,VWATVE,CENTRIFUGE,CENTRIFUGE
20,A,10000655,E,20150930,VWATVE,DRYER,DRYER
20,A,10000656,E,20150930,VWATVE,MILLING,MILLING
20,A,10000657,E,20150930,VWATVE,SIFTING,SIFTING
20,A,10000658,E,20150930,VWATVE,BLENDING,BLENDING
20,A,10000659,E,20150930,VWATVE,PRIMARY & SECONDARY PACKING,PRIMARY & SECONDARY PACKING
20,A,10000660,E,20150930,VWATVE,REACTOR-101 - 1000 LIT,REACTOR-101 - 1000 LIT
20,A,10000661,E,20150930,VWATVE,REACTOR-1001 - 2000 LIT,REACTOR-1001 - 2000 LIT
20,A,10000662,E,20150930,VWATVE,REACTOR-2001 - 4000 LIT,REACTOR-2001 - 4000 LIT
20,A,10000663,E,20150930,VWATVE,REACTOR-4001 - 8000 LIT,REACTOR-4001 - 8000 LIT
20,A,10000664,E,20150930,VWATVE,FILTER,FILTER
20,A,10000665,E,20150930,VWATVE,CENTRIFUGE,CENTRIFUGE
20,A,10000667,E,20150930,VWATVE,MILLING,MILLING
20,A,10000666,E,20150930,VWATVE,DRYER,DRYER
20,A,10000668,E,20150930,VWATVE,SIFTING,SIFTING
20,A,10000669,E,20150930,VWATVE,PIN MILLING,PIN MILLING
20,A,10000670,E,20150930,VWATVE,BLENDING,BLENDING
20,A,10000671,E,20150930,VWATVE,PRIMARY & SECONDARY PACKING,PRIMARY & SECONDARY PACKING
20,A,10000672,E,20150930,VWATVE,REACTOR-0 TO 100 LIT,REACTOR-0 TO 100 LIT
20,A,10000673,E,20150930,VWATVE,REACTOR-101 - 1000 LIT,REACTOR-101 - 1000 LIT
20,A,10000674,E,20150930,VWATVE,REACTOR-1001 - 2000 LIT,REACTOR-1001 - 2000 LIT
20,A,10000675,E,20150930,VWATVE,REACTOR-2001 - 4000 LIT,REACTOR-2001 - 4000 LIT
20,A,10000676,E,20150930,VWATVE,REACTOR-4001 - 8000 LIT,REACTOR-4001 - 8000 LIT
20,A,10000677,E,20150930,VWATVE,FILTER,FILTER
20,A,10000678,E,20150930,VWATVE,CENTRIFUGE,CENTRIFUGE
20,A,10000679,E,20150930,VWATVE,DRYER,DRYER
20,A,10000680,E,20150930,VWATVE,VACUUM OVEN,VACUUM OVEN
20,A,10000681,E,20150930,VWATVE,MILLING,MILLING
20,A,10000682,E,20150930,VWATVE,SIFTING,SIFTING
20,A,10000683,E,20150930,VWATVE,BALL MILL,BALL MILL
20,A,10000684,E,20150930,VWATVE,ROTAVAPOUR,ROTAVAPOUR
20,A,10000685,E,20150930,VWATVE,FLASH CHROMATOGRAPHY,FLASH CHROMATOGRAPHY
20,A,10000686,E,20150930,VWATVE,PREP CHROMATOGRAPHY,PREP CHROMATOGRAPHY
20,A,10000687,E,20150930,VWATVE,FUME HOOD,FUME HOOD
20,A,10000688,E,20150930,VWATVE,BIO-SAFETY CAB,BIO-SAFETY CAB
20,A,10000689,E,20150930,VWATVE,ISOLATOR,ISOLATOR
20,A,10000690,E,20150930,VWATVE,PRIMARY & SECONDARY PACKING,PRIMARY & SECONDARY PACKING
20,A,10000691,E,20150930,VWATVE,REACTOR-0 TO 100 LIT,REACTOR-0 TO 100 LIT
20,A,10000692,E,20150930,VWATVE,REACTOR-101 - 1000 LIT,REACTOR-101 - 1000 LIT
20,A,10000693,E,20150930,VWATVE,REACTOR-1001 - 2000 LIT,REACTOR-1001 - 2000 LIT
20,A,10000694,E,20150930,VWATVE,REACTOR-2001 - 4000 LIT,REACTOR-2001 - 4000 LIT
20,A,10000695,E,20150930,VWATVE,FILTER,FILTER
20,A,10000696,E,20150930,VWATVE,CENTRIFUGE,CENTRIFUGE
20,A,10000697,E,20150930,VWATVE,DRYER,DRYER
20,A,10000698,E,20150930,VWATVE,MILLING,MILLING
20,A,10000699,E,20150930,VWATVE,SIFTING,SIFTING
20,A,10000700,E,20150930,VWATVE,BLENDING,BLENDING
20,A,10000701,E,20150930,VWATVE,PRIMARY & SECONDARY PACKING,PRIMARY & SECONDARY PACKING
20,A,10000702,E,20150930,VWATVE,LAMINAR AIR FLOW - API 6,LAMINAR AIR FLOW - API 6
20,A,10000703,E,20150930,VWATVE,REACTOR-0 TO 100 LIT,REACTOR-0 TO 100 LIT
20,A,10000704,E,20150930,VWATVE,REACTOR-101 - 1000 LIT,REACTOR-101 - 1000 LIT
20,A,10000705,E,20150930,VWATVE,REACTOR-1001 - 2000 LIT,REACTOR-1001 - 2000 LIT
20,A,10000706,E,20150930,VWATVE,REACTOR-2001 - 4000 LIT,REACTOR-2001 - 4000 LIT
20,A,10000707,E,20150930,VWATVE,REACTOR-4001 - 8000 LIT,REACTOR-4001 - 8000 LIT
20,A,10000708,E,20150930,VWATVE,FILTER,FILTER
20,A,10000709,E,20150930,VWATVE,CENTRIFUGE,CENTRIFUGE
20,A,10000710,E,20150930,VWATVE,DRYER,DRYER
20,A,10000711,E,20150930,VWATVE,MILLING,MILLING
20,A,10000712,E,20150930,VWATVE,SIFTING,SIFTING
20,A,10000713,E,20150930,VWATVE,MICRONISATION,MICRONISATION
20,A,10000714,E,20150930,VWATVE,BLENDING,BLENDING
20,A,10000715,E,20150930,VWATVE,PRIMARY & SECONDARY PACKING,PRIMARY & SECONDARY PACKING
20,A,10000716,E,20150930,VWATVE,REACTOR-0 TO 100 LIT,REACTOR-0 TO 100 LIT
20,A,10000717,E,20150930,VWATVE,REACTOR-101 - 1000 LIT,REACTOR-101 - 1000 LIT
20,A,10000718,E,20150930,VWATVE,REACTOR-1001 - 2000 LIT,REACTOR-1001 - 2000 LIT
20,A,10000719,E,20150930,VWATVE,FILTER,FILTER
20,A,10000720,E,20150930,VWATVE,CENTRIFUGE,CENTRIFUGE
20,A,10000721,E,20150930,VWATVE,DRYER,DRYER
20,A,10000722,E,20150930,VWATVE,MILLING,MILLING
20,A,10000723,E,20150930,VWATVE,SIFTING,SIFTING
20,A,10000724,E,20150930,VWATVE,MICRONISATION,MICRONISATION
20,A,10000725,E,20150930,VWATVE,PRIMARY & SECONDARY PACKING,PRIMARY & SECONDARY PACKING
20,A,10000726,E,20150930,VWATVE,REACTOR-0 TO 100 LIT,REACTOR-0 TO 100 LIT
20,A,10000727,E,20150930,VWATVE,REACTOR-101 - 1000 LIT,REACTOR-101 - 1000 LIT
20,A,10000728,E,20150930,VWATVE,REACTOR-1001 - 2000 LIT,REACTOR-1001 - 2000 LIT
20,A,10000729,E,20150930,VWATVE,REACTOR-2001 - 4000 LIT,REACTOR-2001 - 4000 LIT
20,A,10000730,E,20150930,VWATVE,REACTOR-4001 - 8000 LIT,REACTOR-4001 - 8000 LIT
20,A,10000731,E,20150930,VWATVE,FILTER,FILTER
20,A,10000732,E,20150930,VWATVE,CENTRIFUGE,CENTRIFUGE
20,A,10000733,E,20150930,VWATVE,DRYER,DRYER
20,A,10000734,E,20150930,VWATVE,MILLING,MILLING
20,A,10000735,E,20150930,VWATVE,SIFTING,SIFTING
20,A,10000736,E,20150930,VWATVE,PRIMARY & SECONDARY PACKING,PRIMARY & SECONDARY PACKING
20,A,10000737,E,20150930,VWATVE,REACTION FLASK-0-50 LIT,REACTION FLASK-0-50 LIT
20,A,10000738,E,20150930,VWATVE,REACTOR-0 TO 100 LIT,REACTOR-0 TO 100 LIT
20,A,10000739,E,20150930,VWATVE,FILTER,FILTER
20,A,10000740,E,20150930,VWATVE,DRYER,DRYER
20,A,10000741,E,20150930,VWATVE,VACUUM OVEN,VACUUM OVEN
20,A,10000742,E,20150930,VWATVE,MILLING,MILLING
20,A,10000743,E,20150930,VWATVE,SIFTING,SIFTING
20,A,10000744,E,20150930,VWATVE,BLENDING,BLENDING
20,A,10000745,E,20150930,VWATVE,ROTAVAPOUR,ROTAVAPOUR
20,A,10000746,E,20150930,VWATVE,FUME HOOD,FUME HOOD
20,A,10000747,E,20150930,VWATVE,BIO-SAFETY CAB,BIO-SAFETY CAB
20,A,10000748,E,20150930,VWATVE,PRIMARY & SECONDARY PACKING,PRIMARY & SECONDARY PACKING
20,A,10000749,E,20150930,VWATVE,REACTION FLASK-0-50 LIT,REACTION FLASK-0-50 LIT
20,A,10000750,E,20150930,VWATVE,FILTER,FILTER
20,A,10000751,E,20150930,VWATVE,DRYER,DRYER
20,A,10000752,E,20150930,VWATVE,VACUUM OVEN,VACUUM OVEN
20,A,10000753,E,20150930,VWATVE,ROTAVAPOUR,ROTAVAPOUR
20,A,10000754,E,20150930,VWATVE,FUME HOOD,FUME HOOD
20,A,10000755,E,20150930,VWATVE,REACTION FLASK-0-50 LIT,REACTION FLASK-0-50 LIT
20,A,10000756,E,20150930,VWATVE,REACTOR-0 TO 100 LIT,REACTOR-0 TO 100 LIT
20,A,10001263,E,20190109,VWATVE,Rapid Mixer Granulator,RAPID MIXER GRANULATOR
20,A,10001264,E,20190109,VWATVE,Rapid Mixer Granulator,RAPID MIXER GRANULATOR
20,A,10001265,E,20190109,VWATVE,Rapid Mixer Granulator,RAPID MIXER GRANULATOR
20,A,10001266,E,20190109,VWATVE,Peristaltic Pump,PERISTALTIC PUMP
20,A,10001267,E,20190109,VWATVE,Peristaltic Pump,PERISTALTIC PUMP
20,A,10001268,E,20190109,VWATVE,Peristaltic Pump,PERISTALTIC PUMP
20,A,10001269,E,20190109,VWATVE,Peristaltic Pump,PERISTALTIC PUMP
20,A,10001270,E,20190109,VWATVE,Granulation-II,GRANULATION-II
20,A,10001271,E,20190109,VWATVE,Granulation-VIII,GRANULATION-VIII
20,A,10001272,E,20190109,VWATVE,Fluid Bed Dryer,FLUID BED DRYER
20,A,10001273,E,20190109,VWATVE,Fluid Bed Dryer,FLUID BED DRYER
20,A,10001274,E,20190109,VWATVE,Fluid Bed Dryer,FLUID BED DRYER
20,A,10001275,E,20190109,VWATVE,Fluid Bed Dryer,FLUID BED DRYER
20,A,10001276,E,20190109,VWATVE,Fluid bed processor,FLUID BED PROCESSOR
20,A,10001277,E,20190109,VWATVE,Planetary Mixer,PLANETARY MIXER
20,A,10001278,E,20190109,VWATVE,Planetary Mixer,PLANETARY MIXER
20,A,10001279,E,20190109,VWATVE,Planetary Mixer,PLANETARY MIXER
20,A,10001280,E,20190109,VWATVE,Planetary Mixer,PLANETARY MIXER
20,A,10001281,E,20190109,VWATVE,Blender-I,BLENDER-I
20,A,10001282,E,20190109,VWATVE,Blender-II,BLENDER-II
20,A,10001283,E,20190109,VWATVE,Blender-V,BLENDER-V
20,A,10001284,E,20190109,VWATVE,Blender-III,BLENDER-III
20,A,10001285,E,20190109,VWATVE,Granulation-XII,GRANULATION-XII
20,A,10001286,E,20190109,VWATVE,Octagonal Blender,OCTAGONAL BLENDER
20,A,10001287,E,20190109,VWATVE,Octagonal Blender,OCTAGONAL BLENDER
20,A,10001288,E,20190109,VWATVE,Conta Blender,CONTA BLENDER
20,A,10001289,E,20190109,VWATVE,Conta Blender,CONTA BLENDER
20,A,10001290,E,20190109,VWATVE,Conta Blender,CONTA BLENDER
20,A,10001291,E,20190109,VWATVE,Vacuum Conveying System,VACUUM CONVEYING SYSTEM
20,A,10001292,E,20190109,VWATVE,Vacuum Conveying System,VACUUM CONVEYING SYSTEM
20,A,10001293,E,20190109,VWATVE,Cadmill,CADMILL
20,A,10001294,E,20190109,VWATVE,Cadmill,CADMILL
20,A,10001295,E,20190109,VWATVE,Cadmill,CADMILL
20,A,10001296,E,20190109,VWATVE,Cadmill,CADMILL
20,A,10001297,E,20190109,VWATVE,Cadmill,CADMILL
20,A,10001298,E,20190109,VWATVE,Multimill,MULTIMILL
20,A,10001299,E,20190109,VWATVE,Multimill,MULTIMILL
20,A,10001300,E,20190109,VWATVE,Multimill,MULTIMILL
20,A,10001301,E,20190109,VWATVE,Multimill,MULTIMILL
20,A,10001302,E,20190109,VWATVE,Multimill,MULTIMILL
20,A,10001303,E,20190109,VWATVE,Multimill,MULTIMILL
20,A,10001306,E,20190109,VWATVE,Oscillating granulator,OSCILLATING GRANULATOR
20,A,10001307,E,20190109,VWATVE,Conical mill (Co-mill),CONICAL MILL (CO-MILL)
20,A,10001308,E,20190109,VWATVE,Granulation-XI,GRANULATION-XI
20,A,10001309,E,20190109,VWATVE,Granulation-X,GRANULATION-X
20,A,10001310,E,20190109,VWATVE,Granulation-IX,GRANULATION-IX
20,A,10001311,E,20190109,VWATVE,Bin Wash,BIN WASH
20,A,10001312,E,20190109,VWATVE,Hobart mixer,HOBART MIXER
20,A,10001313,E,20190109,VWATVE,Homogenizer,HOMOGENIZER
20,A,10001314,E,20190109,VWATVE,Tray dryer,TRAY DRYER
20,A,10001315,E,20190109,VWATVE,Hot Melt Extruder,HOT MELT EXTRUDER
20,A,10001316,E,20190109,VWATVE,Hot Melt Extruder,HOT MELT EXTRUDER
20,A,10001317,E,20190109,VWATVE,Chilsonator cum Comminutor,CHILSONATOR CUM COMMINUTOR
20,A,10001318,E,20190109,VWATVE,Fogging machine,FOGGING MACHINE
20,A,10001319,E,20190109,VWATVE,Fogging machine,FOGGING MACHINE
20,A,10001320,E,20190109,VWATVE,Fogging machine,FOGGING MACHINE
20,A,10001321,E,20190109,VWATVE,Walk In Cooler,WALK IN COOLER
20,A,10001322,E,20190109,VWATVE,Mass flow meter,MASS FLOW METER
20,A,10001323,E,20190109,VWATVE,Overprinting,OVERPRINTING
20,A,10001324,E,20190109,VWATVE,Carton Overprinting (2D) Machine,CARTON OVERPRINTING (2D) MACHINE
20,A,10001325,E,20190109,VWATVE,Tablet/capsule inspection machine,TABLET/CAPSULE INSPECTION MACHINE
20,A,10001326,E,20190109,VWATVE,Tablet/capsule inspection machine,TABLET/CAPSULE INSPECTION MACHINE
20,A,10001327,E,20190109,VWATVE,Tablet/capsule inspection machine,TABLET/CAPSULE INSPECTION MACHINE
20,A,10001328,E,20190109,VWATVE,Laser printing machine,LASER PRINTING MACHINE
20,A,10001329,E,20190109,VWATVE,Automatic tablet / capsule printing mach,AUTOMATIC TABLET / CAPSULE PRINTING MACH
20,A,10001330,E,20190109,VWATVE,Compression-VII,COMPRESSION-VII
20,A,10001331,E,20190109,VWATVE,Legacy Compression Machine,LEGACY COMPRESSION MACHINE
20,A,10001332,E,20190109,VWATVE,Compression-VI,COMPRESSION-VI
20,A,10001333,E,20190109,VWATVE,Compression-I,COMPRESSION-I
20,A,10001334,E,20190109,VWATVE,Compression-IX,COMPRESSION-IX
20,A,10001335,E,20190109,VWATVE,Compression-X,COMPRESSION-X
20,A,10001336,E,20190109,VWATVE,Compression-III,COMPRESSION-III
20,A,10001337,E,20190109,VWATVE,Legacy Compression Machine,LEGACY COMPRESSION MACHINE
20,A,10001338,E,20190109,VWATVE,Compression machine,COMPRESSION MACHINE
20,A,10001339,E,20190109,VWATVE,Compression machine,COMPRESSION MACHINE
20,A,10001340,E,20190109,VWATVE,Korsch XL400 (Bilayer),KORSCH XL400 (BILAYER)
20,A,10001341,E,20190509,VWATVE,LEGACY COMPRESSION MACHINE 6100,LEGACY COMPRESSION MACHINE 6100
20,A,10001343,E,20190109,VWATVE,Automatic Tool Punch polishing machine,AUTOMATIC TOOL PUNCH POLISHING MACHINE
20,A,10001346,E,20190109,VWATVE,Ultra cleaning machine,ULTRA CLEANING MACHINE
20,A,10001347,E,20190110,VWATVE,Coating-III,COATING-III
20,A,10001348,E,20190110,VWATVE,Coating-I,COATING-I
20,A,10001349,E,20190110,VWATVE,Coating-VIII,COATING-VIII
20,A,10001350,E,20190110,VWATVE,Coating-IX,COATING-IX
20,A,10001351,E,20190110,VWATVE,Coating-IV,COATING-IV
20,A,10001352,E,20190110,VWATVE,Auto Coater 60 Degree,AUTO COATER 60 DEGREE
20,A,10001353,E,20190110,VWATVE,Auto Coater 60 Degree,AUTO COATER 60 DEGREE
20,A,10001354,E,20190110,VWATVE,Auto Coater 60 Degree,AUTO COATER 60 DEGREE
20,A,10001355,E,20190110,VWATVE,Auto Coater 60 Degree,AUTO COATER 60 DEGREE
20,A,10001356,E,20190110,VWATVE,Auto Coater,AUTO COATER
20,A,10001357,E,20190110,VWATVE,Colloid Mill,COLLOID MILL
20,A,10001358,E,20190110,VWATVE,In process Store,IN PROCESS STORE
20,A,10001359,E,20190110,VWATVE,Fogging Machine,FOGGING MACHINE
20,A,10001360,E,20190110,VWATVE,WIP System,WIP SYSTEM
20,A,10001361,E,20190110,VWATVE,Automatic Capsule Filling Machine(Model),AUTOMATIC CAPSULE FILLING MACHINE(MODEL)
20,A,10001362,E,20190110,VWATVE,Capsule filling Machine,CAPSULE FILLING MACHINE
20,A,10001363,E,20190110,VWATVE,Dedusting and Polishing Machine(Model D),DEDUSTING AND POLISHING MACHINE(MODEL D)
20,A,10001364,E,20190110,VWATVE,Compact Air Displacement Unit    (Model),COMPACT AIR DISPLACEMENT UNIT    (MODEL)
20,A,10001365,E,20190110,VWATVE,Metal detector and Deduster,METAL DETECTOR AND DEDUSTER
20,A,10001366,E,20190110,VWATVE,Sorter Elevator (Model SE 100),SORTER ELEVATOR (MODEL SE 100)
20,A,10001367,E,20190110,VWATVE,Mini Filled Capsule Sorter (Model MCS 1),MINI FILLED CAPSULE SORTER (MODEL MCS 1)
20,A,10001368,E,20190110,VWATVE,Empty Capsule Sorter,EMPTY CAPSULE SORTER
20,A,10001369,E,20190110,VWATVE,Dedusting and Polishing Machine(Model D),DEDUSTING AND POLISHING MACHINE(MODEL D)
20,A,10001370,E,20190110,VWATVE,Compact Air Displacement Unit (Model),COMPACT AIR DISPLACEMENT UNIT (MODEL)
20,A,10001371,E,20190110,VWATVE,Air Displacement Unit,AIR DISPLACEMENT UNIT
20,A,10001372,E,20190110,VWATVE,GO-NO-GO gauge,GO-NO-GO GAUGE
20,A,10001373,E,20190110,VWATVE,GO-NO-GO gauge,GO-NO-GO GAUGE
20,A,10001375,E,20190110,VWATVE,Capsule Filling,CAPSULE FILLING
20,A,10001376,E,20190416,VWATVE,Checkweigher-III,CHECKWEIGHER-III
20,A,10001377,E,20190110,VWATVE,Checkweigher-II,CHECKWEIGHER-II
20,A,10001378,E,20190110,VWATVE,Checkweigher (Model – CW 10),CHECKWEIGHER (MODEL – CW 10)
20,A,10001379,E,20190110,VWATVE,Checkweigher,CHECKWEIGHER
20,A,10001380,E,20190110,VWATVE,Ultrasonic  cleaning machine,ULTRASONIC  CLEANING MACHINE
20,A,10001381,E,20190110,VWATVE,Metal Detector and Deduster,METAL DETECTOR AND DEDUSTER
20,A,10001382,E,20190110,VWATVE,Metal Detector and Deduster,METAL DETECTOR AND DEDUSTER
20,A,10001384,E,20190110,VWATVE,Metal Detector and Deduster,METAL DETECTOR AND DEDUSTER
20,A,10001385,E,20190110,VWATVE,Metal Detector and Deduster,METAL DETECTOR AND DEDUSTER
20,A,10001386,E,20190110,VWATVE,Metal Detector and Deduster,METAL DETECTOR AND DEDUSTER
20,A,10001387,E,20190110,VWATVE,Metal Detector and Deduster,METAL DETECTOR AND DEDUSTER
20,A,10001388,E,20190110,VWATVE,Metal Detector and Deduster,METAL DETECTOR AND DEDUSTER
20,A,10001389,E,20190110,VWATVE,Metal Detector,METAL DETECTOR
20,A,10001390,E,20190110,VWATVE,Production,PRODUCTION
20,A,10001391,E,20190110,VWATVE,Fogging Machine,FOGGING MACHINE
20,A,10001392,E,20190110,VWATVE,Fogging Machine,FOGGING MACHINE
20,A,10001393,E,20190110,VWATVE,IPQC,IPQC
20,A,10001394,E,20190110,VWATVE,IPQC,IPQC
20,A,10001395,E,20190110,VWATVE,IPQC,IPQC
20,A,10001396,E,20190507,VWATVE,IPQC,IPQC
20,A,10001402,E,20190110,VWATVE,Dispensing -1,DISPENSING -1
20,A,10001403,E,20190110,VWATVE,Dispensing -2,DISPENSING -2
20,A,10001405,E,20190110,VWATVE,Dispensing -3,DISPENSING -3
20,A,10001406,E,20190110,VWATVE,Dispensing -V1,DISPENSING -V1
20,A,10001407,E,20190110,VWATVE,RM Sampling -1,RM SAMPLING -1
20,A,10001408,E,20190110,VWATVE,RM Sampling -2,RM SAMPLING -2
20,A,10001409,E,20190110,VWATVE,PM Sampling /Dispensing PI,PM SAMPLING /DISPENSING PI
20,A,10001410,E,20190110,VWATVE,PM Sampling /Dispensing PII,PM SAMPLING /DISPENSING PII
20,A,10001411,E,20190110,VWATVE,PM Store-1,PM STORE-1
20,A,10001412,E,20190110,VWATVE,PM Store-II,PM STORE-II
20,A,10001413,E,20190110,VWATVE,PM Store-3,PM STORE-3
20,A,10001414,E,20190110,VWATVE,Wash Room PI,WASH ROOM PI
20,A,10001415,E,20190110,VWATVE,Equipment Wash Room PI,EQUIPMENT WASH ROOM PI
20,A,10001416,E,20190110,VWATVE,Wash Room V1,WASH ROOM V1
20,A,10001417,E,20190110,VWATVE,Vacuum Cleaner,VACUUM CLEANER
20,A,10001418,E,20190110,VWATVE,Vacuum Cleaner,VACUUM CLEANER
20,A,10001419,E,20190110,VWATVE,Vacuum Cleaner,VACUUM CLEANER
20,A,10001420,E,20190110,VWATVE,Vacuum Cleaner,VACUUM CLEANER
20,A,10001421,E,20190110,VWATVE,Vacuum Cleaner,VACUUM CLEANER
20,A,10001422,E,20190110,VWATVE,Vacuum Cleaner,VACUUM CLEANER
20,A,10001424,E,20190110,VWATVE,Sampling Booth,SAMPLING BOOTH
20,A,10001425,E,20190110,VWATVE,Sampling Booth,SAMPLING BOOTH
20,A,10001426,E,20190110,VWATVE,Dispensing Booth,DISPENSING BOOTH
20,A,10001427,E,20190110,VWATVE,Dispensing Booth,DISPENSING BOOTH
20,A,10001428,E,20190110,VWATVE,Dispensing Booth,DISPENSING BOOTH
20,A,10001430,E,20190110,VWATVE,Sampling Booth,SAMPLING BOOTH
20,A,10001431,E,20190110,VWATVE,Sampling/Dispensing Booth,SAMPLING/DISPENSING BOOTH
20,A,10001432,E,20190110,VWATVE,Sampling/Dispensing Booth,SAMPLING/DISPENSING BOOTH
20,A,10001433,E,20190110,VWATVE,Dispensing Booth,DISPENSING BOOTH
20,A,10001435,E,20190110,VWATVE,Dispensing Booth,DISPENSING BOOTH
20,A,10001438,E,20190116,VWATVE,Checkweigher & Tablet / Capsule Insp.,CHECKWEIGHER & TABLET / CAPSULE INSP.
20,A,10001439,E,20190116,VWATVE,Coating- II,COATING- II
20,A,10001440,E,20190116,VWATVE,Tablet  Inspection-I,TABLET  INSPECTION-I
20,A,10001441,E,20190116,VWATVE,Tablet  Inspection-VI,TABLET  INSPECTION-VI
20,A,10001442,E,20190116,VWATVE,Weighing Room II,WEIGHING ROOM II
20,A,10001443,E,20190116,VWATVE,Tablet / Capsule Inspection Room,TABLET / CAPSULE INSPECTION ROOM
20,A,10001444,E,20190116,VWATVE,Wash Room,WASH ROOM
20,A,10001446,E,20190116,VWATVE,Wash Equipement Store,WASH EQUIPEMENT STORE
20,A,10001448,E,20190116,VWATVE,Wash Room,WASH ROOM
20,A,10001449,E,20190116,VWATVE,Wash Room,WASH ROOM
20,A,10001453,E,20190117,RSOMKUWAR,Manufacturing,MANUFACTURING
20,A,10001454,E,20190117,RSOMKUWAR,Packing,PACKING
20,A,10001455,E,20190130,VKADAM,Production,PRODUCTION
20,A,10001822,E,20200817,SVAIDYA,Utility,UTILITY
20,A,10001823,E,20200817,SVAIDYA,Information technology,INFORMATION TECHNOLOGY
20,A,10001458,E,20190130,VKADAM,Quality Assurance,QUALITY ASSURANCE
20,A,10001459,E,20190130,VKADAM,Quality,QUALITY
20,A,10001460,E,20190130,VKADAM,Engineering,ENGINEERING
20,A,10001456,E,20200817,SVAIDYA,Boiler,BOILER
20,A,10001457,E,20200817,SVAIDYA,Environment Health Safety,ENVIRONMENT HEALTH SAFETY
20,A,10001463,E,20190130,VKADAM,Warehouse,WAREHOUSE
20,A,10001464,E,20190130,VKADAM,Water,WATER
20,A,10001466,E,20190206,VWATVE,Production Review Room,PRODUCTION REVIEW ROOM
20,A,10001468,E,20190206,VWATVE,QA review Room,QA REVIEW ROOM
20,A,10001470,E,20190316,EUSCORE,SOFT GEL CAPSULE – FILLING -USA,SOFT GEL CAPSULE – FILLING -USA
20,A,10001473,E,20190316,EUSCORE,QA_Stores_Admin,QA_STORES_ADMIN
20,A,10001474,E,20190322,VWATVE,Label Counting Machine,LABEL COUNTING MACHINE
20,A,10001475,E,20190404,VWATVE,Optical Inspection - 1,OPTICAL INSPECTION - 1
20,A,10001476,E,20190404,VWATVE,Production Office,PRODUCTION OFFICE
20,A,10001477,E,20190412,MGAIKWAD,FILLING AND STOPPERING-PFS-PLANT-IV,FILLING AND STOPPERING-PFS-PLANT-IV
20,A,10001478,E,20190412,MGAIKWAD,FILTRATION-PFS-PLANT-IV,FILTRATION-PFS-PLANT-IV
20,A,10001479,E,20190412,MGAIKWAD,INSPECTION AND LABELLING-PFS-PLANT-IV,INSPECTION AND LABELLING-PFS-PLANT-IV
20,A,10001480,E,20190412,MGAIKWAD,SECONDARY PACKING -PFS-PLANT-IV,SECONDARY PACKING -PFS-PLANT-IV
20,A,10001481,E,20190412,MGAIKWAD,SOLUTION PREPERATION-PFS-PLANT-IV,SOLUTION PREPERATION-PFS-PLANT-IV
20,A,10001482,E,20190412,MGAIKWAD,STERILISATION-AUXILIARY-PFS-PLANT-IV,STERILISATION-AUXILIARY-PFS-PLANT-IV
20,A,10001483,E,20190424,VWATVE,Secondary Packing Hall,SECONDARY PACKING HALL
20,A,10001485,E,20190426,VWATVE,Vibratory Sifter,VIBRATORY SIFTER
20,A,10001486,E,20190426,VWATVE,Vibratory Sifter,VIBRATORY SIFTER
20,A,10001487,E,20190426,VWATVE,Vibratory Sifter,VIBRATORY SIFTER
20,A,10001488,E,20190426,VWATVE,Vibratory Sifter,VIBRATORY SIFTER
20,A,10001489,E,20190426,VWATVE,Vibratory Sifter,VIBRATORY SIFTER
20,A,10001490,E,20190426,VWATVE,Vibratory Sifter,VIBRATORY SIFTER
20,A,10001491,E,20190426,VWATVE,Vibratory Sifter,VIBRATORY SIFTER
20,A,10001492,E,20190426,VWATVE,Vacuum transfer system,VACUUM TRANSFER SYSTEM
20,A,10001493,E,20190426,VWATVE,Octagonal Blender with VTS,OCTAGONAL BLENDER WITH VTS
20,A,10001494,E,20190426,VWATVE,Granulation V-2,GRANULATION V-2
20,A,10001495,E,20190426,VWATVE,Blender V-5,BLENDER V-5
20,A,10001496,E,20190426,VWATVE,ContaPillar Type Blender,CONTAPILLAR TYPE BLENDER
20,A,10001497,E,20190426,VWATVE,Pillar Type Blender,PILLAR TYPE BLENDER
20,A,10001498,E,20190426,VWATVE,Roller compactor,ROLLER COMPACTOR
20,A,10001499,E,20190426,VWATVE,Jacketed Vessel With Stirrer,JACKETED VESSEL WITH STIRRER
20,A,10001500,E,20190426,VWATVE,Cadmill,CADMILL
20,A,10001501,E,20190426,VWATVE,Blender V-7,BLENDER V-7
20,A,10001502,E,20190426,VWATVE,Cadmill,CADMILL
20,A,10001503,E,20190426,VWATVE,Peristaltic pump,PERISTALTIC PUMP
20,A,10001504,E,20190426,VWATVE,IPC Cleaning Machine,IPC CLEANING MACHINE
20,A,10001505,E,20190426,VWATVE,Oscillating Granulator,OSCILLATING GRANULATOR
20,A,10001506,E,20190426,VWATVE,Multimill,MULTIMILL
20,A,10001507,E,20190426,VWATVE,Fluid bed processor (FBP),FLUID BED PROCESSOR (FBP)
20,A,10001508,E,20190426,VWATVE,Fluid Bed Processor,FLUID BED PROCESSOR
20,A,10001510,E,20190426,VWATVE,Fluid Bed Processor,FLUID BED PROCESSOR
20,A,10001511,E,20190426,VWATVE,Bin Wash-I,BIN WASH-I
20,A,10001512,E,20190426,VWATVE,Granulation V-1,GRANULATION V-1
20,A,10001513,E,20190426,VWATVE,Compression machine,COMPRESSION MACHINE
20,A,10001514,E,20190426,VWATVE,Compression-I,COMPRESSION-I
20,A,10001515,E,20190426,VWATVE,Metal Detector and Deduster,METAL DETECTOR AND DEDUSTER
20,A,10001516,E,20190426,VWATVE,Autocoater,AUTOCOATER
20,A,10001517,E,20190426,VWATVE,Stirrer,STIRRER
20,A,10001518,E,20190426,VWATVE,Stirrer With Vessel,STIRRER WITH VESSEL
20,A,10002028,E,20230419,10018037,Warehouse,WAREHOUSE
20,A,10002029,E,20230419,10018037," Engineering"," ENGINEERING"
20,A,10002030,E,20230421,10018037,HVAC,HVAC
20,A,10002031,E,20230421,10018037,Environmental Health & Safety,ENVIRONMENTAL HEALTH & SAFETY
20,A,10002032,E,20230421,10018037,PACKING,PACKING
20,A,10002033,E,20230421,10018037,UTILITY,UTILITY
20,A,10002034,E,20230421,10018037,WATER,WATER
20,A,10002035,E,20230511,TBHILAWADE,Visual Inspection,VISUAL INSPECTION
20,A,10002036,E,20230511,TBHILAWADE,Terminal sterilizer,TERMINAL STERILIZER
20,A,10002037,E,20230517,TBHILAWADE,Bulk Manufacturing,BULK MANUFACTURING
20,A,10002038,E,20230517,TBHILAWADE,Spray Drying,SPRAY DRYING
20,A,10002039,E,20230525,TBHILAWADE,Visual Inspection 3,VISUAL INSPECTION 3
20,A,10002040,E,20230712,MGUJAR,Vial filling and stoppering,VIAL FILLING AND STOPPERING
20,A,10002042,E,20230930,93000002,Visual Inspection,VISUAL INSPECTION
20,A,10002043,E,20231225,10020191,Engineering,ENGINEERING
20,A,10002044,E,20231005,10020191,MFG,MFG
20,A,10002045,E,20231005,10020191,Packaging,PACKAGING
20,A,10002046,E,20231005,10020191,Quality A,QUALITY A
20,A,10002047,E,20231005,10020191,QC Micro,QC MICRO
20,A,10002048,E,20231005,10020191,Warehouse,WAREHOUSE
20,A,10002049,E,20231005,10020191,Quality Control,QUALITY CONTROL
20,A,10002053,E,20231027,93000002,Bulk Mfg. & Filtration,BULK MFG. & FILTRATION
20,A,10002054,E,20231120,10020191,Production,PRODUCTION
20,A,10002055,E,20231214,10018868,Manufacturing,MANUFACTURING
20,A,10002056,E,20231214,10018868,Packing,PACKING
20,A,10002057,E,20240117,10020191,EHS( Environmental Health And Safety),EHS( ENVIRONMENTAL HEALTH AND SAFETY)
20,A,10002058,E,20240209,93000002,Bulk MFG - 1,BULK MFG - 1
20,A,10002059,E,20240209,93000002,Bulk Filtration-1,BULK FILTRATION-1
20,A,10002061,E,20240304,93000002,BOTTLE PACKING,BOTTLE PACKING
20,A,10002062,E,20240304,93000002,Bottle Washing,BOTTLE WASHING
20,A,10002063,E,20240304,93000002,Filling And Sealing,FILLING AND SEALING
20,A,10002064,E,20240304,93000002,Inspection(Empty/Filled/Labeled,INSPECTION(EMPTY/FILLED/LABELED
20,A,10002065,E,20240304,93000002,Manufacturing,MANUFACTURING
20,A,10002068,E,20240305,93000002,QA_Stores_Admin,QA_STORES_ADMIN
20,A,10002069,E,20240305,93000002,SECONDARY PACKING,SECONDARY PACKING
20,A,10002072,E,20240417,10020191,Quality Assurance,QUALITY ASSURANCE
20,A,10002073,E,20240426,10018868,Terminal Sterilization Loading,TERMINAL STERILIZATION LOADING
20,A,10002074,E,20240626,10018868,CONTAINER PACKING-EP27,CONTAINER PACKING-EP27
20,A,10002075,E,20240626,10018868,I & II Packing Type A Cleaning-EP27,I & II PACKING TYPE A CLEANING-EP27
20,A,10002076,E,20240626,10018868,I & II Packing Type B Cleaning-EP27,I & II PACKING TYPE B CLEANING-EP27
20,A,10002078,E,20240715,10018868,MFG:01,MFG:01
20,A,10002079,E,20240715,10018868,MFG:02,MFG:02
20,A,10002083,E,20240905,EU01MM02,DISPENSING-USA,DISPENSING-USA
20,A,10002084,E,20241003,10018868,Granulation Type A cleaning-EP26,GRANULATION TYPE A CLEANING-EP26
20,A,10002085,E,20241003,10018868,Granulation Type B cleaning-EP26,GRANULATION TYPE B CLEANING-EP26
20,A,10002086,E,20241003,10018868,Compression Type A cleaning-EP26,COMPRESSION TYPE A CLEANING-EP26
20,A,10002087,E,20241003,10018868,Compression Type B cleaning-EP26,COMPRESSION TYPE B CLEANING-EP26
20,A,10002088,E,20241003,10018868,Coating Type A cleaning-EP26,COATING TYPE A CLEANING-EP26
20,A,10002089,E,20241003,10018868,Coating Type B cleaning-EP26,COATING TYPE B CLEANING-EP26
20,A,10002090,E,20241128,10023703,Engineering,ENGINEERING
20,A,10002091,E,20241128,10023703,Quality Assurance,QUALITY ASSURANCE
20,A,10002092,E,20241212,10018868,Manufacturing,MANUFACTURING
20,A,10002093,E,20241212,10018868,Packing,PACKING
20,A,10002094,E,20241220,10023703,BLENDING,BLENDING
20,A,10002096,E,20250204,10023703,Manufacturing,MANUFACTURING
20,A,10002097,E,20250204,10023703,PACKING,PACKING
20,A,10002099,E,20250214,10023703,Information Technology,INFORMATION TECHNOLOGY
20,A,10002100,E,20250416,10027269,Manufacturing,MANUFACTURING
20,A,10002102,E,20250416,10027269,Packing,PACKING
20,A,10002103,E,20250421,10027269,Amp/Vial Loading Washing And Depyrogenat,AMP/VIAL LOADING WASHING AND DEPYROGENAT
20,A,10002104,E,20250421,10027269,Component Preparation,COMPONENT PREPARATION
20,A,10002105,E,20250421,10027269,Lyophilization,LYOPHILIZATION
20,A,10002106,E,20250421,10027269,Vial Capping And Leak Test,VIAL CAPPING AND LEAK TEST
20,A,10002107,E,20250421,10027269,Terminal Sterilizer,TERMINAL STERILIZER
20,A,10002108,E,20250425,10024745,Quality Assurance,QUALITY ASSURANCE
20,A,10002109,E,20250722,10027269,Secondary Carton packing,SECONDARY CARTON PACKING
20,A,10002112,E,20251017,10027269,Engineering,ENGINEERING
20,A,10002113,E,20251017,10027269,Information technology,INFORMATION TECHNOLOGY
20,A,10002114,E,20251017,10027269,Production,PRODUCTION
20,A,10002115,E,20251017,10027269,Quality Control,QUALITY CONTROL
20,A,10002116,E,20251017,10027269,QC-Microbiology,QC-MICROBIOLOGY
20,A,10002117,E,20251017,10027269,ENV Health Safety,ENV HEALTH SAFETY
20,A,10002118,E,20251017,10027269,Packaging,PACKAGING
20,A,10002119,E,20251017,10027269,Warehouse,WAREHOUSE
20,A,10002120,E,20251017,10027269,Human resource and Admin,HUMAN RESOURCE AND ADMIN
20,A,10002121,E,20251017,10027269,MANUFACTURING,MANUFACTURING
20,A,10002123,E,20251113,10027269,Quality A,QUALITY A
20,A,10002124,E,20251216,10027269,Quality Assurance,QUALITY ASSURANCE
20,A,10002125,E,20260212,95200021,Manufacturing,MANUFACTURING
20,A,10002126,E,20260212,95200021,Packing,PACKING
20,A,10002127,E,20260318,95200021,Bulk Manufacturing,BULK MANUFACTURING
20,A,10002128,E,20260318,95200021,Spray Drying,SPRAY DRYING
20,A,10002131,E,20260403,95200021,Plant 1 Granulation-I,PLANT 1 GRANULATION-I
20,A,10002133,E,20260403,95200021,Plant 1 Granulation 2,PLANT 1 GRANULATION 2
20,A,10002134,E,20260403,95200021,Plant 1 Granulation 3,PLANT 1 GRANULATION 3
20,A,10002135,E,20260403,95200021,Plant 1 Granulation 5,PLANT 1 GRANULATION 5
20,A,10002136,E,20260403,95200021,Plant 1 Granulation 6,PLANT 1 GRANULATION 6
20,A,10002137,E,20260403,95200021,Plant 1 Granulation 7,PLANT 1 GRANULATION 7
20,A,10002138,E,20260403,95200021,Plant 1 Granulation 8,PLANT 1 GRANULATION 8
20,A,10002139,E,20260403,95200021,Plant 1 Granulation 9,PLANT 1 GRANULATION 9
20,A,10002140,E,20260403,95200021,Plant 1 Granulation 10,PLANT 1 GRANULATION 10
20,A,10002143,E,20260403,95200021,Plant 1 Blending 1,PLANT 1 BLENDING 1
20,A,10002144,E,20260406,95200021,Plant 1 Blending 2,PLANT 1 BLENDING 2
20,A,10002145,E,20260406,95200021,Plant 1 Blending 3,PLANT 1 BLENDING 3
20,A,10002146,E,20260406,95200021,Plant 1 Blending 5,PLANT 1 BLENDING 5
20,A,10002147,E,20260406,95200021,Plant 1 Blending 12,PLANT 1 BLENDING 12
20,A,10002148,E,20260406,95200021,Plant 1 Compression 7,PLANT 1 COMPRESSION 7
20,A,10002150,E,20260406,95200021,Plant 1 Compression 10,PLANT 1 COMPRESSION 10
20,A,10002151,E,20260406,95200021,Plant 1 Compression 9,PLANT 1 COMPRESSION 9
20,A,10002152,E,20260406,95200021,Plant 1 Capsule Filling 1,PLANT 1 CAPSULE FILLING 1
20,A,10002153,E,20260406,95200021,Plant 1 Capsule Filling 2,PLANT 1 CAPSULE FILLING 2
20,A,10002154,E,20260406,95200021,Plant 1 Capsule Filling 3 - ZRO,PLANT 1 CAPSULE FILLING 3 - ZRO
20,A,10002155,E,20260406,95200021,Plant 1 Coating 1,PLANT 1 COATING 1
20,A,10002156,E,20260406,95200021,Plant 1 Coating 3,PLANT 1 COATING 3
20,A,10002157,E,20260406,95200021,Plant 1 Coating 4,PLANT 1 COATING 4
20,A,10002158,E,20260406,95200021,Plant 1 Coating 8,PLANT 1 COATING 8
20,A,10002159,E,20260406,95200021,Plant 1 Coating 9,PLANT 1 COATING 9
20,A,10002160,E,20260406,95200021,Plant 1 Inspection 1,PLANT 1 INSPECTION 1
20,A,10002161,E,20260406,95200021,Plant 1 Inspection 5,PLANT 1 INSPECTION 5
20,A,10002162,E,20260406,95200021,Plant 1 Inspection 6,PLANT 1 INSPECTION 6
20,A,10002163,E,20260406,95200021,Plant 1 Tablet/Capsule Inspection,PLANT 1 TABLET/CAPSULE INSPECTION
20,A,10002164,E,20260406,95200021,Plant 1 Checkweigher 2,PLANT 1 CHECKWEIGHER 2
20,A,10002165,E,20260406,95200021,Plant-1  Blister line no.4,PLANT-1  BLISTER LINE NO.4
20,A,10000883,E,20170220,MGAIKWAD,API-3_UPSTREAM PROCESS,API-3_UPSTREAM PROCESS
20,A,10000884,E,20170220,MGAIKWAD,API-3_DOWNSTREAM PROCESS,API-3_DOWNSTREAM PROCESS
20,A,10000885,E,20170220,MGAIKWAD,API-4_UPSTREAM PROCESS,API-4_UPSTREAM PROCESS
20,A,10000886,E,20170220,MGAIKWAD,API-4_DOWNSTREAM PROCESS,API-4_DOWNSTREAM PROCESS
20,A,10000887,E,20170221,MGAIKWAD,QA_Stores_Admin,QA_STORES_ADMIN
20,A,10000888,E,20170228,MGAIKWAD,MICRONISATION,MICRONISATION
20,A,10000890,E,20170727,MGAIKWAD,REACTOR-101 - 1000 LIT,REACTOR-101 - 1000 LIT
20,A,10000891,E,20170727,MGAIKWAD,LYO-DRYER,LYO-DRYER
20,A,10000892,E,20171012,MGAIKWAD,Manufacturing,MANUFACTURING
20,A,10000893,E,20171012,MGAIKWAD,Packing,PACKING
20,A,10000895,E,20171023,VWATVE,Manufacturing-Area-II G 14M,MANUFACTURING-AREA-II G 14M
20,A,10000896,E,20171116,VWATVE,Consumable stores,CONSUMABLE STORES
20,A,10000897,E,20171116,VWATVE,Document Office,DOCUMENT OFFICE
20,A,10000898,E,20171116,VWATVE,Corridor,CORRIDOR
20,A,10000899,E,20171116,VWATVE,Dummy Location,DUMMY LOCATION
20,A,10000900,E,20171116,VWATVE,Restricted access barrier,RESTRICTED ACCESS BARRIER
20,A,10000901,E,20171116,VWATVE,O Restricted access barrier,O RESTRICTED ACCESS BARRIER
20,A,10000902,E,20171207,VWATVE,Manufacturing Tank 75 L SS 316 L,MANUFACTURING TANK 75 L SS 316 L
20,A,10000903,E,20171207,VWATVE,Sterile Holding Tank 75 L SS 316 L,STERILE HOLDING TANK 75 L SS 316 L
20,A,10000904,E,20171219,RSOMKUWAR,STRIP PACKING - CAPSULE -SIKKIM,STRIP PACKING - CAPSULE -SIKKIM
20,A,10000905,E,20171219,RSOMKUWAR,ALU ALU PACKING - CAPSULE - SIKKIM,ALU ALU PACKING - CAPSULE - SIKKIM
20,A,10000906,E,20171219,RSOMKUWAR,BLISTER PACKING - CAPSULE - SIKKIM,BLISTER PACKING - CAPSULE - SIKKIM
20,A,10000907,E,20171219,RSOMKUWAR,SECONDARY PACKING - CAPSULE - SIKKIM,SECONDARY PACKING - CAPSULE - SIKKIM
20,A,10000911,E,20180123,MGAIKWAD,BRANDING -TABLET-SIKKIM,BRANDING -TABLET-SIKKIM
20,A,10000917,E,20180306,VKADAM,Granulation,GRANULATION
20,A,10000918,E,20180306,VKADAM,Coating,COATING
20,A,10000919,E,20180306,VKADAM,Compression,COMPRESSION
20,A,10000920,E,20180306,VKADAM,Packing,PACKING
20,A,10000921,E,20180306,VKADAM,Warehouse,WAREHOUSE
20,A,10000922,E,20180306,VKADAM,HVAC,HVAC
20,A,10000923,E,20180306,VKADAM,Quality,QUALITY
20,A,10000924,E,20180306,VKADAM,Utility,UTILITY
20,A,10000925,E,20180306,VKADAM,Water,WATER
20,A,10000926,E,20180306,VKADAM,Capsule,CAPSULE
20,A,10000929,E,20180309,MGAIKWAD,STERILISATION-AUXILIARY-VIAL-PLANT-IV,STERILISATION-AUXILIARY-VIAL-PLANT-IV
20,A,10000930,E,20180309,MGAIKWAD,WASHING AND STERILISATION -VIAL-PLANT-IV,WASHING AND STERILISATION -VIAL-PLANT-IV
20,A,10000931,E,20180309,MGAIKWAD,SOLUTION PREPERATION - VIAL - PLANT-IV,SOLUTION PREPERATION - VIAL - PLANT-IV
20,A,10000932,E,20180309,MGAIKWAD,FILTERATION-VIAL - PLANT-IV,FILTERATION-VIAL - PLANT-IV
20,A,10000933,E,20180309,MGAIKWAD,FILLING AND SEALING  - VIAL - PLANT-IV,FILLING AND SEALING  - VIAL - PLANT-IV
20,A,10000934,E,20180309,MGAIKWAD,TERMINAL STERILISATION -VIAL - PLANT-IV,TERMINAL STERILISATION -VIAL - PLANT-IV
20,A,10000935,E,20180309,MGAIKWAD,INSPECTION AND LABELLING-VIAL-PLANT-IV,INSPECTION AND LABELLING-VIAL-PLANT-IV
20,A,10000936,E,20180309,MGAIKWAD,PRIMARY PACKING-VIAL - PLANT-IV,PRIMARY PACKING-VIAL - PLANT-IV
20,A,10000937,E,20180309,MGAIKWAD,SECONDARY PACKING - VIAL - PLANT-IV,SECONDARY PACKING - VIAL - PLANT-IV
20,A,10000939,E,20180309,MGAIKWAD,QA_Stores_Admin,QA_STORES_ADMIN
20,A,10000940,E,20180317,MGAIKWAD,Empty Vial Inspection & Loading-2,EMPTY VIAL INSPECTION & LOADING-2
20,A,10000941,E,20180317,MGAIKWAD,Vial Loading Unit,VIAL LOADING UNIT
20,A,10000942,E,20180317,MGAIKWAD,Vial Washing and Depyrogention-2,VIAL WASHING AND DEPYROGENTION-2
20,A,10000943,E,20180317,MGAIKWAD,Vial washing machine,VIAL WASHING MACHINE
20,A,10000944,E,20180317,MGAIKWAD,Vial Depyrogenation tunnel,VIAL DEPYROGENATION TUNNEL
20,A,10000945,E,20180317,MGAIKWAD,Vial Filling and Stoppering,VIAL FILLING AND STOPPERING
20,A,10000946,E,20180317,MGAIKWAD,Vial Filling and stoppering machine,VIAL FILLING AND STOPPERING MACHINE
20,A,10000947,E,20180317,MGAIKWAD,Sealing Room,SEALING ROOM
20,A,10000948,E,20180317,MGAIKWAD,Vial Sealing machine,VIAL SEALING MACHINE
20,A,10000949,E,20180317,MGAIKWAD,Terminal Sterilizer Loading,TERMINAL STERILIZER LOADING
20,A,10000950,E,20180317,MGAIKWAD,Terminal Sterilizer,TERMINAL STERILIZER
20,A,10000951,E,20180317,MGAIKWAD,Bulk Manufacturing,BULK MANUFACTURING
20,A,10000952,E,20181129,MGAIKWAD,Manufacturing Vessel_30L,MANUFACTURING VESSEL_30L
20,A,10000953,E,20181129,MGAIKWAD,Manufacturing Vessel_50L,MANUFACTURING VESSEL_50L
20,A,10000954,E,20181129,MGAIKWAD,Manufacturing Vessel_100L,MANUFACTURING VESSEL_100L
20,A,10000955,E,20181129,MGAIKWAD,Manufacturing Vessel_500L,MANUFACTURING VESSEL_500L
20,A,10000956,E,20180317,MGAIKWAD,Bulk Filtration,BULK FILTRATION
20,A,10000957,E,20181129,MGAIKWAD,Filtration Vessel_50L,FILTRATION VESSEL_50L
20,A,10000959,E,20181129,MGAIKWAD,Filtration Vessel_100L,FILTRATION VESSEL_100L
20,A,10000960,E,20181129,MGAIKWAD,Filtration Vessel_500L,FILTRATION VESSEL_500L
20,A,10000961,E,20180317,MGAIKWAD,Component Preparation,COMPONENT PREPARATION
20,A,10000962,E,20180317,MGAIKWAD,Steam sterilizer- I,STEAM STERILIZER- I
20,A,10000963,E,20180317,MGAIKWAD,Steam sterilizer- II,STEAM STERILIZER- II
20,A,10000964,E,20180317,MGAIKWAD,Cooling Zone,COOLING ZONE
20,A,10000965,E,20180320,MGAIKWAD,Visual inspection,VISUAL INSPECTION
20,A,10000966,E,20180320,MGAIKWAD,Empty Vial Inspection & Loading-2,EMPTY VIAL INSPECTION & LOADING-2
20,A,10000967,E,20180320,MGAIKWAD,Vial Washing and Depyrogention-2,VIAL WASHING AND DEPYROGENTION-2
20,A,10000968,E,20180320,MGAIKWAD,Vial Filling and Stoppering,VIAL FILLING AND STOPPERING
20,A,10000969,E,20180320,MGAIKWAD,Sealing Room,SEALING ROOM
20,A,10000970,E,20180320,MGAIKWAD,Terminal Sterilizer Loading,TERMINAL STERILIZER LOADING
20,A,10000971,E,20180320,MGAIKWAD,Bulk Manufacturing,BULK MANUFACTURING
20,A,10000972,E,20180320,MGAIKWAD,Bulk Filtration,BULK FILTRATION
20,A,10000973,E,20180320,MGAIKWAD,Component Preparation,COMPONENT PREPARATION
20,A,10000974,E,20180320,MGAIKWAD,Cooling Zone,COOLING ZONE
20,A,10000975,E,20180320,MGAIKWAD,Visual inspection,VISUAL INSPECTION
20,A,10000976,E,20180320,MGAIKWAD,Steam sterilizer- I,STEAM STERILIZER- I
20,A,10000977,E,20180320,MGAIKWAD,Steam sterilizer- II,STEAM STERILIZER- II
20,A,10000978,E,20181123,MGAIKWAD,Manufacturing Vessel_30L,MANUFACTURING VESSEL_30L
20,A,10000979,E,20181123,MGAIKWAD,Manufacturing Vessel_50L,MANUFACTURING VESSEL_50L
20,A,10000980,E,20181123,MGAIKWAD,Manufacturing Vessel_100L,MANUFACTURING VESSEL_100L
20,A,10000981,E,20181123,MGAIKWAD,Manufacturing Vessel_500L,MANUFACTURING VESSEL_500L
20,A,10000982,E,20181123,MGAIKWAD,Filtration Vessel_50L,FILTRATION VESSEL_50L
20,A,10000983,E,20181123,MGAIKWAD,Filtration Vessel_100L,FILTRATION VESSEL_100L
20,A,10000984,E,20181123,MGAIKWAD,Filtration Vessel_500L,FILTRATION VESSEL_500L
20,A,10000985,E,20180320,MGAIKWAD,Terminal Sterilizer,TERMINAL STERILIZER
20,A,10000986,E,20180320,MGAIKWAD,Vial Filling and stoppering machine,VIAL FILLING AND STOPPERING MACHINE
20,A,10000987,E,20180320,MGAIKWAD,Vial Sealing machine,VIAL SEALING MACHINE
20,A,10000988,E,20180320,MGAIKWAD,Vial washing machine,VIAL WASHING MACHINE
20,A,10000989,E,20180320,MGAIKWAD,Vial Depyrogenation tunnel,VIAL DEPYROGENATION TUNNEL
20,A,10000990,E,20180320,MGAIKWAD,Vial Loading Unit,VIAL LOADING UNIT
20,A,10000991,E,20180320,MGAIKWAD,QA_Stores_Admin,QA_STORES_ADMIN
20,A,10000992,E,20180320,MGAIKWAD,QA_Stores_Admin,QA_STORES_ADMIN
20,A,10000994,E,20180320,MGAIKWAD,Packing hall,PACKING HALL
20,A,10000995,E,20180320,MGAIKWAD,Packing hall,PACKING HALL
20,A,10000996,E,20180321,VKADAM,QA,QA
20,A,10000997,E,20180321,VKADAM,QA,QA
20,A,10000998,E,20180321,VKADAM,QP,QP
20,A,10000999,E,20180321,VKADAM,QP,QP
20,A,10001001,E,20180321,MGAIKWAD,PACKING,PACKING
20,A,10001002,E,20180401,VWATVE,PACKING,PACKING
20,A,10001003,E,20180417,MGAIKWAD,Autoclave Area,AUTOCLAVE AREA
20,A,10001004,E,20180417,MGAIKWAD,Steam Sterilizer-1,STEAM STERILIZER-1
20,A,10001005,E,20180417,MGAIKWAD,Steam Sterilizer-2,STEAM STERILIZER-2
20,A,10001006,E,20180417,MGAIKWAD,Deboxing Area,DEBOXING AREA
20,A,10001007,E,20180417,MGAIKWAD,Autoclave Unloading and Storage room,AUTOCLAVE UNLOADING AND STORAGE ROOM
20,A,10001008,E,20180417,MGAIKWAD,Open restricted access barrier 1,OPEN RESTRICTED ACCESS BARRIER 1
20,A,10001009,E,20180417,MGAIKWAD,Open restricted access barrier 2,OPEN RESTRICTED ACCESS BARRIER 2
20,A,10001010,E,20180417,MGAIKWAD,Vial Washing Area,VIAL WASHING AREA
20,A,10001011,E,20180417,MGAIKWAD,Vial washing machine-2,VIAL WASHING MACHINE-2
20,A,10001761,E,20191206,MGAIKWAD,Coating Level- I cleaning,COATING LEVEL- I CLEANING
20,A,10001762,E,20191206,MGAIKWAD,Coating Level- II cleaning,COATING LEVEL- II CLEANING
20,A,10001763,E,20191206,MGAIKWAD,Capsule Level- I cleaning,CAPSULE LEVEL- I CLEANING
20,A,10001764,E,20191206,MGAIKWAD,Capsule Level- II cleaning,CAPSULE LEVEL- II CLEANING
20,A,10001765,E,20191206,MGAIKWAD,Packing Level- I cleaning,PACKING LEVEL- I CLEANING
20,A,10001766,E,20191206,MGAIKWAD,Packing Level- II cleaning,PACKING LEVEL- II CLEANING
20,A,10001768,E,20191206,MGAIKWAD,HiPo Granulation Level- I cleaning,HIPO GRANULATION LEVEL- I CLEANING
20,A,10001769,E,20191206,MGAIKWAD,HiPo Granulation Level- II cleaning,HIPO GRANULATION LEVEL- II CLEANING
20,A,10001770,E,20191206,MGAIKWAD,HiPo Compression Level- I cleaning,HIPO COMPRESSION LEVEL- I CLEANING
20,A,10001771,E,20191206,MGAIKWAD,HiPoCompression Level- II cleaning,HIPOCOMPRESSION LEVEL- II CLEANING
20,A,10001772,E,20191206,MGAIKWAD,HiPo Coating Level- I cleaning,HIPO COATING LEVEL- I CLEANING
20,A,10001773,E,20191206,MGAIKWAD,HiPo Coating Level- II cleaning,HIPO COATING LEVEL- II CLEANING
20,A,10001774,E,20191206,MGAIKWAD,HiPo Capsule Level- I cleaning,HIPO CAPSULE LEVEL- I CLEANING
20,A,10001775,E,20191206,MGAIKWAD,HiPo Capsule Level- II cleaning,HIPO CAPSULE LEVEL- II CLEANING
20,A,10001776,E,20191206,MGAIKWAD,HiPo Capsule Level- III cleaning,HIPO CAPSULE LEVEL- III CLEANING
20,A,10001777,E,20191206,MGAIKWAD,HiPo Packing Level- I cleaning,HIPO PACKING LEVEL- I CLEANING
20,A,10001778,E,20191206,MGAIKWAD,HiPo Packing Level- II cleaning,HIPO PACKING LEVEL- II CLEANING
20,A,10001779,E,20191211,MGAIKWAD,Inspection-HiPo,INSPECTION-HIPO
20,A,10001780,E,20191211,MGAIKWAD,Imprinting - HiPo,IMPRINTING - HIPO
20,A,10001781,E,20191211,MGAIKWAD,HiPo-Inspection-level I cleaning,HIPO-INSPECTION-LEVEL I CLEANING
20,A,10001782,E,20191211,MGAIKWAD,HiPo-Inspection-level II cleaning,HIPO-INSPECTION-LEVEL II CLEANING
20,A,10001783,E,20191211,MGAIKWAD,HiPo-Imprinting-level I cleaning,HIPO-IMPRINTING-LEVEL I CLEANING
20,A,10001784,E,20191211,MGAIKWAD,HiPo-Imprinting-level II cleaning,HIPO-IMPRINTING-LEVEL II CLEANING
20,A,10001785,E,20191211,MGAIKWAD,HiPo-checkweight-level I cleaning,HIPO-CHECKWEIGHT-LEVEL I CLEANING
20,A,10001786,E,20191211,MGAIKWAD,HiPo-checkweight-level II cleaning,HIPO-CHECKWEIGHT-LEVEL II CLEANING
20,A,10001787,E,20191211,MGAIKWAD,Checkweighing - HiPo,CHECKWEIGHING - HIPO
20,A,10001788,E,20191216,MGAIKWAD,Capsule Level- III cleaning,CAPSULE LEVEL- III CLEANING
20,A,10001789,E,20200204,MGAIKWAD,Bulk manufacturing and filtration,BULK MANUFACTURING AND FILTRATION
20,A,10001791,E,20200204,MGAIKWAD,Component preparation line -1,COMPONENT PREPARATION LINE -1
20,A,10001792,E,20200204,MGAIKWAD,Vial washing and depyrogenation-1,VIAL WASHING AND DEPYROGENATION-1
20,A,10001793,E,20200204,MGAIKWAD,vial filling and  sealing room,VIAL FILLING AND  SEALING ROOM
20,A,10001794,E,20200211,MGAIKWAD,QUALITY HRS,QUALITY HRS
20,A,10001795,E,20200408,MGAIKWAD,Manufacturing,MANUFACTURING
20,A,10001796,E,20200408,MGAIKWAD,PACKING,PACKING
20,A,10001798,E,20200415,MGAIKWAD,Bulk manufacturing-3,BULK MANUFACTURING-3
20,A,10001799,E,20200415,MGAIKWAD,Bulk Filtration-3,BULK FILTRATION-3
20,A,10001800,E,20200415,MGAIKWAD,Component preparation-3,COMPONENT PREPARATION-3
20,A,10001801,E,20200415,MGAIKWAD,Vial washing and depyrogenation-3,VIAL WASHING AND DEPYROGENATION-3
20,A,10001802,E,20200415,MGAIKWAD,vial filling and stoppering-3,VIAL FILLING AND STOPPERING-3
20,A,10001803,E,20200415,MGAIKWAD,Sealing room-3,SEALING ROOM-3
20,A,10001804,E,20200415,MGAIKWAD,Terminal sterilizer loading-3,TERMINAL STERILIZER LOADING-3
20,A,10001805,E,20200415,MGAIKWAD,Visual Inspection-3,VISUAL INSPECTION-3
20,A,10001806,E,20200417,MGAIKWAD,Manufacturing,MANUFACTURING
20,A,10001807,E,20200516,MGAIKWAD,Manufacturing,MANUFACTURING
20,A,10001808,E,20200516,MGAIKWAD,PACKING,PACKING
20,A,10001810,E,20200519,MGAIKWAD,Manufacturing,MANUFACTURING
20,A,10001811,E,20200519,MGAIKWAD,PACKING,PACKING
20,A,10001812,E,20200606,MGAIKWAD,Lyophilization tech. area,LYOPHILIZATION TECH. AREA
20,A,10001813,E,20200606,MGAIKWAD,Lyophilization tech. area,LYOPHILIZATION TECH. AREA
20,A,10001814,E,20200606,MGAIKWAD,Component preparation,COMPONENT PREPARATION
20,A,10001815,E,20200606,MGAIKWAD,Component preparation,COMPONENT PREPARATION
20,A,10001817,E,20200622,RSOMKUWAR,Manufacturing,MANUFACTURING
20,A,10001818,E,20200622,RSOMKUWAR,PACKING,PACKING
20,A,10001819,E,20200624,RSOMKUWAR,Manufacturing,MANUFACTURING
20,A,10001820,E,20200624,RSOMKUWAR,PACKING,PACKING
20,A,10001821,E,20200817,SVAIDYA,Engineering,ENGINEERING
20,A,10001461,E,20200817,SVAIDYA,SRP1,SRP1
20,A,10001462,E,20200817,SVAIDYA,SRP2,SRP2
20,A,10001824,E,20200817,SVAIDYA,Electrical,ELECTRICAL
20,A,10001825,E,20201020,RSOMKUWAR,Vial washing and depyrogenation-3,VIAL WASHING AND DEPYROGENATION-3
20,A,10001826,E,20201020,RSOMKUWAR,vial filling and stoppering-3,VIAL FILLING AND STOPPERING-3
20,A,10001827,E,20201020,RSOMKUWAR,Sealing room-3,SEALING ROOM-3
20,A,10001828,E,20201020,RSOMKUWAR,Terminal sterilizer loading-3,TERMINAL STERILIZER LOADING-3
20,A,10001829,E,20201020,RSOMKUWAR,Bulk manufacturing-3,BULK MANUFACTURING-3
20,A,10001830,E,20201020,RSOMKUWAR,Bulk Filtration-3,BULK FILTRATION-3
20,A,10001831,E,20201020,RSOMKUWAR,Component preparation-3,COMPONENT PREPARATION-3
20,A,10001832,E,20201020,RSOMKUWAR,Visual Inspection-3,VISUAL INSPECTION-3
20,A,10001834,E,20201230,RSOMKUWAR,DRY MIXING-EP26,DRY MIXING-EP26
20,A,10001835,E,20201230,RSOMKUWAR,BLENDING-EP26,BLENDING-EP26
20,A,10001836,E,20201230,RSOMKUWAR,COMPRESSION-EP26,COMPRESSION-EP26
20,A,10001837,E,20201230,RSOMKUWAR,Blister packing-EP26,BLISTER PACKING-EP26
20,A,10001838,E,20201230,RSOMKUWAR,Secondary packing-EP26,SECONDARY PACKING-EP26
20,A,10001839,E,20201230,MGAIKWAD,QA_Stores_Admin,QA_STORES_ADMIN
20,A,10001840,E,20210309,RSOMKUWAR,Bulk manufacturing and filtration,BULK MANUFACTURING AND FILTRATION
20,A,10001841,E,20210309,RSOMKUWAR,vial washing and depyrogenation,VIAL WASHING AND DEPYROGENATION
20,A,10001842,E,20210309,RSOMKUWAR,vial filling and stoppering,VIAL FILLING AND STOPPERING
20,A,10001843,E,20210319,MGAIKWAD,REACTION FLASK-0-50 LIT,REACTION FLASK-0-50 LIT
20,A,10001844,E,20210517,RSOMKUWAR,Manufacturing,MANUFACTURING
20,A,10001845,E,20210521,MGAIKWAD,Bulk manufacturing,BULK MANUFACTURING
20,A,10001846,E,20210521,MGAIKWAD,Spray Drying,SPRAY DRYING
20,A,10001847,E,20210531,RSOMKUWAR,Manufacturing,MANUFACTURING
20,A,10001848,E,20210531,RSOMKUWAR,Packing,PACKING
20,A,10001880,E,20211026,MGAIKWAD,Primary Type B cleaning-EP26,PRIMARY TYPE B CLEANING-EP26
20,A,10001851,E,20210617,RSOMKUWAR,Manual  Inspection,MANUAL  INSPECTION
20,A,10001852,E,20210617,RSOMKUWAR,Visual Inspection,VISUAL INSPECTION
20,A,10001853,E,20210617,RSOMKUWAR,Visual Inspection,VISUAL INSPECTION
20,A,10001854,E,20210617,RSOMKUWAR,Manual  Inspection,MANUAL  INSPECTION
20,A,10001856,E,20210618,RSOMKUWAR,Packing,PACKING
20,A,10001857,E,20210622,RSOMKUWAR,Manufacturing,MANUFACTURING
20,A,10001877,E,20210831,MGAIKWAD,Component Preparation,COMPONENT PREPARATION
20,A,10001862,E,20210809,MGAIKWAD,BLISTER PACKING-EP27,BLISTER PACKING-EP27
20,A,10001860,E,20210706,RSOMKUWAR,QA_Stores_Admin,QA_STORES_ADMIN
20,A,10001861,E,20210809,MGAIKWAD,ALU ALU PACKING-EP27,ALU ALU PACKING-EP27
20,A,10001863,E,20210809,MGAIKWAD,BRANDING ON TABLETS-EP27,BRANDING ON TABLETS-EP27
20,A,10001864,E,20210809,MGAIKWAD,BOTTLE PACKING-EP27,BOTTLE PACKING-EP27
20,A,10001865,E,20210809,MGAIKWAD,CAPSULE FILLING-EP27,CAPSULE FILLING-EP27
20,A,10001866,E,20210809,MGAIKWAD,COATING-EP27,COATING-EP27
20,A,10001859,E,20210809,MGAIKWAD,COMPRESSION-EP27,COMPRESSION-EP27
20,A,10001867,E,20210809,MGAIKWAD,DRYING-EP27,DRYING-EP27
20,A,10001858,E,20210906,MGAIKWAD,GRANULATION-EP27,GRANULATION-EP27
20,A,10001869,E,20210809,MGAIKWAD,INSPECTION-EP27,INSPECTION-EP27
20,A,10001870,E,20210809,MGAIKWAD,LUBRICATION-EP27,LUBRICATION-EP27
20,A,10001871,E,20210809,MGAIKWAD,MANUFACTURING-EP27,MANUFACTURING-EP27
20,A,10001872,E,20210809,MGAIKWAD,MIXING-EP27,MIXING-EP27
20,A,10001873,E,20210809,MGAIKWAD,PRIMARY PACKING-EP27,PRIMARY PACKING-EP27
20,A,10001874,E,20210809,MGAIKWAD,SECONDARY PACKING-EP27,SECONDARY PACKING-EP27
20,A,10001875,E,20210809,MGAIKWAD,STRIP PACKING-EP27,STRIP PACKING-EP27
20,A,10001876,E,20210831,MGAIKWAD,Component Preparation,COMPONENT PREPARATION
20,A,10001878,E,20210924,MGAIKWAD,Bottle Packing-EP26,BOTTLE PACKING-EP26
20,A,10001879,E,20211026,MGAIKWAD,Primary Type A cleaning-EP26,PRIMARY TYPE A CLEANING-EP26
20,A,10001883,E,20211026,MGAIKWAD,Secondary Type A cleaning-EP26,SECONDARY TYPE A CLEANING-EP26
20,A,10001881,E,20211008,VWATVE,Manufacturing,MANUFACTURING
20,A,10001882,E,20211008,VWATVE,Packing,PACKING
20,A,10001012,E,20180417,MGAIKWAD,Tunnel sterilizer-2,TUNNEL STERILIZER-2
20,A,10001013,E,20180417,MGAIKWAD,Manufacturing Area-1,MANUFACTURING AREA-1
20,A,10001014,E,20180417,MGAIKWAD,Manufacturing Area-2,MANUFACTURING AREA-2
20,A,10001015,E,20180417,MGAIKWAD,Compounding and Dispensing isolator,COMPOUNDING AND DISPENSING ISOLATOR
20,A,10001016,E,20180417,MGAIKWAD,Filtration isolator,FILTRATION ISOLATOR
20,A,10001017,E,20180417,MGAIKWAD,12 L Manufacturing Vessel,12 L MANUFACTURING VESSEL
20,A,10001018,E,20180417,MGAIKWAD,30 L Manufacturing Vessel,30 L MANUFACTURING VESSEL
20,A,10001019,E,20180417,MGAIKWAD,75 L Manufacturing Vessel,75 L MANUFACTURING VESSEL
20,A,10001020,E,20180417,MGAIKWAD,100 L Manufacturing Vessel,100 L MANUFACTURING VESSEL
20,A,10001021,E,20180417,MGAIKWAD,12 L Filtration vessel,12 L FILTRATION VESSEL
20,A,10001022,E,20180417,MGAIKWAD,30 L Filtration vessel,30 L FILTRATION VESSEL
20,A,10001023,E,20180417,MGAIKWAD,75 L Filtration vessel,75 L FILTRATION VESSEL
20,A,10001024,E,20180417,MGAIKWAD,300 L Manufacturing Vessel,300 L MANUFACTURING VESSEL
20,A,10001025,E,20180417,MGAIKWAD,300 L Filtration vessel,300 L FILTRATION VESSEL
20,A,10001026,E,20180417,MGAIKWAD,100 L Filtration vessel,100 L FILTRATION VESSEL
20,A,10001027,E,20180417,MGAIKWAD,Lyophilizer Control Room,LYOPHILIZER CONTROL ROOM
20,A,10001028,E,20180417,MGAIKWAD,Lyophilizer-3,LYOPHILIZER-3
20,A,10001029,E,20180417,MGAIKWAD,Lyophilizer-4,LYOPHILIZER-4
20,A,10001030,E,20180417,MGAIKWAD,Visual Inspection,VISUAL INSPECTION
20,A,10001031,E,20180417,MGAIKWAD,Capping machine for Lyo vials,CAPPING MACHINE FOR LYO VIALS
20,A,10001032,E,20180417,MGAIKWAD,External decontamination machine -4,EXTERNAL DECONTAMINATION MACHINE -4
20,A,10001033,E,20180417,MGAIKWAD,"Isolator 1, 2A, 2B, 2C","ISOLATOR 1, 2A, 2B, 2C"
20,A,10001034,E,20180417,MGAIKWAD,"Isolator 3A, 3B, 4A, 4B, 5","ISOLATOR 3A, 3B, 4A, 4B, 5"
20,A,10001035,E,20180417,MGAIKWAD,Vial Filling & Sealing Area,VIAL FILLING & SEALING AREA
20,A,10001036,E,20180417,MGAIKWAD,"Vial filling, stoppering and capping mac","VIAL FILLING, STOPPERING AND CAPPING MAC"
20,A,10001037,E,20180417,MGAIKWAD,Ext. decontamination m/c-3 (Lqd Prdt),EXT. DECONTAMINATION M/C-3 (LQD PRDT)
20,A,10001038,E,20180418,VKADAM,HVAC,HVAC
20,A,10001039,E,20180423,VKADAM,Utility,UTILITY
20,A,10001040,E,20180423,VKADAM,Process line 2,PROCESS LINE 2
20,A,10001041,E,20180423,VKADAM,Process line 1,PROCESS LINE 1
20,A,10001042,E,20180423,VKADAM,Engineering 1,ENGINEERING 1
20,A,10001043,E,20180423,VKADAM,HVAC Line 1,HVAC LINE 1
20,A,10001044,E,20180423,VKADAM,HVAC Line 2,HVAC LINE 2
20,A,10001045,E,20180423,VKADAM,QC Department,QC DEPARTMENT
20,A,10001046,E,20180423,VKADAM,Warehouse Department,WAREHOUSE DEPARTMENT
20,A,10001047,E,20180516,VWATVE,Vial Filling & Sealing Area (Liquid),VIAL FILLING & SEALING AREA (LIQUID)
20,A,10001048,E,20180516,VWATVE,Vial Filling & Sealing Area (LYO),VIAL FILLING & SEALING AREA (LYO)
20,A,10001050,E,20180516,VWATVE,Terminal Sterilizer,TERMINAL STERILIZER
20,A,10001051,E,20180516,VWATVE,Terminal Sterilization Area,TERMINAL STERILIZATION AREA
20,A,10001052,E,20180530,MGAIKWAD,REACTION FLASK-0-50 LIT,REACTION FLASK-0-50 LIT
20,A,10001054,E,20180530,MGAIKWAD,REACTOR-0 TO 100 LIT,REACTOR-0 TO 100 LIT
20,A,10001055,E,20180530,MGAIKWAD,REACTOR-101 - 1000 LIT,REACTOR-101 - 1000 LIT
20,A,10001056,E,20180530,MGAIKWAD,REACTOR-1001 - 2000 LIT,REACTOR-1001 - 2000 LIT
20,A,10001058,E,20180530,MGAIKWAD,FILTER,FILTER
20,A,10001059,E,20180530,MGAIKWAD,CENTRIFUGE,CENTRIFUGE
20,A,10001060,E,20180530,MGAIKWAD,DRYER,DRYER
20,A,10001061,E,20180530,MGAIKWAD,MILLING,MILLING
20,A,10001062,E,20180530,MGAIKWAD,SIFTING,SIFTING
20,A,10001063,E,20180530,MGAIKWAD,MICRONISATION,MICRONISATION
20,A,10001064,E,20180530,MGAIKWAD,ROTAVAPOUR,ROTAVAPOUR
20,A,10001065,E,20180530,MGAIKWAD,FUME HOOD,FUME HOOD
20,A,10001066,E,20180530,MGAIKWAD,PRIMARY & SECONDARY PACKING,PRIMARY & SECONDARY PACKING
20,A,10001067,E,20180530,MGAIKWAD,REACTION FLASK-0-50 LIT,REACTION FLASK-0-50 LIT
20,A,10001068,E,20180530,MGAIKWAD,REACTOR-0 TO 100 LIT,REACTOR-0 TO 100 LIT
20,A,10001069,E,20180530,MGAIKWAD,REACTOR-101 - 1000 LIT,REACTOR-101 - 1000 LIT
20,A,10001070,E,20180530,MGAIKWAD,REACTOR-1001 - 2000 LIT,REACTOR-1001 - 2000 LIT
20,A,10001071,E,20180530,MGAIKWAD,FILTER,FILTER
20,A,10001072,E,20180530,MGAIKWAD,CENTRIFUGE,CENTRIFUGE
20,A,10001073,E,20180530,MGAIKWAD,DRYER,DRYER
20,A,10001074,E,20180530,MGAIKWAD,MILLING,MILLING
20,A,10001075,E,20180530,MGAIKWAD,SIFTING,SIFTING
20,A,10001076,E,20180530,MGAIKWAD,MICRONISATION,MICRONISATION
20,A,10001077,E,20180530,MGAIKWAD,BLENDING,BLENDING
20,A,10001078,E,20180530,MGAIKWAD,PRIMARY & SECONDARY PACKING,PRIMARY & SECONDARY PACKING
20,A,10001079,E,20180530,MGAIKWAD,REACTION FLASK-0-50 LIT,REACTION FLASK-0-50 LIT
20,A,10001080,E,20180530,MGAIKWAD,REACTOR-0 TO 100 LIT,REACTOR-0 TO 100 LIT
20,A,10001081,E,20180530,MGAIKWAD,REACTOR-101 - 1000 LIT,REACTOR-101 - 1000 LIT
20,A,10001082,E,20180530,MGAIKWAD,CENTRIFUGE,CENTRIFUGE
20,A,10001083,E,20180530,MGAIKWAD,DRYER,DRYER
20,A,10001084,E,20180530,MGAIKWAD,MILLING,MILLING
20,A,10001085,E,20180530,MGAIKWAD,SIFTING,SIFTING
20,A,10001086,E,20180530,MGAIKWAD,MICRONISATION,MICRONISATION
20,A,10001087,E,20180530,MGAIKWAD,ROTAVAPOUR,ROTAVAPOUR
20,A,10001088,E,20180530,MGAIKWAD,FUME HOOD,FUME HOOD
20,A,10001089,E,20180530,MGAIKWAD,PRIMARY & SECONDARY PACKING,PRIMARY & SECONDARY PACKING
20,A,10001091,E,20180531,MGAIKWAD,Hot Water_EP05,HOT WATER_EP05
20,A,10001092,E,20180531,MGAIKWAD,Vacuum_EP05,VACUUM_EP05
20,A,10001093,E,20180531,MGAIKWAD,Cooling Water_EP05,COOLING WATER_EP05
20,A,10001094,E,20180531,MGAIKWAD,Chilled Water_EP05,CHILLED WATER_EP05
20,A,10001095,E,20180531,MGAIKWAD,Chilled Brine_EP05,CHILLED BRINE_EP05
20,A,10001096,E,20180531,MGAIKWAD,Steam_EP05,STEAM_EP05
20,A,10001097,E,20180531,VWATVE,Consumable stores (Line II),CONSUMABLE STORES (LINE II)
20,A,10001098,E,20180531,MGAIKWAD,FILTER,FILTER
20,A,10001099,E,20180713,VWATVE,Process Tank SS 316L (30 L),PROCESS TANK SS 316L (30 L)
20,A,10001100,E,20180719,VWATVE,RM Dispensing booth,RM DISPENSING BOOTH
20,A,10001101,E,20180719,VWATVE,RM Sampling booth,RM SAMPLING BOOTH
20,A,10001102,E,20180719,VWATVE,SEAL_STOPPER SAMPLING _DISPENSING  booth,SEAL_STOPPER SAMPLING _DISPENSING  BOOTH
20,A,10001103,E,20180719,VWATVE,HPHV Steam Sterilizer,HPHV STEAM STERILIZER
20,A,10001104,E,20180719,VWATVE,HPHV Steam Sterilizer,HPHV STEAM STERILIZER
20,A,10001105,E,20180719,VWATVE,Vial washing machine,VIAL WASHING MACHINE
20,A,10001106,E,20180719,VWATVE,Vial Sterilization tunnel,VIAL STERILIZATION TUNNEL
20,A,10001107,E,20180719,VWATVE,Vial filling and Stoppering Machine,VIAL FILLING AND STOPPERING MACHINE
20,A,10001108,E,20180719,VWATVE,Vial sealing machine,VIAL SEALING MACHINE
20,A,10001109,E,20180719,VWATVE,Super-heated water spray sterilizer,SUPER-HEATED WATER SPRAY STERILIZER
20,A,10001110,E,20180719,VWATVE,Vial Drying Station,VIAL DRYING STATION
20,A,10001111,E,20180719,VWATVE,Vial Inspection Machine,VIAL INSPECTION MACHINE
20,A,10001112,E,20180719,VWATVE,Stopper_Seal Sampling_Dispensing Area,STOPPER_SEAL SAMPLING_DISPENSING AREA
20,A,10001113,E,20180719,VWATVE,Raw Material Dispensing Area,RAW MATERIAL DISPENSING AREA
20,A,10001114,E,20180719,VWATVE,Raw Material sampling Area,RAW MATERIAL SAMPLING AREA
20,A,10001115,E,20180719,VWATVE,Packing Material Store,PACKING MATERIAL STORE
20,A,10001116,E,20180719,VWATVE,Component Preparation Area,COMPONENT PREPARATION AREA
20,A,10001117,E,20180719,VWATVE,Washing & Steriliser Room,WASHING & STERILISER ROOM
20,A,10001118,E,20180719,VWATVE,Empty Vial Inspection,EMPTY VIAL INSPECTION
20,A,10001119,E,20180719,VWATVE,SOLUTION PREPERATION (G-137),SOLUTION PREPERATION (G-137)
20,A,10001120,E,20180719,VWATVE,Sterile Holding,STERILE HOLDING
20,A,10001121,E,20180719,VWATVE,Buffer Room,BUFFER ROOM
20,A,10001122,E,20180719,VWATVE,Vial Filling,VIAL FILLING
20,A,10001123,E,20180719,VWATVE,Vial Sealing,VIAL SEALING
20,A,10001124,E,20180719,VWATVE,Sealed Vial Staging,SEALED VIAL STAGING
20,A,10001125,E,20180719,VWATVE,Terminal Sterilizer Loading Room (G-139),TERMINAL STERILIZER LOADING ROOM (G-139)
20,A,10001126,E,20180719,VWATVE,Terminal Sterilizer un-loading Room,TERMINAL STERILIZER UN-LOADING ROOM
20,A,10001127,E,20180719,VWATVE,IPQA Room,IPQA ROOM
20,A,10001128,E,20180719,VWATVE,Optical Inspection -2  (Brevetti),OPTICAL INSPECTION -2  (BREVETTI)
20,A,10001637,E,20190426,VWATVE,Granulation-XVII,GRANULATION-XVII
20,A,10001638,E,20190426,VWATVE,Granulation-XV,GRANULATION-XV
20,A,10001639,E,20190426,VWATVE,Granulation-VI,GRANULATION-VI
20,A,10001640,E,20190426,VWATVE,Granulation-XI,GRANULATION-XI
20,A,10001641,E,20190426,VWATVE,Granulation-IV,GRANULATION-IV
20,A,10001642,E,20190426,VWATVE,Granulation  VIII,GRANULATION  VIII
20,A,10001643,E,20190426,VWATVE,Granulation-XIV,GRANULATION-XIV
20,A,10001644,E,20190426,VWATVE,Granulation-IX,GRANULATION-IX
20,A,10001645,E,20190426,VWATVE,Granulation-XVI,GRANULATION-XVI
20,A,10001646,E,20190426,VWATVE,Blender-III,BLENDER-III
20,A,10001647,E,20190426,VWATVE,Blender-V,BLENDER-V
20,A,10001648,E,20190426,VWATVE,Blender-II,BLENDER-II
20,A,10001649,E,20190426,VWATVE,Granulation-III,GRANULATION-III
20,A,10001650,E,20190426,VWATVE,Fogging machine,FOGGING MACHINE
20,A,10001651,E,20190426,VWATVE,Homogeniser,HOMOGENISER
20,A,10001652,E,20190426,VWATVE,Peristaltic Pump,PERISTALTIC PUMP
20,A,10001653,E,20190426,VWATVE,Peristaltic Pump,PERISTALTIC PUMP
20,A,10001654,E,20190426,VWATVE,Peristaltic Pump,PERISTALTIC PUMP
20,A,10001655,E,20190426,VWATVE,Stirrer,STIRRER
20,A,10001656,E,20190426,VWATVE,Stirrer,STIRRER
20,A,10001657,E,20190426,VWATVE,Stirrer,STIRRER
20,A,10001658,E,20190426,VWATVE,Stirrer,STIRRER
20,A,10001659,E,20190426,VWATVE,Stirrer,STIRRER
20,A,10001660,E,20190426,VWATVE,Vacuum transfer system,VACUUM TRANSFER SYSTEM
20,A,10001661,E,20190426,VWATVE,Jacketed vessel,JACKETED VESSEL
20,A,10001662,E,20190426,VWATVE,Jacketed vessel,JACKETED VESSEL
20,A,10001664,E,20190426,VWATVE,Jacketed vessel,JACKETED VESSEL
20,A,10001665,E,20190426,VWATVE,Tray dryer 96 trays,TRAY DRYER 96 TRAYS
20,A,10001666,E,20190426,VWATVE,Tray dryer,TRAY DRYER
20,A,10001667,E,20190426,VWATVE,Tray dryer,TRAY DRYER
20,A,10001668,E,20190430,VWATVE,Leak test apparatus,LEAK TEST APPARATUS
20,A,10001669,E,20190430,VWATVE,Compression machine,COMPRESSION MACHINE
20,A,10001670,E,20190430,VWATVE,Compression machine,COMPRESSION MACHINE
20,A,10001671,E,20190430,VWATVE,Compression machine,COMPRESSION MACHINE
20,A,10001672,E,20190430,VWATVE,Compression machine,COMPRESSION MACHINE
20,A,10001673,E,20190430,VWATVE,Metal Detector and Deduster,METAL DETECTOR AND DEDUSTER
20,A,10001674,E,20190430,VWATVE,Metal Detector and Deduster,METAL DETECTOR AND DEDUSTER
20,A,10001675,E,20190430,VWATVE,Metal Detector and Deduster,METAL DETECTOR AND DEDUSTER
20,A,10001676,E,20190430,VWATVE,Metal Detector and Deduster,METAL DETECTOR AND DEDUSTER
20,A,10001677,E,20190430,VWATVE,Metal Detector and Deduster,METAL DETECTOR AND DEDUSTER
20,A,10001678,E,20190430,VWATVE,Metal Detector and Deduster,METAL DETECTOR AND DEDUSTER
20,A,10001679,E,20190430,VWATVE,Metal Detector,METAL DETECTOR
20,A,10001680,E,20190430,VWATVE,Compression-V,COMPRESSION-V
20,A,10001681,E,20190430,VWATVE,Compression-II,COMPRESSION-II
20,A,10001682,E,20190430,VWATVE,Compression-IV,COMPRESSION-IV
20,A,10001683,E,20190430,VWATVE,Automatic Capsule Filling Machine,AUTOMATIC CAPSULE FILLING MACHINE
20,A,10001684,E,20190430,VWATVE,Sorter Elevator,SORTER ELEVATOR
20,A,10001685,E,20190430,VWATVE,Dedusting and Polishing Machine,DEDUSTING AND POLISHING MACHINE
20,A,10001686,E,20190430,VWATVE,Mini Filled Capsule Sorter,MINI FILLED CAPSULE SORTER
20,A,10001687,E,20190430,VWATVE,Filled Capsule Elevator,FILLED CAPSULE ELEVATOR
20,A,10001688,E,20190430,VWATVE,Air Displacement Unit,AIR DISPLACEMENT UNIT
20,A,10001689,E,20190430,VWATVE,Air Displacement Unit,AIR DISPLACEMENT UNIT
20,A,10001690,E,20190430,VWATVE,Compact  Air  Displacement Unit,COMPACT  AIR  DISPLACEMENT UNIT
20,A,10001691,E,20190430,VWATVE,Checkweigher,CHECKWEIGHER
20,A,10001692,E,20190430,VWATVE,Filled Capsule Elevator,FILLED CAPSULE ELEVATOR
20,A,10001694,E,20190430,VWATVE,Capsule Filling,CAPSULE FILLING
20,A,10001695,E,20190430,VWATVE,Auto coater 60”,AUTO COATER 60”
20,A,10001696,E,20190430,VWATVE,Auto coater 60”,AUTO COATER 60”
20,A,10001697,E,20190430,VWATVE,Colloid Mill,COLLOID MILL
20,A,10001698,E,20190430,VWATVE,Coating-IV,COATING-IV
20,A,10001699,E,20190430,VWATVE,Coating-II,COATING-II
20,A,10001700,E,20190430,VWATVE,Coating-III,COATING-III
20,A,10001701,E,20190430,VWATVE,IPC Cleaning Machine,IPC CLEANING MACHINE
20,A,10001702,E,20190430,VWATVE,Tabletcapsule inspection machine,TABLETCAPSULE INSPECTION MACHINE
20,A,10001703,E,20190430,VWATVE,Wash And Dry-IV,WASH AND DRY-IV
20,A,10001704,E,20190430,VWATVE,Unscrambler Machine,UNSCRAMBLER MACHINE
20,A,10001705,E,20190430,VWATVE,Desiccant Dispenser machine,DESICCANT DISPENSER MACHINE
20,A,10001706,E,20190430,VWATVE,Pouch Desiccant Inserter mc,POUCH DESICCANT INSERTER MC
20,A,10001707,E,20190430,VWATVE,Desiccant Inserter mc,DESICCANT INSERTER MC
20,A,10001708,E,20190430,VWATVE,Cotton inserter machine,COTTON INSERTER MACHINE
20,A,10001709,E,20190430,VWATVE,In-line capper machine,IN-LINE CAPPER MACHINE
20,A,10001710,E,20190430,VWATVE,Cap Retorquer machine,CAP RETORQUER MACHINE
20,A,10001711,E,20190430,VWATVE,Leaflet outserter machine,LEAFLET OUTSERTER MACHINE
20,A,10001712,E,20190430,VWATVE,Tablet  Capsule Counter & Filler,TABLET  CAPSULE COUNTER & FILLER
20,A,10001713,E,20190430,VWATVE,Blister Pack Machine,BLISTER PACK MACHINE
20,A,10001714,E,20190430,VWATVE,Blister Pack Machine,BLISTER PACK MACHINE
20,A,10001715,E,20190430,VWATVE,Cartonator,CARTONATOR
20,A,10001716,E,20190430,VWATVE,G-451 Packaging Hall,G-451 PACKAGING HALL
20,A,10001717,E,20190430,VWATVE,Bulk Packing Line-I,BULK PACKING LINE-I
20,A,10001718,E,20190430,VWATVE,Blister packing-VI,BLISTER PACKING-VI
20,A,10001719,E,20190430,VWATVE,Blister packing-VII,BLISTER PACKING-VII
20,A,10001722,E,20190507,VWATVE,Dispensed Material Corridor,DISPENSED MATERIAL CORRIDOR
20,A,10001723,E,20190507,VWATVE,Office,OFFICE
20,A,10001724,E,20190604,VWATVE,Sampling Booth,SAMPLING BOOTH
20,A,10001725,E,20190604,VWATVE,SamplingDispensing Booth,SAMPLINGDISPENSING BOOTH
20,A,10001726,E,20190604,VWATVE,Dispensing Booth,DISPENSING BOOTH
20,A,10001728,E,20190710,MGAIKWAD,Manufacturing,MANUFACTURING
20,A,10001731,E,20190710,MGAIKWAD,Packing,PACKING
20,A,10001733,E,20190802,MGAIKWAD,Level-I cleaning,LEVEL-I CLEANING
20,A,10001734,E,20190802,MGAIKWAD,Level-II cleaning,LEVEL-II CLEANING
20,A,10001736,E,20190829,RSOMKUWAR,Manufacturing,MANUFACTURING
20,A,10001737,E,20190829,RSOMKUWAR,Packing,PACKING
20,A,10001738,E,20190906,SVAIDYA,Calibration,CALIBRATION
20,A,10001739,E,20190906,SVAIDYA,Environment Health Safety,ENVIRONMENT HEALTH SAFETY
20,A,10001740,E,20190906,SVAIDYA,Process,PROCESS
20,A,10001742,E,20190906,SVAIDYA,Quality Assurance,QUALITY ASSURANCE
20,A,10001743,E,20190916,SVAIDYA,Engineering,ENGINEERING
20,A,10001744,E,20190927,SVAIDYA,Process line 3,PROCESS LINE 3
20,A,10001745,E,20190927,SVAIDYA,Process line 4,PROCESS LINE 4
20,A,10001746,E,20190927,SVAIDYA,Process line 5,PROCESS LINE 5
20,A,10001747,E,20190927,SVAIDYA,Qual,QUAL
20,A,10001748,E,20190927,SVAIDYA,Warehouse,WAREHOUSE
20,A,10001749,E,20191206,MGAIKWAD,Granulation-HiPo,GRANULATION-HIPO
20,A,10001750,E,20191206,MGAIKWAD,Dry Powder -HiPo,DRY POWDER -HIPO
20,A,10001751,E,20191206,MGAIKWAD,Compression-HiPo,COMPRESSION-HIPO
20,A,10001752,E,20191206,MGAIKWAD,Coating-HiPo,COATING-HIPO
20,A,10001753,E,20191206,MGAIKWAD,Packing-Primary-HiPo,PACKING-PRIMARY-HIPO
20,A,10001754,E,20191206,MGAIKWAD,Packing-Secondary-HiPo,PACKING-SECONDARY-HIPO
20,A,10001755,E,20191206,MGAIKWAD,Capsules-HiPo,CAPSULES-HIPO
20,A,10001757,E,20191206,MGAIKWAD,Granulation Level- I cleaning,GRANULATION LEVEL- I CLEANING
20,A,10001758,E,20191206,MGAIKWAD,Granulation Level- II cleaning,GRANULATION LEVEL- II CLEANING
20,A,10001759,E,20191206,MGAIKWAD,Compression Level- I cleaning,COMPRESSION LEVEL- I CLEANING
20,A,10001760,E,20191206,MGAIKWAD,Compression Level- II cleaning,COMPRESSION LEVEL- II CLEANING
