MANDT,CUOBJ,KLART,OBTAB,OBJEK,ROBTAB,ROBJEK,CLINT,STATU,CUCOZHL,PARENT,ROOT,EXPERTE,MATNR,DATUV,TECHS
20,9989,23,MCH1,000000000420000429                      ECL001,,,0,,0,0,0,,,0,
20,9990,23,MCH1,000000000420000429                      ECL002,,,0,,0,0,0,,,0,
20,9991,23,MCH1,000000000420000429                      ECL003,,,0,,0,0,0,,,0,
20,9992,23,MCH1,000000000420000429                      ECL011,,,0,,0,0,0,,,0,
20,9993,23,MCH1,000000000420000429                      ECL012,,,0,,0,0,0,,,0,
20,9994,23,MCH1,000000000420000429                      ECL0201,,,0,,0,0,0,,,0,
20,9995,23,MCH1,000000000420000429                      ECL0202,,,0,,0,0,0,,,0,
20,9996,23,MCH1,000000000420000429                      ECL0203,,,0,,0,0,0,,,0,
20,9997,23,MCH1,000000000420000429                      ECL0204,,,0,,0,0,0,,,0,
20,9998,23,MCH1,000000000420000429                      ECL0301,,,0,,0,0,0,,,0,
20,9999,23,MCH1,000000000420000431                      CCT0010,,,0,,0,0,0,,,0,
20,10000,23,MCH1,000000000420000431                      CCT0011,,,0,,0,0,0,,,0,
20,10001,23,MCH1,000000000420000431                      CCT0012,,,0,,0,0,0,,,0,
20,10002,23,MCH1,000000000420000431                      CCT0013,,,0,,0,0,0,,,0,
20,10003,23,MCH1,000000000420000431                      CCT0014,,,0,,0,0,0,,,0,
20,10004,23,MCH1,000000000420000431                      CCT0015,,,0,,0,0,0,,,0,
20,10005,23,MCH1,000000000420000431                      CCT0016,,,0,,0,0,0,,,0,
20,10006,23,MCH1,000000000420000431                      CCT0017,,,0,,0,0,0,,,0,
20,10007,23,MCH1,000000000420000431                      CCT0018,,,0,,0,0,0,,,0,
20,10008,23,MCH1,000000000420000431                      CCT0019,,,0,,0,0,0,,,0,
20,10009,23,MCH1,000000000420000431                      CCT0020,,,0,,0,0,0,,,0,
20,10010,23,MCH1,000000000420000431                      CCT0021,,,0,,0,0,0,,,0,
20,10011,23,MCH1,000000000420000431                      CCT0022,,,0,,0,0,0,,,0,
20,10012,23,MCH1,000000000420000431                      CCT0023,,,0,,0,0,0,,,0,
20,10013,23,MCH1,000000000420000431                      CCT0024,,,0,,0,0,0,,,0,
20,10014,23,MCH1,000000000420000431                      CCT0025,,,0,,0,0,0,,,0,
20,10015,23,MCH1,000000000420000431                      CCT005,,,0,,0,0,0,,,0,
20,10016,23,MCH1,000000000420000431                      CCT006,,,0,,0,0,0,,,0,
20,10017,23,MCH1,000000000420000431                      CCT007,,,0,,0,0,0,,,0,
20,10018,23,MCH1,000000000420000431                      CCT008,,,0,,0,0,0,,,0,
20,10019,23,MCH1,000000000420000431                      CCT009,,,0,,0,0,0,,,0,
20,10020,23,MCH1,000000000420000431                      CCT011,,,0,,0,0,0,,,0,
20,10021,23,MCH1,000000000420000431                      CCT0110,,,0,,0,0,0,,,0,
20,10022,23,MCH1,000000000420000431                      CCT0111,,,0,,0,0,0,,,0,
20,10023,23,MCH1,000000000420000431                      CCT0112,,,0,,0,0,0,,,0,
20,10024,23,MCH1,000000000420000431                      CCT012,,,0,,0,0,0,,,0,
20,10025,23,MCH1,000000000420000431                      CCT013,,,0,,0,0,0,,,0,
20,10026,23,MCH1,000000000420000431                      CCT014,,,0,,0,0,0,,,0,
20,10027,23,MCH1,000000000420000431                      CCT015,,,0,,0,0,0,,,0,
20,10028,23,MCH1,000000000420000431                      CCT016,,,0,,0,0,0,,,0,
20,10029,23,MCH1,000000000420000431                      CCT017,,,0,,0,0,0,,,0,
20,10030,23,MCH1,000000000420000431                      CCT018,,,0,,0,0,0,,,0,
20,10031,23,MCH1,000000000420000431                      CCT019,,,0,,0,0,0,,,0,
20,10032,23,MCH1,000000000420000431                      CCT021,,,0,,0,0,0,,,0,
20,10033,23,MCH1,000000000420000431                      CCT0210,,,0,,0,0,0,,,0,
20,10034,23,MCH1,000000000420000431                      CCT0211,,,0,,0,0,0,,,0,
20,10035,23,MCH1,000000000420000431                      CCT0212,,,0,,0,0,0,,,0,
20,10036,23,MCH1,000000000420000431                      CCT0213,,,0,,0,0,0,,,0,
20,10037,23,MCH1,000000000420000431                      CCT0214,,,0,,0,0,0,,,0,
20,10038,23,MCH1,000000000420000431                      CCT022,,,0,,0,0,0,,,0,
20,10039,23,MCH1,000000000420000431                      CCT023,,,0,,0,0,0,,,0,
20,10040,23,MCH1,000000000420000431                      CCT024,,,0,,0,0,0,,,0,
20,10041,23,MCH1,000000000420000431                      CCT025,,,0,,0,0,0,,,0,
20,10042,23,MCH1,000000000420000431                      CCT026,,,0,,0,0,0,,,0,
20,10043,23,MCH1,000000000420000431                      CCT027,,,0,,0,0,0,,,0,
20,10044,23,MCH1,000000000420000431                      CCT028,,,0,,0,0,0,,,0,
20,10045,23,MCH1,000000000420000431                      CCT029,,,0,,0,0,0,,,0,
20,10046,23,MCH1,000000000420000431                      CCT0301,,,0,,0,0,0,,,0,
20,10047,23,MCH1,000000000420000431                      CCT0302,,,0,,0,0,0,,,0,
20,10048,23,MCH1,000000000420000431                      CCT0303,,,0,,0,0,0,,,0,
20,10049,23,MCH1,000000000420000431                      ICT0301,,,0,,0,0,0,,,0,
20,10050,23,MCH1,000000000420000431                      ICT0302,,,0,,0,0,0,,,0,
20,10051,23,MCH1,000000000420000431                      ICT0303,,,0,,0,0,0,,,0,
20,10052,23,MCH1,000000000420000431                      ICT0304,,,0,,0,0,0,,,0,
20,10053,23,MCH1,000000000420000431                      ICT0305,,,0,,0,0,0,,,0,
20,10054,23,MCH1,000000000420000433                      CCN001,,,0,,0,0,0,,,0,
20,10055,23,MCH1,000000000420000433                      CCN0010,,,0,,0,0,0,,,0,
20,10056,23,MCH1,000000000420000433                      CCN0011,,,0,,0,0,0,,,0,
20,10057,23,MCH1,000000000420000433                      CCN0012,,,0,,0,0,0,,,0,
20,10058,23,MCH1,000000000420000433                      CCN0013,,,0,,0,0,0,,,0,
20,10059,23,MCH1,000000000420000433                      CCN0014,,,0,,0,0,0,,,0,
20,10060,23,MCH1,000000000420000433                      CCN0015,,,0,,0,0,0,,,0,
20,10061,23,MCH1,000000000420000433                      CCN0016,,,0,,0,0,0,,,0,
20,10062,23,MCH1,000000000420000433                      CCN0017,,,0,,0,0,0,,,0,
20,10063,23,MCH1,000000000420000433                      CCN0018,,,0,,0,0,0,,,0,
20,10064,23,MCH1,000000000420000433                      CCN0019,,,0,,0,0,0,,,0,
20,10065,23,MCH1,000000000420000433                      CCN002,,,0,,0,0,0,,,0,
20,10066,23,MCH1,000000000420000433                      CCN0020,,,0,,0,0,0,,,0,
20,10067,23,MCH1,000000000420000433                      CCN0021,,,0,,0,0,0,,,0,
20,10068,23,MCH1,000000000420000433                      CCN0022,,,0,,0,0,0,,,0,
20,10069,23,MCH1,000000000420000433                      CCN0023,,,0,,0,0,0,,,0,
20,10070,23,MCH1,000000000420000433                      CCN0024,,,0,,0,0,0,,,0,
20,10071,23,MCH1,000000000420000433                      CCN0025,,,0,,0,0,0,,,0,
20,10072,23,MCH1,000000000420000433                      CCN0026,,,0,,0,0,0,,,0,
20,10073,23,MCH1,000000000420000433                      CCN0027,,,0,,0,0,0,,,0,
20,10074,23,MCH1,000000000420000433                      CCN0028,,,0,,0,0,0,,,0,
20,10075,23,MCH1,000000000420000433                      CCN0029,,,0,,0,0,0,,,0,
20,10076,23,MCH1,000000000420000433                      CCN003,,,0,,0,0,0,,,0,
20,10077,23,MCH1,000000000420000433                      CCN0030,,,0,,0,0,0,,,0,
20,10078,23,MCH1,000000000420000433                      CCN0031,,,0,,0,0,0,,,0,
20,10079,23,MCH1,000000000420000433                      CCN0032,,,0,,0,0,0,,,0,
20,10080,23,MCH1,000000000420000433                      CCN0033,,,0,,0,0,0,,,0,
20,10081,23,MCH1,000000000420000433                      CCN0034,,,0,,0,0,0,,,0,
20,10082,23,MCH1,000000000420000433                      CCN0035,,,0,,0,0,0,,,0,
20,10083,23,MCH1,000000000420000433                      CCN0036,,,0,,0,0,0,,,0,
20,10084,23,MCH1,000000000420000433                      CCN0037,,,0,,0,0,0,,,0,
20,10085,23,MCH1,000000000420000433                      CCN0038,,,0,,0,0,0,,,0,
20,10086,23,MCH1,000000000420000433                      CCN004,,,0,,0,0,0,,,0,
20,10087,23,MCH1,000000000420000433                      CCN005,,,0,,0,0,0,,,0,
20,10088,23,MCH1,000000000420000433                      CCN006,,,0,,0,0,0,,,0,
20,10089,23,MCH1,000000000420000433                      CCN011,,,0,,0,0,0,,,0,
20,10090,23,MCH1,000000000420000433                      CCN0110,,,0,,0,0,0,,,0,
20,10091,23,MCH1,000000000420000433                      CCN0111,,,0,,0,0,0,,,0,
20,10092,23,MCH1,000000000420000433                      CCN0112,,,0,,0,0,0,,,0,
20,10093,23,MCH1,000000000420000433                      CCN0113,,,0,,0,0,0,,,0,
20,10094,23,MCH1,000000000420000433                      CCN012,,,0,,0,0,0,,,0,
20,10095,23,MCH1,000000000420000433                      CCN013,,,0,,0,0,0,,,0,
20,10096,23,MCH1,000000000420000433                      CCN014,,,0,,0,0,0,,,0,
20,10097,23,MCH1,000000000420000433                      CCN015,,,0,,0,0,0,,,0,
20,10098,23,MCH1,000000000420000433                      CCN016,,,0,,0,0,0,,,0,
20,10099,23,MCH1,000000000420000433                      CCN017,,,0,,0,0,0,,,0,
20,10100,23,MCH1,000000000420000433                      CCN018,,,0,,0,0,0,,,0,
20,10101,23,MCH1,000000000420000433                      CCN019,,,0,,0,0,0,,,0,
20,10102,23,MCH1,000000000420000433                      CCN021,,,0,,0,0,0,,,0,
20,10103,23,MCH1,000000000420000433                      CCN0210,,,0,,0,0,0,,,0,
20,10104,23,MCH1,000000000420000433                      CCN0211,,,0,,0,0,0,,,0,
20,10105,23,MCH1,000000000420000433                      CCN0212,,,0,,0,0,0,,,0,
20,10106,23,MCH1,000000000420000433                      CCN0213,,,0,,0,0,0,,,0,
20,10107,23,MCH1,000000000420000433                      CCN0214,,,0,,0,0,0,,,0,
20,10108,23,MCH1,000000000420000433                      CCN0215,,,0,,0,0,0,,,0,
20,10109,23,MCH1,000000000420000433                      CCN0216,,,0,,0,0,0,,,0,
20,10110,23,MCH1,000000000420000433                      CCN0217,,,0,,0,0,0,,,0,
20,10111,23,MCH1,000000000420000433                      CCN0218,,,0,,0,0,0,,,0,
20,10112,23,MCH1,000000000420000433                      CCN0219,,,0,,0,0,0,,,0,
20,10113,23,MCH1,000000000420000433                      CCN022,,,0,,0,0,0,,,0,
20,10114,23,MCH1,000000000420000433                      CCN0220,,,0,,0,0,0,,,0,
20,10115,23,MCH1,000000000420000433                      CCN0221,,,0,,0,0,0,,,0,
20,10116,23,MCH1,000000000420000433                      CCN023,,,0,,0,0,0,,,0,
20,10117,23,MCH1,000000000420000433                      CCN024,,,0,,0,0,0,,,0,
20,10118,23,MCH1,000000000420000433                      CCN025,,,0,,0,0,0,,,0,
20,10119,23,MCH1,000000000420000433                      CCN026,,,0,,0,0,0,,,0,
20,10120,23,MCH1,000000000420000433                      CCN027,,,0,,0,0,0,,,0,
20,10121,23,MCH1,000000000420000433                      CCN028,,,0,,0,0,0,,,0,
20,10122,23,MCH1,000000000420000433                      CCN029,,,0,,0,0,0,,,0,
20,10123,23,MCH1,000000000420000433                      CCN0301,,,0,,0,0,0,,,0,
20,10124,23,MCH1,000000000420000433                      CCN0302,,,0,,0,0,0,,,0,
20,10125,23,MCH1,000000000420000433                      ICN0301,,,0,,0,0,0,,,0,
20,10126,23,MCH1,000000000420000433                      ICN0302,,,0,,0,0,0,,,0,
20,10127,23,MCH1,000000000420000433                      ICN0303,,,0,,0,0,0,,,0,
20,10128,23,MCH1,000000000420000433                      ICN0304,,,0,,0,0,0,,,0,
20,10129,23,MCH1,000000000420000433                      ICN0305,,,0,,0,0,0,,,0,
20,10130,23,MCH1,000000000420000433                      ICN0306,,,0,,0,0,0,,,0,
20,10131,23,MCH1,000000000420000433                      ICN0307,,,0,,0,0,0,,,0,
20,10132,23,MCH1,000000000420000433                      ICN0308,,,0,,0,0,0,,,0,
20,10133,23,MCH1,000000000420000433                      ICN0309,,,0,,0,0,0,,,0,
20,10134,23,MCH1,000000000420000433                      ICN0310,,,0,,0,0,0,,,0,
20,10135,23,MCH1,000000000420000107                      AZH011,,,0,,0,0,0,,,0,
20,10136,23,MCH1,000000000420000107                      AZH0201,,,0,,0,0,0,,,0,
20,10137,23,MCH1,000000000420000107                      AZH0202,,,0,,0,0,0,,,0,
20,10138,23,MCH1,000000000420000107                      AZH0203,,,0,,0,0,0,,,0,
20,10139,23,MCH1,000000000420000107                      AZH0204,,,0,,0,0,0,,,0,
20,10140,23,MCH1,000000000420000107                      SZH011,,,0,,0,0,0,,,0,
20,10141,23,MCH1,000000000420000107                      SZH012,,,0,,0,0,0,,,0,
20,10142,23,MCH1,000000000420000107                      SZH013,,,0,,0,0,0,,,0,
20,10143,23,MCH1,000000000420000107                      SZH014,,,0,,0,0,0,,,0,
20,10144,23,MCH1,000000000420000107                      SZH015,,,0,,0,0,0,,,0,
20,10145,23,MCH1,000000000420000107                      SZH016,,,0,,0,0,0,,,0,
20,10146,23,MCH1,000000000420000107                      SZH017,,,0,,0,0,0,,,0,
20,10147,23,MCH1,000000000420000107                      SZH0201,,,0,,0,0,0,,,0,
20,10148,23,MCH1,000000000420000107                      SZH0202,,,0,,0,0,0,,,0,
20,10149,23,MCH1,000000000420000107                      SZH0203,,,0,,0,0,0,,,0,
20,10150,23,MCH1,000000000420000107                      SZH0204,,,0,,0,0,0,,,0,
20,10151,23,MCH1,000000000420000107                      SZH0205,,,0,,0,0,0,,,0,
20,10548,23,MCH1,000000000420000178                      CNP021,,,0,,0,0,0,,,0,
20,10549,23,MCH1,000000000420000178                      CNP022,,,0,,0,0,0,,,0,
20,10550,23,MCH1,000000000420000178                      CNP023,,,0,,0,0,0,,,0,
20,10551,23,MCH1,000000000420000178                      CNP024,,,0,,0,0,0,,,0,
20,10552,23,MCH1,000000000420000178                      CNP025,,,0,,0,0,0,,,0,
20,10553,23,MCH1,000000000420000178                      CNP0301,,,0,,0,0,0,,,0,
20,10554,23,MCH1,000000000420000178                      CNP0302,,,0,,0,0,0,,,0,
20,10555,23,MCH1,000000000420000178                      CNP0303,,,0,,0,0,0,,,0,
20,10556,23,MCH1,000000000420000178                      JNP0301,,,0,,0,0,0,,,0,
20,10557,23,MCH1,000000000420000178                      JNP0302,,,0,,0,0,0,,,0,
20,10558,23,MCH1,000000000420000178                      JNP0303,,,0,,0,0,0,,,0,
20,10559,23,MCH1,000000000420000178                      JNP0304,,,0,,0,0,0,,,0,
20,10560,23,MCH1,000000000420000178                      JNP0305,,,0,,0,0,0,,,0,
20,10561,23,MCH1,000000000420000178                      JNP0306,,,0,,0,0,0,,,0,
20,10562,23,MCH1,000000000420000178                      JNP0307,,,0,,0,0,0,,,0,
20,10563,23,MCH1,000000000420000178                      JNP0308,,,0,,0,0,0,,,0,
20,10564,23,MCH1,000000000420000178                      JNP0401,,,0,,0,0,0,,,0,
20,10565,23,MCH1,000000000420000178                      JNP0402,,,0,,0,0,0,,,0,
20,10566,23,MCH1,000000000420000178                      JNP0403,,,0,,0,0,0,,,0,
20,10567,23,MCH1,000000000420000178                      JNP0404,,,0,,0,0,0,,,0,
20,10568,23,MCH1,000000000420000178                      JNP0405,,,0,,0,0,0,,,0,
20,10569,23,MCH1,000000000420000178                      JNP0406,,,0,,0,0,0,,,0,
20,10570,23,MCH1,000000000420000178                      JNP0407,,,0,,0,0,0,,,0,
20,10571,23,MCH1,000000000420000178                      JNP0408,,,0,,0,0,0,,,0,
20,10572,23,MCH1,000000000420000178                      JNP0409,,,0,,0,0,0,,,0,
20,10573,23,MCH1,000000000420000178                      JNP0410,,,0,,0,0,0,,,0,
20,10574,23,MCH1,000000000420000178                      JNP0411,,,0,,0,0,0,,,0,
20,10575,23,MCH1,000000000420000178                      JNP0412,,,0,,0,0,0,,,0,
20,10576,23,MCH1,000000000420000178                      NP0010,,,0,,0,0,0,,,0,
20,10577,23,MCH1,000000000420000178                      NP0011,,,0,,0,0,0,,,0,
20,10578,23,MCH1,000000000420000178                      NP0012,,,0,,0,0,0,,,0,
20,10579,23,MCH1,000000000420000178                      NP0013,,,0,,0,0,0,,,0,
20,10580,23,MCH1,000000000420000178                      NP0014,,,0,,0,0,0,,,0,
20,10581,23,MCH1,000000000420000178                      NP0015,,,0,,0,0,0,,,0,
20,10582,23,MCH1,000000000420000178                      NP0016,,,0,,0,0,0,,,0,
20,10583,23,MCH1,000000000420000178                      NP0017,,,0,,0,0,0,,,0,
20,10584,23,MCH1,000000000420000178                      NP0018,,,0,,0,0,0,,,0,
20,10585,23,MCH1,000000000420000178                      NP004,,,0,,0,0,0,,,0,
20,10586,23,MCH1,000000000420000178                      NP005,,,0,,0,0,0,,,0,
20,10587,23,MCH1,000000000420000178                      NP006,,,0,,0,0,0,,,0,
20,10588,23,MCH1,000000000420000178                      NP007,,,0,,0,0,0,,,0,
20,10589,23,MCH1,000000000420000178                      NP008,,,0,,0,0,0,,,0,
20,10590,23,MCH1,000000000420000178                      NP009,,,0,,0,0,0,,,0,
20,10591,23,MCH1,000000000420000178                      NP011,,,0,,0,0,0,,,0,
20,10592,23,MCH1,000000000420000178                      NP0110,,,0,,0,0,0,,,0,
20,10593,23,MCH1,000000000420000178                      NP0111,,,0,,0,0,0,,,0,
20,10594,23,MCH1,000000000420000178                      NP0112,,,0,,0,0,0,,,0,
20,10595,23,MCH1,000000000420000178                      NP0113,,,0,,0,0,0,,,0,
20,10596,23,MCH1,000000000420000178                      NP0114,,,0,,0,0,0,,,0,
20,10597,23,MCH1,000000000420000178                      NP0115,,,0,,0,0,0,,,0,
20,10598,23,MCH1,000000000420000178                      NP0116,,,0,,0,0,0,,,0,
20,10599,23,MCH1,000000000420000178                      NP0117,,,0,,0,0,0,,,0,
20,10600,23,MCH1,000000000420000178                      NP0118,,,0,,0,0,0,,,0,
20,10601,23,MCH1,000000000420000178                      NP012,,,0,,0,0,0,,,0,
20,10602,23,MCH1,000000000420000178                      NP013,,,0,,0,0,0,,,0,
20,10603,23,MCH1,000000000420000178                      NP014,,,0,,0,0,0,,,0,
20,10604,23,MCH1,000000000420000178                      NP015,,,0,,0,0,0,,,0,
20,10605,23,MCH1,000000000420000178                      NP016,,,0,,0,0,0,,,0,
20,10606,23,MCH1,000000000420000178                      NP017,,,0,,0,0,0,,,0,
20,10607,23,MCH1,000000000420000178                      NP018,,,0,,0,0,0,,,0,
20,10608,23,MCH1,000000000420000178                      NP019,,,0,,0,0,0,,,0,
20,10609,23,MCH1,000000000420000178                      NP021,,,0,,0,0,0,,,0,
20,10610,23,MCH1,000000000420000178                      NP022,,,0,,0,0,0,,,0,
20,10611,23,MCH1,000000000420000178                      NP023,,,0,,0,0,0,,,0,
20,10612,23,MCH1,000000000420000178                      NP024,,,0,,0,0,0,,,0,
20,10613,23,MCH1,000000000420000178                      NP025,,,0,,0,0,0,,,0,
20,10614,23,MCH1,000000000420000178                      NP026,,,0,,0,0,0,,,0,
20,10615,23,MCH1,000000000420000185                      CET0010,,,0,,0,0,0,,,0,
20,10616,23,MCH1,000000000420000185                      CET0011,,,0,,0,0,0,,,0,
20,10617,23,MCH1,000000000420000185                      CET0012,,,0,,0,0,0,,,0,
20,10618,23,MCH1,000000000420000185                      CET0013,,,0,,0,0,0,,,0,
20,10619,23,MCH1,000000000420000185                      CET0014,,,0,,0,0,0,,,0,
20,10620,23,MCH1,000000000420000185                      CET0018,,,0,,0,0,0,,,0,
20,10621,23,MCH1,000000000420000185                      CET0019,,,0,,0,0,0,,,0,
20,10622,23,MCH1,000000000420000185                      CET002,,,0,,0,0,0,,,0,
20,10623,23,MCH1,000000000420000185                      CET003,,,0,,0,0,0,,,0,
20,10624,23,MCH1,000000000420000185                      CET004,,,0,,0,0,0,,,0,
20,10625,23,MCH1,000000000420000185                      CET005,,,0,,0,0,0,,,0,
20,10626,23,MCH1,000000000420000185                      CET006,,,0,,0,0,0,,,0,
20,10627,23,MCH1,000000000420000185                      CET007,,,0,,0,0,0,,,0,
20,10628,23,MCH1,000000000420000185                      CET008,,,0,,0,0,0,,,0,
20,10629,23,MCH1,000000000420000185                      CET009,,,0,,0,0,0,,,0,
20,10630,23,MCH1,000000000420000185                      CET011,,,0,,0,0,0,,,0,
20,10631,23,MCH1,000000000420000185                      CET0111,,,0,,0,0,0,,,0,
20,10632,23,MCH1,000000000420000185                      CET0112,,,0,,0,0,0,,,0,
20,10633,23,MCH1,000000000420000185                      CET0118,,,0,,0,0,0,,,0,
20,10634,23,MCH1,000000000420000185                      CET0119,,,0,,0,0,0,,,0,
20,10635,23,MCH1,000000000420000185                      CET012,,,0,,0,0,0,,,0,
20,10636,23,MCH1,000000000420000185                      CET0120,,,0,,0,0,0,,,0,
20,10637,23,MCH1,000000000420000185                      CET0121,,,0,,0,0,0,,,0,
20,10638,23,MCH1,000000000420000185                      CET0122,,,0,,0,0,0,,,0,
20,10639,23,MCH1,000000000420000185                      CET0123,,,0,,0,0,0,,,0,
20,10640,23,MCH1,000000000420000185                      CET0124,,,0,,0,0,0,,,0,
20,10641,23,MCH1,000000000420000185                      CET0125,,,0,,0,0,0,,,0,
20,10642,23,MCH1,000000000420000185                      CET0126,,,0,,0,0,0,,,0,
20,10643,23,MCH1,000000000420000185                      CET0127,,,0,,0,0,0,,,0,
20,10644,23,MCH1,000000000420000185                      CET013,,,0,,0,0,0,,,0,
20,10645,23,MCH1,000000000420000185                      CET014,,,0,,0,0,0,,,0,
20,10646,23,MCH1,000000000420000185                      CET015,,,0,,0,0,0,,,0,
20,11143,23,MCH1,000000000420000273                      ON0401,,,0,,0,0,0,,,0,
20,11144,23,MCH1,000000000420000273                      ON0402,,,0,,0,0,0,,,0,
20,11145,23,MCH1,000000000420000273                      ON0403,,,0,,0,0,0,,,0,
20,11146,23,MCH1,000000000420000273                      ON0404,,,0,,0,0,0,,,0,
20,11147,23,MCH1,000000000420000273                      ON0405,,,0,,0,0,0,,,0,
20,11148,23,MCH1,000000000420000273                      ON0406,,,0,,0,0,0,,,0,
20,11149,23,MCH1,000000000420000273                      ON0407,,,0,,0,0,0,,,0,
20,11150,23,MCH1,000000000420000273                      ON0408,,,0,,0,0,0,,,0,
20,11151,23,MCH1,000000000420000273                      ON0409,,,0,,0,0,0,,,0,
20,11152,23,MCH1,000000000420000273                      ON0410,,,0,,0,0,0,,,0,
20,11153,23,MCH1,000000000420000273                      ON04100,,,0,,0,0,0,,,0,
20,11154,23,MCH1,000000000420000273                      ON04101,,,0,,0,0,0,,,0,
20,11155,23,MCH1,000000000420000273                      ON04102,,,0,,0,0,0,,,0,
20,11156,23,MCH1,000000000420000273                      ON0411,,,0,,0,0,0,,,0,
20,11157,23,MCH1,000000000420000273                      ON0412,,,0,,0,0,0,,,0,
20,11158,23,MCH1,000000000420000273                      ON0413,,,0,,0,0,0,,,0,
20,11159,23,MCH1,000000000420000273                      ON0414,,,0,,0,0,0,,,0,
20,11160,23,MCH1,000000000420000273                      ON0415,,,0,,0,0,0,,,0,
20,11161,23,MCH1,000000000420000273                      ON0416,,,0,,0,0,0,,,0,
20,11162,23,MCH1,000000000420000273                      ON0417,,,0,,0,0,0,,,0,
20,11163,23,MCH1,000000000420000273                      ON0419,,,0,,0,0,0,,,0,
20,11164,23,MCH1,000000000420000273                      ON0420,,,0,,0,0,0,,,0,
20,11165,23,MCH1,000000000420000273                      ON0421,,,0,,0,0,0,,,0,
20,11166,23,MCH1,000000000420000273                      ON0422,,,0,,0,0,0,,,0,
20,11167,23,MCH1,000000000420000273                      ON0423,,,0,,0,0,0,,,0,
20,11168,23,MCH1,000000000420000273                      ON0424,,,0,,0,0,0,,,0,
20,11169,23,MCH1,000000000420000273                      ON0425,,,0,,0,0,0,,,0,
20,11170,23,MCH1,000000000420000273                      ON0426,,,0,,0,0,0,,,0,
20,11171,23,MCH1,000000000420000273                      ON0430,,,0,,0,0,0,,,0,
20,11172,23,MCH1,000000000420000273                      ON0431,,,0,,0,0,0,,,0,
20,11173,23,MCH1,000000000420000273                      ON0432,,,0,,0,0,0,,,0,
20,11174,23,MCH1,000000000420000273                      ON0433,,,0,,0,0,0,,,0,
20,11175,23,MCH1,000000000420000273                      ON0434,,,0,,0,0,0,,,0,
20,11176,23,MCH1,000000000420000273                      ON0435,,,0,,0,0,0,,,0,
20,11177,23,MCH1,000000000420000273                      ON0440,,,0,,0,0,0,,,0,
20,11178,23,MCH1,000000000420000273                      ON0441,,,0,,0,0,0,,,0,
20,11179,23,MCH1,000000000420000273                      ON0442,,,0,,0,0,0,,,0,
20,11180,23,MCH1,000000000420000273                      ON0443,,,0,,0,0,0,,,0,
20,11181,23,MCH1,000000000420000273                      ON0444,,,0,,0,0,0,,,0,
20,11182,23,MCH1,000000000420000273                      ON0445,,,0,,0,0,0,,,0,
20,11183,23,MCH1,000000000420000273                      ON0446,,,0,,0,0,0,,,0,
20,11184,23,MCH1,000000000420000273                      ON0447,,,0,,0,0,0,,,0,
20,11185,23,MCH1,000000000420000273                      ON0448,,,0,,0,0,0,,,0,
20,11186,23,MCH1,000000000420000273                      ON0449,,,0,,0,0,0,,,0,
20,11187,23,MCH1,000000000420000273                      ON0450,,,0,,0,0,0,,,0,
20,11188,23,MCH1,000000000420000273                      ON0452,,,0,,0,0,0,,,0,
20,11189,23,MCH1,000000000420000273                      ON0453,,,0,,0,0,0,,,0,
20,11190,23,MCH1,000000000420000273                      ON0454,,,0,,0,0,0,,,0,
20,11191,23,MCH1,000000000420000273                      ON0455,,,0,,0,0,0,,,0,
20,11192,23,MCH1,000000000420000273                      ON0456,,,0,,0,0,0,,,0,
20,11193,23,MCH1,000000000420000273                      ON0457,,,0,,0,0,0,,,0,
20,11194,23,MCH1,000000000420000273                      ON0458,,,0,,0,0,0,,,0,
20,11195,23,MCH1,000000000420000273                      ON0459,,,0,,0,0,0,,,0,
20,11196,23,MCH1,000000000420000273                      ON0460,,,0,,0,0,0,,,0,
20,11197,23,MCH1,000000000420000273                      ON0461,,,0,,0,0,0,,,0,
20,11198,23,MCH1,000000000420000273                      ON0462,,,0,,0,0,0,,,0,
20,11199,23,MCH1,000000000420000273                      ON0463,,,0,,0,0,0,,,0,
20,11200,23,MCH1,000000000420000273                      ON0464,,,0,,0,0,0,,,0,
20,11201,23,MCH1,000000000420000273                      ON0465,,,0,,0,0,0,,,0,
20,11202,23,MCH1,000000000420000273                      ON0466,,,0,,0,0,0,,,0,
20,11203,23,MCH1,000000000420000273                      ON0467,,,0,,0,0,0,,,0,
20,11204,23,MCH1,000000000420000273                      ON0468,,,0,,0,0,0,,,0,
20,11205,23,MCH1,000000000420000273                      ON0469,,,0,,0,0,0,,,0,
20,11206,23,MCH1,000000000420000273                      ON0470,,,0,,0,0,0,,,0,
20,11207,23,MCH1,000000000420000273                      ON0471,,,0,,0,0,0,,,0,
20,11208,23,MCH1,000000000420000273                      ON0472,,,0,,0,0,0,,,0,
20,11209,23,MCH1,000000000420000273                      ON0473,,,0,,0,0,0,,,0,
20,11210,23,MCH1,000000000420000273                      ON0474,,,0,,0,0,0,,,0,
20,11211,23,MCH1,000000000420000273                      ON0475,,,0,,0,0,0,,,0,
20,11212,23,MCH1,000000000420000273                      ON0476,,,0,,0,0,0,,,0,
20,11213,23,MCH1,000000000420000273                      ON0477,,,0,,0,0,0,,,0,
20,11214,23,MCH1,000000000420000273                      ON0478,,,0,,0,0,0,,,0,
20,11215,23,MCH1,000000000420000273                      ON0479,,,0,,0,0,0,,,0,
20,11216,23,MCH1,000000000420000273                      ON0480,,,0,,0,0,0,,,0,
20,11217,23,MCH1,000000000420000273                      ON0483,,,0,,0,0,0,,,0,
20,11218,23,MCH1,000000000420000273                      ON0484,,,0,,0,0,0,,,0,
20,11219,23,MCH1,000000000420000273                      ON0485,,,0,,0,0,0,,,0,
20,11220,23,MCH1,000000000420000273                      ON0486,,,0,,0,0,0,,,0,
20,11221,23,MCH1,000000000420000273                      ON0487,,,0,,0,0,0,,,0,
20,11222,23,MCH1,000000000420000273                      ON0488,,,0,,0,0,0,,,0,
20,11223,23,MCH1,000000000420000273                      ON0489,,,0,,0,0,0,,,0,
20,11224,23,MCH1,000000000420000273                      ON0490,,,0,,0,0,0,,,0,
20,11225,23,MCH1,000000000420000273                      ON0491,,,0,,0,0,0,,,0,
20,11226,23,MCH1,000000000420000273                      ON0493,,,0,,0,0,0,,,0,
20,11227,23,MCH1,000000000420000273                      ON0494,,,0,,0,0,0,,,0,
20,11228,23,MCH1,000000000420000273                      ON0495,,,0,,0,0,0,,,0,
20,11229,23,MCH1,000000000420000273                      ON0496,,,0,,0,0,0,,,0,
20,11230,23,MCH1,000000000420000273                      ON0497,,,0,,0,0,0,,,0,
20,11231,23,MCH1,000000000420000273                      ON0498,,,0,,0,0,0,,,0,
20,11232,23,MCH1,000000000420000273                      ON0499,,,0,,0,0,0,,,0,
20,11233,23,MCH1,000000000420000273                      SNS0201,,,0,,0,0,0,,,0,
20,11234,23,MCH1,000000000420000273                      SNS0202,,,0,,0,0,0,,,0,
20,11235,23,MCH1,000000000420000273                      SNS0203,,,0,,0,0,0,,,0,
20,11236,23,MCH1,000000000420000273                      SNS0204,,,0,,0,0,0,,,0,
20,11237,23,MCH1,000000000420000273                      SNS0205,,,0,,0,0,0,,,0,
20,11238,23,MCH1,000000000420000273                      SNS0206,,,0,,0,0,0,,,0,
20,11239,23,MCH1,000000000420000273                      SNS0207,,,0,,0,0,0,,,0,
20,11240,23,MCH1,000000000420000273                      SNS0208,,,0,,0,0,0,,,0,
20,11241,23,MCH1,000000000420000273                      SNS0209,,,0,,0,0,0,,,0,
20,11737,23,MCH1,000000000420000276                      ENT0397,,,0,,0,0,0,,,0,
20,11738,23,MCH1,000000000420000276                      ENT0398,,,0,,0,0,0,,,0,
20,11739,23,MCH1,000000000420000276                      ENT0399,,,0,,0,0,0,,,0,
20,11740,23,MCH1,000000000420000276                      ENT0401,,,0,,0,0,0,,,0,
20,11741,23,MCH1,000000000420000276                      ENT0402,,,0,,0,0,0,,,0,
20,11742,23,MCH1,000000000420000276                      ENT0403,,,0,,0,0,0,,,0,
20,11743,23,MCH1,000000000420000276                      ENT0404,,,0,,0,0,0,,,0,
20,11744,23,MCH1,000000000420000276                      ENT0405,,,0,,0,0,0,,,0,
20,11745,23,MCH1,000000000420000276                      ENT0406,,,0,,0,0,0,,,0,
20,11746,23,MCH1,000000000420000276                      ENT0407,,,0,,0,0,0,,,0,
20,11747,23,MCH1,000000000420000276                      ENT0408,,,0,,0,0,0,,,0,
20,11748,23,MCH1,000000000420000276                      ENT0409,,,0,,0,0,0,,,0,
20,11749,23,MCH1,000000000420000276                      ENT0410,,,0,,0,0,0,,,0,
20,11750,23,MCH1,000000000420000276                      ENT0411,,,0,,0,0,0,,,0,
20,11751,23,MCH1,000000000420000276                      ENT0412,,,0,,0,0,0,,,0,
20,11752,23,MCH1,000000000420000276                      ENT0413,,,0,,0,0,0,,,0,
20,11753,23,MCH1,000000000420000276                      ENT0414,,,0,,0,0,0,,,0,
20,11754,23,MCH1,000000000420000276                      ENT0415,,,0,,0,0,0,,,0,
20,11755,23,MCH1,000000000420000276                      ENT0416,,,0,,0,0,0,,,0,
20,11756,23,MCH1,000000000420000276                      ENT0417,,,0,,0,0,0,,,0,
20,11757,23,MCH1,000000000420000276                      ENT0418,,,0,,0,0,0,,,0,
20,11758,23,MCH1,000000000420000276                      ENT0419,,,0,,0,0,0,,,0,
20,11759,23,MCH1,000000000420000276                      ENT0420,,,0,,0,0,0,,,0,
20,11760,23,MCH1,000000000420000276                      ENT0421,,,0,,0,0,0,,,0,
20,11761,23,MCH1,000000000420000276                      ENT0422,,,0,,0,0,0,,,0,
20,11762,23,MCH1,000000000420000276                      ENT0423,,,0,,0,0,0,,,0,
20,11763,23,MCH1,000000000420000276                      ENT0424,,,0,,0,0,0,,,0,
20,11764,23,MCH1,000000000420000276                      ENT0425,,,0,,0,0,0,,,0,
20,11765,23,MCH1,000000000420000276                      ENT0426,,,0,,0,0,0,,,0,
20,11766,23,MCH1,000000000420000276                      ENT0427,,,0,,0,0,0,,,0,
20,11767,23,MCH1,000000000420000276                      ENT0428,,,0,,0,0,0,,,0,
20,11768,23,MCH1,000000000420000276                      ENT0429,,,0,,0,0,0,,,0,
20,11769,23,MCH1,000000000420000276                      ENT0430,,,0,,0,0,0,,,0,
20,11770,23,MCH1,000000000420000276                      ENT0431,,,0,,0,0,0,,,0,
20,11771,23,MCH1,000000000420000276                      ENT0432,,,0,,0,0,0,,,0,
20,11772,23,MCH1,000000000420000276                      ENT0436,,,0,,0,0,0,,,0,
20,11773,23,MCH1,000000000420000276                      ENT0437,,,0,,0,0,0,,,0,
20,11774,23,MCH1,000000000420000276                      ENT0438,,,0,,0,0,0,,,0,
20,11775,23,MCH1,000000000420000276                      ENT0439,,,0,,0,0,0,,,0,
20,11776,23,MCH1,000000000420000276                      ENT0440,,,0,,0,0,0,,,0,
20,11777,23,MCH1,000000000420000276                      ENT0441,,,0,,0,0,0,,,0,
20,11778,23,MCH1,000000000420000276                      ENT0442,,,0,,0,0,0,,,0,
20,11779,23,MCH1,000000000420000276                      ENT0443,,,0,,0,0,0,,,0,
20,11780,23,MCH1,000000000420000276                      ENT0444,,,0,,0,0,0,,,0,
20,11781,23,MCH1,000000000420000276                      ENT0445,,,0,,0,0,0,,,0,
20,11782,23,MCH1,000000000420000276                      ENT0446,,,0,,0,0,0,,,0,
20,11783,23,MCH1,000000000420000276                      ENT0447,,,0,,0,0,0,,,0,
20,11784,23,MCH1,000000000420000276                      INT011,,,0,,0,0,0,,,0,
20,11785,23,MCH1,000000000420000276                      INT012,,,0,,0,0,0,,,0,
20,11786,23,MCH1,000000000420000276                      INT013,,,0,,0,0,0,,,0,
20,11787,23,MCH1,000000000420000276                      INT014,,,0,,0,0,0,,,0,
20,11788,23,MCH1,000000000420000276                      INT0201,,,0,,0,0,0,,,0,
20,11789,23,MCH1,000000000420000276                      INT0202,,,0,,0,0,0,,,0,
20,11790,23,MCH1,000000000420000276                      INT0203,,,0,,0,0,0,,,0,
20,11791,23,MCH1,000000000420000276                      INT0204,,,0,,0,0,0,,,0,
20,11792,23,MCH1,000000000420000276                      INT0205,,,0,,0,0,0,,,0,
20,11793,23,MCH1,000000000420000276                      INT0206,,,0,,0,0,0,,,0,
20,11794,23,MCH1,000000000420000276                      INT0207,,,0,,0,0,0,,,0,
20,11795,23,MCH1,000000000420000276                      INT0208,,,0,,0,0,0,,,0,
20,11796,23,MCH1,000000000420000276                      INT0209,,,0,,0,0,0,,,0,
20,11797,23,MCH1,000000000420000276                      INT0210,,,0,,0,0,0,,,0,
20,11798,23,MCH1,000000000420000276                      INT0211,,,0,,0,0,0,,,0,
20,11799,23,MCH1,000000000420000276                      INT0212,,,0,,0,0,0,,,0,
20,11800,23,MCH1,000000000420000276                      INT0213,,,0,,0,0,0,,,0,
20,11801,23,MCH1,000000000420000276                      INT0214,,,0,,0,0,0,,,0,
20,11802,23,MCH1,000000000420000276                      INT0215,,,0,,0,0,0,,,0,
20,11803,23,MCH1,000000000420000276                      INT0216,,,0,,0,0,0,,,0,
20,11804,23,MCH1,000000000420000276                      INT0217,,,0,,0,0,0,,,0,
20,11805,23,MCH1,000000000420000276                      INT0218,,,0,,0,0,0,,,0,
20,11806,23,MCH1,000000000420000276                      INT0219,,,0,,0,0,0,,,0,
20,11807,23,MCH1,000000000420000276                      INT0220,,,0,,0,0,0,,,0,
20,11808,23,MCH1,000000000420000276                      INT0221,,,0,,0,0,0,,,0,
20,11809,23,MCH1,000000000420000276                      INT0222,,,0,,0,0,0,,,0,
20,11810,23,MCH1,000000000420000276                      INT0301,,,0,,0,0,0,,,0,
20,11811,23,MCH1,000000000420000276                      INT0302,,,0,,0,0,0,,,0,
20,11812,23,MCH1,000000000420000276                      INT0303,,,0,,0,0,0,,,0,
20,11813,23,MCH1,000000000420000276                      INT0304,,,0,,0,0,0,,,0,
20,11814,23,MCH1,000000000420000276                      INT0305,,,0,,0,0,0,,,0,
20,11815,23,MCH1,000000000420000276                      INT0306,,,0,,0,0,0,,,0,
20,11816,23,MCH1,000000000420000276                      INT0307,,,0,,0,0,0,,,0,
20,11817,23,MCH1,000000000420000276                      INT0308,,,0,,0,0,0,,,0,
20,11818,23,MCH1,000000000420000276                      INT0309,,,0,,0,0,0,,,0,
20,11819,23,MCH1,000000000420000276                      INT0310,,,0,,0,0,0,,,0,
20,11820,23,MCH1,000000000420000276                      JNT0401,,,0,,0,0,0,,,0,
20,11821,23,MCH1,000000000420000276                      JNT0402,,,0,,0,0,0,,,0,
20,11822,23,MCH1,000000000420000276                      JNT0403,,,0,,0,0,0,,,0,
20,11823,23,MCH1,000000000420000276                      JNT0404,,,0,,0,0,0,,,0,
20,11824,23,MCH1,000000000420000276                      JNT0405,,,0,,0,0,0,,,0,
20,11825,23,MCH1,000000000420000276                      JNT0406,,,0,,0,0,0,,,0,
20,11826,23,MCH1,000000000420000276                      NT001,,,0,,0,0,0,,,0,
20,11827,23,MCH1,000000000420000276                      NT011,,,0,,0,0,0,,,0,
20,11828,23,MCH1,000000000420000276                      NT021,,,0,,0,0,0,,,0,
20,11829,23,MCH1,000000000420000276                      NT023,,,0,,0,0,0,,,0,
20,11830,23,MCH1,000000000420000276                      NT025,,,0,,0,0,0,,,0,
20,11831,23,MCH1,000000000420000271                      MNF001,,,0,,0,0,0,,,0,
20,11832,23,MCH1,000000000420000271                      MNF002,,,0,,0,0,0,,,0,
20,11833,23,MCH1,000000000420000271                      MNF003,,,0,,0,0,0,,,0,
20,11834,23,MCH1,000000000420000271                      MNF004,,,0,,0,0,0,,,0,
20,11835,23,MCH1,000000000420000271                      MNF005,,,0,,0,0,0,,,0,
20,12331,23,MCH1,000000000420000377                      RVX0406,,,0,,0,0,0,,,0,
20,12332,23,MCH1,000000000420000524                      MOT0301,,,0,,0,0,0,,,0,
20,12333,23,MCH1,000000000420000524                      MZT011,,,0,,0,0,0,,,0,
20,12334,23,MCH1,000000000420000524                      MZT0201,,,0,,0,0,0,,,0,
20,12335,23,MCH1,000000000420000524                      MZT0202,,,0,,0,0,0,,,0,
20,12336,23,MCH1,000000000420000524                      MZT0301,,,0,,0,0,0,,,0,
20,12337,23,MCH1,000000000420000438                      MDS0103,,,0,,0,0,0,,,0,
20,12338,23,MCH1,000000000420000438                      MDS0104,,,0,,0,0,0,,,0,
20,12339,23,MCH1,000000000420000438                      MDS0105,,,0,,0,0,0,,,0,
20,12340,23,MCH1,000000000420000438                      MDS0106,,,0,,0,0,0,,,0,
20,12341,23,MCH1,000000000420000438                      MDS0107,,,0,,0,0,0,,,0,
20,12342,23,MCH1,000000000420000438                      MDS0108,,,0,,0,0,0,,,0,
20,12343,23,MCH1,000000000420000438                      MDS0109,,,0,,0,0,0,,,0,
20,12344,23,MCH1,000000000420000438                      MDS0110,,,0,,0,0,0,,,0,
20,12345,23,MCH1,000000000420000438                      MDS0111,,,0,,0,0,0,,,0,
20,12346,23,MCH1,000000000420000438                      MDS0201,,,0,,0,0,0,,,0,
20,12347,23,MCH1,000000000420000438                      MDS0202,,,0,,0,0,0,,,0,
20,12348,23,MCH1,000000000420000438                      MDS0203,,,0,,0,0,0,,,0,
20,12349,23,MCH1,000000000420000438                      MDS0204,,,0,,0,0,0,,,0,
20,12350,23,MCH1,000000000420000438                      MDS0205,,,0,,0,0,0,,,0,
20,12351,23,MCH1,000000000420000438                      MDS0206,,,0,,0,0,0,,,0,
20,12352,23,MCH1,000000000420000438                      MDS0207,,,0,,0,0,0,,,0,
20,12353,23,MCH1,000000000420000438                      MDS0301,,,0,,0,0,0,,,0,
20,12354,23,MCH1,000000000420000222                      CFT0010,,,0,,0,0,0,,,0,
20,12355,23,MCH1,000000000420000222                      CFT0011,,,0,,0,0,0,,,0,
20,12356,23,MCH1,000000000420000222                      CFT0012,,,0,,0,0,0,,,0,
20,12357,23,MCH1,000000000420000222                      CFT0013,,,0,,0,0,0,,,0,
20,12358,23,MCH1,000000000420000222                      CFT0014,,,0,,0,0,0,,,0,
20,12359,23,MCH1,000000000420000222                      CFT0015,,,0,,0,0,0,,,0,
20,12360,23,MCH1,000000000420000222                      CFT0016,,,0,,0,0,0,,,0,
20,12361,23,MCH1,000000000420000222                      CFT0017,,,0,,0,0,0,,,0,
20,12362,23,MCH1,000000000420000222                      CFT0018,,,0,,0,0,0,,,0,
20,12363,23,MCH1,000000000420000222                      CFT0019,,,0,,0,0,0,,,0,
20,12364,23,MCH1,000000000420000222                      CFT002,,,0,,0,0,0,,,0,
20,12365,23,MCH1,000000000420000222                      CFT0020,,,0,,0,0,0,,,0,
20,12366,23,MCH1,000000000420000222                      CFT0021,,,0,,0,0,0,,,0,
20,12367,23,MCH1,000000000420000222                      CFT0022,,,0,,0,0,0,,,0,
20,12368,23,MCH1,000000000420000222                      CFT003,,,0,,0,0,0,,,0,
20,12369,23,MCH1,000000000420000222                      CFT004,,,0,,0,0,0,,,0,
20,12370,23,MCH1,000000000420000222                      CFT005,,,0,,0,0,0,,,0,
20,12371,23,MCH1,000000000420000222                      CFT006,,,0,,0,0,0,,,0,
20,12372,23,MCH1,000000000420000222                      CFT007,,,0,,0,0,0,,,0,
20,12373,23,MCH1,000000000420000222                      CFT008,,,0,,0,0,0,,,0,
20,12374,23,MCH1,000000000420000222                      CFT009,,,0,,0,0,0,,,0,
20,12375,23,MCH1,000000000420000222                      CFT011,,,0,,0,0,0,,,0,
20,12376,23,MCH1,000000000420000222                      CFT0110,,,0,,0,0,0,,,0,
20,12377,23,MCH1,000000000420000222                      CFT0111,,,0,,0,0,0,,,0,
20,12378,23,MCH1,000000000420000222                      CFT0112,,,0,,0,0,0,,,0,
20,12379,23,MCH1,000000000420000222                      CFT0113,,,0,,0,0,0,,,0,
20,12380,23,MCH1,000000000420000222                      CFT0114,,,0,,0,0,0,,,0,
20,12381,23,MCH1,000000000420000222                      CFT0115,,,0,,0,0,0,,,0,
20,12382,23,MCH1,000000000420000222                      CFT0116,,,0,,0,0,0,,,0,
20,12383,23,MCH1,000000000420000222                      CFT0117,,,0,,0,0,0,,,0,
20,12384,23,MCH1,000000000420000222                      CFT0118,,,0,,0,0,0,,,0,
20,12385,23,MCH1,000000000420000222                      CFT0119,,,0,,0,0,0,,,0,
20,12386,23,MCH1,000000000420000222                      CFT012,,,0,,0,0,0,,,0,
20,12387,23,MCH1,000000000420000222                      CFT0120,,,0,,0,0,0,,,0,
20,12388,23,MCH1,000000000420000222                      CFT0121,,,0,,0,0,0,,,0,
20,12389,23,MCH1,000000000420000222                      CFT0122,,,0,,0,0,0,,,0,
20,12390,23,MCH1,000000000420000222                      CFT013,,,0,,0,0,0,,,0,
20,12391,23,MCH1,000000000420000222                      CFT014,,,0,,0,0,0,,,0,
20,12392,23,MCH1,000000000420000222                      CFT015,,,0,,0,0,0,,,0,
20,12393,23,MCH1,000000000420000222                      CFT016,,,0,,0,0,0,,,0,
20,12394,23,MCH1,000000000420000222                      CFT017,,,0,,0,0,0,,,0,
20,12395,23,MCH1,000000000420000222                      CFT018,,,0,,0,0,0,,,0,
20,12396,23,MCH1,000000000420000222                      CFT019,,,0,,0,0,0,,,0,
20,12397,23,MCH1,000000000420000222                      CFT021,,,0,,0,0,0,,,0,
20,12398,23,MCH1,000000000420000222                      CFT0210,,,0,,0,0,0,,,0,
20,12399,23,MCH1,000000000420000222                      CFT0211,,,0,,0,0,0,,,0,
20,12400,23,MCH1,000000000420000222                      CFT0212,,,0,,0,0,0,,,0,
20,12401,23,MCH1,000000000420000222                      CFT0213,,,0,,0,0,0,,,0,
20,12402,23,MCH1,000000000420000222                      CFT0214,,,0,,0,0,0,,,0,
20,12403,23,MCH1,000000000420000222                      CFT0215,,,0,,0,0,0,,,0,
20,12404,23,MCH1,000000000420000222                      CFT0216,,,0,,0,0,0,,,0,
20,12405,23,MCH1,000000000420000222                      CFT0217,,,0,,0,0,0,,,0,
20,12406,23,MCH1,000000000420000222                      CFT022,,,0,,0,0,0,,,0,
20,12407,23,MCH1,000000000420000222                      CFT023,,,0,,0,0,0,,,0,
20,12408,23,MCH1,000000000420000222                      CFT024,,,0,,0,0,0,,,0,
20,12409,23,MCH1,000000000420000222                      CFT025,,,0,,0,0,0,,,0,
20,12410,23,MCH1,000000000420000222                      CFT026,,,0,,0,0,0,,,0,
20,12411,23,MCH1,000000000420000222                      CFT027,,,0,,0,0,0,,,0,
20,12412,23,MCH1,000000000420000222                      CFT028,,,0,,0,0,0,,,0,
20,12413,23,MCH1,000000000420000222                      CFT029,,,0,,0,0,0,,,0,
20,12414,23,MCH1,000000000420000222                      CFT0301,,,0,,0,0,0,,,0,
20,12415,23,MCH1,000000000420000222                      CFT0302,,,0,,0,0,0,,,0,
20,12416,23,MCH1,000000000420000222                      CFT0303,,,0,,0,0,0,,,0,
20,12417,23,MCH1,000000000420000222                      CFT0305,,,0,,0,0,0,,,0,
20,12418,23,MCH1,000000000420000222                      CFT0306,,,0,,0,0,0,,,0,
20,12419,23,MCH1,000000000420000222                      CFT0308,,,0,,0,0,0,,,0,
20,12420,23,MCH1,000000000420000222                      CFT0309,,,0,,0,0,0,,,0,
20,12421,23,MCH1,000000000420000222                      CFT0310,,,0,,0,0,0,,,0,
20,12422,23,MCH1,000000000420000222                      FFT0301,,,0,,0,0,0,,,0,
20,12423,23,MCH1,000000000420000222                      FFT0302,,,0,,0,0,0,,,0,
20,12424,23,MCH1,000000000420000222                      FFT0303,,,0,,0,0,0,,,0,
20,12425,23,MCH1,000000000420000222                      FFT0304,,,0,,0,0,0,,,0,
20,12426,23,MCH1,000000000420000222                      FFT0305,,,0,,0,0,0,,,0,
20,12427,23,MCH1,000000000420000222                      FFT0306,,,0,,0,0,0,,,0,
20,12428,23,MCH1,000000000420000222                      FFT0307,,,0,,0,0,0,,,0,
20,12429,23,MCH1,000000000420000222                      FFT0308,,,0,,0,0,0,,,0,
20,13024,23,MCH1,000000000420000115                      ICD0411,,,0,,0,0,0,,,0,
20,13025,23,MCH1,000000000420000115                      ICD0412,,,0,,0,0,0,,,0,
20,13026,23,MCH1,000000000420000115                      ICD0413,,,0,,0,0,0,,,0,
20,13027,23,MCH1,000000000420000115                      ICD0414,,,0,,0,0,0,,,0,
20,13028,23,MCH1,000000000420000115                      ICD0415,,,0,,0,0,0,,,0,
20,13029,23,MCH1,000000000420000115                      ICD0416,,,0,,0,0,0,,,0,
20,13030,23,MCH1,000000000420000115                      ICD0417,,,0,,0,0,0,,,0,
20,13031,23,MCH1,000000000420000115                      ICD0418,,,0,,0,0,0,,,0,
20,13032,23,MCH1,000000000420000115                      ICD0419,,,0,,0,0,0,,,0,
20,13033,23,MCH1,000000000420000115                      ICD0420,,,0,,0,0,0,,,0,
20,13034,23,MCH1,000000000420000115                      ICD0421,,,0,,0,0,0,,,0,
20,13035,23,MCH1,000000000420000115                      NCD01100,,,0,,0,0,0,,,0,
20,13036,23,MCH1,000000000420000115                      NCD01101,,,0,,0,0,0,,,0,
20,13037,23,MCH1,000000000420000115                      NCD01102,,,0,,0,0,0,,,0,
20,13038,23,MCH1,000000000420000115                      NCD01103,,,0,,0,0,0,,,0,
20,13039,23,MCH1,000000000420000115                      NCD01104,,,0,,0,0,0,,,0,
20,13040,23,MCH1,000000000420000115                      NCD01105,,,0,,0,0,0,,,0,
20,13041,23,MCH1,000000000420000115                      NCD01106,,,0,,0,0,0,,,0,
20,13042,23,MCH1,000000000420000115                      NCD01107,,,0,,0,0,0,,,0,
20,13043,23,MCH1,000000000420000115                      NCD01108,,,0,,0,0,0,,,0,
20,13044,23,MCH1,000000000420000115                      NCD01109,,,0,,0,0,0,,,0,
20,13045,23,MCH1,000000000420000115                      NCD01110,,,0,,0,0,0,,,0,
20,13046,23,MCH1,000000000420000115                      NCD01111,,,0,,0,0,0,,,0,
20,13047,23,MCH1,000000000420000115                      NCD01112,,,0,,0,0,0,,,0,
20,13048,23,MCH1,000000000420000115                      NCD01113,,,0,,0,0,0,,,0,
20,13049,23,MCH1,000000000420000115                      NCD01114,,,0,,0,0,0,,,0,
20,13050,23,MCH1,000000000420000115                      NCD01115,,,0,,0,0,0,,,0,
20,13051,23,MCH1,000000000420000115                      NCD01116,,,0,,0,0,0,,,0,
20,13052,23,MCH1,000000000420000115                      NCD01117,,,0,,0,0,0,,,0,
20,13053,23,MCH1,000000000420000115                      NCD01118,,,0,,0,0,0,,,0,
20,13054,23,MCH1,000000000420000115                      NCD01119,,,0,,0,0,0,,,0,
20,13055,23,MCH1,000000000420000115                      NCD01120,,,0,,0,0,0,,,0,
20,13056,23,MCH1,000000000420000115                      NCD01121,,,0,,0,0,0,,,0,
20,13057,23,MCH1,000000000420000115                      NCD01122,,,0,,0,0,0,,,0,
20,13058,23,MCH1,000000000420000115                      NCD01123,,,0,,0,0,0,,,0,
20,13059,23,MCH1,000000000420000115                      NCD0182,,,0,,0,0,0,,,0,
20,13060,23,MCH1,000000000420000115                      NCD0183,,,0,,0,0,0,,,0,
20,13061,23,MCH1,000000000420000115                      NCD0184,,,0,,0,0,0,,,0,
20,13062,23,MCH1,000000000420000115                      NCD0185,,,0,,0,0,0,,,0,
20,13063,23,MCH1,000000000420000115                      NCD0186,,,0,,0,0,0,,,0,
20,13064,23,MCH1,000000000420000115                      NCD0187,,,0,,0,0,0,,,0,
20,13065,23,MCH1,000000000420000115                      NCD0188,,,0,,0,0,0,,,0,
20,13066,23,MCH1,000000000420000115                      NCD0189,,,0,,0,0,0,,,0,
20,13067,23,MCH1,000000000420000115                      NCD0190,,,0,,0,0,0,,,0,
20,13068,23,MCH1,000000000420000115                      NCD0191,,,0,,0,0,0,,,0,
20,13069,23,MCH1,000000000420000115                      NCD0192,,,0,,0,0,0,,,0,
20,13070,23,MCH1,000000000420000115                      NCD0193,,,0,,0,0,0,,,0,
20,13071,23,MCH1,000000000420000115                      NCD0194,,,0,,0,0,0,,,0,
20,13072,23,MCH1,000000000420000115                      NCD0195,,,0,,0,0,0,,,0,
20,13073,23,MCH1,000000000420000115                      NCD0196,,,0,,0,0,0,,,0,
20,13074,23,MCH1,000000000420000115                      NCD0197,,,0,,0,0,0,,,0,
20,13075,23,MCH1,000000000420000115                      NCD0198,,,0,,0,0,0,,,0,
20,13076,23,MCH1,000000000420000115                      NCD0199,,,0,,0,0,0,,,0,
20,13077,23,MCH1,000000000420000115                      NCD0201,,,0,,0,0,0,,,0,
20,13078,23,MCH1,000000000420000115                      NCD0202,,,0,,0,0,0,,,0,
20,13079,23,MCH1,000000000420000115                      NCD0203,,,0,,0,0,0,,,0,
20,13080,23,MCH1,000000000420000115                      NCD0204,,,0,,0,0,0,,,0,
20,13081,23,MCH1,000000000420000115                      NCD0205,,,0,,0,0,0,,,0,
20,13082,23,MCH1,000000000420000115                      NCD0206,,,0,,0,0,0,,,0,
20,13083,23,MCH1,000000000420000115                      NCD0207,,,0,,0,0,0,,,0,
20,13084,23,MCH1,000000000420000115                      NCD0208,,,0,,0,0,0,,,0,
20,13085,23,MCH1,000000000420000115                      NCD0209,,,0,,0,0,0,,,0,
20,13086,23,MCH1,000000000420000115                      NCD0210,,,0,,0,0,0,,,0,
20,13087,23,MCH1,000000000420000115                      NCD0211,,,0,,0,0,0,,,0,
20,13088,23,MCH1,000000000420000115                      NCD0212,,,0,,0,0,0,,,0,
20,13089,23,MCH1,000000000420000115                      NCD0213,,,0,,0,0,0,,,0,
20,13090,23,MCH1,000000000420000115                      NCD0214,,,0,,0,0,0,,,0,
20,13091,23,MCH1,000000000420000115                      NCD0215,,,0,,0,0,0,,,0,
20,13092,23,MCH1,000000000420000115                      NCD0216,,,0,,0,0,0,,,0,
20,13093,23,MCH1,000000000420000115                      NCD0217,,,0,,0,0,0,,,0,
20,13094,23,MCH1,000000000420000115                      NCD0218,,,0,,0,0,0,,,0,
20,13095,23,MCH1,000000000420000115                      NCD0219,,,0,,0,0,0,,,0,
20,13096,23,MCH1,000000000420000115                      NCD0220,,,0,,0,0,0,,,0,
20,13097,23,MCH1,000000000420000115                      NCD0221,,,0,,0,0,0,,,0,
20,13098,23,MCH1,000000000420000115                      NCD0222,,,0,,0,0,0,,,0,
20,13099,23,MCH1,000000000420000115                      NCD0223,,,0,,0,0,0,,,0,
20,13100,23,MCH1,000000000420000115                      NCD0224,,,0,,0,0,0,,,0,
20,13101,23,MCH1,000000000420000115                      NCD0225,,,0,,0,0,0,,,0,
20,13102,23,MCH1,000000000420000115                      NCD0226,,,0,,0,0,0,,,0,
20,13103,23,MCH1,000000000420000115                      NCD0227,,,0,,0,0,0,,,0,
20,13104,23,MCH1,000000000420000115                      NCD0228,,,0,,0,0,0,,,0,
20,13105,23,MCH1,000000000420000115                      NCD0229,,,0,,0,0,0,,,0,
20,13106,23,MCH1,000000000420000115                      NCD0230,,,0,,0,0,0,,,0,
20,13107,23,MCH1,000000000420000115                      NCD0231,,,0,,0,0,0,,,0,
20,13108,23,MCH1,000000000420000115                      NCD0232,,,0,,0,0,0,,,0,
20,13109,23,MCH1,000000000420000115                      NCD0233,,,0,,0,0,0,,,0,
20,13110,23,MCH1,000000000420000115                      NCD0234,,,0,,0,0,0,,,0,
20,13111,23,MCH1,000000000420000115                      NCD0235,,,0,,0,0,0,,,0,
20,13112,23,MCH1,000000000420000115                      NCD0236,,,0,,0,0,0,,,0,
20,13113,23,MCH1,000000000420000115                      NCD0237,,,0,,0,0,0,,,0,
20,13114,23,MCH1,000000000420000115                      NCD0238,,,0,,0,0,0,,,0,
20,13115,23,MCH1,000000000420000115                      NCD0239,,,0,,0,0,0,,,0,
20,13116,23,MCH1,000000000420000115                      NCD0240,,,0,,0,0,0,,,0,
20,13117,23,MCH1,000000000420000115                      NCD0241,,,0,,0,0,0,,,0,
20,13118,23,MCH1,000000000420000115                      NCD0242,,,0,,0,0,0,,,0,
20,13119,23,MCH1,000000000420000115                      NCD0243,,,0,,0,0,0,,,0,
20,13120,23,MCH1,000000000420000115                      NCD0244,,,0,,0,0,0,,,0,
20,13121,23,MCH1,000000000420000115                      NCD0245,,,0,,0,0,0,,,0,
20,13122,23,MCH1,000000000420000115                      NCD0246,,,0,,0,0,0,,,0,
20,10152,23,MCH1,000000000420000107                      SZH0206,,,0,,0,0,0,,,0,
20,10153,23,MCH1,000000000420000107                      SZH0207,,,0,,0,0,0,,,0,
20,10154,23,MCH1,000000000420000107                      SZH0208,,,0,,0,0,0,,,0,
20,10155,23,MCH1,000000000420000107                      SZH0209,,,0,,0,0,0,,,0,
20,10156,23,MCH1,000000000420000107                      SZH0210,,,0,,0,0,0,,,0,
20,10157,23,MCH1,000000000420000107                      SZH0211,,,0,,0,0,0,,,0,
20,10158,23,MCH1,000000000420000107                      SZH0212,,,0,,0,0,0,,,0,
20,10159,23,MCH1,000000000420000107                      SZH0213,,,0,,0,0,0,,,0,
20,10160,23,MCH1,000000000420000107                      SZH0214,,,0,,0,0,0,,,0,
20,10161,23,MCH1,000000000420000107                      SZH0215,,,0,,0,0,0,,,0,
20,10162,23,MCH1,000000000420000107                      SZH0216,,,0,,0,0,0,,,0,
20,10163,23,MCH1,000000000420000107                      SZH0301,,,0,,0,0,0,,,0,
20,10164,23,MCH1,000000000420000107                      SZH0302,,,0,,0,0,0,,,0,
20,10165,23,MCH1,000000000420000107                      SZH0303,,,0,,0,0,0,,,0,
20,10166,23,MCH1,000000000420000107                      SZH0304,,,0,,0,0,0,,,0,
20,10167,23,MCH1,000000000420000107                      SZH0305,,,0,,0,0,0,,,0,
20,10168,23,MCH1,000000000420000107                      SZH0306,,,0,,0,0,0,,,0,
20,10169,23,MCH1,000000000420000107                      SZH0307,,,0,,0,0,0,,,0,
20,10170,23,MCH1,000000000420000107                      SZH0308,,,0,,0,0,0,,,0,
20,10171,23,MCH1,000000000420000107                      SZH0309,,,0,,0,0,0,,,0,
20,10172,23,MCH1,000000000420000107                      SZH0310,,,0,,0,0,0,,,0,
20,10173,23,MCH1,000000000420000107                      SZH0311,,,0,,0,0,0,,,0,
20,10174,23,MCH1,000000000420000107                      SZH0312,,,0,,0,0,0,,,0,
20,10175,23,MCH1,000000000420000107                      SZH0313,,,0,,0,0,0,,,0,
20,10176,23,MCH1,000000000420000107                      SZH0401,,,0,,0,0,0,,,0,
20,10177,23,MCH1,000000000420000107                      SZH0402,,,0,,0,0,0,,,0,
20,10178,23,MCH1,000000000420000107                      SZH0403,,,0,,0,0,0,,,0,
20,10179,23,MCH1,000000000420000107                      SZH0404,,,0,,0,0,0,,,0,
20,10180,23,MCH1,000000000420000107                      SZH0405,,,0,,0,0,0,,,0,
20,10181,23,MCH1,000000000420000110                      SZL011,,,0,,0,0,0,,,0,
20,10182,23,MCH1,000000000420000110                      SZL012,,,0,,0,0,0,,,0,
20,10183,23,MCH1,000000000420000110                      SZL0201,,,0,,0,0,0,,,0,
20,10184,23,MCH1,000000000420000110                      SZL0202,,,0,,0,0,0,,,0,
20,10185,23,MCH1,000000000420000110                      SZL0203,,,0,,0,0,0,,,0,
20,10186,23,MCH1,000000000420000110                      SZL0204,,,0,,0,0,0,,,0,
20,10187,23,MCH1,000000000420000110                      SZL0205,,,0,,0,0,0,,,0,
20,10188,23,MCH1,000000000420000110                      SZL0206,,,0,,0,0,0,,,0,
20,10189,23,MCH1,000000000420000110                      SZL0207,,,0,,0,0,0,,,0,
20,10190,23,MCH1,000000000420000110                      SZL0208,,,0,,0,0,0,,,0,
20,10191,23,MCH1,000000000420000110                      SZL0209,,,0,,0,0,0,,,0,
20,10192,23,MCH1,000000000420000110                      SZL0210,,,0,,0,0,0,,,0,
20,10193,23,MCH1,000000000420000110                      SZL0211,,,0,,0,0,0,,,0,
20,10194,23,MCH1,000000000420000110                      SZL0212,,,0,,0,0,0,,,0,
20,10195,23,MCH1,000000000420000110                      SZL0213,,,0,,0,0,0,,,0,
20,10196,23,MCH1,000000000420000110                      SZL0301,,,0,,0,0,0,,,0,
20,10197,23,MCH1,000000000420000110                      SZL0302,,,0,,0,0,0,,,0,
20,10198,23,MCH1,000000000420000110                      SZL0303,,,0,,0,0,0,,,0,
20,10199,23,MCH1,000000000420000110                      SZL0304,,,0,,0,0,0,,,0,
20,10200,23,MCH1,000000000420000110                      SZL0305,,,0,,0,0,0,,,0,
20,10201,23,MCH1,000000000420000110                      SZL0306,,,0,,0,0,0,,,0,
20,10202,23,MCH1,000000000420000111                      SZH0301,,,0,,0,0,0,,,0,
20,10203,23,MCH1,000000000420000111                      SZM0201,,,0,,0,0,0,,,0,
20,10204,23,MCH1,000000000420000111                      SZM0202,,,0,,0,0,0,,,0,
20,10205,23,MCH1,000000000420000111                      SZM0203,,,0,,0,0,0,,,0,
20,10206,23,MCH1,000000000420000111                      SZM0204,,,0,,0,0,0,,,0,
20,10207,23,MCH1,000000000420000111                      SZM0205,,,0,,0,0,0,,,0,
20,10208,23,MCH1,000000000420000111                      SZM0206,,,0,,0,0,0,,,0,
20,10209,23,MCH1,000000000420000111                      SZM0301,,,0,,0,0,0,,,0,
20,10210,23,MCH1,000000000420000111                      SZM0302,,,0,,0,0,0,,,0,
20,10211,23,MCH1,000000000420000468                      MEN0102,,,0,,0,0,0,,,0,
20,10212,23,MCH1,000000000420000468                      MEN0103,,,0,,0,0,0,,,0,
20,10213,23,MCH1,000000000420000468                      MEN0104,,,0,,0,0,0,,,0,
20,10214,23,MCH1,000000000420000468                      MEN0105,,,0,,0,0,0,,,0,
20,10215,23,MCH1,000000000420000468                      MEN0106,,,0,,0,0,0,,,0,
20,10216,23,MCH1,000000000420000468                      MEN0108,,,0,,0,0,0,,,0,
20,10217,23,MCH1,000000000420000468                      MEN0109,,,0,,0,0,0,,,0,
20,10218,23,MCH1,000000000420000468                      MEN0110,,,0,,0,0,0,,,0,
20,10219,23,MCH1,000000000420000468                      MEN0111,,,0,,0,0,0,,,0,
20,10220,23,MCH1,000000000420000468                      MEN0201,,,0,,0,0,0,,,0,
20,10221,23,MCH1,000000000420000468                      MEN0202,,,0,,0,0,0,,,0,
20,10222,23,MCH1,000000000420000468                      MEN0203,,,0,,0,0,0,,,0,
20,10223,23,MCH1,000000000420000468                      MEN0204,,,0,,0,0,0,,,0,
20,10224,23,MCH1,000000000420000468                      MEN0206,,,0,,0,0,0,,,0,
20,10225,23,MCH1,000000000420000468                      MEN0207,,,0,,0,0,0,,,0,
20,10226,23,MCH1,000000000420000468                      MEN0209,,,0,,0,0,0,,,0,
20,10227,23,MCH1,000000000420000468                      MEN0301,,,0,,0,0,0,,,0,
20,10228,23,MCH1,000000000420000468                      MEN0302,,,0,,0,0,0,,,0,
20,10229,23,MCH1,000000000420000468                      MEN0401,,,0,,0,0,0,,,0,
20,10230,23,MCH1,000000000420000468                      MEN0402,,,0,,0,0,0,,,0,
20,10231,23,MCH1,000000000420000468                      MEN0403,,,0,,0,0,0,,,0,
20,10232,23,MCH1,000000000420000158                      CED0110,,,0,,0,0,0,,,0,
20,10233,23,MCH1,000000000420000158                      CED0111,,,0,,0,0,0,,,0,
20,10234,23,MCH1,000000000420000158                      CED0112,,,0,,0,0,0,,,0,
20,10235,23,MCH1,000000000420000158                      CED0113,,,0,,0,0,0,,,0,
20,10236,23,MCH1,000000000420000158                      CED0114,,,0,,0,0,0,,,0,
20,10237,23,MCH1,000000000420000158                      CED0115,,,0,,0,0,0,,,0,
20,10238,23,MCH1,000000000420000158                      CED0116,,,0,,0,0,0,,,0,
20,10239,23,MCH1,000000000420000158                      CED0117,,,0,,0,0,0,,,0,
20,10240,23,MCH1,000000000420000158                      CED0118,,,0,,0,0,0,,,0,
20,10241,23,MCH1,000000000420000158                      CED0119,,,0,,0,0,0,,,0,
20,10242,23,MCH1,000000000420000158                      CED0120,,,0,,0,0,0,,,0,
20,10243,23,MCH1,000000000420000158                      CED0121,,,0,,0,0,0,,,0,
20,10244,23,MCH1,000000000420000158                      CED0122,,,0,,0,0,0,,,0,
20,10245,23,MCH1,000000000420000158                      CED0123,,,0,,0,0,0,,,0,
20,10246,23,MCH1,000000000420000158                      CED0124,,,0,,0,0,0,,,0,
20,10247,23,MCH1,000000000420000158                      CED0125,,,0,,0,0,0,,,0,
20,10248,23,MCH1,000000000420000158                      CED0126,,,0,,0,0,0,,,0,
20,10249,23,MCH1,000000000420000158                      CED0127,,,0,,0,0,0,,,0,
20,10250,23,MCH1,000000000420000158                      CED0128,,,0,,0,0,0,,,0,
20,10647,23,MCH1,000000000420000185                      CET016,,,0,,0,0,0,,,0,
20,10648,23,MCH1,000000000420000185                      CET017,,,0,,0,0,0,,,0,
20,10649,23,MCH1,000000000420000185                      CET018,,,0,,0,0,0,,,0,
20,10650,23,MCH1,000000000420000185                      CET019,,,0,,0,0,0,,,0,
20,10651,23,MCH1,000000000420000185                      CET021,,,0,,0,0,0,,,0,
20,10652,23,MCH1,000000000420000185                      CET0210,,,0,,0,0,0,,,0,
20,10653,23,MCH1,000000000420000185                      CET0211,,,0,,0,0,0,,,0,
20,10654,23,MCH1,000000000420000185                      CET0212,,,0,,0,0,0,,,0,
20,10655,23,MCH1,000000000420000185                      CET0213,,,0,,0,0,0,,,0,
20,10656,23,MCH1,000000000420000185                      CET0214,,,0,,0,0,0,,,0,
20,10657,23,MCH1,000000000420000185                      CET022,,,0,,0,0,0,,,0,
20,10658,23,MCH1,000000000420000185                      CET023,,,0,,0,0,0,,,0,
20,10659,23,MCH1,000000000420000185                      CET024,,,0,,0,0,0,,,0,
20,10660,23,MCH1,000000000420000185                      CET025,,,0,,0,0,0,,,0,
20,10661,23,MCH1,000000000420000185                      CET026,,,0,,0,0,0,,,0,
20,10662,23,MCH1,000000000420000185                      CET027,,,0,,0,0,0,,,0,
20,10663,23,MCH1,000000000420000185                      CET028,,,0,,0,0,0,,,0,
20,10664,23,MCH1,000000000420000185                      CET029,,,0,,0,0,0,,,0,
20,10665,23,MCH1,000000000420000185                      EET0302,,,0,,0,0,0,,,0,
20,10666,23,MCH1,000000000420000185                      EET0303,,,0,,0,0,0,,,0,
20,10667,23,MCH1,000000000420000185                      EET0304,,,0,,0,0,0,,,0,
20,10668,23,MCH1,000000000420000185                      EET0305,,,0,,0,0,0,,,0,
20,10669,23,MCH1,000000000420000185                      EET0306,,,0,,0,0,0,,,0,
20,10670,23,MCH1,000000000420000185                      EET0307,,,0,,0,0,0,,,0,
20,10671,23,MCH1,000000000420000185                      EET0308,,,0,,0,0,0,,,0,
20,10672,23,MCH1,000000000420000185                      EET0309,,,0,,0,0,0,,,0,
20,10673,23,MCH1,000000000420000185                      EET0310,,,0,,0,0,0,,,0,
20,10674,23,MCH1,000000000420000185                      EET0311,,,0,,0,0,0,,,0,
20,10675,23,MCH1,000000000420000185                      EET0312,,,0,,0,0,0,,,0,
20,10676,23,MCH1,000000000420000185                      EET0313,,,0,,0,0,0,,,0,
20,10677,23,MCH1,000000000420000185                      EET0314,,,0,,0,0,0,,,0,
20,10678,23,MCH1,000000000420000185                      EET0315,,,0,,0,0,0,,,0,
20,10679,23,MCH1,000000000420000185                      EET0316,,,0,,0,0,0,,,0,
20,10680,23,MCH1,000000000420000185                      EET0317,,,0,,0,0,0,,,0,
20,10681,23,MCH1,000000000420000185                      EET0318,,,0,,0,0,0,,,0,
20,10682,23,MCH1,000000000420000185                      EET0319,,,0,,0,0,0,,,0,
20,10683,23,MCH1,000000000420000185                      EET0320,,,0,,0,0,0,,,0,
20,10684,23,MCH1,000000000420000185                      EET0321,,,0,,0,0,0,,,0,
20,10685,23,MCH1,000000000420000185                      EET0322,,,0,,0,0,0,,,0,
20,10686,23,MCH1,000000000420000185                      EET0323,,,0,,0,0,0,,,0,
20,10687,23,MCH1,000000000420000185                      EET0324,,,0,,0,0,0,,,0,
20,10688,23,MCH1,000000000420000185                      EET0325,,,0,,0,0,0,,,0,
20,10689,23,MCH1,000000000420000185                      EET0326,,,0,,0,0,0,,,0,
20,10690,23,MCH1,000000000420000185                      EET0327,,,0,,0,0,0,,,0,
20,10691,23,MCH1,000000000420000185                      EET0328,,,0,,0,0,0,,,0,
20,10692,23,MCH1,000000000420000185                      EET0329,,,0,,0,0,0,,,0,
20,10693,23,MCH1,000000000420000185                      EET0330,,,0,,0,0,0,,,0,
20,10694,23,MCH1,000000000420000185                      EET0331,,,0,,0,0,0,,,0,
20,10695,23,MCH1,000000000420000185                      EET0332,,,0,,0,0,0,,,0,
20,10696,23,MCH1,000000000420000185                      EET0333,,,0,,0,0,0,,,0,
20,10697,23,MCH1,000000000420000185                      EET0334,,,0,,0,0,0,,,0,
20,10698,23,MCH1,000000000420000185                      EET0335,,,0,,0,0,0,,,0,
20,10699,23,MCH1,000000000420000185                      EET0336,,,0,,0,0,0,,,0,
20,10700,23,MCH1,000000000420000185                      EET0337,,,0,,0,0,0,,,0,
20,10701,23,MCH1,000000000420000185                      EET0338,,,0,,0,0,0,,,0,
20,10702,23,MCH1,000000000420000185                      EET0401,,,0,,0,0,0,,,0,
20,10703,23,MCH1,000000000420000185                      EET0402,,,0,,0,0,0,,,0,
20,10704,23,MCH1,000000000420000185                      EET0403,,,0,,0,0,0,,,0,
20,10705,23,MCH1,000000000420000185                      EET0404,,,0,,0,0,0,,,0,
20,10706,23,MCH1,000000000420000185                      EET0405,,,0,,0,0,0,,,0,
20,10707,23,MCH1,000000000420000185                      EET0406,,,0,,0,0,0,,,0,
20,10708,23,MCH1,000000000420000185                      EET0407,,,0,,0,0,0,,,0,
20,10709,23,MCH1,000000000420000185                      EET0408,,,0,,0,0,0,,,0,
20,10710,23,MCH1,000000000420000185                      EET0409,,,0,,0,0,0,,,0,
20,10711,23,MCH1,000000000420000185                      EET0410,,,0,,0,0,0,,,0,
20,10712,23,MCH1,000000000420000185                      EET0411,,,0,,0,0,0,,,0,
20,10713,23,MCH1,000000000420000185                      EET0412,,,0,,0,0,0,,,0,
20,10714,23,MCH1,000000000420000185                      EET0413,,,0,,0,0,0,,,0,
20,10715,23,MCH1,000000000420000185                      ET011,,,0,,0,0,0,,,0,
20,10716,23,MCH1,000000000420000185                      ET0110,,,0,,0,0,0,,,0,
20,10717,23,MCH1,000000000420000185                      ET0111,,,0,,0,0,0,,,0,
20,10718,23,MCH1,000000000420000185                      ET012,,,0,,0,0,0,,,0,
20,10719,23,MCH1,000000000420000185                      ET013,,,0,,0,0,0,,,0,
20,10720,23,MCH1,000000000420000185                      ET014,,,0,,0,0,0,,,0,
20,10721,23,MCH1,000000000420000185                      ET015,,,0,,0,0,0,,,0,
20,10722,23,MCH1,000000000420000185                      ET016,,,0,,0,0,0,,,0,
20,10723,23,MCH1,000000000420000185                      ET017,,,0,,0,0,0,,,0,
20,10724,23,MCH1,000000000420000185                      ET018,,,0,,0,0,0,,,0,
20,10725,23,MCH1,000000000420000185                      ET019,,,0,,0,0,0,,,0,
20,10726,23,MCH1,000000000420000185                      ET021,,,0,,0,0,0,,,0,
20,10727,23,MCH1,000000000420000185                      ET0210,,,0,,0,0,0,,,0,
20,10728,23,MCH1,000000000420000185                      ET0211,,,0,,0,0,0,,,0,
20,10729,23,MCH1,000000000420000185                      ET0212,,,0,,0,0,0,,,0,
20,10730,23,MCH1,000000000420000185                      ET0213,,,0,,0,0,0,,,0,
20,10731,23,MCH1,000000000420000185                      ET0214,,,0,,0,0,0,,,0,
20,10732,23,MCH1,000000000420000185                      ET0217,,,0,,0,0,0,,,0,
20,10733,23,MCH1,000000000420000185                      ET022,,,0,,0,0,0,,,0,
20,10734,23,MCH1,000000000420000185                      ET023,,,0,,0,0,0,,,0,
20,10735,23,MCH1,000000000420000185                      ET024,,,0,,0,0,0,,,0,
20,10736,23,MCH1,000000000420000185                      ET025,,,0,,0,0,0,,,0,
20,10737,23,MCH1,000000000420000185                      ET026,,,0,,0,0,0,,,0,
20,10738,23,MCH1,000000000420000185                      ET027,,,0,,0,0,0,,,0,
20,10739,23,MCH1,000000000420000185                      ET028,,,0,,0,0,0,,,0,
20,10740,23,MCH1,000000000420000185                      ET029,,,0,,0,0,0,,,0,
20,10741,23,MCH1,000000000420000185                      JET0301,,,0,,0,0,0,,,0,
20,10742,23,MCH1,000000000420000185                      JET0302,,,0,,0,0,0,,,0,
20,10743,23,MCH1,000000000420000185                      JET0303,,,0,,0,0,0,,,0,
20,10744,23,MCH1,000000000420000185                      JET0304,,,0,,0,0,0,,,0,
20,10745,23,MCH1,000000000420000185                      JET0305,,,0,,0,0,0,,,0,
20,10945,23,MCH1,000000000420000273                      N0039,,,0,,0,0,0,,,0,
20,10946,23,MCH1,000000000420000273                      N0040,,,0,,0,0,0,,,0,
20,10947,23,MCH1,000000000420000273                      N0041,,,0,,0,0,0,,,0,
20,10948,23,MCH1,000000000420000273                      N0042,,,0,,0,0,0,,,0,
20,10949,23,MCH1,000000000420000273                      N0043,,,0,,0,0,0,,,0,
20,10950,23,MCH1,000000000420000273                      N0044,,,0,,0,0,0,,,0,
20,10951,23,MCH1,000000000420000273                      N0045,,,0,,0,0,0,,,0,
20,10952,23,MCH1,000000000420000273                      N0046,,,0,,0,0,0,,,0,
20,10953,23,MCH1,000000000420000273                      N0047,,,0,,0,0,0,,,0,
20,10954,23,MCH1,000000000420000273                      N0048,,,0,,0,0,0,,,0,
20,10955,23,MCH1,000000000420000273                      N0049,,,0,,0,0,0,,,0,
20,10956,23,MCH1,000000000420000273                      N005,,,0,,0,0,0,,,0,
20,10957,23,MCH1,000000000420000273                      N0050,,,0,,0,0,0,,,0,
20,10958,23,MCH1,000000000420000273                      N0052,,,0,,0,0,0,,,0,
20,10959,23,MCH1,000000000420000273                      N0053,,,0,,0,0,0,,,0,
20,10960,23,MCH1,000000000420000273                      N0054,,,0,,0,0,0,,,0,
20,10961,23,MCH1,000000000420000273                      N0055,,,0,,0,0,0,,,0,
20,10962,23,MCH1,000000000420000273                      N0056,,,0,,0,0,0,,,0,
20,10963,23,MCH1,000000000420000273                      N0057,,,0,,0,0,0,,,0,
20,10964,23,MCH1,000000000420000273                      N0058,,,0,,0,0,0,,,0,
20,10965,23,MCH1,000000000420000273                      N0059,,,0,,0,0,0,,,0,
20,10966,23,MCH1,000000000420000273                      N006,,,0,,0,0,0,,,0,
20,10967,23,MCH1,000000000420000273                      N0060,,,0,,0,0,0,,,0,
20,10968,23,MCH1,000000000420000273                      N0061,,,0,,0,0,0,,,0,
20,10969,23,MCH1,000000000420000273                      N0062,,,0,,0,0,0,,,0,
20,10970,23,MCH1,000000000420000273                      N0063,,,0,,0,0,0,,,0,
20,10971,23,MCH1,000000000420000273                      N0064,,,0,,0,0,0,,,0,
20,10972,23,MCH1,000000000420000273                      N0065,,,0,,0,0,0,,,0,
20,10973,23,MCH1,000000000420000273                      N0066,,,0,,0,0,0,,,0,
20,10974,23,MCH1,000000000420000273                      N0067,,,0,,0,0,0,,,0,
20,10975,23,MCH1,000000000420000273                      N0068,,,0,,0,0,0,,,0,
20,10976,23,MCH1,000000000420000273                      N0069,,,0,,0,0,0,,,0,
20,10977,23,MCH1,000000000420000273                      N007,,,0,,0,0,0,,,0,
20,10978,23,MCH1,000000000420000273                      N0070,,,0,,0,0,0,,,0,
20,10979,23,MCH1,000000000420000273                      N0073,,,0,,0,0,0,,,0,
20,10980,23,MCH1,000000000420000273                      N0074,,,0,,0,0,0,,,0,
20,10981,23,MCH1,000000000420000273                      N0075,,,0,,0,0,0,,,0,
20,10982,23,MCH1,000000000420000273                      N0076,,,0,,0,0,0,,,0,
20,10983,23,MCH1,000000000420000273                      N0078,,,0,,0,0,0,,,0,
20,10984,23,MCH1,000000000420000273                      N0079,,,0,,0,0,0,,,0,
20,10985,23,MCH1,000000000420000273                      N008,,,0,,0,0,0,,,0,
20,10986,23,MCH1,000000000420000273                      N0080,,,0,,0,0,0,,,0,
20,10987,23,MCH1,000000000420000273                      N0081,,,0,,0,0,0,,,0,
20,10988,23,MCH1,000000000420000273                      N0082,,,0,,0,0,0,,,0,
20,10989,23,MCH1,000000000420000273                      N0083,,,0,,0,0,0,,,0,
20,10990,23,MCH1,000000000420000273                      N0084,,,0,,0,0,0,,,0,
20,10991,23,MCH1,000000000420000273                      N0085,,,0,,0,0,0,,,0,
20,10992,23,MCH1,000000000420000273                      N0086,,,0,,0,0,0,,,0,
20,10993,23,MCH1,000000000420000273                      N0087,,,0,,0,0,0,,,0,
20,10994,23,MCH1,000000000420000273                      N0088,,,0,,0,0,0,,,0,
20,10995,23,MCH1,000000000420000273                      N0089,,,0,,0,0,0,,,0,
20,10996,23,MCH1,000000000420000273                      N009,,,0,,0,0,0,,,0,
20,10997,23,MCH1,000000000420000273                      N0090,,,0,,0,0,0,,,0,
20,10998,23,MCH1,000000000420000273                      N0091,,,0,,0,0,0,,,0,
20,10999,23,MCH1,000000000420000273                      N0092,,,0,,0,0,0,,,0,
20,11000,23,MCH1,000000000420000273                      N0093,,,0,,0,0,0,,,0,
20,11001,23,MCH1,000000000420000273                      N0094,,,0,,0,0,0,,,0,
20,11002,23,MCH1,000000000420000273                      N0096,,,0,,0,0,0,,,0,
20,11003,23,MCH1,000000000420000273                      N0097,,,0,,0,0,0,,,0,
20,11004,23,MCH1,000000000420000273                      N0098,,,0,,0,0,0,,,0,
20,11005,23,MCH1,000000000420000273                      N011,,,0,,0,0,0,,,0,
20,11006,23,MCH1,000000000420000273                      N0110,,,0,,0,0,0,,,0,
20,11007,23,MCH1,000000000420000273                      N0111,,,0,,0,0,0,,,0,
20,11008,23,MCH1,000000000420000273                      N0112,,,0,,0,0,0,,,0,
20,11009,23,MCH1,000000000420000273                      N0113,,,0,,0,0,0,,,0,
20,11010,23,MCH1,000000000420000273                      N0114,,,0,,0,0,0,,,0,
20,11011,23,MCH1,000000000420000273                      N0115,,,0,,0,0,0,,,0,
20,11012,23,MCH1,000000000420000273                      N0116,,,0,,0,0,0,,,0,
20,11013,23,MCH1,000000000420000273                      N0117,,,0,,0,0,0,,,0,
20,11014,23,MCH1,000000000420000273                      N0118,,,0,,0,0,0,,,0,
20,11015,23,MCH1,000000000420000273                      N0119,,,0,,0,0,0,,,0,
20,11016,23,MCH1,000000000420000273                      N012,,,0,,0,0,0,,,0,
20,11017,23,MCH1,000000000420000273                      N0120,,,0,,0,0,0,,,0,
20,11018,23,MCH1,000000000420000273                      N0122,,,0,,0,0,0,,,0,
20,11019,23,MCH1,000000000420000273                      N0123,,,0,,0,0,0,,,0,
20,11020,23,MCH1,000000000420000273                      N0124,,,0,,0,0,0,,,0,
20,11021,23,MCH1,000000000420000273                      N0125,,,0,,0,0,0,,,0,
20,11022,23,MCH1,000000000420000273                      N0126,,,0,,0,0,0,,,0,
20,11023,23,MCH1,000000000420000273                      N0127,,,0,,0,0,0,,,0,
20,11024,23,MCH1,000000000420000273                      N0128,,,0,,0,0,0,,,0,
20,11025,23,MCH1,000000000420000273                      N0129,,,0,,0,0,0,,,0,
20,11026,23,MCH1,000000000420000273                      N013,,,0,,0,0,0,,,0,
20,11027,23,MCH1,000000000420000273                      N0130,,,0,,0,0,0,,,0,
20,11028,23,MCH1,000000000420000273                      N0131,,,0,,0,0,0,,,0,
20,11029,23,MCH1,000000000420000273                      N0137,,,0,,0,0,0,,,0,
20,11030,23,MCH1,000000000420000273                      N0138,,,0,,0,0,0,,,0,
20,11031,23,MCH1,000000000420000273                      N0139,,,0,,0,0,0,,,0,
20,11032,23,MCH1,000000000420000273                      N014,,,0,,0,0,0,,,0,
20,11033,23,MCH1,000000000420000273                      N0140,,,0,,0,0,0,,,0,
20,11034,23,MCH1,000000000420000273                      N0141,,,0,,0,0,0,,,0,
20,11035,23,MCH1,000000000420000273                      N0142,,,0,,0,0,0,,,0,
20,11036,23,MCH1,000000000420000273                      N0143,,,0,,0,0,0,,,0,
20,11037,23,MCH1,000000000420000273                      N0144,,,0,,0,0,0,,,0,
20,11038,23,MCH1,000000000420000273                      N0145,,,0,,0,0,0,,,0,
20,11039,23,MCH1,000000000420000273                      N0146,,,0,,0,0,0,,,0,
20,11040,23,MCH1,000000000420000273                      N0147,,,0,,0,0,0,,,0,
20,11041,23,MCH1,000000000420000273                      N0148,,,0,,0,0,0,,,0,
20,11042,23,MCH1,000000000420000273                      N0149,,,0,,0,0,0,,,0,
20,11043,23,MCH1,000000000420000273                      N015,,,0,,0,0,0,,,0,
20,11341,23,MCH1,000000000420000276                      BNT0412,,,0,,0,0,0,,,0,
20,11342,23,MCH1,000000000420000276                      BNT0413,,,0,,0,0,0,,,0,
20,11343,23,MCH1,000000000420000276                      BNT0414,,,0,,0,0,0,,,0,
20,11344,23,MCH1,000000000420000276                      BNT0415,,,0,,0,0,0,,,0,
20,11345,23,MCH1,000000000420000276                      BNT0416,,,0,,0,0,0,,,0,
20,11346,23,MCH1,000000000420000276                      BNT0417,,,0,,0,0,0,,,0,
20,11347,23,MCH1,000000000420000276                      BNT0418,,,0,,0,0,0,,,0,
20,11348,23,MCH1,000000000420000276                      BNT0419,,,0,,0,0,0,,,0,
20,11349,23,MCH1,000000000420000276                      BNT0420,,,0,,0,0,0,,,0,
20,11350,23,MCH1,000000000420000276                      BNT0421,,,0,,0,0,0,,,0,
20,11351,23,MCH1,000000000420000276                      CNT001,,,0,,0,0,0,,,0,
20,11352,23,MCH1,000000000420000276                      CNT002,,,0,,0,0,0,,,0,
20,11353,23,MCH1,000000000420000276                      CNT003,,,0,,0,0,0,,,0,
20,11354,23,MCH1,000000000420000276                      CNT004,,,0,,0,0,0,,,0,
20,11355,23,MCH1,000000000420000276                      CNT005,,,0,,0,0,0,,,0,
20,11356,23,MCH1,000000000420000276                      CNT011,,,0,,0,0,0,,,0,
20,11357,23,MCH1,000000000420000276                      CNT012,,,0,,0,0,0,,,0,
20,11358,23,MCH1,000000000420000276                      CNT013,,,0,,0,0,0,,,0,
20,11359,23,MCH1,000000000420000276                      CNT014,,,0,,0,0,0,,,0,
20,11360,23,MCH1,000000000420000276                      CNT015,,,0,,0,0,0,,,0,
20,11361,23,MCH1,000000000420000276                      CNT1299,,,0,,0,0,0,,,0,
20,11362,23,MCH1,000000000420000276                      ENT001,,,0,,0,0,0,,,0,
20,11363,23,MCH1,000000000420000276                      ENT0010,,,0,,0,0,0,,,0,
20,11364,23,MCH1,000000000420000276                      ENT0011,,,0,,0,0,0,,,0,
20,11365,23,MCH1,000000000420000276                      ENT0012,,,0,,0,0,0,,,0,
20,11366,23,MCH1,000000000420000276                      ENT0013,,,0,,0,0,0,,,0,
20,11367,23,MCH1,000000000420000276                      ENT0014,,,0,,0,0,0,,,0,
20,11368,23,MCH1,000000000420000276                      ENT0015,,,0,,0,0,0,,,0,
20,11369,23,MCH1,000000000420000276                      ENT0016,,,0,,0,0,0,,,0,
20,11370,23,MCH1,000000000420000276                      ENT0017,,,0,,0,0,0,,,0,
20,11371,23,MCH1,000000000420000276                      ENT0018,,,0,,0,0,0,,,0,
20,11372,23,MCH1,000000000420000276                      ENT0019,,,0,,0,0,0,,,0,
20,11373,23,MCH1,000000000420000276                      ENT002,,,0,,0,0,0,,,0,
20,11374,23,MCH1,000000000420000276                      ENT0020,,,0,,0,0,0,,,0,
20,11375,23,MCH1,000000000420000276                      ENT0021,,,0,,0,0,0,,,0,
20,11376,23,MCH1,000000000420000276                      ENT0022,,,0,,0,0,0,,,0,
20,11377,23,MCH1,000000000420000276                      ENT0023,,,0,,0,0,0,,,0,
20,11378,23,MCH1,000000000420000276                      ENT0024,,,0,,0,0,0,,,0,
20,11379,23,MCH1,000000000420000276                      ENT0027,,,0,,0,0,0,,,0,
20,11380,23,MCH1,000000000420000276                      ENT0028,,,0,,0,0,0,,,0,
20,11381,23,MCH1,000000000420000276                      ENT0029,,,0,,0,0,0,,,0,
20,11382,23,MCH1,000000000420000276                      ENT003,,,0,,0,0,0,,,0,
20,11383,23,MCH1,000000000420000276                      ENT0030,,,0,,0,0,0,,,0,
20,11384,23,MCH1,000000000420000276                      ENT0031,,,0,,0,0,0,,,0,
20,11385,23,MCH1,000000000420000276                      ENT0032,,,0,,0,0,0,,,0,
20,11386,23,MCH1,000000000420000276                      ENT0033,,,0,,0,0,0,,,0,
20,11387,23,MCH1,000000000420000276                      ENT0034,,,0,,0,0,0,,,0,
20,11388,23,MCH1,000000000420000276                      ENT0035,,,0,,0,0,0,,,0,
20,11389,23,MCH1,000000000420000276                      ENT0036,,,0,,0,0,0,,,0,
20,11390,23,MCH1,000000000420000276                      ENT0037,,,0,,0,0,0,,,0,
20,11391,23,MCH1,000000000420000276                      ENT0038,,,0,,0,0,0,,,0,
20,11392,23,MCH1,000000000420000276                      ENT0039,,,0,,0,0,0,,,0,
20,11393,23,MCH1,000000000420000276                      ENT004,,,0,,0,0,0,,,0,
20,11394,23,MCH1,000000000420000276                      ENT0040,,,0,,0,0,0,,,0,
20,11395,23,MCH1,000000000420000276                      ENT0041,,,0,,0,0,0,,,0,
20,11396,23,MCH1,000000000420000276                      ENT0043,,,0,,0,0,0,,,0,
20,11397,23,MCH1,000000000420000276                      ENT0044,,,0,,0,0,0,,,0,
20,11398,23,MCH1,000000000420000276                      ENT0045,,,0,,0,0,0,,,0,
20,11399,23,MCH1,000000000420000276                      ENT0046,,,0,,0,0,0,,,0,
20,11400,23,MCH1,000000000420000276                      ENT0047,,,0,,0,0,0,,,0,
20,11401,23,MCH1,000000000420000276                      ENT0048,,,0,,0,0,0,,,0,
20,11402,23,MCH1,000000000420000276                      ENT0049,,,0,,0,0,0,,,0,
20,11403,23,MCH1,000000000420000276                      ENT005,,,0,,0,0,0,,,0,
20,11404,23,MCH1,000000000420000276                      ENT0050,,,0,,0,0,0,,,0,
20,11405,23,MCH1,000000000420000276                      ENT0051,,,0,,0,0,0,,,0,
20,11406,23,MCH1,000000000420000276                      ENT0052,,,0,,0,0,0,,,0,
20,11407,23,MCH1,000000000420000276                      ENT0053,,,0,,0,0,0,,,0,
20,11408,23,MCH1,000000000420000276                      ENT0054,,,0,,0,0,0,,,0,
20,11409,23,MCH1,000000000420000276                      ENT0055,,,0,,0,0,0,,,0,
20,11410,23,MCH1,000000000420000276                      ENT0056,,,0,,0,0,0,,,0,
20,11411,23,MCH1,000000000420000276                      ENT0057,,,0,,0,0,0,,,0,
20,11412,23,MCH1,000000000420000276                      ENT0058,,,0,,0,0,0,,,0,
20,11413,23,MCH1,000000000420000276                      ENT0059,,,0,,0,0,0,,,0,
20,11414,23,MCH1,000000000420000276                      ENT006,,,0,,0,0,0,,,0,
20,11415,23,MCH1,000000000420000276                      ENT0060,,,0,,0,0,0,,,0,
20,11416,23,MCH1,000000000420000276                      ENT0061,,,0,,0,0,0,,,0,
20,11417,23,MCH1,000000000420000276                      ENT0062,,,0,,0,0,0,,,0,
20,11418,23,MCH1,000000000420000276                      ENT0063,,,0,,0,0,0,,,0,
20,11419,23,MCH1,000000000420000276                      ENT0064,,,0,,0,0,0,,,0,
20,11420,23,MCH1,000000000420000276                      ENT0065,,,0,,0,0,0,,,0,
20,11421,23,MCH1,000000000420000276                      ENT0066,,,0,,0,0,0,,,0,
20,11422,23,MCH1,000000000420000276                      ENT0067,,,0,,0,0,0,,,0,
20,11423,23,MCH1,000000000420000276                      ENT0068,,,0,,0,0,0,,,0,
20,11424,23,MCH1,000000000420000276                      ENT0069,,,0,,0,0,0,,,0,
20,11425,23,MCH1,000000000420000276                      ENT007,,,0,,0,0,0,,,0,
20,11426,23,MCH1,000000000420000276                      ENT0071,,,0,,0,0,0,,,0,
20,11427,23,MCH1,000000000420000276                      ENT0072,,,0,,0,0,0,,,0,
20,11428,23,MCH1,000000000420000276                      ENT0073,,,0,,0,0,0,,,0,
20,11429,23,MCH1,000000000420000276                      ENT0074,,,0,,0,0,0,,,0,
20,11430,23,MCH1,000000000420000276                      ENT0075,,,0,,0,0,0,,,0,
20,11431,23,MCH1,000000000420000276                      ENT008,,,0,,0,0,0,,,0,
20,11432,23,MCH1,000000000420000276                      ENT009,,,0,,0,0,0,,,0,
20,11433,23,MCH1,000000000420000276                      ENT011,,,0,,0,0,0,,,0,
20,11434,23,MCH1,000000000420000276                      ENT0110,,,0,,0,0,0,,,0,
20,11435,23,MCH1,000000000420000276                      ENT0111,,,0,,0,0,0,,,0,
20,11436,23,MCH1,000000000420000276                      ENT0112,,,0,,0,0,0,,,0,
20,11437,23,MCH1,000000000420000276                      ENT0113,,,0,,0,0,0,,,0,
20,11438,23,MCH1,000000000420000276                      ENT0114,,,0,,0,0,0,,,0,
20,11439,23,MCH1,000000000420000276                      ENT0115,,,0,,0,0,0,,,0,
20,11539,23,MCH1,000000000420000276                      ENT0226,,,0,,0,0,0,,,0,
20,11540,23,MCH1,000000000420000276                      ENT0227,,,0,,0,0,0,,,0,
20,11541,23,MCH1,000000000420000276                      ENT0228,,,0,,0,0,0,,,0,
20,11542,23,MCH1,000000000420000276                      ENT0229,,,0,,0,0,0,,,0,
20,11543,23,MCH1,000000000420000276                      ENT0230,,,0,,0,0,0,,,0,
20,11544,23,MCH1,000000000420000276                      ENT0231,,,0,,0,0,0,,,0,
20,11545,23,MCH1,000000000420000276                      ENT0232,,,0,,0,0,0,,,0,
20,11546,23,MCH1,000000000420000276                      ENT0233,,,0,,0,0,0,,,0,
20,11547,23,MCH1,000000000420000276                      ENT0234,,,0,,0,0,0,,,0,
20,11548,23,MCH1,000000000420000276                      ENT0235,,,0,,0,0,0,,,0,
20,11549,23,MCH1,000000000420000276                      ENT0236,,,0,,0,0,0,,,0,
20,11550,23,MCH1,000000000420000276                      ENT0237,,,0,,0,0,0,,,0,
20,11551,23,MCH1,000000000420000276                      ENT0238,,,0,,0,0,0,,,0,
20,11552,23,MCH1,000000000420000276                      ENT0239,,,0,,0,0,0,,,0,
20,11553,23,MCH1,000000000420000276                      ENT0240,,,0,,0,0,0,,,0,
20,11554,23,MCH1,000000000420000276                      ENT0241,,,0,,0,0,0,,,0,
20,11555,23,MCH1,000000000420000276                      ENT0242,,,0,,0,0,0,,,0,
20,11556,23,MCH1,000000000420000276                      ENT0243,,,0,,0,0,0,,,0,
20,11557,23,MCH1,000000000420000276                      ENT0244,,,0,,0,0,0,,,0,
20,11558,23,MCH1,000000000420000276                      ENT0245,,,0,,0,0,0,,,0,
20,11559,23,MCH1,000000000420000276                      ENT0246,,,0,,0,0,0,,,0,
20,11560,23,MCH1,000000000420000276                      ENT0247,,,0,,0,0,0,,,0,
20,11561,23,MCH1,000000000420000276                      ENT0248,,,0,,0,0,0,,,0,
20,11562,23,MCH1,000000000420000276                      ENT0249,,,0,,0,0,0,,,0,
20,11563,23,MCH1,000000000420000276                      ENT0250,,,0,,0,0,0,,,0,
20,11564,23,MCH1,000000000420000276                      ENT0252,,,0,,0,0,0,,,0,
20,11565,23,MCH1,000000000420000276                      ENT0253,,,0,,0,0,0,,,0,
20,11566,23,MCH1,000000000420000276                      ENT0254,,,0,,0,0,0,,,0,
20,11567,23,MCH1,000000000420000276                      ENT0255,,,0,,0,0,0,,,0,
20,11568,23,MCH1,000000000420000276                      ENT0256,,,0,,0,0,0,,,0,
20,11569,23,MCH1,000000000420000276                      ENT0257,,,0,,0,0,0,,,0,
20,11570,23,MCH1,000000000420000276                      ENT0258,,,0,,0,0,0,,,0,
20,11571,23,MCH1,000000000420000276                      ENT0259,,,0,,0,0,0,,,0,
20,11572,23,MCH1,000000000420000276                      ENT0260,,,0,,0,0,0,,,0,
20,11573,23,MCH1,000000000420000276                      ENT0261,,,0,,0,0,0,,,0,
20,11574,23,MCH1,000000000420000276                      ENT0262,,,0,,0,0,0,,,0,
20,11575,23,MCH1,000000000420000276                      ENT0263,,,0,,0,0,0,,,0,
20,11576,23,MCH1,000000000420000276                      ENT0264,,,0,,0,0,0,,,0,
20,11577,23,MCH1,000000000420000276                      ENT0265,,,0,,0,0,0,,,0,
20,11578,23,MCH1,000000000420000276                      ENT0266,,,0,,0,0,0,,,0,
20,11579,23,MCH1,000000000420000276                      ENT0267,,,0,,0,0,0,,,0,
20,11580,23,MCH1,000000000420000276                      ENT0268,,,0,,0,0,0,,,0,
20,11581,23,MCH1,000000000420000276                      ENT0269,,,0,,0,0,0,,,0,
20,11582,23,MCH1,000000000420000276                      ENT0270,,,0,,0,0,0,,,0,
20,11583,23,MCH1,000000000420000276                      ENT0271,,,0,,0,0,0,,,0,
20,11584,23,MCH1,000000000420000276                      ENT0272,,,0,,0,0,0,,,0,
20,11585,23,MCH1,000000000420000276                      ENT0273,,,0,,0,0,0,,,0,
20,11586,23,MCH1,000000000420000276                      ENT0274,,,0,,0,0,0,,,0,
20,11587,23,MCH1,000000000420000276                      ENT0275,,,0,,0,0,0,,,0,
20,11588,23,MCH1,000000000420000276                      ENT0276,,,0,,0,0,0,,,0,
20,11589,23,MCH1,000000000420000276                      ENT0277,,,0,,0,0,0,,,0,
20,11590,23,MCH1,000000000420000276                      ENT0278,,,0,,0,0,0,,,0,
20,11591,23,MCH1,000000000420000276                      ENT0279,,,0,,0,0,0,,,0,
20,11592,23,MCH1,000000000420000276                      ENT0280,,,0,,0,0,0,,,0,
20,11593,23,MCH1,000000000420000276                      ENT0281,,,0,,0,0,0,,,0,
20,11594,23,MCH1,000000000420000276                      ENT0282,,,0,,0,0,0,,,0,
20,11595,23,MCH1,000000000420000276                      ENT0283,,,0,,0,0,0,,,0,
20,11596,23,MCH1,000000000420000276                      ENT0284,,,0,,0,0,0,,,0,
20,11597,23,MCH1,000000000420000276                      ENT0285,,,0,,0,0,0,,,0,
20,11598,23,MCH1,000000000420000276                      ENT0286,,,0,,0,0,0,,,0,
20,11599,23,MCH1,000000000420000276                      ENT0287,,,0,,0,0,0,,,0,
20,11600,23,MCH1,000000000420000276                      ENT0288,,,0,,0,0,0,,,0,
20,11601,23,MCH1,000000000420000276                      ENT0289,,,0,,0,0,0,,,0,
20,11602,23,MCH1,000000000420000276                      ENT0290,,,0,,0,0,0,,,0,
20,11603,23,MCH1,000000000420000276                      ENT0302,,,0,,0,0,0,,,0,
20,11604,23,MCH1,000000000420000276                      ENT0303,,,0,,0,0,0,,,0,
20,11605,23,MCH1,000000000420000276                      ENT0304,,,0,,0,0,0,,,0,
20,11606,23,MCH1,000000000420000276                      ENT0305,,,0,,0,0,0,,,0,
20,11607,23,MCH1,000000000420000276                      ENT0306,,,0,,0,0,0,,,0,
20,11608,23,MCH1,000000000420000276                      ENT0307,,,0,,0,0,0,,,0,
20,11609,23,MCH1,000000000420000276                      ENT0308,,,0,,0,0,0,,,0,
20,11610,23,MCH1,000000000420000276                      ENT0309,,,0,,0,0,0,,,0,
20,11611,23,MCH1,000000000420000276                      ENT03100,,,0,,0,0,0,,,0,
20,11612,23,MCH1,000000000420000276                      ENT03101,,,0,,0,0,0,,,0,
20,11613,23,MCH1,000000000420000276                      ENT03102,,,0,,0,0,0,,,0,
20,11614,23,MCH1,000000000420000276                      ENT03103,,,0,,0,0,0,,,0,
20,11615,23,MCH1,000000000420000276                      ENT03104,,,0,,0,0,0,,,0,
20,11616,23,MCH1,000000000420000276                      ENT03105,,,0,,0,0,0,,,0,
20,11617,23,MCH1,000000000420000276                      ENT03107,,,0,,0,0,0,,,0,
20,11618,23,MCH1,000000000420000276                      ENT03108,,,0,,0,0,0,,,0,
20,11619,23,MCH1,000000000420000276                      ENT03109,,,0,,0,0,0,,,0,
20,11620,23,MCH1,000000000420000276                      ENT0311,,,0,,0,0,0,,,0,
20,11621,23,MCH1,000000000420000276                      ENT03110,,,0,,0,0,0,,,0,
20,11622,23,MCH1,000000000420000276                      ENT03111,,,0,,0,0,0,,,0,
20,11623,23,MCH1,000000000420000276                      ENT03112,,,0,,0,0,0,,,0,
20,11624,23,MCH1,000000000420000276                      ENT03113,,,0,,0,0,0,,,0,
20,11625,23,MCH1,000000000420000276                      ENT03114,,,0,,0,0,0,,,0,
20,11626,23,MCH1,000000000420000276                      ENT03115,,,0,,0,0,0,,,0,
20,11627,23,MCH1,000000000420000276                      ENT03116,,,0,,0,0,0,,,0,
20,11628,23,MCH1,000000000420000276                      ENT03117,,,0,,0,0,0,,,0,
20,11629,23,MCH1,000000000420000276                      ENT03118,,,0,,0,0,0,,,0,
20,11630,23,MCH1,000000000420000276                      ENT03119,,,0,,0,0,0,,,0,
20,11631,23,MCH1,000000000420000276                      ENT0312,,,0,,0,0,0,,,0,
20,11632,23,MCH1,000000000420000276                      ENT03120,,,0,,0,0,0,,,0,
20,11633,23,MCH1,000000000420000276                      ENT03121,,,0,,0,0,0,,,0,
20,11634,23,MCH1,000000000420000276                      ENT03122,,,0,,0,0,0,,,0,
20,11635,23,MCH1,000000000420000276                      ENT03123,,,0,,0,0,0,,,0,
20,11636,23,MCH1,000000000420000276                      ENT03124,,,0,,0,0,0,,,0,
20,11637,23,MCH1,000000000420000276                      ENT03125,,,0,,0,0,0,,,0,
20,11935,23,MCH1,000000000420000301                      OOC022,,,0,,0,0,0,,,0,
20,11936,23,MCH1,000000000420000301                      OOC0220,,,0,,0,0,0,,,0,
20,11937,23,MCH1,000000000420000301                      OOC0221,,,0,,0,0,0,,,0,
20,11938,23,MCH1,000000000420000301                      OOC0222,,,0,,0,0,0,,,0,
20,11939,23,MCH1,000000000420000301                      OOC0223,,,0,,0,0,0,,,0,
20,11940,23,MCH1,000000000420000301                      OOC0224,,,0,,0,0,0,,,0,
20,11941,23,MCH1,000000000420000301                      OOC0225,,,0,,0,0,0,,,0,
20,11942,23,MCH1,000000000420000301                      OOC0226,,,0,,0,0,0,,,0,
20,11943,23,MCH1,000000000420000301                      OOC0227,,,0,,0,0,0,,,0,
20,11944,23,MCH1,000000000420000301                      OOC0228,,,0,,0,0,0,,,0,
20,11945,23,MCH1,000000000420000301                      OOC0229,,,0,,0,0,0,,,0,
20,11946,23,MCH1,000000000420000301                      OOC023,,,0,,0,0,0,,,0,
20,11947,23,MCH1,000000000420000301                      OOC0230,,,0,,0,0,0,,,0,
20,11948,23,MCH1,000000000420000301                      OOC0231,,,0,,0,0,0,,,0,
20,11949,23,MCH1,000000000420000301                      OOC0232,,,0,,0,0,0,,,0,
20,11950,23,MCH1,000000000420000301                      OOC0233,,,0,,0,0,0,,,0,
20,11951,23,MCH1,000000000420000301                      OOC0234,,,0,,0,0,0,,,0,
20,11952,23,MCH1,000000000420000301                      OOC0235,,,0,,0,0,0,,,0,
20,11953,23,MCH1,000000000420000301                      OOC0237,,,0,,0,0,0,,,0,
20,11954,23,MCH1,000000000420000301                      OOC0238,,,0,,0,0,0,,,0,
20,11955,23,MCH1,000000000420000301                      OOC0239,,,0,,0,0,0,,,0,
20,11956,23,MCH1,000000000420000301                      OOC024,,,0,,0,0,0,,,0,
20,11957,23,MCH1,000000000420000301                      OOC0242,,,0,,0,0,0,,,0,
20,11958,23,MCH1,000000000420000301                      OOC0245,,,0,,0,0,0,,,0,
20,11959,23,MCH1,000000000420000301                      OOC0247,,,0,,0,0,0,,,0,
20,11960,23,MCH1,000000000420000301                      OOC0248,,,0,,0,0,0,,,0,
20,11961,23,MCH1,000000000420000301                      OOC0249,,,0,,0,0,0,,,0,
20,11962,23,MCH1,000000000420000301                      OOC025,,,0,,0,0,0,,,0,
20,11963,23,MCH1,000000000420000301                      OOC026,,,0,,0,0,0,,,0,
20,11964,23,MCH1,000000000420000301                      OOC027,,,0,,0,0,0,,,0,
20,11965,23,MCH1,000000000420000301                      OOC028,,,0,,0,0,0,,,0,
20,11966,23,MCH1,000000000420000301                      OOC029,,,0,,0,0,0,,,0,
20,11967,23,MCH1,000000000420000301                      OOC0301,,,0,,0,0,0,,,0,
20,11968,23,MCH1,000000000420000301                      OOC0302,,,0,,0,0,0,,,0,
20,11969,23,MCH1,000000000420000301                      OOC0304,,,0,,0,0,0,,,0,
20,11970,23,MCH1,000000000420000301                      OOC0314,,,0,,0,0,0,,,0,
20,11971,23,MCH1,000000000420000301                      OOC0315,,,0,,0,0,0,,,0,
20,11972,23,MCH1,000000000420000301                      OOC0317,,,0,,0,0,0,,,0,
20,11973,23,MCH1,000000000420000301                      OOC0318,,,0,,0,0,0,,,0,
20,11974,23,MCH1,000000000420000301                      OOC0319,,,0,,0,0,0,,,0,
20,11975,23,MCH1,000000000420000301                      OOC0320,,,0,,0,0,0,,,0,
20,11976,23,MCH1,000000000420000301                      OOC0321,,,0,,0,0,0,,,0,
20,11977,23,MCH1,000000000420000301                      OOC0324,,,0,,0,0,0,,,0,
20,11978,23,MCH1,000000000420000301                      OOC0325,,,0,,0,0,0,,,0,
20,11979,23,MCH1,000000000420000301                      OOC0326,,,0,,0,0,0,,,0,
20,11980,23,MCH1,000000000420000301                      OOC0327,,,0,,0,0,0,,,0,
20,11981,23,MCH1,000000000420000301                      OOC0329,,,0,,0,0,0,,,0,
20,11982,23,MCH1,000000000420000301                      OOC0401,,,0,,0,0,0,,,0,
20,11983,23,MCH1,000000000420000301                      OOC0402,,,0,,0,0,0,,,0,
20,11984,23,MCH1,000000000420000301                      OOC0403,,,0,,0,0,0,,,0,
20,11985,23,MCH1,000000000420000301                      OOC0404,,,0,,0,0,0,,,0,
20,11986,23,MCH1,000000000420000301                      OOC0405,,,0,,0,0,0,,,0,
20,11987,23,MCH1,000000000420000301                      OOC0407,,,0,,0,0,0,,,0,
20,11988,23,MCH1,000000000420000301                      OOC0408,,,0,,0,0,0,,,0,
20,11989,23,MCH1,000000000420000301                      OOC0409,,,0,,0,0,0,,,0,
20,11990,23,MCH1,000000000420000301                      OOC0410,,,0,,0,0,0,,,0,
20,11991,23,MCH1,000000000420000301                      OOC0411,,,0,,0,0,0,,,0,
20,11992,23,MCH1,000000000420000301                      OOC0412,,,0,,0,0,0,,,0,
20,11993,23,MCH1,000000000420000301                      OOC0414,,,0,,0,0,0,,,0,
20,11994,23,MCH1,000000000420000301                      OOC0415,,,0,,0,0,0,,,0,
20,11995,23,MCH1,000000000420000301                      OOC0416,,,0,,0,0,0,,,0,
20,11996,23,MCH1,000000000420000301                      OOC0417,,,0,,0,0,0,,,0,
20,11997,23,MCH1,000000000420000301                      OOC0418,,,0,,0,0,0,,,0,
20,11998,23,MCH1,000000000420000301                      OOC0419,,,0,,0,0,0,,,0,
20,11999,23,MCH1,000000000420000301                      OOC0420,,,0,,0,0,0,,,0,
20,12000,23,MCH1,000000000420000301                      OOC0421,,,0,,0,0,0,,,0,
20,12001,23,MCH1,000000000420000301                      OOC0422,,,0,,0,0,0,,,0,
20,12002,23,MCH1,000000000420000301                      OOC0423,,,0,,0,0,0,,,0,
20,12003,23,MCH1,000000000420000301                      OOC0424,,,0,,0,0,0,,,0,
20,12004,23,MCH1,000000000420000301                      OOC0425,,,0,,0,0,0,,,0,
20,12005,23,MCH1,000000000420000301                      OOC0426,,,0,,0,0,0,,,0,
20,12006,23,MCH1,000000000420000301                      OOC0427,,,0,,0,0,0,,,0,
20,12007,23,MCH1,000000000420000301                      OOC0428,,,0,,0,0,0,,,0,
20,12008,23,MCH1,000000000420000301                      OOC0429,,,0,,0,0,0,,,0,
20,12009,23,MCH1,000000000420000301                      OOC0430,,,0,,0,0,0,,,0,
20,12010,23,MCH1,000000000420000301                      OOC0431,,,0,,0,0,0,,,0,
20,12011,23,MCH1,000000000420000301                      OOC0432,,,0,,0,0,0,,,0,
20,12012,23,MCH1,000000000420000301                      OOC0433,,,0,,0,0,0,,,0,
20,12013,23,MCH1,000000000420000301                      OOC0434,,,0,,0,0,0,,,0,
20,12014,23,MCH1,000000000420000301                      OOC0435,,,0,,0,0,0,,,0,
20,12015,23,MCH1,000000000420000301                      OOC0436,,,0,,0,0,0,,,0,
20,12016,23,MCH1,000000000420000309                      GOD0301,,,0,,0,0,0,,,0,
20,12017,23,MCH1,000000000420000309                      GOD0302,,,0,,0,0,0,,,0,
20,12018,23,MCH1,000000000420000309                      JOD0301,,,0,,0,0,0,,,0,
20,12019,23,MCH1,000000000420000309                      JOD0302,,,0,,0,0,0,,,0,
20,12020,23,MCH1,000000000420000309                      JOD0303,,,0,,0,0,0,,,0,
20,12021,23,MCH1,000000000420000309                      JOD0304,,,0,,0,0,0,,,0,
20,12022,23,MCH1,000000000420000309                      JOD0401,,,0,,0,0,0,,,0,
20,12023,23,MCH1,000000000420000309                      JOD0402,,,0,,0,0,0,,,0,
20,12024,23,MCH1,000000000420000309                      JOD0403,,,0,,0,0,0,,,0,
20,12025,23,MCH1,000000000420000309                      JOD0404,,,0,,0,0,0,,,0,
20,12026,23,MCH1,000000000420000309                      JOD0405,,,0,,0,0,0,,,0,
20,12027,23,MCH1,000000000420000309                      JOD0406,,,0,,0,0,0,,,0,
20,12028,23,MCH1,000000000420000309                      JOD0407,,,0,,0,0,0,,,0,
20,12029,23,MCH1,000000000420000309                      OD0010,,,0,,0,0,0,,,0,
20,12030,23,MCH1,000000000420000309                      OD0011,,,0,,0,0,0,,,0,
20,12031,23,MCH1,000000000420000309                      OD0012,,,0,,0,0,0,,,0,
20,12032,23,MCH1,000000000420000309                      OD0013,,,0,,0,0,0,,,0,
20,12033,23,MCH1,000000000420000309                      OD0014,,,0,,0,0,0,,,0,
20,12232,23,MCH1,000000000420000312                      OS0165,,,0,,0,0,0,,,0,
20,12233,23,MCH1,000000000420000312                      OS0166,,,0,,0,0,0,,,0,
20,12234,23,MCH1,000000000420000312                      OS0167,,,0,,0,0,0,,,0,
20,12235,23,MCH1,000000000420000312                      OS0168,,,0,,0,0,0,,,0,
20,12236,23,MCH1,000000000420000312                      OS0169,,,0,,0,0,0,,,0,
20,12237,23,MCH1,000000000420000312                      OS0170,,,0,,0,0,0,,,0,
20,12238,23,MCH1,000000000420000312                      OS0171,,,0,,0,0,0,,,0,
20,12239,23,MCH1,000000000420000312                      OS0172,,,0,,0,0,0,,,0,
20,12240,23,MCH1,000000000420000312                      OS0173,,,0,,0,0,0,,,0,
20,12241,23,MCH1,000000000420000312                      OS0174,,,0,,0,0,0,,,0,
20,12242,23,MCH1,000000000420000312                      OS0175,,,0,,0,0,0,,,0,
20,12243,23,MCH1,000000000420000312                      OS0176,,,0,,0,0,0,,,0,
20,12244,23,MCH1,000000000420000312                      OS0177,,,0,,0,0,0,,,0,
20,12245,23,MCH1,000000000420000312                      OS0178,,,0,,0,0,0,,,0,
20,12246,23,MCH1,000000000420000312                      OS0179,,,0,,0,0,0,,,0,
20,12247,23,MCH1,000000000420000312                      OS0180,,,0,,0,0,0,,,0,
20,12248,23,MCH1,000000000420000312                      OS0183,,,0,,0,0,0,,,0,
20,12249,23,MCH1,000000000420000312                      OS0184,,,0,,0,0,0,,,0,
20,12250,23,MCH1,000000000420000312                      OS0185,,,0,,0,0,0,,,0,
20,12251,23,MCH1,000000000420000312                      OS0186,,,0,,0,0,0,,,0,
20,12252,23,MCH1,000000000420000312                      OS0187,,,0,,0,0,0,,,0,
20,12253,23,MCH1,000000000420000312                      OS0188,,,0,,0,0,0,,,0,
20,12254,23,MCH1,000000000420000312                      OS0189,,,0,,0,0,0,,,0,
20,12255,23,MCH1,000000000420000312                      OS0190,,,0,,0,0,0,,,0,
20,12256,23,MCH1,000000000420000312                      OS0191,,,0,,0,0,0,,,0,
20,12257,23,MCH1,000000000420000312                      OS021,,,0,,0,0,0,,,0,
20,12258,23,MCH1,000000000420000312                      OS022,,,0,,0,0,0,,,0,
20,12259,23,MCH1,000000000420000312                      OS023,,,0,,0,0,0,,,0,
20,12260,23,MCH1,000000000420000312                      OS024,,,0,,0,0,0,,,0,
20,12261,23,MCH1,000000000420000312                      OS025,,,0,,0,0,0,,,0,
20,12262,23,MCH1,000000000420000312                      OS026,,,0,,0,0,0,,,0,
20,12263,23,MCH1,000000000420000312                      OS027,,,0,,0,0,0,,,0,
20,12264,23,MCH1,000000000420000312                      OS028,,,0,,0,0,0,,,0,
20,12265,23,MCH1,000000000420000312                      REX029,,,0,,0,0,0,,,0,
20,12266,23,MCH1,000000000420000312                      ROS021,,,0,,0,0,0,,,0,
20,12267,23,MCH1,000000000420000312                      ROS023,,,0,,0,0,0,,,0,
20,12268,23,MCH1,000000000420000312                      ROS024,,,0,,0,0,0,,,0,
20,12269,23,MCH1,000000000420000312                      ROS025,,,0,,0,0,0,,,0,
20,12270,23,MCH1,000000000420000312                      ROS026,,,0,,0,0,0,,,0,
20,12271,23,MCH1,000000000420000312                      ROS027,,,0,,0,0,0,,,0,
20,12272,23,MCH1,000000000420000312                      SOS0301,,,0,,0,0,0,,,0,
20,12273,23,MCH1,000000000420000312                      SOS0302,,,0,,0,0,0,,,0,
20,12274,23,MCH1,000000000420000312                      SOS0303,,,0,,0,0,0,,,0,
20,12275,23,MCH1,000000000420000312                      SOS0304,,,0,,0,0,0,,,0,
20,12276,23,MCH1,000000000420000312                      SOS0305,,,0,,0,0,0,,,0,
20,12277,23,MCH1,000000000420000312                      SOS0306,,,0,,0,0,0,,,0,
20,12278,23,MCH1,000000000420000312                      SOS0307,,,0,,0,0,0,,,0,
20,12279,23,MCH1,000000000420000312                      SOS0309,,,0,,0,0,0,,,0,
20,12280,23,MCH1,000000000420000312                      SOS0310,,,0,,0,0,0,,,0,
20,12281,23,MCH1,000000000420000312                      SOS0311,,,0,,0,0,0,,,0,
20,12282,23,MCH1,000000000420000312                      SOS0312,,,0,,0,0,0,,,0,
20,12283,23,MCH1,000000000420000312                      SOS0313,,,0,,0,0,0,,,0,
20,12284,23,MCH1,000000000420000312                      SOS0314,,,0,,0,0,0,,,0,
20,12285,23,MCH1,000000000420000312                      SOS0315,,,0,,0,0,0,,,0,
20,12286,23,MCH1,000000000420000312                      SOS0316,,,0,,0,0,0,,,0,
20,12287,23,MCH1,000000000420000312                      SOS0317,,,0,,0,0,0,,,0,
20,12288,23,MCH1,000000000420000312                      SOS0318,,,0,,0,0,0,,,0,
20,12289,23,MCH1,000000000420000312                      SOS0319,,,0,,0,0,0,,,0,
20,12290,23,MCH1,000000000420000312                      SOS0320,,,0,,0,0,0,,,0,
20,12291,23,MCH1,000000000420000312                      SOS0321,,,0,,0,0,0,,,0,
20,12292,23,MCH1,000000000420000312                      SOS0322,,,0,,0,0,0,,,0,
20,12293,23,MCH1,000000000420000312                      SOS0324,,,0,,0,0,0,,,0,
20,12294,23,MCH1,000000000420000312                      SOS0325,,,0,,0,0,0,,,0,
20,12295,23,MCH1,000000000420000312                      SOS0326,,,0,,0,0,0,,,0,
20,12296,23,MCH1,000000000420000312                      SOS0327,,,0,,0,0,0,,,0,
20,12297,23,MCH1,000000000420000516                      NLU0201,,,0,,0,0,0,,,0,
20,12298,23,MCH1,000000000420000516                      NLU0202,,,0,,0,0,0,,,0,
20,12299,23,MCH1,000000000420000516                      NLU0203,,,0,,0,0,0,,,0,
20,12300,23,MCH1,000000000420000516                      NLU0204,,,0,,0,0,0,,,0,
20,12301,23,MCH1,000000000420000516                      NLU0205,,,0,,0,0,0,,,0,
20,12302,23,MCH1,000000000420000514                      NUM013,,,0,,0,0,0,,,0,
20,12303,23,MCH1,000000000420000514                      NUM014,,,0,,0,0,0,,,0,
20,12304,23,MCH1,000000000420000514                      NUM0201,,,0,,0,0,0,,,0,
20,12305,23,MCH1,000000000420000514                      NUM0202,,,0,,0,0,0,,,0,
20,12306,23,MCH1,000000000420000514                      NUM0203,,,0,,0,0,0,,,0,
20,12307,23,MCH1,000000000420000514                      NUM0204,,,0,,0,0,0,,,0,
20,12308,23,MCH1,000000000420000514                      NUM0205,,,0,,0,0,0,,,0,
20,12309,23,MCH1,000000000420000514                      NUM0206,,,0,,0,0,0,,,0,
20,12310,23,MCH1,000000000420000514                      NUM0207,,,0,,0,0,0,,,0,
20,12311,23,MCH1,000000000420000514                      NUM0208,,,0,,0,0,0,,,0,
20,12312,23,MCH1,000000000420000514                      NUM0209,,,0,,0,0,0,,,0,
20,12313,23,MCH1,000000000420000514                      NUM0210,,,0,,0,0,0,,,0,
20,12314,23,MCH1,000000000420000514                      NUM0211,,,0,,0,0,0,,,0,
20,12315,23,MCH1,000000000420000514                      NUM0212,,,0,,0,0,0,,,0,
20,12316,23,MCH1,000000000420000515                      NUH013,,,0,,0,0,0,,,0,
20,12317,23,MCH1,000000000420000515                      NUH0201,,,0,,0,0,0,,,0,
20,12318,23,MCH1,000000000420000515                      NUH0202,,,0,,0,0,0,,,0,
20,12319,23,MCH1,000000000420000515                      NUH0203,,,0,,0,0,0,,,0,
20,12320,23,MCH1,000000000420000515                      NUH0204,,,0,,0,0,0,,,0,
20,12321,23,MCH1,000000000420000515                      NUH0205,,,0,,0,0,0,,,0,
20,12322,23,MCH1,000000000420000515                      NUH0206,,,0,,0,0,0,,,0,
20,12323,23,MCH1,000000000420000515                      NUH0207,,,0,,0,0,0,,,0,
20,12324,23,MCH1,000000000420000377                      RVX013,,,0,,0,0,0,,,0,
20,12325,23,MCH1,000000000420000377                      RVX021,,,0,,0,0,0,,,0,
20,12326,23,MCH1,000000000420000377                      RVX0210,,,0,,0,0,0,,,0,
20,12327,23,MCH1,000000000420000377                      RVX0212,,,0,,0,0,0,,,0,
20,12328,23,MCH1,000000000420000377                      RVX0215,,,0,,0,0,0,,,0,
20,12329,23,MCH1,000000000420000377                      RVX0404,,,0,,0,0,0,,,0,
20,12330,23,MCH1,000000000420000377                      RVX0405,,,0,,0,0,0,,,0,
20,12727,23,MCH1,000000000420000227                      JFS0430,,,0,,0,0,0,,,0,
20,12728,23,MCH1,000000000420000227                      JFS0431,,,0,,0,0,0,,,0,
20,12729,23,MCH1,000000000420000227                      JFS0434,,,0,,0,0,0,,,0,
20,12730,23,MCH1,000000000420000227                      JFS0435,,,0,,0,0,0,,,0,
20,12731,23,MCH1,000000000420000227                      JFS0436,,,0,,0,0,0,,,0,
20,12732,23,MCH1,000000000420000227                      JFS0437,,,0,,0,0,0,,,0,
20,12733,23,MCH1,000000000420000227                      JFS0438,,,0,,0,0,0,,,0,
20,12734,23,MCH1,000000000420000227                      JFS0439,,,0,,0,0,0,,,0,
20,12735,23,MCH1,000000000420000227                      JFS0440,,,0,,0,0,0,,,0,
20,12736,23,MCH1,000000000420000227                      JFS0441,,,0,,0,0,0,,,0,
20,12737,23,MCH1,000000000420000227                      OFS0010,,,0,,0,0,0,,,0,
20,12738,23,MCH1,000000000420000227                      OFS003,,,0,,0,0,0,,,0,
20,12739,23,MCH1,000000000420000227                      OFS004,,,0,,0,0,0,,,0,
20,12740,23,MCH1,000000000420000227                      OFS005,,,0,,0,0,0,,,0,
20,12741,23,MCH1,000000000420000227                      OFS006,,,0,,0,0,0,,,0,
20,12742,23,MCH1,000000000420000227                      OFS007,,,0,,0,0,0,,,0,
20,12743,23,MCH1,000000000420000227                      OFS008,,,0,,0,0,0,,,0,
20,12744,23,MCH1,000000000420000227                      OFS009,,,0,,0,0,0,,,0,
20,12745,23,MCH1,000000000420000227                      OFS011,,,0,,0,0,0,,,0,
20,12746,23,MCH1,000000000420000227                      OFS012,,,0,,0,0,0,,,0,
20,12747,23,MCH1,000000000420000227                      OFS013,,,0,,0,0,0,,,0,
20,12748,23,MCH1,000000000420000227                      OFS014,,,0,,0,0,0,,,0,
20,12749,23,MCH1,000000000420000227                      OFS015,,,0,,0,0,0,,,0,
20,12750,23,MCH1,000000000420000227                      OFS016,,,0,,0,0,0,,,0,
20,12751,23,MCH1,000000000420000227                      OFS017,,,0,,0,0,0,,,0,
20,12752,23,MCH1,000000000420000227                      OFS018,,,0,,0,0,0,,,0,
20,12753,23,MCH1,000000000420000227                      OFS019,,,0,,0,0,0,,,0,
20,12754,23,MCH1,000000000420000227                      OFS021,,,0,,0,0,0,,,0,
20,12755,23,MCH1,000000000420000227                      OFS0210,,,0,,0,0,0,,,0,
20,12756,23,MCH1,000000000420000227                      OFS022,,,0,,0,0,0,,,0,
20,12757,23,MCH1,000000000420000227                      OFS023,,,0,,0,0,0,,,0,
20,12758,23,MCH1,000000000420000227                      OFS024,,,0,,0,0,0,,,0,
20,12759,23,MCH1,000000000420000227                      OFS025,,,0,,0,0,0,,,0,
20,12760,23,MCH1,000000000420000227                      OFS026,,,0,,0,0,0,,,0,
20,12761,23,MCH1,000000000420000227                      OFS027,,,0,,0,0,0,,,0,
20,12762,23,MCH1,000000000420000227                      OFS028,,,0,,0,0,0,,,0,
20,12763,23,MCH1,000000000420000227                      OFS029,,,0,,0,0,0,,,0,
20,12764,23,MCH1,000000000420000227                      OFS0301,,,0,,0,0,0,,,0,
20,12765,23,MCH1,000000000420000227                      OFS0302,,,0,,0,0,0,,,0,
20,12766,23,MCH1,000000000420000227                      OFS0303,,,0,,0,0,0,,,0,
20,12767,23,MCH1,000000000420000227                      RFS001,,,0,,0,0,0,,,0,
20,12768,23,MCH1,000000000420000227                      RFS002,,,0,,0,0,0,,,0,
20,12769,23,MCH1,000000000420000227                      RFS003,,,0,,0,0,0,,,0,
20,12770,23,MCH1,000000000420000227                      RFS004,,,0,,0,0,0,,,0,
20,12771,23,MCH1,000000000420000227                      RFS005,,,0,,0,0,0,,,0,
20,12772,23,MCH1,000000000420000227                      RFS006,,,0,,0,0,0,,,0,
20,12773,23,MCH1,000000000420000227                      RFS011,,,0,,0,0,0,,,0,
20,12774,23,MCH1,000000000420000227                      RFS012,,,0,,0,0,0,,,0,
20,12775,23,MCH1,000000000420000227                      RFS013,,,0,,0,0,0,,,0,
20,12776,23,MCH1,000000000420000227                      RFS021,,,0,,0,0,0,,,0,
20,12777,23,MCH1,000000000420000227                      SFS0301,,,0,,0,0,0,,,0,
20,12778,23,MCH1,000000000420000227                      SFS0302,,,0,,0,0,0,,,0,
20,12779,23,MCH1,000000000420000227                      SFS0303,,,0,,0,0,0,,,0,
20,12780,23,MCH1,000000000420000227                      SFS0304,,,0,,0,0,0,,,0,
20,12781,23,MCH1,000000000420000227                      SFS0306,,,0,,0,0,0,,,0,
20,12782,23,MCH1,000000000420000227                      SFS0307,,,0,,0,0,0,,,0,
20,12783,23,MCH1,000000000420000227                      SFS0308,,,0,,0,0,0,,,0,
20,12784,23,MCH1,000000000420000227                      SFS0309,,,0,,0,0,0,,,0,
20,12785,23,MCH1,000000000420000227                      SFS0310,,,0,,0,0,0,,,0,
20,12786,23,MCH1,000000000420000503                      CRE012,,,0,,0,0,0,,,0,
20,12787,23,MCH1,000000000420000503                      CRE013,,,0,,0,0,0,,,0,
20,12788,23,MCH1,000000000420000503                      CRE014,,,0,,0,0,0,,,0,
20,12789,23,MCH1,000000000420000503                      CRE015,,,0,,0,0,0,,,0,
20,12790,23,MCH1,000000000420000503                      CRE016,,,0,,0,0,0,,,0,
20,12791,23,MCH1,000000000420000503                      CRE017,,,0,,0,0,0,,,0,
20,12792,23,MCH1,000000000420000503                      CRE018,,,0,,0,0,0,,,0,
20,12793,23,MCH1,000000000420000503                      CRE019,,,0,,0,0,0,,,0,
20,12794,23,MCH1,000000000420000503                      CRE021,,,0,,0,0,0,,,0,
20,12795,23,MCH1,000000000420000503                      CRE022,,,0,,0,0,0,,,0,
20,12796,23,MCH1,000000000420000371                      SSI0401,,,0,,0,0,0,,,0,
20,12797,23,MCH1,000000000420000371                      SSI0402,,,0,,0,0,0,,,0,
20,12798,23,MCH1,000000000420000371                      WSI0110,,,0,,0,0,0,,,0,
20,12799,23,MCH1,000000000420000371                      WSI0112,,,0,,0,0,0,,,0,
20,12800,23,MCH1,000000000420000371                      WSI0113,,,0,,0,0,0,,,0,
20,12801,23,MCH1,000000000420000371                      WSI0114,,,0,,0,0,0,,,0,
20,12802,23,MCH1,000000000420000371                      WSI0116,,,0,,0,0,0,,,0,
20,12803,23,MCH1,000000000420000371                      WSI0117,,,0,,0,0,0,,,0,
20,12804,23,MCH1,000000000420000371                      WSI0118,,,0,,0,0,0,,,0,
20,12805,23,MCH1,000000000420000371                      WSI013,,,0,,0,0,0,,,0,
20,12806,23,MCH1,000000000420000371                      WSI014,,,0,,0,0,0,,,0,
20,12807,23,MCH1,000000000420000371                      WSI015,,,0,,0,0,0,,,0,
20,12808,23,MCH1,000000000420000371                      WSI017,,,0,,0,0,0,,,0,
20,12809,23,MCH1,000000000420000371                      WSI018,,,0,,0,0,0,,,0,
20,12810,23,MCH1,000000000420000371                      WSI019,,,0,,0,0,0,,,0,
20,12811,23,MCH1,000000000420000371                      WSI0201,,,0,,0,0,0,,,0,
20,12812,23,MCH1,000000000420000371                      WSI0202,,,0,,0,0,0,,,0,
20,12813,23,MCH1,000000000420000371                      WSI0203,,,0,,0,0,0,,,0,
20,12814,23,MCH1,000000000420000371                      WSI0204,,,0,,0,0,0,,,0,
20,12815,23,MCH1,000000000420000371                      WSI0205,,,0,,0,0,0,,,0,
20,12816,23,MCH1,000000000420000371                      WSI0206,,,0,,0,0,0,,,0,
20,12817,23,MCH1,000000000420000371                      WSI0207,,,0,,0,0,0,,,0,
20,12818,23,MCH1,000000000420000371                      WSI0208,,,0,,0,0,0,,,0,
20,12819,23,MCH1,000000000420000371                      WSI0209,,,0,,0,0,0,,,0,
20,12820,23,MCH1,000000000420000371                      WSI0210,,,0,,0,0,0,,,0,
20,12821,23,MCH1,000000000420000371                      WSI0211,,,0,,0,0,0,,,0,
20,12822,23,MCH1,000000000420000371                      WSI0213,,,0,,0,0,0,,,0,
20,12823,23,MCH1,000000000420000371                      WSI0214,,,0,,0,0,0,,,0,
20,12824,23,MCH1,000000000420000371                      WSI0215,,,0,,0,0,0,,,0,
20,12825,23,MCH1,000000000420000371                      WSI0216,,,0,,0,0,0,,,0,
20,13222,23,MCH1,000000000420000134                      CB022,,,0,,0,0,0,,,0,
20,13223,23,MCH1,000000000420000134                      CB023,,,0,,0,0,0,,,0,
20,13224,23,MCH1,000000000420000134                      CB024,,,0,,0,0,0,,,0,
20,13225,23,MCH1,000000000420000134                      CB025,,,0,,0,0,0,,,0,
20,13226,23,MCH1,000000000420000134                      CCB001,,,0,,0,0,0,,,0,
20,13227,23,MCH1,000000000420000134                      CCB0010,,,0,,0,0,0,,,0,
20,13228,23,MCH1,000000000420000134                      CCB0011,,,0,,0,0,0,,,0,
20,13229,23,MCH1,000000000420000134                      CCB0012,,,0,,0,0,0,,,0,
20,13230,23,MCH1,000000000420000134                      CCB0013,,,0,,0,0,0,,,0,
20,13231,23,MCH1,000000000420000134                      CCB0014,,,0,,0,0,0,,,0,
20,13232,23,MCH1,000000000420000134                      CCB0015,,,0,,0,0,0,,,0,
20,13233,23,MCH1,000000000420000134                      CCB0016,,,0,,0,0,0,,,0,
20,13234,23,MCH1,000000000420000134                      CCB0017,,,0,,0,0,0,,,0,
20,13235,23,MCH1,000000000420000134                      CCB0018,,,0,,0,0,0,,,0,
20,13236,23,MCH1,000000000420000134                      CCB0019,,,0,,0,0,0,,,0,
20,13237,23,MCH1,000000000420000134                      CCB002,,,0,,0,0,0,,,0,
20,13238,23,MCH1,000000000420000134                      CCB0020,,,0,,0,0,0,,,0,
20,13239,23,MCH1,000000000420000134                      CCB0021,,,0,,0,0,0,,,0,
20,13240,23,MCH1,000000000420000134                      CCB0022,,,0,,0,0,0,,,0,
20,13241,23,MCH1,000000000420000134                      CCB0023,,,0,,0,0,0,,,0,
20,13242,23,MCH1,000000000420000134                      CCB0024,,,0,,0,0,0,,,0,
20,13243,23,MCH1,000000000420000134                      CCB0025,,,0,,0,0,0,,,0,
20,13244,23,MCH1,000000000420000134                      CCB0026,,,0,,0,0,0,,,0,
20,13245,23,MCH1,000000000420000134                      CCB0027,,,0,,0,0,0,,,0,
20,13246,23,MCH1,000000000420000134                      CCB0028,,,0,,0,0,0,,,0,
20,13247,23,MCH1,000000000420000134                      CCB0029,,,0,,0,0,0,,,0,
20,13248,23,MCH1,000000000420000134                      CCB003,,,0,,0,0,0,,,0,
20,13249,23,MCH1,000000000420000134                      CCB0030,,,0,,0,0,0,,,0,
20,13250,23,MCH1,000000000420000134                      CCB0031,,,0,,0,0,0,,,0,
20,13251,23,MCH1,000000000420000134                      CCB0032,,,0,,0,0,0,,,0,
20,13252,23,MCH1,000000000420000134                      CCB0033,,,0,,0,0,0,,,0,
20,13253,23,MCH1,000000000420000134                      CCB0034,,,0,,0,0,0,,,0,
20,13254,23,MCH1,000000000420000134                      CCB004,,,0,,0,0,0,,,0,
20,13255,23,MCH1,000000000420000134                      CCB005,,,0,,0,0,0,,,0,
20,13256,23,MCH1,000000000420000134                      CCB006,,,0,,0,0,0,,,0,
20,13257,23,MCH1,000000000420000134                      CCB007,,,0,,0,0,0,,,0,
20,13258,23,MCH1,000000000420000134                      CCB008,,,0,,0,0,0,,,0,
20,13259,23,MCH1,000000000420000134                      CCB009,,,0,,0,0,0,,,0,
20,13260,23,MCH1,000000000420000134                      CCB011,,,0,,0,0,0,,,0,
20,13261,23,MCH1,000000000420000134                      CCB012,,,0,,0,0,0,,,0,
20,13262,23,MCH1,000000000420000134                      CCB013,,,0,,0,0,0,,,0,
20,13263,23,MCH1,000000000420000134                      CCB014,,,0,,0,0,0,,,0,
20,13264,23,MCH1,000000000420000134                      CCB021,,,0,,0,0,0,,,0,
20,13265,23,MCH1,000000000420000134                      CCB0210,,,0,,0,0,0,,,0,
20,13266,23,MCH1,000000000420000134                      CCB0211,,,0,,0,0,0,,,0,
20,13267,23,MCH1,000000000420000134                      CCB0212,,,0,,0,0,0,,,0,
20,13268,23,MCH1,000000000420000134                      CCB0213,,,0,,0,0,0,,,0,
20,13269,23,MCH1,000000000420000134                      CCB0214,,,0,,0,0,0,,,0,
20,13270,23,MCH1,000000000420000134                      CCB0215,,,0,,0,0,0,,,0,
20,13271,23,MCH1,000000000420000134                      CCB0216,,,0,,0,0,0,,,0,
20,13272,23,MCH1,000000000420000134                      CCB0217,,,0,,0,0,0,,,0,
20,13273,23,MCH1,000000000420000134                      CCB0218,,,0,,0,0,0,,,0,
20,13274,23,MCH1,000000000420000134                      CCB0219,,,0,,0,0,0,,,0,
20,13275,23,MCH1,000000000420000134                      CCB022,,,0,,0,0,0,,,0,
20,13276,23,MCH1,000000000420000134                      CCB0220,,,0,,0,0,0,,,0,
20,13277,23,MCH1,000000000420000134                      CCB0221,,,0,,0,0,0,,,0,
20,13278,23,MCH1,000000000420000134                      CCB0222,,,0,,0,0,0,,,0,
20,13279,23,MCH1,000000000420000134                      CCB0223,,,0,,0,0,0,,,0,
20,13280,23,MCH1,000000000420000134                      CCB0225,,,0,,0,0,0,,,0,
20,13281,23,MCH1,000000000420000134                      CCB0226,,,0,,0,0,0,,,0,
20,13282,23,MCH1,000000000420000134                      CCB0227,,,0,,0,0,0,,,0,
20,13283,23,MCH1,000000000420000134                      CCB0228,,,0,,0,0,0,,,0,
20,13284,23,MCH1,000000000420000134                      CCB0229,,,0,,0,0,0,,,0,
20,13285,23,MCH1,000000000420000134                      CCB023,,,0,,0,0,0,,,0,
20,13286,23,MCH1,000000000420000134                      CCB0230,,,0,,0,0,0,,,0,
20,13287,23,MCH1,000000000420000134                      CCB0232,,,0,,0,0,0,,,0,
20,13288,23,MCH1,000000000420000134                      CCB0234,,,0,,0,0,0,,,0,
20,13289,23,MCH1,000000000420000134                      CCB024,,,0,,0,0,0,,,0,
20,13290,23,MCH1,000000000420000134                      CCB0240,,,0,,0,0,0,,,0,
20,13291,23,MCH1,000000000420000134                      CCB0242,,,0,,0,0,0,,,0,
20,13292,23,MCH1,000000000420000134                      CCB0244,,,0,,0,0,0,,,0,
20,13293,23,MCH1,000000000420000134                      CCB026,,,0,,0,0,0,,,0,
20,13294,23,MCH1,000000000420000134                      CCB027,,,0,,0,0,0,,,0,
20,13295,23,MCH1,000000000420000134                      CCB028,,,0,,0,0,0,,,0,
20,13296,23,MCH1,000000000420000134                      CCB029,,,0,,0,0,0,,,0,
20,13297,23,MCH1,000000000420000134                      ECB0010,,,0,,0,0,0,,,0,
20,13298,23,MCH1,000000000420000134                      ECB0011,,,0,,0,0,0,,,0,
20,13299,23,MCH1,000000000420000134                      ECB0012,,,0,,0,0,0,,,0,
20,13300,23,MCH1,000000000420000134                      ECB0013,,,0,,0,0,0,,,0,
20,13301,23,MCH1,000000000420000134                      ECB0014,,,0,,0,0,0,,,0,
20,13302,23,MCH1,000000000420000134                      ECB0015,,,0,,0,0,0,,,0,
20,13303,23,MCH1,000000000420000134                      ECB0016,,,0,,0,0,0,,,0,
20,13304,23,MCH1,000000000420000134                      ECB0017,,,0,,0,0,0,,,0,
20,13305,23,MCH1,000000000420000134                      ECB0018,,,0,,0,0,0,,,0,
20,13306,23,MCH1,000000000420000134                      ECB0019,,,0,,0,0,0,,,0,
20,13307,23,MCH1,000000000420000134                      ECB0020,,,0,,0,0,0,,,0,
20,13308,23,MCH1,000000000420000134                      ECB0021,,,0,,0,0,0,,,0,
20,13309,23,MCH1,000000000420000134                      ECB0022,,,0,,0,0,0,,,0,
20,13310,23,MCH1,000000000420000134                      ECB0023,,,0,,0,0,0,,,0,
20,13311,23,MCH1,000000000420000134                      ECB0024,,,0,,0,0,0,,,0,
20,13312,23,MCH1,000000000420000134                      ECB0025,,,0,,0,0,0,,,0,
20,13313,23,MCH1,000000000420000134                      ECB0026,,,0,,0,0,0,,,0,
20,13314,23,MCH1,000000000420000134                      ECB005,,,0,,0,0,0,,,0,
20,13315,23,MCH1,000000000420000134                      ECB006,,,0,,0,0,0,,,0,
20,13316,23,MCH1,000000000420000134                      ECB007,,,0,,0,0,0,,,0,
20,13317,23,MCH1,000000000420000134                      ECB008,,,0,,0,0,0,,,0,
20,13318,23,MCH1,000000000420000134                      ECB009,,,0,,0,0,0,,,0,
20,13319,23,MCH1,000000000420000134                      ECB011,,,0,,0,0,0,,,0,
20,13320,23,MCH1,000000000420000134                      ECB0110,,,0,,0,0,0,,,0,
20,10251,23,MCH1,000000000420000158                      CED0129,,,0,,0,0,0,,,0,
20,10252,23,MCH1,000000000420000158                      CED0130,,,0,,0,0,0,,,0,
20,10253,23,MCH1,000000000420000158                      CED0131,,,0,,0,0,0,,,0,
20,10254,23,MCH1,000000000420000158                      CED0132,,,0,,0,0,0,,,0,
20,10255,23,MCH1,000000000420000158                      CED0133,,,0,,0,0,0,,,0,
20,10256,23,MCH1,000000000420000158                      CED0134,,,0,,0,0,0,,,0,
20,10257,23,MCH1,000000000420000158                      CED015,,,0,,0,0,0,,,0,
20,10258,23,MCH1,000000000420000158                      CED016,,,0,,0,0,0,,,0,
20,10259,23,MCH1,000000000420000158                      CED018,,,0,,0,0,0,,,0,
20,10260,23,MCH1,000000000420000158                      CED019,,,0,,0,0,0,,,0,
20,10261,23,MCH1,000000000420000158                      CED021,,,0,,0,0,0,,,0,
20,10262,23,MCH1,000000000420000158                      CED0210,,,0,,0,0,0,,,0,
20,10263,23,MCH1,000000000420000158                      CED0211,,,0,,0,0,0,,,0,
20,10264,23,MCH1,000000000420000158                      CED0212,,,0,,0,0,0,,,0,
20,10265,23,MCH1,000000000420000158                      CED0213,,,0,,0,0,0,,,0,
20,10266,23,MCH1,000000000420000158                      CED0214,,,0,,0,0,0,,,0,
20,10267,23,MCH1,000000000420000158                      CED0215,,,0,,0,0,0,,,0,
20,10268,23,MCH1,000000000420000158                      CED0216,,,0,,0,0,0,,,0,
20,10269,23,MCH1,000000000420000158                      CED0217,,,0,,0,0,0,,,0,
20,10270,23,MCH1,000000000420000158                      CED0218,,,0,,0,0,0,,,0,
20,10271,23,MCH1,000000000420000158                      CED022,,,0,,0,0,0,,,0,
20,10272,23,MCH1,000000000420000158                      CED023,,,0,,0,0,0,,,0,
20,10273,23,MCH1,000000000420000158                      CED024,,,0,,0,0,0,,,0,
20,10274,23,MCH1,000000000420000158                      CED025,,,0,,0,0,0,,,0,
20,10275,23,MCH1,000000000420000158                      CED026,,,0,,0,0,0,,,0,
20,10276,23,MCH1,000000000420000158                      CED027,,,0,,0,0,0,,,0,
20,10277,23,MCH1,000000000420000158                      CED028,,,0,,0,0,0,,,0,
20,10278,23,MCH1,000000000420000158                      CED029,,,0,,0,0,0,,,0,
20,10279,23,MCH1,000000000420000158                      CED0301,,,0,,0,0,0,,,0,
20,10280,23,MCH1,000000000420000158                      CED0302,,,0,,0,0,0,,,0,
20,10281,23,MCH1,000000000420000158                      CED0303,,,0,,0,0,0,,,0,
20,10282,23,MCH1,000000000420000158                      CED0304,,,0,,0,0,0,,,0,
20,10283,23,MCH1,000000000420000158                      CED0305,,,0,,0,0,0,,,0,
20,10284,23,MCH1,000000000420000158                      CED0306,,,0,,0,0,0,,,0,
20,10285,23,MCH1,000000000420000158                      ED011,,,0,,0,0,0,,,0,
20,10286,23,MCH1,000000000420000158                      ED0110,,,0,,0,0,0,,,0,
20,10287,23,MCH1,000000000420000158                      ED0111,,,0,,0,0,0,,,0,
20,10288,23,MCH1,000000000420000158                      ED0112,,,0,,0,0,0,,,0,
20,10289,23,MCH1,000000000420000158                      ED0113,,,0,,0,0,0,,,0,
20,10290,23,MCH1,000000000420000158                      ED0114,,,0,,0,0,0,,,0,
20,10291,23,MCH1,000000000420000158                      ED0115,,,0,,0,0,0,,,0,
20,10292,23,MCH1,000000000420000158                      ED0116,,,0,,0,0,0,,,0,
20,10293,23,MCH1,000000000420000158                      ED0117,,,0,,0,0,0,,,0,
20,10294,23,MCH1,000000000420000158                      ED0118,,,0,,0,0,0,,,0,
20,10295,23,MCH1,000000000420000158                      ED0119,,,0,,0,0,0,,,0,
20,10296,23,MCH1,000000000420000158                      ED012,,,0,,0,0,0,,,0,
20,10297,23,MCH1,000000000420000158                      ED0120,,,0,,0,0,0,,,0,
20,10298,23,MCH1,000000000420000158                      ED0121,,,0,,0,0,0,,,0,
20,10299,23,MCH1,000000000420000158                      ED0122,,,0,,0,0,0,,,0,
20,10300,23,MCH1,000000000420000158                      ED0123,,,0,,0,0,0,,,0,
20,10301,23,MCH1,000000000420000158                      ED0124,,,0,,0,0,0,,,0,
20,10302,23,MCH1,000000000420000158                      ED0125,,,0,,0,0,0,,,0,
20,10303,23,MCH1,000000000420000158                      ED0126,,,0,,0,0,0,,,0,
20,10304,23,MCH1,000000000420000158                      ED0127,,,0,,0,0,0,,,0,
20,10305,23,MCH1,000000000420000158                      ED0128,,,0,,0,0,0,,,0,
20,10306,23,MCH1,000000000420000158                      ED0129,,,0,,0,0,0,,,0,
20,10307,23,MCH1,000000000420000158                      ED013,,,0,,0,0,0,,,0,
20,10308,23,MCH1,000000000420000158                      ED0130,,,0,,0,0,0,,,0,
20,10309,23,MCH1,000000000420000158                      ED0131,,,0,,0,0,0,,,0,
20,10310,23,MCH1,000000000420000158                      ED0132,,,0,,0,0,0,,,0,
20,10311,23,MCH1,000000000420000158                      ED0133,,,0,,0,0,0,,,0,
20,10312,23,MCH1,000000000420000158                      ED0134,,,0,,0,0,0,,,0,
20,10313,23,MCH1,000000000420000158                      ED0135,,,0,,0,0,0,,,0,
20,10314,23,MCH1,000000000420000158                      ED0136,,,0,,0,0,0,,,0,
20,10315,23,MCH1,000000000420000158                      ED0137,,,0,,0,0,0,,,0,
20,10316,23,MCH1,000000000420000158                      ED0138,,,0,,0,0,0,,,0,
20,10317,23,MCH1,000000000420000158                      ED0139,,,0,,0,0,0,,,0,
20,10318,23,MCH1,000000000420000158                      ED014,,,0,,0,0,0,,,0,
20,10319,23,MCH1,000000000420000158                      ED016,,,0,,0,0,0,,,0,
20,10320,23,MCH1,000000000420000158                      ED017,,,0,,0,0,0,,,0,
20,10321,23,MCH1,000000000420000158                      ED018,,,0,,0,0,0,,,0,
20,10322,23,MCH1,000000000420000158                      ED019,,,0,,0,0,0,,,0,
20,10323,23,MCH1,000000000420000158                      ED021,,,0,,0,0,0,,,0,
20,10324,23,MCH1,000000000420000158                      ED0210,,,0,,0,0,0,,,0,
20,10325,23,MCH1,000000000420000158                      ED0211,,,0,,0,0,0,,,0,
20,10326,23,MCH1,000000000420000158                      ED0212,,,0,,0,0,0,,,0,
20,10327,23,MCH1,000000000420000158                      ED0213,,,0,,0,0,0,,,0,
20,10328,23,MCH1,000000000420000158                      ED0214,,,0,,0,0,0,,,0,
20,10329,23,MCH1,000000000420000158                      ED0216,,,0,,0,0,0,,,0,
20,10330,23,MCH1,000000000420000158                      ED0217,,,0,,0,0,0,,,0,
20,10331,23,MCH1,000000000420000158                      ED0218,,,0,,0,0,0,,,0,
20,10332,23,MCH1,000000000420000158                      ED0219,,,0,,0,0,0,,,0,
20,10333,23,MCH1,000000000420000158                      ED022,,,0,,0,0,0,,,0,
20,10334,23,MCH1,000000000420000158                      ED0220,,,0,,0,0,0,,,0,
20,10335,23,MCH1,000000000420000158                      ED0221,,,0,,0,0,0,,,0,
20,10336,23,MCH1,000000000420000158                      ED0222,,,0,,0,0,0,,,0,
20,10337,23,MCH1,000000000420000158                      ED0223,,,0,,0,0,0,,,0,
20,10338,23,MCH1,000000000420000158                      ED0224,,,0,,0,0,0,,,0,
20,10339,23,MCH1,000000000420000158                      ED0225,,,0,,0,0,0,,,0,
20,10340,23,MCH1,000000000420000158                      ED0226,,,0,,0,0,0,,,0,
20,10341,23,MCH1,000000000420000158                      ED0227,,,0,,0,0,0,,,0,
20,10342,23,MCH1,000000000420000158                      ED0228,,,0,,0,0,0,,,0,
20,10343,23,MCH1,000000000420000158                      ED0229,,,0,,0,0,0,,,0,
20,10344,23,MCH1,000000000420000158                      ED023,,,0,,0,0,0,,,0,
20,10345,23,MCH1,000000000420000158                      ED0230,,,0,,0,0,0,,,0,
20,10346,23,MCH1,000000000420000158                      ED0231,,,0,,0,0,0,,,0,
20,10347,23,MCH1,000000000420000158                      ED0232,,,0,,0,0,0,,,0,
20,10348,23,MCH1,000000000420000158                      ED0233,,,0,,0,0,0,,,0,
20,10349,23,MCH1,000000000420000158                      ED024,,,0,,0,0,0,,,0,
20,10449,23,MCH1,000000000420000161                      EIF003,,,0,,0,0,0,,,0,
20,10450,23,MCH1,000000000420000161                      EIF004,,,0,,0,0,0,,,0,
20,10451,23,MCH1,000000000420000161                      EIF005,,,0,,0,0,0,,,0,
20,10452,23,MCH1,000000000420000161                      EIF011,,,0,,0,0,0,,,0,
20,10453,23,MCH1,000000000420000161                      IF021,,,0,,0,0,0,,,0,
20,10454,23,MCH1,000000000420000161                      IF022,,,0,,0,0,0,,,0,
20,10455,23,MCH1,000000000420000161                      IF023,,,0,,0,0,0,,,0,
20,10456,23,MCH1,000000000420000161                      IF024,,,0,,0,0,0,,,0,
20,10457,23,MCH1,000000000420000161                      IF025,,,0,,0,0,0,,,0,
20,10458,23,MCH1,000000000420000161                      JIF0301,,,0,,0,0,0,,,0,
20,10459,23,MCH1,000000000420000161                      JIF0401,,,0,,0,0,0,,,0,
20,10460,23,MCH1,000000000420000161                      JIF0402,,,0,,0,0,0,,,0,
20,10461,23,MCH1,000000000420000161                      JIF0403,,,0,,0,0,0,,,0,
20,10462,23,MCH1,000000000420000161                      JIF0404,,,0,,0,0,0,,,0,
20,10463,23,MCH1,000000000420000161                      JIF0405,,,0,,0,0,0,,,0,
20,10464,23,MCH1,000000000420000161                      JIF0406,,,0,,0,0,0,,,0,
20,10465,23,MCH1,000000000420000161                      RIF0301,,,0,,0,0,0,,,0,
20,10466,23,MCH1,000000000420000161                      RIF0302,,,0,,0,0,0,,,0,
20,10467,23,MCH1,000000000420000160                      CIM013,,,0,,0,0,0,,,0,
20,10468,23,MCH1,000000000420000160                      CIM014,,,0,,0,0,0,,,0,
20,10469,23,MCH1,000000000420000160                      CIM015,,,0,,0,0,0,,,0,
20,10470,23,MCH1,000000000420000160                      CIM021,,,0,,0,0,0,,,0,
20,10471,23,MCH1,000000000420000160                      EIM001,,,0,,0,0,0,,,0,
20,10472,23,MCH1,000000000420000160                      IM001,,,0,,0,0,0,,,0,
20,10473,23,MCH1,000000000420000160                      IM002,,,0,,0,0,0,,,0,
20,10474,23,MCH1,000000000420000160                      IM022,,,0,,0,0,0,,,0,
20,10475,23,MCH1,000000000420000160                      IM023,,,0,,0,0,0,,,0,
20,10476,23,MCH1,000000000420000160                      IM024,,,0,,0,0,0,,,0,
20,10477,23,MCH1,000000000420000160                      IM025,,,0,,0,0,0,,,0,
20,10478,23,MCH1,000000000420000160                      JIM0401,,,0,,0,0,0,,,0,
20,10479,23,MCH1,000000000420000160                      JIM0402,,,0,,0,0,0,,,0,
20,10480,23,MCH1,000000000420000160                      JIM0403,,,0,,0,0,0,,,0,
20,10481,23,MCH1,000000000420000160                      JIM0404,,,0,,0,0,0,,,0,
20,10482,23,MCH1,000000000420000160                      RIM0301,,,0,,0,0,0,,,0,
20,10483,23,MCH1,000000000420000160                      RIM0302,,,0,,0,0,0,,,0,
20,10484,23,MCH1,000000000420000177                      MER-012,,,0,,0,0,0,,,0,
20,10485,23,MCH1,000000000420000177                      MER0201,,,0,,0,0,0,,,0,
20,10486,23,MCH1,000000000420000177                      MER0202,,,0,,0,0,0,,,0,
20,10487,23,MCH1,000000000420000177                      MER0203,,,0,,0,0,0,,,0,
20,10488,23,MCH1,000000000420000177                      MET0201,,,0,,0,0,0,,,0,
20,10489,23,MCH1,000000000420000177                      MET0301,,,0,,0,0,0,,,0,
20,10490,23,MCH1,000000000420000177                      MET0302,,,0,,0,0,0,,,0,
20,10491,23,MCH1,000000000420000177                      MET0303,,,0,,0,0,0,,,0,
20,10492,23,MCH1,000000000420000177                      MET0304,,,0,,0,0,0,,,0,
20,10493,23,MCH1,000000000420000178                      BNP0301,,,0,,0,0,0,,,0,
20,10494,23,MCH1,000000000420000178                      BNP0302,,,0,,0,0,0,,,0,
20,10495,23,MCH1,000000000420000178                      BNP0303,,,0,,0,0,0,,,0,
20,10496,23,MCH1,000000000420000178                      BNP0304,,,0,,0,0,0,,,0,
20,10497,23,MCH1,000000000420000178                      BNP0305,,,0,,0,0,0,,,0,
20,10498,23,MCH1,000000000420000178                      BNP0306,,,0,,0,0,0,,,0,
20,10499,23,MCH1,000000000420000178                      BNP0307,,,0,,0,0,0,,,0,
20,10500,23,MCH1,000000000420000178                      BNP0308,,,0,,0,0,0,,,0,
20,10501,23,MCH1,000000000420000178                      BNP0309,,,0,,0,0,0,,,0,
20,10502,23,MCH1,000000000420000178                      BNP0310,,,0,,0,0,0,,,0,
20,10503,23,MCH1,000000000420000178                      BNP0311,,,0,,0,0,0,,,0,
20,10504,23,MCH1,000000000420000178                      BNP0312,,,0,,0,0,0,,,0,
20,10505,23,MCH1,000000000420000178                      BNP0313,,,0,,0,0,0,,,0,
20,10506,23,MCH1,000000000420000178                      BNP0314,,,0,,0,0,0,,,0,
20,10507,23,MCH1,000000000420000178                      BNP0315,,,0,,0,0,0,,,0,
20,10508,23,MCH1,000000000420000178                      BNP0316,,,0,,0,0,0,,,0,
20,10509,23,MCH1,000000000420000178                      BNP0317,,,0,,0,0,0,,,0,
20,10510,23,MCH1,000000000420000178                      BNP0318,,,0,,0,0,0,,,0,
20,10511,23,MCH1,000000000420000178                      BNP0319,,,0,,0,0,0,,,0,
20,10512,23,MCH1,000000000420000178                      BNP0320,,,0,,0,0,0,,,0,
20,10513,23,MCH1,000000000420000178                      BNP0321,,,0,,0,0,0,,,0,
20,10514,23,MCH1,000000000420000178                      BNP0322,,,0,,0,0,0,,,0,
20,10515,23,MCH1,000000000420000178                      BNP0323,,,0,,0,0,0,,,0,
20,10516,23,MCH1,000000000420000178                      BNP0401,,,0,,0,0,0,,,0,
20,10517,23,MCH1,000000000420000178                      BNP0402,,,0,,0,0,0,,,0,
20,10518,23,MCH1,000000000420000178                      BNP0403,,,0,,0,0,0,,,0,
20,10519,23,MCH1,000000000420000178                      BNP0404,,,0,,0,0,0,,,0,
20,10520,23,MCH1,000000000420000178                      BNP0405,,,0,,0,0,0,,,0,
20,10521,23,MCH1,000000000420000178                      BNP0406,,,0,,0,0,0,,,0,
20,10522,23,MCH1,000000000420000178                      BNP0407,,,0,,0,0,0,,,0,
20,10523,23,MCH1,000000000420000178                      BNP0408,,,0,,0,0,0,,,0,
20,10524,23,MCH1,000000000420000178                      BNP0409,,,0,,0,0,0,,,0,
20,10525,23,MCH1,000000000420000178                      BNP0410,,,0,,0,0,0,,,0,
20,10526,23,MCH1,000000000420000178                      BNP0411,,,0,,0,0,0,,,0,
20,10527,23,MCH1,000000000420000178                      BNP0412,,,0,,0,0,0,,,0,
20,10528,23,MCH1,000000000420000178                      BNP0413,,,0,,0,0,0,,,0,
20,10529,23,MCH1,000000000420000178                      BNP0414,,,0,,0,0,0,,,0,
20,10530,23,MCH1,000000000420000178                      BNP0415,,,0,,0,0,0,,,0,
20,10531,23,MCH1,000000000420000178                      BNP0416,,,0,,0,0,0,,,0,
20,10532,23,MCH1,000000000420000178                      BNP0417,,,0,,0,0,0,,,0,
20,10533,23,MCH1,000000000420000178                      BNP0418,,,0,,0,0,0,,,0,
20,10534,23,MCH1,000000000420000178                      BNP0419,,,0,,0,0,0,,,0,
20,10535,23,MCH1,000000000420000178                      BNP0420,,,0,,0,0,0,,,0,
20,10536,23,MCH1,000000000420000178                      CNP001,,,0,,0,0,0,,,0,
20,10537,23,MCH1,000000000420000178                      CNP002,,,0,,0,0,0,,,0,
20,10538,23,MCH1,000000000420000178                      CNP003,,,0,,0,0,0,,,0,
20,10539,23,MCH1,000000000420000178                      CNP004,,,0,,0,0,0,,,0,
20,10540,23,MCH1,000000000420000178                      CNP005,,,0,,0,0,0,,,0,
20,10541,23,MCH1,000000000420000178                      CNP011,,,0,,0,0,0,,,0,
20,10542,23,MCH1,000000000420000178                      CNP013,,,0,,0,0,0,,,0,
20,10543,23,MCH1,000000000420000178                      CNP014,,,0,,0,0,0,,,0,
20,10544,23,MCH1,000000000420000178                      CNP015,,,0,,0,0,0,,,0,
20,10545,23,MCH1,000000000420000178                      CNP016,,,0,,0,0,0,,,0,
20,10546,23,MCH1,000000000420000178                      CNP017,,,0,,0,0,0,,,0,
20,10547,23,MCH1,000000000420000178                      CNP018,,,0,,0,0,0,,,0,
20,10846,23,MCH1,000000000420000273                      GNS0338,,,0,,0,0,0,,,0,
20,10847,23,MCH1,000000000420000273                      GNS0340,,,0,,0,0,0,,,0,
20,10848,23,MCH1,000000000420000273                      GNS0341,,,0,,0,0,0,,,0,
20,10849,23,MCH1,000000000420000273                      GNS0342,,,0,,0,0,0,,,0,
20,10850,23,MCH1,000000000420000273                      GNS0343,,,0,,0,0,0,,,0,
20,10851,23,MCH1,000000000420000273                      GNS0344,,,0,,0,0,0,,,0,
20,10852,23,MCH1,000000000420000273                      GNS0345,,,0,,0,0,0,,,0,
20,10853,23,MCH1,000000000420000273                      GNS0346,,,0,,0,0,0,,,0,
20,10854,23,MCH1,000000000420000273                      JNS002,,,0,,0,0,0,,,0,
20,10855,23,MCH1,000000000420000273                      JNS003,,,0,,0,0,0,,,0,
20,10856,23,MCH1,000000000420000273                      JNS004,,,0,,0,0,0,,,0,
20,10857,23,MCH1,000000000420000273                      JNS005,,,0,,0,0,0,,,0,
20,10858,23,MCH1,000000000420000273                      JNS006,,,0,,0,0,0,,,0,
20,10859,23,MCH1,000000000420000273                      JNS007,,,0,,0,0,0,,,0,
20,10860,23,MCH1,000000000420000273                      JNS008,,,0,,0,0,0,,,0,
20,10861,23,MCH1,000000000420000273                      JNS009,,,0,,0,0,0,,,0,
20,10862,23,MCH1,000000000420000273                      JNS010,,,0,,0,0,0,,,0,
20,10863,23,MCH1,000000000420000273                      JNS011,,,0,,0,0,0,,,0,
20,10864,23,MCH1,000000000420000273                      JNS012,,,0,,0,0,0,,,0,
20,10865,23,MCH1,000000000420000273                      JNS013,,,0,,0,0,0,,,0,
20,10866,23,MCH1,000000000420000273                      JNS014,,,0,,0,0,0,,,0,
20,10867,23,MCH1,000000000420000273                      JNS015,,,0,,0,0,0,,,0,
20,10868,23,MCH1,000000000420000273                      JNS016,,,0,,0,0,0,,,0,
20,10869,23,MCH1,000000000420000273                      JNS017,,,0,,0,0,0,,,0,
20,10870,23,MCH1,000000000420000273                      JNS018,,,0,,0,0,0,,,0,
20,10871,23,MCH1,000000000420000273                      JNS019,,,0,,0,0,0,,,0,
20,10872,23,MCH1,000000000420000273                      JNS020,,,0,,0,0,0,,,0,
20,10873,23,MCH1,000000000420000273                      JNS0201,,,0,,0,0,0,,,0,
20,10874,23,MCH1,000000000420000273                      JNS0202,,,0,,0,0,0,,,0,
20,10875,23,MCH1,000000000420000273                      JNS0203,,,0,,0,0,0,,,0,
20,10876,23,MCH1,000000000420000273                      JNS0204,,,0,,0,0,0,,,0,
20,10877,23,MCH1,000000000420000273                      JNS0205,,,0,,0,0,0,,,0,
20,10878,23,MCH1,000000000420000273                      JNS0206,,,0,,0,0,0,,,0,
20,10879,23,MCH1,000000000420000273                      JNS0207,,,0,,0,0,0,,,0,
20,10880,23,MCH1,000000000420000273                      JNS0208,,,0,,0,0,0,,,0,
20,10881,23,MCH1,000000000420000273                      JNS0209,,,0,,0,0,0,,,0,
20,10882,23,MCH1,000000000420000273                      JNS021,,,0,,0,0,0,,,0,
20,10883,23,MCH1,000000000420000273                      JNS0210,,,0,,0,0,0,,,0,
20,10884,23,MCH1,000000000420000273                      JNS0211,,,0,,0,0,0,,,0,
20,10885,23,MCH1,000000000420000273                      JNS0212,,,0,,0,0,0,,,0,
20,10886,23,MCH1,000000000420000273                      JNS0213,,,0,,0,0,0,,,0,
20,10887,23,MCH1,000000000420000273                      JNS0214,,,0,,0,0,0,,,0,
20,10888,23,MCH1,000000000420000273                      JNS0215,,,0,,0,0,0,,,0,
20,10889,23,MCH1,000000000420000273                      JNS0216,,,0,,0,0,0,,,0,
20,10890,23,MCH1,000000000420000273                      JNS0217,,,0,,0,0,0,,,0,
20,10891,23,MCH1,000000000420000273                      JNS0218,,,0,,0,0,0,,,0,
20,10892,23,MCH1,000000000420000273                      JNS022,,,0,,0,0,0,,,0,
20,10893,23,MCH1,000000000420000273                      JNS023,,,0,,0,0,0,,,0,
20,10894,23,MCH1,000000000420000273                      JNS024,,,0,,0,0,0,,,0,
20,10895,23,MCH1,000000000420000273                      JNS025,,,0,,0,0,0,,,0,
20,10896,23,MCH1,000000000420000273                      JNS026,,,0,,0,0,0,,,0,
20,10897,23,MCH1,000000000420000273                      JNS027,,,0,,0,0,0,,,0,
20,10898,23,MCH1,000000000420000273                      JNS028,,,0,,0,0,0,,,0,
20,10899,23,MCH1,000000000420000273                      JNS029,,,0,,0,0,0,,,0,
20,10900,23,MCH1,000000000420000273                      JNS030,,,0,,0,0,0,,,0,
20,10901,23,MCH1,000000000420000273                      JNS031,,,0,,0,0,0,,,0,
20,10902,23,MCH1,000000000420000273                      JNS032,,,0,,0,0,0,,,0,
20,10903,23,MCH1,000000000420000273                      JNS033,,,0,,0,0,0,,,0,
20,10904,23,MCH1,000000000420000273                      JNS034,,,0,,0,0,0,,,0,
20,10905,23,MCH1,000000000420000273                      JNS035,,,0,,0,0,0,,,0,
20,10906,23,MCH1,000000000420000273                      JNS036,,,0,,0,0,0,,,0,
20,10907,23,MCH1,000000000420000273                      JNS037,,,0,,0,0,0,,,0,
20,10908,23,MCH1,000000000420000273                      JNS038,,,0,,0,0,0,,,0,
20,10909,23,MCH1,000000000420000273                      JNS039,,,0,,0,0,0,,,0,
20,10910,23,MCH1,000000000420000273                      JNS040,,,0,,0,0,0,,,0,
20,10911,23,MCH1,000000000420000273                      JNS0401,,,0,,0,0,0,,,0,
20,10912,23,MCH1,000000000420000273                      JNS0402,,,0,,0,0,0,,,0,
20,10913,23,MCH1,000000000420000273                      JNS0403,,,0,,0,0,0,,,0,
20,10914,23,MCH1,000000000420000273                      JNS0404,,,0,,0,0,0,,,0,
20,10915,23,MCH1,000000000420000273                      JNS0405,,,0,,0,0,0,,,0,
20,10916,23,MCH1,000000000420000273                      JNS0406,,,0,,0,0,0,,,0,
20,10917,23,MCH1,000000000420000273                      JNS0407,,,0,,0,0,0,,,0,
20,10918,23,MCH1,000000000420000273                      N0010,,,0,,0,0,0,,,0,
20,10919,23,MCH1,000000000420000273                      N00101,,,0,,0,0,0,,,0,
20,10920,23,MCH1,000000000420000273                      N0011,,,0,,0,0,0,,,0,
20,10921,23,MCH1,000000000420000273                      N0012,,,0,,0,0,0,,,0,
20,10922,23,MCH1,000000000420000273                      N0013,,,0,,0,0,0,,,0,
20,10923,23,MCH1,000000000420000273                      N0014,,,0,,0,0,0,,,0,
20,10924,23,MCH1,000000000420000273                      N0015,,,0,,0,0,0,,,0,
20,10925,23,MCH1,000000000420000273                      N0016,,,0,,0,0,0,,,0,
20,10926,23,MCH1,000000000420000273                      N0017,,,0,,0,0,0,,,0,
20,10927,23,MCH1,000000000420000273                      N0018,,,0,,0,0,0,,,0,
20,10928,23,MCH1,000000000420000273                      N0019,,,0,,0,0,0,,,0,
20,10929,23,MCH1,000000000420000273                      N0020,,,0,,0,0,0,,,0,
20,10930,23,MCH1,000000000420000273                      N0021,,,0,,0,0,0,,,0,
20,10931,23,MCH1,000000000420000273                      N0022,,,0,,0,0,0,,,0,
20,10932,23,MCH1,000000000420000273                      N0023,,,0,,0,0,0,,,0,
20,10933,23,MCH1,000000000420000273                      N0024,,,0,,0,0,0,,,0,
20,10934,23,MCH1,000000000420000273                      N0025,,,0,,0,0,0,,,0,
20,10935,23,MCH1,000000000420000273                      N0026,,,0,,0,0,0,,,0,
20,10936,23,MCH1,000000000420000273                      N0027,,,0,,0,0,0,,,0,
20,10937,23,MCH1,000000000420000273                      N0031,,,0,,0,0,0,,,0,
20,10938,23,MCH1,000000000420000273                      N0032,,,0,,0,0,0,,,0,
20,10939,23,MCH1,000000000420000273                      N0033,,,0,,0,0,0,,,0,
20,10940,23,MCH1,000000000420000273                      N0034,,,0,,0,0,0,,,0,
20,10941,23,MCH1,000000000420000273                      N0035,,,0,,0,0,0,,,0,
20,10942,23,MCH1,000000000420000273                      N0036,,,0,,0,0,0,,,0,
20,10943,23,MCH1,000000000420000273                      N0037,,,0,,0,0,0,,,0,
20,10944,23,MCH1,000000000420000273                      N0038,,,0,,0,0,0,,,0,
20,11440,23,MCH1,000000000420000276                      ENT0116,,,0,,0,0,0,,,0,
20,11441,23,MCH1,000000000420000276                      ENT0117,,,0,,0,0,0,,,0,
20,11442,23,MCH1,000000000420000276                      ENT0118,,,0,,0,0,0,,,0,
20,11443,23,MCH1,000000000420000276                      ENT0119,,,0,,0,0,0,,,0,
20,11444,23,MCH1,000000000420000276                      ENT012,,,0,,0,0,0,,,0,
20,11445,23,MCH1,000000000420000276                      ENT0120,,,0,,0,0,0,,,0,
20,11446,23,MCH1,000000000420000276                      ENT0121,,,0,,0,0,0,,,0,
20,11447,23,MCH1,000000000420000276                      ENT0122,,,0,,0,0,0,,,0,
20,11448,23,MCH1,000000000420000276                      ENT0123,,,0,,0,0,0,,,0,
20,11449,23,MCH1,000000000420000276                      ENT0124,,,0,,0,0,0,,,0,
20,11450,23,MCH1,000000000420000276                      ENT0125,,,0,,0,0,0,,,0,
20,11451,23,MCH1,000000000420000276                      ENT0126,,,0,,0,0,0,,,0,
20,11452,23,MCH1,000000000420000276                      ENT0127,,,0,,0,0,0,,,0,
20,11453,23,MCH1,000000000420000276                      ENT0128,,,0,,0,0,0,,,0,
20,11454,23,MCH1,000000000420000276                      ENT0129,,,0,,0,0,0,,,0,
20,11455,23,MCH1,000000000420000276                      ENT013,,,0,,0,0,0,,,0,
20,11456,23,MCH1,000000000420000276                      ENT0130,,,0,,0,0,0,,,0,
20,11457,23,MCH1,000000000420000276                      ENT0131,,,0,,0,0,0,,,0,
20,11458,23,MCH1,000000000420000276                      ENT0132,,,0,,0,0,0,,,0,
20,11459,23,MCH1,000000000420000276                      ENT0133,,,0,,0,0,0,,,0,
20,11460,23,MCH1,000000000420000276                      ENT0134,,,0,,0,0,0,,,0,
20,11461,23,MCH1,000000000420000276                      ENT0135,,,0,,0,0,0,,,0,
20,11462,23,MCH1,000000000420000276                      ENT0136,,,0,,0,0,0,,,0,
20,11463,23,MCH1,000000000420000276                      ENT0137,,,0,,0,0,0,,,0,
20,11464,23,MCH1,000000000420000276                      ENT0138,,,0,,0,0,0,,,0,
20,11465,23,MCH1,000000000420000276                      ENT0139,,,0,,0,0,0,,,0,
20,11466,23,MCH1,000000000420000276                      ENT014,,,0,,0,0,0,,,0,
20,11467,23,MCH1,000000000420000276                      ENT0142,,,0,,0,0,0,,,0,
20,11468,23,MCH1,000000000420000276                      ENT0143,,,0,,0,0,0,,,0,
20,11469,23,MCH1,000000000420000276                      ENT0144,,,0,,0,0,0,,,0,
20,11470,23,MCH1,000000000420000276                      ENT0145,,,0,,0,0,0,,,0,
20,11471,23,MCH1,000000000420000276                      ENT0146,,,0,,0,0,0,,,0,
20,11472,23,MCH1,000000000420000276                      ENT0149,,,0,,0,0,0,,,0,
20,11473,23,MCH1,000000000420000276                      ENT015,,,0,,0,0,0,,,0,
20,11474,23,MCH1,000000000420000276                      ENT0150,,,0,,0,0,0,,,0,
20,11475,23,MCH1,000000000420000276                      ENT0151,,,0,,0,0,0,,,0,
20,11476,23,MCH1,000000000420000276                      ENT0152,,,0,,0,0,0,,,0,
20,11477,23,MCH1,000000000420000276                      ENT0153,,,0,,0,0,0,,,0,
20,11478,23,MCH1,000000000420000276                      ENT0154,,,0,,0,0,0,,,0,
20,11479,23,MCH1,000000000420000276                      ENT0155,,,0,,0,0,0,,,0,
20,11480,23,MCH1,000000000420000276                      ENT0156,,,0,,0,0,0,,,0,
20,11481,23,MCH1,000000000420000276                      ENT0157,,,0,,0,0,0,,,0,
20,11482,23,MCH1,000000000420000276                      ENT0158,,,0,,0,0,0,,,0,
20,11483,23,MCH1,000000000420000276                      ENT0159,,,0,,0,0,0,,,0,
20,11484,23,MCH1,000000000420000276                      ENT016,,,0,,0,0,0,,,0,
20,11485,23,MCH1,000000000420000276                      ENT0160,,,0,,0,0,0,,,0,
20,11486,23,MCH1,000000000420000276                      ENT0161,,,0,,0,0,0,,,0,
20,11487,23,MCH1,000000000420000276                      ENT0162,,,0,,0,0,0,,,0,
20,11488,23,MCH1,000000000420000276                      ENT0163,,,0,,0,0,0,,,0,
20,11489,23,MCH1,000000000420000276                      ENT0164,,,0,,0,0,0,,,0,
20,11490,23,MCH1,000000000420000276                      ENT0165,,,0,,0,0,0,,,0,
20,11491,23,MCH1,000000000420000276                      ENT0166,,,0,,0,0,0,,,0,
20,11492,23,MCH1,000000000420000276                      ENT0167,,,0,,0,0,0,,,0,
20,11493,23,MCH1,000000000420000276                      ENT0168,,,0,,0,0,0,,,0,
20,11494,23,MCH1,000000000420000276                      ENT0169,,,0,,0,0,0,,,0,
20,11495,23,MCH1,000000000420000276                      ENT017,,,0,,0,0,0,,,0,
20,11496,23,MCH1,000000000420000276                      ENT0170,,,0,,0,0,0,,,0,
20,11497,23,MCH1,000000000420000276                      ENT0171,,,0,,0,0,0,,,0,
20,11498,23,MCH1,000000000420000276                      ENT0172,,,0,,0,0,0,,,0,
20,11499,23,MCH1,000000000420000276                      ENT0173,,,0,,0,0,0,,,0,
20,11500,23,MCH1,000000000420000276                      ENT0174,,,0,,0,0,0,,,0,
20,11501,23,MCH1,000000000420000276                      ENT0175,,,0,,0,0,0,,,0,
20,11502,23,MCH1,000000000420000276                      ENT0176,,,0,,0,0,0,,,0,
20,11503,23,MCH1,000000000420000276                      ENT0177,,,0,,0,0,0,,,0,
20,11504,23,MCH1,000000000420000276                      ENT0178,,,0,,0,0,0,,,0,
20,11505,23,MCH1,000000000420000276                      ENT0179,,,0,,0,0,0,,,0,
20,11506,23,MCH1,000000000420000276                      ENT018,,,0,,0,0,0,,,0,
20,11507,23,MCH1,000000000420000276                      ENT0180,,,0,,0,0,0,,,0,
20,11508,23,MCH1,000000000420000276                      ENT0181,,,0,,0,0,0,,,0,
20,11509,23,MCH1,000000000420000276                      ENT0182,,,0,,0,0,0,,,0,
20,11510,23,MCH1,000000000420000276                      ENT0183,,,0,,0,0,0,,,0,
20,11511,23,MCH1,000000000420000276                      ENT0184,,,0,,0,0,0,,,0,
20,11512,23,MCH1,000000000420000276                      ENT0185,,,0,,0,0,0,,,0,
20,11513,23,MCH1,000000000420000276                      ENT019,,,0,,0,0,0,,,0,
20,11514,23,MCH1,000000000420000276                      ENT0201,,,0,,0,0,0,,,0,
20,11515,23,MCH1,000000000420000276                      ENT0202,,,0,,0,0,0,,,0,
20,11516,23,MCH1,000000000420000276                      ENT0203,,,0,,0,0,0,,,0,
20,11517,23,MCH1,000000000420000276                      ENT0204,,,0,,0,0,0,,,0,
20,11518,23,MCH1,000000000420000276                      ENT0205,,,0,,0,0,0,,,0,
20,11519,23,MCH1,000000000420000276                      ENT0206,,,0,,0,0,0,,,0,
20,11520,23,MCH1,000000000420000276                      ENT0207,,,0,,0,0,0,,,0,
20,11521,23,MCH1,000000000420000276                      ENT0208,,,0,,0,0,0,,,0,
20,11522,23,MCH1,000000000420000276                      ENT0209,,,0,,0,0,0,,,0,
20,11523,23,MCH1,000000000420000276                      ENT0210,,,0,,0,0,0,,,0,
20,11524,23,MCH1,000000000420000276                      ENT0211,,,0,,0,0,0,,,0,
20,11525,23,MCH1,000000000420000276                      ENT0212,,,0,,0,0,0,,,0,
20,11526,23,MCH1,000000000420000276                      ENT0213,,,0,,0,0,0,,,0,
20,11527,23,MCH1,000000000420000276                      ENT0214,,,0,,0,0,0,,,0,
20,11528,23,MCH1,000000000420000276                      ENT0215,,,0,,0,0,0,,,0,
20,11529,23,MCH1,000000000420000276                      ENT0216,,,0,,0,0,0,,,0,
20,11530,23,MCH1,000000000420000276                      ENT0217,,,0,,0,0,0,,,0,
20,11531,23,MCH1,000000000420000276                      ENT0218,,,0,,0,0,0,,,0,
20,11532,23,MCH1,000000000420000276                      ENT0219,,,0,,0,0,0,,,0,
20,11533,23,MCH1,000000000420000276                      ENT0220,,,0,,0,0,0,,,0,
20,11534,23,MCH1,000000000420000276                      ENT0221,,,0,,0,0,0,,,0,
20,11535,23,MCH1,000000000420000276                      ENT0222,,,0,,0,0,0,,,0,
20,11536,23,MCH1,000000000420000276                      ENT0223,,,0,,0,0,0,,,0,
20,11537,23,MCH1,000000000420000276                      ENT0224,,,0,,0,0,0,,,0,
20,11538,23,MCH1,000000000420000276                      ENT0225,,,0,,0,0,0,,,0,
20,11638,23,MCH1,000000000420000276                      ENT03126,,,0,,0,0,0,,,0,
20,11639,23,MCH1,000000000420000276                      ENT03127,,,0,,0,0,0,,,0,
20,11640,23,MCH1,000000000420000276                      ENT03128,,,0,,0,0,0,,,0,
20,11641,23,MCH1,000000000420000276                      ENT03129,,,0,,0,0,0,,,0,
20,11642,23,MCH1,000000000420000276                      ENT0313,,,0,,0,0,0,,,0,
20,11643,23,MCH1,000000000420000276                      ENT03130,,,0,,0,0,0,,,0,
20,11644,23,MCH1,000000000420000276                      ENT03131,,,0,,0,0,0,,,0,
20,11645,23,MCH1,000000000420000276                      ENT03132,,,0,,0,0,0,,,0,
20,11646,23,MCH1,000000000420000276                      ENT03133,,,0,,0,0,0,,,0,
20,11647,23,MCH1,000000000420000276                      ENT03134,,,0,,0,0,0,,,0,
20,11648,23,MCH1,000000000420000276                      ENT03135,,,0,,0,0,0,,,0,
20,11649,23,MCH1,000000000420000276                      ENT03136,,,0,,0,0,0,,,0,
20,11650,23,MCH1,000000000420000276                      ENT03137,,,0,,0,0,0,,,0,
20,11651,23,MCH1,000000000420000276                      ENT03138,,,0,,0,0,0,,,0,
20,11652,23,MCH1,000000000420000276                      ENT03139,,,0,,0,0,0,,,0,
20,11653,23,MCH1,000000000420000276                      ENT0314,,,0,,0,0,0,,,0,
20,11654,23,MCH1,000000000420000276                      ENT03140,,,0,,0,0,0,,,0,
20,11655,23,MCH1,000000000420000276                      ENT03142,,,0,,0,0,0,,,0,
20,11656,23,MCH1,000000000420000276                      ENT0315,,,0,,0,0,0,,,0,
20,11657,23,MCH1,000000000420000276                      ENT0316,,,0,,0,0,0,,,0,
20,11658,23,MCH1,000000000420000276                      ENT0317,,,0,,0,0,0,,,0,
20,11659,23,MCH1,000000000420000276                      ENT0318,,,0,,0,0,0,,,0,
20,11660,23,MCH1,000000000420000276                      ENT0319,,,0,,0,0,0,,,0,
20,11661,23,MCH1,000000000420000276                      ENT0320,,,0,,0,0,0,,,0,
20,11662,23,MCH1,000000000420000276                      ENT0321,,,0,,0,0,0,,,0,
20,11663,23,MCH1,000000000420000276                      ENT0322,,,0,,0,0,0,,,0,
20,11664,23,MCH1,000000000420000276                      ENT0323,,,0,,0,0,0,,,0,
20,11665,23,MCH1,000000000420000276                      ENT0324,,,0,,0,0,0,,,0,
20,11666,23,MCH1,000000000420000276                      ENT0325,,,0,,0,0,0,,,0,
20,11667,23,MCH1,000000000420000276                      ENT0326,,,0,,0,0,0,,,0,
20,11668,23,MCH1,000000000420000276                      ENT0327,,,0,,0,0,0,,,0,
20,11669,23,MCH1,000000000420000276                      ENT0328,,,0,,0,0,0,,,0,
20,11670,23,MCH1,000000000420000276                      ENT0329,,,0,,0,0,0,,,0,
20,11671,23,MCH1,000000000420000276                      ENT0331,,,0,,0,0,0,,,0,
20,11672,23,MCH1,000000000420000276                      ENT0332,,,0,,0,0,0,,,0,
20,11673,23,MCH1,000000000420000276                      ENT0333,,,0,,0,0,0,,,0,
20,11674,23,MCH1,000000000420000276                      ENT0334,,,0,,0,0,0,,,0,
20,11675,23,MCH1,000000000420000276                      ENT0335,,,0,,0,0,0,,,0,
20,11676,23,MCH1,000000000420000276                      ENT0336,,,0,,0,0,0,,,0,
20,11677,23,MCH1,000000000420000276                      ENT0337,,,0,,0,0,0,,,0,
20,11678,23,MCH1,000000000420000276                      ENT0338,,,0,,0,0,0,,,0,
20,11679,23,MCH1,000000000420000276                      ENT0339,,,0,,0,0,0,,,0,
20,11680,23,MCH1,000000000420000276                      ENT0340,,,0,,0,0,0,,,0,
20,11681,23,MCH1,000000000420000276                      ENT0341,,,0,,0,0,0,,,0,
20,11682,23,MCH1,000000000420000276                      ENT0342,,,0,,0,0,0,,,0,
20,11683,23,MCH1,000000000420000276                      ENT0343,,,0,,0,0,0,,,0,
20,11684,23,MCH1,000000000420000276                      ENT0344,,,0,,0,0,0,,,0,
20,11685,23,MCH1,000000000420000276                      ENT0345,,,0,,0,0,0,,,0,
20,11686,23,MCH1,000000000420000276                      ENT0346,,,0,,0,0,0,,,0,
20,11687,23,MCH1,000000000420000276                      ENT0347,,,0,,0,0,0,,,0,
20,11688,23,MCH1,000000000420000276                      ENT0348,,,0,,0,0,0,,,0,
20,11689,23,MCH1,000000000420000276                      ENT0349,,,0,,0,0,0,,,0,
20,11690,23,MCH1,000000000420000276                      ENT0350,,,0,,0,0,0,,,0,
20,11691,23,MCH1,000000000420000276                      ENT0351,,,0,,0,0,0,,,0,
20,11692,23,MCH1,000000000420000276                      ENT0352,,,0,,0,0,0,,,0,
20,11693,23,MCH1,000000000420000276                      ENT0353,,,0,,0,0,0,,,0,
20,11694,23,MCH1,000000000420000276                      ENT0354,,,0,,0,0,0,,,0,
20,11695,23,MCH1,000000000420000276                      ENT0355,,,0,,0,0,0,,,0,
20,11696,23,MCH1,000000000420000276                      ENT0356,,,0,,0,0,0,,,0,
20,11697,23,MCH1,000000000420000276                      ENT0357,,,0,,0,0,0,,,0,
20,11698,23,MCH1,000000000420000276                      ENT0358,,,0,,0,0,0,,,0,
20,11699,23,MCH1,000000000420000276                      ENT0359,,,0,,0,0,0,,,0,
20,11700,23,MCH1,000000000420000276                      ENT0360,,,0,,0,0,0,,,0,
20,11701,23,MCH1,000000000420000276                      ENT0361,,,0,,0,0,0,,,0,
20,11702,23,MCH1,000000000420000276                      ENT0362,,,0,,0,0,0,,,0,
20,11703,23,MCH1,000000000420000276                      ENT0363,,,0,,0,0,0,,,0,
20,11704,23,MCH1,000000000420000276                      ENT0364,,,0,,0,0,0,,,0,
20,11705,23,MCH1,000000000420000276                      ENT0365,,,0,,0,0,0,,,0,
20,11706,23,MCH1,000000000420000276                      ENT0366,,,0,,0,0,0,,,0,
20,11707,23,MCH1,000000000420000276                      ENT0367,,,0,,0,0,0,,,0,
20,11708,23,MCH1,000000000420000276                      ENT0368,,,0,,0,0,0,,,0,
20,11709,23,MCH1,000000000420000276                      ENT0369,,,0,,0,0,0,,,0,
20,11710,23,MCH1,000000000420000276                      ENT0370,,,0,,0,0,0,,,0,
20,11711,23,MCH1,000000000420000276                      ENT0371,,,0,,0,0,0,,,0,
20,11712,23,MCH1,000000000420000276                      ENT0372,,,0,,0,0,0,,,0,
20,11713,23,MCH1,000000000420000276                      ENT0373,,,0,,0,0,0,,,0,
20,11714,23,MCH1,000000000420000276                      ENT0374,,,0,,0,0,0,,,0,
20,11715,23,MCH1,000000000420000276                      ENT0375,,,0,,0,0,0,,,0,
20,11716,23,MCH1,000000000420000276                      ENT0376,,,0,,0,0,0,,,0,
20,11717,23,MCH1,000000000420000276                      ENT0377,,,0,,0,0,0,,,0,
20,11718,23,MCH1,000000000420000276                      ENT0378,,,0,,0,0,0,,,0,
20,11719,23,MCH1,000000000420000276                      ENT0379,,,0,,0,0,0,,,0,
20,11720,23,MCH1,000000000420000276                      ENT0380,,,0,,0,0,0,,,0,
20,11721,23,MCH1,000000000420000276                      ENT0381,,,0,,0,0,0,,,0,
20,11722,23,MCH1,000000000420000276                      ENT0382,,,0,,0,0,0,,,0,
20,11723,23,MCH1,000000000420000276                      ENT0383,,,0,,0,0,0,,,0,
20,11724,23,MCH1,000000000420000276                      ENT0384,,,0,,0,0,0,,,0,
20,11725,23,MCH1,000000000420000276                      ENT0385,,,0,,0,0,0,,,0,
20,11726,23,MCH1,000000000420000276                      ENT0386,,,0,,0,0,0,,,0,
20,11727,23,MCH1,000000000420000276                      ENT0387,,,0,,0,0,0,,,0,
20,11728,23,MCH1,000000000420000276                      ENT0388,,,0,,0,0,0,,,0,
20,11729,23,MCH1,000000000420000276                      ENT0389,,,0,,0,0,0,,,0,
20,11730,23,MCH1,000000000420000276                      ENT0390,,,0,,0,0,0,,,0,
20,11731,23,MCH1,000000000420000276                      ENT0391,,,0,,0,0,0,,,0,
20,11732,23,MCH1,000000000420000276                      ENT0392,,,0,,0,0,0,,,0,
20,11733,23,MCH1,000000000420000276                      ENT0393,,,0,,0,0,0,,,0,
20,11734,23,MCH1,000000000420000276                      ENT0394,,,0,,0,0,0,,,0,
20,11735,23,MCH1,000000000420000276                      ENT0395,,,0,,0,0,0,,,0,
20,11736,23,MCH1,000000000420000276                      ENT0396,,,0,,0,0,0,,,0,
20,12034,23,MCH1,000000000420000309                      OD003,,,0,,0,0,0,,,0,
20,12035,23,MCH1,000000000420000309                      OD004,,,0,,0,0,0,,,0,
20,12036,23,MCH1,000000000420000309                      OD005,,,0,,0,0,0,,,0,
20,12037,23,MCH1,000000000420000309                      OD006,,,0,,0,0,0,,,0,
20,12038,23,MCH1,000000000420000309                      OD007,,,0,,0,0,0,,,0,
20,12039,23,MCH1,000000000420000309                      OD008,,,0,,0,0,0,,,0,
20,12040,23,MCH1,000000000420000309                      OD009,,,0,,0,0,0,,,0,
20,12041,23,MCH1,000000000420000309                      OD011,,,0,,0,0,0,,,0,
20,12042,23,MCH1,000000000420000309                      OD0110,,,0,,0,0,0,,,0,
20,12043,23,MCH1,000000000420000309                      OD012,,,0,,0,0,0,,,0,
20,12044,23,MCH1,000000000420000309                      OD013,,,0,,0,0,0,,,0,
20,12045,23,MCH1,000000000420000309                      OD014,,,0,,0,0,0,,,0,
20,12046,23,MCH1,000000000420000309                      OD015,,,0,,0,0,0,,,0,
20,12047,23,MCH1,000000000420000309                      OD016,,,0,,0,0,0,,,0,
20,12048,23,MCH1,000000000420000309                      OD017,,,0,,0,0,0,,,0,
20,12049,23,MCH1,000000000420000309                      OD018,,,0,,0,0,0,,,0,
20,12050,23,MCH1,000000000420000309                      OD019,,,0,,0,0,0,,,0,
20,12051,23,MCH1,000000000420000309                      OD021,,,0,,0,0,0,,,0,
20,12052,23,MCH1,000000000420000309                      OD022,,,0,,0,0,0,,,0,
20,12053,23,MCH1,000000000420000309                      OD023,,,0,,0,0,0,,,0,
20,12054,23,MCH1,000000000420000309                      OD024,,,0,,0,0,0,,,0,
20,12055,23,MCH1,000000000420000309                      OD0301,,,0,,0,0,0,,,0,
20,12056,23,MCH1,000000000420000309                      OD0302,,,0,,0,0,0,,,0,
20,12057,23,MCH1,000000000420000309                      OD0499,,,0,,0,0,0,,,0,
20,12058,23,MCH1,000000000420000309                      OD0899,,,0,,0,0,0,,,0,
20,12059,23,MCH1,000000000420000309                      OOD021,,,0,,0,0,0,,,0,
20,12060,23,MCH1,000000000420000309                      OOD022,,,0,,0,0,0,,,0,
20,12061,23,MCH1,000000000420000309                      OOD023,,,0,,0,0,0,,,0,
20,12062,23,MCH1,000000000420000309                      OOD024,,,0,,0,0,0,,,0,
20,12063,23,MCH1,000000000420000309                      ROD024,,,0,,0,0,0,,,0,
20,12064,23,MCH1,000000000420000309                      ROD025,,,0,,0,0,0,,,0,
20,12065,23,MCH1,000000000420000309                      ROD0301,,,0,,0,0,0,,,0,
20,12066,23,MCH1,000000000420000309                      ROD0302,,,0,,0,0,0,,,0,
20,12067,23,MCH1,000000000420000484                      OK022,,,0,,0,0,0,,,0,
20,12068,23,MCH1,000000000420000484                      OK023,,,0,,0,0,0,,,0,
20,12069,23,MCH1,000000000420000484                      OK024,,,0,,0,0,0,,,0,
20,12070,23,MCH1,000000000420000484                      SOK0201,,,0,,0,0,0,,,0,
20,12071,23,MCH1,000000000420000484                      SOK0202,,,0,,0,0,0,,,0,
20,12072,23,MCH1,000000000420000484                      SOK0203,,,0,,0,0,0,,,0,
20,12073,23,MCH1,000000000420000484                      SOK0301,,,0,,0,0,0,,,0,
20,12074,23,MCH1,000000000420000484                      SOK0302,,,0,,0,0,0,,,0,
20,12075,23,MCH1,000000000420000484                      SOK0303,,,0,,0,0,0,,,0,
20,12076,23,MCH1,000000000420000312                      EX001,,,0,,0,0,0,,,0,
20,12077,23,MCH1,000000000420000312                      EX011,,,0,,0,0,0,,,0,
20,12078,23,MCH1,000000000420000312                      JOS0301,,,0,,0,0,0,,,0,
20,12079,23,MCH1,000000000420000312                      JOS0302,,,0,,0,0,0,,,0,
20,12080,23,MCH1,000000000420000312                      JOS0303,,,0,,0,0,0,,,0,
20,12081,23,MCH1,000000000420000312                      JOS0304,,,0,,0,0,0,,,0,
20,12082,23,MCH1,000000000420000312                      JOS0305,,,0,,0,0,0,,,0,
20,12083,23,MCH1,000000000420000312                      JOS0306,,,0,,0,0,0,,,0,
20,12084,23,MCH1,000000000420000312                      JOS0307,,,0,,0,0,0,,,0,
20,12085,23,MCH1,000000000420000312                      JOS0308,,,0,,0,0,0,,,0,
20,12086,23,MCH1,000000000420000312                      JOS0309,,,0,,0,0,0,,,0,
20,12087,23,MCH1,000000000420000312                      JOS0310,,,0,,0,0,0,,,0,
20,12088,23,MCH1,000000000420000312                      JOS0311,,,0,,0,0,0,,,0,
20,12089,23,MCH1,000000000420000312                      JOS0314,,,0,,0,0,0,,,0,
20,12090,23,MCH1,000000000420000312                      JOS0315,,,0,,0,0,0,,,0,
20,12091,23,MCH1,000000000420000312                      JOS0316,,,0,,0,0,0,,,0,
20,12092,23,MCH1,000000000420000312                      JOS0317,,,0,,0,0,0,,,0,
20,12093,23,MCH1,000000000420000312                      JOS0318,,,0,,0,0,0,,,0,
20,12094,23,MCH1,000000000420000312                      JOS0319,,,0,,0,0,0,,,0,
20,12095,23,MCH1,000000000420000312                      JOS0320,,,0,,0,0,0,,,0,
20,12096,23,MCH1,000000000420000312                      JOS0321,,,0,,0,0,0,,,0,
20,12097,23,MCH1,000000000420000312                      JOS0322,,,0,,0,0,0,,,0,
20,12098,23,MCH1,000000000420000312                      JOS0323,,,0,,0,0,0,,,0,
20,12099,23,MCH1,000000000420000312                      JOS0324,,,0,,0,0,0,,,0,
20,12100,23,MCH1,000000000420000312                      JOS0325,,,0,,0,0,0,,,0,
20,12101,23,MCH1,000000000420000312                      JOS0326,,,0,,0,0,0,,,0,
20,12102,23,MCH1,000000000420000312                      JOS0327,,,0,,0,0,0,,,0,
20,12103,23,MCH1,000000000420000312                      JOS0328,,,0,,0,0,0,,,0,
20,12104,23,MCH1,000000000420000312                      JOS0329,,,0,,0,0,0,,,0,
20,12105,23,MCH1,000000000420000312                      JOS0330,,,0,,0,0,0,,,0,
20,12106,23,MCH1,000000000420000312                      JOS0331,,,0,,0,0,0,,,0,
20,12107,23,MCH1,000000000420000312                      JOS0401,,,0,,0,0,0,,,0,
20,12108,23,MCH1,000000000420000312                      JOS0402,,,0,,0,0,0,,,0,
20,12109,23,MCH1,000000000420000312                      JOS0408,,,0,,0,0,0,,,0,
20,12110,23,MCH1,000000000420000312                      JOS0409,,,0,,0,0,0,,,0,
20,12111,23,MCH1,000000000420000312                      JOS0410,,,0,,0,0,0,,,0,
20,12112,23,MCH1,000000000420000312                      JOS0411,,,0,,0,0,0,,,0,
20,12113,23,MCH1,000000000420000312                      JOS0412,,,0,,0,0,0,,,0,
20,12114,23,MCH1,000000000420000312                      JOS0413,,,0,,0,0,0,,,0,
20,12115,23,MCH1,000000000420000312                      JOS0414,,,0,,0,0,0,,,0,
20,12116,23,MCH1,000000000420000312                      JOS0415,,,0,,0,0,0,,,0,
20,12117,23,MCH1,000000000420000312                      JOS0416,,,0,,0,0,0,,,0,
20,12118,23,MCH1,000000000420000312                      JOS0417,,,0,,0,0,0,,,0,
20,12119,23,MCH1,000000000420000312                      JOS0418,,,0,,0,0,0,,,0,
20,12120,23,MCH1,000000000420000312                      JOS0419,,,0,,0,0,0,,,0,
20,12121,23,MCH1,000000000420000312                      JOS0420,,,0,,0,0,0,,,0,
20,12122,23,MCH1,000000000420000312                      JOS0421,,,0,,0,0,0,,,0,
20,12123,23,MCH1,000000000420000312                      JOS0422,,,0,,0,0,0,,,0,
20,12124,23,MCH1,000000000420000312                      JOS0423,,,0,,0,0,0,,,0,
20,12125,23,MCH1,000000000420000312                      JOS0424,,,0,,0,0,0,,,0,
20,12126,23,MCH1,000000000420000312                      JOS0425,,,0,,0,0,0,,,0,
20,12127,23,MCH1,000000000420000312                      JOS0426,,,0,,0,0,0,,,0,
20,12128,23,MCH1,000000000420000312                      JOS0427,,,0,,0,0,0,,,0,
20,12129,23,MCH1,000000000420000312                      JOS0428,,,0,,0,0,0,,,0,
20,12130,23,MCH1,000000000420000312                      JOS0429,,,0,,0,0,0,,,0,
20,12131,23,MCH1,000000000420000312                      JOS0430,,,0,,0,0,0,,,0,
20,12132,23,MCH1,000000000420000312                      JOS0431,,,0,,0,0,0,,,0,
20,12430,23,MCH1,000000000420000222                      FFT0309,,,0,,0,0,0,,,0,
20,12431,23,MCH1,000000000420000222                      FFT0310,,,0,,0,0,0,,,0,
20,12432,23,MCH1,000000000420000222                      FFT0311,,,0,,0,0,0,,,0,
20,12433,23,MCH1,000000000420000222                      FFT0312,,,0,,0,0,0,,,0,
20,12434,23,MCH1,000000000420000222                      FFT0313,,,0,,0,0,0,,,0,
20,12435,23,MCH1,000000000420000222                      FFT0314,,,0,,0,0,0,,,0,
20,12436,23,MCH1,000000000420000222                      FFT0315,,,0,,0,0,0,,,0,
20,12437,23,MCH1,000000000420000222                      FFT0316,,,0,,0,0,0,,,0,
20,12438,23,MCH1,000000000420000222                      FFT0317,,,0,,0,0,0,,,0,
20,12439,23,MCH1,000000000420000222                      FFT0318,,,0,,0,0,0,,,0,
20,12440,23,MCH1,000000000420000222                      FFT0319,,,0,,0,0,0,,,0,
20,12441,23,MCH1,000000000420000222                      FFT0320,,,0,,0,0,0,,,0,
20,12442,23,MCH1,000000000420000222                      FFT0321,,,0,,0,0,0,,,0,
20,12443,23,MCH1,000000000420000222                      FFT0322,,,0,,0,0,0,,,0,
20,12444,23,MCH1,000000000420000222                      FFT0323,,,0,,0,0,0,,,0,
20,12445,23,MCH1,000000000420000222                      FFT0324,,,0,,0,0,0,,,0,
20,12446,23,MCH1,000000000420000222                      FFT0325,,,0,,0,0,0,,,0,
20,12447,23,MCH1,000000000420000222                      FFT0326,,,0,,0,0,0,,,0,
20,12448,23,MCH1,000000000420000222                      FFT0327,,,0,,0,0,0,,,0,
20,12449,23,MCH1,000000000420000222                      FFT0328,,,0,,0,0,0,,,0,
20,12450,23,MCH1,000000000420000222                      FFT0329,,,0,,0,0,0,,,0,
20,12451,23,MCH1,000000000420000222                      FFT0330,,,0,,0,0,0,,,0,
20,12452,23,MCH1,000000000420000222                      FFT0331,,,0,,0,0,0,,,0,
20,12453,23,MCH1,000000000420000222                      FFT0332,,,0,,0,0,0,,,0,
20,12454,23,MCH1,000000000420000222                      FFT0333,,,0,,0,0,0,,,0,
20,12455,23,MCH1,000000000420000222                      FFT0334,,,0,,0,0,0,,,0,
20,12456,23,MCH1,000000000420000222                      FFT0335,,,0,,0,0,0,,,0,
20,12457,23,MCH1,000000000420000222                      FFT0336,,,0,,0,0,0,,,0,
20,12458,23,MCH1,000000000420000222                      FFT0337,,,0,,0,0,0,,,0,
20,12459,23,MCH1,000000000420000222                      FFT0338,,,0,,0,0,0,,,0,
20,12460,23,MCH1,000000000420000222                      FFT0339,,,0,,0,0,0,,,0,
20,12461,23,MCH1,000000000420000222                      FFT0340,,,0,,0,0,0,,,0,
20,12462,23,MCH1,000000000420000222                      FFT0341,,,0,,0,0,0,,,0,
20,12463,23,MCH1,000000000420000222                      FFT0342,,,0,,0,0,0,,,0,
20,12464,23,MCH1,000000000420000222                      FFT0343,,,0,,0,0,0,,,0,
20,12465,23,MCH1,000000000420000222                      FFT0344,,,0,,0,0,0,,,0,
20,12466,23,MCH1,000000000420000222                      FFT0345,,,0,,0,0,0,,,0,
20,12467,23,MCH1,000000000420000222                      FFT0346,,,0,,0,0,0,,,0,
20,12468,23,MCH1,000000000420000222                      FFT0347,,,0,,0,0,0,,,0,
20,12469,23,MCH1,000000000420000222                      FFT0348,,,0,,0,0,0,,,0,
20,12470,23,MCH1,000000000420000222                      FFT0349,,,0,,0,0,0,,,0,
20,12471,23,MCH1,000000000420000222                      FFT0350,,,0,,0,0,0,,,0,
20,12472,23,MCH1,000000000420000222                      FFT0351,,,0,,0,0,0,,,0,
20,12473,23,MCH1,000000000420000222                      FFT0352,,,0,,0,0,0,,,0,
20,12474,23,MCH1,000000000420000222                      FFT0353,,,0,,0,0,0,,,0,
20,12475,23,MCH1,000000000420000222                      FFT0354,,,0,,0,0,0,,,0,
20,12476,23,MCH1,000000000420000222                      FFT0355,,,0,,0,0,0,,,0,
20,12477,23,MCH1,000000000420000222                      FFT0356,,,0,,0,0,0,,,0,
20,12478,23,MCH1,000000000420000222                      FFT0357,,,0,,0,0,0,,,0,
20,12479,23,MCH1,000000000420000222                      FFT0358,,,0,,0,0,0,,,0,
20,12480,23,MCH1,000000000420000222                      FFT0359,,,0,,0,0,0,,,0,
20,12481,23,MCH1,000000000420000222                      FFT0360,,,0,,0,0,0,,,0,
20,12482,23,MCH1,000000000420000222                      FFT0361,,,0,,0,0,0,,,0,
20,12483,23,MCH1,000000000420000222                      FFT0362,,,0,,0,0,0,,,0,
20,12484,23,MCH1,000000000420000222                      FFT0363,,,0,,0,0,0,,,0,
20,12485,23,MCH1,000000000420000222                      FFT0364,,,0,,0,0,0,,,0,
20,12486,23,MCH1,000000000420000222                      FFT0366,,,0,,0,0,0,,,0,
20,12487,23,MCH1,000000000420000222                      FFT0367,,,0,,0,0,0,,,0,
20,12488,23,MCH1,000000000420000222                      FFT0368,,,0,,0,0,0,,,0,
20,12489,23,MCH1,000000000420000222                      FFT0369,,,0,,0,0,0,,,0,
20,12490,23,MCH1,000000000420000222                      FFT0370,,,0,,0,0,0,,,0,
20,12491,23,MCH1,000000000420000222                      FFT0371,,,0,,0,0,0,,,0,
20,12492,23,MCH1,000000000420000222                      FT011,,,0,,0,0,0,,,0,
20,12493,23,MCH1,000000000420000222                      FT0110,,,0,,0,0,0,,,0,
20,12494,23,MCH1,000000000420000222                      FT012,,,0,,0,0,0,,,0,
20,12495,23,MCH1,000000000420000222                      FT013,,,0,,0,0,0,,,0,
20,12496,23,MCH1,000000000420000222                      FT014,,,0,,0,0,0,,,0,
20,12497,23,MCH1,000000000420000222                      FT015,,,0,,0,0,0,,,0,
20,12498,23,MCH1,000000000420000222                      FT016,,,0,,0,0,0,,,0,
20,12499,23,MCH1,000000000420000222                      FT017,,,0,,0,0,0,,,0,
20,12500,23,MCH1,000000000420000222                      FT018,,,0,,0,0,0,,,0,
20,12501,23,MCH1,000000000420000222                      FT019,,,0,,0,0,0,,,0,
20,12502,23,MCH1,000000000420000222                      JET0435,,,0,,0,0,0,,,0,
20,12503,23,MCH1,000000000420000222                      JET0436,,,0,,0,0,0,,,0,
20,12504,23,MCH1,000000000420000222                      JFT0301,,,0,,0,0,0,,,0,
20,12505,23,MCH1,000000000420000222                      JFT0302,,,0,,0,0,0,,,0,
20,12506,23,MCH1,000000000420000222                      JFT0303,,,0,,0,0,0,,,0,
20,12507,23,MCH1,000000000420000222                      JFT0304,,,0,,0,0,0,,,0,
20,12508,23,MCH1,000000000420000222                      JFT0305,,,0,,0,0,0,,,0,
20,12509,23,MCH1,000000000420000222                      JFT0306,,,0,,0,0,0,,,0,
20,12510,23,MCH1,000000000420000222                      JFT0307,,,0,,0,0,0,,,0,
20,12511,23,MCH1,000000000420000222                      JFT0401,,,0,,0,0,0,,,0,
20,12512,23,MCH1,000000000420000222                      JFT0402,,,0,,0,0,0,,,0,
20,12513,23,MCH1,000000000420000222                      JFT04027,,,0,,0,0,0,,,0,
20,12514,23,MCH1,000000000420000222                      JFT0403,,,0,,0,0,0,,,0,
20,12515,23,MCH1,000000000420000222                      JFT0404,,,0,,0,0,0,,,0,
20,12516,23,MCH1,000000000420000222                      JFT0405,,,0,,0,0,0,,,0,
20,12517,23,MCH1,000000000420000222                      JFT0406,,,0,,0,0,0,,,0,
20,12518,23,MCH1,000000000420000222                      JFT0407,,,0,,0,0,0,,,0,
20,12519,23,MCH1,000000000420000222                      JFT0408,,,0,,0,0,0,,,0,
20,12520,23,MCH1,000000000420000222                      JFT0409,,,0,,0,0,0,,,0,
20,12521,23,MCH1,000000000420000222                      JFT0411,,,0,,0,0,0,,,0,
20,12522,23,MCH1,000000000420000222                      JFT0412,,,0,,0,0,0,,,0,
20,12523,23,MCH1,000000000420000222                      JFT0413,,,0,,0,0,0,,,0,
20,12524,23,MCH1,000000000420000222                      JFT0414,,,0,,0,0,0,,,0,
20,12525,23,MCH1,000000000420000222                      JFT0415,,,0,,0,0,0,,,0,
20,12526,23,MCH1,000000000420000222                      JFT0416,,,0,,0,0,0,,,0,
20,12527,23,MCH1,000000000420000222                      JFT0417,,,0,,0,0,0,,,0,
20,12528,23,MCH1,000000000420000222                      JFT0418,,,0,,0,0,0,,,0,
20,12826,23,MCH1,000000000420000371                      WSI0301,,,0,,0,0,0,,,0,
20,12827,23,MCH1,000000000420000371                      WSI0302,,,0,,0,0,0,,,0,
20,12828,23,MCH1,000000000420000371                      WSI0303,,,0,,0,0,0,,,0,
20,12829,23,MCH1,000000000420000371                      WSI0304,,,0,,0,0,0,,,0,
20,12830,23,MCH1,000000000420000371                      WSI0306,,,0,,0,0,0,,,0,
20,12831,23,MCH1,000000000420000371                      WSI0307,,,0,,0,0,0,,,0,
20,12832,23,MCH1,000000000420000371                      WSI0308,,,0,,0,0,0,,,0,
20,12833,23,MCH1,000000000420000371                      WSI0309,,,0,,0,0,0,,,0,
20,12834,23,MCH1,000000000420000371                      WSI0310,,,0,,0,0,0,,,0,
20,12835,23,MCH1,000000000420000371                      WSI0311,,,0,,0,0,0,,,0,
20,12836,23,MCH1,000000000420000371                      WSI0312,,,0,,0,0,0,,,0,
20,12837,23,MCH1,000000000420000371                      WSI0401,,,0,,0,0,0,,,0,
20,12838,23,MCH1,000000000420000371                      WSI0402,,,0,,0,0,0,,,0,
20,12839,23,MCH1,000000000420000371                      WSI0403,,,0,,0,0,0,,,0,
20,12840,23,MCH1,000000000420000371                      WSI0404,,,0,,0,0,0,,,0,
20,12841,23,MCH1,000000000420000371                      WSI0405,,,0,,0,0,0,,,0,
20,12842,23,MCH1,000000000420000371                      WSI0406,,,0,,0,0,0,,,0,
20,12843,23,MCH1,000000000420000371                      WSI0407,,,0,,0,0,0,,,0,
20,12844,23,MCH1,000000000420000365                      CSL011,,,0,,0,0,0,,,0,
20,12845,23,MCH1,000000000420000365                      CSL012,,,0,,0,0,0,,,0,
20,12846,23,MCH1,000000000420000365                      CSL013,,,0,,0,0,0,,,0,
20,12847,23,MCH1,000000000420000365                      CSL014,,,0,,0,0,0,,,0,
20,12848,23,MCH1,000000000420000365                      CSL015,,,0,,0,0,0,,,0,
20,12849,23,MCH1,000000000420000365                      CSL021,,,0,,0,0,0,,,0,
20,12850,23,MCH1,000000000420000365                      CSL022,,,0,,0,0,0,,,0,
20,12851,23,MCH1,000000000420000365                      CSL023,,,0,,0,0,0,,,0,
20,12852,23,MCH1,000000000420000365                      CSL024,,,0,,0,0,0,,,0,
20,12853,23,MCH1,000000000420000365                      CSL025,,,0,,0,0,0,,,0,
20,12854,23,MCH1,000000000420000365                      CSL026,,,0,,0,0,0,,,0,
20,12855,23,MCH1,000000000420000365                      CSL0301,,,0,,0,0,0,,,0,
20,12856,23,MCH1,000000000420000365                      SL011,,,0,,0,0,0,,,0,
20,12857,23,MCH1,000000000420000365                      SL012,,,0,,0,0,0,,,0,
20,12858,23,MCH1,000000000420000365                      SLB0301,,,0,,0,0,0,,,0,
20,12859,23,MCH1,000000000420000365                      SLB0302,,,0,,0,0,0,,,0,
20,12860,23,MCH1,000000000420000365                      SLB0401,,,0,,0,0,0,,,0,
20,12861,23,MCH1,000000000420000365                      SLB0402,,,0,,0,0,0,,,0,
20,12862,23,MCH1,000000000420000365                      SLB0403,,,0,,0,0,0,,,0,
20,12863,23,MCH1,000000000420000368                      CSH012,,,0,,0,0,0,,,0,
20,12864,23,MCH1,000000000420000368                      CSH013,,,0,,0,0,0,,,0,
20,12865,23,MCH1,000000000420000368                      CSH014,,,0,,0,0,0,,,0,
20,12866,23,MCH1,000000000420000368                      CSH015,,,0,,0,0,0,,,0,
20,12867,23,MCH1,000000000420000368                      CSH016,,,0,,0,0,0,,,0,
20,12868,23,MCH1,000000000420000368                      CSH017,,,0,,0,0,0,,,0,
20,12869,23,MCH1,000000000420000368                      CSH018,,,0,,0,0,0,,,0,
20,12870,23,MCH1,000000000420000368                      CSH021,,,0,,0,0,0,,,0,
20,12871,23,MCH1,000000000420000368                      CSH022,,,0,,0,0,0,,,0,
20,12872,23,MCH1,000000000420000368                      CSH023,,,0,,0,0,0,,,0,
20,12873,23,MCH1,000000000420000368                      CSH024,,,0,,0,0,0,,,0,
20,12874,23,MCH1,000000000420000368                      CSH025,,,0,,0,0,0,,,0,
20,12875,23,MCH1,000000000420000368                      CSH026,,,0,,0,0,0,,,0,
20,12876,23,MCH1,000000000420000368                      CSH027,,,0,,0,0,0,,,0,
20,12877,23,MCH1,000000000420000368                      SH011,,,0,,0,0,0,,,0,
20,12878,23,MCH1,000000000420000368                      SH012,,,0,,0,0,0,,,0,
20,12879,23,MCH1,000000000420000368                      SH013,,,0,,0,0,0,,,0,
20,12880,23,MCH1,000000000420000511                      CTF0110,,,0,,0,0,0,,,0,
20,12881,23,MCH1,000000000420000511                      CTF012,,,0,,0,0,0,,,0,
20,12882,23,MCH1,000000000420000511                      CTF013,,,0,,0,0,0,,,0,
20,12883,23,MCH1,000000000420000511                      CTF014,,,0,,0,0,0,,,0,
20,12884,23,MCH1,000000000420000511                      CTF015,,,0,,0,0,0,,,0,
20,12885,23,MCH1,000000000420000511                      CTF016,,,0,,0,0,0,,,0,
20,12886,23,MCH1,000000000420000511                      CTF017,,,0,,0,0,0,,,0,
20,12887,23,MCH1,000000000420000511                      CTF018,,,0,,0,0,0,,,0,
20,12888,23,MCH1,000000000420000511                      CTF019,,,0,,0,0,0,,,0,
20,12889,23,MCH1,000000000420000511                      CTF021,,,0,,0,0,0,,,0,
20,12890,23,MCH1,000000000420000511                      CTF022,,,0,,0,0,0,,,0,
20,12891,23,MCH1,000000000420000511                      CTF023,,,0,,0,0,0,,,0,
20,12892,23,MCH1,000000000420000511                      CTF024,,,0,,0,0,0,,,0,
20,12893,23,MCH1,000000000420000511                      TF001,,,0,,0,0,0,,,0,
20,12894,23,MCH1,000000000420000511                      TF002,,,0,,0,0,0,,,0,
20,12895,23,MCH1,000000000420000511                      TF003,,,0,,0,0,0,,,0,
20,12896,23,MCH1,000000000420000511                      TF004,,,0,,0,0,0,,,0,
20,12897,23,MCH1,000000000420000511                      TF005,,,0,,0,0,0,,,0,
20,12898,23,MCH1,000000000420000511                      TF006,,,0,,0,0,0,,,0,
20,12899,23,MCH1,000000000420000511                      TF007,,,0,,0,0,0,,,0,
20,12900,23,MCH1,000000000420000511                      TF008,,,0,,0,0,0,,,0,
20,12901,23,MCH1,000000000420000460                      INAT0302,,,0,,0,0,0,,,0,
20,12902,23,MCH1,000000000420000460                      INAT0303,,,0,,0,0,0,,,0,
20,12903,23,MCH1,000000000420000460                      INAT0304,,,0,,0,0,0,,,0,
20,12904,23,MCH1,000000000420000460                      INAT0305,,,0,,0,0,0,,,0,
20,12905,23,MCH1,000000000420000460                      INAT0306,,,0,,0,0,0,,,0,
20,12906,23,MCH1,000000000420000460                      INAT0307,,,0,,0,0,0,,,0,
20,12907,23,MCH1,000000000420000460                      INAT0308,,,0,,0,0,0,,,0,
20,12908,23,MCH1,000000000420000460                      INAT0309,,,0,,0,0,0,,,0,
20,12909,23,MCH1,000000000420000460                      INAT0310,,,0,,0,0,0,,,0,
20,12910,23,MCH1,000000000420000460                      INAT0311,,,0,,0,0,0,,,0,
20,12911,23,MCH1,000000000420000460                      INAT0312,,,0,,0,0,0,,,0,
20,12912,23,MCH1,000000000420000460                      INAT0313,,,0,,0,0,0,,,0,
20,12913,23,MCH1,000000000420000460                      INAT0314,,,0,,0,0,0,,,0,
20,12914,23,MCH1,000000000420000460                      INAT0315,,,0,,0,0,0,,,0,
20,12915,23,MCH1,000000000420000460                      INAT0316,,,0,,0,0,0,,,0,
20,12916,23,MCH1,000000000420000460                      INAT0317,,,0,,0,0,0,,,0,
20,12917,23,MCH1,000000000420000460                      INAT0318,,,0,,0,0,0,,,0,
20,12918,23,MCH1,000000000420000460                      INAT0319,,,0,,0,0,0,,,0,
20,12919,23,MCH1,000000000420000460                      INAT0320,,,0,,0,0,0,,,0,
20,12920,23,MCH1,000000000420000460                      INAT0401,,,0,,0,0,0,,,0,
20,12921,23,MCH1,000000000420000460                      INAT0402,,,0,,0,0,0,,,0,
20,12922,23,MCH1,000000000420000460                      INAT0403,,,0,,0,0,0,,,0,
20,12923,23,MCH1,000000000420000460                      INAT0404,,,0,,0,0,0,,,0,
20,12924,23,MCH1,000000000420000460                      INAT0405,,,0,,0,0,0,,,0,
20,13321,23,MCH1,000000000420000134                      ECB0111,,,0,,0,0,0,,,0,
20,13322,23,MCH1,000000000420000134                      ECB0112,,,0,,0,0,0,,,0,
20,13323,23,MCH1,000000000420000134                      ECB0113,,,0,,0,0,0,,,0,
20,13324,23,MCH1,000000000420000134                      ECB0114,,,0,,0,0,0,,,0,
20,13325,23,MCH1,000000000420000134                      ECB0115,,,0,,0,0,0,,,0,
20,13326,23,MCH1,000000000420000134                      ECB0116,,,0,,0,0,0,,,0,
20,13327,23,MCH1,000000000420000134                      ECB012,,,0,,0,0,0,,,0,
20,13328,23,MCH1,000000000420000134                      ECB013,,,0,,0,0,0,,,0,
20,13329,23,MCH1,000000000420000134                      ECB014,,,0,,0,0,0,,,0,
20,13330,23,MCH1,000000000420000134                      ECB015,,,0,,0,0,0,,,0,
20,13331,23,MCH1,000000000420000134                      ECB016,,,0,,0,0,0,,,0,
20,13332,23,MCH1,000000000420000134                      ECB017,,,0,,0,0,0,,,0,
20,13333,23,MCH1,000000000420000134                      ECB018,,,0,,0,0,0,,,0,
20,13334,23,MCH1,000000000420000134                      ECB019,,,0,,0,0,0,,,0,
20,13335,23,MCH1,000000000420000134                      ECB0299,,,0,,0,0,0,,,0,
20,13336,23,MCH1,000000000420000134                      ICB011,,,0,,0,0,0,,,0,
20,13337,23,MCH1,000000000420000134                      ICB0110,,,0,,0,0,0,,,0,
20,13338,23,MCH1,000000000420000134                      ICB0111,,,0,,0,0,0,,,0,
20,13339,23,MCH1,000000000420000134                      ICB0112,,,0,,0,0,0,,,0,
20,13340,23,MCH1,000000000420000134                      ICB0113,,,0,,0,0,0,,,0,
20,13341,23,MCH1,000000000420000134                      ICB0114,,,0,,0,0,0,,,0,
20,13342,23,MCH1,000000000420000134                      ICB0115,,,0,,0,0,0,,,0,
20,13343,23,MCH1,000000000420000134                      ICB0116,,,0,,0,0,0,,,0,
20,13344,23,MCH1,000000000420000134                      ICB0117,,,0,,0,0,0,,,0,
20,13345,23,MCH1,000000000420000134                      ICB0118,,,0,,0,0,0,,,0,
20,13346,23,MCH1,000000000420000134                      ICB0119,,,0,,0,0,0,,,0,
20,13347,23,MCH1,000000000420000134                      ICB012,,,0,,0,0,0,,,0,
20,13348,23,MCH1,000000000420000134                      ICB0120,,,0,,0,0,0,,,0,
20,13349,23,MCH1,000000000420000134                      ICB0121,,,0,,0,0,0,,,0,
20,13350,23,MCH1,000000000420000134                      ICB0122,,,0,,0,0,0,,,0,
20,13351,23,MCH1,000000000420000134                      ICB0123,,,0,,0,0,0,,,0,
20,13352,23,MCH1,000000000420000134                      ICB0124,,,0,,0,0,0,,,0,
20,13353,23,MCH1,000000000420000134                      ICB0125,,,0,,0,0,0,,,0,
20,13354,23,MCH1,000000000420000134                      ICB0126,,,0,,0,0,0,,,0,
20,13355,23,MCH1,000000000420000134                      ICB0127,,,0,,0,0,0,,,0,
20,13356,23,MCH1,000000000420000134                      ICB0128,,,0,,0,0,0,,,0,
20,13357,23,MCH1,000000000420000134                      ICB0129,,,0,,0,0,0,,,0,
20,13358,23,MCH1,000000000420000134                      ICB013,,,0,,0,0,0,,,0,
20,13359,23,MCH1,000000000420000134                      ICB0130,,,0,,0,0,0,,,0,
20,13360,23,MCH1,000000000420000134                      ICB0131,,,0,,0,0,0,,,0,
20,13361,23,MCH1,000000000420000134                      ICB0132,,,0,,0,0,0,,,0,
20,13362,23,MCH1,000000000420000134                      ICB0133,,,0,,0,0,0,,,0,
20,13363,23,MCH1,000000000420000134                      ICB0134,,,0,,0,0,0,,,0,
20,13364,23,MCH1,000000000420000134                      ICB0135,,,0,,0,0,0,,,0,
20,13365,23,MCH1,000000000420000134                      ICB0136,,,0,,0,0,0,,,0,
20,13366,23,MCH1,000000000420000134                      ICB0137,,,0,,0,0,0,,,0,
20,13367,23,MCH1,000000000420000134                      ICB0138,,,0,,0,0,0,,,0,
20,13368,23,MCH1,000000000420000134                      ICB0139,,,0,,0,0,0,,,0,
20,13369,23,MCH1,000000000420000134                      ICB014,,,0,,0,0,0,,,0,
20,13370,23,MCH1,000000000420000134                      ICB0140,,,0,,0,0,0,,,0,
20,13371,23,MCH1,000000000420000134                      ICB0141,,,0,,0,0,0,,,0,
20,13372,23,MCH1,000000000420000134                      ICB0142,,,0,,0,0,0,,,0,
20,13373,23,MCH1,000000000420000134                      ICB0143,,,0,,0,0,0,,,0,
20,13374,23,MCH1,000000000420000134                      ICB0144,,,0,,0,0,0,,,0,
20,13375,23,MCH1,000000000420000134                      ICB0145,,,0,,0,0,0,,,0,
20,13376,23,MCH1,000000000420000134                      ICB0146,,,0,,0,0,0,,,0,
20,13377,23,MCH1,000000000420000134                      ICB0147,,,0,,0,0,0,,,0,
20,13378,23,MCH1,000000000420000134                      ICB0148,,,0,,0,0,0,,,0,
20,13379,23,MCH1,000000000420000134                      ICB0149,,,0,,0,0,0,,,0,
20,13380,23,MCH1,000000000420000134                      ICB015,,,0,,0,0,0,,,0,
20,13381,23,MCH1,000000000420000134                      ICB0150,,,0,,0,0,0,,,0,
20,13382,23,MCH1,000000000420000134                      ICB0151,,,0,,0,0,0,,,0,
20,13383,23,MCH1,000000000420000134                      ICB0152,,,0,,0,0,0,,,0,
20,13384,23,MCH1,000000000420000134                      ICB0153,,,0,,0,0,0,,,0,
20,13385,23,MCH1,000000000420000134                      ICB0154,,,0,,0,0,0,,,0,
20,13386,23,MCH1,000000000420000134                      ICB0155,,,0,,0,0,0,,,0,
20,13387,23,MCH1,000000000420000134                      ICB0156,,,0,,0,0,0,,,0,
20,13388,23,MCH1,000000000420000134                      ICB0157,,,0,,0,0,0,,,0,
20,13389,23,MCH1,000000000420000134                      ICB0158,,,0,,0,0,0,,,0,
20,13390,23,MCH1,000000000420000134                      ICB0159,,,0,,0,0,0,,,0,
20,13391,23,MCH1,000000000420000134                      ICB016,,,0,,0,0,0,,,0,
20,13392,23,MCH1,000000000420000134                      ICB0160,,,0,,0,0,0,,,0,
20,13393,23,MCH1,000000000420000134                      ICB0161,,,0,,0,0,0,,,0,
20,13394,23,MCH1,000000000420000134                      ICB0162,,,0,,0,0,0,,,0,
20,13395,23,MCH1,000000000420000134                      ICB0163,,,0,,0,0,0,,,0,
20,13396,23,MCH1,000000000420000134                      ICB0164,,,0,,0,0,0,,,0,
20,13397,23,MCH1,000000000420000134                      ICB0165,,,0,,0,0,0,,,0,
20,13398,23,MCH1,000000000420000134                      ICB0166,,,0,,0,0,0,,,0,
20,13399,23,MCH1,000000000420000134                      ICB0167,,,0,,0,0,0,,,0,
20,13400,23,MCH1,000000000420000134                      ICB0168,,,0,,0,0,0,,,0,
20,13401,23,MCH1,000000000420000134                      ICB0169,,,0,,0,0,0,,,0,
20,13402,23,MCH1,000000000420000134                      ICB017,,,0,,0,0,0,,,0,
20,13403,23,MCH1,000000000420000134                      ICB0170,,,0,,0,0,0,,,0,
20,13404,23,MCH1,000000000420000134                      ICB0171,,,0,,0,0,0,,,0,
20,13405,23,MCH1,000000000420000134                      ICB0172,,,0,,0,0,0,,,0,
20,13406,23,MCH1,000000000420000134                      ICB0173,,,0,,0,0,0,,,0,
20,13407,23,MCH1,000000000420000134                      ICB0174,,,0,,0,0,0,,,0,
20,13408,23,MCH1,000000000420000134                      ICB0175,,,0,,0,0,0,,,0,
20,13409,23,MCH1,000000000420000134                      ICB0176,,,0,,0,0,0,,,0,
20,13410,23,MCH1,000000000420000134                      ICB0177,,,0,,0,0,0,,,0,
20,13411,23,MCH1,000000000420000134                      ICB0178,,,0,,0,0,0,,,0,
20,13412,23,MCH1,000000000420000134                      ICB0179,,,0,,0,0,0,,,0,
20,13413,23,MCH1,000000000420000134                      ICB018,,,0,,0,0,0,,,0,
20,13414,23,MCH1,000000000420000134                      ICB0180,,,0,,0,0,0,,,0,
20,13415,23,MCH1,000000000420000134                      ICB0181,,,0,,0,0,0,,,0,
20,13416,23,MCH1,000000000420000134                      ICB0182,,,0,,0,0,0,,,0,
20,13417,23,MCH1,000000000420000134                      ICB019,,,0,,0,0,0,,,0,
20,13418,23,MCH1,000000000420000134                      ICB0201,,,0,,0,0,0,,,0,
20,13419,23,MCH1,000000000420000134                      ICB0202,,,0,,0,0,0,,,0,
20,13816,23,MCH1,000000000420000130                      ICF0263,,,0,,0,0,0,,,0,
20,13817,23,MCH1,000000000420000130                      ICF0264,,,0,,0,0,0,,,0,
20,13818,23,MCH1,000000000420000130                      ICF0265,,,0,,0,0,0,,,0,
20,13819,23,MCH1,000000000420000130                      ICF0266,,,0,,0,0,0,,,0,
20,13820,23,MCH1,000000000420000130                      ICF0267,,,0,,0,0,0,,,0,
20,13821,23,MCH1,000000000420000130                      ICF0268,,,0,,0,0,0,,,0,
20,13822,23,MCH1,000000000420000130                      ICF0269,,,0,,0,0,0,,,0,
20,13823,23,MCH1,000000000420000130                      ICF0270,,,0,,0,0,0,,,0,
20,13824,23,MCH1,000000000420000130                      ICF0271,,,0,,0,0,0,,,0,
20,13825,23,MCH1,000000000420000130                      ICF0272,,,0,,0,0,0,,,0,
20,13826,23,MCH1,000000000420000130                      ICF0273,,,0,,0,0,0,,,0,
20,13827,23,MCH1,000000000420000130                      ICF0274,,,0,,0,0,0,,,0,
20,13828,23,MCH1,000000000420000130                      ICF0275,,,0,,0,0,0,,,0,
20,13829,23,MCH1,000000000420000130                      ICF0276,,,0,,0,0,0,,,0,
20,13830,23,MCH1,000000000420000130                      ICF0277,,,0,,0,0,0,,,0,
20,13831,23,MCH1,000000000420000130                      ICF0278,,,0,,0,0,0,,,0,
20,13832,23,MCH1,000000000420000130                      ICF0279,,,0,,0,0,0,,,0,
20,13833,23,MCH1,000000000420000130                      ICF0280,,,0,,0,0,0,,,0,
20,13834,23,MCH1,000000000420000130                      ICF0281,,,0,,0,0,0,,,0,
20,13835,23,MCH1,000000000420000130                      ICF0282,,,0,,0,0,0,,,0,
20,13836,23,MCH1,000000000420000130                      ICF0283,,,0,,0,0,0,,,0,
20,13837,23,MCH1,000000000420000130                      ICF0284,,,0,,0,0,0,,,0,
20,13838,23,MCH1,000000000420000130                      ICF0285,,,0,,0,0,0,,,0,
20,13839,23,MCH1,000000000420000130                      ICF0286,,,0,,0,0,0,,,0,
20,13840,23,MCH1,000000000420000130                      ICF0287,,,0,,0,0,0,,,0,
20,13841,23,MCH1,000000000420000130                      ICF0288,,,0,,0,0,0,,,0,
20,13842,23,MCH1,000000000420000130                      ICF0289,,,0,,0,0,0,,,0,
20,13843,23,MCH1,000000000420000130                      ICF0290,,,0,,0,0,0,,,0,
20,13844,23,MCH1,000000000420000130                      ICF0301,,,0,,0,0,0,,,0,
20,13845,23,MCH1,000000000420000130                      ICF0302,,,0,,0,0,0,,,0,
20,13846,23,MCH1,000000000420000130                      ICF0303,,,0,,0,0,0,,,0,
20,13847,23,MCH1,000000000420000130                      ICF0304,,,0,,0,0,0,,,0,
20,13848,23,MCH1,000000000420000130                      ICF0305,,,0,,0,0,0,,,0,
20,13849,23,MCH1,000000000420000130                      ICF0306,,,0,,0,0,0,,,0,
20,13850,23,MCH1,000000000420000130                      ICF0307,,,0,,0,0,0,,,0,
20,13851,23,MCH1,000000000420000130                      ICF0308,,,0,,0,0,0,,,0,
20,13852,23,MCH1,000000000420000130                      ICF0309,,,0,,0,0,0,,,0,
20,13853,23,MCH1,000000000420000130                      ICF0310,,,0,,0,0,0,,,0,
20,13854,23,MCH1,000000000420000130                      ICF0311,,,0,,0,0,0,,,0,
20,13855,23,MCH1,000000000420000130                      ICF0312,,,0,,0,0,0,,,0,
20,13856,23,MCH1,000000000420000130                      ICF0313,,,0,,0,0,0,,,0,
20,13857,23,MCH1,000000000420000130                      ICF0314,,,0,,0,0,0,,,0,
20,13858,23,MCH1,000000000420000130                      ICF0315,,,0,,0,0,0,,,0,
20,13859,23,MCH1,000000000420000130                      ICF0316,,,0,,0,0,0,,,0,
20,13860,23,MCH1,000000000420000130                      ICF0317,,,0,,0,0,0,,,0,
20,13861,23,MCH1,000000000420000130                      ICF0318,,,0,,0,0,0,,,0,
20,13862,23,MCH1,000000000420000130                      ICF0319,,,0,,0,0,0,,,0,
20,13863,23,MCH1,000000000420000130                      ICF0320,,,0,,0,0,0,,,0,
20,13864,23,MCH1,000000000420000130                      ICF0321,,,0,,0,0,0,,,0,
20,13865,23,MCH1,000000000420000130                      ICF0322,,,0,,0,0,0,,,0,
20,13866,23,MCH1,000000000420000130                      ICF0323,,,0,,0,0,0,,,0,
20,13867,23,MCH1,000000000420000130                      ICF0324,,,0,,0,0,0,,,0,
20,13868,23,MCH1,000000000420000130                      ICF0325,,,0,,0,0,0,,,0,
20,13869,23,MCH1,000000000420000130                      ICF0326,,,0,,0,0,0,,,0,
20,13870,23,MCH1,000000000420000130                      ICF0327,,,0,,0,0,0,,,0,
20,13871,23,MCH1,000000000420000130                      ICF0328,,,0,,0,0,0,,,0,
20,13872,23,MCH1,000000000420000130                      ICF0329,,,0,,0,0,0,,,0,
20,13873,23,MCH1,000000000420000130                      ICF0330,,,0,,0,0,0,,,0,
20,13874,23,MCH1,000000000420000130                      ICF0331,,,0,,0,0,0,,,0,
20,13875,23,MCH1,000000000420000130                      ICF0332,,,0,,0,0,0,,,0,
20,13876,23,MCH1,000000000420000130                      ICF0333,,,0,,0,0,0,,,0,
20,13877,23,MCH1,000000000420000130                      ICF0334,,,0,,0,0,0,,,0,
20,13878,23,MCH1,000000000420000130                      ICF0335,,,0,,0,0,0,,,0,
20,13879,23,MCH1,000000000420000130                      ICF0336,,,0,,0,0,0,,,0,
20,13880,23,MCH1,000000000420000130                      ICF0337,,,0,,0,0,0,,,0,
20,13881,23,MCH1,000000000420000130                      ICF0338,,,0,,0,0,0,,,0,
20,13882,23,MCH1,000000000420000130                      ICF0339,,,0,,0,0,0,,,0,
20,13883,23,MCH1,000000000420000130                      ICF0340,,,0,,0,0,0,,,0,
20,13884,23,MCH1,000000000420000130                      ICF0341,,,0,,0,0,0,,,0,
20,13885,23,MCH1,000000000420000130                      ICF0342,,,0,,0,0,0,,,0,
20,13886,23,MCH1,000000000420000130                      ICF0343,,,0,,0,0,0,,,0,
20,13887,23,MCH1,000000000420000130                      ICF0344,,,0,,0,0,0,,,0,
20,13888,23,MCH1,000000000420000130                      ICF0345,,,0,,0,0,0,,,0,
20,13889,23,MCH1,000000000420000130                      ICF0346,,,0,,0,0,0,,,0,
20,13890,23,MCH1,000000000420000130                      ICF0347,,,0,,0,0,0,,,0,
20,13891,23,MCH1,000000000420000130                      ICF0348,,,0,,0,0,0,,,0,
20,13892,23,MCH1,000000000420000130                      ICF0349,,,0,,0,0,0,,,0,
20,13893,23,MCH1,000000000420000130                      ICF0350,,,0,,0,0,0,,,0,
20,13894,23,MCH1,000000000420000130                      ICF0351,,,0,,0,0,0,,,0,
20,13895,23,MCH1,000000000420000130                      ICF0352,,,0,,0,0,0,,,0,
20,13896,23,MCH1,000000000420000130                      ICF0353,,,0,,0,0,0,,,0,
20,13897,23,MCH1,000000000420000130                      ICF0354,,,0,,0,0,0,,,0,
20,13898,23,MCH1,000000000420000130                      ICF0355,,,0,,0,0,0,,,0,
20,13899,23,MCH1,000000000420000130                      ICF0356,,,0,,0,0,0,,,0,
20,13900,23,MCH1,000000000420000130                      ICF0357,,,0,,0,0,0,,,0,
20,13901,23,MCH1,000000000420000130                      ICF0401,,,0,,0,0,0,,,0,
20,13902,23,MCH1,000000000420000130                      ICF0402,,,0,,0,0,0,,,0,
20,13903,23,MCH1,000000000420000130                      ICF0403,,,0,,0,0,0,,,0,
20,13904,23,MCH1,000000000420000130                      ICF0404,,,0,,0,0,0,,,0,
20,13905,23,MCH1,000000000420000130                      ICF0405,,,0,,0,0,0,,,0,
20,13906,23,MCH1,000000000420000130                      ICF0406,,,0,,0,0,0,,,0,
20,13907,23,MCH1,000000000420000130                      ICF0407,,,0,,0,0,0,,,0,
20,13908,23,MCH1,000000000420000130                      ICF0408,,,0,,0,0,0,,,0,
20,13909,23,MCH1,000000000420000130                      ICF0409,,,0,,0,0,0,,,0,
20,13910,23,MCH1,000000000420000130                      ICF0410,,,0,,0,0,0,,,0,
20,13911,23,MCH1,000000000420000130                      ICF0411,,,0,,0,0,0,,,0,
20,13912,23,MCH1,000000000420000130                      ICF0412,,,0,,0,0,0,,,0,
20,13913,23,MCH1,000000000420000130                      JCF0401,,,0,,0,0,0,,,0,
20,13914,23,MCH1,000000000420000130                      JCF0402,,,0,,0,0,0,,,0,
20,14212,23,MCH1,000000000420000453                      HEM0308,,,0,,0,0,0,,,0,
20,14213,23,MCH1,000000000420000453                      HEM0309,,,0,,0,0,0,,,0,
20,14214,23,MCH1,000000000420000453                      HEM0310,,,0,,0,0,0,,,0,
20,14215,23,MCH1,000000000420000453                      HEM0311,,,0,,0,0,0,,,0,
20,14216,23,MCH1,000000000420000453                      HEM0312,,,0,,0,0,0,,,0,
20,14217,23,MCH1,000000000420000453                      HEM0313,,,0,,0,0,0,,,0,
20,14218,23,MCH1,000000000420000453                      HEM0314,,,0,,0,0,0,,,0,
20,14219,23,MCH1,000000000420000453                      HEM0315,,,0,,0,0,0,,,0,
20,14220,23,MCH1,000000000420000453                      HEM0316,,,0,,0,0,0,,,0,
20,14221,23,MCH1,000000000420000453                      HEM0401,,,0,,0,0,0,,,0,
20,14222,23,MCH1,000000000420000436                      EMD005,,,0,,0,0,0,,,0,
20,14223,23,MCH1,000000000420000477                      CMF001,,,0,,0,0,0,,,0,
20,14224,23,MCH1,000000000420000477                      CMF002,,,0,,0,0,0,,,0,
20,14225,23,MCH1,000000000420000477                      CMF011,,,0,,0,0,0,,,0,
20,14226,23,MCH1,000000000420000188                      E001,,,0,,0,0,0,,,0,
20,14227,23,MCH1,000000000420000188                      E002,,,0,,0,0,0,,,0,
20,14228,23,MCH1,000000000420000188                      E003,,,0,,0,0,0,,,0,
20,14229,23,MCH1,000000000420000188                      E005,,,0,,0,0,0,,,0,
20,14230,23,MCH1,000000000420000188                      E006,,,0,,0,0,0,,,0,
20,14231,23,MCH1,000000000420000188                      E007,,,0,,0,0,0,,,0,
20,14232,23,MCH1,000000000420000188                      E008,,,0,,0,0,0,,,0,
20,14233,23,MCH1,000000000420000188                      E011,,,0,,0,0,0,,,0,
20,14234,23,MCH1,000000000420000188                      E0110,,,0,,0,0,0,,,0,
20,14235,23,MCH1,000000000420000188                      E012,,,0,,0,0,0,,,0,
20,14236,23,MCH1,000000000420000188                      E013,,,0,,0,0,0,,,0,
20,14237,23,MCH1,000000000420000188                      E014,,,0,,0,0,0,,,0,
20,14238,23,MCH1,000000000420000188                      E015,,,0,,0,0,0,,,0,
20,14239,23,MCH1,000000000420000188                      E016,,,0,,0,0,0,,,0,
20,14240,23,MCH1,000000000420000188                      E017,,,0,,0,0,0,,,0,
20,14241,23,MCH1,000000000420000188                      E018,,,0,,0,0,0,,,0,
20,14242,23,MCH1,000000000420000188                      E019,,,0,,0,0,0,,,0,
20,14243,23,MCH1,000000000420000188                      OE021,,,0,,0,0,0,,,0,
20,14244,23,MCH1,000000000420000188                      OE022,,,0,,0,0,0,,,0,
20,14245,23,MCH1,000000000420000188                      OE0301,,,0,,0,0,0,,,0,
20,14246,23,MCH1,000000000420000188                      OE0302,,,0,,0,0,0,,,0,
20,14247,23,MCH1,000000000420000188                      OE0401,,,0,,0,0,0,,,0,
20,14248,23,MCH1,000000000420000188                      OE0402,,,0,,0,0,0,,,0,
20,14249,23,MCH1,000000000420000188                      RES001,,,0,,0,0,0,,,0,
20,14250,23,MCH1,000000000420000188                      RES011,,,0,,0,0,0,,,0,
20,14251,23,MCH1,000000000420000188                      RES012,,,0,,0,0,0,,,0,
20,14252,23,MCH1,000000000420000188                      RES013,,,0,,0,0,0,,,0,
20,14253,23,MCH1,000000000420000188                      RES014,,,0,,0,0,0,,,0,
20,14254,23,MCH1,000000000420000188                      RES015,,,0,,0,0,0,,,0,
20,14255,23,MCH1,000000000420000188                      RES016,,,0,,0,0,0,,,0,
20,14256,23,MCH1,000000000420000188                      RES021,,,0,,0,0,0,,,0,
20,14257,23,MCH1,000000000420000188                      RES0210,,,0,,0,0,0,,,0,
20,14258,23,MCH1,000000000420000188                      RES0211,,,0,,0,0,0,,,0,
20,14259,23,MCH1,000000000420000188                      RES0212,,,0,,0,0,0,,,0,
20,14260,23,MCH1,000000000420000188                      RES0213,,,0,,0,0,0,,,0,
20,14261,23,MCH1,000000000420000188                      RES0214,,,0,,0,0,0,,,0,
20,14262,23,MCH1,000000000420000188                      RES0215,,,0,,0,0,0,,,0,
20,14263,23,MCH1,000000000420000188                      RES0216,,,0,,0,0,0,,,0,
20,14264,23,MCH1,000000000420000188                      RES0217,,,0,,0,0,0,,,0,
20,14265,23,MCH1,000000000420000188                      RES022,,,0,,0,0,0,,,0,
20,14266,23,MCH1,000000000420000188                      RES023,,,0,,0,0,0,,,0,
20,14267,23,MCH1,000000000420000188                      RES024,,,0,,0,0,0,,,0,
20,14268,23,MCH1,000000000420000188                      RES025,,,0,,0,0,0,,,0,
20,14269,23,MCH1,000000000420000188                      RES026,,,0,,0,0,0,,,0,
20,14270,23,MCH1,000000000420000188                      RES027,,,0,,0,0,0,,,0,
20,14271,23,MCH1,000000000420000188                      RES028,,,0,,0,0,0,,,0,
20,14272,23,MCH1,000000000420000188                      RES029,,,0,,0,0,0,,,0,
20,14273,23,MCH1,000000000420000188                      RES0301,,,0,,0,0,0,,,0,
20,14274,23,MCH1,000000000420000263                      CLM001,,,0,,0,0,0,,,0,
20,14275,23,MCH1,000000000420000263                      CLM0010,,,0,,0,0,0,,,0,
20,14276,23,MCH1,000000000420000263                      CLM0011,,,0,,0,0,0,,,0,
20,14277,23,MCH1,000000000420000263                      CLM0012,,,0,,0,0,0,,,0,
20,14278,23,MCH1,000000000420000263                      CLM002,,,0,,0,0,0,,,0,
20,14279,23,MCH1,000000000420000263                      CLM003,,,0,,0,0,0,,,0,
20,14280,23,MCH1,000000000420000263                      CLM004,,,0,,0,0,0,,,0,
20,14281,23,MCH1,000000000420000263                      CLM005,,,0,,0,0,0,,,0,
20,14282,23,MCH1,000000000420000263                      CLM006,,,0,,0,0,0,,,0,
20,14283,23,MCH1,000000000420000263                      CLM007,,,0,,0,0,0,,,0,
20,14284,23,MCH1,000000000420000263                      CLM008,,,0,,0,0,0,,,0,
20,14285,23,MCH1,000000000420000263                      CLM009,,,0,,0,0,0,,,0,
20,14286,23,MCH1,000000000420000263                      CLM011,,,0,,0,0,0,,,0,
20,14287,23,MCH1,000000000420000263                      CLM012,,,0,,0,0,0,,,0,
20,14288,23,MCH1,000000000420000263                      CLM013,,,0,,0,0,0,,,0,
20,14289,23,MCH1,000000000420000263                      CLM014,,,0,,0,0,0,,,0,
20,14290,23,MCH1,000000000420000263                      CLM015,,,0,,0,0,0,,,0,
20,14291,23,MCH1,000000000420000263                      CLM016,,,0,,0,0,0,,,0,
20,14292,23,MCH1,000000000420000263                      CLM017,,,0,,0,0,0,,,0,
20,14293,23,MCH1,000000000420000263                      CLM021,,,0,,0,0,0,,,0,
20,14294,23,MCH1,000000000420000263                      CLM022,,,0,,0,0,0,,,0,
20,14295,23,MCH1,000000000420000263                      CLM023,,,0,,0,0,0,,,0,
20,14296,23,MCH1,000000000420000263                      CLM024,,,0,,0,0,0,,,0,
20,14297,23,MCH1,000000000420000263                      CLM025,,,0,,0,0,0,,,0,
20,14298,23,MCH1,000000000420000263                      CLM0301,,,0,,0,0,0,,,0,
20,14299,23,MCH1,000000000420000263                      CLM0302,,,0,,0,0,0,,,0,
20,14300,23,MCH1,000000000420000263                      JLM0401,,,0,,0,0,0,,,0,
20,14301,23,MCH1,000000000420000263                      LM0301,,,0,,0,0,0,,,0,
20,14302,23,MCH1,000000000420000463                      DZ011,,,0,,0,0,0,,,0,
20,14303,23,MCH1,000000000420000463                      DZ0110,,,0,,0,0,0,,,0,
20,14304,23,MCH1,000000000420000463                      DZ0111,,,0,,0,0,0,,,0,
20,14305,23,MCH1,000000000420000463                      DZ0112,,,0,,0,0,0,,,0,
20,14306,23,MCH1,000000000420000463                      DZ0113,,,0,,0,0,0,,,0,
20,14307,23,MCH1,000000000420000463                      DZ0114,,,0,,0,0,0,,,0,
20,14308,23,MCH1,000000000420000463                      DZ0115,,,0,,0,0,0,,,0,
20,14309,23,MCH1,000000000420000463                      DZ0116,,,0,,0,0,0,,,0,
20,14310,23,MCH1,000000000420000463                      DZ0117,,,0,,0,0,0,,,0,
20,14608,23,MCH1,000000000420000282                      NL0210,,,0,,0,0,0,,,0,
20,14609,23,MCH1,000000000420000282                      NL0211,,,0,,0,0,0,,,0,
20,14610,23,MCH1,000000000420000282                      NL0212,,,0,,0,0,0,,,0,
20,14611,23,MCH1,000000000420000282                      NL0213,,,0,,0,0,0,,,0,
20,14612,23,MCH1,000000000420000282                      NL0214,,,0,,0,0,0,,,0,
20,14613,23,MCH1,000000000420000282                      NL0215,,,0,,0,0,0,,,0,
20,14614,23,MCH1,000000000420000282                      NL022,,,0,,0,0,0,,,0,
20,14615,23,MCH1,000000000420000282                      NL023,,,0,,0,0,0,,,0,
20,14616,23,MCH1,000000000420000282                      NL024,,,0,,0,0,0,,,0,
20,14617,23,MCH1,000000000420000282                      NL025,,,0,,0,0,0,,,0,
20,14618,23,MCH1,000000000420000282                      NL026,,,0,,0,0,0,,,0,
20,14619,23,MCH1,000000000420000282                      NL027,,,0,,0,0,0,,,0,
20,14620,23,MCH1,000000000420000282                      NL028,,,0,,0,0,0,,,0,
20,14621,23,MCH1,000000000420000282                      NL029,,,0,,0,0,0,,,0,
20,14622,23,MCH1,000000000420000282                      NL0301,,,0,,0,0,0,,,0,
20,14623,23,MCH1,000000000420000282                      NL0302,,,0,,0,0,0,,,0,
20,14624,23,MCH1,000000000420000282                      NL0304,,,0,,0,0,0,,,0,
20,14625,23,MCH1,000000000420000282                      NL0305,,,0,,0,0,0,,,0,
20,14626,23,MCH1,000000000420000282                      NL0306,,,0,,0,0,0,,,0,
20,14627,23,MCH1,000000000420000282                      NL0307,,,0,,0,0,0,,,0,
20,14628,23,MCH1,000000000420000282                      NL0308,,,0,,0,0,0,,,0,
20,14629,23,MCH1,000000000420000282                      NL0309,,,0,,0,0,0,,,0,
20,14630,23,MCH1,000000000420000282                      NL0310,,,0,,0,0,0,,,0,
20,14631,23,MCH1,000000000420000293                      INAM0301,,,0,,0,0,0,,,0,
20,14632,23,MCH1,000000000420000293                      INAM0302,,,0,,0,0,0,,,0,
20,14633,23,MCH1,000000000420000293                      INAM0303,,,0,,0,0,0,,,0,
20,14634,23,MCH1,000000000420000293                      INAM0304,,,0,,0,0,0,,,0,
20,14635,23,MCH1,000000000420000293                      INAM0305,,,0,,0,0,0,,,0,
20,14636,23,MCH1,000000000420000293                      INAM0306,,,0,,0,0,0,,,0,
20,14637,23,MCH1,000000000420000293                      INAM0307,,,0,,0,0,0,,,0,
20,14638,23,MCH1,000000000420000293                      INAM0308,,,0,,0,0,0,,,0,
20,14639,23,MCH1,000000000420000293                      INAM0309,,,0,,0,0,0,,,0,
20,14640,23,MCH1,000000000420000293                      INAM0310,,,0,,0,0,0,,,0,
20,14641,23,MCH1,000000000420000293                      INAM0311,,,0,,0,0,0,,,0,
20,14642,23,MCH1,000000000420000293                      INAM0312,,,0,,0,0,0,,,0,
20,14643,23,MCH1,000000000420000293                      INAM0313,,,0,,0,0,0,,,0,
20,14644,23,MCH1,000000000420000293                      INAM0314,,,0,,0,0,0,,,0,
20,14645,23,MCH1,000000000420000293                      INAM0315,,,0,,0,0,0,,,0,
20,14646,23,MCH1,000000000420000293                      INAM0401,,,0,,0,0,0,,,0,
20,14647,23,MCH1,000000000420000293                      INAM0402,,,0,,0,0,0,,,0,
20,14648,23,MCH1,000000000420000293                      INAM0403,,,0,,0,0,0,,,0,
20,14649,23,MCH1,000000000420000293                      INAM0404,,,0,,0,0,0,,,0,
20,14650,23,MCH1,000000000420000293                      INAM0405,,,0,,0,0,0,,,0,
20,14651,23,MCH1,000000000420000293                      INAM0406,,,0,,0,0,0,,,0,
20,14652,23,MCH1,000000000420000293                      INAM0407,,,0,,0,0,0,,,0,
20,14653,23,MCH1,000000000420000293                      INAM0408,,,0,,0,0,0,,,0,
20,14654,23,MCH1,000000000420000293                      INAM0409,,,0,,0,0,0,,,0,
20,14655,23,MCH1,000000000420000293                      INAM0410,,,0,,0,0,0,,,0,
20,14656,23,MCH1,000000000420000293                      INAM0411,,,0,,0,0,0,,,0,
20,14657,23,MCH1,000000000420000293                      INAM0412,,,0,,0,0,0,,,0,
20,14658,23,MCH1,000000000420000293                      INAM0413,,,0,,0,0,0,,,0,
20,14659,23,MCH1,000000000420000293                      INAM0414,,,0,,0,0,0,,,0,
20,14660,23,MCH1,000000000420000293                      INAM0415,,,0,,0,0,0,,,0,
20,14661,23,MCH1,000000000420000293                      INAM0416,,,0,,0,0,0,,,0,
20,14662,23,MCH1,000000000420000293                      INAM0417,,,0,,0,0,0,,,0,
20,14663,23,MCH1,000000000420000293                      INAM0418,,,0,,0,0,0,,,0,
20,14664,23,MCH1,000000000420000293                      INAM0419,,,0,,0,0,0,,,0,
20,14665,23,MCH1,000000000420000293                      INAM0420,,,0,,0,0,0,,,0,
20,14666,23,MCH1,000000000420000293                      INAM0421,,,0,,0,0,0,,,0,
20,14667,23,MCH1,000000000420000293                      INAM0422,,,0,,0,0,0,,,0,
20,14668,23,MCH1,000000000420000293                      MSH0102,,,0,,0,0,0,,,0,
20,14669,23,MCH1,000000000420000293                      MSH0103,,,0,,0,0,0,,,0,
20,14670,23,MCH1,000000000420000293                      MSH0104,,,0,,0,0,0,,,0,
20,14671,23,MCH1,000000000420000293                      MSH0105,,,0,,0,0,0,,,0,
20,14672,23,MCH1,000000000420000293                      MSH0106,,,0,,0,0,0,,,0,
20,14673,23,MCH1,000000000420000293                      MSH0107,,,0,,0,0,0,,,0,
20,14674,23,MCH1,000000000420000293                      MSH0108,,,0,,0,0,0,,,0,
20,14675,23,MCH1,000000000420000293                      MSH011,,,0,,0,0,0,,,0,
20,14676,23,MCH1,000000000420000293                      MSH0110,,,0,,0,0,0,,,0,
20,14677,23,MCH1,000000000420000293                      MSH0111,,,0,,0,0,0,,,0,
20,14678,23,MCH1,000000000420000293                      MSH0201,,,0,,0,0,0,,,0,
20,14679,23,MCH1,000000000420000293                      MSH0203,,,0,,0,0,0,,,0,
20,14680,23,MCH1,000000000420000293                      MSH0204,,,0,,0,0,0,,,0,
20,14681,23,MCH1,000000000420000293                      MSH0205,,,0,,0,0,0,,,0,
20,14682,23,MCH1,000000000420000293                      MSH0206,,,0,,0,0,0,,,0,
20,14683,23,MCH1,000000000420000293                      MSH0209,,,0,,0,0,0,,,0,
20,14684,23,MCH1,000000000420000293                      MSH0210,,,0,,0,0,0,,,0,
20,14685,23,MCH1,000000000420000293                      MSH0212,,,0,,0,0,0,,,0,
20,14686,23,MCH1,000000000420000293                      NSH011,,,0,,0,0,0,,,0,
20,14687,23,MCH1,000000000420000478                      MSL0201,,,0,,0,0,0,,,0,
20,14688,23,MCH1,000000000420000478                      MSL0204,,,0,,0,0,0,,,0,
20,14689,23,MCH1,000000000420000478                      MSL0205,,,0,,0,0,0,,,0,
20,14690,23,MCH1,000000000420000292                      JZD0301,,,0,,0,0,0,,,0,
20,14691,23,MCH1,000000000420000292                      JZD0302,,,0,,0,0,0,,,0,
20,14692,23,MCH1,000000000420000292                      JZD0303,,,0,,0,0,0,,,0,
20,14693,23,MCH1,000000000420000292                      JZD0304,,,0,,0,0,0,,,0,
20,14694,23,MCH1,000000000420000292                      JZD0305,,,0,,0,0,0,,,0,
20,14695,23,MCH1,000000000420000292                      JZD0306,,,0,,0,0,0,,,0,
20,14696,23,MCH1,000000000420000292                      JZD0307,,,0,,0,0,0,,,0,
20,14697,23,MCH1,000000000420000292                      JZD0308,,,0,,0,0,0,,,0,
20,14698,23,MCH1,000000000420000292                      JZD0309,,,0,,0,0,0,,,0,
20,14699,23,MCH1,000000000420000292                      JZD0401,,,0,,0,0,0,,,0,
20,14700,23,MCH1,000000000420000292                      JZD0402,,,0,,0,0,0,,,0,
20,14701,23,MCH1,000000000420000292                      JZD0403,,,0,,0,0,0,,,0,
20,14702,23,MCH1,000000000420000292                      JZD0404,,,0,,0,0,0,,,0,
20,14703,23,MCH1,000000000420000292                      JZD0405,,,0,,0,0,0,,,0,
20,14704,23,MCH1,000000000420000292                      JZD0406,,,0,,0,0,0,,,0,
20,14705,23,MCH1,000000000420000292                      JZD0407,,,0,,0,0,0,,,0,
20,14706,23,MCH1,000000000420000292                      JZD0408,,,0,,0,0,0,,,0,
20,15103,23,MCH1,000000000420000454                      MS014,,,0,,0,0,0,,,0,
20,15104,23,MCH1,000000000420000454                      MS015,,,0,,0,0,0,,,0,
20,15105,23,MCH1,000000000420000454                      MS016,,,0,,0,0,0,,,0,
20,15106,23,MCH1,000000000420000455                      CMH0301,,,0,,0,0,0,,,0,
20,15107,23,MCH1,000000000420000455                      MH011,,,0,,0,0,0,,,0,
20,15108,23,MCH1,000000000420000455                      MH012,,,0,,0,0,0,,,0,
20,15109,23,MCH1,000000000420000455                      MH013,,,0,,0,0,0,,,0,
20,15110,23,MCH1,000000000420000455                      MH014,,,0,,0,0,0,,,0,
20,15111,23,MCH1,000000000420000455                      MH015,,,0,,0,0,0,,,0,
20,15112,23,MCH1,000000000420000455                      MH016,,,0,,0,0,0,,,0,
20,15113,23,MCH1,000000000420000455                      MH021,,,0,,0,0,0,,,0,
20,15114,23,MCH1,000000000420000455                      MH022,,,0,,0,0,0,,,0,
20,15115,23,MCH1,000000000420000343                      NPH011,,,0,,0,0,0,,,0,
20,15116,23,MCH1,000000000420000343                      NPH012,,,0,,0,0,0,,,0,
20,15117,23,MCH1,000000000420000343                      NPH013,,,0,,0,0,0,,,0,
20,15118,23,MCH1,000000000420000343                      NPH014,,,0,,0,0,0,,,0,
20,15119,23,MCH1,000000000420000343                      OPH021,,,0,,0,0,0,,,0,
20,15120,23,MCH1,000000000420000343                      OPH022,,,0,,0,0,0,,,0,
20,15121,23,MCH1,000000000420000343                      OPH023,,,0,,0,0,0,,,0,
20,15122,23,MCH1,000000000420000343                      OPH024,,,0,,0,0,0,,,0,
20,15123,23,MCH1,000000000420000343                      OPH025,,,0,,0,0,0,,,0,
20,15124,23,MCH1,000000000420000343                      OPH0301,,,0,,0,0,0,,,0,
20,15125,23,MCH1,000000000420000343                      OPH0302,,,0,,0,0,0,,,0,
20,15126,23,MCH1,000000000420000343                      OPH0303,,,0,,0,0,0,,,0,
20,15127,23,MCH1,000000000420000343                      OPH0304,,,0,,0,0,0,,,0,
20,15128,23,MCH1,000000000420000343                      OPH0305,,,0,,0,0,0,,,0,
20,15129,23,MCH1,000000000420000343                      OPH0401,,,0,,0,0,0,,,0,
20,15130,23,MCH1,000000000420000343                      OPH0402,,,0,,0,0,0,,,0,
20,15131,23,MCH1,000000000420000343                      OPH0403,,,0,,0,0,0,,,0,
20,15132,23,MCH1,000000000420000343                      OPH0404,,,0,,0,0,0,,,0,
20,15133,23,MCH1,000000000420000343                      OPH0405,,,0,,0,0,0,,,0,
20,15134,23,MCH1,000000000420000343                      OPH0406,,,0,,0,0,0,,,0,
20,15135,23,MCH1,000000000420000343                      PLH0304,,,0,,0,0,0,,,0,
20,15136,23,MCH1,000000000420000469                      BEC011,,,0,,0,0,0,,,0,
20,15137,23,MCH1,000000000420000469                      BEC0201,,,0,,0,0,0,,,0,
20,15138,23,MCH1,000000000420000469                      BEC0202,,,0,,0,0,0,,,0,
20,15139,23,MCH1,000000000420000469                      BEC0301,,,0,,0,0,0,,,0,
20,15140,23,MCH1,000000000420000494                      BEP011,,,0,,0,0,0,,,0,
20,15141,23,MCH1,000000000420000494                      BEP012,,,0,,0,0,0,,,0,
20,15142,23,MCH1,000000000420000494                      BEP013,,,0,,0,0,0,,,0,
20,15143,23,MCH1,000000000420000494                      BEP014,,,0,,0,0,0,,,0,
20,15144,23,MCH1,000000000420000494                      BEP015,,,0,,0,0,0,,,0,
20,15145,23,MCH1,000000000420000173                      ES011,,,0,,0,0,0,,,0,
20,15146,23,MCH1,000000000420000173                      ES0110,,,0,,0,0,0,,,0,
20,15147,23,MCH1,000000000420000173                      ES012,,,0,,0,0,0,,,0,
20,15148,23,MCH1,000000000420000173                      ES014,,,0,,0,0,0,,,0,
20,15149,23,MCH1,000000000420000173                      ES015,,,0,,0,0,0,,,0,
20,15150,23,MCH1,000000000420000173                      ES016,,,0,,0,0,0,,,0,
20,15151,23,MCH1,000000000420000173                      ES017,,,0,,0,0,0,,,0,
20,15152,23,MCH1,000000000420000173                      ES018,,,0,,0,0,0,,,0,
20,15153,23,MCH1,000000000420000173                      ES019,,,0,,0,0,0,,,0,
20,15154,23,MCH1,000000000420000174                      CEH021,,,0,,0,0,0,,,0,
20,15155,23,MCH1,000000000420000174                      CEH022,,,0,,0,0,0,,,0,
20,15156,23,MCH1,000000000420000174                      EH011,,,0,,0,0,0,,,0,
20,15157,23,MCH1,000000000420000174                      EH0111,,,0,,0,0,0,,,0,
20,15158,23,MCH1,000000000420000174                      EH0112,,,0,,0,0,0,,,0,
20,15159,23,MCH1,000000000420000174                      EH012,,,0,,0,0,0,,,0,
20,15160,23,MCH1,000000000420000174                      EH013,,,0,,0,0,0,,,0,
20,15161,23,MCH1,000000000420000174                      EH014,,,0,,0,0,0,,,0,
20,15162,23,MCH1,000000000420000174                      EH015,,,0,,0,0,0,,,0,
20,15163,23,MCH1,000000000420000174                      EH016,,,0,,0,0,0,,,0,
20,15164,23,MCH1,000000000420000174                      EH017,,,0,,0,0,0,,,0,
20,15165,23,MCH1,000000000420000174                      EH018,,,0,,0,0,0,,,0,
20,15166,23,MCH1,000000000420000174                      EH019,,,0,,0,0,0,,,0,
20,15167,23,MCH1,000000000420000153                      CDL011,,,0,,0,0,0,,,0,
20,15168,23,MCH1,000000000420000153                      CDL012,,,0,,0,0,0,,,0,
20,15169,23,MCH1,000000000420000153                      CDL013,,,0,,0,0,0,,,0,
20,15170,23,MCH1,000000000420000153                      CDL021,,,0,,0,0,0,,,0,
20,15171,23,MCH1,000000000420000153                      CDL022,,,0,,0,0,0,,,0,
20,15172,23,MCH1,000000000420000153                      CDL023,,,0,,0,0,0,,,0,
20,15173,23,MCH1,000000000420000153                      CDL0301,,,0,,0,0,0,,,0,
20,15174,23,MCH1,000000000420000153                      JDL0301,,,0,,0,0,0,,,0,
20,15175,23,MCH1,000000000420000153                      JDL0401,,,0,,0,0,0,,,0,
20,15176,23,MCH1,000000000420000154                      CDH011,,,0,,0,0,0,,,0,
20,15177,23,MCH1,000000000420000154                      CDH012,,,0,,0,0,0,,,0,
20,15178,23,MCH1,000000000420000154                      CDH013,,,0,,0,0,0,,,0,
20,15179,23,MCH1,000000000420000154                      CDH021,,,0,,0,0,0,,,0,
20,15180,23,MCH1,000000000420000154                      CDH0301,,,0,,0,0,0,,,0,
20,15181,23,MCH1,000000000420000154                      JDH0301,,,0,,0,0,0,,,0,
20,15182,23,MCH1,000000000420000488                      PPF001,,,0,,0,0,0,,,0,
20,15183,23,MCH1,000000000420000488                      PPF002,,,0,,0,0,0,,,0,
20,15184,23,MCH1,000000000420000488                      PPF003,,,0,,0,0,0,,,0,
20,15185,23,MCH1,000000000420000488                      PPF004,,,0,,0,0,0,,,0,
20,15186,23,MCH1,000000000420000488                      PPF005,,,0,,0,0,0,,,0,
20,15187,23,MCH1,000000000420000488                      PPF006,,,0,,0,0,0,,,0,
20,15188,23,MCH1,000000000420000488                      PPF007,,,0,,0,0,0,,,0,
20,15189,23,MCH1,000000000420000488                      PPF008,,,0,,0,0,0,,,0,
20,15190,23,MCH1,000000000420000488                      PPF009,,,0,,0,0,0,,,0,
20,15191,23,MCH1,000000000420000488                      PPF010,,,0,,0,0,0,,,0,
20,15192,23,MCH1,000000000420000488                      PPF011,,,0,,0,0,0,,,0,
20,15193,23,MCH1,000000000420000488                      PPF012,,,0,,0,0,0,,,0,
20,15194,23,MCH1,000000000420000488                      PPF013,,,0,,0,0,0,,,0,
20,15195,23,MCH1,000000000420000488                      PPF014,,,0,,0,0,0,,,0,
20,15196,23,MCH1,000000000420000488                      PPF015,,,0,,0,0,0,,,0,
20,15197,23,MCH1,000000000420000488                      PPF016,,,0,,0,0,0,,,0,
20,15198,23,MCH1,000000000420000488                      PPF017,,,0,,0,0,0,,,0,
20,15199,23,MCH1,000000000420000488                      PPF018,,,0,,0,0,0,,,0,
20,15200,23,MCH1,000000000420000488                      PPF019,,,0,,0,0,0,,,0,
20,15201,23,MCH1,000000000420000488                      PPF020,,,0,,0,0,0,,,0,
20,15499,23,MCH1,000000000420000012                      JAP0408,,,0,,0,0,0,,,0,
20,15500,23,MCH1,000000000420000012                      JAP0409,,,0,,0,0,0,,,0,
20,15501,23,MCH1,000000000420000012                      JAP0410,,,0,,0,0,0,,,0,
20,15502,23,MCH1,000000000420000012                      JAP0411,,,0,,0,0,0,,,0,
20,15503,23,MCH1,000000000420000012                      JAP0412,,,0,,0,0,0,,,0,
20,15504,23,MCH1,000000000420000012                      JAP0413,,,0,,0,0,0,,,0,
20,15505,23,MCH1,000000000420000012                      JAP0414,,,0,,0,0,0,,,0,
20,15506,23,MCH1,000000000420000012                      JAP0415,,,0,,0,0,0,,,0,
20,15507,23,MCH1,000000000420000012                      JAP0416,,,0,,0,0,0,,,0,
20,15508,23,MCH1,000000000420000012                      JAP0417,,,0,,0,0,0,,,0,
20,15509,23,MCH1,000000000420000012                      JAP0418,,,0,,0,0,0,,,0,
20,15510,23,MCH1,000000000420000012                      JAP0419,,,0,,0,0,0,,,0,
20,15511,23,MCH1,000000000420000012                      JAP0420,,,0,,0,0,0,,,0,
20,15512,23,MCH1,000000000420000327                      CPI011,,,0,,0,0,0,,,0,
20,15513,23,MCH1,000000000420000327                      CPI012,,,0,,0,0,0,,,0,
20,15514,23,MCH1,000000000420000327                      CPI013,,,0,,0,0,0,,,0,
20,15515,23,MCH1,000000000420000327                      CPI014,,,0,,0,0,0,,,0,
20,15516,23,MCH1,000000000420000327                      CPI015,,,0,,0,0,0,,,0,
20,15517,23,MCH1,000000000420000327                      CPI016,,,0,,0,0,0,,,0,
20,15518,23,MCH1,000000000420000327                      CPI017,,,0,,0,0,0,,,0,
20,15519,23,MCH1,000000000420000327                      CPI0302,,,0,,0,0,0,,,0,
20,15520,23,MCH1,000000000420000327                      CPI0303,,,0,,0,0,0,,,0,
20,15521,23,MCH1,000000000420000327                      CPI0304,,,0,,0,0,0,,,0,
20,15522,23,MCH1,000000000420000327                      CPL0301,,,0,,0,0,0,,,0,
20,15523,23,MCH1,000000000420000327                      JPI0401,,,0,,0,0,0,,,0,
20,15524,23,MCH1,000000000420000327                      JPI0402,,,0,,0,0,0,,,0,
20,15525,23,MCH1,000000000420000328                      CPS011,,,0,,0,0,0,,,0,
20,15526,23,MCH1,000000000420000328                      CPS012,,,0,,0,0,0,,,0,
20,15527,23,MCH1,000000000420000328                      CPS013,,,0,,0,0,0,,,0,
20,15528,23,MCH1,000000000420000328                      CPS014,,,0,,0,0,0,,,0,
20,15529,23,MCH1,000000000420000328                      CPS015,,,0,,0,0,0,,,0,
20,15530,23,MCH1,000000000420000328                      CPS0301,,,0,,0,0,0,,,0,
20,15531,23,MCH1,000000000420000328                      CPS0302,,,0,,0,0,0,,,0,
20,15532,23,MCH1,000000000420000328                      CPS0303,,,0,,0,0,0,,,0,
20,15533,23,MCH1,000000000420000328                      JPS0301,,,0,,0,0,0,,,0,
20,15534,23,MCH1,000000000420000328                      JPS0401,,,0,,0,0,0,,,0,
20,15535,23,MCH1,000000000420000328                      JPS0402,,,0,,0,0,0,,,0,
20,15536,23,MCH1,000000000420000328                      JPS0403,,,0,,0,0,0,,,0,
20,15537,23,MCH1,000000000420000482                      NRL0013,,,0,,0,0,0,,,0,
20,15538,23,MCH1,000000000420000482                      NRL0014,,,0,,0,0,0,,,0,
20,15539,23,MCH1,000000000420000482                      NRL0015,,,0,,0,0,0,,,0,
20,15540,23,MCH1,000000000420000482                      NRL0016,,,0,,0,0,0,,,0,
20,15541,23,MCH1,000000000420000482                      NRL0017,,,0,,0,0,0,,,0,
20,15542,23,MCH1,000000000420000482                      NRL0018,,,0,,0,0,0,,,0,
20,15543,23,MCH1,000000000420000482                      NRL0019,,,0,,0,0,0,,,0,
20,15544,23,MCH1,000000000420000482                      NRL0020,,,0,,0,0,0,,,0,
20,15545,23,MCH1,000000000420000482                      NRL0021,,,0,,0,0,0,,,0,
20,15546,23,MCH1,000000000420000482                      NRL0023,,,0,,0,0,0,,,0,
20,15547,23,MCH1,000000000420000482                      NRL0024,,,0,,0,0,0,,,0,
20,15548,23,MCH1,000000000420000482                      NRL0025,,,0,,0,0,0,,,0,
20,15549,23,MCH1,000000000420000482                      NRL0026,,,0,,0,0,0,,,0,
20,15550,23,MCH1,000000000420000482                      NRL0027,,,0,,0,0,0,,,0,
20,15551,23,MCH1,000000000420000482                      NRL011,,,0,,0,0,0,,,0,
20,15552,23,MCH1,000000000420000482                      NRL012,,,0,,0,0,0,,,0,
20,15553,23,MCH1,000000000420000482                      NRL013,,,0,,0,0,0,,,0,
20,15554,23,MCH1,000000000420000482                      NRL014,,,0,,0,0,0,,,0,
20,15555,23,MCH1,000000000420000482                      NRL015,,,0,,0,0,0,,,0,
20,15556,23,MCH1,000000000420000482                      NRL021,,,0,,0,0,0,,,0,
20,15557,23,MCH1,000000000420000482                      NRL0210,,,0,,0,0,0,,,0,
20,15558,23,MCH1,000000000420000482                      NRL0211,,,0,,0,0,0,,,0,
20,15559,23,MCH1,000000000420000482                      NRL0212,,,0,,0,0,0,,,0,
20,15560,23,MCH1,000000000420000482                      NRL0213,,,0,,0,0,0,,,0,
20,15561,23,MCH1,000000000420000482                      NRL0214,,,0,,0,0,0,,,0,
20,15562,23,MCH1,000000000420000482                      NRL0215,,,0,,0,0,0,,,0,
20,15563,23,MCH1,000000000420000482                      NRL0216,,,0,,0,0,0,,,0,
20,15564,23,MCH1,000000000420000482                      NRL022,,,0,,0,0,0,,,0,
20,15565,23,MCH1,000000000420000482                      NRL023,,,0,,0,0,0,,,0,
20,15566,23,MCH1,000000000420000482                      NRL024,,,0,,0,0,0,,,0,
20,15567,23,MCH1,000000000420000482                      NRL025,,,0,,0,0,0,,,0,
20,15568,23,MCH1,000000000420000482                      NRL026,,,0,,0,0,0,,,0,
20,15569,23,MCH1,000000000420000482                      NRL027,,,0,,0,0,0,,,0,
20,15570,23,MCH1,000000000420000482                      NRL028,,,0,,0,0,0,,,0,
20,15571,23,MCH1,000000000420000482                      NRL029,,,0,,0,0,0,,,0,
20,15572,23,MCH1,000000000420000513                      KTS0202,,,0,,0,0,0,,,0,
20,15573,23,MCH1,000000000420000513                      XTS011,,,0,,0,0,0,,,0,
20,15574,23,MCH1,000000000420000513                      XTS012,,,0,,0,0,0,,,0,
20,15575,23,MCH1,000000000420000513                      XTS0201,,,0,,0,0,0,,,0,
20,15576,23,MCH1,000000000420000513                      XTS0202,,,0,,0,0,0,,,0,
20,15577,23,MCH1,000000000420000444                      XEP0201,,,0,,0,0,0,,,0,
20,15578,23,MCH1,000000000420000444                      XEP0202,,,0,,0,0,0,,,0,
20,15579,23,MCH1,000000000420000444                      XEP0203,,,0,,0,0,0,,,0,
20,15580,23,MCH1,000000000420000444                      XEP0204,,,0,,0,0,0,,,0,
20,15581,23,MCH1,000000000420000444                      XEP0205,,,0,,0,0,0,,,0,
20,15582,23,MCH1,000000000420000444                      XEP0206,,,0,,0,0,0,,,0,
20,15583,23,MCH1,000000000420000444                      XEP0208,,,0,,0,0,0,,,0,
20,15584,23,MCH1,000000000420000444                      XEP0209,,,0,,0,0,0,,,0,
20,15585,23,MCH1,000000000420000444                      XEP0210,,,0,,0,0,0,,,0,
20,15586,23,MCH1,000000000420000444                      XEP0211,,,0,,0,0,0,,,0,
20,15587,23,MCH1,000000000420000444                      XEP0212,,,0,,0,0,0,,,0,
20,15588,23,MCH1,000000000420000444                      XEP0213,,,0,,0,0,0,,,0,
20,15589,23,MCH1,000000000420000444                      XEP0214,,,0,,0,0,0,,,0,
20,15590,23,MCH1,000000000420000444                      XEP0215,,,0,,0,0,0,,,0,
20,15591,23,MCH1,000000000420000444                      XEP0216,,,0,,0,0,0,,,0,
20,15592,23,MCH1,000000000420000444                      XEP0217,,,0,,0,0,0,,,0,
20,15593,23,MCH1,000000000420000444                      XEP0218,,,0,,0,0,0,,,0,
20,15594,23,MCH1,000000000420000444                      XEP0219,,,0,,0,0,0,,,0,
20,15595,23,MCH1,000000000420000444                      XEP0220,,,0,,0,0,0,,,0,
20,15596,23,MCH1,000000000420000444                      XEP0221,,,0,,0,0,0,,,0,
20,15597,23,MCH1,000000000420000444                      XEP0222,,,0,,0,0,0,,,0,
20,15895,23,MCH1,000000000420000483                      NRH025,,,0,,0,0,0,,,0,
20,15896,23,MCH1,000000000420000483                      NRH026,,,0,,0,0,0,,,0,
20,15897,23,MCH1,000000000420000483                      NRH027,,,0,,0,0,0,,,0,
20,15898,23,MCH1,000000000420000483                      NRH028,,,0,,0,0,0,,,0,
20,15899,23,MCH1,000000000420000459                      NNM021,,,0,,0,0,0,,,0,
20,15900,23,MCH1,000000000420000459                      NNM022,,,0,,0,0,0,,,0,
20,15901,23,MCH1,000000000420000459                      NNM023,,,0,,0,0,0,,,0,
20,15902,23,MCH1,000000000420000459                      NNM024,,,0,,0,0,0,,,0,
20,15903,23,MCH1,000000000420000459                      NNM025,,,0,,0,0,0,,,0,
20,15904,23,MCH1,000000000420000459                      NNM026,,,0,,0,0,0,,,0,
20,15905,23,MCH1,000000000420000285                      JLS0401,,,0,,0,0,0,,,0,
20,15906,23,MCH1,000000000420000285                      JLS0402,,,0,,0,0,0,,,0,
20,15907,23,MCH1,000000000420000285                      NLL021,,,0,,0,0,0,,,0,
20,15908,23,MCH1,000000000420000285                      NLL022,,,0,,0,0,0,,,0,
20,15909,23,MCH1,000000000420000285                      NLL023,,,0,,0,0,0,,,0,
20,15910,23,MCH1,000000000420000285                      NLL024,,,0,,0,0,0,,,0,
20,15911,23,MCH1,000000000420000285                      NLS0301,,,0,,0,0,0,,,0,
20,15912,23,MCH1,000000000420000285                      NLS0302,,,0,,0,0,0,,,0,
20,15913,23,MCH1,000000000420000285                      NLS0303,,,0,,0,0,0,,,0,
20,15914,23,MCH1,000000000420000481                      NRS021,,,0,,0,0,0,,,0,
20,15915,23,MCH1,000000000420000481                      NRS022,,,0,,0,0,0,,,0,
20,15916,23,MCH1,000000000420000481                      NRS023,,,0,,0,0,0,,,0,
20,15917,23,MCH1,000000000420000481                      NRS024,,,0,,0,0,0,,,0,
20,15918,23,MCH1,000000000420000481                      NRS025,,,0,,0,0,0,,,0,
20,15919,23,MCH1,000000000420000481                      NRS026,,,0,,0,0,0,,,0,
20,15920,23,MCH1,000000000420000481                      NRS027,,,0,,0,0,0,,,0,
20,15921,23,MCH1,000000000420000278                      JCT0301,,,0,,0,0,0,,,0,
20,15922,23,MCH1,000000000420000278                      JCT0302,,,0,,0,0,0,,,0,
20,15923,23,MCH1,000000000420000278                      JCT0303,,,0,,0,0,0,,,0,
20,15924,23,MCH1,000000000420000278                      JCT0304,,,0,,0,0,0,,,0,
20,15925,23,MCH1,000000000420000278                      JCT0305,,,0,,0,0,0,,,0,
20,15926,23,MCH1,000000000420000278                      JCT0306,,,0,,0,0,0,,,0,
20,15927,23,MCH1,000000000420000278                      JCT0401,,,0,,0,0,0,,,0,
20,15928,23,MCH1,000000000420000278                      JCT0404,,,0,,0,0,0,,,0,
20,15929,23,MCH1,000000000420000278                      JCT0405,,,0,,0,0,0,,,0,
20,15930,23,MCH1,000000000420000278                      JCT0406,,,0,,0,0,0,,,0,
20,15931,23,MCH1,000000000420000278                      JCT0407,,,0,,0,0,0,,,0,
20,15932,23,MCH1,000000000420000278                      JCT0408,,,0,,0,0,0,,,0,
20,15933,23,MCH1,000000000420000278                      JCT0409,,,0,,0,0,0,,,0,
20,15934,23,MCH1,000000000420000278                      JCT0410,,,0,,0,0,0,,,0,
20,15935,23,MCH1,000000000420000278                      JCT0411,,,0,,0,0,0,,,0,
20,15936,23,MCH1,000000000420000278                      JCT0412,,,0,,0,0,0,,,0,
20,15937,23,MCH1,000000000420000278                      JCT0413,,,0,,0,0,0,,,0,
20,15938,23,MCH1,000000000420000278                      JCT0414,,,0,,0,0,0,,,0,
20,15939,23,MCH1,000000000420000278                      JCT0415,,,0,,0,0,0,,,0,
20,15940,23,MCH1,000000000420000278                      JCT0416,,,0,,0,0,0,,,0,
20,15941,23,MCH1,000000000420000278                      JCT0417,,,0,,0,0,0,,,0,
20,15942,23,MCH1,000000000420000278                      JCT0418,,,0,,0,0,0,,,0,
20,15943,23,MCH1,000000000420000278                      JCT0419,,,0,,0,0,0,,,0,
20,15944,23,MCH1,000000000420000278                      JCT0420,,,0,,0,0,0,,,0,
20,15945,23,MCH1,000000000420000278                      JCT0421,,,0,,0,0,0,,,0,
20,15946,23,MCH1,000000000420000278                      JCT0422,,,0,,0,0,0,,,0,
20,15947,23,MCH1,000000000420000278                      JCT0423,,,0,,0,0,0,,,0,
20,15948,23,MCH1,000000000420000278                      JCT0424,,,0,,0,0,0,,,0,
20,15949,23,MCH1,000000000420000278                      JCT0425,,,0,,0,0,0,,,0,
20,15950,23,MCH1,000000000420000278                      JCT0426,,,0,,0,0,0,,,0,
20,15951,23,MCH1,000000000420000278                      JCT0427,,,0,,0,0,0,,,0,
20,15952,23,MCH1,000000000420000278                      JCT0428,,,0,,0,0,0,,,0,
20,15953,23,MCH1,000000000420000278                      JCT0429,,,0,,0,0,0,,,0,
20,15954,23,MCH1,000000000420000278                      JCT0430,,,0,,0,0,0,,,0,
20,15955,23,MCH1,000000000420000278                      JCT0431,,,0,,0,0,0,,,0,
20,15956,23,MCH1,000000000420000278                      JCT0432,,,0,,0,0,0,,,0,
20,15957,23,MCH1,000000000420000278                      JCT0433,,,0,,0,0,0,,,0,
20,15958,23,MCH1,000000000420000278                      JCT0434,,,0,,0,0,0,,,0,
20,15959,23,MCH1,000000000420000278                      JCT0435,,,0,,0,0,0,,,0,
20,15960,23,MCH1,000000000420000278                      JCT0436,,,0,,0,0,0,,,0,
20,15961,23,MCH1,000000000420000278                      JCT0437,,,0,,0,0,0,,,0,
20,15962,23,MCH1,000000000420000278                      JCT0438,,,0,,0,0,0,,,0,
20,15963,23,MCH1,000000000420000278                      JCT0439,,,0,,0,0,0,,,0,
20,15964,23,MCH1,000000000420000278                      JCT0440,,,0,,0,0,0,,,0,
20,15965,23,MCH1,000000000420000278                      JCT0441,,,0,,0,0,0,,,0,
20,15966,23,MCH1,000000000420000278                      JCT0442,,,0,,0,0,0,,,0,
20,15967,23,MCH1,000000000420000278                      JCT0444,,,0,,0,0,0,,,0,
20,15968,23,MCH1,000000000420000278                      JCT0445,,,0,,0,0,0,,,0,
20,15969,23,MCH1,000000000420000278                      JCT0446,,,0,,0,0,0,,,0,
20,15970,23,MCH1,000000000420000278                      JCT0447,,,0,,0,0,0,,,0,
20,15971,23,MCH1,000000000420000278                      JCT0448,,,0,,0,0,0,,,0,
20,15972,23,MCH1,000000000420000278                      JCT0449,,,0,,0,0,0,,,0,
20,15973,23,MCH1,000000000420000278                      JCT0450,,,0,,0,0,0,,,0,
20,15974,23,MCH1,000000000420000278                      JCT0451,,,0,,0,0,0,,,0,
20,15975,23,MCH1,000000000420000278                      JCT0452,,,0,,0,0,0,,,0,
20,15976,23,MCH1,000000000420000278                      JCT0453,,,0,,0,0,0,,,0,
20,15977,23,MCH1,000000000420000278                      JCT0454,,,0,,0,0,0,,,0,
20,15978,23,MCH1,000000000420000278                      JCT0455,,,0,,0,0,0,,,0,
20,15979,23,MCH1,000000000420000278                      JCT0456,,,0,,0,0,0,,,0,
20,15980,23,MCH1,000000000420000278                      JCT0457,,,0,,0,0,0,,,0,
20,15981,23,MCH1,000000000420000278                      JCT0458,,,0,,0,0,0,,,0,
20,15982,23,MCH1,000000000420000278                      JCT0459,,,0,,0,0,0,,,0,
20,15983,23,MCH1,000000000420000278                      JCT0460,,,0,,0,0,0,,,0,
20,15984,23,MCH1,000000000420000278                      JCT0461,,,0,,0,0,0,,,0,
20,15985,23,MCH1,000000000420000278                      JCT0462,,,0,,0,0,0,,,0,
20,15986,23,MCH1,000000000420000278                      JCT0463,,,0,,0,0,0,,,0,
20,15987,23,MCH1,000000000420000278                      JCT0464,,,0,,0,0,0,,,0,
20,15988,23,MCH1,000000000420000278                      JCT0465,,,0,,0,0,0,,,0,
20,15989,23,MCH1,000000000420000278                      JCT0466,,,0,,0,0,0,,,0,
20,15990,23,MCH1,000000000420000278                      JCT0467,,,0,,0,0,0,,,0,
20,15991,23,MCH1,000000000420000278                      JCT0468,,,0,,0,0,0,,,0,
20,15992,23,MCH1,000000000420000278                      JCT0469,,,0,,0,0,0,,,0,
20,15993,23,MCH1,000000000420000278                      JCT0470,,,0,,0,0,0,,,0,
20,16291,23,MCH1,000000000420000017                      JAL0451,,,0,,0,0,0,,,0,
20,16292,23,MCH1,000000000420000017                      JAL0452,,,0,,0,0,0,,,0,
20,16293,23,MCH1,000000000420000017                      JAL0453,,,0,,0,0,0,,,0,
20,16294,23,MCH1,000000000420000017                      JAL0454,,,0,,0,0,0,,,0,
20,16295,23,MCH1,000000000420000017                      JAL0455,,,0,,0,0,0,,,0,
20,16296,23,MCH1,000000000420000017                      JAL0456,,,0,,0,0,0,,,0,
20,16297,23,MCH1,000000000420000017                      JAL0457,,,0,,0,0,0,,,0,
20,16298,23,MCH1,000000000420000017                      JAL0458,,,0,,0,0,0,,,0,
20,16299,23,MCH1,000000000420000017                      JAL0459,,,0,,0,0,0,,,0,
20,16300,23,MCH1,000000000420000017                      JAL0460,,,0,,0,0,0,,,0,
20,16301,23,MCH1,000000000420000017                      JAL0461,,,0,,0,0,0,,,0,
20,16302,23,MCH1,000000000420000017                      JAL0462,,,0,,0,0,0,,,0,
20,16303,23,MCH1,000000000420000017                      JAL0463,,,0,,0,0,0,,,0,
20,16304,23,MCH1,000000000420000017                      JAL0464,,,0,,0,0,0,,,0,
20,16305,23,MCH1,000000000420000017                      JAL0465,,,0,,0,0,0,,,0,
20,16306,23,MCH1,000000000420000017                      JAL0466,,,0,,0,0,0,,,0,
20,16307,23,MCH1,000000000420000017                      JAL0467,,,0,,0,0,0,,,0,
20,16308,23,MCH1,000000000420000017                      JAL0468,,,0,,0,0,0,,,0,
20,16309,23,MCH1,000000000420000017                      NAL021,,,0,,0,0,0,,,0,
20,16310,23,MCH1,000000000420000017                      NAL0210,,,0,,0,0,0,,,0,
20,16311,23,MCH1,000000000420000017                      NAL0211,,,0,,0,0,0,,,0,
20,16312,23,MCH1,000000000420000017                      NAL0212,,,0,,0,0,0,,,0,
20,16313,23,MCH1,000000000420000017                      NAL0213,,,0,,0,0,0,,,0,
20,16314,23,MCH1,000000000420000017                      NAL0214,,,0,,0,0,0,,,0,
20,16315,23,MCH1,000000000420000017                      NAL0215,,,0,,0,0,0,,,0,
20,16316,23,MCH1,000000000420000017                      NAL0216,,,0,,0,0,0,,,0,
20,16317,23,MCH1,000000000420000017                      NAL0217,,,0,,0,0,0,,,0,
20,16318,23,MCH1,000000000420000017                      NAL0218,,,0,,0,0,0,,,0,
20,16319,23,MCH1,000000000420000017                      NAL0219,,,0,,0,0,0,,,0,
20,16320,23,MCH1,000000000420000017                      NAL022,,,0,,0,0,0,,,0,
20,16321,23,MCH1,000000000420000017                      NAL0220,,,0,,0,0,0,,,0,
20,16322,23,MCH1,000000000420000017                      NAL0221,,,0,,0,0,0,,,0,
20,16323,23,MCH1,000000000420000017                      NAL0222,,,0,,0,0,0,,,0,
20,16324,23,MCH1,000000000420000017                      NAL0223,,,0,,0,0,0,,,0,
20,16325,23,MCH1,000000000420000017                      NAL0224,,,0,,0,0,0,,,0,
20,16326,23,MCH1,000000000420000017                      NAL0225,,,0,,0,0,0,,,0,
20,16327,23,MCH1,000000000420000017                      NAL0226,,,0,,0,0,0,,,0,
20,16328,23,MCH1,000000000420000017                      NAL0227,,,0,,0,0,0,,,0,
20,16329,23,MCH1,000000000420000017                      NAL0228,,,0,,0,0,0,,,0,
20,16330,23,MCH1,000000000420000017                      NAL0229,,,0,,0,0,0,,,0,
20,16331,23,MCH1,000000000420000017                      NAL023,,,0,,0,0,0,,,0,
20,16332,23,MCH1,000000000420000017                      NAL0230,,,0,,0,0,0,,,0,
20,16333,23,MCH1,000000000420000017                      NAL0231,,,0,,0,0,0,,,0,
20,16334,23,MCH1,000000000420000017                      NAL0232,,,0,,0,0,0,,,0,
20,16335,23,MCH1,000000000420000017                      NAL0233,,,0,,0,0,0,,,0,
20,16336,23,MCH1,000000000420000017                      NAL0234,,,0,,0,0,0,,,0,
20,16337,23,MCH1,000000000420000017                      NAL0235,,,0,,0,0,0,,,0,
20,16338,23,MCH1,000000000420000017                      NAL0236,,,0,,0,0,0,,,0,
20,16339,23,MCH1,000000000420000017                      NAL0237,,,0,,0,0,0,,,0,
20,16340,23,MCH1,000000000420000017                      NAL024,,,0,,0,0,0,,,0,
20,16341,23,MCH1,000000000420000017                      NAL025,,,0,,0,0,0,,,0,
20,16342,23,MCH1,000000000420000017                      NAL026,,,0,,0,0,0,,,0,
20,16343,23,MCH1,000000000420000017                      NAL027,,,0,,0,0,0,,,0,
20,16344,23,MCH1,000000000420000017                      NAL028,,,0,,0,0,0,,,0,
20,16345,23,MCH1,000000000420000017                      NAL029,,,0,,0,0,0,,,0,
20,16346,23,MCH1,000000000420000017                      NAL0301,,,0,,0,0,0,,,0,
20,16347,23,MCH1,000000000420000017                      NAL0302,,,0,,0,0,0,,,0,
20,16348,23,MCH1,000000000420000017                      NAM0305,,,0,,0,0,0,,,0,
20,16349,23,MCH1,000000000420000017                      NAS024R,,,0,,0,0,0,,,0,
20,16350,23,MCH1,000000000420000017                      NAS025R,,,0,,0,0,0,,,0,
20,16351,23,MCH1,000000000420000017                      NAS026R,,,0,,0,0,0,,,0,
20,16352,23,MCH1,000000000420000017                      RAL0301,,,0,,0,0,0,,,0,
20,16353,23,MCH1,000000000420000017                      RAL0302,,,0,,0,0,0,,,0,
20,16354,23,MCH1,000000000420000017                      RAL0303,,,0,,0,0,0,,,0,
20,16355,23,MCH1,000000000420000017                      RAL0304,,,0,,0,0,0,,,0,
20,16356,23,MCH1,000000000420000017                      RAL0305,,,0,,0,0,0,,,0,
20,16357,23,MCH1,000000000420000017                      RAL0306,,,0,,0,0,0,,,0,
20,16358,23,MCH1,000000000420000017                      RAL0307,,,0,,0,0,0,,,0,
20,16359,23,MCH1,000000000420000017                      RAL0308,,,0,,0,0,0,,,0,
20,16360,23,MCH1,000000000420000017                      RAL0309,,,0,,0,0,0,,,0,
20,16361,23,MCH1,000000000420000017                      RAL0310,,,0,,0,0,0,,,0,
20,16362,23,MCH1,000000000420000017                      RAL0311,,,0,,0,0,0,,,0,
20,16363,23,MCH1,000000000420000017                      RAL0312,,,0,,0,0,0,,,0,
20,16364,23,MCH1,000000000420000017                      RAL0313,,,0,,0,0,0,,,0,
20,16365,23,MCH1,000000000420000017                      RAL0314,,,0,,0,0,0,,,0,
20,16366,23,MCH1,000000000420000017                      RAL0315,,,0,,0,0,0,,,0,
20,16367,23,MCH1,000000000420000017                      RAL0316,,,0,,0,0,0,,,0,
20,16368,23,MCH1,000000000420000017                      RAL0317,,,0,,0,0,0,,,0,
20,16369,23,MCH1,000000000420000291                      REM021,,,0,,0,0,0,,,0,
20,16370,23,MCH1,000000000420000291                      RME021,,,0,,0,0,0,,,0,
20,16371,23,MCH1,000000000420000291                      RME022,,,0,,0,0,0,,,0,
20,16372,23,MCH1,000000000420000291                      RME023,,,0,,0,0,0,,,0,
20,16373,23,MCH1,000000000420000291                      RME024,,,0,,0,0,0,,,0,
20,16374,23,MCH1,000000000420000291                      RME025,,,0,,0,0,0,,,0,
20,16375,23,MCH1,000000000420000291                      RME0301,,,0,,0,0,0,,,0,
20,16376,23,MCH1,000000000420000291                      RME0302,,,0,,0,0,0,,,0,
20,16377,23,MCH1,000000000420000291                      RME0401,,,0,,0,0,0,,,0,
20,16378,23,MCH1,000000000420000291                      RME0402,,,0,,0,0,0,,,0,
20,16379,23,MCH1,000000000420000291                      RME0403,,,0,,0,0,0,,,0,
20,16380,23,MCH1,000000000420000291                      RME0404,,,0,,0,0,0,,,0,
20,16381,23,MCH1,000000000420000291                      RME0405,,,0,,0,0,0,,,0,
20,16382,23,MCH1,000000000420000291                      RME0406,,,0,,0,0,0,,,0,
20,16383,23,MCH1,000000000420000485                      MOZ0201,,,0,,0,0,0,,,0,
20,16384,23,MCH1,000000000420000485                      MOZ0202,,,0,,0,0,0,,,0,
20,16385,23,MCH1,000000000420000485                      MOZ0203,,,0,,0,0,0,,,0,
20,16386,23,MCH1,000000000420000485                      MOZ0204,,,0,,0,0,0,,,0,
20,16387,23,MCH1,000000000420000485                      MOZ0205,,,0,,0,0,0,,,0,
20,16388,23,MCH1,000000000420000485                      MOZ0301,,,0,,0,0,0,,,0,
20,16389,23,MCH1,000000000420000485                      MOZ0302,,,0,,0,0,0,,,0,
20,16687,23,MCH1,000000000420000021                      JAA0405,,,0,,0,0,0,,,0,
20,16688,23,MCH1,000000000420000021                      JAA0406,,,0,,0,0,0,,,0,
20,16689,23,MCH1,000000000420000021                      JAA0407,,,0,,0,0,0,,,0,
20,16690,23,MCH1,000000000420000021                      JAA0408,,,0,,0,0,0,,,0,
20,16691,23,MCH1,000000000420000021                      JAA0409,,,0,,0,0,0,,,0,
20,16692,23,MCH1,000000000420000021                      JAA0410,,,0,,0,0,0,,,0,
20,16693,23,MCH1,000000000420000021                      JAA0412,,,0,,0,0,0,,,0,
20,16694,23,MCH1,000000000420000021                      JAA0413,,,0,,0,0,0,,,0,
20,16695,23,MCH1,000000000420000021                      JAA0414,,,0,,0,0,0,,,0,
20,16696,23,MCH1,000000000420000021                      JAA0415,,,0,,0,0,0,,,0,
20,16697,23,MCH1,000000000420000021                      JAA0416,,,0,,0,0,0,,,0,
20,16698,23,MCH1,000000000420000021                      JAA0417,,,0,,0,0,0,,,0,
20,16699,23,MCH1,000000000420000021                      JAA0418,,,0,,0,0,0,,,0,
20,16700,23,MCH1,000000000420000021                      JAA0419,,,0,,0,0,0,,,0,
20,16701,23,MCH1,000000000420000021                      JAA0420,,,0,,0,0,0,,,0,
20,16702,23,MCH1,000000000420000021                      JAA0421,,,0,,0,0,0,,,0,
20,16703,23,MCH1,000000000420000021                      JAA0422,,,0,,0,0,0,,,0,
20,16704,23,MCH1,000000000420000021                      JAA0423,,,0,,0,0,0,,,0,
20,16705,23,MCH1,000000000420000021                      JAA0424,,,0,,0,0,0,,,0,
20,16706,23,MCH1,000000000420000021                      JAA0425,,,0,,0,0,0,,,0,
20,16707,23,MCH1,000000000420000021                      JAA0426,,,0,,0,0,0,,,0,
20,16708,23,MCH1,000000000420000021                      JAA0427,,,0,,0,0,0,,,0,
20,16709,23,MCH1,000000000420000021                      JAA0428,,,0,,0,0,0,,,0,
20,16710,23,MCH1,000000000420000021                      JAA0429,,,0,,0,0,0,,,0,
20,16711,23,MCH1,000000000420000021                      JAA0430,,,0,,0,0,0,,,0,
20,16712,23,MCH1,000000000420000021                      JAA0431,,,0,,0,0,0,,,0,
20,16713,23,MCH1,000000000420000021                      JAA0432,,,0,,0,0,0,,,0,
20,16714,23,MCH1,000000000420000021                      JAA0433,,,0,,0,0,0,,,0,
20,16715,23,MCH1,000000000420000021                      JAA0434,,,0,,0,0,0,,,0,
20,16716,23,MCH1,000000000420000021                      JAA0435,,,0,,0,0,0,,,0,
20,16717,23,MCH1,000000000420000021                      JAA0436,,,0,,0,0,0,,,0,
20,16718,23,MCH1,000000000420000021                      JAA0437,,,0,,0,0,0,,,0,
20,16719,23,MCH1,000000000420000021                      JAA0438,,,0,,0,0,0,,,0,
20,16720,23,MCH1,000000000420000021                      JAA0439,,,0,,0,0,0,,,0,
20,16721,23,MCH1,000000000420000021                      JAA0440,,,0,,0,0,0,,,0,
20,16722,23,MCH1,000000000420000021                      JAA0441,,,0,,0,0,0,,,0,
20,16723,23,MCH1,000000000420000021                      JAA0442,,,0,,0,0,0,,,0,
20,16724,23,MCH1,000000000420000021                      JAA0443,,,0,,0,0,0,,,0,
20,16725,23,MCH1,000000000420000021                      JAA0444,,,0,,0,0,0,,,0,
20,16726,23,MCH1,000000000420000021                      JAA0445,,,0,,0,0,0,,,0,
20,16727,23,MCH1,000000000420000021                      JAA0446,,,0,,0,0,0,,,0,
20,16728,23,MCH1,000000000420000021                      JAA0447,,,0,,0,0,0,,,0,
20,16729,23,MCH1,000000000420000021                      JAA0448,,,0,,0,0,0,,,0,
20,16730,23,MCH1,000000000420000021                      JAA0449,,,0,,0,0,0,,,0,
20,16731,23,MCH1,000000000420000021                      JAA0450,,,0,,0,0,0,,,0,
20,16732,23,MCH1,000000000420000021                      JAA0451,,,0,,0,0,0,,,0,
20,16733,23,MCH1,000000000420000021                      JAA0452,,,0,,0,0,0,,,0,
20,16734,23,MCH1,000000000420000021                      JAA0453,,,0,,0,0,0,,,0,
20,16735,23,MCH1,000000000420000021                      JAA0454,,,0,,0,0,0,,,0,
20,16736,23,MCH1,000000000420000021                      JAA0455,,,0,,0,0,0,,,0,
20,16737,23,MCH1,000000000420000021                      JAA0456,,,0,,0,0,0,,,0,
20,16738,23,MCH1,000000000420000021                      JAA0457,,,0,,0,0,0,,,0,
20,16739,23,MCH1,000000000420000021                      JAA0458,,,0,,0,0,0,,,0,
20,16740,23,MCH1,000000000420000021                      JAA0459,,,0,,0,0,0,,,0,
20,16741,23,MCH1,000000000420000021                      JAA0460,,,0,,0,0,0,,,0,
20,16742,23,MCH1,000000000420000021                      JAA0461,,,0,,0,0,0,,,0,
20,16743,23,MCH1,000000000420000021                      NAA021,,,0,,0,0,0,,,0,
20,16744,23,MCH1,000000000420000021                      NAA022,,,0,,0,0,0,,,0,
20,16745,23,MCH1,000000000420000021                      NAA023,,,0,,0,0,0,,,0,
20,16746,23,MCH1,000000000420000021                      NAA024,,,0,,0,0,0,,,0,
20,16747,23,MCH1,000000000420000021                      NAA025,,,0,,0,0,0,,,0,
20,16748,23,MCH1,000000000420000021                      NAA026,,,0,,0,0,0,,,0,
20,16749,23,MCH1,000000000420000021                      NAA027,,,0,,0,0,0,,,0,
20,16750,23,MCH1,000000000420000021                      NAA028,,,0,,0,0,0,,,0,
20,16751,23,MCH1,000000000420000021                      NAA029,,,0,,0,0,0,,,0,
20,16752,23,MCH1,000000000420000021                      NAA0301,,,0,,0,0,0,,,0,
20,16753,23,MCH1,000000000420000021                      NAA0302,,,0,,0,0,0,,,0,
20,16754,23,MCH1,000000000420000021                      RAA0301,,,0,,0,0,0,,,0,
20,16755,23,MCH1,000000000420000021                      RAA0302,,,0,,0,0,0,,,0,
20,16756,23,MCH1,000000000420000021                      RAA0303,,,0,,0,0,0,,,0,
20,16757,23,MCH1,000000000420000021                      RAA0304,,,0,,0,0,0,,,0,
20,16758,23,MCH1,000000000420000021                      RAA0305,,,0,,0,0,0,,,0,
20,16759,23,MCH1,000000000420000021                      RAA0306,,,0,,0,0,0,,,0,
20,16760,23,MCH1,000000000420000021                      RAA0307,,,0,,0,0,0,,,0,
20,16761,23,MCH1,000000000420000021                      RAA0308,,,0,,0,0,0,,,0,
20,16762,23,MCH1,000000000420000021                      RAA0309,,,0,,0,0,0,,,0,
20,16763,23,MCH1,000000000420000021                      RAA0310,,,0,,0,0,0,,,0,
20,16764,23,MCH1,000000000420000357                      ISL0201,,,0,,0,0,0,,,0,
20,16765,23,MCH1,000000000420000357                      ISL0202,,,0,,0,0,0,,,0,
20,16766,23,MCH1,000000000420000357                      ISL0203,,,0,,0,0,0,,,0,
20,16767,23,MCH1,000000000420000357                      ISL0204,,,0,,0,0,0,,,0,
20,16768,23,MCH1,000000000420000357                      ISL0205,,,0,,0,0,0,,,0,
20,16769,23,MCH1,000000000420000359                      ISH0201,,,0,,0,0,0,,,0,
20,16770,23,MCH1,000000000420000359                      ISH0202,,,0,,0,0,0,,,0,
20,16771,23,MCH1,000000000420000359                      ISH0203,,,0,,0,0,0,,,0,
20,16772,23,MCH1,000000000420000359                      ISH0301,,,0,,0,0,0,,,0,
20,16773,23,MCH1,000000000420000359                      ISH0302,,,0,,0,0,0,,,0,
20,16774,23,MCH1,000000000420000359                      ISH0303,,,0,,0,0,0,,,0,
20,16775,23,MCH1,000000000420000359                      ISH0304,,,0,,0,0,0,,,0,
20,16776,23,MCH1,000000000420000359                      ISH0305,,,0,,0,0,0,,,0,
20,16777,23,MCH1,000000000420000359                      ISH0307,,,0,,0,0,0,,,0,
20,16778,23,MCH1,000000000420000359                      ISH0308,,,0,,0,0,0,,,0,
20,16779,23,MCH1,000000000420000359                      ISH0309,,,0,,0,0,0,,,0,
20,16780,23,MCH1,000000000420000359                      ISH0310,,,0,,0,0,0,,,0,
20,16781,23,MCH1,000000000420000359                      ISH0311,,,0,,0,0,0,,,0,
20,16782,23,MCH1,000000000420000359                      ISH0312,,,0,,0,0,0,,,0,
20,16783,23,MCH1,000000000420000359                      ISH0313,,,0,,0,0,0,,,0,
20,16784,23,MCH1,000000000420000359                      ISH0314,,,0,,0,0,0,,,0,
20,16785,23,MCH1,000000000420000359                      ISH0315,,,0,,0,0,0,,,0,
20,17083,23,MCH1,000000000420000507                      CSH0303,,,0,,0,0,0,,,0,
20,17084,23,MCH1,000000000420000507                      CSH0304,,,0,,0,0,0,,,0,
20,17085,23,MCH1,000000000420000507                      JSH0301,,,0,,0,0,0,,,0,
20,17086,23,MCH1,000000000420000507                      JSH0401,,,0,,0,0,0,,,0,
20,17087,23,MCH1,000000000420000507                      JSH0402,,,0,,0,0,0,,,0,
20,17088,23,MCH1,000000000420000507                      JSH0403,,,0,,0,0,0,,,0,
20,17089,23,MCH1,000000000420000507                      JSH0404,,,0,,0,0,0,,,0,
20,17090,23,MCH1,000000000420000507                      SHB0301,,,0,,0,0,0,,,0,
20,17091,23,MCH1,000000000420000507                      SHB0302,,,0,,0,0,0,,,0,
20,17092,23,MCH1,000000000420000325                      MPM0301,,,0,,0,0,0,,,0,
20,17093,23,MCH1,000000000420000325                      MPM0302,,,0,,0,0,0,,,0,
20,17094,23,MCH1,000000000420000325                      MPM0303,,,0,,0,0,0,,,0,
20,17095,23,MCH1,000000000420000325                      MPM0304,,,0,,0,0,0,,,0,
20,17096,23,MCH1,000000000420000325                      MPM0305,,,0,,0,0,0,,,0,
20,17097,23,MCH1,000000000420000325                      MPM0306,,,0,,0,0,0,,,0,
20,17098,23,MCH1,000000000420000447                      PSS0301,,,0,,0,0,0,,,0,
20,17099,23,MCH1,000000000420000447                      PSS0302,,,0,,0,0,0,,,0,
20,17100,23,MCH1,000000000420000447                      PSS0303,,,0,,0,0,0,,,0,
20,17101,23,MCH1,000000000420000447                      PSS0304,,,0,,0,0,0,,,0,
20,17102,23,MCH1,000000000420000344                      IRAP0302,,,0,,0,0,0,,,0,
20,17103,23,MCH1,000000000420000344                      IRAP0303,,,0,,0,0,0,,,0,
20,17104,23,MCH1,000000000420000210                      EP30401,,,0,,0,0,0,,,0,
20,17105,23,MCH1,000000000420000210                      EP30402,,,0,,0,0,0,,,0,
20,17106,23,MCH1,000000000420000210                      EP30503,,,0,,0,0,0,,,0,
20,17107,23,MCH1,000000000420000143                      CC0303,,,0,,0,0,0,,,0,
20,17108,23,MCH1,000000000420000143                      CCO0301,,,0,,0,0,0,,,0,
20,17109,23,MCH1,000000000420000143                      CCO0304,,,0,,0,0,0,,,0,
20,17110,23,MCH1,000000000420000143                      CCO0305,,,0,,0,0,0,,,0,
20,17111,23,MCH1,000000000420000143                      CCO0306,,,0,,0,0,0,,,0,
20,17112,23,MCH1,000000000420000143                      CCO0307,,,0,,0,0,0,,,0,
20,17113,23,MCH1,000000000420000143                      CCO0308,,,0,,0,0,0,,,0,
20,17114,23,MCH1,000000000420000143                      CCO0309,,,0,,0,0,0,,,0,
20,17115,23,MCH1,000000000420000143                      CCO0310,,,0,,0,0,0,,,0,
20,17116,23,MCH1,000000000420000143                      CCO0311,,,0,,0,0,0,,,0,
20,17117,23,MCH1,000000000420000143                      CCO0312,,,0,,0,0,0,,,0,
20,17118,23,MCH1,000000000420000143                      CCO0313,,,0,,0,0,0,,,0,
20,17119,23,MCH1,000000000420000143                      CCO0314,,,0,,0,0,0,,,0,
20,17120,23,MCH1,000000000420000143                      CCO0315,,,0,,0,0,0,,,0,
20,17121,23,MCH1,000000000420000143                      CCO0316,,,0,,0,0,0,,,0,
20,17122,23,MCH1,000000000420000143                      LC00405,,,0,,0,0,0,,,0,
20,17123,23,MCH1,000000000420000143                      LCO0301,,,0,,0,0,0,,,0,
20,17124,23,MCH1,000000000420000143                      LCO0302,,,0,,0,0,0,,,0,
20,17125,23,MCH1,000000000420000143                      LCO0401,,,0,,0,0,0,,,0,
20,17126,23,MCH1,000000000420000143                      LCO0402,,,0,,0,0,0,,,0,
20,17127,23,MCH1,000000000420000143                      LCO0403,,,0,,0,0,0,,,0,
20,17128,23,MCH1,000000000420000143                      LCO0404,,,0,,0,0,0,,,0,
20,17129,23,MCH1,000000000420000143                      LCO0406,,,0,,0,0,0,,,0,
20,17130,23,MCH1,000000000420000143                      LCO0407,,,0,,0,0,0,,,0,
20,17131,23,MCH1,000000000420000083                      TBM0301,,,0,,0,0,0,,,0,
20,17132,23,MCH1,000000000420000083                      TBM0302,,,0,,0,0,0,,,0,
20,17133,23,MCH1,000000000420000083                      TBM0401,,,0,,0,0,0,,,0,
20,17134,23,MCH1,000000000420000082                      TBL0301,,,0,,0,0,0,,,0,
20,17135,23,MCH1,000000000420000157                      MED0401,,,0,,0,0,0,,,0,
20,17136,23,MCH1,000000000420000157                      MED0402,,,0,,0,0,0,,,0,
20,17137,23,MCH1,000000000420000157                      MEDM0301,,,0,,0,0,0,,,0,
20,17138,23,MCH1,000000000420000157                      MEDM0302,,,0,,0,0,0,,,0,
20,17139,23,MCH1,000000000420000157                      MEDM0304,,,0,,0,0,0,,,0,
20,17140,23,MCH1,000000000420000157                      MEDM0305,,,0,,0,0,0,,,0,
20,17141,23,MCH1,000000000420000157                      MEDM0306,,,0,,0,0,0,,,0,
20,17142,23,MCH1,000000000420000157                      MEDM0307,,,0,,0,0,0,,,0,
20,17143,23,MCH1,000000000420000157                      MEDM0308,,,0,,0,0,0,,,0,
20,17144,23,MCH1,000000000420000157                      MEDM0309,,,0,,0,0,0,,,0,
20,17145,23,MCH1,000000000420000157                      MEDM0401,,,0,,0,0,0,,,0,
20,17146,23,MCH1,000000000420000157                      MEDM0402,,,0,,0,0,0,,,0,
20,17147,23,MCH1,000000000420000157                      MEDM0403,,,0,,0,0,0,,,0,
20,17148,23,MCH1,000000000420000157                      MEDM0404,,,0,,0,0,0,,,0,
20,17149,23,MCH1,000000000420000157                      MEDM0405,,,0,,0,0,0,,,0,
20,17150,23,MCH1,000000000420000157                      MEDM0406,,,0,,0,0,0,,,0,
20,17151,23,MCH1,000000000420000215                      KEH0301,,,0,,0,0,0,,,0,
20,17152,23,MCH1,000000000420000215                      KEH0302,,,0,,0,0,0,,,0,
20,17153,23,MCH1,000000000420000215                      KEH0401,,,0,,0,0,0,,,0,
20,17154,23,MCH1,000000000420000374                      TML0301,,,0,,0,0,0,,,0,
20,17155,23,MCH1,000000000420000374                      TML0302,,,0,,0,0,0,,,0,
20,17156,23,MCH1,000000000420000349                      BRT0301,,,0,,0,0,0,,,0,
20,17157,23,MCH1,000000000420000349                      BRT0302,,,0,,0,0,0,,,0,
20,17158,23,MCH1,000000000420000349                      GRT0301,,,0,,0,0,0,,,0,
20,17159,23,MCH1,000000000420000245                      XC1062,,,0,,0,0,0,,,0,
20,17160,23,MCH1,000000000420000245                      XC1064,,,0,,0,0,0,,,0,
20,17161,23,MCH1,000000000420000245                      XC1065,,,0,,0,0,0,,,0,
20,17162,23,MCH1,000000000420000290                      CNS0301,,,0,,0,0,0,,,0,
20,17163,23,MCH1,000000000420000290                      CNS0302,,,0,,0,0,0,,,0,
20,17164,23,MCH1,000000000420000290                      CNS0303,,,0,,0,0,0,,,0,
20,17165,23,MCH1,000000000420000340                      XC1058,,,0,,0,0,0,,,0,
20,17166,23,MCH1,000000000420000340                      XC1059,,,0,,0,0,0,,,0,
20,17167,23,MCH1,000000000420000340                      XC1060,,,0,,0,0,0,,,0,
20,17168,23,MCH1,000000000420000340                      XC1061,,,0,,0,0,0,,,0,
20,17169,23,MCH1,000000000420000340                      XC1078,,,0,,0,0,0,,,0,
20,17170,23,MCH1,000000000420000340                      XD1010,,,0,,0,0,0,,,0,
20,17171,23,MCH1,000000000420000340                      XD1011,,,0,,0,0,0,,,0,
20,17172,23,MCH1,000000000420000237                      QFC0301,,,0,,0,0,0,,,0,
20,17173,23,MCH1,000000000420000237                      QFC0302,,,0,,0,0,0,,,0,
20,17174,23,MCH1,000000000420000456                      TNL0301,,,0,,0,0,0,,,0,
20,17175,23,MCH1,000000000420000456                      TNL0302,,,0,,0,0,0,,,0,
20,17176,23,MCH1,000000000420000456                      TNL0401,,,0,,0,0,0,,,0,
20,17177,23,MCH1,000000000420000352                      QRS0301,,,0,,0,0,0,,,0,
20,17178,23,MCH1,000000000420000026                      AJAH0301,,,0,,0,0,0,,,0,
20,17179,23,MCH1,000000000420000026                      AJAH0302,,,0,,0,0,0,,,0,
20,17180,23,MCH1,000000000420000026                      AJAH0303,,,0,,0,0,0,,,0,
20,17181,23,MCH1,000000000420000026                      AJAH0304,,,0,,0,0,0,,,0,
20,17479,23,MCH1,000000000420000266                      EM03-04,,,0,,0,0,0,,,0,
20,17480,23,MCH1,000000000420000266                      EM05-04,,,0,,0,0,0,,,0,
20,17481,23,MCH1,000000000420000266                      EM06-04,,,0,,0,0,0,,,0,
20,17482,23,MCH1,000000000420000265                      EM01-04,,,0,,0,0,0,,,0,
20,17483,23,MCH1,000000000420000265                      EM04-04,,,0,,0,0,0,,,0,
20,17484,23,MCH1,000000000420000265                      EM07-04,,,0,,0,0,0,,,0,
20,17485,23,MCH1,000000000420000265                      EM08-04,,,0,,0,0,0,,,0,
20,17486,23,MCH1,000000000420000267                      EM01-04,,,0,,0,0,0,,,0,
20,17487,23,MCH1,000000000420000267                      EM02-04,,,0,,0,0,0,,,0,
20,17488,23,MCH1,000000000420000267                      EM03-04,,,0,,0,0,0,,,0,
20,17489,23,MCH1,000000000420000267                      EM04-04,,,0,,0,0,0,,,0,
20,17490,23,MCH1,000000000420000264                      EM01-04,,,0,,0,0,0,,,0,
20,17491,23,MCH1,000000000420000264                      EM02-04,,,0,,0,0,0,,,0,
20,17492,23,MCH1,000000000420000264                      EM03-04,,,0,,0,0,0,,,0,
20,17493,23,MCH1,000000000420000207                      CU40401,,,0,,0,0,0,,,0,
20,17494,23,MCH1,000000000420000207                      CU40402,,,0,,0,0,0,,,0,
20,17495,23,MCH1,000000000420000207                      CU40403,,,0,,0,0,0,,,0,
20,17496,23,MCH1,000000000420000207                      CU40404,,,0,,0,0,0,,,0,
20,17497,23,MCH1,000000000420000211                      CU40401,,,0,,0,0,0,,,0,
20,17498,23,MCH1,000000000420000211                      CU40402,,,0,,0,0,0,,,0,
20,17499,23,MCH1,000000000420000212                      CU40401,,,0,,0,0,0,,,0,
20,17500,23,MCH1,000000000420000212                      CU40402,,,0,,0,0,0,,,0,
20,17501,23,MCH1,000000000420000047                      BAH0401,,,0,,0,0,0,,,0,
20,17502,23,MCH1,000000000420000047                      BAH0402,,,0,,0,0,0,,,0,
20,17503,23,MCH1,000000000420000047                      BAH0403,,,0,,0,0,0,,,0,
20,17504,23,MCH1,000000000420000047                      BAL0403,,,0,,0,0,0,,,0,
20,17505,23,MCH1,000000000420000257                      LLZ0403,,,0,,0,0,0,,,0,
20,17506,23,MCH1,000000000420000257                      LLZ0405,,,0,,0,0,0,,,0,
20,17507,23,MCH1,000000000420000240                      TFT0401,,,0,,0,0,0,,,0,
20,17508,23,MCH1,000000000420000029                      JADL0401,,,0,,0,0,0,,,0,
20,17509,23,MCH1,000000000420000029                      JADL0402,,,0,,0,0,0,,,0,
20,17510,23,MCH1,000000000420000029                      JADL0403,,,0,,0,0,0,,,0,
20,17511,23,MCH1,000000000420000029                      JADL0404,,,0,,0,0,0,,,0,
20,17512,23,MCH1,000000000420000380                      OTH0401,,,0,,0,0,0,,,0,
20,17513,23,MCH1,000000000420000380                      OTH0402,,,0,,0,0,0,,,0,
20,17514,23,MCH1,000000000420000380                      OTH0403,,,0,,0,0,0,,,0,
20,17515,23,MCH1,000000000420000381                      OTL0401,,,0,,0,0,0,,,0,
20,17516,23,MCH1,000000000420000334                      JOL0405,,,0,,0,0,0,,,0,
20,17517,23,MCH1,000000000420000334                      JQL0401,,,0,,0,0,0,,,0,
20,17518,23,MCH1,000000000420000334                      JQL0402,,,0,,0,0,0,,,0,
20,17519,23,MCH1,000000000420000334                      JQL0403,,,0,,0,0,0,,,0,
20,17520,23,MCH1,000000000420000334                      JQL0404,,,0,,0,0,0,,,0,
20,17521,23,MCH1,000000000420000334                      JQL0405,,,0,,0,0,0,,,0,
20,17522,23,MCH1,000000000420000172                      JERM0402,,,0,,0,0,0,,,0,
20,17523,23,MCH1,000000000420000172                      JERM0403,,,0,,0,0,0,,,0,
20,17524,23,MCH1,000000000420000172                      JERM0404,,,0,,0,0,0,,,0,
20,17525,23,MCH1,000000000420000172                      JERM0405,,,0,,0,0,0,,,0,
20,17526,23,MCH1,000000000420000172                      JERM0406,,,0,,0,0,0,,,0,
20,17527,23,MCH1,000000000420000172                      JERM0407,,,0,,0,0,0,,,0,
20,17528,23,MCH1,000000000420000172                      JERM0408,,,0,,0,0,0,,,0,
20,17529,23,MCH1,000000000420000172                      JERM0409,,,0,,0,0,0,,,0,
20,17530,23,MCH1,000000000420000172                      JERM0410,,,0,,0,0,0,,,0,
20,17531,23,MCH1,000000000420000172                      JERM0411,,,0,,0,0,0,,,0,
20,17532,23,MCH1,000000000420000172                      JERM0412,,,0,,0,0,0,,,0,
20,17533,23,MCH1,000000000420000172                      JERM0413,,,0,,0,0,0,,,0,
20,17534,23,MCH1,000000000420000172                      JERM0414,,,0,,0,0,0,,,0,
20,17535,23,MCH1,000000000420000172                      JERM0416,,,0,,0,0,0,,,0,
20,17536,23,MCH1,000000000420000172                      JERM0417,,,0,,0,0,0,,,0,
20,17537,23,MCH1,000000000420000219                      PFS0301,,,0,,0,0,0,,,0,
20,17538,23,MCH1,000000000420000219                      PFS0301R,,,0,,0,0,0,,,0,
20,17539,23,MCH1,000000000420000219                      PFS0302,,,0,,0,0,0,,,0,
20,17540,23,MCH1,000000000420000219                      PFS0302R,,,0,,0,0,0,,,0,
20,17541,23,MCH1,000000000420000219                      PFS0303,,,0,,0,0,0,,,0,
20,17542,23,MCH1,000000000420000219                      PFS0305,,,0,,0,0,0,,,0,
20,17543,23,MCH1,000000000420000219                      PFS0306,,,0,,0,0,0,,,0,
20,17544,23,MCH1,000000000420000219                      PFS0307,,,0,,0,0,0,,,0,
20,17545,23,MCH1,000000000420000219                      PFS0308,,,0,,0,0,0,,,0,
20,17546,23,MCH1,000000000420000219                      PFS0308R,,,0,,0,0,0,,,0,
20,17547,23,MCH1,000000000420000219                      PFS0309,,,0,,0,0,0,,,0,
20,17548,23,MCH1,000000000420000219                      PFS0310,,,0,,0,0,0,,,0,
20,17549,23,MCH1,000000000420000219                      PFS0310R,,,0,,0,0,0,,,0,
20,17550,23,MCH1,000000000420000219                      PFS0311,,,0,,0,0,0,,,0,
20,17551,23,MCH1,000000000420000219                      PFS0311R,,,0,,0,0,0,,,0,
20,17552,23,MCH1,000000000420000219                      PFS0312,,,0,,0,0,0,,,0,
20,17553,23,MCH1,000000000420000219                      PFS0312R,,,0,,0,0,0,,,0,
20,17554,23,MCH1,000000000420000219                      PFS0313,,,0,,0,0,0,,,0,
20,17555,23,MCH1,000000000420000219                      PFS0313R,,,0,,0,0,0,,,0,
20,17556,23,MCH1,000000000420000219                      PFS0314,,,0,,0,0,0,,,0,
20,17557,23,MCH1,000000000420000219                      PFS0314R,,,0,,0,0,0,,,0,
20,17558,23,MCH1,000000000420000219                      PFS0314R1,,,0,,0,0,0,,,0,
20,17559,23,MCH1,000000000420000219                      PFS0315,,,0,,0,0,0,,,0,
20,17560,23,MCH1,000000000420000219                      PFS0315R,,,0,,0,0,0,,,0,
20,17561,23,MCH1,000000000420000219                      PFS0316,,,0,,0,0,0,,,0,
20,17562,23,MCH1,000000000420000219                      PFS0316R,,,0,,0,0,0,,,0,
20,17657,23,MCH1,000000000420030079                      109214A,,,0,,0,0,0,,,0,
20,17658,23,MCH1,000000000420030079                      109215A,,,0,,0,0,0,,,0,
20,17659,23,MCH1,000000000420030079                      109216A,,,0,,0,0,0,,,0,
20,17660,23,MCH1,000000000420030080                      109221A,,,0,,0,0,0,,,0,
20,17661,23,MCH1,000000000420030080                      109222A,,,0,,0,0,0,,,0,
20,17662,23,MCH1,000000000420030080                      109223A,,,0,,0,0,0,,,0,
20,17663,23,MCH1,000000000420030080                      109224A,,,0,,0,0,0,,,0,
20,17664,23,MCH1,000000000420030020                      O31123,,,0,,0,0,0,,,0,
20,17665,23,MCH1,000000000420030045                      V30712,,,0,,0,0,0,,,0,
20,17666,23,MCH1,000000000420030045                      V30713,,,0,,0,0,0,,,0,
20,17667,23,MCH1,000000000420030092                      M30606,,,0,,0,0,0,,,0,
20,17668,23,MCH1,000000000420030092                      M30708,,,0,,0,0,0,,,0,
20,17669,23,MCH1,000000000420030092                      M30709,,,0,,0,0,0,,,0,
20,17670,23,MCH1,000000000420030002                      CU40412,,,0,,0,0,0,,,0,
20,17671,23,MCH1,000000000420030002                      CU40413,,,0,,0,0,0,,,0,
20,18068,23,MCH1,000000000420030012                      MM40510,,,0,,0,0,0,,,0,
20,18069,23,MCH1,000000000420030012                      MM40511,,,0,,0,0,0,,,0,
20,18070,23,MCH1,000000000420030012                      MM40712,,,0,,0,0,0,,,0,
20,18071,23,MCH1,000000000420030012                      MM40713,,,0,,0,0,0,,,0,
20,18072,23,MCH1,000000000420030013                      MM30603,,,0,,0,0,0,,,0,
20,18073,23,MCH1,000000000420030013                      MM30904,,,0,,0,0,0,,,0,
20,18074,23,MCH1,000000000420030013                      MM31005,,,0,,0,0,0,,,0,
20,18075,23,MCH1,000000000420030013                      MM31206,,,0,,0,0,0,,,0,
20,18076,23,MCH1,000000000420030013                      MM40101,,,0,,0,0,0,,,0,
20,18077,23,MCH1,000000000420030013                      MM40202,,,0,,0,0,0,,,0,
20,18078,23,MCH1,000000000420030013                      MM40203,,,0,,0,0,0,,,0,
20,18079,23,MCH1,000000000420030013                      MM40204,,,0,,0,0,0,,,0,
20,18080,23,MCH1,000000000420030013                      MM40205,,,0,,0,0,0,,,0,
20,18081,23,MCH1,000000000420030013                      MM40506,,,0,,0,0,0,,,0,
20,18082,23,MCH1,000000000420030013                      MM40507,,,0,,0,0,0,,,0,
20,18083,23,MCH1,000000000420030013                      MM40508,,,0,,0,0,0,,,0,
20,18084,23,MCH1,000000000420030013                      MM40509,,,0,,0,0,0,,,0,
20,18085,23,MCH1,000000000420030014                      MM30603,,,0,,0,0,0,,,0,
20,18086,23,MCH1,000000000420030014                      MM30904,,,0,,0,0,0,,,0,
20,18087,23,MCH1,000000000420030014                      MM31205,,,0,,0,0,0,,,0,
20,18088,23,MCH1,000000000420030014                      MM40201,,,0,,0,0,0,,,0,
20,18089,23,MCH1,000000000420030014                      MM40402,,,0,,0,0,0,,,0,
20,18090,23,MCH1,000000000420030014                      MM40603,,,0,,0,0,0,,,0,
20,18091,23,MCH1,000000000420030014                      MM40704,,,0,,0,0,0,,,0,
20,18092,23,MCH1,000000000420030007                      MM30405,,,0,,0,0,0,,,0,
20,18093,23,MCH1,000000000420030007                      MM30408,,,0,,0,0,0,,,0,
20,18094,23,MCH1,000000000420030007                      MM30613,,,0,,0,0,0,,,0,
20,18095,23,MCH1,000000000420030007                      MM30614,,,0,,0,0,0,,,0,
20,18096,23,MCH1,000000000420030007                      MM30615,,,0,,0,0,0,,,0,
20,18097,23,MCH1,000000000420030007                      MM30616,,,0,,0,0,0,,,0,
20,18098,23,MCH1,000000000420030007                      MM30717,,,0,,0,0,0,,,0,
20,18099,23,MCH1,000000000420030007                      MM30719,,,0,,0,0,0,,,0,
20,18100,23,MCH1,000000000420030007                      MM30720,,,0,,0,0,0,,,0,
20,18101,23,MCH1,000000000420030007                      MM30721,,,0,,0,0,0,,,0,
20,18102,23,MCH1,000000000420030007                      MM30722,,,0,,0,0,0,,,0,
20,18103,23,MCH1,000000000420030007                      MM30825,,,0,,0,0,0,,,0,
20,18104,23,MCH1,000000000420030007                      MM30826,,,0,,0,0,0,,,0,
20,18105,23,MCH1,000000000420030007                      MM30827,,,0,,0,0,0,,,0,
20,18106,23,MCH1,000000000420030007                      MM30828,,,0,,0,0,0,,,0,
20,18107,23,MCH1,000000000420030007                      MM30829,,,0,,0,0,0,,,0,
20,18108,23,MCH1,000000000420030007                      MM31030,,,0,,0,0,0,,,0,
20,18109,23,MCH1,000000000420030007                      MM31031,,,0,,0,0,0,,,0,
20,18110,23,MCH1,000000000420030007                      MM31032,,,0,,0,0,0,,,0,
20,18111,23,MCH1,000000000420030007                      MM31033,,,0,,0,0,0,,,0,
20,18112,23,MCH1,000000000420030007                      MM31236,,,0,,0,0,0,,,0,
20,18113,23,MCH1,000000000420030007                      MM31237,,,0,,0,0,0,,,0,
20,18114,23,MCH1,000000000420030007                      MM31238,,,0,,0,0,0,,,0,
20,18115,23,MCH1,000000000420030007                      MM31239,,,0,,0,0,0,,,0,
20,18116,23,MCH1,000000000420030007                      MM31240,,,0,,0,0,0,,,0,
20,18117,23,MCH1,000000000420030007                      MM31242,,,0,,0,0,0,,,0,
20,18118,23,MCH1,000000000420030007                      MM31243,,,0,,0,0,0,,,0,
20,18119,23,MCH1,000000000420030007                      MM31244,,,0,,0,0,0,,,0,
20,18120,23,MCH1,000000000420030007                      MM31245,,,0,,0,0,0,,,0,
20,18121,23,MCH1,000000000420030007                      MM40101,,,0,,0,0,0,,,0,
20,18122,23,MCH1,000000000420030007                      MM40102,,,0,,0,0,0,,,0,
20,18123,23,MCH1,000000000420030007                      MM40103,,,0,,0,0,0,,,0,
20,18124,23,MCH1,000000000420030007                      MM40105,,,0,,0,0,0,,,0,
20,18125,23,MCH1,000000000420030007                      MM40207,,,0,,0,0,0,,,0,
20,18126,23,MCH1,000000000420030007                      MM40208,,,0,,0,0,0,,,0,
20,18127,23,MCH1,000000000420030007                      MM40209,,,0,,0,0,0,,,0,
20,18128,23,MCH1,000000000420030007                      MM40211,,,0,,0,0,0,,,0,
20,18129,23,MCH1,000000000420030007                      MM40312,,,0,,0,0,0,,,0,
20,18130,23,MCH1,000000000420030007                      MM40313,,,0,,0,0,0,,,0,
20,18131,23,MCH1,000000000420030007                      MM40314,,,0,,0,0,0,,,0,
20,18132,23,MCH1,000000000420030007                      MM40315,,,0,,0,0,0,,,0,
20,18133,23,MCH1,000000000420030007                      MM40316,,,0,,0,0,0,,,0,
20,18134,23,MCH1,000000000420030007                      MM40317,,,0,,0,0,0,,,0,
20,18135,23,MCH1,000000000420030007                      MM40318,,,0,,0,0,0,,,0,
20,18136,23,MCH1,000000000420030007                      MM40319,,,0,,0,0,0,,,0,
20,18137,23,MCH1,000000000420030007                      MM40320,,,0,,0,0,0,,,0,
20,18138,23,MCH1,000000000420030007                      MM40423,,,0,,0,0,0,,,0,
20,18139,23,MCH1,000000000420030007                      MM40424,,,0,,0,0,0,,,0,
20,18140,23,MCH1,000000000420030007                      MM40425,,,0,,0,0,0,,,0,
20,18141,23,MCH1,000000000420030007                      MM40426,,,0,,0,0,0,,,0,
20,18142,23,MCH1,000000000420030007                      MM40427,,,0,,0,0,0,,,0,
20,18143,23,MCH1,000000000420030007                      MM40428,,,0,,0,0,0,,,0,
20,18144,23,MCH1,000000000420030007                      MM40429,,,0,,0,0,0,,,0,
20,18145,23,MCH1,000000000420030007                      MM40532,,,0,,0,0,0,,,0,
20,18146,23,MCH1,000000000420030007                      MM40533,,,0,,0,0,0,,,0,
20,18147,23,MCH1,000000000420030007                      MM40534,,,0,,0,0,0,,,0,
20,18148,23,MCH1,000000000420030007                      MM40535,,,0,,0,0,0,,,0,
20,18149,23,MCH1,000000000420030007                      MM40536,,,0,,0,0,0,,,0,
20,18150,23,MCH1,000000000420030007                      MM40537,,,0,,0,0,0,,,0,
20,18151,23,MCH1,000000000420030007                      MM40538,,,0,,0,0,0,,,0,
20,18152,23,MCH1,000000000420030007                      MM40740,,,0,,0,0,0,,,0,
20,18153,23,MCH1,000000000420030007                      MM40741,,,0,,0,0,0,,,0,
20,18154,23,MCH1,000000000420030007                      MM40742,,,0,,0,0,0,,,0,
20,18155,23,MCH1,000000000420030007                      MM40743,,,0,,0,0,0,,,0,
20,18156,23,MCH1,000000000420030007                      MM40744,,,0,,0,0,0,,,0,
20,18157,23,MCH1,000000000420030007                      MM40745,,,0,,0,0,0,,,0,
20,18158,23,MCH1,000000000420030007                      MM40746,,,0,,0,0,0,,,0,
20,18159,23,MCH1,000000000420030018                      MM30701,,,0,,0,0,0,,,0,
20,18160,23,MCH1,000000000420030018                      MM30702,,,0,,0,0,0,,,0,
20,18161,23,MCH1,000000000420030018                      MM30903,,,0,,0,0,0,,,0,
20,18162,23,MCH1,000000000420030018                      MM30904,,,0,,0,0,0,,,0,
20,18163,23,MCH1,000000000420030018                      MM30905,,,0,,0,0,0,,,0,
20,18164,23,MCH1,000000000420030018                      MM31007,,,0,,0,0,0,,,0,
20,18165,23,MCH1,000000000420030018                      MM31008,,,0,,0,0,0,,,0,
20,18166,23,MCH1,000000000420030018                      MM31009,,,0,,0,0,0,,,0,
20,18464,23,MCH1,000000000420030026                      SM40710,,,0,,0,0,0,,,0,
20,18465,23,MCH1,000000000420030051                      SM40101,,,0,,0,0,0,,,0,
20,18466,23,MCH1,000000000420030051                      SM40302,,,0,,0,0,0,,,0,
20,18467,23,MCH1,000000000420030051                      SM40303,,,0,,0,0,0,,,0,
20,18468,23,MCH1,000000000420030051                      SM40504,,,0,,0,0,0,,,0,
20,18469,23,MCH1,000000000420030051                      SM40605,,,0,,0,0,0,,,0,
20,18470,23,MCH1,000000000420030052                      SM40101,,,0,,0,0,0,,,0,
20,18471,23,MCH1,000000000420030052                      SM40502,,,0,,0,0,0,,,0,
20,18472,23,MCH1,000000000420030066                      SM40302,,,0,,0,0,0,,,0,
20,18473,23,MCH1,000000000420030071                      SG40703,,,0,,0,0,0,,,0,
20,18474,23,MCH1,000000000420030063                      MLL0201,,,0,,0,0,0,,,0,
20,18475,23,MCH1,000000000420030063                      MLL0202,,,0,,0,0,0,,,0,
20,18476,23,MCH1,000000000420030092                      MZO0201,,,0,,0,0,0,,,0,
20,18477,23,MCH1,000000000420030092                      MZO0203,,,0,,0,0,0,,,0,
20,18478,23,MCH1,000000000420030092                      M30707,,,0,,0,0,0,,,0,
20,18479,23,MCH1,000000000420030092                      M30710,,,0,,0,0,0,,,0,
20,18480,23,MCH1,000000000420030092                      M31011,,,0,,0,0,0,,,0,
20,18481,23,MCH1,000000000420030092                      M31212,,,0,,0,0,0,,,0,
20,18482,23,MCH1,000000000420030092                      M40301,,,0,,0,0,0,,,0,
20,18483,23,MCH1,000000000420030092                      M40302,,,0,,0,0,0,,,0,
20,18484,23,MCH1,000000000420030092                      M40503,,,0,,0,0,0,,,0,
20,18485,23,MCH1,000000000420030092                      M40504,,,0,,0,0,0,,,0,
20,18486,23,MCH1,000000000420030092                      M40705,,,0,,0,0,0,,,0,
20,18487,23,MCH1,000000000420030088                      MZL0201,,,0,,0,0,0,,,0,
20,18488,23,MCH1,000000000420030088                      MZL0205,,,0,,0,0,0,,,0,
20,18489,23,MCH1,000000000420030088                      H30702,,,0,,0,0,0,,,0,
20,18490,23,MCH1,000000000420030088                      M30702,,,0,,0,0,0,,,0,
20,18491,23,MCH1,000000000420030088                      M30803,,,0,,0,0,0,,,0,
20,18492,23,MCH1,000000000420030090                      MZH0201,,,0,,0,0,0,,,0,
20,18493,23,MCH1,000000000420030090                      M30702,,,0,,0,0,0,,,0,
20,18494,23,MCH1,000000000420030090                      M30803,,,0,,0,0,0,,,0,
20,18495,23,MCH1,000000000420030090                      M31004,,,0,,0,0,0,,,0,
20,18496,23,MCH1,000000000420030102                      M20904,,,0,,0,0,0,,,0,
20,18497,23,MCH1,000000000420030102                      M21110,,,0,,0,0,0,,,0,
20,18498,23,MCH1,000000000420030102                      M30101,,,0,,0,0,0,,,0,
20,18499,23,MCH1,000000000420030102                      M31003,,,0,,0,0,0,,,0,
20,18500,23,MCH1,000000000420030102                      M31004,,,0,,0,0,0,,,0,
20,18501,23,MCH1,000000000420030102                      M31205,,,0,,0,0,0,,,0,
20,18502,23,MCH1,000000000420030010                      TAH0205,,,0,,0,0,0,,,0,
20,18503,23,MCH1,000000000420030021                      V30708,,,0,,0,0,0,,,0,
20,18504,23,MCH1,000000000420030021                      V30709,,,0,,0,0,0,,,0,
20,18505,23,MCH1,000000000420030021                      V30710,,,0,,0,0,0,,,0,
20,18506,23,MCH1,000000000420030021                      V30815,,,0,,0,0,0,,,0,
20,18507,23,MCH1,000000000420030021                      V30816,,,0,,0,0,0,,,0,
20,18508,23,MCH1,000000000420030021                      V30817,,,0,,0,0,0,,,0,
20,18509,23,MCH1,000000000420030021                      V30819,,,0,,0,0,0,,,0,
20,18510,23,MCH1,000000000420030021                      V30820,,,0,,0,0,0,,,0,
20,18511,23,MCH1,000000000420030021                      V30821,,,0,,0,0,0,,,0,
20,18512,23,MCH1,000000000420030021                      V30822,,,0,,0,0,0,,,0,
20,18513,23,MCH1,000000000420030021                      V31123,,,0,,0,0,0,,,0,
20,18514,23,MCH1,000000000420030021                      V31125,,,0,,0,0,0,,,0,
20,18515,23,MCH1,000000000420030021                      V31226,,,0,,0,0,0,,,0,
20,18516,23,MCH1,000000000420030021                      V31227,,,0,,0,0,0,,,0,
20,18517,23,MCH1,000000000420030021                      V40101,,,0,,0,0,0,,,0,
20,18518,23,MCH1,000000000420030021                      V40102,,,0,,0,0,0,,,0,
20,18519,23,MCH1,000000000420030021                      V40203,,,0,,0,0,0,,,0,
20,18520,23,MCH1,000000000420030021                      V40204,,,0,,0,0,0,,,0,
20,18521,23,MCH1,000000000420030021                      V40205,,,0,,0,0,0,,,0,
20,18522,23,MCH1,000000000420030021                      V40306,,,0,,0,0,0,,,0,
20,18523,23,MCH1,000000000420030021                      V40307,,,0,,0,0,0,,,0,
20,18524,23,MCH1,000000000420030021                      V40410,,,0,,0,0,0,,,0,
20,18525,23,MCH1,000000000420030021                      V40512,,,0,,0,0,0,,,0,
20,18526,23,MCH1,000000000420030021                      V40415,,,0,,0,0,0,,,0,
20,18527,23,MCH1,000000000420030021                      V40514,,,0,,0,0,0,,,0,
20,18528,23,MCH1,000000000420030021                      V40515,,,0,,0,0,0,,,0,
20,18529,23,MCH1,000000000420030021                      V40616,,,0,,0,0,0,,,0,
20,18530,23,MCH1,000000000420030021                      V40617,,,0,,0,0,0,,,0,
20,18531,23,MCH1,000000000420030021                      V40618,,,0,,0,0,0,,,0,
20,18532,23,MCH1,000000000420030021                      V40619,,,0,,0,0,0,,,0,
20,18533,23,MCH1,000000000420030021                      V40720,,,0,,0,0,0,,,0,
20,18534,23,MCH1,000000000420030021                      V40721,,,0,,0,0,0,,,0,
20,18535,23,MCH1,000000000420030021                      V40822,,,0,,0,0,0,,,0,
20,18536,23,MCH1,000000000420030021                      V40823,,,0,,0,0,0,,,0,
20,18537,23,MCH1,000000000420030021                      V40824,,,0,,0,0,0,,,0,
20,18538,23,MCH1,000000000420030020                      O0523E,,,0,,0,0,0,,,0,
20,18539,23,MCH1,000000000420030020                      O0143G,,,0,,0,0,0,,,0,
20,18540,23,MCH1,000000000420030020                      O0153G,,,0,,0,0,0,,,0,
20,18541,23,MCH1,000000000420030020                      O0163G,,,0,,0,0,0,,,0,
20,18542,23,MCH1,000000000420030020                      O30813,,,0,,0,0,0,,,0,
20,18543,23,MCH1,000000000420030020                      O30814,,,0,,0,0,0,,,0,
20,18544,23,MCH1,000000000420030020                      O31019,,,0,,0,0,0,,,0,
20,18545,23,MCH1,000000000420030020                      O31020,,,0,,0,0,0,,,0,
20,18546,23,MCH1,000000000420030020                      O31021,,,0,,0,0,0,,,0,
20,18547,23,MCH1,000000000420030020                      O31225,,,0,,0,0,0,,,0,
20,18548,23,MCH1,000000000420030020                      O31226,,,0,,0,0,0,,,0,
20,18549,23,MCH1,000000000420030020                      O40101,,,0,,0,0,0,,,0,
20,18550,23,MCH1,000000000420030020                      O40102,,,0,,0,0,0,,,0,
20,18551,23,MCH1,000000000420030020                      O40103,,,0,,0,0,0,,,0,
20,18552,23,MCH1,000000000420030020                      O40204,,,0,,0,0,0,,,0,
20,18553,23,MCH1,000000000420030020                      O40205,,,0,,0,0,0,,,0,
20,18554,23,MCH1,000000000420030020                      O40206,,,0,,0,0,0,,,0,
20,18555,23,MCH1,000000000420030020                      O40208,,,0,,0,0,0,,,0,
20,18556,23,MCH1,000000000420030020                      O40209,,,0,,0,0,0,,,0,
20,18557,23,MCH1,000000000420030020                      O40310,,,0,,0,0,0,,,0,
20,18558,23,MCH1,000000000420030020                      O40413,,,0,,0,0,0,,,0,
20,18559,23,MCH1,000000000420030020                      O40414,,,0,,0,0,0,,,0,
20,18560,23,MCH1,000000000420030020                      O40415,,,0,,0,0,0,,,0,
20,18561,23,MCH1,000000000420030020                      O40416,,,0,,0,0,0,,,0,
20,18562,23,MCH1,000000000420030020                      O40417,,,0,,0,0,0,,,0,
20,20265,23,MCH1,000000000420000557                      KD30201,,,0,,0,0,0,,,0,
20,20266,23,MCH1,000000000420000557                      WTB0209,,,0,,0,0,0,,,0,
20,20267,23,MCH1,000000000420000557                      WTB0210,,,0,,0,0,0,,,0,
20,20268,23,MCH1,000000000420000558                      WTL0113,,,0,,0,0,0,,,0,
20,20269,23,MCH1,000000000420000558                      ATL013,,,0,,0,0,0,,,0,
20,20270,23,MCH1,000000000420000558                      ATL016,,,0,,0,0,0,,,0,
20,20271,23,MCH1,000000000420000558                      WTL0114,,,0,,0,0,0,,,0,
20,20272,23,MCH1,000000000420000558                      WTL0115,,,0,,0,0,0,,,0,
20,20273,23,MCH1,000000000420000558                      WTL0116,,,0,,0,0,0,,,0,
20,20274,23,MCH1,000000000420000558                      ATL017,,,0,,0,0,0,,,0,
20,20275,23,MCH1,000000000420000558                      WTL0201,,,0,,0,0,0,,,0,
20,20276,23,MCH1,000000000420000558                      WTL0203,,,0,,0,0,0,,,0,
20,20277,23,MCH1,000000000420000558                      WTL0204,,,0,,0,0,0,,,0,
20,20278,23,MCH1,000000000420000558                      WTL0205,,,0,,0,0,0,,,0,
20,20279,23,MCH1,000000000420000558                      WTL0206,,,0,,0,0,0,,,0,
20,20280,23,MCH1,000000000420000558                      WTL0207,,,0,,0,0,0,,,0,
20,20281,23,MCH1,000000000420000558                      WTL0208,,,0,,0,0,0,,,0,
20,20282,23,MCH1,000000000420000558                      WTL0209,,,0,,0,0,0,,,0,
20,20283,23,MCH1,000000000420000558                      WTL0210,,,0,,0,0,0,,,0,
20,20284,23,MCH1,000000000420000558                      WTL0211,,,0,,0,0,0,,,0,
20,20285,23,MCH1,000000000420000558                      WTL0214,,,0,,0,0,0,,,0,
20,20286,23,MCH1,000000000420000558                      WTL0215,,,0,,0,0,0,,,0,
20,20287,23,MCH1,000000000420000558                      WTL0216,,,0,,0,0,0,,,0,
20,20288,23,MCH1,000000000420000558                      WTL0217,,,0,,0,0,0,,,0,
20,20289,23,MCH1,000000000420000558                      WTL0218,,,0,,0,0,0,,,0,
20,20290,23,MCH1,000000000420000558                      WTL0219,,,0,,0,0,0,,,0,
20,20291,23,MCH1,000000000420000558                      WTL0220,,,0,,0,0,0,,,0,
20,20292,23,MCH1,000000000420000559                      WTM016,,,0,,0,0,0,,,0,
20,20293,23,MCH1,000000000420000559                      WTM017,,,0,,0,0,0,,,0,
20,20294,23,MCH1,000000000420000559                      ATM014,,,0,,0,0,0,,,0,
20,20295,23,MCH1,000000000420000559                      WTM018,,,0,,0,0,0,,,0,
20,20296,23,MCH1,000000000420000559                      WTM019,,,0,,0,0,0,,,0,
20,20297,23,MCH1,000000000420000559                      ATM015,,,0,,0,0,0,,,0,
20,20298,23,MCH1,000000000420000559                      WTM0201,,,0,,0,0,0,,,0,
20,20299,23,MCH1,000000000420000559                      WTM0202,,,0,,0,0,0,,,0,
20,20300,23,MCH1,000000000420000559                      WTM0203,,,0,,0,0,0,,,0,
20,20301,23,MCH1,000000000420000559                      WTM0204,,,0,,0,0,0,,,0,
20,20302,23,MCH1,000000000420000559                      WTM0206,,,0,,0,0,0,,,0,
20,20303,23,MCH1,000000000420000559                      WTM0207,,,0,,0,0,0,,,0,
20,20304,23,MCH1,000000000420000559                      WTM0208,,,0,,0,0,0,,,0,
20,20305,23,MCH1,000000000420000559                      WTM0209,,,0,,0,0,0,,,0,
20,20306,23,MCH1,000000000420000559                      WTM0210,,,0,,0,0,0,,,0,
20,20307,23,MCH1,000000000420000560                      NTM013,,,0,,0,0,0,,,0,
20,20308,23,MCH1,000000000420000560                      NTM0210,,,0,,0,0,0,,,0,
20,20309,23,MCH1,000000000420000560                      NTM017,,,0,,0,0,0,,,0,
20,20310,23,MCH1,000000000420000560                      NTM0202,,,0,,0,0,0,,,0,
20,20311,23,MCH1,000000000420000560                      NTM0203,,,0,,0,0,0,,,0,
20,20312,23,MCH1,000000000420000560                      NTM0205,,,0,,0,0,0,,,0,
20,20313,23,MCH1,000000000420000560                      NTM0206,,,0,,0,0,0,,,0,
20,20314,23,MCH1,000000000420000560                      NTM0207,,,0,,0,0,0,,,0,
20,20315,23,MCH1,000000000420000560                      NTM0209,,,0,,0,0,0,,,0,
20,20316,23,MCH1,000000000420000560                      NTM0211,,,0,,0,0,0,,,0,
20,20317,23,MCH1,000000000420000560                      NTM0303,,,0,,0,0,0,,,0,
20,20318,23,MCH1,000000000420000560                      NTM0304,,,0,,0,0,0,,,0,
20,20319,23,MCH1,000000000420000560                      NTM0305,,,0,,0,0,0,,,0,
20,20320,23,MCH1,000000000420000560                      NTM0306,,,0,,0,0,0,,,0,
20,20321,23,MCH1,000000000420000560                      NTM0309,,,0,,0,0,0,,,0,
20,20322,23,MCH1,000000000420000561                      NTH0204,,,0,,0,0,0,,,0,
20,20323,23,MCH1,000000000420000561                      NTH0205,,,0,,0,0,0,,,0,
20,20324,23,MCH1,000000000420000561                      NTH0207,,,0,,0,0,0,,,0,
20,20325,23,MCH1,000000000420000561                      NTH0208,,,0,,0,0,0,,,0,
20,20326,23,MCH1,000000000420000561                      NTH0301,,,0,,0,0,0,,,0,
20,20327,23,MCH1,000000000420000561                      NTH0302,,,0,,0,0,0,,,0,
20,20328,23,MCH1,000000000420000561                      NTH0303,,,0,,0,0,0,,,0,
20,20329,23,MCH1,000000000420000561                      NTH0304,,,0,,0,0,0,,,0,
20,20330,23,MCH1,000000000420030111                      OM40305,,,0,,0,0,0,,,0,
20,20331,23,MCH1,000000000420030111                      OM40508,,,0,,0,0,0,,,0,
20,20332,23,MCH1,000000000420030111                      OM40709,,,0,,0,0,0,,,0,
20,20333,23,MCH1,000000000420030113                      CU40801,,,0,,0,0,0,,,0,
20,20334,23,MCH1,000000000420000566                      RL021,,,0,,0,0,0,,,0,
20,20335,23,MCH1,000000000420000566                      RL022,,,0,,0,0,0,,,0,
20,20336,23,MCH1,000000000420000566                      OM21101,,,0,,0,0,0,,,0,
20,20337,23,MCH1,000000000420000566                      EN30301,,,0,,0,0,0,,,0,
20,20338,23,MCH1,000000000420000566                      OM30601,,,0,,0,0,0,,,0,
20,20339,23,MCH1,000000000420000566                      OM30902,,,0,,0,0,0,,,0,
20,20340,23,MCH1,000000000420000567                      WLI0017,,,0,,0,0,0,,,0,
20,20341,23,MCH1,000000000420000567                      WLI013,,,0,,0,0,0,,,0,
20,20342,23,MCH1,000000000420000567                      WLI017,,,0,,0,0,0,,,0,
20,20343,23,MCH1,000000000420000567                      WLI0110,,,0,,0,0,0,,,0,
20,20344,23,MCH1,000000000420000567                      WLI0111,,,0,,0,0,0,,,0,
20,20345,23,MCH1,000000000420000567                      WLI019,,,0,,0,0,0,,,0,
20,20346,23,MCH1,000000000420000567                      WLI0112,,,0,,0,0,0,,,0,
20,20347,23,MCH1,000000000420000567                      WLI0201,,,0,,0,0,0,,,0,
20,20348,23,MCH1,000000000420000567                      WLI0202,,,0,,0,0,0,,,0,
20,20349,23,MCH1,000000000420000567                      WLI0203,,,0,,0,0,0,,,0,
20,20350,23,MCH1,000000000420000567                      WLI0204,,,0,,0,0,0,,,0,
20,20351,23,MCH1,000000000420000567                      WLI0205,,,0,,0,0,0,,,0,
20,20352,23,MCH1,000000000420000567                      WLI0207,,,0,,0,0,0,,,0,
20,20353,23,MCH1,000000000420000567                      WLI0208,,,0,,0,0,0,,,0,
20,20354,23,MCH1,000000000420000567                      WLI0209,,,0,,0,0,0,,,0,
20,20355,23,MCH1,000000000420000567                      WLI0211,,,0,,0,0,0,,,0,
20,20356,23,MCH1,000000000420000567                      WLI0212,,,0,,0,0,0,,,0,
20,20357,23,MCH1,000000000420000567                      WLI0213,,,0,,0,0,0,,,0,
20,20358,23,MCH1,000000000420000567                      SP30101,,,0,,0,0,0,,,0,
20,20359,23,MCH1,000000000420000567                      SP30102,,,0,,0,0,0,,,0,
20,20360,23,MCH1,000000000420000567                      SP30203,,,0,,0,0,0,,,0,
20,20361,23,MCH1,000000000420000567                      SP30204,,,0,,0,0,0,,,0,
20,20362,23,MCH1,000000000420000567                      SP30505,,,0,,0,0,0,,,0,
20,20363,23,MCH1,000000000420000567                      SP30506,,,0,,0,0,0,,,0,
20,20760,23,MCH1,000000000420000586                      M30603,,,0,,0,0,0,,,0,
20,20761,23,MCH1,000000000420000586                      M30604,,,0,,0,0,0,,,0,
20,20762,23,MCH1,000000000420000586                      M30605,,,0,,0,0,0,,,0,
20,20763,23,MCH1,000000000420000586                      M30606,,,0,,0,0,0,,,0,
20,20764,23,MCH1,000000000420000588                      MZL0201,,,0,,0,0,0,,,0,
20,20765,23,MCH1,000000000420000588                      MZL0203,,,0,,0,0,0,,,0,
20,20766,23,MCH1,000000000420000588                      MZL0205,,,0,,0,0,0,,,0,
20,20767,23,MCH1,000000000420000588                      M30601,,,0,,0,0,0,,,0,
20,20768,23,MCH1,000000000420000589                      MZH0201,,,0,,0,0,0,,,0,
20,20769,23,MCH1,000000000420000589                      MZH0202,,,0,,0,0,0,,,0,
20,20770,23,MCH1,000000000420000589                      MZH0203,,,0,,0,0,0,,,0,
20,20771,23,MCH1,000000000420000589                      M30601,,,0,,0,0,0,,,0,
20,20772,23,MCH1,000000000420000542                      TAL0203,,,0,,0,0,0,,,0,
20,20773,23,MCH1,000000000420030110                      TAL0203,,,0,,0,0,0,,,0,
20,20774,23,MCH1,000000000420000543                      TAH0205,,,0,,0,0,0,,,0,
20,20775,23,MCH1,000000000420000545                      V30501,,,0,,0,0,0,,,0,
20,20776,23,MCH1,000000000420000545                      V30502,,,0,,0,0,0,,,0,
20,20777,23,MCH1,000000000420000545                      V30503,,,0,,0,0,0,,,0,
20,20778,23,MCH1,000000000420000545                      V30504,,,0,,0,0,0,,,0,
20,20779,23,MCH1,000000000420000545                      V30607,,,0,,0,0,0,,,0,
20,20780,23,MCH1,000000000420000545                      V30711,,,0,,0,0,0,,,0,
20,20781,23,MCH1,000000000420000545                      V30712,,,0,,0,0,0,,,0,
20,20782,23,MCH1,000000000420000545                      V30818,,,0,,0,0,0,,,0,
20,20783,23,MCH1,000000000420000545                      V31228,,,0,,0,0,0,,,0,
20,20784,23,MCH1,000000000420000545                      V40411,,,0,,0,0,0,,,0,
20,20785,23,MCH1,000000000420000546                      O0513E,,,0,,0,0,0,,,0,
20,20786,23,MCH1,000000000420000546                      O0523E,,,0,,0,0,0,,,0,
20,20787,23,MCH1,000000000420000546                      O0533E,,,0,,0,0,0,,,0,
20,20788,23,MCH1,000000000420000546                      O0543E,,,0,,0,0,0,,,0,
20,20789,23,MCH1,000000000420000546                      O0553E,,,0,,0,0,0,,,0,
20,20790,23,MCH1,000000000420000546                      O0563E,,,0,,0,0,0,,,0,
20,20791,23,MCH1,000000000420000546                      O0133G,,,0,,0,0,0,,,0,
20,20792,23,MCH1,000000000420000546                      O30813,,,0,,0,0,0,,,0,
20,20793,23,MCH1,000000000420000546                      O30815,,,0,,0,0,0,,,0,
20,20794,23,MCH1,000000000420000552                      V20801,,,0,,0,0,0,,,0,
20,20795,23,MCH1,000000000420000552                      V20902,,,0,,0,0,0,,,0,
20,20796,23,MCH1,000000000420000552                      V21203,,,0,,0,0,0,,,0,
20,20797,23,MCH1,000000000420000552                      V30301,,,0,,0,0,0,,,0,
20,20798,23,MCH1,000000000420000552                      V30602,,,0,,0,0,0,,,0,
20,20799,23,MCH1,000000000420000553                      V20801,,,0,,0,0,0,,,0,
20,20800,23,MCH1,000000000420000553                      V20802,,,0,,0,0,0,,,0,
20,20801,23,MCH1,000000000420000553                      V20804,,,0,,0,0,0,,,0,
20,20802,23,MCH1,000000000420000553                      V20805,,,0,,0,0,0,,,0,
20,20803,23,MCH1,000000000420000553                      V20806,,,0,,0,0,0,,,0,
20,20804,23,MCH1,000000000420000553                      V20807,,,0,,0,0,0,,,0,
20,20805,23,MCH1,000000000420000553                      V20808,,,0,,0,0,0,,,0,
20,20806,23,MCH1,000000000420000553                      V21012,,,0,,0,0,0,,,0,
20,20807,23,MCH1,000000000420000553                      V21113,,,0,,0,0,0,,,0,
20,20808,23,MCH1,000000000420000553                      V21114,,,0,,0,0,0,,,0,
20,20809,23,MCH1,000000000420000553                      V21115,,,0,,0,0,0,,,0,
20,20810,23,MCH1,000000000420000553                      V30201,,,0,,0,0,0,,,0,
20,20811,23,MCH1,000000000420000553                      V30202,,,0,,0,0,0,,,0,
20,20812,23,MCH1,000000000420000553                      V30403,,,0,,0,0,0,,,0,
20,20813,23,MCH1,000000000420000553                      V30404,,,0,,0,0,0,,,0,
20,20814,23,MCH1,000000000420000553                      V30305,,,0,,0,0,0,,,0,
20,20815,23,MCH1,000000000420000553                      V30306,,,0,,0,0,0,,,0,
20,20816,23,MCH1,000000000420000553                      V30505,,,0,,0,0,0,,,0,
20,20817,23,MCH1,000000000420000553                      V30506,,,0,,0,0,0,,,0,
20,20818,23,MCH1,000000000420000553                      V30507,,,0,,0,0,0,,,0,
20,20819,23,MCH1,000000000420000553                      V30610,,,0,,0,0,0,,,0,
20,20820,23,MCH1,000000000420000553                      V30611,,,0,,0,0,0,,,0,
20,20821,23,MCH1,000000000420000553                      V30612,,,0,,0,0,0,,,0,
20,20822,23,MCH1,000000000420000554                      V-20801,,,0,,0,0,0,,,0,
20,20823,23,MCH1,000000000420000554                      V21002,,,0,,0,0,0,,,0,
20,20824,23,MCH1,000000000420000554                      V21203,,,0,,0,0,0,,,0,
20,20825,23,MCH1,000000000420000554                      V21204,,,0,,0,0,0,,,0,
20,20826,23,MCH1,000000000420000554                      V30201,,,0,,0,0,0,,,0,
20,20827,23,MCH1,000000000420000554                      V30302,,,0,,0,0,0,,,0,
20,20828,23,MCH1,000000000420000562                      V21101,,,0,,0,0,0,,,0,
20,20829,23,MCH1,000000000420000562                      V21202,,,0,,0,0,0,,,0,
20,20830,23,MCH1,000000000420000562                      V30101,,,0,,0,0,0,,,0,
20,20831,23,MCH1,000000000420000562                      V30302,,,0,,0,0,0,,,0,
20,20832,23,MCH1,000000000420000562                      V30503,,,0,,0,0,0,,,0,
20,20833,23,MCH1,000000000420000562                      V30504,,,0,,0,0,0,,,0,
20,20834,23,MCH1,000000000420000562                      V30505,,,0,,0,0,0,,,0,
20,20835,23,MCH1,000000000420000562                      V30506,,,0,,0,0,0,,,0,
20,20836,23,MCH1,000000000420000562                      V30507,,,0,,0,0,0,,,0,
20,20837,23,MCH1,000000000420000562                      V30508,,,0,,0,0,0,,,0,
20,20838,23,MCH1,000000000420000562                      V30609,,,0,,0,0,0,,,0,
20,20839,23,MCH1,000000000420000582                      V40504,,,0,,0,0,0,,,0,
20,20840,23,MCH1,000000000420000585                      V30301,,,0,,0,0,0,,,0,
20,20841,23,MCH1,000000000420000585                      V30602,,,0,,0,0,0,,,0,
20,20842,23,MCH1,000000000420000587                      V30201,,,0,,0,0,0,,,0,
20,20843,23,MCH1,000000000420000587                      V30502,,,0,,0,0,0,,,0,
20,20844,23,MCH1,000000000420000590                      V21101,,,0,,0,0,0,,,0,
20,20845,23,MCH1,000000000420000590                      V21102,,,0,,0,0,0,,,0,
20,20846,23,MCH1,000000000420000590                      V21204,,,0,,0,0,0,,,0,
20,20847,23,MCH1,000000000420000590                      V30101,,,0,,0,0,0,,,0,
20,20848,23,MCH1,000000000420000590                      V30102,,,0,,0,0,0,,,0,
20,20849,23,MCH1,000000000420000590                      V30103,,,0,,0,0,0,,,0,
20,20850,23,MCH1,000000000420000590                      V30206,,,0,,0,0,0,,,0,
20,20851,23,MCH1,000000000420000590                      V30207,,,0,,0,0,0,,,0,
20,20852,23,MCH1,000000000420000590                      V30208,,,0,,0,0,0,,,0,
20,20853,23,MCH1,000000000420000590                      V30209,,,0,,0,0,0,,,0,
20,20854,23,MCH1,000000000420000590                      V30310,,,0,,0,0,0,,,0,
20,20855,23,MCH1,000000000420000590                      V30311,,,0,,0,0,0,,,0,
20,20856,23,MCH1,000000000420000591                      O0272K,,,0,,0,0,0,,,0,
20,20857,23,MCH1,000000000420000591                      O0292K,,,0,,0,0,0,,,0,
20,20858,23,MCH1,000000000420000591                      O0073A,,,0,,0,0,0,,,0,
20,21264,23,MCH1,000000000429990036                      LAA04001,,,0,,0,0,0,,,0,
20,21265,23,MCH1,000000000210000219                      LAA04001,,,0,,0,0,0,,,0,
20,21266,23,MCH1,000000000420000282                      LAA04001,,,0,,0,0,0,,,0,
20,21267,23,MCH1,000000000210000233                      LAA04001,,,0,,0,0,0,,,0,
20,21268,23,MCH1,000000000210000234                      LAA04001,,,0,,0,0,0,,,0,
20,21269,23,MCH1,000000000429990111                      LAA04001,,,0,,0,0,0,,,0,
20,21270,23,MCH1,000000000210000028                      LAA04001,,,0,,0,0,0,,,0,
20,21271,23,MCH1,000000000429990014                      LAA04001,,,0,,0,0,0,,,0,
20,21272,23,MCH1,000000000210000125                      LAA04001,,,0,,0,0,0,,,0,
20,21273,23,MCH1,000000000210000126                      LAA04001,,,0,,0,0,0,,,0,
20,21274,23,MCH1,000000000429990039                      LAA04001,,,0,,0,0,0,,,0,
20,21275,23,MCH1,000000000210000245                      LAA04001,,,0,,0,0,0,,,0,
20,21276,23,MCH1,000000000420000309                      LAA04001,,,0,,0,0,0,,,0,
20,21277,23,MCH1,000000000210000035                      LAB04001,,,0,,0,0,0,,,0,
20,21278,23,MCH1,000000000210000038                      LAB04001,,,0,,0,0,0,,,0,
20,21279,23,MCH1,000000000429990020                      LAB04001,,,0,,0,0,0,,,0,
20,21280,23,MCH1,000000000210000035                      LAB04002,,,0,,0,0,0,,,0,
20,21281,23,MCH1,000000000210000038                      LAB04002,,,0,,0,0,0,,,0,
20,21282,23,MCH1,000000000429990020                      LAB04002,,,0,,0,0,0,,,0,
20,21283,23,MCH1,000000000210000297                      LHA04001,,,0,,0,0,0,,,0,
20,21284,23,MCH1,000000000420000371                      LHA04001,,,0,,0,0,0,,,0,
20,21285,23,MCH1,000000000210000071                      LHA04001,,,0,,0,0,0,,,0,
20,21286,23,MCH1,000000000420000095                      LHA04001,,,0,,0,0,0,,,0,
20,21287,23,MCH1,000000000210000205                      LFA04001,,,0,,0,0,0,,,0,
20,21288,23,MCH1,000000000210000205                      LFA04002,,,0,,0,0,0,,,0,
20,21289,23,MCH1,000000000210000205                      LFA04003,,,0,,0,0,0,,,0,
20,21290,23,MCH1,000000000210000207                      LFA04001,,,0,,0,0,0,,,0,
20,21291,23,MCH1,000000000210000207                      LFA04002,,,0,,0,0,0,,,0,
20,21292,23,MCH1,000000000210000207                      LFA04003,,,0,,0,0,0,,,0,
20,21293,23,MCH1,000000000420000276                      LFA04001,,,0,,0,0,0,,,0,
20,21294,23,MCH1,000000000420000276                      LFA04002,,,0,,0,0,0,,,0,
20,21295,23,MCH1,000000000420000276                      LFA04003,,,0,,0,0,0,,,0,
20,21296,23,MCH1,000000000210000339                      01A04001,,,0,,0,0,0,,,0,
20,21297,23,MCH1,000000000210000340                      01A04001,,,0,,0,0,0,,,0,
20,21298,23,MCH1,000000000210000282                      LFA04001,,,0,,0,0,0,,,0,
20,21299,23,MCH1,000000000210000282                      LFA04002,,,0,,0,0,0,,,0,
20,21300,23,MCH1,000000000210000282                      LFA04003,,,0,,0,0,0,,,0,
20,21301,23,MCH1,000000000210000341                      01A04001,,,0,,0,0,0,,,0,
20,21302,23,MCH1,000000000210000289                      LFA04001,,,0,,0,0,0,,,0,
20,21303,23,MCH1,000000000210000289                      LFA04002,,,0,,0,0,0,,,0,
20,21304,23,MCH1,000000000210000342                      01A04001,,,0,,0,0,0,,,0,
20,21305,23,MCH1,000000000210000289                      LFA04003,,,0,,0,0,0,,,0,
20,21306,23,MCH1,000000000420000360                      LFA04001,,,0,,0,0,0,,,0,
20,21307,23,MCH1,000000000429990034                      01A04001,,,0,,0,0,0,,,0,
20,21308,23,MCH1,000000000429990152                      LFA04002,,,0,,0,0,0,,,0,
20,21309,23,MCH1,000000000429990152                      LFA04003,,,0,,0,0,0,,,0,
20,21310,23,MCH1,000000000210000291                      LFA04001,,,0,,0,0,0,,,0,
20,21311,23,MCH1,000000000210000334                      LGA04001,,,0,,0,0,0,,,0,
20,21312,23,MCH1,000000000420000316                      LGA04001,,,0,,0,0,0,,,0,
20,21313,23,MCH1,000000000210000269                      LGA04001,,,0,,0,0,0,,,0,
20,21314,23,MCH1,000000000210000343                      LGA04001,,,0,,0,0,0,,,0,
20,21315,23,MCH1,000000000420000342                      LGA04001,,,0,,0,0,0,,,0,
20,21316,23,MCH1,000000000210000269                      LGA04002,,,0,,0,0,0,,,0,
20,21317,23,MCH1,000000000210000343                      LGA04002,,,0,,0,0,0,,,0,
20,21318,23,MCH1,000000000420000342                      LGA04002,,,0,,0,0,0,,,0,
20,21319,23,MCH1,000000000210000300                      02A04001,,,0,,0,0,0,,,0,
20,21320,23,MCH1,000000000210000175                      LGA04001,,,0,,0,0,0,,,0,
20,21321,23,MCH1,000000000429990066                      LGA04001,,,0,,0,0,0,,,0,
20,21322,23,MCH1,000000000420000377                      02A04001,,,0,,0,0,0,,,0,
20,21323,23,MCH1,000000000210000309                      LGA04001,,,0,,0,0,0,,,0,
20,21324,23,MCH1,000000000420000399                      LGA04001,,,0,,0,0,0,,,0,
20,21325,23,MCH1,000000000210000210                      LGA04001,,,0,,0,0,0,,,0,
20,21326,23,MCH1,000000000420000274                      LGA04001,,,0,,0,0,0,,,0,
20,21327,23,MCH1,000000000210000246                      LGA04001,,,0,,0,0,0,,,0,
20,21328,23,MCH1,000000000420000302                      LGA04001,,,0,,0,0,0,,,0,
20,21329,23,MCH1,000000000210000171                      LAA04001,,,0,,0,0,0,,,0,
20,21330,23,MCH1,000000000429990059                      LAA04001,,,0,,0,0,0,,,0,
20,21331,23,MCH1,000000000210000164                      LAA04001,,,0,,0,0,0,,,0,
20,21332,23,MCH1,000000000429990053                      LAA04001,,,0,,0,0,0,,,0,
20,21333,23,MCH1,000000000210000167                      LAB04001,,,0,,0,0,0,,,0,
20,21334,23,MCH1,000000000429990054                      LBA04001,,,0,,0,0,0,,,0,
20,21335,23,MCH1,000000000210000168                      LAA04001,,,0,,0,0,0,,,0,
20,21336,23,MCH1,000000000429990056                      LAA04001,,,0,,0,0,0,,,0,
20,21337,23,MCH1,000000000420000244                      POA04001,,,0,,0,0,0,,,0,
20,21338,23,MCH1,000000000420000244                      POA04002,,,0,,0,0,0,,,0,
20,21339,23,MCH1,000000000420000244                      POA04003,,,0,,0,0,0,,,0,
20,21340,23,MCH1,000000000420000244                      POA04004,,,0,,0,0,0,,,0,
20,21341,23,MCH1,000000000420000244                      POA04005,,,0,,0,0,0,,,0,
20,21342,23,MCH1,000000000420000244                      POA04006,,,0,,0,0,0,,,0,
20,21343,23,MCH1,000000000420000244                      POA04007,,,0,,0,0,0,,,0,
20,21344,23,MCH1,000000000420000244                      POA04008,,,0,,0,0,0,,,0,
20,21345,23,MCH1,000000000420000244                      POA04009,,,0,,0,0,0,,,0,
20,21346,23,MCH1,000000000420000244                      POA04010,,,0,,0,0,0,,,0,
20,21347,23,MCH1,000000000420000244                      POA04011,,,0,,0,0,0,,,0,
20,21348,23,MCH1,000000000420000244                      POA04012,,,0,,0,0,0,,,0,
20,21349,23,MCH1,000000000420000244                      POA04013,,,0,,0,0,0,,,0,
20,21350,23,MCH1,000000000420000244                      POA04014,,,0,,0,0,0,,,0,
20,21351,23,MCH1,000000000420000244                      POA04015,,,0,,0,0,0,,,0,
20,21352,23,MCH1,000000000420000244                      POA04016,,,0,,0,0,0,,,0,
20,21353,23,MCH1,000000000420000244                      POA04017,,,0,,0,0,0,,,0,
20,21354,23,MCH1,000000000420000244                      POA04018,,,0,,0,0,0,,,0,
20,21355,23,MCH1,000000000420000244                      POA04019,,,0,,0,0,0,,,0,
20,21356,23,MCH1,000000000420000244                      POA04020,,,0,,0,0,0,,,0,
20,21357,23,MCH1,000000000420000244                      POA04021,,,0,,0,0,0,,,0,
20,21358,23,MCH1,000000000420000244                      POA04022,,,0,,0,0,0,,,0,
20,21359,23,MCH1,000000000420000244                      POA04023,,,0,,0,0,0,,,0,
20,21360,23,MCH1,000000000420000244                      POA04024,,,0,,0,0,0,,,0,
20,21361,23,MCH1,000000000420000244                      POA04025,,,0,,0,0,0,,,0,
20,21362,23,MCH1,000000000420000244                      POA04026,,,0,,0,0,0,,,0,
20,13519,23,MCH1,000000000420000134                      ICB0344,,,0,,0,0,0,,,0,
20,13520,23,MCH1,000000000420000134                      ICB0345,,,0,,0,0,0,,,0,
20,13521,23,MCH1,000000000420000134                      ICB0346,,,0,,0,0,0,,,0,
20,13522,23,MCH1,000000000420000134                      ICB0347,,,0,,0,0,0,,,0,
20,13523,23,MCH1,000000000420000134                      ICB0348,,,0,,0,0,0,,,0,
20,13524,23,MCH1,000000000420000134                      ICB0349,,,0,,0,0,0,,,0,
20,13525,23,MCH1,000000000420000134                      ICB0350,,,0,,0,0,0,,,0,
20,13526,23,MCH1,000000000420000134                      ICB040,,,0,,0,0,0,,,0,
20,13527,23,MCH1,000000000420000134                      ICB0401,,,0,,0,0,0,,,0,
20,13528,23,MCH1,000000000420000134                      ICB0402,,,0,,0,0,0,,,0,
20,13529,23,MCH1,000000000420000134                      ICB0403,,,0,,0,0,0,,,0,
20,13530,23,MCH1,000000000420000134                      ICB0404,,,0,,0,0,0,,,0,
20,13531,23,MCH1,000000000420000134                      ICB0405,,,0,,0,0,0,,,0,
20,13532,23,MCH1,000000000420000134                      ICB0406,,,0,,0,0,0,,,0,
20,13533,23,MCH1,000000000420000134                      ICB0407,,,0,,0,0,0,,,0,
20,13534,23,MCH1,000000000420000134                      ICB0408,,,0,,0,0,0,,,0,
20,13535,23,MCH1,000000000420000134                      ICB0409,,,0,,0,0,0,,,0,
20,13536,23,MCH1,000000000420000134                      SCB0201,,,0,,0,0,0,,,0,
20,13537,23,MCH1,000000000420000134                      SCB0202,,,0,,0,0,0,,,0,
20,13538,23,MCH1,000000000420000134                      SCB0203,,,0,,0,0,0,,,0,
20,13539,23,MCH1,000000000420000134                      SCB0204,,,0,,0,0,0,,,0,
20,13540,23,MCH1,000000000420000134                      SCB0205,,,0,,0,0,0,,,0,
20,13541,23,MCH1,000000000420000134                      SCB0206,,,0,,0,0,0,,,0,
20,13542,23,MCH1,000000000420000134                      SCB0207,,,0,,0,0,0,,,0,
20,13543,23,MCH1,000000000420000134                      SCB0208,,,0,,0,0,0,,,0,
20,13544,23,MCH1,000000000420000130                      CCF0011,,,0,,0,0,0,,,0,
20,13545,23,MCH1,000000000420000130                      CCF0012,,,0,,0,0,0,,,0,
20,13546,23,MCH1,000000000420000130                      CCF0027,,,0,,0,0,0,,,0,
20,13547,23,MCH1,000000000420000130                      CCF005,,,0,,0,0,0,,,0,
20,13548,23,MCH1,000000000420000130                      CCF0052,,,0,,0,0,0,,,0,
20,13549,23,MCH1,000000000420000130                      CCF0054,,,0,,0,0,0,,,0,
20,13550,23,MCH1,000000000420000130                      CCF011,,,0,,0,0,0,,,0,
20,13551,23,MCH1,000000000420000130                      CCF0110,,,0,,0,0,0,,,0,
20,13552,23,MCH1,000000000420000130                      CCF0111,,,0,,0,0,0,,,0,
20,13553,23,MCH1,000000000420000130                      CCF0112,,,0,,0,0,0,,,0,
20,13554,23,MCH1,000000000420000130                      CCF0113,,,0,,0,0,0,,,0,
20,13555,23,MCH1,000000000420000130                      CCF0114,,,0,,0,0,0,,,0,
20,13556,23,MCH1,000000000420000130                      CCF0115,,,0,,0,0,0,,,0,
20,13557,23,MCH1,000000000420000130                      CCF0117,,,0,,0,0,0,,,0,
20,13558,23,MCH1,000000000420000130                      CCF012,,,0,,0,0,0,,,0,
20,13559,23,MCH1,000000000420000130                      CCF0123,,,0,,0,0,0,,,0,
20,13560,23,MCH1,000000000420000130                      CCF0125,,,0,,0,0,0,,,0,
20,13561,23,MCH1,000000000420000130                      CCF0126,,,0,,0,0,0,,,0,
20,13562,23,MCH1,000000000420000130                      CCF0127,,,0,,0,0,0,,,0,
20,13563,23,MCH1,000000000420000130                      CCF0128,,,0,,0,0,0,,,0,
20,13564,23,MCH1,000000000420000130                      CCF0129,,,0,,0,0,0,,,0,
20,13565,23,MCH1,000000000420000130                      CCF013,,,0,,0,0,0,,,0,
20,13566,23,MCH1,000000000420000130                      CCF0130,,,0,,0,0,0,,,0,
20,13567,23,MCH1,000000000420000130                      CCF0131,,,0,,0,0,0,,,0,
20,13568,23,MCH1,000000000420000130                      CCF0136,,,0,,0,0,0,,,0,
20,13569,23,MCH1,000000000420000130                      CCF0137,,,0,,0,0,0,,,0,
20,13570,23,MCH1,000000000420000130                      CCF0138,,,0,,0,0,0,,,0,
20,13571,23,MCH1,000000000420000130                      CCF0139,,,0,,0,0,0,,,0,
20,13572,23,MCH1,000000000420000130                      CCF017,,,0,,0,0,0,,,0,
20,13573,23,MCH1,000000000420000130                      CCF018,,,0,,0,0,0,,,0,
20,13574,23,MCH1,000000000420000130                      CCF021,,,0,,0,0,0,,,0,
20,13575,23,MCH1,000000000420000130                      CCF0210,,,0,,0,0,0,,,0,
20,13576,23,MCH1,000000000420000130                      CCF0211,,,0,,0,0,0,,,0,
20,13577,23,MCH1,000000000420000130                      CCF0212,,,0,,0,0,0,,,0,
20,13578,23,MCH1,000000000420000130                      CCF0213,,,0,,0,0,0,,,0,
20,13579,23,MCH1,000000000420000130                      CCF0214,,,0,,0,0,0,,,0,
20,13580,23,MCH1,000000000420000130                      CCF0215,,,0,,0,0,0,,,0,
20,13581,23,MCH1,000000000420000130                      CCF0216,,,0,,0,0,0,,,0,
20,13582,23,MCH1,000000000420000130                      CCF0217,,,0,,0,0,0,,,0,
20,13583,23,MCH1,000000000420000130                      CCF0218,,,0,,0,0,0,,,0,
20,13584,23,MCH1,000000000420000130                      CCF0219,,,0,,0,0,0,,,0,
20,13585,23,MCH1,000000000420000130                      CCF022,,,0,,0,0,0,,,0,
20,13586,23,MCH1,000000000420000130                      CCF0220,,,0,,0,0,0,,,0,
20,13587,23,MCH1,000000000420000130                      CCF0221,,,0,,0,0,0,,,0,
20,13588,23,MCH1,000000000420000130                      CCF0222,,,0,,0,0,0,,,0,
20,13589,23,MCH1,000000000420000130                      CCF0225,,,0,,0,0,0,,,0,
20,13590,23,MCH1,000000000420000130                      CCF0226,,,0,,0,0,0,,,0,
20,13591,23,MCH1,000000000420000130                      CCF0227,,,0,,0,0,0,,,0,
20,13592,23,MCH1,000000000420000130                      CCF0228,,,0,,0,0,0,,,0,
20,13593,23,MCH1,000000000420000130                      CCF0229,,,0,,0,0,0,,,0,
20,13594,23,MCH1,000000000420000130                      CCF023,,,0,,0,0,0,,,0,
20,13595,23,MCH1,000000000420000130                      CCF0230,,,0,,0,0,0,,,0,
20,13596,23,MCH1,000000000420000130                      CCF0231,,,0,,0,0,0,,,0,
20,13597,23,MCH1,000000000420000130                      CCF0232,,,0,,0,0,0,,,0,
20,13598,23,MCH1,000000000420000130                      CCF0233,,,0,,0,0,0,,,0,
20,13599,23,MCH1,000000000420000130                      CCF0234,,,0,,0,0,0,,,0,
20,13600,23,MCH1,000000000420000130                      CCF0235,,,0,,0,0,0,,,0,
20,13601,23,MCH1,000000000420000130                      CCF0238,,,0,,0,0,0,,,0,
20,13602,23,MCH1,000000000420000130                      CCF0239,,,0,,0,0,0,,,0,
20,13603,23,MCH1,000000000420000130                      CCF0240,,,0,,0,0,0,,,0,
20,13604,23,MCH1,000000000420000130                      CCF0241,,,0,,0,0,0,,,0,
20,13605,23,MCH1,000000000420000130                      CCF0242,,,0,,0,0,0,,,0,
20,13606,23,MCH1,000000000420000130                      CCF0243,,,0,,0,0,0,,,0,
20,13607,23,MCH1,000000000420000130                      CCF0244,,,0,,0,0,0,,,0,
20,13608,23,MCH1,000000000420000130                      CCF0245,,,0,,0,0,0,,,0,
20,13609,23,MCH1,000000000420000130                      CCF0246,,,0,,0,0,0,,,0,
20,13610,23,MCH1,000000000420000130                      CCF0247,,,0,,0,0,0,,,0,
20,13611,23,MCH1,000000000420000130                      CCF0248,,,0,,0,0,0,,,0,
20,13612,23,MCH1,000000000420000130                      CCF0249,,,0,,0,0,0,,,0,
20,13613,23,MCH1,000000000420000130                      CCF0250,,,0,,0,0,0,,,0,
20,13614,23,MCH1,000000000420000130                      CCF0252,,,0,,0,0,0,,,0,
20,13615,23,MCH1,000000000420000130                      CCF0257,,,0,,0,0,0,,,0,
20,13616,23,MCH1,000000000420000130                      CCF0262,,,0,,0,0,0,,,0,
20,13617,23,MCH1,000000000420000130                      CCF0263,,,0,,0,0,0,,,0,
20,14113,23,MCH1,000000000420000262                      CLL019,,,0,,0,0,0,,,0,
20,14114,23,MCH1,000000000420000262                      CLL021,,,0,,0,0,0,,,0,
20,14115,23,MCH1,000000000420000262                      CLL022,,,0,,0,0,0,,,0,
20,14116,23,MCH1,000000000420000262                      CLL023,,,0,,0,0,0,,,0,
20,14117,23,MCH1,000000000420000262                      CLL024,,,0,,0,0,0,,,0,
20,14118,23,MCH1,000000000420000262                      CLL025,,,0,,0,0,0,,,0,
20,14119,23,MCH1,000000000420000262                      CLL026,,,0,,0,0,0,,,0,
20,14120,23,MCH1,000000000420000262                      CLL027,,,0,,0,0,0,,,0,
20,14121,23,MCH1,000000000420000262                      CLL0301,,,0,,0,0,0,,,0,
20,14122,23,MCH1,000000000420000262                      CLL0302,,,0,,0,0,0,,,0,
20,14123,23,MCH1,000000000420000262                      JLL0301,,,0,,0,0,0,,,0,
20,14124,23,MCH1,000000000420000262                      JLL0401,,,0,,0,0,0,,,0,
20,14125,23,MCH1,000000000420000262                      LL0301,,,0,,0,0,0,,,0,
20,14126,23,MCH1,000000000420000453                      HEM001,,,0,,0,0,0,,,0,
20,14127,23,MCH1,000000000420000453                      HEM002,,,0,,0,0,0,,,0,
20,14128,23,MCH1,000000000420000453                      HEM003,,,0,,0,0,0,,,0,
20,14129,23,MCH1,000000000420000453                      HEM004,,,0,,0,0,0,,,0,
20,14130,23,MCH1,000000000420000453                      HEM005,,,0,,0,0,0,,,0,
20,14131,23,MCH1,000000000420000453                      HEM006,,,0,,0,0,0,,,0,
20,14132,23,MCH1,000000000420000453                      HEM007,,,0,,0,0,0,,,0,
20,14133,23,MCH1,000000000420000453                      HEM008,,,0,,0,0,0,,,0,
20,14134,23,MCH1,000000000420000453                      HEM009,,,0,,0,0,0,,,0,
20,14135,23,MCH1,000000000420000453                      HEM010,,,0,,0,0,0,,,0,
20,14136,23,MCH1,000000000420000453                      HEM011,,,0,,0,0,0,,,0,
20,14137,23,MCH1,000000000420000453                      HEM-011,,,0,,0,0,0,,,0,
20,14138,23,MCH1,000000000420000453                      HEM0110,,,0,,0,0,0,,,0,
20,14139,23,MCH1,000000000420000453                      HEM0111,,,0,,0,0,0,,,0,
20,14140,23,MCH1,000000000420000453                      HEM0112,,,0,,0,0,0,,,0,
20,14141,23,MCH1,000000000420000453                      HEM0113,,,0,,0,0,0,,,0,
20,14142,23,MCH1,000000000420000453                      HEM0114,,,0,,0,0,0,,,0,
20,14143,23,MCH1,000000000420000453                      HEM0115,,,0,,0,0,0,,,0,
20,14144,23,MCH1,000000000420000453                      HEM0116,,,0,,0,0,0,,,0,
20,14145,23,MCH1,000000000420000453                      HEM0117,,,0,,0,0,0,,,0,
20,14146,23,MCH1,000000000420000453                      HEM0118,,,0,,0,0,0,,,0,
20,14147,23,MCH1,000000000420000453                      HEM0119,,,0,,0,0,0,,,0,
20,14148,23,MCH1,000000000420000453                      HEM012,,,0,,0,0,0,,,0,
20,14149,23,MCH1,000000000420000453                      HEM-012,,,0,,0,0,0,,,0,
20,14150,23,MCH1,000000000420000453                      HEM0120,,,0,,0,0,0,,,0,
20,14151,23,MCH1,000000000420000453                      HEM0121,,,0,,0,0,0,,,0,
20,14152,23,MCH1,000000000420000453                      HEM0122,,,0,,0,0,0,,,0,
20,14153,23,MCH1,000000000420000453                      HEM0123,,,0,,0,0,0,,,0,
20,14154,23,MCH1,000000000420000453                      HEM0124,,,0,,0,0,0,,,0,
20,14155,23,MCH1,000000000420000453                      HEM0125,,,0,,0,0,0,,,0,
20,14156,23,MCH1,000000000420000453                      HEM0126,,,0,,0,0,0,,,0,
20,14157,23,MCH1,000000000420000453                      HEM0127,,,0,,0,0,0,,,0,
20,14158,23,MCH1,000000000420000453                      HEM0128,,,0,,0,0,0,,,0,
20,14159,23,MCH1,000000000420000453                      HEM0129,,,0,,0,0,0,,,0,
20,14160,23,MCH1,000000000420000453                      HEM013,,,0,,0,0,0,,,0,
20,14161,23,MCH1,000000000420000453                      HEM-013,,,0,,0,0,0,,,0,
20,14162,23,MCH1,000000000420000453                      HEM0130,,,0,,0,0,0,,,0,
20,14163,23,MCH1,000000000420000453                      HEM0131,,,0,,0,0,0,,,0,
20,14164,23,MCH1,000000000420000453                      HEM0132,,,0,,0,0,0,,,0,
20,14165,23,MCH1,000000000420000453                      HEM0133,,,0,,0,0,0,,,0,
20,14166,23,MCH1,000000000420000453                      HEM0134,,,0,,0,0,0,,,0,
20,14167,23,MCH1,000000000420000453                      HEM0135,,,0,,0,0,0,,,0,
20,14168,23,MCH1,000000000420000453                      HEM014,,,0,,0,0,0,,,0,
20,14169,23,MCH1,000000000420000453                      HEM-014,,,0,,0,0,0,,,0,
20,14170,23,MCH1,000000000420000453                      HEM015,,,0,,0,0,0,,,0,
20,14171,23,MCH1,000000000420000453                      HEM-015,,,0,,0,0,0,,,0,
20,14172,23,MCH1,000000000420000453                      HEM016,,,0,,0,0,0,,,0,
20,14173,23,MCH1,000000000420000453                      HEM017,,,0,,0,0,0,,,0,
20,14174,23,MCH1,000000000420000453                      HEM018,,,0,,0,0,0,,,0,
20,14175,23,MCH1,000000000420000453                      HEM019,,,0,,0,0,0,,,0,
20,14176,23,MCH1,000000000420000453                      HEM0201,,,0,,0,0,0,,,0,
20,14177,23,MCH1,000000000420000453                      HEM0202,,,0,,0,0,0,,,0,
20,14178,23,MCH1,000000000420000453                      HEM0203,,,0,,0,0,0,,,0,
20,14179,23,MCH1,000000000420000453                      HEM0204,,,0,,0,0,0,,,0,
20,14180,23,MCH1,000000000420000453                      HEM0205,,,0,,0,0,0,,,0,
20,14181,23,MCH1,000000000420000453                      HEM0206,,,0,,0,0,0,,,0,
20,14182,23,MCH1,000000000420000453                      HEM0207,,,0,,0,0,0,,,0,
20,14183,23,MCH1,000000000420000453                      HEM0208,,,0,,0,0,0,,,0,
20,14184,23,MCH1,000000000420000453                      HEM0209,,,0,,0,0,0,,,0,
20,14185,23,MCH1,000000000420000453                      HEM0210,,,0,,0,0,0,,,0,
20,14186,23,MCH1,000000000420000453                      HEM0211,,,0,,0,0,0,,,0,
20,14187,23,MCH1,000000000420000453                      HEM0212,,,0,,0,0,0,,,0,
20,14188,23,MCH1,000000000420000453                      HEM0213,,,0,,0,0,0,,,0,
20,14189,23,MCH1,000000000420000453                      HEM0214,,,0,,0,0,0,,,0,
20,14190,23,MCH1,000000000420000453                      HEM0215,,,0,,0,0,0,,,0,
20,14191,23,MCH1,000000000420000453                      HEM0216,,,0,,0,0,0,,,0,
20,14192,23,MCH1,000000000420000453                      HEM0217,,,0,,0,0,0,,,0,
20,14193,23,MCH1,000000000420000453                      HEM0218,,,0,,0,0,0,,,0,
20,14194,23,MCH1,000000000420000453                      HEM0219,,,0,,0,0,0,,,0,
20,14195,23,MCH1,000000000420000453                      HEM0220,,,0,,0,0,0,,,0,
20,14196,23,MCH1,000000000420000453                      HEM0221,,,0,,0,0,0,,,0,
20,14197,23,MCH1,000000000420000453                      HEM0222,,,0,,0,0,0,,,0,
20,14198,23,MCH1,000000000420000453                      HEM0223,,,0,,0,0,0,,,0,
20,14199,23,MCH1,000000000420000453                      HEM0224,,,0,,0,0,0,,,0,
20,14200,23,MCH1,000000000420000453                      HEM0225,,,0,,0,0,0,,,0,
20,14201,23,MCH1,000000000420000453                      HEM0226,,,0,,0,0,0,,,0,
20,14202,23,MCH1,000000000420000453                      HEM0227,,,0,,0,0,0,,,0,
20,14203,23,MCH1,000000000420000453                      HEM0228,,,0,,0,0,0,,,0,
20,14204,23,MCH1,000000000420000453                      HEM0229,,,0,,0,0,0,,,0,
20,14205,23,MCH1,000000000420000453                      HEM0301,,,0,,0,0,0,,,0,
20,14206,23,MCH1,000000000420000453                      HEM0302,,,0,,0,0,0,,,0,
20,14207,23,MCH1,000000000420000453                      HEM0303,,,0,,0,0,0,,,0,
20,14208,23,MCH1,000000000420000453                      HEM0304,,,0,,0,0,0,,,0,
20,14209,23,MCH1,000000000420000453                      HEM0305,,,0,,0,0,0,,,0,
20,14210,23,MCH1,000000000420000453                      HEM0306,,,0,,0,0,0,,,0,
20,14211,23,MCH1,000000000420000453                      HEM0307,,,0,,0,0,0,,,0,
20,14707,23,MCH1,000000000420000292                      JZD0409,,,0,,0,0,0,,,0,
20,14708,23,MCH1,000000000420000292                      JZD0410,,,0,,0,0,0,,,0,
20,14709,23,MCH1,000000000420000292                      JZD0411,,,0,,0,0,0,,,0,
20,14710,23,MCH1,000000000420000292                      JZD0412,,,0,,0,0,0,,,0,
20,14711,23,MCH1,000000000420000292                      JZD0413,,,0,,0,0,0,,,0,
20,14712,23,MCH1,000000000420000292                      JZD0414,,,0,,0,0,0,,,0,
20,14713,23,MCH1,000000000420000292                      JZD0415,,,0,,0,0,0,,,0,
20,14714,23,MCH1,000000000420000292                      JZD0416,,,0,,0,0,0,,,0,
20,14715,23,MCH1,000000000420000292                      JZD0417,,,0,,0,0,0,,,0,
20,14716,23,MCH1,000000000420000292                      JZD0418,,,0,,0,0,0,,,0,
20,14717,23,MCH1,000000000420000292                      JZD0419,,,0,,0,0,0,,,0,
20,14718,23,MCH1,000000000420000292                      JZD0420,,,0,,0,0,0,,,0,
20,14719,23,MCH1,000000000420000292                      JZD0421,,,0,,0,0,0,,,0,
20,14720,23,MCH1,000000000420000292                      JZD0422,,,0,,0,0,0,,,0,
20,14721,23,MCH1,000000000420000292                      JZD0423,,,0,,0,0,0,,,0,
20,14722,23,MCH1,000000000420000292                      JZD0424,,,0,,0,0,0,,,0,
20,14723,23,MCH1,000000000420000292                      NZD005,,,0,,0,0,0,,,0,
20,14724,23,MCH1,000000000420000292                      NZD0110,,,0,,0,0,0,,,0,
20,14725,23,MCH1,000000000420000292                      NZD0111,,,0,,0,0,0,,,0,
20,14726,23,MCH1,000000000420000292                      NZD0112,,,0,,0,0,0,,,0,
20,14727,23,MCH1,000000000420000292                      NZD0113,,,0,,0,0,0,,,0,
20,14728,23,MCH1,000000000420000292                      NZD012,,,0,,0,0,0,,,0,
20,14729,23,MCH1,000000000420000292                      NZD013,,,0,,0,0,0,,,0,
20,14730,23,MCH1,000000000420000292                      NZD014,,,0,,0,0,0,,,0,
20,14731,23,MCH1,000000000420000292                      NZD015,,,0,,0,0,0,,,0,
20,14732,23,MCH1,000000000420000292                      NZD016,,,0,,0,0,0,,,0,
20,14733,23,MCH1,000000000420000292                      NZD017,,,0,,0,0,0,,,0,
20,14734,23,MCH1,000000000420000292                      NZD018,,,0,,0,0,0,,,0,
20,14735,23,MCH1,000000000420000292                      NZD019,,,0,,0,0,0,,,0,
20,14736,23,MCH1,000000000420000292                      NZD021,,,0,,0,0,0,,,0,
20,14737,23,MCH1,000000000420000292                      NZD0210,,,0,,0,0,0,,,0,
20,14738,23,MCH1,000000000420000292                      NZD0211,,,0,,0,0,0,,,0,
20,14739,23,MCH1,000000000420000292                      NZD0212,,,0,,0,0,0,,,0,
20,14740,23,MCH1,000000000420000292                      NZD0213,,,0,,0,0,0,,,0,
20,14741,23,MCH1,000000000420000292                      NZD0214,,,0,,0,0,0,,,0,
20,14742,23,MCH1,000000000420000292                      NZD022,,,0,,0,0,0,,,0,
20,14743,23,MCH1,000000000420000292                      NZD023,,,0,,0,0,0,,,0,
20,14744,23,MCH1,000000000420000292                      NZD024,,,0,,0,0,0,,,0,
20,14745,23,MCH1,000000000420000292                      NZD025,,,0,,0,0,0,,,0,
20,14746,23,MCH1,000000000420000292                      NZD026,,,0,,0,0,0,,,0,
20,14747,23,MCH1,000000000420000292                      NZD027,,,0,,0,0,0,,,0,
20,14748,23,MCH1,000000000420000292                      NZD028,,,0,,0,0,0,,,0,
20,14749,23,MCH1,000000000420000292                      NZD029,,,0,,0,0,0,,,0,
20,14750,23,MCH1,000000000420000292                      NZD0301,,,0,,0,0,0,,,0,
20,14751,23,MCH1,000000000420000292                      NZD0302,,,0,,0,0,0,,,0,
20,14752,23,MCH1,000000000420000292                      NZD0303,,,0,,0,0,0,,,0,
20,14753,23,MCH1,000000000420000292                      NZD0304,,,0,,0,0,0,,,0,
20,14754,23,MCH1,000000000420000292                      NZD0305,,,0,,0,0,0,,,0,
20,14755,23,MCH1,000000000420000292                      NZD0306,,,0,,0,0,0,,,0,
20,14756,23,MCH1,000000000420000292                      NZD0307,,,0,,0,0,0,,,0,
20,14757,23,MCH1,000000000420000479                      NRL0013,,,0,,0,0,0,,,0,
20,14758,23,MCH1,000000000420000479                      NRL0014,,,0,,0,0,0,,,0,
20,14759,23,MCH1,000000000420000479                      NRL0015,,,0,,0,0,0,,,0,
20,14760,23,MCH1,000000000420000479                      NRL0016,,,0,,0,0,0,,,0,
20,14761,23,MCH1,000000000420000479                      NRL0017,,,0,,0,0,0,,,0,
20,14762,23,MCH1,000000000420000479                      NRL0018,,,0,,0,0,0,,,0,
20,14763,23,MCH1,000000000420000479                      NRL0019,,,0,,0,0,0,,,0,
20,14764,23,MCH1,000000000420000479                      NRL0020,,,0,,0,0,0,,,0,
20,14765,23,MCH1,000000000420000479                      NRL0021,,,0,,0,0,0,,,0,
20,14766,23,MCH1,000000000420000479                      NRL0022,,,0,,0,0,0,,,0,
20,14767,23,MCH1,000000000420000479                      NRL0023,,,0,,0,0,0,,,0,
20,14768,23,MCH1,000000000420000479                      NRL0024,,,0,,0,0,0,,,0,
20,14769,23,MCH1,000000000420000479                      NRL0025,,,0,,0,0,0,,,0,
20,14770,23,MCH1,000000000420000479                      NRL0026,,,0,,0,0,0,,,0,
20,14771,23,MCH1,000000000420000479                      NRL0027,,,0,,0,0,0,,,0,
20,14772,23,MCH1,000000000420000480                      NRH0010,,,0,,0,0,0,,,0,
20,14773,23,MCH1,000000000420000480                      NRH0011,,,0,,0,0,0,,,0,
20,14774,23,MCH1,000000000420000480                      NRH0012,,,0,,0,0,0,,,0,
20,14775,23,MCH1,000000000420000480                      NRH0013,,,0,,0,0,0,,,0,
20,14776,23,MCH1,000000000420000480                      NRH0014,,,0,,0,0,0,,,0,
20,14777,23,MCH1,000000000420000480                      NRH0015,,,0,,0,0,0,,,0,
20,14778,23,MCH1,000000000420000480                      NRH004,,,0,,0,0,0,,,0,
20,14779,23,MCH1,000000000420000480                      NRH005,,,0,,0,0,0,,,0,
20,14780,23,MCH1,000000000420000480                      NRH006,,,0,,0,0,0,,,0,
20,14781,23,MCH1,000000000420000480                      NRH007,,,0,,0,0,0,,,0,
20,14782,23,MCH1,000000000420000480                      NRH008,,,0,,0,0,0,,,0,
20,14783,23,MCH1,000000000420000480                      NRH009,,,0,,0,0,0,,,0,
20,14784,23,MCH1,000000000420000480                      NRH024,,,0,,0,0,0,,,0,
20,14785,23,MCH1,000000000420000480                      NRH028,,,0,,0,0,0,,,0,
20,14786,23,MCH1,000000000420000288                      AJZL0301,,,0,,0,0,0,,,0,
20,14787,23,MCH1,000000000420000288                      AJZL0302,,,0,,0,0,0,,,0,
20,14788,23,MCH1,000000000420000288                      AJZL0401,,,0,,0,0,0,,,0,
20,14789,23,MCH1,000000000420000288                      AJZL0402,,,0,,0,0,0,,,0,
20,14790,23,MCH1,000000000420000288                      AJZL0403,,,0,,0,0,0,,,0,
20,14791,23,MCH1,000000000420000288                      AJZL0404,,,0,,0,0,0,,,0,
20,14792,23,MCH1,000000000420000288                      AJZL0405,,,0,,0,0,0,,,0,
20,14793,23,MCH1,000000000420000288                      AJZL0406,,,0,,0,0,0,,,0,
20,14794,23,MCH1,000000000420000288                      AJZL0407,,,0,,0,0,0,,,0,
20,14795,23,MCH1,000000000420000288                      AJZL0408,,,0,,0,0,0,,,0,
20,14796,23,MCH1,000000000420000288                      AJZL0409,,,0,,0,0,0,,,0,
20,14797,23,MCH1,000000000420000288                      AJZL0410,,,0,,0,0,0,,,0,
20,14798,23,MCH1,000000000420000288                      AJZL0411,,,0,,0,0,0,,,0,
20,14799,23,MCH1,000000000420000288                      AJZL0412,,,0,,0,0,0,,,0,
20,14800,23,MCH1,000000000420000288                      AJZL0413,,,0,,0,0,0,,,0,
20,14801,23,MCH1,000000000420000288                      NSL0301,,,0,,0,0,0,,,0,
20,14802,23,MCH1,000000000420000288                      NSL0302,,,0,,0,0,0,,,0,
20,14803,23,MCH1,000000000420000288                      NSL0303,,,0,,0,0,0,,,0,
20,14804,23,MCH1,000000000420000288                      NSL0304,,,0,,0,0,0,,,0,
20,14805,23,MCH1,000000000420000288                      NZL011,,,0,,0,0,0,,,0,
20,15301,23,MCH1,000000000420000488                      PPF067,,,0,,0,0,0,,,0,
20,15302,23,MCH1,000000000420000488                      PPF068,,,0,,0,0,0,,,0,
20,15303,23,MCH1,000000000420000488                      PPF069,,,0,,0,0,0,,,0,
20,15304,23,MCH1,000000000420000488                      PPF070,,,0,,0,0,0,,,0,
20,15305,23,MCH1,000000000420000488                      PPF071,,,0,,0,0,0,,,0,
20,15306,23,MCH1,000000000420000488                      PPF072,,,0,,0,0,0,,,0,
20,15307,23,MCH1,000000000420000488                      PPF073,,,0,,0,0,0,,,0,
20,15308,23,MCH1,000000000420000488                      PPF074,,,0,,0,0,0,,,0,
20,15309,23,MCH1,000000000420000488                      PPF075,,,0,,0,0,0,,,0,
20,15310,23,MCH1,000000000420000488                      PPF076,,,0,,0,0,0,,,0,
20,15311,23,MCH1,000000000420000522                      MZT0111,,,0,,0,0,0,,,0,
20,15312,23,MCH1,000000000420000522                      MZT0112,,,0,,0,0,0,,,0,
20,15313,23,MCH1,000000000420000522                      MZT0113,,,0,,0,0,0,,,0,
20,15314,23,MCH1,000000000420000522                      MZT012,,,0,,0,0,0,,,0,
20,15315,23,MCH1,000000000420000522                      MZT013,,,0,,0,0,0,,,0,
20,15316,23,MCH1,000000000420000522                      MZT014,,,0,,0,0,0,,,0,
20,15317,23,MCH1,000000000420000522                      MZT015,,,0,,0,0,0,,,0,
20,15318,23,MCH1,000000000420000522                      MZT016,,,0,,0,0,0,,,0,
20,15319,23,MCH1,000000000420000522                      MZT017,,,0,,0,0,0,,,0,
20,15320,23,MCH1,000000000420000522                      MZT018,,,0,,0,0,0,,,0,
20,15321,23,MCH1,000000000420000522                      MZT019,,,0,,0,0,0,,,0,
20,15322,23,MCH1,000000000420000522                      MZT021,,,0,,0,0,0,,,0,
20,15323,23,MCH1,000000000420000522                      MZT0210,,,0,,0,0,0,,,0,
20,15324,23,MCH1,000000000420000522                      MZT0211,,,0,,0,0,0,,,0,
20,15325,23,MCH1,000000000420000522                      MZT0213,,,0,,0,0,0,,,0,
20,15326,23,MCH1,000000000420000522                      MZT0214,,,0,,0,0,0,,,0,
20,15327,23,MCH1,000000000420000522                      MZT0215,,,0,,0,0,0,,,0,
20,15328,23,MCH1,000000000420000522                      MZT0216,,,0,,0,0,0,,,0,
20,15329,23,MCH1,000000000420000522                      MZT0217,,,0,,0,0,0,,,0,
20,15330,23,MCH1,000000000420000522                      MZT0218,,,0,,0,0,0,,,0,
20,15331,23,MCH1,000000000420000522                      MZT022,,,0,,0,0,0,,,0,
20,15332,23,MCH1,000000000420000522                      MZT023,,,0,,0,0,0,,,0,
20,15333,23,MCH1,000000000420000522                      MZT024,,,0,,0,0,0,,,0,
20,15334,23,MCH1,000000000420000522                      MZT025,,,0,,0,0,0,,,0,
20,15335,23,MCH1,000000000420000522                      MZT027,,,0,,0,0,0,,,0,
20,15336,23,MCH1,000000000420000522                      MZT028,,,0,,0,0,0,,,0,
20,15337,23,MCH1,000000000420000522                      MZT029,,,0,,0,0,0,,,0,
20,15338,23,MCH1,000000000420000522                      MZT0301,,,0,,0,0,0,,,0,
20,15339,23,MCH1,000000000420000522                      MZT0302,,,0,,0,0,0,,,0,
20,15340,23,MCH1,000000000420000522                      MZT0303,,,0,,0,0,0,,,0,
20,15341,23,MCH1,000000000420000522                      MZT0304,,,0,,0,0,0,,,0,
20,15342,23,MCH1,000000000420000522                      MZT0305,,,0,,0,0,0,,,0,
20,15343,23,MCH1,000000000420000522                      MZT0306,,,0,,0,0,0,,,0,
20,15344,23,MCH1,000000000420000522                      MZT0307,,,0,,0,0,0,,,0,
20,15345,23,MCH1,000000000420000522                      MZT0308,,,0,,0,0,0,,,0,
20,15346,23,MCH1,000000000420000522                      MZT0309,,,0,,0,0,0,,,0,
20,15347,23,MCH1,000000000420000522                      MZT0310,,,0,,0,0,0,,,0,
20,15348,23,MCH1,000000000420000522                      MZT0311,,,0,,0,0,0,,,0,
20,15349,23,MCH1,000000000420000522                      MZT0312,,,0,,0,0,0,,,0,
20,15350,23,MCH1,000000000420000522                      MZT0313,,,0,,0,0,0,,,0,
20,15351,23,MCH1,000000000420000522                      MZT0314,,,0,,0,0,0,,,0,
20,15352,23,MCH1,000000000420000522                      MZT047,,,0,,0,0,0,,,0,
20,15353,23,MCH1,000000000420000001                      JCBM0401,,,0,,0,0,0,,,0,
20,15354,23,MCH1,000000000420000001                      JCBM0402,,,0,,0,0,0,,,0,
20,15355,23,MCH1,000000000420000001                      JCBM0403,,,0,,0,0,0,,,0,
20,15356,23,MCH1,000000000420000001                      MAM001,,,0,,0,0,0,,,0,
20,15357,23,MCH1,000000000420000001                      MAM002,,,0,,0,0,0,,,0,
20,15358,23,MCH1,000000000420000001                      MAM003,,,0,,0,0,0,,,0,
20,15359,23,MCH1,000000000420000001                      MAM004,,,0,,0,0,0,,,0,
20,15360,23,MCH1,000000000420000001                      MAM0201,,,0,,0,0,0,,,0,
20,15361,23,MCH1,000000000420000001                      MAM0202,,,0,,0,0,0,,,0,
20,15362,23,MCH1,000000000420000001                      MAM0301,,,0,,0,0,0,,,0,
20,15363,23,MCH1,000000000420000001                      MAM0302,,,0,,0,0,0,,,0,
20,15364,23,MCH1,000000000420000420                      INH0201,,,0,,0,0,0,,,0,
20,15365,23,MCH1,000000000420000420                      INH0202,,,0,,0,0,0,,,0,
20,15366,23,MCH1,000000000420000420                      INH0203,,,0,,0,0,0,,,0,
20,15367,23,MCH1,000000000420000420                      INH0204,,,0,,0,0,0,,,0,
20,15368,23,MCH1,000000000420000421                      NBH021,,,0,,0,0,0,,,0,
20,15369,23,MCH1,000000000420000421                      NBH022,,,0,,0,0,0,,,0,
20,15370,23,MCH1,000000000420000421                      NBH023,,,0,,0,0,0,,,0,
20,15371,23,MCH1,000000000420000423                      NBL021,,,0,,0,0,0,,,0,
20,15372,23,MCH1,000000000420000423                      NBL022,,,0,,0,0,0,,,0,
20,15373,23,MCH1,000000000420000423                      NBL023,,,0,,0,0,0,,,0,
20,15374,23,MCH1,000000000420000423                      NBL024,,,0,,0,0,0,,,0,
20,15375,23,MCH1,000000000420000423                      NBL025,,,0,,0,0,0,,,0,
20,15376,23,MCH1,000000000420000323                      CPL011,,,0,,0,0,0,,,0,
20,15377,23,MCH1,000000000420000323                      CPL012,,,0,,0,0,0,,,0,
20,15378,23,MCH1,000000000420000323                      CPL013,,,0,,0,0,0,,,0,
20,15379,23,MCH1,000000000420000323                      CPL021,,,0,,0,0,0,,,0,
20,15380,23,MCH1,000000000420000323                      CPL022,,,0,,0,0,0,,,0,
20,15381,23,MCH1,000000000420000323                      CPL023,,,0,,0,0,0,,,0,
20,15382,23,MCH1,000000000420000323                      CPL024,,,0,,0,0,0,,,0,
20,15383,23,MCH1,000000000420000323                      CPL025,,,0,,0,0,0,,,0,
20,15384,23,MCH1,000000000420000323                      CPL026,,,0,,0,0,0,,,0,
20,15385,23,MCH1,000000000420000323                      CPL0301,,,0,,0,0,0,,,0,
20,15386,23,MCH1,000000000420000323                      CPL0302,,,0,,0,0,0,,,0,
20,15387,23,MCH1,000000000420000323                      CPL0303,,,0,,0,0,0,,,0,
20,15388,23,MCH1,000000000420000323                      CPL0304,,,0,,0,0,0,,,0,
20,15389,23,MCH1,000000000420000323                      CPL0305,,,0,,0,0,0,,,0,
20,15390,23,MCH1,000000000420000323                      JPL0301,,,0,,0,0,0,,,0,
20,15391,23,MCH1,000000000420000323                      JPL0401,,,0,,0,0,0,,,0,
20,15392,23,MCH1,000000000420000323                      JPL0402,,,0,,0,0,0,,,0,
20,15393,23,MCH1,000000000420000324                      CPH012,,,0,,0,0,0,,,0,
20,15394,23,MCH1,000000000420000324                      CPH013,,,0,,0,0,0,,,0,
20,15395,23,MCH1,000000000420000324                      CPH014,,,0,,0,0,0,,,0,
20,15396,23,MCH1,000000000420000324                      CPH021,,,0,,0,0,0,,,0,
20,15397,23,MCH1,000000000420000324                      CPH022,,,0,,0,0,0,,,0,
20,15398,23,MCH1,000000000420000324                      CPH023,,,0,,0,0,0,,,0,
20,15399,23,MCH1,000000000420000324                      CPH0301,,,0,,0,0,0,,,0,
20,16093,23,MCH1,000000000420000446                      IETN0207,,,0,,0,0,0,,,0,
20,16094,23,MCH1,000000000420000446                      IETN0208,,,0,,0,0,0,,,0,
20,16095,23,MCH1,000000000420000446                      IETN0209,,,0,,0,0,0,,,0,
20,16096,23,MCH1,000000000420000446                      IETN0210,,,0,,0,0,0,,,0,
20,16097,23,MCH1,000000000420000446                      IETN0211,,,0,,0,0,0,,,0,
20,16098,23,MCH1,000000000420000446                      IETN0212,,,0,,0,0,0,,,0,
20,16099,23,MCH1,000000000420000446                      IETN0213,,,0,,0,0,0,,,0,
20,16100,23,MCH1,000000000420000446                      IETN0214,,,0,,0,0,0,,,0,
20,16101,23,MCH1,000000000420000446                      IETN0215,,,0,,0,0,0,,,0,
20,16102,23,MCH1,000000000420000446                      IETN0216,,,0,,0,0,0,,,0,
20,16103,23,MCH1,000000000420000446                      IETN0217,,,0,,0,0,0,,,0,
20,16104,23,MCH1,000000000420000446                      IETN0218,,,0,,0,0,0,,,0,
20,16105,23,MCH1,000000000420000446                      IETN0219,,,0,,0,0,0,,,0,
20,16106,23,MCH1,000000000420000446                      IETN0220,,,0,,0,0,0,,,0,
20,16107,23,MCH1,000000000420000163                      IES0201,,,0,,0,0,0,,,0,
20,16108,23,MCH1,000000000420000163                      IES0202,,,0,,0,0,0,,,0,
20,16109,23,MCH1,000000000420000163                      IES0203,,,0,,0,0,0,,,0,
20,16110,23,MCH1,000000000420000163                      IES0204,,,0,,0,0,0,,,0,
20,16111,23,MCH1,000000000420000163                      IES0205,,,0,,0,0,0,,,0,
20,16112,23,MCH1,000000000420000163                      IES0206,,,0,,0,0,0,,,0,
20,16113,23,MCH1,000000000420000163                      IES0207,,,0,,0,0,0,,,0,
20,16114,23,MCH1,000000000420000163                      IES0208,,,0,,0,0,0,,,0,
20,16115,23,MCH1,000000000420000163                      IES0209,,,0,,0,0,0,,,0,
20,16116,23,MCH1,000000000420000163                      IES0210,,,0,,0,0,0,,,0,
20,16117,23,MCH1,000000000420000163                      IES207,,,0,,0,0,0,,,0,
20,16118,23,MCH1,000000000420000164                      IEH0201,,,0,,0,0,0,,,0,
20,16119,23,MCH1,000000000420000164                      IEH0202,,,0,,0,0,0,,,0,
20,16120,23,MCH1,000000000420000164                      IEH0203,,,0,,0,0,0,,,0,
20,16121,23,MCH1,000000000420000164                      IEH0204,,,0,,0,0,0,,,0,
20,16122,23,MCH1,000000000420000164                      IEH0205,,,0,,0,0,0,,,0,
20,16123,23,MCH1,000000000420000164                      IEH0206,,,0,,0,0,0,,,0,
20,16124,23,MCH1,000000000420000164                      IEH0207,,,0,,0,0,0,,,0,
20,16125,23,MCH1,000000000420000164                      IEH0208,,,0,,0,0,0,,,0,
20,16126,23,MCH1,000000000420000164                      IEH0209,,,0,,0,0,0,,,0,
20,16127,23,MCH1,000000000420000164                      IEH0210,,,0,,0,0,0,,,0,
20,16128,23,MCH1,000000000420000164                      IEH0211,,,0,,0,0,0,,,0,
20,16129,23,MCH1,000000000420000164                      IEH0212,,,0,,0,0,0,,,0,
20,16130,23,MCH1,000000000420000164                      IEH0213,,,0,,0,0,0,,,0,
20,16131,23,MCH1,000000000420000164                      IEH0214,,,0,,0,0,0,,,0,
20,16132,23,MCH1,000000000420000164                      IEH0215,,,0,,0,0,0,,,0,
20,16133,23,MCH1,000000000420000164                      IEH0216,,,0,,0,0,0,,,0,
20,16134,23,MCH1,000000000420000164                      IEH0217,,,0,,0,0,0,,,0,
20,16135,23,MCH1,000000000420000164                      IEH0218,,,0,,0,0,0,,,0,
20,16136,23,MCH1,000000000420000164                      IEH0219,,,0,,0,0,0,,,0,
20,16137,23,MCH1,000000000420000164                      IEH0220,,,0,,0,0,0,,,0,
20,16138,23,MCH1,000000000420000164                      IEH0221,,,0,,0,0,0,,,0,
20,16139,23,MCH1,000000000420000164                      IEH0222,,,0,,0,0,0,,,0,
20,16140,23,MCH1,000000000420000164                      IEH0224,,,0,,0,0,0,,,0,
20,16141,23,MCH1,000000000420000164                      IEH0225,,,0,,0,0,0,,,0,
20,16142,23,MCH1,000000000420000164                      IEH0226,,,0,,0,0,0,,,0,
20,16143,23,MCH1,000000000420000164                      IEH0227,,,0,,0,0,0,,,0,
20,16144,23,MCH1,000000000420000164                      IEH0228,,,0,,0,0,0,,,0,
20,16145,23,MCH1,000000000420000164                      IEH0301,,,0,,0,0,0,,,0,
20,16146,23,MCH1,000000000420000164                      IEH0302,,,0,,0,0,0,,,0,
20,16147,23,MCH1,000000000420000164                      IEH0303,,,0,,0,0,0,,,0,
20,16148,23,MCH1,000000000420000164                      IEH0304,,,0,,0,0,0,,,0,
20,16149,23,MCH1,000000000420000164                      IEH0305,,,0,,0,0,0,,,0,
20,16150,23,MCH1,000000000420000164                      IEH0306,,,0,,0,0,0,,,0,
20,16151,23,MCH1,000000000420000164                      IEH0307,,,0,,0,0,0,,,0,
20,16152,23,MCH1,000000000420000164                      IEH0308,,,0,,0,0,0,,,0,
20,16153,23,MCH1,000000000420000164                      IEH0309,,,0,,0,0,0,,,0,
20,16154,23,MCH1,000000000420000164                      IEH0310,,,0,,0,0,0,,,0,
20,16155,23,MCH1,000000000420000164                      IEH0311,,,0,,0,0,0,,,0,
20,16156,23,MCH1,000000000420000164                      IEH0312,,,0,,0,0,0,,,0,
20,16157,23,MCH1,000000000420000164                      IEH0313,,,0,,0,0,0,,,0,
20,16158,23,MCH1,000000000420000164                      IEH0314,,,0,,0,0,0,,,0,
20,16159,23,MCH1,000000000420000164                      IEH0315,,,0,,0,0,0,,,0,
20,16160,23,MCH1,000000000420000164                      IEH0316,,,0,,0,0,0,,,0,
20,16161,23,MCH1,000000000420000164                      IEH0317,,,0,,0,0,0,,,0,
20,16162,23,MCH1,000000000420000164                      IEH0318,,,0,,0,0,0,,,0,
20,16163,23,MCH1,000000000420000164                      IEH0319,,,0,,0,0,0,,,0,
20,16164,23,MCH1,000000000420000164                      IEH0320,,,0,,0,0,0,,,0,
20,16165,23,MCH1,000000000420000164                      IEH0321,,,0,,0,0,0,,,0,
20,16166,23,MCH1,000000000420000164                      IEH0401,,,0,,0,0,0,,,0,
20,16167,23,MCH1,000000000420000489                      XPS0201,,,0,,0,0,0,,,0,
20,16168,23,MCH1,000000000420000489                      XPS0202,,,0,,0,0,0,,,0,
20,16169,23,MCH1,000000000420000489                      XPS0203,,,0,,0,0,0,,,0,
20,16170,23,MCH1,000000000420000489                      XPS0204,,,0,,0,0,0,,,0,
20,16171,23,MCH1,000000000420000489                      XPS0205,,,0,,0,0,0,,,0,
20,16172,23,MCH1,000000000420000489                      XPS0206,,,0,,0,0,0,,,0,
20,16173,23,MCH1,000000000420000489                      XPS0207,,,0,,0,0,0,,,0,
20,16174,23,MCH1,000000000420000489                      XPS0208,,,0,,0,0,0,,,0,
20,16175,23,MCH1,000000000420000489                      XPS0209,,,0,,0,0,0,,,0,
20,16176,23,MCH1,000000000420000489                      XPS0210,,,0,,0,0,0,,,0,
20,16177,23,MCH1,000000000420000489                      XPS0211,,,0,,0,0,0,,,0,
20,16178,23,MCH1,000000000420000489                      XPS0212,,,0,,0,0,0,,,0,
20,16179,23,MCH1,000000000420000489                      XPS0213,,,0,,0,0,0,,,0,
20,16180,23,MCH1,000000000420000489                      XPS0214,,,0,,0,0,0,,,0,
20,16181,23,MCH1,000000000420000489                      XPS0215,,,0,,0,0,0,,,0,
20,16182,23,MCH1,000000000420000489                      XPS0216,,,0,,0,0,0,,,0,
20,16183,23,MCH1,000000000420000489                      XPS0221,,,0,,0,0,0,,,0,
20,16184,23,MCH1,000000000420000489                      XPS0222,,,0,,0,0,0,,,0,
20,16185,23,MCH1,000000000420000489                      XPS0223,,,0,,0,0,0,,,0,
20,16186,23,MCH1,000000000420000489                      XPS0224,,,0,,0,0,0,,,0,
20,16187,23,MCH1,000000000420000489                      XPS0225,,,0,,0,0,0,,,0,
20,16188,23,MCH1,000000000420000489                      XPS0226,,,0,,0,0,0,,,0,
20,16189,23,MCH1,000000000420000489                      XPS0227,,,0,,0,0,0,,,0,
20,16190,23,MCH1,000000000420000489                      XPS0228,,,0,,0,0,0,,,0,
20,16191,23,MCH1,000000000420000489                      XPS0229,,,0,,0,0,0,,,0,
20,16588,23,MCH1,000000000420000165                      IEB0302,,,0,,0,0,0,,,0,
20,16589,23,MCH1,000000000420000165                      IEB0303,,,0,,0,0,0,,,0,
20,16590,23,MCH1,000000000420000165                      IEB0304,,,0,,0,0,0,,,0,
20,16591,23,MCH1,000000000420000015                      JAS0301,,,0,,0,0,0,,,0,
20,16592,23,MCH1,000000000420000015                      JAS0401,,,0,,0,0,0,,,0,
20,16593,23,MCH1,000000000420000015                      JAS0402,,,0,,0,0,0,,,0,
20,16594,23,MCH1,000000000420000015                      JAS0403,,,0,,0,0,0,,,0,
20,16595,23,MCH1,000000000420000015                      NAS021,,,0,,0,0,0,,,0,
20,16596,23,MCH1,000000000420000015                      NAS022,,,0,,0,0,0,,,0,
20,16597,23,MCH1,000000000420000015                      NAS023,,,0,,0,0,0,,,0,
20,16598,23,MCH1,000000000420000015                      NAS024,,,0,,0,0,0,,,0,
20,16599,23,MCH1,000000000420000015                      NAS025,,,0,,0,0,0,,,0,
20,16600,23,MCH1,000000000420000015                      NAS026,,,0,,0,0,0,,,0,
20,16601,23,MCH1,000000000420000015                      RAS0301,,,0,,0,0,0,,,0,
20,16602,23,MCH1,000000000420000019                      JAM0301,,,0,,0,0,0,,,0,
20,16603,23,MCH1,000000000420000019                      JAM0302,,,0,,0,0,0,,,0,
20,16604,23,MCH1,000000000420000019                      JAM0303,,,0,,0,0,0,,,0,
20,16605,23,MCH1,000000000420000019                      JAM0304,,,0,,0,0,0,,,0,
20,16606,23,MCH1,000000000420000019                      JAM0305,,,0,,0,0,0,,,0,
20,16607,23,MCH1,000000000420000019                      JAM0306,,,0,,0,0,0,,,0,
20,16608,23,MCH1,000000000420000019                      JAM0401,,,0,,0,0,0,,,0,
20,16609,23,MCH1,000000000420000019                      JAM0402,,,0,,0,0,0,,,0,
20,16610,23,MCH1,000000000420000019                      JAM0403,,,0,,0,0,0,,,0,
20,16611,23,MCH1,000000000420000019                      JAM0404,,,0,,0,0,0,,,0,
20,16612,23,MCH1,000000000420000019                      JAM0405,,,0,,0,0,0,,,0,
20,16613,23,MCH1,000000000420000019                      JAM0406,,,0,,0,0,0,,,0,
20,16614,23,MCH1,000000000420000019                      JAM0407,,,0,,0,0,0,,,0,
20,16615,23,MCH1,000000000420000019                      JAM0408,,,0,,0,0,0,,,0,
20,16616,23,MCH1,000000000420000019                      JAM0409,,,0,,0,0,0,,,0,
20,16617,23,MCH1,000000000420000019                      JAM0410,,,0,,0,0,0,,,0,
20,16618,23,MCH1,000000000420000019                      JAM0411,,,0,,0,0,0,,,0,
20,16619,23,MCH1,000000000420000019                      JAM0412,,,0,,0,0,0,,,0,
20,16620,23,MCH1,000000000420000019                      JAM0413,,,0,,0,0,0,,,0,
20,16621,23,MCH1,000000000420000019                      JAM0414,,,0,,0,0,0,,,0,
20,16622,23,MCH1,000000000420000019                      JAM0415,,,0,,0,0,0,,,0,
20,16623,23,MCH1,000000000420000019                      JAM0416,,,0,,0,0,0,,,0,
20,16624,23,MCH1,000000000420000019                      JAM0417,,,0,,0,0,0,,,0,
20,16625,23,MCH1,000000000420000019                      JAM0418,,,0,,0,0,0,,,0,
20,16626,23,MCH1,000000000420000019                      JAM0419,,,0,,0,0,0,,,0,
20,16627,23,MCH1,000000000420000019                      JAM0420,,,0,,0,0,0,,,0,
20,16628,23,MCH1,000000000420000019                      JAM0421,,,0,,0,0,0,,,0,
20,16629,23,MCH1,000000000420000019                      JAM0422,,,0,,0,0,0,,,0,
20,16630,23,MCH1,000000000420000019                      JAM0423,,,0,,0,0,0,,,0,
20,16631,23,MCH1,000000000420000019                      JAM0424,,,0,,0,0,0,,,0,
20,16632,23,MCH1,000000000420000019                      JAM0425,,,0,,0,0,0,,,0,
20,16633,23,MCH1,000000000420000019                      JAM0426,,,0,,0,0,0,,,0,
20,16634,23,MCH1,000000000420000019                      JAM0428,,,0,,0,0,0,,,0,
20,16635,23,MCH1,000000000420000019                      JAM0429,,,0,,0,0,0,,,0,
20,16636,23,MCH1,000000000420000019                      NAM021,,,0,,0,0,0,,,0,
20,16637,23,MCH1,000000000420000019                      NAM022,,,0,,0,0,0,,,0,
20,16638,23,MCH1,000000000420000019                      NAM023,,,0,,0,0,0,,,0,
20,16639,23,MCH1,000000000420000019                      NAM024,,,0,,0,0,0,,,0,
20,16640,23,MCH1,000000000420000019                      NAM025,,,0,,0,0,0,,,0,
20,16641,23,MCH1,000000000420000019                      NAM0301,,,0,,0,0,0,,,0,
20,16642,23,MCH1,000000000420000019                      NAM0302,,,0,,0,0,0,,,0,
20,16643,23,MCH1,000000000420000019                      NAM0303,,,0,,0,0,0,,,0,
20,16644,23,MCH1,000000000420000019                      NAM0304,,,0,,0,0,0,,,0,
20,16645,23,MCH1,000000000420000019                      NAM0305,,,0,,0,0,0,,,0,
20,16646,23,MCH1,000000000420000019                      NAM0306,,,0,,0,0,0,,,0,
20,16647,23,MCH1,000000000420000019                      NAM0307,,,0,,0,0,0,,,0,
20,16648,23,MCH1,000000000420000019                      NAM0308,,,0,,0,0,0,,,0,
20,16649,23,MCH1,000000000420000019                      NAM0309,,,0,,0,0,0,,,0,
20,16650,23,MCH1,000000000420000019                      NAM0310,,,0,,0,0,0,,,0,
20,16651,23,MCH1,000000000420000019                      NAM0311,,,0,,0,0,0,,,0,
20,16652,23,MCH1,000000000420000019                      RAM0301,,,0,,0,0,0,,,0,
20,16653,23,MCH1,000000000420000019                      RAM0302,,,0,,0,0,0,,,0,
20,16654,23,MCH1,000000000420000019                      RAM0303,,,0,,0,0,0,,,0,
20,16655,23,MCH1,000000000420000019                      RAM0304,,,0,,0,0,0,,,0,
20,16656,23,MCH1,000000000420000019                      RAM0305,,,0,,0,0,0,,,0,
20,16657,23,MCH1,000000000420000019                      RAM0306,,,0,,0,0,0,,,0,
20,16658,23,MCH1,000000000420000019                      RAM0307,,,0,,0,0,0,,,0,
20,16659,23,MCH1,000000000420000019                      RAM0308,,,0,,0,0,0,,,0,
20,16660,23,MCH1,000000000420000019                      RAM0309,,,0,,0,0,0,,,0,
20,16661,23,MCH1,000000000420000019                      RAM0310,,,0,,0,0,0,,,0,
20,16662,23,MCH1,000000000420000019                      RAM0311,,,0,,0,0,0,,,0,
20,16663,23,MCH1,000000000420000217                      O0053G,,,0,,0,0,0,,,0,
20,16664,23,MCH1,000000000420000217                      O0492I,,,0,,0,0,0,,,0,
20,16665,23,MCH1,000000000420000021                      JAA0301,,,0,,0,0,0,,,0,
20,16666,23,MCH1,000000000420000021                      JAA0302,,,0,,0,0,0,,,0,
20,16667,23,MCH1,000000000420000021                      JAA0303,,,0,,0,0,0,,,0,
20,16668,23,MCH1,000000000420000021                      JAA0304,,,0,,0,0,0,,,0,
20,16669,23,MCH1,000000000420000021                      JAA0305,,,0,,0,0,0,,,0,
20,16670,23,MCH1,000000000420000021                      JAA0306,,,0,,0,0,0,,,0,
20,16671,23,MCH1,000000000420000021                      JAA0307,,,0,,0,0,0,,,0,
20,16672,23,MCH1,000000000420000021                      JAA0308,,,0,,0,0,0,,,0,
20,16673,23,MCH1,000000000420000021                      JAA0309,,,0,,0,0,0,,,0,
20,16674,23,MCH1,000000000420000021                      JAA0310,,,0,,0,0,0,,,0,
20,16675,23,MCH1,000000000420000021                      JAA0311,,,0,,0,0,0,,,0,
20,16676,23,MCH1,000000000420000021                      JAA0312,,,0,,0,0,0,,,0,
20,16677,23,MCH1,000000000420000021                      JAA0313,,,0,,0,0,0,,,0,
20,16678,23,MCH1,000000000420000021                      JAA0314,,,0,,0,0,0,,,0,
20,16679,23,MCH1,000000000420000021                      JAA0315,,,0,,0,0,0,,,0,
20,16680,23,MCH1,000000000420000021                      JAA0316,,,0,,0,0,0,,,0,
20,16681,23,MCH1,000000000420000021                      JAA0317,,,0,,0,0,0,,,0,
20,16682,23,MCH1,000000000420000021                      JAA0318,,,0,,0,0,0,,,0,
20,16683,23,MCH1,000000000420000021                      JAA0401,,,0,,0,0,0,,,0,
20,16684,23,MCH1,000000000420000021                      JAA0402,,,0,,0,0,0,,,0,
20,16685,23,MCH1,000000000420000021                      JAA0403,,,0,,0,0,0,,,0,
20,16686,23,MCH1,000000000420000021                      JAA0404,,,0,,0,0,0,,,0,
20,17182,23,MCH1,000000000420000026                      AJAH0305,,,0,,0,0,0,,,0,
20,17183,23,MCH1,000000000420000026                      NAH0301,,,0,,0,0,0,,,0,
20,17184,23,MCH1,000000000420000026                      NAH0302,,,0,,0,0,0,,,0,
20,17185,23,MCH1,000000000420000026                      NAH0304,,,0,,0,0,0,,,0,
20,17186,23,MCH1,000000000420000041                      JTL0301,,,0,,0,0,0,,,0,
20,17187,23,MCH1,000000000420000041                      JTL0302,,,0,,0,0,0,,,0,
20,17188,23,MCH1,000000000420000041                      JTL0302R,,,0,,0,0,0,,,0,
20,17189,23,MCH1,000000000420000041                      JTL0303,,,0,,0,0,0,,,0,
20,17190,23,MCH1,000000000420000041                      JTL0303R,,,0,,0,0,0,,,0,
20,17191,23,MCH1,000000000420000041                      JTL0304,,,0,,0,0,0,,,0,
20,17192,23,MCH1,000000000420000041                      JTL0304R,,,0,,0,0,0,,,0,
20,17193,23,MCH1,000000000420000041                      JTL0305,,,0,,0,0,0,,,0,
20,17194,23,MCH1,000000000420000041                      JTL0305R,,,0,,0,0,0,,,0,
20,17195,23,MCH1,000000000420000041                      JTL0306,,,0,,0,0,0,,,0,
20,17196,23,MCH1,000000000420000041                      JTL0306R,,,0,,0,0,0,,,0,
20,17197,23,MCH1,000000000420000041                      JTL0307,,,0,,0,0,0,,,0,
20,17198,23,MCH1,000000000420000041                      JTL0307R,,,0,,0,0,0,,,0,
20,17199,23,MCH1,000000000420000041                      JTL0308,,,0,,0,0,0,,,0,
20,17200,23,MCH1,000000000420000041                      JTL0308R,,,0,,0,0,0,,,0,
20,17201,23,MCH1,000000000420000041                      JTL0309,,,0,,0,0,0,,,0,
20,17202,23,MCH1,000000000420000041                      JTL0309R,,,0,,0,0,0,,,0,
20,17203,23,MCH1,000000000420000041                      JTL0310,,,0,,0,0,0,,,0,
20,17204,23,MCH1,000000000420000041                      JTL0310R,,,0,,0,0,0,,,0,
20,17205,23,MCH1,000000000420000041                      JTL0312,,,0,,0,0,0,,,0,
20,17206,23,MCH1,000000000420000041                      JTL0312R,,,0,,0,0,0,,,0,
20,17207,23,MCH1,000000000420000041                      JTL0313,,,0,,0,0,0,,,0,
20,17208,23,MCH1,000000000420000041                      JTL0313R,,,0,,0,0,0,,,0,
20,17209,23,MCH1,000000000420000041                      JTL0314,,,0,,0,0,0,,,0,
20,17210,23,MCH1,000000000420000041                      JTL0314R,,,0,,0,0,0,,,0,
20,17211,23,MCH1,000000000420000041                      JTL0315,,,0,,0,0,0,,,0,
20,17212,23,MCH1,000000000420000041                      JTL0315R,,,0,,0,0,0,,,0,
20,17213,23,MCH1,000000000420000041                      JTL0316,,,0,,0,0,0,,,0,
20,17214,23,MCH1,000000000420000041                      JTL0316R,,,0,,0,0,0,,,0,
20,17215,23,MCH1,000000000420000041                      JTL0317,,,0,,0,0,0,,,0,
20,17216,23,MCH1,000000000420000041                      JTL0317R,,,0,,0,0,0,,,0,
20,17217,23,MCH1,000000000420000041                      JTL0318,,,0,,0,0,0,,,0,
20,17218,23,MCH1,000000000420000041                      JTL0318R,,,0,,0,0,0,,,0,
20,17219,23,MCH1,000000000420000041                      JTL0319,,,0,,0,0,0,,,0,
20,17220,23,MCH1,000000000420000041                      JTL0319R,,,0,,0,0,0,,,0,
20,17221,23,MCH1,000000000420000041                      JTL0320,,,0,,0,0,0,,,0,
20,17222,23,MCH1,000000000420000041                      JTL0320R,,,0,,0,0,0,,,0,
20,17223,23,MCH1,000000000420000041                      JTL0322,,,0,,0,0,0,,,0,
20,17224,23,MCH1,000000000420000041                      JTL0322R,,,0,,0,0,0,,,0,
20,17225,23,MCH1,000000000420000042                      JMT0301,,,0,,0,0,0,,,0,
20,17226,23,MCH1,000000000420000042                      JTM0301,,,0,,0,0,0,,,0,
20,17227,23,MCH1,000000000420000042                      JTM0302,,,0,,0,0,0,,,0,
20,17228,23,MCH1,000000000420000042                      JTM0302R,,,0,,0,0,0,,,0,
20,17229,23,MCH1,000000000420000042                      JTM0303,,,0,,0,0,0,,,0,
20,17230,23,MCH1,000000000420000042                      JTM0304,,,0,,0,0,0,,,0,
20,17231,23,MCH1,000000000420000042                      JTM0305,,,0,,0,0,0,,,0,
20,17232,23,MCH1,000000000420000042                      JTM0306,,,0,,0,0,0,,,0,
20,17233,23,MCH1,000000000420000042                      JTM0306R,,,0,,0,0,0,,,0,
20,17234,23,MCH1,000000000420000042                      JTM0307,,,0,,0,0,0,,,0,
20,17235,23,MCH1,000000000420000042                      JTM0307R,,,0,,0,0,0,,,0,
20,17236,23,MCH1,000000000420000042                      JTM0309,,,0,,0,0,0,,,0,
20,17237,23,MCH1,000000000420000042                      JTM0309R,,,0,,0,0,0,,,0,
20,17238,23,MCH1,000000000420000042                      JTM0310,,,0,,0,0,0,,,0,
20,17239,23,MCH1,000000000420000042                      JTM0310R,,,0,,0,0,0,,,0,
20,17240,23,MCH1,000000000420000042                      JTM0311,,,0,,0,0,0,,,0,
20,17241,23,MCH1,000000000420000042                      JTM0311R,,,0,,0,0,0,,,0,
20,17242,23,MCH1,000000000420000042                      JTM0312,,,0,,0,0,0,,,0,
20,17243,23,MCH1,000000000420000042                      JTM0312R,,,0,,0,0,0,,,0,
20,17244,23,MCH1,000000000420000042                      JTM0313,,,0,,0,0,0,,,0,
20,17245,23,MCH1,000000000420000042                      JTM0313R,,,0,,0,0,0,,,0,
20,17246,23,MCH1,000000000420000042                      JTM0314,,,0,,0,0,0,,,0,
20,17247,23,MCH1,000000000420000042                      JTM0314R,,,0,,0,0,0,,,0,
20,17248,23,MCH1,000000000420000042                      JTM0315,,,0,,0,0,0,,,0,
20,17249,23,MCH1,000000000420000042                      JTM0315R,,,0,,0,0,0,,,0,
20,17250,23,MCH1,000000000420000042                      JTM0316,,,0,,0,0,0,,,0,
20,17251,23,MCH1,000000000420000042                      JTM0316R,,,0,,0,0,0,,,0,
20,17252,23,MCH1,000000000420000042                      JTM0317,,,0,,0,0,0,,,0,
20,17253,23,MCH1,000000000420000042                      JTM0317R,,,0,,0,0,0,,,0,
20,17254,23,MCH1,000000000420000042                      JTM0318,,,0,,0,0,0,,,0,
20,17255,23,MCH1,000000000420000042                      JTM0318R,,,0,,0,0,0,,,0,
20,17256,23,MCH1,000000000420000042                      JTM0319,,,0,,0,0,0,,,0,
20,17257,23,MCH1,000000000420000042                      JTM0319R,,,0,,0,0,0,,,0,
20,17258,23,MCH1,000000000420000042                      JTM0320,,,0,,0,0,0,,,0,
20,17259,23,MCH1,000000000420000042                      JTM0320R,,,0,,0,0,0,,,0,
20,17260,23,MCH1,000000000420000042                      JTM0321,,,0,,0,0,0,,,0,
20,17261,23,MCH1,000000000420000042                      JTM0321R,,,0,,0,0,0,,,0,
20,17262,23,MCH1,000000000420000042                      JTM0322,,,0,,0,0,0,,,0,
20,17263,23,MCH1,000000000420000042                      JTM0322R,,,0,,0,0,0,,,0,
20,17264,23,MCH1,000000000420000042                      JTM0323,,,0,,0,0,0,,,0,
20,17265,23,MCH1,000000000420000042                      JTM0323R,,,0,,0,0,0,,,0,
20,17266,23,MCH1,000000000420000043                      JTH0301,,,0,,0,0,0,,,0,
20,17267,23,MCH1,000000000420000043                      JTH0302,,,0,,0,0,0,,,0,
20,17268,23,MCH1,000000000420000043                      JTH0303,,,0,,0,0,0,,,0,
20,17269,23,MCH1,000000000420000486                      HP03001,,,0,,0,0,0,,,0,
20,17270,23,MCH1,000000000420000486                      HP03002,,,0,,0,0,0,,,0,
20,17271,23,MCH1,000000000420000353                      QRT0301,,,0,,0,0,0,,,0,
20,17272,23,MCH1,000000000420000353                      QRT0302,,,0,,0,0,0,,,0,
20,17273,23,MCH1,000000000420000353                      QRT0401,,,0,,0,0,0,,,0,
20,17274,23,MCH1,000000000420000353                      QRT0402,,,0,,0,0,0,,,0,
20,17275,23,MCH1,000000000420000353                      QRT0403,,,0,,0,0,0,,,0,
20,17276,23,MCH1,000000000420000353                      QRT0404,,,0,,0,0,0,,,0,
20,17277,23,MCH1,000000000420000242                      FEMU0305,,,0,,0,0,0,,,0,
20,17278,23,MCH1,000000000420000242                      FMEU0301,,,0,,0,0,0,,,0,
20,17279,23,MCH1,000000000420000242                      FMEU0302,,,0,,0,0,0,,,0,
20,17280,23,MCH1,000000000420000242                      FMEU0303,,,0,,0,0,0,,,0,
20,17771,23,MCH1,000000000420030047                      EZ40707,,,0,,0,0,0,,,0,
20,17772,23,MCH1,000000000420030070                      H30101,,,0,,0,0,0,,,0,
20,17773,23,MCH1,000000000420030070                      H30302,,,0,,0,0,0,,,0,
20,17774,23,MCH1,000000000420030070                      H40201,,,0,,0,0,0,,,0,
20,17775,23,MCH1,000000000420030070                      H40402,,,0,,0,0,0,,,0,
20,17776,23,MCH1,000000000420030071                      H21204,,,0,,0,0,0,,,0,
20,17777,23,MCH1,000000000420030071                      H40201,,,0,,0,0,0,,,0,
20,17778,23,MCH1,000000000420030071                      H40202,,,0,,0,0,0,,,0,
20,17779,23,MCH1,000000000420030071                      H40403,,,0,,0,0,0,,,0,
20,17780,23,MCH1,000000000420030071                      H40404,,,0,,0,0,0,,,0,
20,17781,23,MCH1,000000000420030076                      H30902,,,0,,0,0,0,,,0,
20,17782,23,MCH1,000000000420030076                      H40501,,,0,,0,0,0,,,0,
20,17783,23,MCH1,000000000420030077                      H30707,,,0,,0,0,0,,,0,
20,17784,23,MCH1,000000000420030077                      H30908,,,0,,0,0,0,,,0,
20,17785,23,MCH1,000000000420030077                      H31109,,,0,,0,0,0,,,0,
20,17786,23,MCH1,000000000420030077                      H31210,,,0,,0,0,0,,,0,
20,17787,23,MCH1,000000000420030077                      H40101,,,0,,0,0,0,,,0,
20,17788,23,MCH1,000000000420030077                      H40403,,,0,,0,0,0,,,0,
20,17789,23,MCH1,000000000420030077                      H40404,,,0,,0,0,0,,,0,
20,17790,23,MCH1,000000000420030077                      H40505,,,0,,0,0,0,,,0,
20,17791,23,MCH1,000000000420030077                      H40606,,,0,,0,0,0,,,0,
20,17792,23,MCH1,000000000420030078                      H40401,,,0,,0,0,0,,,0,
20,17793,23,MCH1,000000000420030078                      H40402,,,0,,0,0,0,,,0,
20,17794,23,MCH1,000000000420030078                      H40403,,,0,,0,0,0,,,0,
20,17795,23,MCH1,000000000420030078                      H40404,,,0,,0,0,0,,,0,
20,17796,23,MCH1,000000000420030078                      H40505,,,0,,0,0,0,,,0,
20,17797,23,MCH1,000000000420030078                      H40506,,,0,,0,0,0,,,0,
20,17798,23,MCH1,000000000420030078                      H40507,,,0,,0,0,0,,,0,
20,17799,23,MCH1,000000000420030079                      H30301,,,0,,0,0,0,,,0,
20,17800,23,MCH1,000000000420030079                      H30302,,,0,,0,0,0,,,0,
20,17801,23,MCH1,000000000420030079                      H30603,,,0,,0,0,0,,,0,
20,17802,23,MCH1,000000000420030079                      H30805,,,0,,0,0,0,,,0,
20,17803,23,MCH1,000000000420030079                      H30907,,,0,,0,0,0,,,0,
20,17804,23,MCH1,000000000420030079                      H31109,,,0,,0,0,0,,,0,
20,17805,23,MCH1,000000000420030079                      H31110,,,0,,0,0,0,,,0,
20,17806,23,MCH1,000000000420030079                      H40301,,,0,,0,0,0,,,0,
20,17807,23,MCH1,000000000420030079                      H40402,,,0,,0,0,0,,,0,
20,17808,23,MCH1,000000000420030079                      H40505,,,0,,0,0,0,,,0,
20,17809,23,MCH1,000000000420030079                      H40506,,,0,,0,0,0,,,0,
20,17810,23,MCH1,000000000420030080                      H30301,,,0,,0,0,0,,,0,
20,17811,23,MCH1,000000000420030080                      H30602,,,0,,0,0,0,,,0,
20,17812,23,MCH1,000000000420030080                      H30704,,,0,,0,0,0,,,0,
20,17813,23,MCH1,000000000420030080                      H30906,,,0,,0,0,0,,,0,
20,17814,23,MCH1,000000000420030080                      H31108,,,0,,0,0,0,,,0,
20,17815,23,MCH1,000000000420030080                      H40403,,,0,,0,0,0,,,0,
20,17816,23,MCH1,000000000420030080                      H40507,,,0,,0,0,0,,,0,
20,17817,23,MCH1,000000000420030085                      H21101,,,0,,0,0,0,,,0,
20,17818,23,MCH1,000000000420030085                      H30101,,,0,,0,0,0,,,0,
20,17819,23,MCH1,000000000420030085                      H30102,,,0,,0,0,0,,,0,
20,17820,23,MCH1,000000000420030085                      H30303,,,0,,0,0,0,,,0,
20,17821,23,MCH1,000000000420030085                      H40301,,,0,,0,0,0,,,0,
20,17822,23,MCH1,000000000420030085                      H40502,,,0,,0,0,0,,,0,
20,17823,23,MCH1,000000000420030085                      H40603,,,0,,0,0,0,,,0,
20,17824,23,MCH1,000000000420030086                      H21101,,,0,,0,0,0,,,0,
20,17825,23,MCH1,000000000420030086                      H30101,,,0,,0,0,0,,,0,
20,17826,23,MCH1,000000000420030086                      H30604,,,0,,0,0,0,,,0,
20,17827,23,MCH1,000000000420030086                      H30605,,,0,,0,0,0,,,0,
20,17828,23,MCH1,000000000420030086                      H30707,,,0,,0,0,0,,,0,
20,17829,23,MCH1,000000000420030086                      H30908,,,0,,0,0,0,,,0,
20,17830,23,MCH1,000000000420030086                      H31209,,,0,,0,0,0,,,0,
20,17831,23,MCH1,000000000420030086                      H31210,,,0,,0,0,0,,,0,
20,17832,23,MCH1,000000000420030086                      H31211,,,0,,0,0,0,,,0,
20,17833,23,MCH1,000000000420030086                      H40201,,,0,,0,0,0,,,0,
20,17834,23,MCH1,000000000420030086                      H40202,,,0,,0,0,0,,,0,
20,17835,23,MCH1,000000000420030086                      H40203,,,0,,0,0,0,,,0,
20,17836,23,MCH1,000000000420030086                      H40204,,,0,,0,0,0,,,0,
20,17837,23,MCH1,000000000420030086                      H40305,,,0,,0,0,0,,,0,
20,17838,23,MCH1,000000000420030086                      H40306,,,0,,0,0,0,,,0,
20,17839,23,MCH1,000000000420030086                      H40307,,,0,,0,0,0,,,0,
20,17840,23,MCH1,000000000420030086                      H40308,,,0,,0,0,0,,,0,
20,17841,23,MCH1,000000000420030086                      H40409,,,0,,0,0,0,,,0,
20,17842,23,MCH1,000000000420030086                      H40410,,,0,,0,0,0,,,0,
20,17843,23,MCH1,000000000420030086                      H40511,,,0,,0,0,0,,,0,
20,17844,23,MCH1,000000000420030086                      H40512,,,0,,0,0,0,,,0,
20,17845,23,MCH1,000000000420030087                      H40201,,,0,,0,0,0,,,0,
20,17846,23,MCH1,000000000420030087                      H40502,,,0,,0,0,0,,,0,
20,17847,23,MCH1,000000000420030087                      H40603,,,0,,0,0,0,,,0,
20,17848,23,MCH1,000000000420030087                      H40704,,,0,,0,0,0,,,0,
20,17849,23,MCH1,000000000420030087                      H40805,,,0,,0,0,0,,,0,
20,17850,23,MCH1,000000000420030030                      KD30834,,,0,,0,0,0,,,0,
20,17851,23,MCH1,000000000420030030                      KD30623,,,0,,0,0,0,,,0,
20,17852,23,MCH1,000000000420030030                      KD30724,,,0,,0,0,0,,,0,
20,17853,23,MCH1,000000000420030030                      KD30725,,,0,,0,0,0,,,0,
20,17854,23,MCH1,000000000420030030                      KD30726,,,0,,0,0,0,,,0,
20,17855,23,MCH1,000000000420030030                      KD30728,,,0,,0,0,0,,,0,
20,17856,23,MCH1,000000000420030030                      KD30829,,,0,,0,0,0,,,0,
20,17857,23,MCH1,000000000420030030                      KD30830,,,0,,0,0,0,,,0,
20,17858,23,MCH1,000000000420030030                      KD30831,,,0,,0,0,0,,,0,
20,17859,23,MCH1,000000000420030030                      KD30832,,,0,,0,0,0,,,0,
20,17860,23,MCH1,000000000420030030                      KD30833,,,0,,0,0,0,,,0,
20,17861,23,MCH1,000000000420030030                      KD30935,,,0,,0,0,0,,,0,
20,17862,23,MCH1,000000000420030030                      KD30936,,,0,,0,0,0,,,0,
20,17863,23,MCH1,000000000420030030                      KD30937,,,0,,0,0,0,,,0,
20,17864,23,MCH1,000000000420030030                      KD30938,,,0,,0,0,0,,,0,
20,17865,23,MCH1,000000000420030030                      KD31039,,,0,,0,0,0,,,0,
20,17866,23,MCH1,000000000420030030                      KD31040,,,0,,0,0,0,,,0,
20,17867,23,MCH1,000000000420030030                      KD31041,,,0,,0,0,0,,,0,
20,17868,23,MCH1,000000000420030030                      KD31042,,,0,,0,0,0,,,0,
20,17869,23,MCH1,000000000420030030                      KD31143,,,0,,0,0,0,,,0,
20,18365,23,MCH1,000000000420030022                      SM30731,,,0,,0,0,0,,,0,
20,18366,23,MCH1,000000000420030022                      SM30732,,,0,,0,0,0,,,0,
20,18367,23,MCH1,000000000420030022                      SM30733,,,0,,0,0,0,,,0,
20,18368,23,MCH1,000000000420030022                      SM30834,,,0,,0,0,0,,,0,
20,18369,23,MCH1,000000000420030022                      SM30835,,,0,,0,0,0,,,0,
20,18370,23,MCH1,000000000420030022                      SM30836,,,0,,0,0,0,,,0,
20,18371,23,MCH1,000000000420030022                      SM30937,,,0,,0,0,0,,,0,
20,18372,23,MCH1,000000000420030022                      SM30938,,,0,,0,0,0,,,0,
20,18373,23,MCH1,000000000420030022                      SM30939,,,0,,0,0,0,,,0,
20,18374,23,MCH1,000000000420030022                      SM31040,,,0,,0,0,0,,,0,
20,18375,23,MCH1,000000000420030022                      SM31041,,,0,,0,0,0,,,0,
20,18376,23,MCH1,000000000420030022                      SM31142,,,0,,0,0,0,,,0,
20,18377,23,MCH1,000000000420030022                      SM31143,,,0,,0,0,0,,,0,
20,18378,23,MCH1,000000000420030022                      SM31144,,,0,,0,0,0,,,0,
20,18379,23,MCH1,000000000420030022                      SM31246,,,0,,0,0,0,,,0,
20,18380,23,MCH1,000000000420030024                      SM30805,,,0,,0,0,0,,,0,
20,18381,23,MCH1,000000000420030024                      SM30906,,,0,,0,0,0,,,0,
20,18382,23,MCH1,000000000420030024                      SM31007,,,0,,0,0,0,,,0,
20,18383,23,MCH1,000000000420030025                      SM30607,,,0,,0,0,0,,,0,
20,18384,23,MCH1,000000000420030025                      SM30608,,,0,,0,0,0,,,0,
20,18385,23,MCH1,000000000420030025                      SM30609,,,0,,0,0,0,,,0,
20,18386,23,MCH1,000000000420030025                      SM30610,,,0,,0,0,0,,,0,
20,18387,23,MCH1,000000000420030025                      SM30712,,,0,,0,0,0,,,0,
20,18388,23,MCH1,000000000420030025                      SM30813,,,0,,0,0,0,,,0,
20,18389,23,MCH1,000000000420030025                      SM30814,,,0,,0,0,0,,,0,
20,18390,23,MCH1,000000000420030025                      SM30815,,,0,,0,0,0,,,0,
20,18391,23,MCH1,000000000420030025                      SM30916,,,0,,0,0,0,,,0,
20,18392,23,MCH1,000000000420030025                      SM30917,,,0,,0,0,0,,,0,
20,18393,23,MCH1,000000000420030025                      SM30918,,,0,,0,0,0,,,0,
20,18394,23,MCH1,000000000420030025                      SM30919,,,0,,0,0,0,,,0,
20,18395,23,MCH1,000000000420030025                      SM30920,,,0,,0,0,0,,,0,
20,18396,23,MCH1,000000000420030025                      SM31021,,,0,,0,0,0,,,0,
20,18397,23,MCH1,000000000420030025                      SM31022,,,0,,0,0,0,,,0,
20,18398,23,MCH1,000000000420030025                      SM31123,,,0,,0,0,0,,,0,
20,18399,23,MCH1,000000000420030025                      SM40612,,,0,,0,0,0,,,0,
20,18400,23,MCH1,000000000420030026                      SM30607,,,0,,0,0,0,,,0,
20,18401,23,MCH1,000000000420030026                      SM30809,,,0,,0,0,0,,,0,
20,18402,23,MCH1,000000000420030026                      SM30810,,,0,,0,0,0,,,0,
20,18403,23,MCH1,000000000420030026                      SM30811,,,0,,0,0,0,,,0,
20,18404,23,MCH1,000000000420030026                      SM30912,,,0,,0,0,0,,,0,
20,18405,23,MCH1,000000000420030026                      SM31013,,,0,,0,0,0,,,0,
20,18406,23,MCH1,000000000420030026                      SM31114,,,0,,0,0,0,,,0,
20,18407,23,MCH1,000000000420030026                      SM40608,,,0,,0,0,0,,,0,
20,18408,23,MCH1,000000000420030022                      SM30726,,,0,,0,0,0,,,0,
20,18409,23,MCH1,000000000420030022                      SM30727,,,0,,0,0,0,,,0,
20,18410,23,MCH1,000000000420030022                      SM30728,,,0,,0,0,0,,,0,
20,18411,23,MCH1,000000000420030022                      SM40409,,,0,,0,0,0,,,0,
20,18412,23,MCH1,000000000420030022                      SM31145,,,0,,0,0,0,,,0,
20,18413,23,MCH1,000000000420030022                      SM40101,,,0,,0,0,0,,,0,
20,18414,23,MCH1,000000000420030022                      SM40102,,,0,,0,0,0,,,0,
20,18415,23,MCH1,000000000420030022                      SM40203,,,0,,0,0,0,,,0,
20,18416,23,MCH1,000000000420030022                      SM40304,,,0,,0,0,0,,,0,
20,18417,23,MCH1,000000000420030022                      SM40305,,,0,,0,0,0,,,0,
20,18418,23,MCH1,000000000420030022                      SM40306,,,0,,0,0,0,,,0,
20,18419,23,MCH1,000000000420030022                      SM40307,,,0,,0,0,0,,,0,
20,18420,23,MCH1,000000000420030022                      SM40308,,,0,,0,0,0,,,0,
20,18421,23,MCH1,000000000420030022                      SM40410,,,0,,0,0,0,,,0,
20,18422,23,MCH1,000000000420030022                      SM40411,,,0,,0,0,0,,,0,
20,18423,23,MCH1,000000000420030022                      SM40412,,,0,,0,0,0,,,0,
20,18424,23,MCH1,000000000420030022                      SM40513,,,0,,0,0,0,,,0,
20,18425,23,MCH1,000000000420030022                      SM40514,,,0,,0,0,0,,,0,
20,18426,23,MCH1,000000000420030022                      SM40515,,,0,,0,0,0,,,0,
20,18427,23,MCH1,000000000420030022                      SM40616,,,0,,0,0,0,,,0,
20,18428,23,MCH1,000000000420030022                      SM40617,,,0,,0,0,0,,,0,
20,18429,23,MCH1,000000000420030022                      SM40718,,,0,,0,0,0,,,0,
20,18430,23,MCH1,000000000420030024                      SM40404,,,0,,0,0,0,,,0,
20,18431,23,MCH1,000000000420030024                      SM40201,,,0,,0,0,0,,,0,
20,18432,23,MCH1,000000000420030024                      SM40202,,,0,,0,0,0,,,0,
20,18433,23,MCH1,000000000420030024                      SM40303,,,0,,0,0,0,,,0,
20,18434,23,MCH1,000000000420030024                      SM40505,,,0,,0,0,0,,,0,
20,18435,23,MCH1,000000000420030024                      SM40706,,,0,,0,0,0,,,0,
20,18436,23,MCH1,000000000420030024                      SM40707,,,0,,0,0,0,,,0,
20,18437,23,MCH1,000000000420030025                      SM31225,,,0,,0,0,0,,,0,
20,18438,23,MCH1,000000000420030025                      SM31226,,,0,,0,0,0,,,0,
20,18439,23,MCH1,000000000420030025                      SM31224,,,0,,0,0,0,,,0,
20,18440,23,MCH1,000000000420030025                      SM40201,,,0,,0,0,0,,,0,
20,18441,23,MCH1,000000000420030025                      SM40302,,,0,,0,0,0,,,0,
20,18442,23,MCH1,000000000420030025                      SM40303,,,0,,0,0,0,,,0,
20,18443,23,MCH1,000000000420030025                      SM40404,,,0,,0,0,0,,,0,
20,18444,23,MCH1,000000000420030025                      SM40405,,,0,,0,0,0,,,0,
20,18445,23,MCH1,000000000420030025                      SM40406,,,0,,0,0,0,,,0,
20,18446,23,MCH1,000000000420030025                      SM40507,,,0,,0,0,0,,,0,
20,18447,23,MCH1,000000000420030025                      SM40508,,,0,,0,0,0,,,0,
20,18448,23,MCH1,000000000420030025                      SM40509,,,0,,0,0,0,,,0,
20,18449,23,MCH1,000000000420030025                      SM40510,,,0,,0,0,0,,,0,
20,18450,23,MCH1,000000000420030025                      SM40511,,,0,,0,0,0,,,0,
20,18451,23,MCH1,000000000420030025                      SM40613,,,0,,0,0,0,,,0,
20,18452,23,MCH1,000000000420030025                      SM40614,,,0,,0,0,0,,,0,
20,18453,23,MCH1,000000000420030025                      SM40615,,,0,,0,0,0,,,0,
20,18454,23,MCH1,000000000420030025                      SM40716,,,0,,0,0,0,,,0,
20,18455,23,MCH1,000000000420030025                      SM40717,,,0,,0,0,0,,,0,
20,18456,23,MCH1,000000000420030026                      SM40101,,,0,,0,0,0,,,0,
20,18457,23,MCH1,000000000420030026                      SM40202,,,0,,0,0,0,,,0,
20,18458,23,MCH1,000000000420030026                      SM40303,,,0,,0,0,0,,,0,
20,18459,23,MCH1,000000000420030026                      SM40304,,,0,,0,0,0,,,0,
20,18460,23,MCH1,000000000420030026                      SM40405,,,0,,0,0,0,,,0,
20,18461,23,MCH1,000000000420030026                      SM40506,,,0,,0,0,0,,,0,
20,18462,23,MCH1,000000000420030026                      SM40507,,,0,,0,0,0,,,0,
20,18463,23,MCH1,000000000420030026                      SM40709,,,0,,0,0,0,,,0,
20,20364,23,MCH1,000000000420000567                      SP30507,,,0,,0,0,0,,,0,
20,20365,23,MCH1,000000000420000567                      SP30508,,,0,,0,0,0,,,0,
20,20366,23,MCH1,000000000420000567                      SP30609,,,0,,0,0,0,,,0,
20,20367,23,MCH1,000000000420000567                      SP30610,,,0,,0,0,0,,,0,
20,20368,23,MCH1,000000000420000567                      SP30611,,,0,,0,0,0,,,0,
20,20369,23,MCH1,000000000420000567                      SP30612,,,0,,0,0,0,,,0,
20,20370,23,MCH1,000000000420000567                      SP31113,,,0,,0,0,0,,,0,
20,20371,23,MCH1,000000000420000567                      SP31114,,,0,,0,0,0,,,0,
20,20372,23,MCH1,000000000420000568                      EP21001,,,0,,0,0,0,,,0,
20,20373,23,MCH1,000000000420000568                      EP21002,,,0,,0,0,0,,,0,
20,20374,23,MCH1,000000000420000568                      EP21103,,,0,,0,0,0,,,0,
20,20375,23,MCH1,000000000420000568                      EP21104,,,0,,0,0,0,,,0,
20,20376,23,MCH1,000000000420000568                      EP21105,,,0,,0,0,0,,,0,
20,20377,23,MCH1,000000000420000568                      EP21207,,,0,,0,0,0,,,0,
20,20378,23,MCH1,000000000420000568                      EP30201,,,0,,0,0,0,,,0,
20,20379,23,MCH1,000000000420000568                      EP30602,,,0,,0,0,0,,,0,
20,20380,23,MCH1,000000000420000568                      EP30803,,,0,,0,0,0,,,0,
20,20381,23,MCH1,000000000420000568                      EP31004,,,0,,0,0,0,,,0,
20,20382,23,MCH1,000000000420000568                      EL31201,,,0,,0,0,0,,,0,
20,20383,23,MCH1,000000000420000568                      CU40201,,,0,,0,0,0,,,0,
20,20384,23,MCH1,000000000420000568                      CU40302,,,0,,0,0,0,,,0,
20,20385,23,MCH1,000000000420000568                      CU40403,,,0,,0,0,0,,,0,
20,20386,23,MCH1,000000000420000568                      CU40504,,,0,,0,0,0,,,0,
20,20387,23,MCH1,000000000420000568                      CU40505,,,0,,0,0,0,,,0,
20,20388,23,MCH1,000000000420000569                      CLT018,,,0,,0,0,0,,,0,
20,20389,23,MCH1,000000000420000569                      CLT019,,,0,,0,0,0,,,0,
20,20390,23,MCH1,000000000420000569                      CLT021,,,0,,0,0,0,,,0,
20,20391,23,MCH1,000000000420000569                      CLT022,,,0,,0,0,0,,,0,
20,20392,23,MCH1,000000000420000569                      CLT023,,,0,,0,0,0,,,0,
20,20393,23,MCH1,000000000420000569                      CLT024,,,0,,0,0,0,,,0,
20,20394,23,MCH1,000000000420000569                      CLT026,,,0,,0,0,0,,,0,
20,20395,23,MCH1,000000000420000569                      CLT027,,,0,,0,0,0,,,0,
20,20396,23,MCH1,000000000420000569                      CLT028,,,0,,0,0,0,,,0,
20,20397,23,MCH1,000000000420000569                      CLT029,,,0,,0,0,0,,,0,
20,20398,23,MCH1,000000000420000569                      CLT0210,,,0,,0,0,0,,,0,
20,20399,23,MCH1,000000000420000569                      EP30201,,,0,,0,0,0,,,0,
20,20400,23,MCH1,000000000420000569                      EP30403,,,0,,0,0,0,,,0,
20,20401,23,MCH1,000000000420000569                      EP30404,,,0,,0,0,0,,,0,
20,20402,23,MCH1,000000000420000569                      EP30505,,,0,,0,0,0,,,0,
20,20403,23,MCH1,000000000420000569                      EP30506,,,0,,0,0,0,,,0,
20,20404,23,MCH1,000000000420000569                      EP30507,,,0,,0,0,0,,,0,
20,20405,23,MCH1,000000000420000569                      EP30508,,,0,,0,0,0,,,0,
20,20406,23,MCH1,000000000420000569                      EP30609,,,0,,0,0,0,,,0,
20,20407,23,MCH1,000000000420000569                      EP30610,,,0,,0,0,0,,,0,
20,20408,23,MCH1,000000000420000569                      EP30611,,,0,,0,0,0,,,0,
20,20409,23,MCH1,000000000420000569                      EP30612,,,0,,0,0,0,,,0,
20,20410,23,MCH1,000000000420000569                      EP30813,,,0,,0,0,0,,,0,
20,20411,23,MCH1,000000000420000569                      EP30814,,,0,,0,0,0,,,0,
20,20412,23,MCH1,000000000420000569                      EP30815,,,0,,0,0,0,,,0,
20,20413,23,MCH1,000000000420000569                      EP30816,,,0,,0,0,0,,,0,
20,20414,23,MCH1,000000000420000569                      EP31017,,,0,,0,0,0,,,0,
20,20415,23,MCH1,000000000420000569                      EP31018,,,0,,0,0,0,,,0,
20,20416,23,MCH1,000000000420000569                      EP31019,,,0,,0,0,0,,,0,
20,20417,23,MCH1,000000000420000569                      EP31020,,,0,,0,0,0,,,0,
20,20418,23,MCH1,000000000420000569                      EL31201,,,0,,0,0,0,,,0,
20,20419,23,MCH1,000000000420000569                      EL31202,,,0,,0,0,0,,,0,
20,20420,23,MCH1,000000000420000569                      EL40101,,,0,,0,0,0,,,0,
20,20421,23,MCH1,000000000420000569                      EL40102,,,0,,0,0,0,,,0,
20,20422,23,MCH1,000000000420000569                      CU40301,,,0,,0,0,0,,,0,
20,20423,23,MCH1,000000000420000569                      CU40402,,,0,,0,0,0,,,0,
20,20424,23,MCH1,000000000420000569                      CU40403,,,0,,0,0,0,,,0,
20,20425,23,MCH1,000000000420000569                      CU40404,,,0,,0,0,0,,,0,
20,20426,23,MCH1,000000000420000569                      CU40405,,,0,,0,0,0,,,0,
20,20427,23,MCH1,000000000420000569                      CU40507,,,0,,0,0,0,,,0,
20,20428,23,MCH1,000000000420000569                      CU40508,,,0,,0,0,0,,,0,
20,20429,23,MCH1,000000000420000569                      CU40509,,,0,,0,0,0,,,0,
20,20430,23,MCH1,000000000420000570                      IDC0201,,,0,,0,0,0,,,0,
20,20431,23,MCH1,000000000420000570                      IDC0202,,,0,,0,0,0,,,0,
20,20432,23,MCH1,000000000420000570                      IDC0203,,,0,,0,0,0,,,0,
20,20433,23,MCH1,000000000420000571                      IOC0201,,,0,,0,0,0,,,0,
20,20434,23,MCH1,000000000420000571                      IOC0201R,,,0,,0,0,0,,,0,
20,20435,23,MCH1,000000000420000571                      IOC0202,,,0,,0,0,0,,,0,
20,20436,23,MCH1,000000000420000571                      IOC0202R,,,0,,0,0,0,,,0,
20,20437,23,MCH1,000000000420000572                      CAP026,,,0,,0,0,0,,,0,
20,20438,23,MCH1,000000000420000572                      CPA027,,,0,,0,0,0,,,0,
20,20439,23,MCH1,000000000420000572                      CPA028,,,0,,0,0,0,,,0,
20,20440,23,MCH1,000000000420000572                      CPA0210,,,0,,0,0,0,,,0,
20,20441,23,MCH1,000000000420000572                      CPA0211,,,0,,0,0,0,,,0,
20,20442,23,MCH1,000000000420000572                      CPA0212,,,0,,0,0,0,,,0,
20,20443,23,MCH1,000000000420000572                      CPA029,,,0,,0,0,0,,,0,
20,20444,23,MCH1,000000000420000572                      CPA0213,,,0,,0,0,0,,,0,
20,20445,23,MCH1,000000000420000574                      EP21001,,,0,,0,0,0,,,0,
20,20446,23,MCH1,000000000420000574                      EP21202,,,0,,0,0,0,,,0,
20,20447,23,MCH1,000000000420000575                      CPA0215,,,0,,0,0,0,,,0,
20,20448,23,MCH1,000000000420000575                      CPA0216,,,0,,0,0,0,,,0,
20,20449,23,MCH1,000000000420000575                      CPA0217,,,0,,0,0,0,,,0,
20,20450,23,MCH1,000000000420000575                      CPA0218,,,0,,0,0,0,,,0,
20,20451,23,MCH1,000000000420000575                      CPA0219,,,0,,0,0,0,,,0,
20,20452,23,MCH1,000000000420000575                      CPA0220,,,0,,0,0,0,,,0,
20,20453,23,MCH1,000000000420000575                      CPA0221,,,0,,0,0,0,,,0,
20,20454,23,MCH1,000000000420000575                      CPA0222,,,0,,0,0,0,,,0,
20,20455,23,MCH1,000000000420000575                      CPA0223,,,0,,0,0,0,,,0,
20,20456,23,MCH1,000000000420000575                      EP30502,,,0,,0,0,0,,,0,
20,20457,23,MCH1,000000000420000575                      EP30503,,,0,,0,0,0,,,0,
20,20458,23,MCH1,000000000420000575                      EP30704,,,0,,0,0,0,,,0,
20,20459,23,MCH1,000000000420000575                      EP30705,,,0,,0,0,0,,,0,
20,20460,23,MCH1,000000000420000575                      EP30806,,,0,,0,0,0,,,0,
20,20461,23,MCH1,000000000420000575                      EP30807,,,0,,0,0,0,,,0,
20,20462,23,MCH1,000000000420000575                      EP30908,,,0,,0,0,0,,,0,
20,21058,23,MCH1,510001270VN01                           EPG213,,,0,,0,0,0,,,0,
20,21059,23,MCH1,510001275VN01                           EPF033,,,0,,0,0,0,,,0,
20,21060,23,MCH1,510001275VN01                           EPG133,,,0,,0,0,0,,,0,
20,21061,23,MCH1,510001280MM01                           EPH029,,,0,,0,0,0,,,0,
20,21062,23,MCH1,510001288VN01                           EPG071,,,0,,0,0,0,,,0,
20,21063,23,MCH1,510001265VN01                           EPF247,,,0,,0,0,0,,,0,
20,21064,23,MCH1,510001265VN01                           EPG233,,,0,,0,0,0,,,0,
20,21065,23,MCH1,510001268IN01                           EPG199,,,0,,0,0,0,,,0,
20,21066,23,MCH1,510001268IN01                           EPH010,,,0,,0,0,0,,,0,
20,21067,23,MCH1,510001271IN01                           EPH011,,,0,,0,0,0,,,0,
20,21068,23,MCH1,510001271IN01                           EPH017,,,0,,0,0,0,,,0,
20,21069,23,MCH1,510001282IN01                           EPH037,,,0,,0,0,0,,,0,
20,21070,23,MCH1,510001279IN01                           EPH032,,,0,,0,0,0,,,0,
20,21071,23,MCH1,510001273IN01                           EPH015,,,0,,0,0,0,,,0,
20,21072,23,MCH1,510001273IN01                           EPH019,,,0,,0,0,0,,,0,
20,21073,23,MCH1,510001276IN01                           EPH070,,,0,,0,0,0,,,0,
20,21074,23,MCH1,510001276IN01                           EPH071,,,0,,0,0,0,,,0,
20,21075,23,MCH1,510001312IN01                           EPH020,,,0,,0,0,0,,,0,
20,21076,23,MCH1,510001266IN01                           EPF266,,,0,,0,0,0,,,0,
20,21077,23,MCH1,5100012728X01                           EPG218,,,0,,0,0,0,,,0,
20,21078,23,MCH1,5100012728X01                           EPH050,,,0,,0,0,0,,,0,
20,21079,23,MCH1,5100012838X01                           EPH051,,,0,,0,0,0,,,0,
20,21080,23,MCH1,5100012678X01                           EPG078,,,0,,0,0,0,,,0,
20,21081,23,MCH1,5100012678X01                           EPH068,,,0,,0,0,0,,,0,
20,21082,23,MCH1,5100012788X01                           EPH052,,,0,,0,0,0,,,0,
20,21083,23,MCH1,510001287VN01                           EPG020,,,0,,0,0,0,,,0,
20,21084,23,MCH1,510001291VN01                           EPG014,,,0,,0,0,0,,,0,
20,21085,23,MCH1,510001269MM01                           EPH059,,,0,,0,0,0,,,0,
20,21086,23,MCH1,510001285CG01                           EPG155,,,0,,0,0,0,,,0,
20,21087,23,MCH1,510001286CG01                           EPG153,,,0,,0,0,0,,,0,
20,21088,23,MCH1,510001286CG01                           EPH067,,,0,,0,0,0,,,0,
20,21089,23,MCH1,510000207VN01                           EPE174,,,0,,0,0,0,,,0,
20,21090,23,MCH1,510000192VN01                           EPF027,,,0,,0,0,0,,,0,
20,21091,23,MCH1,510000192VN01                           EPG210,,,0,,0,0,0,,,0,
20,21092,23,MCH1,510000199VN01                           EPG117,,,0,,0,0,0,,,0,
20,21093,23,MCH1,510000199VN01                           EPG118,,,0,,0,0,0,,,0,
20,21094,23,MCH1,5100002448X01                           EPG006,,,0,,0,0,0,,,0,
20,21095,23,MCH1,510000306VN01                           EPG257,,,0,,0,0,0,,,0,
20,21096,23,MCH1,510000306VN01                           EPG266,,,0,,0,0,0,,,0,
20,21097,23,MCH1,510000237CG01                           EPG145,,,0,,0,0,0,,,0,
20,21098,23,MCH1,510000238CG01                           EPG144,,,0,,0,0,0,,,0,
20,21099,23,MCH1,5100011328X01                           EPF215,,,0,,0,0,0,,,0,
20,21100,23,MCH1,5100011328X01                           EPG264,,,0,,0,0,0,,,0,
20,21101,23,MCH1,510001104VN01                           EPG115,,,0,,0,0,0,,,0,
20,21102,23,MCH1,510001101VN01                           EPG203,,,0,,0,0,0,,,0,
20,21103,23,MCH1,510001102VN01                           EPG116,,,0,,0,0,0,,,0,
20,21104,23,MCH1,510001156VN01                           EPG110,,,0,,0,0,0,,,0,
20,21105,23,MCH1,510001131VN01                           EPF125,,,0,,0,0,0,,,0,
20,21106,23,MCH1,510001131VN01                           EPG009,,,0,,0,0,0,,,0,
20,21107,23,MCH1,510001169VN01                           EPF136,,,0,,0,0,0,,,0,
20,21108,23,MCH1,510001169VN01                           EPG070,,,0,,0,0,0,,,0,
20,21109,23,MCH1,510001169VN01                           EPG136,,,0,,0,0,0,,,0,
20,21110,23,MCH1,510001315VN01                           EPG222,,,0,,0,0,0,,,0,
20,21111,23,MCH1,510001315VN01                           EPG240,,,0,,0,0,0,,,0,
20,21112,23,MCH1,5100013168X01                           EPH066,,,0,,0,0,0,,,0,
20,21113,23,MCH1,510001292IN01                           EPG091,,,0,,0,0,0,,,0,
20,21114,23,MCH1,510001292IN01                           EPG228,,,0,,0,0,0,,,0,
20,21115,23,MCH1,510001293IN01                           EPH012,,,0,,0,0,0,,,0,
20,21116,23,MCH1,510001289CG01                           EPG183,,,0,,0,0,0,,,0,
20,21117,23,MCH1,510001311IN01                           EPG158,,,0,,0,0,0,,,0,
20,21118,23,MCH1,510000069IN01                           EPH072,,,0,,0,0,0,,,0,
20,21119,23,MCH1,510000054IN01                           EPH003,,,0,,0,0,0,,,0,
20,21120,23,MCH1,510000024IN01                           EPF271,,,0,,0,0,0,,,0,
20,21121,23,MCH1,510000065IN01                           EPH057,,,0,,0,0,0,,,0,
20,21122,23,MCH1,510000011IN01                           EPG187,,,0,,0,0,0,,,0,
20,21123,23,MCH1,5100001948X01                           EPH063,,,0,,0,0,0,,,0,
20,21124,23,MCH1,5100002098X01                           EPH062,,,0,,0,0,0,,,0,
20,21125,23,MCH1,5100002048X01                           EPH055,,,0,,0,0,0,,,0,
20,21126,23,MCH1,5100001898X01                           EPG235,,,0,,0,0,0,,,0,
20,21127,23,MCH1,5100001898X01                           EPH053,,,0,,0,0,0,,,0,
20,21128,23,MCH1,5100001898X01                           EPH065,,,0,,0,0,0,,,0,
20,21129,23,MCH1,510000290VN01                           EPG114,,,0,,0,0,0,,,0,
20,21130,23,MCH1,510000206MM01                           EPH060,,,0,,0,0,0,,,0,
20,21131,23,MCH1,510000187VN01                           EPF248,,,0,,0,0,0,,,0,
20,21132,23,MCH1,510000187VN01                           EPG237,,,0,,0,0,0,,,0,
20,21133,23,MCH1,510000615IN01                           EPH039,,,0,,0,0,0,,,0,
20,21134,23,MCH1,510000616IN01                           EPH014,,,0,,0,0,0,,,0,
20,21135,23,MCH1,510000191MM01                           EPH061,,,0,,0,0,0,,,0,
20,21136,23,MCH1,510000307CG01                           EPG175,,,0,,0,0,0,,,0,
20,21137,23,MCH1,5100011008X01                           EPH064,,,0,,0,0,0,,,0,
20,21138,23,MCH1,5100011038X01                           EPH048,,,0,,0,0,0,,,0,
20,21139,23,MCH1,510001131VN01                           EPF219,,,0,,0,0,0,,,0,
20,21140,23,MCH1,510001127CG01                           EPG150,,,0,,0,0,0,,,0,
20,21141,23,MCH1,510001170CG01                           EPG151,,,0,,0,0,0,,,0,
20,21142,23,MCH1,5100011718X01                           EPG259,,,0,,0,0,0,,,0,
20,21143,23,MCH1,5100011718X01                           EPG267,,,0,,0,0,0,,,0,
20,21144,23,MCH1,000000000310000130                      EPG229,,,0,,0,0,0,,,0,
20,21145,23,MCH1,000000000310000129                      EPG032,,,0,,0,0,0,,,0,
20,21146,23,MCH1,000000000310000129                      EPG162,,,0,,0,0,0,,,0,
20,21147,23,MCH1,510001307IN01                           EPG260,,,0,,0,0,0,,,0,
20,21150,23,MCH1,000000000420000237                      PNA04001,,,0,,0,0,0,,,0,
20,21151,23,MCH1,000000000420000521                      PGA04001,,,0,,0,0,0,,,0,
20,21152,23,MCH1,000000000420000521                      PGA04002,,,0,,0,0,0,,,0,
20,21153,23,MCH1,000000000420000522                      PGA04001,,,0,,0,0,0,,,0,
20,21154,23,MCH1,000000000420000522                      PGA04002,,,0,,0,0,0,,,0,
20,21155,23,MCH1,000000000420000522                      PGA04003,,,0,,0,0,0,,,0,
20,21156,23,MCH1,000000000420000522                      PGA04004,,,0,,0,0,0,,,0,
20,21157,23,MCH1,000000000420000241                      PGA04001,,,0,,0,0,0,,,0,
20,21158,23,MCH1,000000000429990079                      PGA04001,,,0,,0,0,0,,,0,
20,13618,23,MCH1,000000000420000130                      CCF0264,,,0,,0,0,0,,,0,
20,13619,23,MCH1,000000000420000130                      CCF0265,,,0,,0,0,0,,,0,
20,13620,23,MCH1,000000000420000130                      CCF027,,,0,,0,0,0,,,0,
20,13621,23,MCH1,000000000420000130                      CCF028,,,0,,0,0,0,,,0,
20,13622,23,MCH1,000000000420000130                      CCF029,,,0,,0,0,0,,,0,
20,13623,23,MCH1,000000000420000130                      CF021,,,0,,0,0,0,,,0,
20,13624,23,MCH1,000000000420000130                      CF0210,,,0,,0,0,0,,,0,
20,13625,23,MCH1,000000000420000130                      CF022,,,0,,0,0,0,,,0,
20,13626,23,MCH1,000000000420000130                      CF023,,,0,,0,0,0,,,0,
20,13627,23,MCH1,000000000420000130                      CF024,,,0,,0,0,0,,,0,
20,13628,23,MCH1,000000000420000130                      CF025,,,0,,0,0,0,,,0,
20,13629,23,MCH1,000000000420000130                      CF026,,,0,,0,0,0,,,0,
20,13630,23,MCH1,000000000420000130                      CF027,,,0,,0,0,0,,,0,
20,13631,23,MCH1,000000000420000130                      CF028,,,0,,0,0,0,,,0,
20,13632,23,MCH1,000000000420000130                      CF029,,,0,,0,0,0,,,0,
20,13633,23,MCH1,000000000420000130                      ECF0010,,,0,,0,0,0,,,0,
20,13634,23,MCH1,000000000420000130                      ECF0020,,,0,,0,0,0,,,0,
20,13635,23,MCH1,000000000420000130                      ECF0035,,,0,,0,0,0,,,0,
20,13636,23,MCH1,000000000420000130                      ECF0036,,,0,,0,0,0,,,0,
20,13637,23,MCH1,000000000420000130                      ECF0037,,,0,,0,0,0,,,0,
20,13638,23,MCH1,000000000420000130                      ECF0038,,,0,,0,0,0,,,0,
20,13639,23,MCH1,000000000420000130                      ECF0039,,,0,,0,0,0,,,0,
20,13640,23,MCH1,000000000420000130                      ECF0040,,,0,,0,0,0,,,0,
20,13641,23,MCH1,000000000420000130                      ECF0041,,,0,,0,0,0,,,0,
20,13642,23,MCH1,000000000420000130                      ECF0042,,,0,,0,0,0,,,0,
20,13643,23,MCH1,000000000420000130                      ECF0043,,,0,,0,0,0,,,0,
20,13644,23,MCH1,000000000420000130                      ECF0044,,,0,,0,0,0,,,0,
20,13645,23,MCH1,000000000420000130                      ICF001,,,0,,0,0,0,,,0,
20,13646,23,MCH1,000000000420000130                      ICF002,,,0,,0,0,0,,,0,
20,13647,23,MCH1,000000000420000130                      ICF003,,,0,,0,0,0,,,0,
20,13648,23,MCH1,000000000420000130                      ICF011,,,0,,0,0,0,,,0,
20,13649,23,MCH1,000000000420000130                      ICF0110,,,0,,0,0,0,,,0,
20,13650,23,MCH1,000000000420000130                      ICF01100,,,0,,0,0,0,,,0,
20,13651,23,MCH1,000000000420000130                      ICF01101,,,0,,0,0,0,,,0,
20,13652,23,MCH1,000000000420000130                      ICF01102,,,0,,0,0,0,,,0,
20,13653,23,MCH1,000000000420000130                      ICF01103,,,0,,0,0,0,,,0,
20,13654,23,MCH1,000000000420000130                      ICF01104,,,0,,0,0,0,,,0,
20,13655,23,MCH1,000000000420000130                      ICF01105,,,0,,0,0,0,,,0,
20,13656,23,MCH1,000000000420000130                      ICF01106,,,0,,0,0,0,,,0,
20,13657,23,MCH1,000000000420000130                      ICF0111,,,0,,0,0,0,,,0,
20,13658,23,MCH1,000000000420000130                      ICF0112,,,0,,0,0,0,,,0,
20,13659,23,MCH1,000000000420000130                      ICF0113,,,0,,0,0,0,,,0,
20,13660,23,MCH1,000000000420000130                      ICF0114,,,0,,0,0,0,,,0,
20,13661,23,MCH1,000000000420000130                      ICF0115,,,0,,0,0,0,,,0,
20,13662,23,MCH1,000000000420000130                      ICF0116,,,0,,0,0,0,,,0,
20,13663,23,MCH1,000000000420000130                      ICF0117,,,0,,0,0,0,,,0,
20,13664,23,MCH1,000000000420000130                      ICF0118,,,0,,0,0,0,,,0,
20,13665,23,MCH1,000000000420000130                      ICF0119,,,0,,0,0,0,,,0,
20,13666,23,MCH1,000000000420000130                      ICF012,,,0,,0,0,0,,,0,
20,13667,23,MCH1,000000000420000130                      ICF0120,,,0,,0,0,0,,,0,
20,13668,23,MCH1,000000000420000130                      ICF0121,,,0,,0,0,0,,,0,
20,13669,23,MCH1,000000000420000130                      ICF0122,,,0,,0,0,0,,,0,
20,13670,23,MCH1,000000000420000130                      ICF0123,,,0,,0,0,0,,,0,
20,13671,23,MCH1,000000000420000130                      ICF0124,,,0,,0,0,0,,,0,
20,13672,23,MCH1,000000000420000130                      ICF0125,,,0,,0,0,0,,,0,
20,13673,23,MCH1,000000000420000130                      ICF0126,,,0,,0,0,0,,,0,
20,13674,23,MCH1,000000000420000130                      ICF0127,,,0,,0,0,0,,,0,
20,13675,23,MCH1,000000000420000130                      ICF0128,,,0,,0,0,0,,,0,
20,13676,23,MCH1,000000000420000130                      ICF0129,,,0,,0,0,0,,,0,
20,13677,23,MCH1,000000000420000130                      ICF013,,,0,,0,0,0,,,0,
20,13678,23,MCH1,000000000420000130                      ICF0130,,,0,,0,0,0,,,0,
20,13679,23,MCH1,000000000420000130                      ICF0131,,,0,,0,0,0,,,0,
20,13680,23,MCH1,000000000420000130                      ICF0132,,,0,,0,0,0,,,0,
20,13681,23,MCH1,000000000420000130                      ICF0133,,,0,,0,0,0,,,0,
20,13682,23,MCH1,000000000420000130                      ICF0134,,,0,,0,0,0,,,0,
20,13683,23,MCH1,000000000420000130                      ICF0135,,,0,,0,0,0,,,0,
20,13684,23,MCH1,000000000420000130                      ICF0136,,,0,,0,0,0,,,0,
20,13685,23,MCH1,000000000420000130                      ICF0137,,,0,,0,0,0,,,0,
20,13686,23,MCH1,000000000420000130                      ICF0138,,,0,,0,0,0,,,0,
20,13687,23,MCH1,000000000420000130                      ICF0139,,,0,,0,0,0,,,0,
20,13688,23,MCH1,000000000420000130                      ICF014,,,0,,0,0,0,,,0,
20,13689,23,MCH1,000000000420000130                      ICF0140,,,0,,0,0,0,,,0,
20,13690,23,MCH1,000000000420000130                      ICF0141,,,0,,0,0,0,,,0,
20,13691,23,MCH1,000000000420000130                      ICF0142,,,0,,0,0,0,,,0,
20,13692,23,MCH1,000000000420000130                      ICF0143,,,0,,0,0,0,,,0,
20,13693,23,MCH1,000000000420000130                      ICF0144,,,0,,0,0,0,,,0,
20,13694,23,MCH1,000000000420000130                      ICF0145,,,0,,0,0,0,,,0,
20,13695,23,MCH1,000000000420000130                      ICF0146,,,0,,0,0,0,,,0,
20,13696,23,MCH1,000000000420000130                      ICF0147,,,0,,0,0,0,,,0,
20,13697,23,MCH1,000000000420000130                      ICF0148,,,0,,0,0,0,,,0,
20,13698,23,MCH1,000000000420000130                      ICF0149,,,0,,0,0,0,,,0,
20,13699,23,MCH1,000000000420000130                      ICF015,,,0,,0,0,0,,,0,
20,13700,23,MCH1,000000000420000130                      ICF0150,,,0,,0,0,0,,,0,
20,13701,23,MCH1,000000000420000130                      ICF0151,,,0,,0,0,0,,,0,
20,13702,23,MCH1,000000000420000130                      ICF0152,,,0,,0,0,0,,,0,
20,13703,23,MCH1,000000000420000130                      ICF0153,,,0,,0,0,0,,,0,
20,13704,23,MCH1,000000000420000130                      ICF0154,,,0,,0,0,0,,,0,
20,13705,23,MCH1,000000000420000130                      ICF0155,,,0,,0,0,0,,,0,
20,13706,23,MCH1,000000000420000130                      ICF0156,,,0,,0,0,0,,,0,
20,13707,23,MCH1,000000000420000130                      ICF0157,,,0,,0,0,0,,,0,
20,13708,23,MCH1,000000000420000130                      ICF0158,,,0,,0,0,0,,,0,
20,13709,23,MCH1,000000000420000130                      ICF0159,,,0,,0,0,0,,,0,
20,13710,23,MCH1,000000000420000130                      ICF016,,,0,,0,0,0,,,0,
20,13711,23,MCH1,000000000420000130                      ICF0160,,,0,,0,0,0,,,0,
20,13712,23,MCH1,000000000420000130                      ICF0161,,,0,,0,0,0,,,0,
20,13713,23,MCH1,000000000420000130                      ICF0162,,,0,,0,0,0,,,0,
20,13714,23,MCH1,000000000420000130                      ICF0163,,,0,,0,0,0,,,0,
20,13715,23,MCH1,000000000420000130                      ICF0164,,,0,,0,0,0,,,0,
20,13716,23,MCH1,000000000420000130                      ICF0165,,,0,,0,0,0,,,0,
20,14014,23,MCH1,000000000420000146                      CDP023,,,0,,0,0,0,,,0,
20,14015,23,MCH1,000000000420000146                      CDP024,,,0,,0,0,0,,,0,
20,14016,23,MCH1,000000000420000146                      CDP025,,,0,,0,0,0,,,0,
20,14017,23,MCH1,000000000420000146                      CDP026,,,0,,0,0,0,,,0,
20,14018,23,MCH1,000000000420000146                      CDP027,,,0,,0,0,0,,,0,
20,14019,23,MCH1,000000000420000146                      CDP028,,,0,,0,0,0,,,0,
20,14020,23,MCH1,000000000420000146                      CDP029,,,0,,0,0,0,,,0,
20,14021,23,MCH1,000000000420000146                      CDP0312,,,0,,0,0,0,,,0,
20,14022,23,MCH1,000000000420000146                      CDP0313,,,0,,0,0,0,,,0,
20,14023,23,MCH1,000000000420000146                      DP001,,,0,,0,0,0,,,0,
20,14024,23,MCH1,000000000420000146                      DP002,,,0,,0,0,0,,,0,
20,14025,23,MCH1,000000000420000146                      DP003,,,0,,0,0,0,,,0,
20,14026,23,MCH1,000000000420000146                      DP004,,,0,,0,0,0,,,0,
20,14027,23,MCH1,000000000420000146                      DP011,,,0,,0,0,0,,,0,
20,14028,23,MCH1,000000000420000146                      DP0110,,,0,,0,0,0,,,0,
20,14029,23,MCH1,000000000420000146                      DP0111,,,0,,0,0,0,,,0,
20,14030,23,MCH1,000000000420000146                      DP012,,,0,,0,0,0,,,0,
20,14031,23,MCH1,000000000420000146                      DP013,,,0,,0,0,0,,,0,
20,14032,23,MCH1,000000000420000146                      DP014,,,0,,0,0,0,,,0,
20,14033,23,MCH1,000000000420000146                      DP015,,,0,,0,0,0,,,0,
20,14034,23,MCH1,000000000420000146                      DP016,,,0,,0,0,0,,,0,
20,14035,23,MCH1,000000000420000146                      DP017,,,0,,0,0,0,,,0,
20,14036,23,MCH1,000000000420000146                      DP018,,,0,,0,0,0,,,0,
20,14037,23,MCH1,000000000420000146                      DP019,,,0,,0,0,0,,,0,
20,14038,23,MCH1,000000000420000146                      DP0301,,,0,,0,0,0,,,0,
20,14039,23,MCH1,000000000420000146                      DP0302,,,0,,0,0,0,,,0,
20,14040,23,MCH1,000000000420000146                      DP0303,,,0,,0,0,0,,,0,
20,14041,23,MCH1,000000000420000146                      JDP0401,,,0,,0,0,0,,,0,
20,14042,23,MCH1,000000000420000195                      GCMU0110,,,0,,0,0,0,,,0,
20,14043,23,MCH1,000000000420000195                      GCMU0111,,,0,,0,0,0,,,0,
20,14044,23,MCH1,000000000420000195                      GCMU0112,,,0,,0,0,0,,,0,
20,14045,23,MCH1,000000000420000195                      GCMU0113,,,0,,0,0,0,,,0,
20,14046,23,MCH1,000000000420000195                      GCMU0114,,,0,,0,0,0,,,0,
20,14047,23,MCH1,000000000420000195                      GCMU0115,,,0,,0,0,0,,,0,
20,14048,23,MCH1,000000000420000195                      GCMU0116,,,0,,0,0,0,,,0,
20,14049,23,MCH1,000000000420000195                      GCMU0117,,,0,,0,0,0,,,0,
20,14050,23,MCH1,000000000420000195                      GCMU0118,,,0,,0,0,0,,,0,
20,14051,23,MCH1,000000000420000195                      GCMU0119,,,0,,0,0,0,,,0,
20,14052,23,MCH1,000000000420000195                      GCMU012,,,0,,0,0,0,,,0,
20,14053,23,MCH1,000000000420000195                      GCMU0120,,,0,,0,0,0,,,0,
20,14054,23,MCH1,000000000420000195                      GCMU013,,,0,,0,0,0,,,0,
20,14055,23,MCH1,000000000420000195                      GCMU014,,,0,,0,0,0,,,0,
20,14056,23,MCH1,000000000420000195                      GCMU015,,,0,,0,0,0,,,0,
20,14057,23,MCH1,000000000420000195                      GCMU016,,,0,,0,0,0,,,0,
20,14058,23,MCH1,000000000420000195                      GCMU017,,,0,,0,0,0,,,0,
20,14059,23,MCH1,000000000420000195                      GCMU018,,,0,,0,0,0,,,0,
20,14060,23,MCH1,000000000420000195                      GCMU019,,,0,,0,0,0,,,0,
20,14061,23,MCH1,000000000420000195                      GCMU021,,,0,,0,0,0,,,0,
20,14062,23,MCH1,000000000420000195                      GCMU0210,,,0,,0,0,0,,,0,
20,14063,23,MCH1,000000000420000195                      GCMU0211,,,0,,0,0,0,,,0,
20,14064,23,MCH1,000000000420000195                      GCMU0212,,,0,,0,0,0,,,0,
20,14065,23,MCH1,000000000420000195                      GCMU0213,,,0,,0,0,0,,,0,
20,14066,23,MCH1,000000000420000195                      GCMU022,,,0,,0,0,0,,,0,
20,14067,23,MCH1,000000000420000195                      GCMU023,,,0,,0,0,0,,,0,
20,14068,23,MCH1,000000000420000195                      GCMU024,,,0,,0,0,0,,,0,
20,14069,23,MCH1,000000000420000195                      GCMU025,,,0,,0,0,0,,,0,
20,14070,23,MCH1,000000000420000195                      GCMU026,,,0,,0,0,0,,,0,
20,14071,23,MCH1,000000000420000195                      GCMU027,,,0,,0,0,0,,,0,
20,14072,23,MCH1,000000000420000195                      GCMU028,,,0,,0,0,0,,,0,
20,14073,23,MCH1,000000000420000195                      GCMU029,,,0,,0,0,0,,,0,
20,14074,23,MCH1,000000000420000195                      GCMU0301,,,0,,0,0,0,,,0,
20,14075,23,MCH1,000000000420000195                      GCMU0302,,,0,,0,0,0,,,0,
20,14076,23,MCH1,000000000420000195                      GCMU0303,,,0,,0,0,0,,,0,
20,14077,23,MCH1,000000000420000195                      GEMU0301,,,0,,0,0,0,,,0,
20,14078,23,MCH1,000000000420000195                      GEMU0302,,,0,,0,0,0,,,0,
20,14079,23,MCH1,000000000420000195                      GEMU0303,,,0,,0,0,0,,,0,
20,14080,23,MCH1,000000000420000195                      GEMU0304,,,0,,0,0,0,,,0,
20,14081,23,MCH1,000000000420000195                      GEMU0305,,,0,,0,0,0,,,0,
20,14082,23,MCH1,000000000420000195                      GEMU0306,,,0,,0,0,0,,,0,
20,14083,23,MCH1,000000000420000195                      GEMU0307,,,0,,0,0,0,,,0,
20,14084,23,MCH1,000000000420000195                      GEMU0308,,,0,,0,0,0,,,0,
20,14085,23,MCH1,000000000420000195                      GEMU0309,,,0,,0,0,0,,,0,
20,14086,23,MCH1,000000000420000195                      GJMU0401,,,0,,0,0,0,,,0,
20,14087,23,MCH1,000000000420000195                      GJMU0402,,,0,,0,0,0,,,0,
20,14088,23,MCH1,000000000420000262                      CLL001,,,0,,0,0,0,,,0,
20,14089,23,MCH1,000000000420000262                      CLL0010,,,0,,0,0,0,,,0,
20,14090,23,MCH1,000000000420000262                      CLL0011,,,0,,0,0,0,,,0,
20,14091,23,MCH1,000000000420000262                      CLL0012,,,0,,0,0,0,,,0,
20,14092,23,MCH1,000000000420000262                      CLL0013,,,0,,0,0,0,,,0,
20,14093,23,MCH1,000000000420000262                      CLL0014,,,0,,0,0,0,,,0,
20,14094,23,MCH1,000000000420000262                      CLL0015,,,0,,0,0,0,,,0,
20,14095,23,MCH1,000000000420000262                      CLL0016,,,0,,0,0,0,,,0,
20,14096,23,MCH1,000000000420000262                      CLL0017,,,0,,0,0,0,,,0,
20,14097,23,MCH1,000000000420000262                      CLL002,,,0,,0,0,0,,,0,
20,14098,23,MCH1,000000000420000262                      CLL003,,,0,,0,0,0,,,0,
20,14099,23,MCH1,000000000420000262                      CLL004,,,0,,0,0,0,,,0,
20,14100,23,MCH1,000000000420000262                      CLL005,,,0,,0,0,0,,,0,
20,14101,23,MCH1,000000000420000262                      CLL006,,,0,,0,0,0,,,0,
20,14102,23,MCH1,000000000420000262                      CLL007,,,0,,0,0,0,,,0,
20,14103,23,MCH1,000000000420000262                      CLL008,,,0,,0,0,0,,,0,
20,14104,23,MCH1,000000000420000262                      CLL009,,,0,,0,0,0,,,0,
20,14105,23,MCH1,000000000420000262                      CLL011,,,0,,0,0,0,,,0,
20,14106,23,MCH1,000000000420000262                      CLL012,,,0,,0,0,0,,,0,
20,14107,23,MCH1,000000000420000262                      CLL013,,,0,,0,0,0,,,0,
20,14108,23,MCH1,000000000420000262                      CLL014,,,0,,0,0,0,,,0,
20,14109,23,MCH1,000000000420000262                      CLL015,,,0,,0,0,0,,,0,
20,14110,23,MCH1,000000000420000262                      CLL016,,,0,,0,0,0,,,0,
20,14111,23,MCH1,000000000420000262                      CLL017,,,0,,0,0,0,,,0,
20,14112,23,MCH1,000000000420000262                      CLL018,,,0,,0,0,0,,,0,
20,14509,23,MCH1,000000000420000034                      CAL0305,,,0,,0,0,0,,,0,
20,14510,23,MCH1,000000000420000034                      CAL0306,,,0,,0,0,0,,,0,
20,14511,23,MCH1,000000000420000037                      CAH012,,,0,,0,0,0,,,0,
20,14512,23,MCH1,000000000420000037                      CAH013,,,0,,0,0,0,,,0,
20,14513,23,MCH1,000000000420000037                      CAH021,,,0,,0,0,0,,,0,
20,14514,23,MCH1,000000000420000037                      CAH022,,,0,,0,0,0,,,0,
20,14515,23,MCH1,000000000420000037                      CAH023,,,0,,0,0,0,,,0,
20,14516,23,MCH1,000000000420000037                      CAH024,,,0,,0,0,0,,,0,
20,14517,23,MCH1,000000000420000037                      CAH025,,,0,,0,0,0,,,0,
20,14518,23,MCH1,000000000420000037                      CAH026,,,0,,0,0,0,,,0,
20,14519,23,MCH1,000000000420000037                      CAH0301,,,0,,0,0,0,,,0,
20,14520,23,MCH1,000000000420000037                      CAH0302,,,0,,0,0,0,,,0,
20,14521,23,MCH1,000000000420000037                      JAH0301,,,0,,0,0,0,,,0,
20,14522,23,MCH1,000000000420000037                      JAH0302,,,0,,0,0,0,,,0,
20,14523,23,MCH1,000000000420000037                      JAH0401,,,0,,0,0,0,,,0,
20,14524,23,MCH1,000000000420000037                      JAH0402,,,0,,0,0,0,,,0,
20,14525,23,MCH1,000000000420000037                      JAH0403,,,0,,0,0,0,,,0,
20,14526,23,MCH1,000000000420000037                      JAH0404,,,0,,0,0,0,,,0,
20,14527,23,MCH1,000000000420000037                      JAH0405,,,0,,0,0,0,,,0,
20,14528,23,MCH1,000000000420000037                      JAH0406,,,0,,0,0,0,,,0,
20,14529,23,MCH1,000000000420000037                      JAH0407,,,0,,0,0,0,,,0,
20,14530,23,MCH1,000000000420000037                      RAH0301,,,0,,0,0,0,,,0,
20,14531,23,MCH1,000000000420000037                      RAH0302,,,0,,0,0,0,,,0,
20,14532,23,MCH1,000000000420000037                      RAH0303,,,0,,0,0,0,,,0,
20,14533,23,MCH1,000000000420000037                      RAH0304,,,0,,0,0,0,,,0,
20,14534,23,MCH1,000000000420000425                      BT0010,,,0,,0,0,0,,,0,
20,14535,23,MCH1,000000000420000425                      BT0011,,,0,,0,0,0,,,0,
20,14536,23,MCH1,000000000420000425                      BT0012,,,0,,0,0,0,,,0,
20,14537,23,MCH1,000000000420000425                      BT0013,,,0,,0,0,0,,,0,
20,14538,23,MCH1,000000000420000425                      BT0014,,,0,,0,0,0,,,0,
20,14539,23,MCH1,000000000420000425                      BT0015,,,0,,0,0,0,,,0,
20,14540,23,MCH1,000000000420000425                      BT0016,,,0,,0,0,0,,,0,
20,14541,23,MCH1,000000000420000425                      BT0017,,,0,,0,0,0,,,0,
20,14542,23,MCH1,000000000420000425                      BT0018,,,0,,0,0,0,,,0,
20,14543,23,MCH1,000000000420000425                      BT004,,,0,,0,0,0,,,0,
20,14544,23,MCH1,000000000420000425                      BT005,,,0,,0,0,0,,,0,
20,14545,23,MCH1,000000000420000425                      BT006,,,0,,0,0,0,,,0,
20,14546,23,MCH1,000000000420000425                      BT007,,,0,,0,0,0,,,0,
20,14547,23,MCH1,000000000420000425                      BT008,,,0,,0,0,0,,,0,
20,14548,23,MCH1,000000000420000425                      BT009,,,0,,0,0,0,,,0,
20,14549,23,MCH1,000000000420000425                      CBT001,,,0,,0,0,0,,,0,
20,14550,23,MCH1,000000000420000425                      CBT002,,,0,,0,0,0,,,0,
20,14551,23,MCH1,000000000420000425                      CBT003,,,0,,0,0,0,,,0,
20,14552,23,MCH1,000000000420000425                      CBT004,,,0,,0,0,0,,,0,
20,14553,23,MCH1,000000000420000425                      CBT005,,,0,,0,0,0,,,0,
20,14554,23,MCH1,000000000420000425                      CBT011,,,0,,0,0,0,,,0,
20,14555,23,MCH1,000000000420000425                      CBT012,,,0,,0,0,0,,,0,
20,14556,23,MCH1,000000000420000425                      CBT013,,,0,,0,0,0,,,0,
20,14557,23,MCH1,000000000420000425                      CBT014,,,0,,0,0,0,,,0,
20,14558,23,MCH1,000000000420000425                      CBT015,,,0,,0,0,0,,,0,
20,14559,23,MCH1,000000000420000425                      CBT016,,,0,,0,0,0,,,0,
20,14560,23,MCH1,000000000420000425                      CBT017,,,0,,0,0,0,,,0,
20,14561,23,MCH1,000000000420000425                      CBT021,,,0,,0,0,0,,,0,
20,14562,23,MCH1,000000000420000425                      CBT022,,,0,,0,0,0,,,0,
20,14563,23,MCH1,000000000420000425                      CBT023,,,0,,0,0,0,,,0,
20,14564,23,MCH1,000000000420000425                      CBT024,,,0,,0,0,0,,,0,
20,14565,23,MCH1,000000000420000425                      CBT025,,,0,,0,0,0,,,0,
20,14566,23,MCH1,000000000420000425                      CBT026,,,0,,0,0,0,,,0,
20,14567,23,MCH1,000000000420000425                      CBT0301,,,0,,0,0,0,,,0,
20,14568,23,MCH1,000000000420000427                      NCH011,,,0,,0,0,0,,,0,
20,14569,23,MCH1,000000000420000427                      NCH021,,,0,,0,0,0,,,0,
20,14570,23,MCH1,000000000420000427                      NCH022,,,0,,0,0,0,,,0,
20,14571,23,MCH1,000000000420000426                      NCL011,,,0,,0,0,0,,,0,
20,14572,23,MCH1,000000000420000426                      NCL021,,,0,,0,0,0,,,0,
20,14573,23,MCH1,000000000420000426                      NCL022,,,0,,0,0,0,,,0,
20,14574,23,MCH1,000000000420000246                      HC011,,,0,,0,0,0,,,0,
20,14575,23,MCH1,000000000420000246                      HC0110,,,0,,0,0,0,,,0,
20,14576,23,MCH1,000000000420000246                      HC0111,,,0,,0,0,0,,,0,
20,14577,23,MCH1,000000000420000246                      HC012,,,0,,0,0,0,,,0,
20,14578,23,MCH1,000000000420000246                      HC013,,,0,,0,0,0,,,0,
20,14579,23,MCH1,000000000420000246                      HC014,,,0,,0,0,0,,,0,
20,14580,23,MCH1,000000000420000246                      HC015,,,0,,0,0,0,,,0,
20,14581,23,MCH1,000000000420000246                      HC016,,,0,,0,0,0,,,0,
20,14582,23,MCH1,000000000420000246                      HC017,,,0,,0,0,0,,,0,
20,14583,23,MCH1,000000000420000246                      HC018,,,0,,0,0,0,,,0,
20,14584,23,MCH1,000000000420000246                      HC019,,,0,,0,0,0,,,0,
20,14585,23,MCH1,000000000420000246                      HI011,,,0,,0,0,0,,,0,
20,14586,23,MCH1,000000000420000246                      HI012,,,0,,0,0,0,,,0,
20,14587,23,MCH1,000000000420000246                      HI013,,,0,,0,0,0,,,0,
20,14588,23,MCH1,000000000420000246                      OHI021,,,0,,0,0,0,,,0,
20,14589,23,MCH1,000000000420000246                      OHI022,,,0,,0,0,0,,,0,
20,14590,23,MCH1,000000000420000246                      OHI023,,,0,,0,0,0,,,0,
20,14591,23,MCH1,000000000420000246                      OHI0301,,,0,,0,0,0,,,0,
20,14592,23,MCH1,000000000420000246                      OHI0302,,,0,,0,0,0,,,0,
20,14593,23,MCH1,000000000420000246                      OHI0303,,,0,,0,0,0,,,0,
20,14594,23,MCH1,000000000420000246                      OHI0304,,,0,,0,0,0,,,0,
20,14595,23,MCH1,000000000420000246                      OHI0305,,,0,,0,0,0,,,0,
20,14596,23,MCH1,000000000420000282                      JL0301,,,0,,0,0,0,,,0,
20,14597,23,MCH1,000000000420000282                      JL0302,,,0,,0,0,0,,,0,
20,14598,23,MCH1,000000000420000282                      JL0303,,,0,,0,0,0,,,0,
20,14599,23,MCH1,000000000420000282                      JL0304,,,0,,0,0,0,,,0,
20,14600,23,MCH1,000000000420000282                      JL0401,,,0,,0,0,0,,,0,
20,14601,23,MCH1,000000000420000282                      JL0402,,,0,,0,0,0,,,0,
20,14602,23,MCH1,000000000420000282                      JL0403,,,0,,0,0,0,,,0,
20,14603,23,MCH1,000000000420000282                      JL0404,,,0,,0,0,0,,,0,
20,14604,23,MCH1,000000000420000282                      JL0405,,,0,,0,0,0,,,0,
20,14605,23,MCH1,000000000420000282                      JL0406,,,0,,0,0,0,,,0,
20,14606,23,MCH1,000000000420000282                      NL012,,,0,,0,0,0,,,0,
20,14607,23,MCH1,000000000420000282                      NL021,,,0,,0,0,0,,,0,
20,15004,23,MCH1,000000000420000470                      HG022,,,0,,0,0,0,,,0,
20,15005,23,MCH1,000000000420000470                      HG0220,,,0,,0,0,0,,,0,
20,15006,23,MCH1,000000000420000470                      HG0221,,,0,,0,0,0,,,0,
20,15007,23,MCH1,000000000420000470                      HG0222,,,0,,0,0,0,,,0,
20,15008,23,MCH1,000000000420000470                      HG0223,,,0,,0,0,0,,,0,
20,15009,23,MCH1,000000000420000470                      HG0224,,,0,,0,0,0,,,0,
20,15010,23,MCH1,000000000420000470                      HG0225,,,0,,0,0,0,,,0,
20,15011,23,MCH1,000000000420000470                      HG0226,,,0,,0,0,0,,,0,
20,15012,23,MCH1,000000000420000470                      HG0227,,,0,,0,0,0,,,0,
20,15013,23,MCH1,000000000420000470                      HG0228,,,0,,0,0,0,,,0,
20,15014,23,MCH1,000000000420000470                      HG0229,,,0,,0,0,0,,,0,
20,15015,23,MCH1,000000000420000470                      HG023,,,0,,0,0,0,,,0,
20,15016,23,MCH1,000000000420000470                      HG0230,,,0,,0,0,0,,,0,
20,15017,23,MCH1,000000000420000470                      HG0231,,,0,,0,0,0,,,0,
20,15018,23,MCH1,000000000420000470                      HG0232,,,0,,0,0,0,,,0,
20,15019,23,MCH1,000000000420000470                      HG0233,,,0,,0,0,0,,,0,
20,15020,23,MCH1,000000000420000470                      HG0234,,,0,,0,0,0,,,0,
20,15021,23,MCH1,000000000420000470                      HG0235,,,0,,0,0,0,,,0,
20,15022,23,MCH1,000000000420000470                      HG0236,,,0,,0,0,0,,,0,
20,15023,23,MCH1,000000000420000470                      HG024,,,0,,0,0,0,,,0,
20,15024,23,MCH1,000000000420000470                      HG0301,,,0,,0,0,0,,,0,
20,15025,23,MCH1,000000000420000470                      HG0302,,,0,,0,0,0,,,0,
20,15026,23,MCH1,000000000420000470                      HG0303,,,0,,0,0,0,,,0,
20,15027,23,MCH1,000000000420000470                      HG0304,,,0,,0,0,0,,,0,
20,15028,23,MCH1,000000000420000470                      HG0305,,,0,,0,0,0,,,0,
20,15029,23,MCH1,000000000420000491                      CXL021,,,0,,0,0,0,,,0,
20,15030,23,MCH1,000000000420000491                      CXL022,,,0,,0,0,0,,,0,
20,15031,23,MCH1,000000000420000491                      XL011,,,0,,0,0,0,,,0,
20,15032,23,MCH1,000000000420000491                      XL012,,,0,,0,0,0,,,0,
20,15033,23,MCH1,000000000420000491                      XL014,,,0,,0,0,0,,,0,
20,15034,23,MCH1,000000000420000491                      XL015,,,0,,0,0,0,,,0,
20,15035,23,MCH1,000000000420000350                      BET013,,,0,,0,0,0,,,0,
20,15036,23,MCH1,000000000420000350                      BRT011,,,0,,0,0,0,,,0,
20,15037,23,MCH1,000000000420000350                      BRT012,,,0,,0,0,0,,,0,
20,15038,23,MCH1,000000000420000350                      BRT013,,,0,,0,0,0,,,0,
20,15039,23,MCH1,000000000420000350                      BRT0201,,,0,,0,0,0,,,0,
20,15040,23,MCH1,000000000420000342                      NPM011,,,0,,0,0,0,,,0,
20,15041,23,MCH1,000000000420000342                      NPM012,,,0,,0,0,0,,,0,
20,15042,23,MCH1,000000000420000342                      NPM013,,,0,,0,0,0,,,0,
20,15043,23,MCH1,000000000420000342                      NPM014,,,0,,0,0,0,,,0,
20,15044,23,MCH1,000000000420000342                      NPM015,,,0,,0,0,0,,,0,
20,15045,23,MCH1,000000000420000342                      NPM016,,,0,,0,0,0,,,0,
20,15046,23,MCH1,000000000420000342                      NPM017,,,0,,0,0,0,,,0,
20,15047,23,MCH1,000000000420000342                      OPM021,,,0,,0,0,0,,,0,
20,15048,23,MCH1,000000000420000342                      OPM022,,,0,,0,0,0,,,0,
20,15049,23,MCH1,000000000420000342                      OPM023,,,0,,0,0,0,,,0,
20,15050,23,MCH1,000000000420000342                      OPM024,,,0,,0,0,0,,,0,
20,15051,23,MCH1,000000000420000342                      OPM025,,,0,,0,0,0,,,0,
20,15052,23,MCH1,000000000420000342                      OPM026,,,0,,0,0,0,,,0,
20,15053,23,MCH1,000000000420000342                      OPM027,,,0,,0,0,0,,,0,
20,15054,23,MCH1,000000000420000342                      OPM0301,,,0,,0,0,0,,,0,
20,15055,23,MCH1,000000000420000342                      OPM0302,,,0,,0,0,0,,,0,
20,15056,23,MCH1,000000000420000342                      OPM0303,,,0,,0,0,0,,,0,
20,15057,23,MCH1,000000000420000342                      OPM0304,,,0,,0,0,0,,,0,
20,15058,23,MCH1,000000000420000342                      OPM0305,,,0,,0,0,0,,,0,
20,15059,23,MCH1,000000000420000342                      OPM0306,,,0,,0,0,0,,,0,
20,15060,23,MCH1,000000000420000342                      OPM0307,,,0,,0,0,0,,,0,
20,15061,23,MCH1,000000000420000342                      OPM0308,,,0,,0,0,0,,,0,
20,15062,23,MCH1,000000000420000342                      OPM0401,,,0,,0,0,0,,,0,
20,15063,23,MCH1,000000000420000342                      OPM0402,,,0,,0,0,0,,,0,
20,15064,23,MCH1,000000000420000342                      OPM0403,,,0,,0,0,0,,,0,
20,15065,23,MCH1,000000000420000342                      OPM0404,,,0,,0,0,0,,,0,
20,15066,23,MCH1,000000000420000342                      OPM0406,,,0,,0,0,0,,,0,
20,15067,23,MCH1,000000000420000342                      OPM0407,,,0,,0,0,0,,,0,
20,15068,23,MCH1,000000000420000341                      NPL011,,,0,,0,0,0,,,0,
20,15069,23,MCH1,000000000420000341                      NPL012,,,0,,0,0,0,,,0,
20,15070,23,MCH1,000000000420000341                      NPL013,,,0,,0,0,0,,,0,
20,15071,23,MCH1,000000000420000341                      NPL014,,,0,,0,0,0,,,0,
20,15072,23,MCH1,000000000420000341                      NPL015,,,0,,0,0,0,,,0,
20,15073,23,MCH1,000000000420000341                      NPL016,,,0,,0,0,0,,,0,
20,15074,23,MCH1,000000000420000341                      NPL017,,,0,,0,0,0,,,0,
20,15075,23,MCH1,000000000420000341                      OPL021,,,0,,0,0,0,,,0,
20,15076,23,MCH1,000000000420000341                      OPL022,,,0,,0,0,0,,,0,
20,15077,23,MCH1,000000000420000341                      OPL023,,,0,,0,0,0,,,0,
20,15078,23,MCH1,000000000420000341                      OPL0301,,,0,,0,0,0,,,0,
20,15079,23,MCH1,000000000420000341                      OPL0302,,,0,,0,0,0,,,0,
20,15080,23,MCH1,000000000420000341                      OPL0401,,,0,,0,0,0,,,0,
20,15081,23,MCH1,000000000420000341                      OPL0402,,,0,,0,0,0,,,0,
20,15082,23,MCH1,000000000420000341                      OPL0403,,,0,,0,0,0,,,0,
20,15083,23,MCH1,000000000420000341                      OPL0404,,,0,,0,0,0,,,0,
20,15084,23,MCH1,000000000420000517                      BEV0201,,,0,,0,0,0,,,0,
20,15085,23,MCH1,000000000420000517                      BEV0202,,,0,,0,0,0,,,0,
20,15086,23,MCH1,000000000420000517                      BEV0203,,,0,,0,0,0,,,0,
20,15087,23,MCH1,000000000420000517                      BEV0204,,,0,,0,0,0,,,0,
20,15088,23,MCH1,000000000420000517                      BEV0205,,,0,,0,0,0,,,0,
20,15089,23,MCH1,000000000420000517                      BEV0206,,,0,,0,0,0,,,0,
20,15090,23,MCH1,000000000420000517                      BEV0207,,,0,,0,0,0,,,0,
20,15091,23,MCH1,000000000420000517                      BEV0208,,,0,,0,0,0,,,0,
20,15092,23,MCH1,000000000420000517                      BEV0301,,,0,,0,0,0,,,0,
20,15093,23,MCH1,000000000420000517                      BEV0302,,,0,,0,0,0,,,0,
20,15094,23,MCH1,000000000420000517                      BEV0303,,,0,,0,0,0,,,0,
20,15095,23,MCH1,000000000420000517                      BEV0304,,,0,,0,0,0,,,0,
20,15096,23,MCH1,000000000420000517                      BEV04,,,0,,0,0,0,,,0,
20,15097,23,MCH1,000000000420000517                      BEV05,,,0,,0,0,0,,,0,
20,15098,23,MCH1,000000000420000517                      BEV06,,,0,,0,0,0,,,0,
20,15099,23,MCH1,000000000420000517                      BEV07,,,0,,0,0,0,,,0,
20,15100,23,MCH1,000000000420000454                      MS011,,,0,,0,0,0,,,0,
20,15101,23,MCH1,000000000420000454                      MS012,,,0,,0,0,0,,,0,
20,15102,23,MCH1,000000000420000454                      MS013,,,0,,0,0,0,,,0,
20,15400,23,MCH1,000000000420000324                      CPH0302,,,0,,0,0,0,,,0,
20,15401,23,MCH1,000000000420000324                      CPH0303,,,0,,0,0,0,,,0,
20,15402,23,MCH1,000000000420000324                      CPM011,,,0,,0,0,0,,,0,
20,15403,23,MCH1,000000000420000324                      JPH0401,,,0,,0,0,0,,,0,
20,15404,23,MCH1,000000000420000324                      JPH0402,,,0,,0,0,0,,,0,
20,15405,23,MCH1,000000000420000156                      CDT011,,,0,,0,0,0,,,0,
20,15406,23,MCH1,000000000420000156                      CDT012,,,0,,0,0,0,,,0,
20,15407,23,MCH1,000000000420000156                      CDT013,,,0,,0,0,0,,,0,
20,15408,23,MCH1,000000000420000156                      CDT014,,,0,,0,0,0,,,0,
20,15409,23,MCH1,000000000420000156                      CDT015,,,0,,0,0,0,,,0,
20,15410,23,MCH1,000000000420000156                      CDT021,,,0,,0,0,0,,,0,
20,15411,23,MCH1,000000000420000156                      CDT0210,,,0,,0,0,0,,,0,
20,15412,23,MCH1,000000000420000156                      CDT0211,,,0,,0,0,0,,,0,
20,15413,23,MCH1,000000000420000156                      CDT0212,,,0,,0,0,0,,,0,
20,15414,23,MCH1,000000000420000156                      CDT0213,,,0,,0,0,0,,,0,
20,15415,23,MCH1,000000000420000156                      CDT022,,,0,,0,0,0,,,0,
20,15416,23,MCH1,000000000420000156                      CDT023,,,0,,0,0,0,,,0,
20,15417,23,MCH1,000000000420000156                      CDT024,,,0,,0,0,0,,,0,
20,15418,23,MCH1,000000000420000156                      CDT025,,,0,,0,0,0,,,0,
20,15419,23,MCH1,000000000420000156                      CDT026,,,0,,0,0,0,,,0,
20,15420,23,MCH1,000000000420000156                      CDT027,,,0,,0,0,0,,,0,
20,15421,23,MCH1,000000000420000156                      CDT028,,,0,,0,0,0,,,0,
20,15422,23,MCH1,000000000420000156                      CDT029,,,0,,0,0,0,,,0,
20,15423,23,MCH1,000000000420000156                      CDT0301,,,0,,0,0,0,,,0,
20,15424,23,MCH1,000000000420000156                      CDT0302,,,0,,0,0,0,,,0,
20,15425,23,MCH1,000000000420000156                      CDT0303,,,0,,0,0,0,,,0,
20,15426,23,MCH1,000000000420000156                      CDT0304,,,0,,0,0,0,,,0,
20,15427,23,MCH1,000000000420000156                      CDT0305,,,0,,0,0,0,,,0,
20,15428,23,MCH1,000000000420000156                      CDT0306,,,0,,0,0,0,,,0,
20,15429,23,MCH1,000000000420000156                      CDT0307,,,0,,0,0,0,,,0,
20,15430,23,MCH1,000000000420000156                      CDT0308,,,0,,0,0,0,,,0,
20,15431,23,MCH1,000000000420000156                      JDT0301,,,0,,0,0,0,,,0,
20,15432,23,MCH1,000000000420000156                      JDT0302,,,0,,0,0,0,,,0,
20,15433,23,MCH1,000000000420000156                      JDT0303,,,0,,0,0,0,,,0,
20,15434,23,MCH1,000000000420000156                      JDT0304,,,0,,0,0,0,,,0,
20,15435,23,MCH1,000000000420000156                      JDT0305,,,0,,0,0,0,,,0,
20,15436,23,MCH1,000000000420000156                      JDT0401,,,0,,0,0,0,,,0,
20,15437,23,MCH1,000000000420000156                      JDT0402,,,0,,0,0,0,,,0,
20,15438,23,MCH1,000000000420000156                      JDT0403,,,0,,0,0,0,,,0,
20,15439,23,MCH1,000000000420000156                      JDT0404,,,0,,0,0,0,,,0,
20,15440,23,MCH1,000000000420000156                      JDT0405,,,0,,0,0,0,,,0,
20,15441,23,MCH1,000000000420000156                      JDT0406,,,0,,0,0,0,,,0,
20,15442,23,MCH1,000000000420000156                      JDT0407,,,0,,0,0,0,,,0,
20,15443,23,MCH1,000000000420000156                      JDT0408,,,0,,0,0,0,,,0,
20,15444,23,MCH1,000000000420000156                      JDT0409,,,0,,0,0,0,,,0,
20,15445,23,MCH1,000000000420000156                      JDT0410,,,0,,0,0,0,,,0,
20,15446,23,MCH1,000000000420000156                      JDT0411,,,0,,0,0,0,,,0,
20,15447,23,MCH1,000000000420000156                      JDT0412,,,0,,0,0,0,,,0,
20,15448,23,MCH1,000000000420000156                      JDT0413,,,0,,0,0,0,,,0,
20,15449,23,MCH1,000000000420000156                      JDT0414,,,0,,0,0,0,,,0,
20,15450,23,MCH1,000000000420000156                      JDT0415,,,0,,0,0,0,,,0,
20,15451,23,MCH1,000000000420000012                      AP0301,,,0,,0,0,0,,,0,
20,15452,23,MCH1,000000000420000012                      AP0302,,,0,,0,0,0,,,0,
20,15453,23,MCH1,000000000420000012                      AP0303,,,0,,0,0,0,,,0,
20,15454,23,MCH1,000000000420000012                      AP0304,,,0,,0,0,0,,,0,
20,15455,23,MCH1,000000000420000012                      AP0305,,,0,,0,0,0,,,0,
20,15456,23,MCH1,000000000420000012                      AP0306,,,0,,0,0,0,,,0,
20,15457,23,MCH1,000000000420000012                      AP0307,,,0,,0,0,0,,,0,
20,15458,23,MCH1,000000000420000012                      AP0308,,,0,,0,0,0,,,0,
20,15459,23,MCH1,000000000420000012                      CAP011,,,0,,0,0,0,,,0,
20,15460,23,MCH1,000000000420000012                      CAP012,,,0,,0,0,0,,,0,
20,15461,23,MCH1,000000000420000012                      CAP013,,,0,,0,0,0,,,0,
20,15462,23,MCH1,000000000420000012                      CAP014,,,0,,0,0,0,,,0,
20,15463,23,MCH1,000000000420000012                      CAP021,,,0,,0,0,0,,,0,
20,15464,23,MCH1,000000000420000012                      CAP0210,,,0,,0,0,0,,,0,
20,15465,23,MCH1,000000000420000012                      CAP0211,,,0,,0,0,0,,,0,
20,15466,23,MCH1,000000000420000012                      CAP0212,,,0,,0,0,0,,,0,
20,15467,23,MCH1,000000000420000012                      CAP0213,,,0,,0,0,0,,,0,
20,15468,23,MCH1,000000000420000012                      CAP0214,,,0,,0,0,0,,,0,
20,15469,23,MCH1,000000000420000012                      CAP0215,,,0,,0,0,0,,,0,
20,15470,23,MCH1,000000000420000012                      CAP0216,,,0,,0,0,0,,,0,
20,15471,23,MCH1,000000000420000012                      CAP0217,,,0,,0,0,0,,,0,
20,15472,23,MCH1,000000000420000012                      CAP0218,,,0,,0,0,0,,,0,
20,15473,23,MCH1,000000000420000012                      CAP0219,,,0,,0,0,0,,,0,
20,15474,23,MCH1,000000000420000012                      CAP022,,,0,,0,0,0,,,0,
20,15475,23,MCH1,000000000420000012                      CAP023,,,0,,0,0,0,,,0,
20,15476,23,MCH1,000000000420000012                      CAP024,,,0,,0,0,0,,,0,
20,15477,23,MCH1,000000000420000012                      CAP025,,,0,,0,0,0,,,0,
20,15478,23,MCH1,000000000420000012                      CAP026,,,0,,0,0,0,,,0,
20,15479,23,MCH1,000000000420000012                      CAP027,,,0,,0,0,0,,,0,
20,15480,23,MCH1,000000000420000012                      CAP028,,,0,,0,0,0,,,0,
20,15481,23,MCH1,000000000420000012                      CAP029,,,0,,0,0,0,,,0,
20,15482,23,MCH1,000000000420000012                      CAP0301,,,0,,0,0,0,,,0,
20,15483,23,MCH1,000000000420000012                      CAP0302,,,0,,0,0,0,,,0,
20,15484,23,MCH1,000000000420000012                      CAP0303,,,0,,0,0,0,,,0,
20,15485,23,MCH1,000000000420000012                      CAP0304,,,0,,0,0,0,,,0,
20,15486,23,MCH1,000000000420000012                      CAP0305,,,0,,0,0,0,,,0,
20,15487,23,MCH1,000000000420000012                      CPA011,,,0,,0,0,0,,,0,
20,15488,23,MCH1,000000000420000012                      CPA014,,,0,,0,0,0,,,0,
20,15489,23,MCH1,000000000420000012                      JAP0301,,,0,,0,0,0,,,0,
20,15490,23,MCH1,000000000420000012                      JAP0302,,,0,,0,0,0,,,0,
20,15491,23,MCH1,000000000420000012                      JAP0303,,,0,,0,0,0,,,0,
20,15492,23,MCH1,000000000420000012                      JAP0401,,,0,,0,0,0,,,0,
20,15493,23,MCH1,000000000420000012                      JAP0402,,,0,,0,0,0,,,0,
20,15494,23,MCH1,000000000420000012                      JAP0403,,,0,,0,0,0,,,0,
20,15495,23,MCH1,000000000420000012                      JAP0404,,,0,,0,0,0,,,0,
20,15496,23,MCH1,000000000420000012                      JAP0405,,,0,,0,0,0,,,0,
20,15497,23,MCH1,000000000420000012                      JAP0406,,,0,,0,0,0,,,0,
20,15498,23,MCH1,000000000420000012                      JAP0407,,,0,,0,0,0,,,0,
20,15796,23,MCH1,000000000420000406                      NZP0304,,,0,,0,0,0,,,0,
20,15797,23,MCH1,000000000420000406                      NZP0305,,,0,,0,0,0,,,0,
20,15798,23,MCH1,000000000420000452                      CLH021,,,0,,0,0,0,,,0,
20,15799,23,MCH1,000000000420000452                      CLH0210,,,0,,0,0,0,,,0,
20,15800,23,MCH1,000000000420000452                      CLH0211,,,0,,0,0,0,,,0,
20,15801,23,MCH1,000000000420000452                      CLH0212,,,0,,0,0,0,,,0,
20,15802,23,MCH1,000000000420000452                      CLH0213,,,0,,0,0,0,,,0,
20,15803,23,MCH1,000000000420000452                      CLH0214,,,0,,0,0,0,,,0,
20,15804,23,MCH1,000000000420000452                      CLH0215,,,0,,0,0,0,,,0,
20,15805,23,MCH1,000000000420000452                      CLH0217,,,0,,0,0,0,,,0,
20,15806,23,MCH1,000000000420000452                      CLH022,,,0,,0,0,0,,,0,
20,15807,23,MCH1,000000000420000452                      CLH023,,,0,,0,0,0,,,0,
20,15808,23,MCH1,000000000420000452                      CLH024,,,0,,0,0,0,,,0,
20,15809,23,MCH1,000000000420000452                      CLH025,,,0,,0,0,0,,,0,
20,15810,23,MCH1,000000000420000452                      CLH026,,,0,,0,0,0,,,0,
20,15811,23,MCH1,000000000420000452                      CLH027,,,0,,0,0,0,,,0,
20,15812,23,MCH1,000000000420000452                      CLH028,,,0,,0,0,0,,,0,
20,15813,23,MCH1,000000000420000452                      CLH029,,,0,,0,0,0,,,0,
20,15814,23,MCH1,000000000420000452                      CLH0301,,,0,,0,0,0,,,0,
20,15815,23,MCH1,000000000420000452                      CLH214,,,0,,0,0,0,,,0,
20,15816,23,MCH1,000000000420000499                      CQL021,,,0,,0,0,0,,,0,
20,15817,23,MCH1,000000000420000499                      CQL021R,,,0,,0,0,0,,,0,
20,15818,23,MCH1,000000000420000499                      CQL022,,,0,,0,0,0,,,0,
20,15819,23,MCH1,000000000420000499                      CQL023,,,0,,0,0,0,,,0,
20,15820,23,MCH1,000000000420000499                      CQL024,,,0,,0,0,0,,,0,
20,15821,23,MCH1,000000000420000499                      CQL025,,,0,,0,0,0,,,0,
20,15822,23,MCH1,000000000420000499                      CQL026,,,0,,0,0,0,,,0,
20,15823,23,MCH1,000000000420000499                      TQL0201,,,0,,0,0,0,,,0,
20,15824,23,MCH1,000000000420000499                      TQL0202,,,0,,0,0,0,,,0,
20,15825,23,MCH1,000000000420000499                      TQL0301,,,0,,0,0,0,,,0,
20,15826,23,MCH1,000000000420000499                      TQL0302,,,0,,0,0,0,,,0,
20,15827,23,MCH1,000000000420000499                      TQL0303,,,0,,0,0,0,,,0,
20,15828,23,MCH1,000000000420000499                      TQL0304,,,0,,0,0,0,,,0,
20,15829,23,MCH1,000000000420000499                      TQL0305,,,0,,0,0,0,,,0,
20,15830,23,MCH1,000000000420000451                      CLS021,,,0,,0,0,0,,,0,
20,15831,23,MCH1,000000000420000451                      CLS022,,,0,,0,0,0,,,0,
20,15832,23,MCH1,000000000420000451                      CLS023,,,0,,0,0,0,,,0,
20,15833,23,MCH1,000000000420000451                      CLS024,,,0,,0,0,0,,,0,
20,15834,23,MCH1,000000000420000451                      CLS025,,,0,,0,0,0,,,0,
20,15835,23,MCH1,000000000420000451                      CLS026,,,0,,0,0,0,,,0,
20,15836,23,MCH1,000000000420000451                      CLS027,,,0,,0,0,0,,,0,
20,15837,23,MCH1,000000000420000451                      CLS028,,,0,,0,0,0,,,0,
20,15838,23,MCH1,000000000420000458                      NNL021,,,0,,0,0,0,,,0,
20,15839,23,MCH1,000000000420000458                      NNL022,,,0,,0,0,0,,,0,
20,15840,23,MCH1,000000000420000458                      NNL023,,,0,,0,0,0,,,0,
20,15841,23,MCH1,000000000420000458                      NNL024,,,0,,0,0,0,,,0,
20,15842,23,MCH1,000000000420000458                      NNL025,,,0,,0,0,0,,,0,
20,15843,23,MCH1,000000000420000457                      NNH021,,,0,,0,0,0,,,0,
20,15844,23,MCH1,000000000420000457                      NNH022,,,0,,0,0,0,,,0,
20,15845,23,MCH1,000000000420000457                      NNH023,,,0,,0,0,0,,,0,
20,15846,23,MCH1,000000000420000457                      NNH024,,,0,,0,0,0,,,0,
20,15847,23,MCH1,000000000420000243                      GD027,,,0,,0,0,0,,,0,
20,15848,23,MCH1,000000000420000243                      GS021,,,0,,0,0,0,,,0,
20,15849,23,MCH1,000000000420000243                      GS022,,,0,,0,0,0,,,0,
20,15850,23,MCH1,000000000420000243                      GS023,,,0,,0,0,0,,,0,
20,15851,23,MCH1,000000000420000243                      GS024,,,0,,0,0,0,,,0,
20,15852,23,MCH1,000000000420000243                      GS025,,,0,,0,0,0,,,0,
20,15853,23,MCH1,000000000420000243                      GS026,,,0,,0,0,0,,,0,
20,15854,23,MCH1,000000000420000243                      GS027,,,0,,0,0,0,,,0,
20,15855,23,MCH1,000000000420000243                      GS028,,,0,,0,0,0,,,0,
20,15856,23,MCH1,000000000420000243                      GS0302,,,0,,0,0,0,,,0,
20,15857,23,MCH1,000000000420000243                      GS0305,,,0,,0,0,0,,,0,
20,15858,23,MCH1,000000000420000243                      GS0306,,,0,,0,0,0,,,0,
20,15859,23,MCH1,000000000420000243                      GS0307,,,0,,0,0,0,,,0,
20,15860,23,MCH1,000000000420000243                      GS0308,,,0,,0,0,0,,,0,
20,15861,23,MCH1,000000000420000243                      GS0309,,,0,,0,0,0,,,0,
20,15862,23,MCH1,000000000420000243                      GS0310,,,0,,0,0,0,,,0,
20,15863,23,MCH1,000000000420000243                      GS0311,,,0,,0,0,0,,,0,
20,15864,23,MCH1,000000000420000243                      GS0312,,,0,,0,0,0,,,0,
20,15865,23,MCH1,000000000420000243                      GS0313,,,0,,0,0,0,,,0,
20,15866,23,MCH1,000000000420000243                      GS0314,,,0,,0,0,0,,,0,
20,15867,23,MCH1,000000000420000243                      GS0401,,,0,,0,0,0,,,0,
20,15868,23,MCH1,000000000420000243                      GS0402,,,0,,0,0,0,,,0,
20,15869,23,MCH1,000000000420000243                      GS0403,,,0,,0,0,0,,,0,
20,15870,23,MCH1,000000000420000243                      GS0405,,,0,,0,0,0,,,0,
20,15871,23,MCH1,000000000420000243                      GS0406,,,0,,0,0,0,,,0,
20,15872,23,MCH1,000000000420000243                      GS0407,,,0,,0,0,0,,,0,
20,15873,23,MCH1,000000000420000243                      GS0408,,,0,,0,0,0,,,0,
20,15874,23,MCH1,000000000420000243                      GS0409,,,0,,0,0,0,,,0,
20,15875,23,MCH1,000000000420000243                      GS0410,,,0,,0,0,0,,,0,
20,15876,23,MCH1,000000000420000243                      GS0412,,,0,,0,0,0,,,0,
20,15877,23,MCH1,000000000420000243                      GS0413,,,0,,0,0,0,,,0,
20,15878,23,MCH1,000000000420000243                      OGS021,,,0,,0,0,0,,,0,
20,15879,23,MCH1,000000000420000243                      OGS022,,,0,,0,0,0,,,0,
20,15880,23,MCH1,000000000420000243                      OGS023,,,0,,0,0,0,,,0,
20,15881,23,MCH1,000000000420000243                      OGS024,,,0,,0,0,0,,,0,
20,15882,23,MCH1,000000000420000243                      OGS025,,,0,,0,0,0,,,0,
20,15883,23,MCH1,000000000420000473                      N6182001,,,0,,0,0,0,,,0,
20,15884,23,MCH1,000000000420000473                      N6182002,,,0,,0,0,0,,,0,
20,15885,23,MCH1,000000000420000473                      N6182003,,,0,,0,0,0,,,0,
20,15886,23,MCH1,000000000420000473                      N6182004,,,0,,0,0,0,,,0,
20,15887,23,MCH1,000000000420000472                      N619002,,,0,,0,0,0,,,0,
20,15888,23,MCH1,000000000420000472                      N6192001,,,0,,0,0,0,,,0,
20,15889,23,MCH1,000000000420000472                      N6192002,,,0,,0,0,0,,,0,
20,15890,23,MCH1,000000000420000472                      N6192003,,,0,,0,0,0,,,0,
20,15891,23,MCH1,000000000420000483                      NRH021,,,0,,0,0,0,,,0,
20,15892,23,MCH1,000000000420000483                      NRH022,,,0,,0,0,0,,,0,
20,15893,23,MCH1,000000000420000483                      NRH023,,,0,,0,0,0,,,0,
20,15894,23,MCH1,000000000420000483                      NRH024,,,0,,0,0,0,,,0,
20,16390,23,MCH1,000000000420000485                      MOZ0303,,,0,,0,0,0,,,0,
20,16391,23,MCH1,000000000420000485                      MOZ0304,,,0,,0,0,0,,,0,
20,16392,23,MCH1,000000000420000485                      MOZ0305,,,0,,0,0,0,,,0,
20,16393,23,MCH1,000000000420000485                      MOZ0306,,,0,,0,0,0,,,0,
20,16394,23,MCH1,000000000420000485                      MOZ0307,,,0,,0,0,0,,,0,
20,16395,23,MCH1,000000000420000485                      MOZ0308,,,0,,0,0,0,,,0,
20,16396,23,MCH1,000000000420000485                      MOZ0309,,,0,,0,0,0,,,0,
20,16397,23,MCH1,000000000420000485                      MOZ0401,,,0,,0,0,0,,,0,
20,16398,23,MCH1,000000000420000485                      MOZ0402,,,0,,0,0,0,,,0,
20,16399,23,MCH1,000000000420000358                      ISN0201,,,0,,0,0,0,,,0,
20,16400,23,MCH1,000000000420000358                      ISN0202,,,0,,0,0,0,,,0,
20,16401,23,MCH1,000000000420000358                      ISN0204,,,0,,0,0,0,,,0,
20,16402,23,MCH1,000000000420000358                      ISN0205,,,0,,0,0,0,,,0,
20,16403,23,MCH1,000000000420000358                      ISN0206,,,0,,0,0,0,,,0,
20,16404,23,MCH1,000000000420000358                      ISN0207,,,0,,0,0,0,,,0,
20,16405,23,MCH1,000000000420000358                      ISN0208,,,0,,0,0,0,,,0,
20,16406,23,MCH1,000000000420000358                      ISN0209,,,0,,0,0,0,,,0,
20,16407,23,MCH1,000000000420000358                      ISN0211,,,0,,0,0,0,,,0,
20,16408,23,MCH1,000000000420000358                      ISN0212,,,0,,0,0,0,,,0,
20,16409,23,MCH1,000000000420000358                      ISN0213,,,0,,0,0,0,,,0,
20,16410,23,MCH1,000000000420000358                      ISN0214,,,0,,0,0,0,,,0,
20,16411,23,MCH1,000000000420000358                      ISN0215,,,0,,0,0,0,,,0,
20,16412,23,MCH1,000000000420000358                      ISN0216,,,0,,0,0,0,,,0,
20,16413,23,MCH1,000000000420000358                      ISN0301,,,0,,0,0,0,,,0,
20,16414,23,MCH1,000000000420000358                      ISN0302,,,0,,0,0,0,,,0,
20,16415,23,MCH1,000000000420000358                      ISN0303,,,0,,0,0,0,,,0,
20,16416,23,MCH1,000000000420000358                      ISN0304,,,0,,0,0,0,,,0,
20,16417,23,MCH1,000000000420000358                      ISN0305,,,0,,0,0,0,,,0,
20,16418,23,MCH1,000000000420000358                      ISN0306,,,0,,0,0,0,,,0,
20,16419,23,MCH1,000000000420000358                      ISN0307,,,0,,0,0,0,,,0,
20,16420,23,MCH1,000000000420000358                      ISN0308,,,0,,0,0,0,,,0,
20,16421,23,MCH1,000000000420000358                      ISN0309,,,0,,0,0,0,,,0,
20,16422,23,MCH1,000000000420000358                      ISN0310,,,0,,0,0,0,,,0,
20,16423,23,MCH1,000000000420000358                      ISN0311,,,0,,0,0,0,,,0,
20,16424,23,MCH1,000000000420000358                      ISN0312,,,0,,0,0,0,,,0,
20,16425,23,MCH1,000000000420000358                      ISN0313,,,0,,0,0,0,,,0,
20,16426,23,MCH1,000000000420000358                      ISN0314,,,0,,0,0,0,,,0,
20,16427,23,MCH1,000000000420000358                      ISN0315,,,0,,0,0,0,,,0,
20,16428,23,MCH1,000000000420000358                      ISN0316,,,0,,0,0,0,,,0,
20,16429,23,MCH1,000000000420000358                      ISN0317,,,0,,0,0,0,,,0,
20,16430,23,MCH1,000000000420000358                      ISN0318,,,0,,0,0,0,,,0,
20,16431,23,MCH1,000000000420000358                      ISN0401,,,0,,0,0,0,,,0,
20,16432,23,MCH1,000000000420000358                      ISN0402,,,0,,0,0,0,,,0,
20,16433,23,MCH1,000000000420000358                      ISN0403,,,0,,0,0,0,,,0,
20,16434,23,MCH1,000000000420000358                      ISN0404,,,0,,0,0,0,,,0,
20,16435,23,MCH1,000000000420000358                      ISN0405,,,0,,0,0,0,,,0,
20,16436,23,MCH1,000000000420000358                      ISN0406,,,0,,0,0,0,,,0,
20,16437,23,MCH1,000000000420000358                      ISN0407,,,0,,0,0,0,,,0,
20,16438,23,MCH1,000000000420000358                      ISN0408,,,0,,0,0,0,,,0,
20,16439,23,MCH1,000000000420000358                      ISN0409,,,0,,0,0,0,,,0,
20,16440,23,MCH1,000000000420000358                      ISN0410,,,0,,0,0,0,,,0,
20,16441,23,MCH1,000000000420000358                      ISN0411,,,0,,0,0,0,,,0,
20,16442,23,MCH1,000000000420000358                      ISN0412,,,0,,0,0,0,,,0,
20,16443,23,MCH1,000000000420000358                      ISN0413,,,0,,0,0,0,,,0,
20,16444,23,MCH1,000000000420000358                      ISN0414,,,0,,0,0,0,,,0,
20,16445,23,MCH1,000000000420000358                      ISN0415,,,0,,0,0,0,,,0,
20,16446,23,MCH1,000000000420000358                      ISN0416,,,0,,0,0,0,,,0,
20,16447,23,MCH1,000000000420000358                      ISN0417,,,0,,0,0,0,,,0,
20,16448,23,MCH1,000000000420000358                      ISN0418,,,0,,0,0,0,,,0,
20,16449,23,MCH1,000000000420000358                      ISN0419,,,0,,0,0,0,,,0,
20,16450,23,MCH1,000000000420000358                      ISN0420,,,0,,0,0,0,,,0,
20,16451,23,MCH1,000000000420000358                      ISN0421,,,0,,0,0,0,,,0,
20,16452,23,MCH1,000000000420000358                      ISN0422,,,0,,0,0,0,,,0,
20,16453,23,MCH1,000000000420000358                      ISN0423,,,0,,0,0,0,,,0,
20,16454,23,MCH1,000000000420000358                      ISN0424,,,0,,0,0,0,,,0,
20,16455,23,MCH1,000000000420000358                      ISN0425,,,0,,0,0,0,,,0,
20,16456,23,MCH1,000000000420000319                      MPL0201,,,0,,0,0,0,,,0,
20,16457,23,MCH1,000000000420000319                      MPL0202,,,0,,0,0,0,,,0,
20,16458,23,MCH1,000000000420000319                      MPL0203,,,0,,0,0,0,,,0,
20,16459,23,MCH1,000000000420000319                      MPL0204,,,0,,0,0,0,,,0,
20,16460,23,MCH1,000000000420000319                      MPL0301,,,0,,0,0,0,,,0,
20,16461,23,MCH1,000000000420000319                      MPL0302,,,0,,0,0,0,,,0,
20,16462,23,MCH1,000000000420000319                      MPL0303,,,0,,0,0,0,,,0,
20,16463,23,MCH1,000000000420000319                      MPL0304,,,0,,0,0,0,,,0,
20,16464,23,MCH1,000000000420000319                      MPL0305,,,0,,0,0,0,,,0,
20,16465,23,MCH1,000000000420000319                      MPL0306,,,0,,0,0,0,,,0,
20,16466,23,MCH1,000000000420000319                      MPL0307,,,0,,0,0,0,,,0,
20,16467,23,MCH1,000000000420000319                      MPL0308,,,0,,0,0,0,,,0,
20,16468,23,MCH1,000000000420000319                      MPL0309,,,0,,0,0,0,,,0,
20,16469,23,MCH1,000000000420000319                      MPL0310,,,0,,0,0,0,,,0,
20,16470,23,MCH1,000000000420000319                      MPL0401,,,0,,0,0,0,,,0,
20,16471,23,MCH1,000000000420000319                      MPL0402,,,0,,0,0,0,,,0,
20,16472,23,MCH1,000000000420000319                      MPL0403,,,0,,0,0,0,,,0,
20,16473,23,MCH1,000000000420000320                      MMF0201,,,0,,0,0,0,,,0,
20,16474,23,MCH1,000000000420000320                      MMF0202,,,0,,0,0,0,,,0,
20,16475,23,MCH1,000000000420000320                      MMF0203,,,0,,0,0,0,,,0,
20,16476,23,MCH1,000000000420000320                      MMF0301,,,0,,0,0,0,,,0,
20,16477,23,MCH1,000000000420000320                      MMF0302,,,0,,0,0,0,,,0,
20,16478,23,MCH1,000000000420000320                      MMF0303,,,0,,0,0,0,,,0,
20,16479,23,MCH1,000000000420000320                      MMF0304,,,0,,0,0,0,,,0,
20,16480,23,MCH1,000000000420000320                      MMF0305,,,0,,0,0,0,,,0,
20,16481,23,MCH1,000000000420000320                      MMF0306,,,0,,0,0,0,,,0,
20,16482,23,MCH1,000000000420000320                      MMF0307,,,0,,0,0,0,,,0,
20,16483,23,MCH1,000000000420000320                      MMF0308,,,0,,0,0,0,,,0,
20,16484,23,MCH1,000000000420000320                      MMF0309,,,0,,0,0,0,,,0,
20,16485,23,MCH1,000000000420000320                      MMF0310,,,0,,0,0,0,,,0,
20,16486,23,MCH1,000000000420000320                      MMF0311,,,0,,0,0,0,,,0,
20,16487,23,MCH1,000000000420000320                      MMF0312,,,0,,0,0,0,,,0,
20,16488,23,MCH1,000000000420000320                      MMF0313,,,0,,0,0,0,,,0,
20,16786,23,MCH1,000000000420000359                      ISH0316,,,0,,0,0,0,,,0,
20,16787,23,MCH1,000000000420000359                      ISH0317,,,0,,0,0,0,,,0,
20,16788,23,MCH1,000000000420000359                      ISH0318,,,0,,0,0,0,,,0,
20,16789,23,MCH1,000000000420000359                      ISH0319,,,0,,0,0,0,,,0,
20,16790,23,MCH1,000000000420000359                      ISH0320,,,0,,0,0,0,,,0,
20,16791,23,MCH1,000000000420000359                      ISH0401,,,0,,0,0,0,,,0,
20,16792,23,MCH1,000000000420000359                      ISH0402,,,0,,0,0,0,,,0,
20,16793,23,MCH1,000000000420000359                      ISH0403,,,0,,0,0,0,,,0,
20,16794,23,MCH1,000000000420000359                      ISH0404,,,0,,0,0,0,,,0,
20,16795,23,MCH1,000000000420000359                      ISH0405,,,0,,0,0,0,,,0,
20,16796,23,MCH1,000000000420000359                      ISH0406,,,0,,0,0,0,,,0,
20,16797,23,MCH1,000000000420000359                      ISH0407,,,0,,0,0,0,,,0,
20,16798,23,MCH1,000000000420000359                      ISH0408,,,0,,0,0,0,,,0,
20,16799,23,MCH1,000000000420000359                      ISH0409,,,0,,0,0,0,,,0,
20,16800,23,MCH1,000000000420000359                      ISH0410,,,0,,0,0,0,,,0,
20,16801,23,MCH1,000000000420000359                      ISH0411,,,0,,0,0,0,,,0,
20,16802,23,MCH1,000000000420000359                      ISH0413,,,0,,0,0,0,,,0,
20,16803,23,MCH1,000000000420000359                      ISH0414,,,0,,0,0,0,,,0,
20,16804,23,MCH1,000000000420000359                      ISH0415,,,0,,0,0,0,,,0,
20,16805,23,MCH1,000000000420000359                      ISH0416,,,0,,0,0,0,,,0,
20,16806,23,MCH1,000000000420000359                      ISH0417,,,0,,0,0,0,,,0,
20,16807,23,MCH1,000000000420000359                      ISH0418,,,0,,0,0,0,,,0,
20,16808,23,MCH1,000000000420000359                      ISH0419,,,0,,0,0,0,,,0,
20,16809,23,MCH1,000000000420000359                      ISH0420,,,0,,0,0,0,,,0,
20,16810,23,MCH1,000000000420000359                      ISH0421,,,0,,0,0,0,,,0,
20,16811,23,MCH1,000000000420000359                      ISH0422,,,0,,0,0,0,,,0,
20,16812,23,MCH1,000000000420000359                      ISH0423,,,0,,0,0,0,,,0,
20,16813,23,MCH1,000000000420000359                      ISH0424,,,0,,0,0,0,,,0,
20,16814,23,MCH1,000000000420000359                      ISH0425,,,0,,0,0,0,,,0,
20,16815,23,MCH1,000000000420000359                      ISH0426,,,0,,0,0,0,,,0,
20,16816,23,MCH1,000000000420000359                      ISH0427,,,0,,0,0,0,,,0,
20,16817,23,MCH1,000000000420000359                      ISH0428,,,0,,0,0,0,,,0,
20,16818,23,MCH1,000000000420000359                      ISH0429,,,0,,0,0,0,,,0,
20,16819,23,MCH1,000000000420000359                      ISH0430,,,0,,0,0,0,,,0,
20,16820,23,MCH1,000000000420000204                      AR30801,,,0,,0,0,0,,,0,
20,16821,23,MCH1,000000000420000204                      CU40101,,,0,,0,0,0,,,0,
20,16822,23,MCH1,000000000420000204                      CU40202,,,0,,0,0,0,,,0,
20,16823,23,MCH1,000000000420000204                      EP21001,,,0,,0,0,0,,,0,
20,16824,23,MCH1,000000000420000204                      EP21202,,,0,,0,0,0,,,0,
20,16825,23,MCH1,000000000420000204                      EP30101,,,0,,0,0,0,,,0,
20,16826,23,MCH1,000000000420000204                      EP30301,,,0,,0,0,0,,,0,
20,16827,23,MCH1,000000000420000206                      AR30801,,,0,,0,0,0,,,0,
20,16828,23,MCH1,000000000420000206                      AR31103,,,0,,0,0,0,,,0,
20,16829,23,MCH1,000000000420000206                      AR31205,,,0,,0,0,0,,,0,
20,16830,23,MCH1,000000000420000206                      AR31206,,,0,,0,0,0,,,0,
20,16831,23,MCH1,000000000420000206                      CU40101,,,0,,0,0,0,,,0,
20,16832,23,MCH1,000000000420000206                      CU40102,,,0,,0,0,0,,,0,
20,16833,23,MCH1,000000000420000206                      CU40203,,,0,,0,0,0,,,0,
20,16834,23,MCH1,000000000420000206                      CU40204,,,0,,0,0,0,,,0,
20,16835,23,MCH1,000000000420000206                      CU40305,,,0,,0,0,0,,,0,
20,16836,23,MCH1,000000000420000206                      CU40306,,,0,,0,0,0,,,0,
20,16837,23,MCH1,000000000420000206                      CU40407,,,0,,0,0,0,,,0,
20,16838,23,MCH1,000000000420000206                      CU40408,,,0,,0,0,0,,,0,
20,16839,23,MCH1,000000000420000206                      CU40409,,,0,,0,0,0,,,0,
20,16840,23,MCH1,000000000420000206                      CU40510,,,0,,0,0,0,,,0,
20,16841,23,MCH1,000000000420000206                      CU40511,,,0,,0,0,0,,,0,
20,16842,23,MCH1,000000000420000206                      EP21001,,,0,,0,0,0,,,0,
20,16843,23,MCH1,000000000420000206                      EP21102,,,0,,0,0,0,,,0,
20,16844,23,MCH1,000000000420000206                      EP21203,,,0,,0,0,0,,,0,
20,16845,23,MCH1,000000000420000206                      EP30101,,,0,,0,0,0,,,0,
20,16846,23,MCH1,000000000420000206                      EP30202,,,0,,0,0,0,,,0,
20,16847,23,MCH1,000000000420000206                      EP30203,,,0,,0,0,0,,,0,
20,16848,23,MCH1,000000000420000206                      EP30304,,,0,,0,0,0,,,0,
20,16849,23,MCH1,000000000420000206                      EP30305,,,0,,0,0,0,,,0,
20,16850,23,MCH1,000000000420000206                      EP30406,,,0,,0,0,0,,,0,
20,16851,23,MCH1,000000000420000206                      EP30407,,,0,,0,0,0,,,0,
20,16852,23,MCH1,000000000420000206                      EP30508,,,0,,0,0,0,,,0,
20,16853,23,MCH1,000000000420000206                      EP30609,,,0,,0,0,0,,,0,
20,16854,23,MCH1,000000000420000206                      EP30610,,,0,,0,0,0,,,0,
20,16855,23,MCH1,000000000420000206                      EP30611,,,0,,0,0,0,,,0,
20,16856,23,MCH1,000000000420000206                      EP30612,,,0,,0,0,0,,,0,
20,16857,23,MCH1,000000000420000318                      MPH0201,,,0,,0,0,0,,,0,
20,16858,23,MCH1,000000000420000318                      MPH0202,,,0,,0,0,0,,,0,
20,16859,23,MCH1,000000000420000030                      JAR0301,,,0,,0,0,0,,,0,
20,16860,23,MCH1,000000000420000030                      JAR0302,,,0,,0,0,0,,,0,
20,16861,23,MCH1,000000000420000030                      JAR0303,,,0,,0,0,0,,,0,
20,16862,23,MCH1,000000000420000030                      JAR0304,,,0,,0,0,0,,,0,
20,16863,23,MCH1,000000000420000030                      JAR0401,,,0,,0,0,0,,,0,
20,16864,23,MCH1,000000000420000030                      JAR0402,,,0,,0,0,0,,,0,
20,16865,23,MCH1,000000000420000030                      JAR0403,,,0,,0,0,0,,,0,
20,16866,23,MCH1,000000000420000030                      JAR0404,,,0,,0,0,0,,,0,
20,16867,23,MCH1,000000000420000030                      JAR0405,,,0,,0,0,0,,,0,
20,16868,23,MCH1,000000000420000030                      JAR0406,,,0,,0,0,0,,,0,
20,16869,23,MCH1,000000000420000030                      JAR0407,,,0,,0,0,0,,,0,
20,16870,23,MCH1,000000000420000030                      JAR0408,,,0,,0,0,0,,,0,
20,16871,23,MCH1,000000000420000030                      JAR0409,,,0,,0,0,0,,,0,
20,16872,23,MCH1,000000000420000030                      JAR0410,,,0,,0,0,0,,,0,
20,16873,23,MCH1,000000000420000030                      JAR0411,,,0,,0,0,0,,,0,
20,16874,23,MCH1,000000000420000030                      JAR0412,,,0,,0,0,0,,,0,
20,16875,23,MCH1,000000000420000030                      JAR0413,,,0,,0,0,0,,,0,
20,16876,23,MCH1,000000000420000030                      JAR0414,,,0,,0,0,0,,,0,
20,16877,23,MCH1,000000000420000030                      JAR0415,,,0,,0,0,0,,,0,
20,16878,23,MCH1,000000000420000030                      JAR0416,,,0,,0,0,0,,,0,
20,16879,23,MCH1,000000000420000030                      JAR0417,,,0,,0,0,0,,,0,
20,16880,23,MCH1,000000000420000030                      JAR0418,,,0,,0,0,0,,,0,
20,16881,23,MCH1,000000000420000030                      JAR0419,,,0,,0,0,0,,,0,
20,16882,23,MCH1,000000000420000030                      JAR0420,,,0,,0,0,0,,,0,
20,16883,23,MCH1,000000000420000030                      JAR0421,,,0,,0,0,0,,,0,
20,16884,23,MCH1,000000000420000030                      JAR0422,,,0,,0,0,0,,,0,
20,17281,23,MCH1,000000000420000242                      FMEU0304,,,0,,0,0,0,,,0,
20,17282,23,MCH1,000000000420000242                      FMEU0305,,,0,,0,0,0,,,0,
20,17283,23,MCH1,000000000420000242                      FMEU0306,,,0,,0,0,0,,,0,
20,17284,23,MCH1,000000000420000242                      FMEU0307,,,0,,0,0,0,,,0,
20,17285,23,MCH1,000000000420000242                      FMEU0308,,,0,,0,0,0,,,0,
20,17286,23,MCH1,000000000420000242                      FMEU0309,,,0,,0,0,0,,,0,
20,17287,23,MCH1,000000000420000242                      FMEU0310,,,0,,0,0,0,,,0,
20,17288,23,MCH1,000000000420000242                      FMEU0311,,,0,,0,0,0,,,0,
20,17289,23,MCH1,000000000420000242                      FMEU0402,,,0,,0,0,0,,,0,
20,17290,23,MCH1,000000000420000242                      FMEU0403,,,0,,0,0,0,,,0,
20,17291,23,MCH1,000000000420000242                      FMEU0404,,,0,,0,0,0,,,0,
20,17292,23,MCH1,000000000420000242                      FMEU0405,,,0,,0,0,0,,,0,
20,17293,23,MCH1,000000000420000242                      FMEU0406,,,0,,0,0,0,,,0,
20,17294,23,MCH1,000000000420000242                      FMEU0407,,,0,,0,0,0,,,0,
20,17295,23,MCH1,000000000420000242                      FMEU0408,,,0,,0,0,0,,,0,
20,17296,23,MCH1,000000000420000242                      FMEU0409,,,0,,0,0,0,,,0,
20,17297,23,MCH1,000000000420000242                      FMEU0410,,,0,,0,0,0,,,0,
20,17298,23,MCH1,000000000420000242                      FMEU0411,,,0,,0,0,0,,,0,
20,17299,23,MCH1,000000000420000242                      FMEU0412,,,0,,0,0,0,,,0,
20,17300,23,MCH1,000000000420000137                      H074001,,,0,,0,0,0,,,0,
20,17301,23,MCH1,000000000420000137                      H074002,,,0,,0,0,0,,,0,
20,17302,23,MCH1,000000000420000136                      H084001,,,0,,0,0,0,,,0,
20,17303,23,MCH1,000000000420000136                      H084002,,,0,,0,0,0,,,0,
20,17304,23,MCH1,000000000420000136                      H084003,,,0,,0,0,0,,,0,
20,17305,23,MCH1,000000000420000238                      E0012,,,0,,0,0,0,,,0,
20,17306,23,MCH1,000000000420000238                      E0553,,,0,,0,0,0,,,0,
20,17307,23,MCH1,000000000420000238                      E0554,,,0,,0,0,0,,,0,
20,17308,23,MCH1,000000000420000238                      E0802,,,0,,0,0,0,,,0,
20,17309,23,MCH1,000000000420000238                      E1290,,,0,,0,0,0,,,0,
20,17310,23,MCH1,000000000420000238                      E2225,,,0,,0,0,0,,,0,
20,17311,23,MCH1,000000000420000338                      JQH0304,,,0,,0,0,0,,,0,
20,17312,23,MCH1,000000000420000338                      JQH0305,,,0,,0,0,0,,,0,
20,17313,23,MCH1,000000000420000338                      JQH0401,,,0,,0,0,0,,,0,
20,17314,23,MCH1,000000000420000338                      JQH0402,,,0,,0,0,0,,,0,
20,17315,23,MCH1,000000000420000338                      JQH0403,,,0,,0,0,0,,,0,
20,17316,23,MCH1,000000000420000338                      JQH0404,,,0,,0,0,0,,,0,
20,17317,23,MCH1,000000000420000338                      JQH0405,,,0,,0,0,0,,,0,
20,17318,23,MCH1,000000000420000338                      JQH0406,,,0,,0,0,0,,,0,
20,17319,23,MCH1,000000000420000338                      JQH0407,,,0,,0,0,0,,,0,
20,17320,23,MCH1,000000000420000338                      JQH0408,,,0,,0,0,0,,,0,
20,17321,23,MCH1,000000000420000338                      JQH0409,,,0,,0,0,0,,,0,
20,17322,23,MCH1,000000000420000338                      JQH0410,,,0,,0,0,0,,,0,
20,17323,23,MCH1,000000000420000338                      JQH0411,,,0,,0,0,0,,,0,
20,17324,23,MCH1,000000000420000338                      JQH0412,,,0,,0,0,0,,,0,
20,17325,23,MCH1,000000000420000338                      JQH0413,,,0,,0,0,0,,,0,
20,17326,23,MCH1,000000000420000338                      JQH0414,,,0,,0,0,0,,,0,
20,17327,23,MCH1,000000000420000338                      JQH0415,,,0,,0,0,0,,,0,
20,17328,23,MCH1,000000000420000338                      JQH0416,,,0,,0,0,0,,,0,
20,17329,23,MCH1,000000000420000338                      JQH0417,,,0,,0,0,0,,,0,
20,17330,23,MCH1,000000000420000338                      JQH0418,,,0,,0,0,0,,,0,
20,17331,23,MCH1,000000000420000338                      JQH0419,,,0,,0,0,0,,,0,
20,17332,23,MCH1,000000000420000248                      MHT0401,,,0,,0,0,0,,,0,
20,17333,23,MCH1,000000000420000248                      MHT0402,,,0,,0,0,0,,,0,
20,17334,23,MCH1,000000000420000248                      MHT0403,,,0,,0,0,0,,,0,
20,17335,23,MCH1,000000000420000248                      MHT0404,,,0,,0,0,0,,,0,
20,17336,23,MCH1,000000000420000248                      MHT0405,,,0,,0,0,0,,,0,
20,17337,23,MCH1,000000000420000248                      MHT0406,,,0,,0,0,0,,,0,
20,17338,23,MCH1,000000000420000248                      MHT0407,,,0,,0,0,0,,,0,
20,17339,23,MCH1,000000000420000248                      MHT0408,,,0,,0,0,0,,,0,
20,17340,23,MCH1,000000000420000248                      MHT0409,,,0,,0,0,0,,,0,
20,17341,23,MCH1,000000000420000432                      ICN0409,,,0,,0,0,0,,,0,
20,17342,23,MCH1,000000000420000432                      ICT0306,,,0,,0,0,0,,,0,
20,17343,23,MCH1,000000000420000432                      ICT0401,,,0,,0,0,0,,,0,
20,17344,23,MCH1,000000000420000432                      ICT0402,,,0,,0,0,0,,,0,
20,17345,23,MCH1,000000000420000432                      ICT0403,,,0,,0,0,0,,,0,
20,17346,23,MCH1,000000000420000432                      ICT0404,,,0,,0,0,0,,,0,
20,17347,23,MCH1,000000000420000432                      ICT0405,,,0,,0,0,0,,,0,
20,17348,23,MCH1,000000000420000432                      ICT0406,,,0,,0,0,0,,,0,
20,17349,23,MCH1,000000000420000432                      ICT0407,,,0,,0,0,0,,,0,
20,17350,23,MCH1,000000000420000432                      ICT0408,,,0,,0,0,0,,,0,
20,17351,23,MCH1,000000000420000432                      ICT0409,,,0,,0,0,0,,,0,
20,17352,23,MCH1,000000000420000432                      ICT0410,,,0,,0,0,0,,,0,
20,17353,23,MCH1,000000000420000432                      ICT0411,,,0,,0,0,0,,,0,
20,17354,23,MCH1,000000000420000502                      JRE0402,,,0,,0,0,0,,,0,
20,17355,23,MCH1,000000000420000502                      JRE0403,,,0,,0,0,0,,,0,
20,17356,23,MCH1,000000000420000502                      JRE0404,,,0,,0,0,0,,,0,
20,17357,23,MCH1,000000000420000523                      MZT0401,,,0,,0,0,0,,,0,
20,17358,23,MCH1,000000000420000523                      MZT0402,,,0,,0,0,0,,,0,
20,17359,23,MCH1,000000000420000523                      MZT0403,,,0,,0,0,0,,,0,
20,17360,23,MCH1,000000000420000523                      MZT0404,,,0,,0,0,0,,,0,
20,17361,23,MCH1,000000000420000523                      MZT0405,,,0,,0,0,0,,,0,
20,17362,23,MCH1,000000000420000523                      MZT0406,,,0,,0,0,0,,,0,
20,17363,23,MCH1,000000000420000523                      MZT0407,,,0,,0,0,0,,,0,
20,17364,23,MCH1,000000000420000523                      MZT0408,,,0,,0,0,0,,,0,
20,17365,23,MCH1,000000000420000523                      MZT0409,,,0,,0,0,0,,,0,
20,17366,23,MCH1,000000000420000523                      MZT0410,,,0,,0,0,0,,,0,
20,17367,23,MCH1,000000000420000523                      MZT0411,,,0,,0,0,0,,,0,
20,17368,23,MCH1,000000000420000523                      MZT0412,,,0,,0,0,0,,,0,
20,17369,23,MCH1,000000000420000523                      MZT0413,,,0,,0,0,0,,,0,
20,17370,23,MCH1,000000000420000523                      MZT0414,,,0,,0,0,0,,,0,
20,17371,23,MCH1,000000000420000523                      MZT0415,,,0,,0,0,0,,,0,
20,17372,23,MCH1,000000000420000523                      MZT0416,,,0,,0,0,0,,,0,
20,17373,23,MCH1,000000000420000523                      MZT0417,,,0,,0,0,0,,,0,
20,17374,23,MCH1,000000000420000523                      MZT0418,,,0,,0,0,0,,,0,
20,17375,23,MCH1,000000000420000521                      MZC0401,,,0,,0,0,0,,,0,
20,17376,23,MCH1,000000000420000521                      MZC0402,,,0,,0,0,0,,,0,
20,17377,23,MCH1,000000000420000521                      MZC0403,,,0,,0,0,0,,,0,
20,17378,23,MCH1,000000000420000521                      MZC0404,,,0,,0,0,0,,,0,
20,17379,23,MCH1,000000000420000521                      MZC0405,,,0,,0,0,0,,,0,
20,17672,23,MCH1,000000000420030002                      CU40414,,,0,,0,0,0,,,0,
20,17673,23,MCH1,000000000420030002                      CU40515,,,0,,0,0,0,,,0,
20,17674,23,MCH1,000000000420030002                      CU40516,,,0,,0,0,0,,,0,
20,17675,23,MCH1,000000000420030002                      CU40517,,,0,,0,0,0,,,0,
20,17676,23,MCH1,000000000420030003                      CU40407,,,0,,0,0,0,,,0,
20,17677,23,MCH1,000000000420030003                      CU40508,,,0,,0,0,0,,,0,
20,17678,23,MCH1,000000000420030003                      CU40509,,,0,,0,0,0,,,0,
20,17679,23,MCH1,000000000420030001                      CU40501,,,0,,0,0,0,,,0,
20,17680,23,MCH1,000000000420030001                      CU40602,,,0,,0,0,0,,,0,
20,17681,23,MCH1,000000000420030022                      SM30730,,,0,,0,0,0,,,0,
20,17682,23,MCH1,000000000420030036                      NTM0303,,,0,,0,0,0,,,0,
20,17683,23,MCH1,000000000420030048                      CU40504,,,0,,0,0,0,,,0,
20,17684,23,MCH1,000000000420030048                      CU40605,,,0,,0,0,0,,,0,
20,17685,23,MCH1,000000000420030049                      CU40502,,,0,,0,0,0,,,0,
20,17686,23,MCH1,000000000420030057                      CU40308,,,0,,0,0,0,,,0,
20,17687,23,MCH1,000000000420030057                      CU40411,,,0,,0,0,0,,,0,
20,17688,23,MCH1,000000000420030057                      CU40413,,,0,,0,0,0,,,0,
20,17689,23,MCH1,000000000420030057                      CU40610,,,0,,0,0,0,,,0,
20,17690,23,MCH1,000000000420030057                      CU40615,,,0,,0,0,0,,,0,
20,17691,23,MCH1,000000000420030057                      CU40616,,,0,,0,0,0,,,0,
20,17692,23,MCH1,000000000420030057                      CU40617,,,0,,0,0,0,,,0,
20,17693,23,MCH1,000000000420030057                      CU40618,,,0,,0,0,0,,,0,
20,17694,23,MCH1,000000000420030057                      CU40619,,,0,,0,0,0,,,0,
20,17695,23,MCH1,000000000420030057                      CU40620,,,0,,0,0,0,,,0,
20,17696,23,MCH1,000000000420030059                      EP30503,,,0,,0,0,0,,,0,
20,17697,23,MCH1,000000000420030053                      CU40503,,,0,,0,0,0,,,0,
20,17698,23,MCH1,000000000420030054                      EP20909,,,0,,0,0,0,,,0,
20,17699,23,MCH1,000000000420030054                      CU40412,,,0,,0,0,0,,,0,
20,17700,23,MCH1,000000000420030054                      CU40522,,,0,,0,0,0,,,0,
20,17701,23,MCH1,000000000420030054                      CU40523,,,0,,0,0,0,,,0,
20,17702,23,MCH1,000000000420030054                      CU40524,,,0,,0,0,0,,,0,
20,17703,23,MCH1,000000000420030054                      CU40625,,,0,,0,0,0,,,0,
20,17704,23,MCH1,000000000420030054                      CU40726,,,0,,0,0,0,,,0,
20,17705,23,MCH1,000000000420030054                      CU40727,,,0,,0,0,0,,,0,
20,17706,23,MCH1,000000000420030054                      CU40728,,,0,,0,0,0,,,0,
20,17707,23,MCH1,000000000420030054                      CU40729,,,0,,0,0,0,,,0,
20,17708,23,MCH1,000000000420030055                      AR30801,,,0,,0,0,0,,,0,
20,17709,23,MCH1,000000000420030055                      CU40306,,,0,,0,0,0,,,0,
20,17710,23,MCH1,000000000420030055                      CU40408,,,0,,0,0,0,,,0,
20,17711,23,MCH1,000000000420030055                      CU40510,,,0,,0,0,0,,,0,
20,17712,23,MCH1,000000000420030055                      CU40612,,,0,,0,0,0,,,0,
20,17713,23,MCH1,000000000420030055                      CU40613,,,0,,0,0,0,,,0,
20,17714,23,MCH1,000000000420030055                      CU40614,,,0,,0,0,0,,,0,
20,17715,23,MCH1,000000000420030055                      CU40615,,,0,,0,0,0,,,0,
20,17716,23,MCH1,000000000420030058                      CU40406,,,0,,0,0,0,,,0,
20,17717,23,MCH1,000000000420030058                      CU40508,,,0,,0,0,0,,,0,
20,17718,23,MCH1,000000000420030056                      CU40404,,,0,,0,0,0,,,0,
20,17719,23,MCH1,000000000420030056                      CU40605,,,0,,0,0,0,,,0,
20,17720,23,MCH1,000000000420030056                      CU40606,,,0,,0,0,0,,,0,
20,17721,23,MCH1,000000000420030060                      CU40401,,,0,,0,0,0,,,0,
20,17722,23,MCH1,000000000420030060                      CU40603,,,0,,0,0,0,,,0,
20,17723,23,MCH1,000000000420030060                      CU40604,,,0,,0,0,0,,,0,
20,17724,23,MCH1,000000000420030061                      CU40401,,,0,,0,0,0,,,0,
20,17725,23,MCH1,000000000420030061                      CU40402,,,0,,0,0,0,,,0,
20,17726,23,MCH1,000000000420030061                      CU40603,,,0,,0,0,0,,,0,
20,17727,23,MCH1,000000000420030061                      CU40604,,,0,,0,0,0,,,0,
20,17728,23,MCH1,000000000420030067                      OM30601,,,0,,0,0,0,,,0,
20,17729,23,MCH1,000000000420030067                      OM30902,,,0,,0,0,0,,,0,
20,17730,23,MCH1,000000000420030064                      CLT026,,,0,,0,0,0,,,0,
20,17731,23,MCH1,000000000420030064                      CU40509,,,0,,0,0,0,,,0,
20,17732,23,MCH1,000000000420030064                      CU40610,,,0,,0,0,0,,,0,
20,17733,23,MCH1,000000000420030064                      CU40611,,,0,,0,0,0,,,0,
20,17734,23,MCH1,000000000420030064                      CU40612,,,0,,0,0,0,,,0,
20,17735,23,MCH1,000000000420030064                      CU40613,,,0,,0,0,0,,,0,
20,17736,23,MCH1,000000000420030064                      CU40614,,,0,,0,0,0,,,0,
20,17737,23,MCH1,000000000420030064                      CU40615,,,0,,0,0,0,,,0,
20,17738,23,MCH1,000000000420030064                      CU40616,,,0,,0,0,0,,,0,
20,17739,23,MCH1,000000000420030064                      CU40617,,,0,,0,0,0,,,0,
20,17740,23,MCH1,000000000420030064                      CU40818,,,0,,0,0,0,,,0,
20,17741,23,MCH1,000000000420030064                      CU40819,,,0,,0,0,0,,,0,
20,17742,23,MCH1,000000000420030064                      CU40820,,,0,,0,0,0,,,0,
20,17743,23,MCH1,000000000420030065                      CU40505,,,0,,0,0,0,,,0,
20,17744,23,MCH1,000000000420030065                      CU40606,,,0,,0,0,0,,,0,
20,17745,23,MCH1,000000000420030065                      CU40607,,,0,,0,0,0,,,0,
20,17746,23,MCH1,000000000420030065                      CU40708,,,0,,0,0,0,,,0,
20,17747,23,MCH1,000000000420030065                      CU40709,,,0,,0,0,0,,,0,
20,17748,23,MCH1,000000000420030071                      SG40601,,,0,,0,0,0,,,0,
20,17749,23,MCH1,000000000420030071                      SG40602,,,0,,0,0,0,,,0,
20,17750,23,MCH1,000000000420030073                      CPA0223,,,0,,0,0,0,,,0,
20,17751,23,MCH1,000000000420030073                      CU40307,,,0,,0,0,0,,,0,
20,17752,23,MCH1,000000000420030073                      CU40308,,,0,,0,0,0,,,0,
20,17753,23,MCH1,000000000420030073                      CU40511,,,0,,0,0,0,,,0,
20,17754,23,MCH1,000000000420030073                      CU40613,,,0,,0,0,0,,,0,
20,17755,23,MCH1,000000000420030073                      CU40614,,,0,,0,0,0,,,0,
20,17756,23,MCH1,000000000420030073                      CU40615,,,0,,0,0,0,,,0,
20,17757,23,MCH1,000000000420030073                      CU40716,,,0,,0,0,0,,,0,
20,17758,23,MCH1,000000000420030073                      CU40817,,,0,,0,0,0,,,0,
20,17759,23,MCH1,000000000420030077                      CU40701,,,0,,0,0,0,,,0,
20,17760,23,MCH1,000000000420030077                      CU40702,,,0,,0,0,0,,,0,
20,17761,23,MCH1,000000000420030105                      KD30706,,,0,,0,0,0,,,0,
20,17762,23,MCH1,000000000420030105                      KD30707,,,0,,0,0,0,,,0,
20,17763,23,MCH1,000000000420030047                      EZ30104,,,0,,0,0,0,,,0,
20,17764,23,MCH1,000000000420030047                      EZ30207,,,0,,0,0,0,,,0,
20,17765,23,MCH1,000000000420030047                      EZ31210,,,0,,0,0,0,,,0,
20,17766,23,MCH1,000000000420030047                      EZ40101,,,0,,0,0,0,,,0,
20,17767,23,MCH1,000000000420030047                      EZ40202,,,0,,0,0,0,,,0,
20,17768,23,MCH1,000000000420030047                      EZ40303,,,0,,0,0,0,,,0,
20,17769,23,MCH1,000000000420030047                      EZ40404,,,0,,0,0,0,,,0,
20,17770,23,MCH1,000000000420030047                      EZ40606,,,0,,0,0,0,,,0,
20,18167,23,MCH1,000000000420030018                      MM31110,,,0,,0,0,0,,,0,
20,18168,23,MCH1,000000000420030018                      MM31111,,,0,,0,0,0,,,0,
20,18169,23,MCH1,000000000420030018                      MM31112,,,0,,0,0,0,,,0,
20,18170,23,MCH1,000000000420030018                      MM31213,,,0,,0,0,0,,,0,
20,18171,23,MCH1,000000000420030018                      MM31214,,,0,,0,0,0,,,0,
20,18172,23,MCH1,000000000420030018                      MM31215,,,0,,0,0,0,,,0,
20,18173,23,MCH1,000000000420030018                      MM31216,,,0,,0,0,0,,,0,
20,18174,23,MCH1,000000000420030018                      MM31217,,,0,,0,0,0,,,0,
20,18175,23,MCH1,000000000420030018                      MM31218,,,0,,0,0,0,,,0,
20,18176,23,MCH1,000000000420030018                      MM31219,,,0,,0,0,0,,,0,
20,18177,23,MCH1,000000000420030018                      MM31220,,,0,,0,0,0,,,0,
20,18178,23,MCH1,000000000420030018                      MM40101,,,0,,0,0,0,,,0,
20,18179,23,MCH1,000000000420030018                      MM40202,,,0,,0,0,0,,,0,
20,18180,23,MCH1,000000000420030018                      MM40203,,,0,,0,0,0,,,0,
20,18181,23,MCH1,000000000420030018                      MM40204,,,0,,0,0,0,,,0,
20,18182,23,MCH1,000000000420030018                      MM40305,,,0,,0,0,0,,,0,
20,18183,23,MCH1,000000000420030018                      MM40306,,,0,,0,0,0,,,0,
20,18184,23,MCH1,000000000420030018                      MM40407,,,0,,0,0,0,,,0,
20,18185,23,MCH1,000000000420030018                      MM40408,,,0,,0,0,0,,,0,
20,18186,23,MCH1,000000000420030018                      MM40409,,,0,,0,0,0,,,0,
20,18187,23,MCH1,000000000420030018                      MM40410,,,0,,0,0,0,,,0,
20,18188,23,MCH1,000000000420030018                      MM40511,,,0,,0,0,0,,,0,
20,18189,23,MCH1,000000000420030018                      MM40512,,,0,,0,0,0,,,0,
20,18190,23,MCH1,000000000420030018                      MM40513,,,0,,0,0,0,,,0,
20,18191,23,MCH1,000000000420030018                      MM40535,,,0,,0,0,0,,,0,
20,18192,23,MCH1,000000000420030008                      MM30703,,,0,,0,0,0,,,0,
20,18193,23,MCH1,000000000420030008                      MM30704,,,0,,0,0,0,,,0,
20,18194,23,MCH1,000000000420030008                      MM30805,,,0,,0,0,0,,,0,
20,18195,23,MCH1,000000000420030008                      MM30806,,,0,,0,0,0,,,0,
20,18196,23,MCH1,000000000420030008                      MM30701,,,0,,0,0,0,,,0,
20,18197,23,MCH1,000000000420030008                      MM30907,,,0,,0,0,0,,,0,
20,18198,23,MCH1,000000000420030008                      MM30908,,,0,,0,0,0,,,0,
20,18199,23,MCH1,000000000420030008                      MM30909,,,0,,0,0,0,,,0,
20,18200,23,MCH1,000000000420030008                      MM31010,,,0,,0,0,0,,,0,
20,18201,23,MCH1,000000000420030008                      MM31011,,,0,,0,0,0,,,0,
20,18202,23,MCH1,000000000420030008                      MM31012,,,0,,0,0,0,,,0,
20,18203,23,MCH1,000000000420030008                      MM31013,,,0,,0,0,0,,,0,
20,18204,23,MCH1,000000000420030008                      MM31114,,,0,,0,0,0,,,0,
20,18205,23,MCH1,000000000420030008                      MM31116,,,0,,0,0,0,,,0,
20,18206,23,MCH1,000000000420030008                      MM31117,,,0,,0,0,0,,,0,
20,18207,23,MCH1,000000000420030008                      MM31118,,,0,,0,0,0,,,0,
20,18208,23,MCH1,000000000420030008                      MM31219,,,0,,0,0,0,,,0,
20,18209,23,MCH1,000000000420030008                      MM31220,,,0,,0,0,0,,,0,
20,18210,23,MCH1,000000000420030008                      MM31221,,,0,,0,0,0,,,0,
20,18211,23,MCH1,000000000420030008                      MM31222,,,0,,0,0,0,,,0,
20,18212,23,MCH1,000000000420030008                      MM31223,,,0,,0,0,0,,,0,
20,18213,23,MCH1,000000000420030008                      MM31224,,,0,,0,0,0,,,0,
20,18214,23,MCH1,000000000420030008                      MM40101,,,0,,0,0,0,,,0,
20,18215,23,MCH1,000000000420030008                      MM40102,,,0,,0,0,0,,,0,
20,18216,23,MCH1,000000000420030008                      MM40103,,,0,,0,0,0,,,0,
20,18217,23,MCH1,000000000420030008                      MM40204,,,0,,0,0,0,,,0,
20,18218,23,MCH1,000000000420030008                      MM40205,,,0,,0,0,0,,,0,
20,18219,23,MCH1,000000000420030008                      MM40206,,,0,,0,0,0,,,0,
20,18220,23,MCH1,000000000420030008                      MM40207,,,0,,0,0,0,,,0,
20,18221,23,MCH1,000000000420030008                      MM40208,,,0,,0,0,0,,,0,
20,18222,23,MCH1,000000000420030008                      MM40309,,,0,,0,0,0,,,0,
20,18223,23,MCH1,000000000420030008                      MM40310,,,0,,0,0,0,,,0,
20,18224,23,MCH1,000000000420030008                      MM40311,,,0,,0,0,0,,,0,
20,18225,23,MCH1,000000000420030008                      MM40312,,,0,,0,0,0,,,0,
20,18226,23,MCH1,000000000420030008                      MM40313,,,0,,0,0,0,,,0,
20,18227,23,MCH1,000000000420030008                      MM40415,,,0,,0,0,0,,,0,
20,18228,23,MCH1,000000000420030008                      MM40416,,,0,,0,0,0,,,0,
20,18229,23,MCH1,000000000420030008                      MM40417,,,0,,0,0,0,,,0,
20,18230,23,MCH1,000000000420030008                      MM40418,,,0,,0,0,0,,,0,
20,18231,23,MCH1,000000000420030008                      MM40419,,,0,,0,0,0,,,0,
20,18232,23,MCH1,000000000420030008                      MM40420,,,0,,0,0,0,,,0,
20,18233,23,MCH1,000000000420030008                      MM40522,,,0,,0,0,0,,,0,
20,18234,23,MCH1,000000000420030008                      MM40523,,,0,,0,0,0,,,0,
20,18235,23,MCH1,000000000420030008                      MM40524,,,0,,0,0,0,,,0,
20,18236,23,MCH1,000000000420030008                      MM40525,,,0,,0,0,0,,,0,
20,18237,23,MCH1,000000000420030008                      MM40526,,,0,,0,0,0,,,0,
20,18238,23,MCH1,000000000420030009                      MM30704,,,0,,0,0,0,,,0,
20,18239,23,MCH1,000000000420030009                      MM30805,,,0,,0,0,0,,,0,
20,18240,23,MCH1,000000000420030009                      MM30806,,,0,,0,0,0,,,0,
20,18241,23,MCH1,000000000420030009                      MM30807,,,0,,0,0,0,,,0,
20,18242,23,MCH1,000000000420030009                      MM30808,,,0,,0,0,0,,,0,
20,18243,23,MCH1,000000000420030009                      MM30701,,,0,,0,0,0,,,0,
20,18244,23,MCH1,000000000420030009                      MM30702,,,0,,0,0,0,,,0,
20,18245,23,MCH1,000000000420030009                      MM30703,,,0,,0,0,0,,,0,
20,18246,23,MCH1,000000000420030009                      MM30909,,,0,,0,0,0,,,0,
20,18247,23,MCH1,000000000420030009                      MM30910,,,0,,0,0,0,,,0,
20,18248,23,MCH1,000000000420030009                      MM30911,,,0,,0,0,0,,,0,
20,18249,23,MCH1,000000000420030009                      MM30912,,,0,,0,0,0,,,0,
20,18250,23,MCH1,000000000420030009                      MM30913,,,0,,0,0,0,,,0,
20,18251,23,MCH1,000000000420030009                      MM30914,,,0,,0,0,0,,,0,
20,18252,23,MCH1,000000000420030009                      MM30915,,,0,,0,0,0,,,0,
20,18253,23,MCH1,000000000420030009                      MM31017,,,0,,0,0,0,,,0,
20,18254,23,MCH1,000000000420030009                      MM31018,,,0,,0,0,0,,,0,
20,18255,23,MCH1,000000000420030009                      MM31019,,,0,,0,0,0,,,0,
20,18256,23,MCH1,000000000420030009                      MM31020,,,0,,0,0,0,,,0,
20,18257,23,MCH1,000000000420030009                      MM31021,,,0,,0,0,0,,,0,
20,18258,23,MCH1,000000000420030009                      MM31022,,,0,,0,0,0,,,0,
20,18259,23,MCH1,000000000420030009                      MM31023,,,0,,0,0,0,,,0,
20,18260,23,MCH1,000000000420030009                      MM31026,,,0,,0,0,0,,,0,
20,18261,23,MCH1,000000000420030009                      MM31027,,,0,,0,0,0,,,0,
20,18262,23,MCH1,000000000420030009                      MM31128,,,0,,0,0,0,,,0,
20,18263,23,MCH1,000000000420030009                      MM31129,,,0,,0,0,0,,,0,
20,18264,23,MCH1,000000000420030009                      MM31130,,,0,,0,0,0,,,0,
20,18265,23,MCH1,000000000420030009                      MM31231,,,0,,0,0,0,,,0,
20,20166,23,MCH1,000000000420000543                      TAH0206,,,0,,0,0,0,,,0,
20,20167,23,MCH1,000000000420000543                      TAH0207,,,0,,0,0,0,,,0,
20,20168,23,MCH1,000000000420000543                      TAH0208,,,0,,0,0,0,,,0,
20,20169,23,MCH1,000000000420000543                      TAH0209,,,0,,0,0,0,,,0,
20,20170,23,MCH1,000000000420000544                      TAM0204,,,0,,0,0,0,,,0,
20,20171,23,MCH1,000000000420000544                      TAM0205,,,0,,0,0,0,,,0,
20,20172,23,MCH1,000000000420000544                      TAM0206,,,0,,0,0,0,,,0,
20,20173,23,MCH1,000000000420000547                      ACH0116,,,0,,0,0,0,,,0,
20,20174,23,MCH1,000000000420000547                      ACH0117,,,0,,0,0,0,,,0,
20,20175,23,MCH1,000000000420000547                      ACH0119,,,0,,0,0,0,,,0,
20,20176,23,MCH1,000000000420000547                      ACH0121,,,0,,0,0,0,,,0,
20,20177,23,MCH1,000000000420000547                      ACH0201,,,0,,0,0,0,,,0,
20,20178,23,MCH1,000000000420000547                      ACH0202,,,0,,0,0,0,,,0,
20,20179,23,MCH1,000000000420000547                      ACH0203,,,0,,0,0,0,,,0,
20,20180,23,MCH1,000000000420000547                      ACH0204,,,0,,0,0,0,,,0,
20,20181,23,MCH1,000000000420000547                      ACH0205,,,0,,0,0,0,,,0,
20,20182,23,MCH1,000000000420000547                      ACH0207,,,0,,0,0,0,,,0,
20,20183,23,MCH1,000000000420000547                      ACH0208,,,0,,0,0,0,,,0,
20,20184,23,MCH1,000000000420000547                      ACH0209,,,0,,0,0,0,,,0,
20,20185,23,MCH1,000000000420000547                      ACH0211,,,0,,0,0,0,,,0,
20,20186,23,MCH1,000000000420000547                      ACH0212,,,0,,0,0,0,,,0,
20,20187,23,MCH1,000000000420000547                      ACH0213,,,0,,0,0,0,,,0,
20,20188,23,MCH1,000000000420000547                      ACH0214,,,0,,0,0,0,,,0,
20,20189,23,MCH1,000000000420000547                      ACH0215,,,0,,0,0,0,,,0,
20,20190,23,MCH1,000000000420000547                      ACH0216,,,0,,0,0,0,,,0,
20,20191,23,MCH1,000000000420000548                      WCB014,,,0,,0,0,0,,,0,
20,20192,23,MCH1,000000000420000548                      WCB0201,,,0,,0,0,0,,,0,
20,20193,23,MCH1,000000000420000549                      ACS0205,,,0,,0,0,0,,,0,
20,20194,23,MCH1,000000000420000549                      ACS0206,,,0,,0,0,0,,,0,
20,20195,23,MCH1,000000000420000549                      ACS0207,,,0,,0,0,0,,,0,
20,20196,23,MCH1,000000000420000549                      ACS0208,,,0,,0,0,0,,,0,
20,20197,23,MCH1,000000000420000549                      ACS0209,,,0,,0,0,0,,,0,
20,20198,23,MCH1,000000000420000550                      ACL019,,,0,,0,0,0,,,0,
20,20199,23,MCH1,000000000420000550                      ACL0111,,,0,,0,0,0,,,0,
20,20200,23,MCH1,000000000420000550                      ACL0114,,,0,,0,0,0,,,0,
20,20201,23,MCH1,000000000420000550                      ACL0115,,,0,,0,0,0,,,0,
20,20202,23,MCH1,000000000420000550                      ACL0203,,,0,,0,0,0,,,0,
20,20203,23,MCH1,000000000420000550                      ACL0204,,,0,,0,0,0,,,0,
20,20204,23,MCH1,000000000420000550                      ACL0205,,,0,,0,0,0,,,0,
20,20205,23,MCH1,000000000420000550                      ACL0206,,,0,,0,0,0,,,0,
20,20206,23,MCH1,000000000420000550                      ACL0207,,,0,,0,0,0,,,0,
20,20207,23,MCH1,000000000420000550                      ACL0208,,,0,,0,0,0,,,0,
20,20208,23,MCH1,000000000420000550                      ACL0209,,,0,,0,0,0,,,0,
20,20209,23,MCH1,000000000420000550                      ACL0210,,,0,,0,0,0,,,0,
20,20210,23,MCH1,000000000420000550                      ACL0211,,,0,,0,0,0,,,0,
20,20211,23,MCH1,000000000420000551                      ACM019,,,0,,0,0,0,,,0,
20,20212,23,MCH1,000000000420000551                      ACM0111,,,0,,0,0,0,,,0,
20,20213,23,MCH1,000000000420000551                      ACM0201,,,0,,0,0,0,,,0,
20,20214,23,MCH1,000000000420000551                      ACM0202,,,0,,0,0,0,,,0,
20,20215,23,MCH1,000000000420000551                      ACM0203,,,0,,0,0,0,,,0,
20,20216,23,MCH1,000000000420000551                      ACM0204,,,0,,0,0,0,,,0,
20,20217,23,MCH1,000000000420000551                      ACM0205,,,0,,0,0,0,,,0,
20,20218,23,MCH1,000000000420000551                      ACM0206,,,0,,0,0,0,,,0,
20,20219,23,MCH1,000000000420000551                      ACM0207,,,0,,0,0,0,,,0,
20,20220,23,MCH1,000000000420000551                      ACM0208,,,0,,0,0,0,,,0,
20,20221,23,MCH1,000000000420000555                      ATH018,,,0,,0,0,0,,,0,
20,20222,23,MCH1,000000000420000555                      WTH0125,,,0,,0,0,0,,,0,
20,20223,23,MCH1,000000000420000555                      WTH0126,,,0,,0,0,0,,,0,
20,20224,23,MCH1,000000000420000555                      WTH0130,,,0,,0,0,0,,,0,
20,20225,23,MCH1,000000000420000555                      WTH0131,,,0,,0,0,0,,,0,
20,20226,23,MCH1,000000000420000555                      WTH0132,,,0,,0,0,0,,,0,
20,20227,23,MCH1,000000000420000555                      ATH019,,,0,,0,0,0,,,0,
20,20228,23,MCH1,000000000420000555                      ATH0110,,,0,,0,0,0,,,0,
20,20229,23,MCH1,000000000420000555                      ATH0111,,,0,,0,0,0,,,0,
20,20230,23,MCH1,000000000420000555                      ATH0112,,,0,,0,0,0,,,0,
20,20231,23,MCH1,000000000420000555                      ATH0113,,,0,,0,0,0,,,0,
20,20232,23,MCH1,000000000420000555                      WTH0137,,,0,,0,0,0,,,0,
20,20233,23,MCH1,000000000420000555                      WTH0138,,,0,,0,0,0,,,0,
20,20234,23,MCH1,000000000420000555                      ATH0114,,,0,,0,0,0,,,0,
20,20235,23,MCH1,000000000420000555                      ATH0115,,,0,,0,0,0,,,0,
20,20236,23,MCH1,000000000420000555                      WTH0203,,,0,,0,0,0,,,0,
20,20237,23,MCH1,000000000420000555                      WTH0207,,,0,,0,0,0,,,0,
20,20238,23,MCH1,000000000420000555                      WTH0209,,,0,,0,0,0,,,0,
20,20239,23,MCH1,000000000420000555                      WTH0211,,,0,,0,0,0,,,0,
20,20240,23,MCH1,000000000420000555                      WTH0212,,,0,,0,0,0,,,0,
20,20241,23,MCH1,000000000420000555                      ATH0201,,,0,,0,0,0,,,0,
20,20242,23,MCH1,000000000420000555                      WTH0215,,,0,,0,0,0,,,0,
20,20243,23,MCH1,000000000420000555                      WTH0216,,,0,,0,0,0,,,0,
20,20244,23,MCH1,000000000420000555                      WTH0220,,,0,,0,0,0,,,0,
20,20245,23,MCH1,000000000420000555                      WTH0221,,,0,,0,0,0,,,0,
20,20246,23,MCH1,000000000420000555                      WTH0222,,,0,,0,0,0,,,0,
20,20247,23,MCH1,000000000420000555                      WTH0227,,,0,,0,0,0,,,0,
20,20248,23,MCH1,000000000420000555                      WTH0229,,,0,,0,0,0,,,0,
20,20249,23,MCH1,000000000420000555                      WTH0230,,,0,,0,0,0,,,0,
20,20250,23,MCH1,000000000420000555                      WTH0231,,,0,,0,0,0,,,0,
20,20251,23,MCH1,000000000420000555                      WTH0232,,,0,,0,0,0,,,0,
20,20252,23,MCH1,000000000420000555                      WTH0234,,,0,,0,0,0,,,0,
20,20253,23,MCH1,000000000420000555                      WTH0235,,,0,,0,0,0,,,0,
20,20254,23,MCH1,000000000420000555                      WTH0238,,,0,,0,0,0,,,0,
20,20255,23,MCH1,000000000420000556                      ATS011,,,0,,0,0,0,,,0,
20,20256,23,MCH1,000000000420000556                      WTS0204,,,0,,0,0,0,,,0,
20,20257,23,MCH1,000000000420000556                      WTS0205,,,0,,0,0,0,,,0,
20,20258,23,MCH1,000000000420000556                      WTS0206,,,0,,0,0,0,,,0,
20,20259,23,MCH1,000000000420000556                      WTS0207,,,0,,0,0,0,,,0,
20,20260,23,MCH1,000000000420000556                      WTS0208,,,0,,0,0,0,,,0,
20,20261,23,MCH1,000000000420000557                      WTB0202,,,0,,0,0,0,,,0,
20,20262,23,MCH1,000000000420000557                      WTB0205,,,0,,0,0,0,,,0,
20,20263,23,MCH1,000000000420000557                      WTB0206,,,0,,0,0,0,,,0,
20,20264,23,MCH1,000000000420000557                      WTB0207,,,0,,0,0,0,,,0,
20,20661,23,MCH1,000000000420000544                      MM21206,,,0,,0,0,0,,,0,
20,20662,23,MCH1,000000000420000544                      MM21207,,,0,,0,0,0,,,0,
20,20663,23,MCH1,000000000420000544                      MM30101,,,0,,0,0,0,,,0,
20,20664,23,MCH1,000000000420000544                      MM30102,,,0,,0,0,0,,,0,
20,20665,23,MCH1,000000000420000544                      MM30103,,,0,,0,0,0,,,0,
20,20666,23,MCH1,000000000420000544                      MM30404,,,0,,0,0,0,,,0,
20,20667,23,MCH1,000000000420000544                      MM30405,,,0,,0,0,0,,,0,
20,20668,23,MCH1,000000000420000544                      MM30406,,,0,,0,0,0,,,0,
20,20669,23,MCH1,000000000420000544                      MM30407,,,0,,0,0,0,,,0,
20,20670,23,MCH1,000000000420000544                      MM30408,,,0,,0,0,0,,,0,
20,20671,23,MCH1,000000000420000544                      MM30409,,,0,,0,0,0,,,0,
20,20672,23,MCH1,000000000420000544                      MM30410,,,0,,0,0,0,,,0,
20,20673,23,MCH1,000000000420000544                      MM30411,,,0,,0,0,0,,,0,
20,20674,23,MCH1,000000000420000544                      MM30718,,,0,,0,0,0,,,0,
20,20675,23,MCH1,000000000420000544                      MM30723,,,0,,0,0,0,,,0,
20,20676,23,MCH1,000000000420000544                      MM31034,,,0,,0,0,0,,,0,
20,20677,23,MCH1,000000000420000544                      MM40210,,,0,,0,0,0,,,0,
20,20678,23,MCH1,000000000420000529                      DO21001,,,0,,0,0,0,,,0,
20,20679,23,MCH1,000000000420000529                      DO21002,,,0,,0,0,0,,,0,
20,20680,23,MCH1,000000000420000529                      DO21203,,,0,,0,0,0,,,0,
20,20681,23,MCH1,000000000420000529                      DO21204,,,0,,0,0,0,,,0,
20,20682,23,MCH1,000000000420000529                      OAC0301,,,0,,0,0,0,,,0,
20,20683,23,MCH1,000000000420000529                      OAC0302,,,0,,0,0,0,,,0,
20,20684,23,MCH1,000000000420000529                      OAC0303,,,0,,0,0,0,,,0,
20,20685,23,MCH1,000000000420000529                      OAC0304,,,0,,0,0,0,,,0,
20,20686,23,MCH1,000000000420000529                      OAC0305,,,0,,0,0,0,,,0,
20,20687,23,MCH1,000000000420000529                      OAC0306,,,0,,0,0,0,,,0,
20,20688,23,MCH1,000000000420000529                      OAC0307,,,0,,0,0,0,,,0,
20,20689,23,MCH1,000000000420000529                      OAC0308,,,0,,0,0,0,,,0,
20,20690,23,MCH1,000000000420000547                      SM21201,,,0,,0,0,0,,,0,
20,20691,23,MCH1,000000000420000547                      SM21202,,,0,,0,0,0,,,0,
20,20692,23,MCH1,000000000420000547                      SM21203,,,0,,0,0,0,,,0,
20,20693,23,MCH1,000000000420000547                      SM30105,,,0,,0,0,0,,,0,
20,20694,23,MCH1,000000000420000547                      SM30206,,,0,,0,0,0,,,0,
20,20695,23,MCH1,000000000420000547                      SM30207,,,0,,0,0,0,,,0,
20,20696,23,MCH1,000000000420000547                      SM30208,,,0,,0,0,0,,,0,
20,20697,23,MCH1,000000000420000547                      SM30729,,,0,,0,0,0,,,0,
20,20698,23,MCH1,000000000420000549                      SM21101,,,0,,0,0,0,,,0,
20,20699,23,MCH1,000000000420000549                      SM21102,,,0,,0,0,0,,,0,
20,20700,23,MCH1,000000000420000549                      SM21103,,,0,,0,0,0,,,0,
20,20701,23,MCH1,000000000420000549                      SM30301,,,0,,0,0,0,,,0,
20,20702,23,MCH1,000000000420000549                      SM30502,,,0,,0,0,0,,,0,
20,20703,23,MCH1,000000000420000549                      SM30503,,,0,,0,0,0,,,0,
20,20704,23,MCH1,000000000420000549                      SM30704,,,0,,0,0,0,,,0,
20,20705,23,MCH1,000000000420000550                      SM21101,,,0,,0,0,0,,,0,
20,20706,23,MCH1,000000000420000550                      SM30302,,,0,,0,0,0,,,0,
20,20707,23,MCH1,000000000420000550                      SM30711,,,0,,0,0,0,,,0,
20,20708,23,MCH1,000000000420000551                      SM30708,,,0,,0,0,0,,,0,
20,20709,23,MCH1,000000000420000547                      SM30101,,,0,,0,0,0,,,0,
20,20710,23,MCH1,000000000420000547                      SM30102,,,0,,0,0,0,,,0,
20,20711,23,MCH1,000000000420000547                      SM30103,,,0,,0,0,0,,,0,
20,20712,23,MCH1,000000000420000547                      SM30104,,,0,,0,0,0,,,0,
20,20713,23,MCH1,000000000420000547                      SM30209,,,0,,0,0,0,,,0,
20,20714,23,MCH1,000000000420000547                      SM30210,,,0,,0,0,0,,,0,
20,20715,23,MCH1,000000000420000547                      SM30311,,,0,,0,0,0,,,0,
20,20716,23,MCH1,000000000420000547                      SM30312,,,0,,0,0,0,,,0,
20,20717,23,MCH1,000000000420000547                      SM30313,,,0,,0,0,0,,,0,
20,20718,23,MCH1,000000000420000547                      SM30514,,,0,,0,0,0,,,0,
20,20719,23,MCH1,000000000420000547                      SM30515,,,0,,0,0,0,,,0,
20,20720,23,MCH1,000000000420000547                      SM30516,,,0,,0,0,0,,,0,
20,20721,23,MCH1,000000000420000547                      SM30517,,,0,,0,0,0,,,0,
20,20722,23,MCH1,000000000420000547                      SM30518,,,0,,0,0,0,,,0,
20,20723,23,MCH1,000000000420000547                      SM30519,,,0,,0,0,0,,,0,
20,20724,23,MCH1,000000000420000547                      SM30623,,,0,,0,0,0,,,0,
20,20725,23,MCH1,000000000420000547                      SM30620,,,0,,0,0,0,,,0,
20,20726,23,MCH1,000000000420000547                      SM30621,,,0,,0,0,0,,,0,
20,20727,23,MCH1,000000000420000547                      SM30622,,,0,,0,0,0,,,0,
20,20728,23,MCH1,000000000420000550                      SM21102,,,0,,0,0,0,,,0,
20,20729,23,MCH1,000000000420000550                      SM21103,,,0,,0,0,0,,,0,
20,20730,23,MCH1,000000000420000550                      SM30301,,,0,,0,0,0,,,0,
20,20731,23,MCH1,000000000420000550                      SM30503,,,0,,0,0,0,,,0,
20,20732,23,MCH1,000000000420000550                      SM30504,,,0,,0,0,0,,,0,
20,20733,23,MCH1,000000000420000550                      SM30505,,,0,,0,0,0,,,0,
20,20734,23,MCH1,000000000420000550                      SM30506,,,0,,0,0,0,,,0,
20,20735,23,MCH1,000000000420000551                      SM21101,,,0,,0,0,0,,,0,
20,20736,23,MCH1,000000000420000551                      SM21102,,,0,,0,0,0,,,0,
20,20737,23,MCH1,000000000420000551                      SM21103,,,0,,0,0,0,,,0,
20,20738,23,MCH1,000000000420000551                      SM30101,,,0,,0,0,0,,,0,
20,20739,23,MCH1,000000000420000551                      SM30202,,,0,,0,0,0,,,0,
20,20740,23,MCH1,000000000420000551                      SM30503,,,0,,0,0,0,,,0,
20,20741,23,MCH1,000000000420000551                      SM30504,,,0,,0,0,0,,,0,
20,20742,23,MCH1,000000000420000551                      SM30505,,,0,,0,0,0,,,0,
20,20743,23,MCH1,000000000420000551                      SM30506,,,0,,0,0,0,,,0,
20,20744,23,MCH1,000000000420000565                      MLL0201,,,0,,0,0,0,,,0,
20,20745,23,MCH1,000000000420000565                      MLL0202,,,0,,0,0,0,,,0,
20,20746,23,MCH1,000000000420000565                      MLL0203,,,0,,0,0,0,,,0,
20,20747,23,MCH1,000000000420000565                      MLL0204,,,0,,0,0,0,,,0,
20,20748,23,MCH1,000000000420000579                      M21101,,,0,,0,0,0,,,0,
20,20749,23,MCH1,000000000420000579                      M21102,,,0,,0,0,0,,,0,
20,20750,23,MCH1,000000000420000579                      M21103,,,0,,0,0,0,,,0,
20,20751,23,MCH1,000000000420000579                      M30101,,,0,,0,0,0,,,0,
20,20752,23,MCH1,000000000420000586                      MZO0201,,,0,,0,0,0,,,0,
20,20753,23,MCH1,000000000420000586                      MZO0202,,,0,,0,0,0,,,0,
20,20754,23,MCH1,000000000420000586                      MZO0203,,,0,,0,0,0,,,0,
20,20755,23,MCH1,000000000420000586                      MZO0204,,,0,,0,0,0,,,0,
20,20756,23,MCH1,000000000420000586                      MZO0301,,,0,,0,0,0,,,0,
20,20757,23,MCH1,000000000420000586                      MZO0302,,,0,,0,0,0,,,0,
20,20758,23,MCH1,000000000420000586                      M30501,,,0,,0,0,0,,,0,
20,20759,23,MCH1,000000000420000586                      M30502,,,0,,0,0,0,,,0,
20,20958,23,MCH1,000000000310160010                      PPA52504,,,0,,0,0,0,,,0,
20,20959,23,MCH1,510150008IN01                           PPA20904,,,0,,0,0,0,,,0,
20,20960,23,MCH1,510150014IN01                           PPA48704,,,0,,0,0,0,,,0,
20,20961,23,MCH1,510150014IN01                           PPA52204,,,0,,0,0,0,,,0,
20,20962,23,MCH1,510150016IN01                           PPA30404,,,0,,0,0,0,,,0,
20,20963,23,MCH1,510150027IN01                           PPA51904,,,0,,0,0,0,,,0,
20,20964,23,MCH1,510150028IN01                           PPA28604,,,0,,0,0,0,,,0,
20,20965,23,MCH1,510150028IN01                           PPA52704,,,0,,0,0,0,,,0,
20,20966,23,MCH1,510150029IN01                           PPA48404,,,0,,0,0,0,,,0,
20,20967,23,MCH1,510150029IN01                           PPA49704,,,0,,0,0,0,,,0,
20,20968,23,MCH1,510150034IN01                           PPA35304,,,0,,0,0,0,,,0,
20,20969,23,MCH1,510160001IN01                           PPA22904,,,0,,0,0,0,,,0,
20,20970,23,MCH1,510160001IN01                           PPA38204,,,0,,0,0,0,,,0,
20,20971,23,MCH1,510160001IN01                           PPA44504,,,0,,0,0,0,,,0,
20,20972,23,MCH1,510160002IN01                           PPA49104,,,0,,0,0,0,,,0,
20,20973,23,MCH1,510160003IN01                           PPA41904,,,0,,0,0,0,,,0,
20,20974,23,MCH1,510160003IN01                           PPA46804,,,0,,0,0,0,,,0,
20,20975,23,MCH1,510160003IN01                           PPA49204,,,0,,0,0,0,,,0,
20,20976,23,MCH1,510160006IN01                           PPA48604,,,0,,0,0,0,,,0,
20,20977,23,MCH1,510160006IN01                           PPA49604,,,0,,0,0,0,,,0,
20,20978,23,MCH1,510160006IN01                           PPA51104,,,0,,0,0,0,,,0,
20,20979,23,MCH1,510160006IN01                           PPA51704,,,0,,0,0,0,,,0,
20,20980,23,MCH1,510160007IN01                           PPA45604,,,0,,0,0,0,,,0,
20,20981,23,MCH1,510160007IN01                           PPA49504,,,0,,0,0,0,,,0,
20,20982,23,MCH1,510160007IN01                           PPA50904,,,0,,0,0,0,,,0,
20,20983,23,MCH1,510160007IN01                           PPA51604,,,0,,0,0,0,,,0,
20,20984,23,MCH1,510160008IN01                           PPA32704,,,0,,0,0,0,,,0,
20,20985,23,MCH1,510160009IN01                           PPA25904,,,0,,0,0,0,,,0,
20,20986,23,MCH1,510160009IN01                           PPA42404,,,0,,0,0,0,,,0,
20,20987,23,MCH1,510160010IN01                           PPA33804,,,0,,0,0,0,,,0,
20,20988,23,MCH1,510160011IN01                           PPA47804,,,0,,0,0,0,,,0,
20,20989,23,MCH1,510160011IN01                           PPA48304,,,0,,0,0,0,,,0,
20,20990,23,MCH1,510160011IN01                           PPA52904,,,0,,0,0,0,,,0,
20,20991,23,MCH1,510160012IN01                           PPA37404,,,0,,0,0,0,,,0,
20,20992,23,MCH1,510160013IN01                           PPA49904,,,0,,0,0,0,,,0,
20,20993,23,MCH1,510160013IN01                           PPA50204,,,0,,0,0,0,,,0,
20,20994,23,MCH1,510160014IN01                           PPA50604,,,0,,0,0,0,,,0,
20,20995,23,MCH1,510160014IN01                           PPA50804,,,0,,0,0,0,,,0,
20,20996,23,MCH1,510160015IN01                           PPA43604,,,0,,0,0,0,,,0,
20,20997,23,MCH1,510160015IN01                           PPA49804,,,0,,0,0,0,,,0,
20,20998,23,MCH1,510160015IN01                           PPA51804,,,0,,0,0,0,,,0,
20,20999,23,MCH1,510160015IN01                           PPA53004,,,0,,0,0,0,,,0,
20,21000,23,MCH1,510160016IN01                           PPA35304,,,0,,0,0,0,,,0,
20,21001,23,MCH1,510001260IN01                           EPH041,,,0,,0,0,0,,,0,
20,21002,23,MCH1,510001260IN01                           EPH046,,,0,,0,0,0,,,0,
20,21003,23,MCH1,000000000110000014                      ERH031,,,0,,0,0,0,,,0,
20,21004,23,MCH1,000000000110000014                      ERH032,,,0,,0,0,0,,,0,
20,21005,23,MCH1,000000000110000060                      ERG083,,,0,,0,0,0,,,0,
20,21006,23,MCH1,000000000110000421                      ERG114,,,0,,0,0,0,,,0,
20,21007,23,MCH1,000000000110000267                      ERH030,,,0,,0,0,0,,,0,
20,21008,23,MCH1,000000000110000269                      ERG075,,,0,,0,0,0,,,0,
20,21009,23,MCH1,000000000110000269                      ERH036,,,0,,0,0,0,,,0,
20,21010,23,MCH1,000000000110000418                      ERH011,,,0,,0,0,0,,,0,
20,21011,23,MCH1,000000000110000016                      ERH020,,,0,,0,0,0,,,0,
20,21012,23,MCH1,000000000110000039                      ERH034,,,0,,0,0,0,,,0,
20,21013,23,MCH1,000000000110000039                      ERH035,,,0,,0,0,0,,,0,
20,21014,23,MCH1,000000000110000041                      ERH037,,,0,,0,0,0,,,0,
20,21015,23,MCH1,000000000110000045                      ERG089,,,0,,0,0,0,,,0,
20,21016,23,MCH1,000000000110000042                      ERG076,,,0,,0,0,0,,,0,
20,21017,23,MCH1,000000000110000042                      ERG077,,,0,,0,0,0,,,0,
20,21018,23,MCH1,000000000110000456                      ERH014,,,0,,0,0,0,,,0,
20,21019,23,MCH1,000000000110000058                      ERG056,,,0,,0,0,0,,,0,
20,21020,23,MCH1,000000000110000028                      ERDR095,,,0,,0,0,0,,,0,
20,21021,23,MCH1,000000000110000092                      ERF015,,,0,,0,0,0,,,0,
20,21022,23,MCH1,000000000110000419                      ERG079,,,0,,0,0,0,,,0,
20,21023,23,MCH1,000000000110000105                      ERF,,,0,,0,0,0,,,0,
20,21024,23,MCH1,000000000110000105                      ERG069,,,0,,0,0,0,,,0,
20,21025,23,MCH1,000000000110000111                      ERH017,,,0,,0,0,0,,,0,
20,21026,23,MCH1,000000000110000102                      ERDR084,,,0,,0,0,0,,,0,
20,21027,23,MCH1,000000000110000135                      ERG042,,,0,,0,0,0,,,0,
20,21028,23,MCH1,000000000110000182                      ERH027,,,0,,0,0,0,,,0,
20,21029,23,MCH1,000000000110000195                      ERF073,,,0,,0,0,0,,,0,
20,21030,23,MCH1,000000000110000209                      ERF096,,,0,,0,0,0,,,0,
20,21031,23,MCH1,000000000110000259                      ERE044,,,0,,0,0,0,,,0,
20,21032,23,MCH1,000000000110000259                      ERH018,,,0,,0,0,0,,,0,
20,21034,23,MCH1,000000000110000412                      ERG43,,,0,,0,0,0,,,0,
20,21035,23,MCH1,000000000110000289                      ERH021,,,0,,0,0,0,,,0,
20,21036,23,MCH1,000000000110000316                      NRH179,,,0,,0,0,0,,,0,
20,21037,23,MCH1,000000000110000316                      ERH033,,,0,,0,0,0,,,0,
20,21038,23,MCH1,000000000110000317                      ERF015,,,0,,0,0,0,,,0,
20,21039,23,MCH1,000000000110000292                      ERH009,,,0,,0,0,0,,,0,
20,21040,23,MCH1,000000000110000319                      ERH026,,,0,,0,0,0,,,0,
20,21041,23,MCH1,000000000110000343                      ERGR049,,,0,,0,0,0,,,0,
20,21042,23,MCH1,000000000110000343                      ERH019,,,0,,0,0,0,,,0,
20,21043,23,MCH1,000000000110000383                      ERD0105,,,0,,0,0,0,,,0,
20,21044,23,MCH1,510000188IN01                           EPH005,,,0,,0,0,0,,,0,
20,21045,23,MCH1,510000193IN01                           EPH009,,,0,,0,0,0,,,0,
20,21046,23,MCH1,510000208IN01                           EPH036,,,0,,0,0,0,,,0,
20,21047,23,MCH1,510000203IN01                           EPH054,,,0,,0,0,0,,,0,
20,21048,23,MCH1,510000200IN01                           EPH004,,,0,,0,0,0,,,0,
20,21049,23,MCH1,510000200IN01                           EPH069,,,0,,0,0,0,,,0,
20,21050,23,MCH1,510001313IN01                           EPH016,,,0,,0,0,0,,,0,
20,21051,23,MCH1,000000000110000208                      NRH014,,,0,,0,0,0,,,0,
20,21052,23,MCH1,000000000110000208                      ERH016,,,0,,0,0,0,,,0,
20,21053,23,MCH1,000000000110000301                      ERH029,,,0,,0,0,0,,,0,
20,21054,23,MCH1,000000000110000345                      ERG008/R,,,0,,0,0,0,,,0,
20,21055,23,MCH1,000000000110000392                      NRH169A,,,0,,0,0,0,,,0,
20,21056,23,MCH1,510001281VN01                           EPG126,,,0,,0,0,0,,,0,
20,21057,23,MCH1,510001270VN01                           EPF032,,,0,,0,0,0,,,0,
20,10350,23,MCH1,000000000420000158                      ED025,,,0,,0,0,0,,,0,
20,10351,23,MCH1,000000000420000158                      ED026,,,0,,0,0,0,,,0,
20,10352,23,MCH1,000000000420000158                      ED027,,,0,,0,0,0,,,0,
20,10353,23,MCH1,000000000420000158                      ED028,,,0,,0,0,0,,,0,
20,10354,23,MCH1,000000000420000158                      ED029,,,0,,0,0,0,,,0,
20,10355,23,MCH1,000000000420000158                      JED0301,,,0,,0,0,0,,,0,
20,10356,23,MCH1,000000000420000158                      JED0302,,,0,,0,0,0,,,0,
20,10357,23,MCH1,000000000420000158                      JED0303,,,0,,0,0,0,,,0,
20,10358,23,MCH1,000000000420000158                      JED0304,,,0,,0,0,0,,,0,
20,10359,23,MCH1,000000000420000158                      JED0305,,,0,,0,0,0,,,0,
20,10360,23,MCH1,000000000420000158                      JED0306,,,0,,0,0,0,,,0,
20,10361,23,MCH1,000000000420000158                      JED0308,,,0,,0,0,0,,,0,
20,10362,23,MCH1,000000000420000158                      JED0309,,,0,,0,0,0,,,0,
20,10363,23,MCH1,000000000420000158                      JED0310,,,0,,0,0,0,,,0,
20,10364,23,MCH1,000000000420000158                      JED0311,,,0,,0,0,0,,,0,
20,10365,23,MCH1,000000000420000158                      JED0312,,,0,,0,0,0,,,0,
20,10366,23,MCH1,000000000420000158                      JED0401,,,0,,0,0,0,,,0,
20,10367,23,MCH1,000000000420000158                      JED0402,,,0,,0,0,0,,,0,
20,10368,23,MCH1,000000000420000158                      JED0403,,,0,,0,0,0,,,0,
20,10369,23,MCH1,000000000420000158                      JED0404,,,0,,0,0,0,,,0,
20,10370,23,MCH1,000000000420000158                      JED0405,,,0,,0,0,0,,,0,
20,10371,23,MCH1,000000000420000158                      JED0406,,,0,,0,0,0,,,0,
20,10372,23,MCH1,000000000420000158                      JED0407,,,0,,0,0,0,,,0,
20,10373,23,MCH1,000000000420000158                      JED0408,,,0,,0,0,0,,,0,
20,10374,23,MCH1,000000000420000158                      JED0409,,,0,,0,0,0,,,0,
20,10375,23,MCH1,000000000420000158                      JED0410,,,0,,0,0,0,,,0,
20,10376,23,MCH1,000000000420000158                      JED0411,,,0,,0,0,0,,,0,
20,10377,23,MCH1,000000000420000158                      JED0412,,,0,,0,0,0,,,0,
20,10378,23,MCH1,000000000420000158                      JED0413,,,0,,0,0,0,,,0,
20,10379,23,MCH1,000000000420000158                      JED0414,,,0,,0,0,0,,,0,
20,10380,23,MCH1,000000000420000158                      JED0415,,,0,,0,0,0,,,0,
20,10381,23,MCH1,000000000420000158                      JED0416,,,0,,0,0,0,,,0,
20,10382,23,MCH1,000000000420000158                      JED0417,,,0,,0,0,0,,,0,
20,10383,23,MCH1,000000000420000158                      JED0418,,,0,,0,0,0,,,0,
20,10384,23,MCH1,000000000420000158                      JED0419,,,0,,0,0,0,,,0,
20,10385,23,MCH1,000000000420000158                      JED0420,,,0,,0,0,0,,,0,
20,10386,23,MCH1,000000000420000158                      JED0421,,,0,,0,0,0,,,0,
20,10387,23,MCH1,000000000420000158                      JED0422,,,0,,0,0,0,,,0,
20,10388,23,MCH1,000000000420000158                      JED0423,,,0,,0,0,0,,,0,
20,10389,23,MCH1,000000000420000158                      JED0424,,,0,,0,0,0,,,0,
20,10390,23,MCH1,000000000420000158                      JED0425,,,0,,0,0,0,,,0,
20,10391,23,MCH1,000000000420000158                      JED0426,,,0,,0,0,0,,,0,
20,10392,23,MCH1,000000000420000158                      JED0427,,,0,,0,0,0,,,0,
20,10393,23,MCH1,000000000420000158                      JED0428,,,0,,0,0,0,,,0,
20,10394,23,MCH1,000000000420000158                      JED0429,,,0,,0,0,0,,,0,
20,10395,23,MCH1,000000000420000158                      JED0430,,,0,,0,0,0,,,0,
20,10396,23,MCH1,000000000420000158                      JED0431,,,0,,0,0,0,,,0,
20,10397,23,MCH1,000000000420000158                      JED0432,,,0,,0,0,0,,,0,
20,10398,23,MCH1,000000000420000158                      JED0433,,,0,,0,0,0,,,0,
20,10399,23,MCH1,000000000420000158                      JED0434,,,0,,0,0,0,,,0,
20,10400,23,MCH1,000000000420000158                      JED0435,,,0,,0,0,0,,,0,
20,10401,23,MCH1,000000000420000158                      JED0436,,,0,,0,0,0,,,0,
20,10402,23,MCH1,000000000420000158                      JED0437,,,0,,0,0,0,,,0,
20,10403,23,MCH1,000000000420000158                      JED0438,,,0,,0,0,0,,,0,
20,10404,23,MCH1,000000000420000158                      JED0439,,,0,,0,0,0,,,0,
20,10405,23,MCH1,000000000420000158                      JED0440,,,0,,0,0,0,,,0,
20,10406,23,MCH1,000000000420000158                      JED0441,,,0,,0,0,0,,,0,
20,10407,23,MCH1,000000000420000158                      JED0442,,,0,,0,0,0,,,0,
20,10408,23,MCH1,000000000420000158                      JED0443,,,0,,0,0,0,,,0,
20,10409,23,MCH1,000000000420000158                      JED0444,,,0,,0,0,0,,,0,
20,10410,23,MCH1,000000000420000158                      JED0445,,,0,,0,0,0,,,0,
20,10411,23,MCH1,000000000420000158                      JED0446,,,0,,0,0,0,,,0,
20,10412,23,MCH1,000000000420000158                      JED0447,,,0,,0,0,0,,,0,
20,10413,23,MCH1,000000000420000158                      JED0448,,,0,,0,0,0,,,0,
20,10414,23,MCH1,000000000420000158                      JED0449,,,0,,0,0,0,,,0,
20,10415,23,MCH1,000000000420000158                      RED0301,,,0,,0,0,0,,,0,
20,10416,23,MCH1,000000000420000158                      RED0302,,,0,,0,0,0,,,0,
20,10417,23,MCH1,000000000420000158                      RED0303,,,0,,0,0,0,,,0,
20,10418,23,MCH1,000000000420000158                      RED0304,,,0,,0,0,0,,,0,
20,10419,23,MCH1,000000000420000158                      RED0305,,,0,,0,0,0,,,0,
20,10420,23,MCH1,000000000420000158                      RED0306,,,0,,0,0,0,,,0,
20,10421,23,MCH1,000000000420000158                      RED0307,,,0,,0,0,0,,,0,
20,10422,23,MCH1,000000000420000158                      RED0308,,,0,,0,0,0,,,0,
20,10423,23,MCH1,000000000420000158                      RED0309,,,0,,0,0,0,,,0,
20,10424,23,MCH1,000000000420000158                      RED0310,,,0,,0,0,0,,,0,
20,10425,23,MCH1,000000000420000158                      RED0311,,,0,,0,0,0,,,0,
20,10426,23,MCH1,000000000420000158                      RED0312,,,0,,0,0,0,,,0,
20,10427,23,MCH1,000000000420000158                      RED0313,,,0,,0,0,0,,,0,
20,10428,23,MCH1,000000000420000158                      RED0314,,,0,,0,0,0,,,0,
20,10429,23,MCH1,000000000420000158                      RED0315,,,0,,0,0,0,,,0,
20,10430,23,MCH1,000000000420000158                      RED0316,,,0,,0,0,0,,,0,
20,10431,23,MCH1,000000000420000158                      RED0317,,,0,,0,0,0,,,0,
20,10432,23,MCH1,000000000420000158                      RED0318,,,0,,0,0,0,,,0,
20,10433,23,MCH1,000000000420000158                      RED0319,,,0,,0,0,0,,,0,
20,10434,23,MCH1,000000000420000158                      RED0320,,,0,,0,0,0,,,0,
20,10435,23,MCH1,000000000420000158                      RED0321,,,0,,0,0,0,,,0,
20,10436,23,MCH1,000000000420000158                      RED0322,,,0,,0,0,0,,,0,
20,10437,23,MCH1,000000000420000158                      RED0323,,,0,,0,0,0,,,0,
20,10438,23,MCH1,000000000420000161                      CIF012,,,0,,0,0,0,,,0,
20,10439,23,MCH1,000000000420000161                      CIF013,,,0,,0,0,0,,,0,
20,10440,23,MCH1,000000000420000161                      CIF014,,,0,,0,0,0,,,0,
20,10441,23,MCH1,000000000420000161                      CIF015,,,0,,0,0,0,,,0,
20,10442,23,MCH1,000000000420000161                      CIF016,,,0,,0,0,0,,,0,
20,10443,23,MCH1,000000000420000161                      CIF017,,,0,,0,0,0,,,0,
20,10444,23,MCH1,000000000420000161                      CIF018,,,0,,0,0,0,,,0,
20,10445,23,MCH1,000000000420000161                      CIF022,,,0,,0,0,0,,,0,
20,10446,23,MCH1,000000000420000161                      CIF0301,,,0,,0,0,0,,,0,
20,10447,23,MCH1,000000000420000161                      CIF0302,,,0,,0,0,0,,,0,
20,10448,23,MCH1,000000000420000161                      EIF002,,,0,,0,0,0,,,0,
20,10746,23,MCH1,000000000420000185                      JET0401,,,0,,0,0,0,,,0,
20,10747,23,MCH1,000000000420000185                      JET0402,,,0,,0,0,0,,,0,
20,10748,23,MCH1,000000000420000185                      JET0403,,,0,,0,0,0,,,0,
20,10749,23,MCH1,000000000420000185                      JET0404,,,0,,0,0,0,,,0,
20,10750,23,MCH1,000000000420000185                      JET0405,,,0,,0,0,0,,,0,
20,10751,23,MCH1,000000000420000185                      JET0406,,,0,,0,0,0,,,0,
20,10752,23,MCH1,000000000420000185                      JET0407,,,0,,0,0,0,,,0,
20,10753,23,MCH1,000000000420000185                      JET0408,,,0,,0,0,0,,,0,
20,10754,23,MCH1,000000000420000185                      JET0409,,,0,,0,0,0,,,0,
20,10755,23,MCH1,000000000420000185                      JET0410,,,0,,0,0,0,,,0,
20,10756,23,MCH1,000000000420000185                      JET0411,,,0,,0,0,0,,,0,
20,10757,23,MCH1,000000000420000185                      JET0412,,,0,,0,0,0,,,0,
20,10758,23,MCH1,000000000420000185                      JET0413,,,0,,0,0,0,,,0,
20,10759,23,MCH1,000000000420000185                      JFT0411,,,0,,0,0,0,,,0,
20,10760,23,MCH1,000000000420000185                      SET0201,,,0,,0,0,0,,,0,
20,10761,23,MCH1,000000000420000185                      SET0202,,,0,,0,0,0,,,0,
20,10762,23,MCH1,000000000420000185                      SET0203,,,0,,0,0,0,,,0,
20,10763,23,MCH1,000000000420000185                      SET0204,,,0,,0,0,0,,,0,
20,10764,23,MCH1,000000000420000185                      SET0205,,,0,,0,0,0,,,0,
20,10765,23,MCH1,000000000420000185                      SET0206,,,0,,0,0,0,,,0,
20,10766,23,MCH1,000000000420000185                      SET0207,,,0,,0,0,0,,,0,
20,10767,23,MCH1,000000000420000445                      CEH001,,,0,,0,0,0,,,0,
20,10768,23,MCH1,000000000420000445                      CEH002,,,0,,0,0,0,,,0,
20,10769,23,MCH1,000000000420000445                      CEH003,,,0,,0,0,0,,,0,
20,10770,23,MCH1,000000000420000445                      CEH004,,,0,,0,0,0,,,0,
20,10771,23,MCH1,000000000420000247                      HS001,,,0,,0,0,0,,,0,
20,10772,23,MCH1,000000000420000247                      HS002,,,0,,0,0,0,,,0,
20,10773,23,MCH1,000000000420000247                      HS003,,,0,,0,0,0,,,0,
20,10774,23,MCH1,000000000420000247                      HS004,,,0,,0,0,0,,,0,
20,10775,23,MCH1,000000000420000247                      HS005,,,0,,0,0,0,,,0,
20,10776,23,MCH1,000000000420000247                      HS006,,,0,,0,0,0,,,0,
20,10777,23,MCH1,000000000420000247                      HS007,,,0,,0,0,0,,,0,
20,10778,23,MCH1,000000000420000247                      HS011,,,0,,0,0,0,,,0,
20,10779,23,MCH1,000000000420000247                      HS0110,,,0,,0,0,0,,,0,
20,10780,23,MCH1,000000000420000247                      HS0111,,,0,,0,0,0,,,0,
20,10781,23,MCH1,000000000420000247                      HS012,,,0,,0,0,0,,,0,
20,10782,23,MCH1,000000000420000247                      HS013,,,0,,0,0,0,,,0,
20,10783,23,MCH1,000000000420000247                      HS015,,,0,,0,0,0,,,0,
20,10784,23,MCH1,000000000420000247                      HS016,,,0,,0,0,0,,,0,
20,10785,23,MCH1,000000000420000247                      HS017,,,0,,0,0,0,,,0,
20,10786,23,MCH1,000000000420000247                      HS018,,,0,,0,0,0,,,0,
20,10787,23,MCH1,000000000420000247                      HS019,,,0,,0,0,0,,,0,
20,10788,23,MCH1,000000000420000247                      IS011,,,0,,0,0,0,,,0,
20,10789,23,MCH1,000000000420000247                      IS012,,,0,,0,0,0,,,0,
20,10790,23,MCH1,000000000420000247                      OIS021,,,0,,0,0,0,,,0,
20,10791,23,MCH1,000000000420000247                      OIS022,,,0,,0,0,0,,,0,
20,10792,23,MCH1,000000000420000247                      OIS023,,,0,,0,0,0,,,0,
20,10794,23,MCH1,000000000420000429                      CCL0199,,,0,,0,0,0,,,0,
20,10795,23,MCH1,000000000420000247                      OIS024,,,0,,0,0,0,,,0,
20,10796,23,MCH1,000000000420000247                      OIS025,,,0,,0,0,0,,,0,
20,10797,23,MCH1,000000000420000247                      OIS0301,,,0,,0,0,0,,,0,
20,10798,23,MCH1,000000000420000247                      OIS0302,,,0,,0,0,0,,,0,
20,10799,23,MCH1,000000000420000247                      OIS0303,,,0,,0,0,0,,,0,
20,10800,23,MCH1,000000000420000247                      OIS0304,,,0,,0,0,0,,,0,
20,10801,23,MCH1,000000000420000449                      IK003,,,0,,0,0,0,,,0,
20,10802,23,MCH1,000000000420000449                      IK004,,,0,,0,0,0,,,0,
20,10803,23,MCH1,000000000420000449                      IK005,,,0,,0,0,0,,,0,
20,10804,23,MCH1,000000000420000449                      IK006,,,0,,0,0,0,,,0,
20,10805,23,MCH1,000000000420000449                      IK011,,,0,,0,0,0,,,0,
20,10806,23,MCH1,000000000420000449                      IK012,,,0,,0,0,0,,,0,
20,10807,23,MCH1,000000000420000449                      IK013,,,0,,0,0,0,,,0,
20,10808,23,MCH1,000000000420000449                      IK014,,,0,,0,0,0,,,0,
20,10809,23,MCH1,000000000420000449                      IK015,,,0,,0,0,0,,,0,
20,10810,23,MCH1,000000000420000449                      IK016,,,0,,0,0,0,,,0,
20,10811,23,MCH1,000000000420000449                      IK017,,,0,,0,0,0,,,0,
20,10812,23,MCH1,000000000420000449                      IK018,,,0,,0,0,0,,,0,
20,10813,23,MCH1,000000000420000449                      IK019,,,0,,0,0,0,,,0,
20,10814,23,MCH1,000000000420000273                      GNS0301,,,0,,0,0,0,,,0,
20,10815,23,MCH1,000000000420000273                      GNS0302,,,0,,0,0,0,,,0,
20,10816,23,MCH1,000000000420000273                      GNS0303,,,0,,0,0,0,,,0,
20,10817,23,MCH1,000000000420000273                      GNS0304,,,0,,0,0,0,,,0,
20,10818,23,MCH1,000000000420000273                      GNS0305,,,0,,0,0,0,,,0,
20,10819,23,MCH1,000000000420000273                      GNS0306,,,0,,0,0,0,,,0,
20,10820,23,MCH1,000000000420000273                      GNS0309,,,0,,0,0,0,,,0,
20,10821,23,MCH1,000000000420000273                      GNS0310,,,0,,0,0,0,,,0,
20,10822,23,MCH1,000000000420000273                      GNS0311,,,0,,0,0,0,,,0,
20,10823,23,MCH1,000000000420000273                      GNS0312,,,0,,0,0,0,,,0,
20,10824,23,MCH1,000000000420000273                      GNS0313,,,0,,0,0,0,,,0,
20,10825,23,MCH1,000000000420000273                      GNS0314,,,0,,0,0,0,,,0,
20,10826,23,MCH1,000000000420000273                      GNS0315,,,0,,0,0,0,,,0,
20,10827,23,MCH1,000000000420000273                      GNS0316,,,0,,0,0,0,,,0,
20,10828,23,MCH1,000000000420000273                      GNS0317,,,0,,0,0,0,,,0,
20,10829,23,MCH1,000000000420000273                      GNS0318,,,0,,0,0,0,,,0,
20,10830,23,MCH1,000000000420000273                      GNS0319,,,0,,0,0,0,,,0,
20,10831,23,MCH1,000000000420000273                      GNS0320,,,0,,0,0,0,,,0,
20,10832,23,MCH1,000000000420000273                      GNS0321,,,0,,0,0,0,,,0,
20,10833,23,MCH1,000000000420000273                      GNS0322,,,0,,0,0,0,,,0,
20,10834,23,MCH1,000000000420000273                      GNS0323,,,0,,0,0,0,,,0,
20,10835,23,MCH1,000000000420000273                      GNS0324,,,0,,0,0,0,,,0,
20,10836,23,MCH1,000000000420000273                      GNS0325,,,0,,0,0,0,,,0,
20,10837,23,MCH1,000000000420000273                      GNS0326,,,0,,0,0,0,,,0,
20,10838,23,MCH1,000000000420000273                      GNS0327,,,0,,0,0,0,,,0,
20,10839,23,MCH1,000000000420000273                      GNS0329,,,0,,0,0,0,,,0,
20,10840,23,MCH1,000000000420000273                      GNS0330,,,0,,0,0,0,,,0,
20,10841,23,MCH1,000000000420000273                      GNS0331,,,0,,0,0,0,,,0,
20,10842,23,MCH1,000000000420000273                      GNS0332,,,0,,0,0,0,,,0,
20,10843,23,MCH1,000000000420000273                      GNS0333,,,0,,0,0,0,,,0,
20,10844,23,MCH1,000000000420000273                      GNS0334,,,0,,0,0,0,,,0,
20,10845,23,MCH1,000000000420000273                      GNS0335,,,0,,0,0,0,,,0,
20,11242,23,MCH1,000000000420000273                      SNS0210,,,0,,0,0,0,,,0,
20,11243,23,MCH1,000000000420000273                      SNS0211,,,0,,0,0,0,,,0,
20,11244,23,MCH1,000000000420000273                      SNS0212,,,0,,0,0,0,,,0,
20,11245,23,MCH1,000000000420000273                      SNS0213,,,0,,0,0,0,,,0,
20,11246,23,MCH1,000000000420000273                      SNS0301,,,0,,0,0,0,,,0,
20,11247,23,MCH1,000000000420000273                      SNS0302,,,0,,0,0,0,,,0,
20,11248,23,MCH1,000000000420000273                      SNS0303,,,0,,0,0,0,,,0,
20,11249,23,MCH1,000000000420000273                      SNS0305,,,0,,0,0,0,,,0,
20,11250,23,MCH1,000000000420000273                      SNS0306,,,0,,0,0,0,,,0,
20,11251,23,MCH1,000000000420000273                      SNS0307,,,0,,0,0,0,,,0,
20,11252,23,MCH1,000000000420000273                      SNS0308,,,0,,0,0,0,,,0,
20,11253,23,MCH1,000000000420000273                      SNS0309,,,0,,0,0,0,,,0,
20,11254,23,MCH1,000000000420000273                      SNS0310,,,0,,0,0,0,,,0,
20,11255,23,MCH1,000000000420000273                      SNS0311,,,0,,0,0,0,,,0,
20,11256,23,MCH1,000000000420000273                      SNS0312,,,0,,0,0,0,,,0,
20,11257,23,MCH1,000000000420000273                      SNS0313,,,0,,0,0,0,,,0,
20,11258,23,MCH1,000000000420000273                      SNS0314,,,0,,0,0,0,,,0,
20,11259,23,MCH1,000000000420000273                      SNS0315,,,0,,0,0,0,,,0,
20,11260,23,MCH1,000000000420000273                      SNS0316,,,0,,0,0,0,,,0,
20,11261,23,MCH1,000000000420000273                      SNS0317,,,0,,0,0,0,,,0,
20,11262,23,MCH1,000000000420000273                      SNS0318,,,0,,0,0,0,,,0,
20,11263,23,MCH1,000000000420000273                      SNS0319,,,0,,0,0,0,,,0,
20,11264,23,MCH1,000000000420000273                      SNS0320,,,0,,0,0,0,,,0,
20,11265,23,MCH1,000000000420000273                      SNS0321,,,0,,0,0,0,,,0,
20,11266,23,MCH1,000000000420000273                      SNS0322,,,0,,0,0,0,,,0,
20,11267,23,MCH1,000000000420000273                      SNS0323,,,0,,0,0,0,,,0,
20,11268,23,MCH1,000000000420000273                      SNS0324,,,0,,0,0,0,,,0,
20,11269,23,MCH1,000000000420000273                      SNS0325,,,0,,0,0,0,,,0,
20,11270,23,MCH1,000000000420000273                      SNS0326,,,0,,0,0,0,,,0,
20,11271,23,MCH1,000000000420000273                      SNS0327,,,0,,0,0,0,,,0,
20,11272,23,MCH1,000000000420000273                      SNS0328,,,0,,0,0,0,,,0,
20,11273,23,MCH1,000000000420000273                      SNS0329,,,0,,0,0,0,,,0,
20,11274,23,MCH1,000000000420000273                      SNS0330,,,0,,0,0,0,,,0,
20,11275,23,MCH1,000000000420000273                      SNS0331,,,0,,0,0,0,,,0,
20,11276,23,MCH1,000000000420000273                      SNS0332,,,0,,0,0,0,,,0,
20,11277,23,MCH1,000000000420000273                      SNS0333,,,0,,0,0,0,,,0,
20,11278,23,MCH1,000000000420000273                      SNS0334,,,0,,0,0,0,,,0,
20,11279,23,MCH1,000000000420000273                      SNS0335,,,0,,0,0,0,,,0,
20,11280,23,MCH1,000000000420000273                      SNS0336,,,0,,0,0,0,,,0,
20,11281,23,MCH1,000000000420000273                      SNS0337,,,0,,0,0,0,,,0,
20,11282,23,MCH1,000000000420000273                      SNS0338,,,0,,0,0,0,,,0,
20,11283,23,MCH1,000000000420000273                      SNS0339,,,0,,0,0,0,,,0,
20,11284,23,MCH1,000000000420000273                      SNS0340,,,0,,0,0,0,,,0,
20,11285,23,MCH1,000000000420000273                      SNS0341,,,0,,0,0,0,,,0,
20,11286,23,MCH1,000000000420000273                      SNS0342,,,0,,0,0,0,,,0,
20,11287,23,MCH1,000000000420000273                      SNS0343,,,0,,0,0,0,,,0,
20,11288,23,MCH1,000000000420000273                      SNS0344,,,0,,0,0,0,,,0,
20,11289,23,MCH1,000000000420000273                      SNS0345,,,0,,0,0,0,,,0,
20,11290,23,MCH1,000000000420000273                      SNS0346,,,0,,0,0,0,,,0,
20,11291,23,MCH1,000000000420000275                      GNS0307,,,0,,0,0,0,,,0,
20,11292,23,MCH1,000000000420000275                      GNS0308,,,0,,0,0,0,,,0,
20,11293,23,MCH1,000000000420000275                      GNS0328,,,0,,0,0,0,,,0,
20,11294,23,MCH1,000000000420000275                      GNS0336,,,0,,0,0,0,,,0,
20,11295,23,MCH1,000000000420000275                      GNS0337,,,0,,0,0,0,,,0,
20,11296,23,MCH1,000000000420000275                      N00100,,,0,,0,0,0,,,0,
20,11297,23,MCH1,000000000420000275                      N0028,,,0,,0,0,0,,,0,
20,11298,23,MCH1,000000000420000275                      N0029,,,0,,0,0,0,,,0,
20,11299,23,MCH1,000000000420000275                      N0071,,,0,,0,0,0,,,0,
20,11300,23,MCH1,000000000420000275                      N0099,,,0,,0,0,0,,,0,
20,11301,23,MCH1,000000000420000275                      N0132,,,0,,0,0,0,,,0,
20,11302,23,MCH1,000000000420000275                      N0133,,,0,,0,0,0,,,0,
20,11303,23,MCH1,000000000420000275                      N0134,,,0,,0,0,0,,,0,
20,11304,23,MCH1,000000000420000275                      N0168,,,0,,0,0,0,,,0,
20,11305,23,MCH1,000000000420000275                      N021,,,0,,0,0,0,,,0,
20,11306,23,MCH1,000000000420000275                      N0210,,,0,,0,0,0,,,0,
20,11307,23,MCH1,000000000420000275                      N0222,,,0,,0,0,0,,,0,
20,11308,23,MCH1,000000000420000275                      N0223,,,0,,0,0,0,,,0,
20,11309,23,MCH1,000000000420000275                      N0224,,,0,,0,0,0,,,0,
20,11310,23,MCH1,000000000420000275                      N0225,,,0,,0,0,0,,,0,
20,11311,23,MCH1,000000000420000275                      N0226,,,0,,0,0,0,,,0,
20,11312,23,MCH1,000000000420000275                      ON0228,,,0,,0,0,0,,,0,
20,11313,23,MCH1,000000000420000275                      ON0232,,,0,,0,0,0,,,0,
20,11314,23,MCH1,000000000420000275                      ON0301,,,0,,0,0,0,,,0,
20,11315,23,MCH1,000000000420000275                      ON0302,,,0,,0,0,0,,,0,
20,11316,23,MCH1,000000000420000275                      ON0303,,,0,,0,0,0,,,0,
20,11317,23,MCH1,000000000420000275                      ON0310,,,0,,0,0,0,,,0,
20,11318,23,MCH1,000000000420000275                      ON0316,,,0,,0,0,0,,,0,
20,11319,23,MCH1,000000000420000275                      ON0317,,,0,,0,0,0,,,0,
20,11320,23,MCH1,000000000420000275                      ON0318,,,0,,0,0,0,,,0,
20,11321,23,MCH1,000000000420000275                      ON0427,,,0,,0,0,0,,,0,
20,11322,23,MCH1,000000000420000275                      ON0428,,,0,,0,0,0,,,0,
20,11323,23,MCH1,000000000420000275                      ON0429,,,0,,0,0,0,,,0,
20,11324,23,MCH1,000000000420000275                      ON0436,,,0,,0,0,0,,,0,
20,11325,23,MCH1,000000000420000275                      ON0437,,,0,,0,0,0,,,0,
20,11326,23,MCH1,000000000420000275                      ON0438,,,0,,0,0,0,,,0,
20,11327,23,MCH1,000000000420000275                      ON0439,,,0,,0,0,0,,,0,
20,11328,23,MCH1,000000000420000275                      ON0481,,,0,,0,0,0,,,0,
20,11329,23,MCH1,000000000420000275                      ON0482,,,0,,0,0,0,,,0,
20,11330,23,MCH1,000000000420000276                      BNT0401,,,0,,0,0,0,,,0,
20,11331,23,MCH1,000000000420000276                      BNT0402,,,0,,0,0,0,,,0,
20,11332,23,MCH1,000000000420000276                      BNT0403,,,0,,0,0,0,,,0,
20,11333,23,MCH1,000000000420000276                      BNT0404,,,0,,0,0,0,,,0,
20,11334,23,MCH1,000000000420000276                      BNT0405,,,0,,0,0,0,,,0,
20,11335,23,MCH1,000000000420000276                      BNT0406,,,0,,0,0,0,,,0,
20,11336,23,MCH1,000000000420000276                      BNT0407,,,0,,0,0,0,,,0,
20,11337,23,MCH1,000000000420000276                      BNT0408,,,0,,0,0,0,,,0,
20,11338,23,MCH1,000000000420000276                      BNT0409,,,0,,0,0,0,,,0,
20,11339,23,MCH1,000000000420000276                      BNT0410,,,0,,0,0,0,,,0,
20,11340,23,MCH1,000000000420000276                      BNT0411,,,0,,0,0,0,,,0,
20,11836,23,MCH1,000000000420000271                      MNF006,,,0,,0,0,0,,,0,
20,11837,23,MCH1,000000000420000271                      MNF007,,,0,,0,0,0,,,0,
20,11838,23,MCH1,000000000420000271                      MNF008,,,0,,0,0,0,,,0,
20,11839,23,MCH1,000000000420000271                      MNF009,,,0,,0,0,0,,,0,
20,11840,23,MCH1,000000000420000271                      MNF010,,,0,,0,0,0,,,0,
20,11841,23,MCH1,000000000420000271                      MNF011,,,0,,0,0,0,,,0,
20,11842,23,MCH1,000000000420000271                      MNF012,,,0,,0,0,0,,,0,
20,11843,23,MCH1,000000000420000271                      MNF013,,,0,,0,0,0,,,0,
20,11844,23,MCH1,000000000420000271                      MNF014,,,0,,0,0,0,,,0,
20,11845,23,MCH1,000000000420000271                      MNF016,,,0,,0,0,0,,,0,
20,11846,23,MCH1,000000000420000271                      MNF0301,,,0,,0,0,0,,,0,
20,11847,23,MCH1,000000000420000271                      MNF0302,,,0,,0,0,0,,,0,
20,11848,23,MCH1,000000000420000271                      MNF0303,,,0,,0,0,0,,,0,
20,11849,23,MCH1,000000000420000271                      MNF0304,,,0,,0,0,0,,,0,
20,11850,23,MCH1,000000000420000271                      MNF0305,,,0,,0,0,0,,,0,
20,11851,23,MCH1,000000000420000271                      MNF0306,,,0,,0,0,0,,,0,
20,11852,23,MCH1,000000000420000271                      MNF0401,,,0,,0,0,0,,,0,
20,11853,23,MCH1,000000000420000271                      MNF0402,,,0,,0,0,0,,,0,
20,11854,23,MCH1,000000000420000271                      MNF0403,,,0,,0,0,0,,,0,
20,11855,23,MCH1,000000000420000271                      MNF0404,,,0,,0,0,0,,,0,
20,11856,23,MCH1,000000000420000271                      MNF0405,,,0,,0,0,0,,,0,
20,11857,23,MCH1,000000000420000271                      MNF0406,,,0,,0,0,0,,,0,
20,11858,23,MCH1,000000000420000301                      BOC0301,,,0,,0,0,0,,,0,
20,11859,23,MCH1,000000000420000301                      BOC0302,,,0,,0,0,0,,,0,
20,11860,23,MCH1,000000000420000301                      BOC0303,,,0,,0,0,0,,,0,
20,11861,23,MCH1,000000000420000301                      BOC0304,,,0,,0,0,0,,,0,
20,11862,23,MCH1,000000000420000301                      BOC0305,,,0,,0,0,0,,,0,
20,11863,23,MCH1,000000000420000301                      BOC0306,,,0,,0,0,0,,,0,
20,11864,23,MCH1,000000000420000301                      BOC0307,,,0,,0,0,0,,,0,
20,11865,23,MCH1,000000000420000301                      BOC0308,,,0,,0,0,0,,,0,
20,11866,23,MCH1,000000000420000301                      OC001,,,0,,0,0,0,,,0,
20,11867,23,MCH1,000000000420000301                      OC0110,,,0,,0,0,0,,,0,
20,11868,23,MCH1,000000000420000301                      OC0111,,,0,,0,0,0,,,0,
20,11869,23,MCH1,000000000420000301                      OC0112,,,0,,0,0,0,,,0,
20,11870,23,MCH1,000000000420000301                      OC0113,,,0,,0,0,0,,,0,
20,11871,23,MCH1,000000000420000301                      OC0114,,,0,,0,0,0,,,0,
20,11872,23,MCH1,000000000420000301                      OC0115,,,0,,0,0,0,,,0,
20,11873,23,MCH1,000000000420000301                      OC0116,,,0,,0,0,0,,,0,
20,11874,23,MCH1,000000000420000301                      OC0117,,,0,,0,0,0,,,0,
20,11875,23,MCH1,000000000420000301                      OC0118,,,0,,0,0,0,,,0,
20,11876,23,MCH1,000000000420000301                      OC0119,,,0,,0,0,0,,,0,
20,11877,23,MCH1,000000000420000301                      OC0120,,,0,,0,0,0,,,0,
20,11878,23,MCH1,000000000420000301                      OC0121,,,0,,0,0,0,,,0,
20,11879,23,MCH1,000000000420000301                      OC0122,,,0,,0,0,0,,,0,
20,11880,23,MCH1,000000000420000301                      OC0123,,,0,,0,0,0,,,0,
20,11881,23,MCH1,000000000420000301                      OC0124,,,0,,0,0,0,,,0,
20,11882,23,MCH1,000000000420000301                      OC0125,,,0,,0,0,0,,,0,
20,11883,23,MCH1,000000000420000301                      OC0127,,,0,,0,0,0,,,0,
20,11884,23,MCH1,000000000420000301                      OC0128,,,0,,0,0,0,,,0,
20,11885,23,MCH1,000000000420000301                      OC0129,,,0,,0,0,0,,,0,
20,11886,23,MCH1,000000000420000301                      OC0130,,,0,,0,0,0,,,0,
20,11887,23,MCH1,000000000420000301                      OC0131,,,0,,0,0,0,,,0,
20,11888,23,MCH1,000000000420000301                      OC0132,,,0,,0,0,0,,,0,
20,11889,23,MCH1,000000000420000301                      OC0133,,,0,,0,0,0,,,0,
20,11890,23,MCH1,000000000420000301                      OC0134,,,0,,0,0,0,,,0,
20,11891,23,MCH1,000000000420000301                      OC0135,,,0,,0,0,0,,,0,
20,11892,23,MCH1,000000000420000301                      OC0136,,,0,,0,0,0,,,0,
20,11893,23,MCH1,000000000420000301                      OC0137,,,0,,0,0,0,,,0,
20,11894,23,MCH1,000000000420000301                      OC0138,,,0,,0,0,0,,,0,
20,11895,23,MCH1,000000000420000301                      OC0139,,,0,,0,0,0,,,0,
20,11896,23,MCH1,000000000420000301                      OC014,,,0,,0,0,0,,,0,
20,11897,23,MCH1,000000000420000301                      OC0140,,,0,,0,0,0,,,0,
20,11898,23,MCH1,000000000420000301                      OC0141,,,0,,0,0,0,,,0,
20,11899,23,MCH1,000000000420000301                      OC0142,,,0,,0,0,0,,,0,
20,11900,23,MCH1,000000000420000301                      OC0143,,,0,,0,0,0,,,0,
20,11901,23,MCH1,000000000420000301                      OC0144,,,0,,0,0,0,,,0,
20,11902,23,MCH1,000000000420000301                      OC0145,,,0,,0,0,0,,,0,
20,11903,23,MCH1,000000000420000301                      OC0146,,,0,,0,0,0,,,0,
20,11904,23,MCH1,000000000420000301                      OC0147,,,0,,0,0,0,,,0,
20,11905,23,MCH1,000000000420000301                      OC0148,,,0,,0,0,0,,,0,
20,11906,23,MCH1,000000000420000301                      OC0149,,,0,,0,0,0,,,0,
20,11907,23,MCH1,000000000420000301                      OC015,,,0,,0,0,0,,,0,
20,11908,23,MCH1,000000000420000301                      OC0150,,,0,,0,0,0,,,0,
20,11909,23,MCH1,000000000420000301                      OC0151,,,0,,0,0,0,,,0,
20,11910,23,MCH1,000000000420000301                      OC0152,,,0,,0,0,0,,,0,
20,11911,23,MCH1,000000000420000301                      OC0153,,,0,,0,0,0,,,0,
20,11912,23,MCH1,000000000420000301                      OC016,,,0,,0,0,0,,,0,
20,11913,23,MCH1,000000000420000301                      OC017,,,0,,0,0,0,,,0,
20,11914,23,MCH1,000000000420000301                      OC018,,,0,,0,0,0,,,0,
20,11915,23,MCH1,000000000420000301                      OC019,,,0,,0,0,0,,,0,
20,11916,23,MCH1,000000000420000301                      OC021,,,0,,0,0,0,,,0,
20,11917,23,MCH1,000000000420000301                      OC0210,,,0,,0,0,0,,,0,
20,11918,23,MCH1,000000000420000301                      OC0211,,,0,,0,0,0,,,0,
20,11919,23,MCH1,000000000420000301                      OC022,,,0,,0,0,0,,,0,
20,11920,23,MCH1,000000000420000301                      OC023,,,0,,0,0,0,,,0,
20,11921,23,MCH1,000000000420000301                      OC024,,,0,,0,0,0,,,0,
20,11922,23,MCH1,000000000420000301                      OC026,,,0,,0,0,0,,,0,
20,11923,23,MCH1,000000000420000301                      OC027,,,0,,0,0,0,,,0,
20,11924,23,MCH1,000000000420000301                      OC028,,,0,,0,0,0,,,0,
20,11925,23,MCH1,000000000420000301                      OC029,,,0,,0,0,0,,,0,
20,11926,23,MCH1,000000000420000301                      OOC021,,,0,,0,0,0,,,0,
20,11927,23,MCH1,000000000420000301                      OOC0210,,,0,,0,0,0,,,0,
20,11928,23,MCH1,000000000420000301                      OOC0211,,,0,,0,0,0,,,0,
20,11929,23,MCH1,000000000420000301                      OOC0212,,,0,,0,0,0,,,0,
20,11930,23,MCH1,000000000420000301                      OOC0214,,,0,,0,0,0,,,0,
20,11931,23,MCH1,000000000420000301                      OOC0215,,,0,,0,0,0,,,0,
20,11932,23,MCH1,000000000420000301                      OOC0217,,,0,,0,0,0,,,0,
20,11933,23,MCH1,000000000420000301                      OOC0218,,,0,,0,0,0,,,0,
20,11934,23,MCH1,000000000420000301                      OOC0219,,,0,,0,0,0,,,0,
20,12628,23,MCH1,000000000420000225                      RFD006,,,0,,0,0,0,,,0,
20,12629,23,MCH1,000000000420000225                      RFD007,,,0,,0,0,0,,,0,
20,12630,23,MCH1,000000000420000225                      RFD008,,,0,,0,0,0,,,0,
20,12631,23,MCH1,000000000420000225                      RFD009,,,0,,0,0,0,,,0,
20,12632,23,MCH1,000000000420000225                      RFD011,,,0,,0,0,0,,,0,
20,12633,23,MCH1,000000000420000225                      RFD012,,,0,,0,0,0,,,0,
20,12634,23,MCH1,000000000420000225                      RFD013,,,0,,0,0,0,,,0,
20,12635,23,MCH1,000000000420000225                      RFD014,,,0,,0,0,0,,,0,
20,12636,23,MCH1,000000000420000225                      RFD015,,,0,,0,0,0,,,0,
20,12637,23,MCH1,000000000420000225                      RFD021,,,0,,0,0,0,,,0,
20,12638,23,MCH1,000000000420000225                      RFD022,,,0,,0,0,0,,,0,
20,12639,23,MCH1,000000000420000225                      RFD0301,,,0,,0,0,0,,,0,
20,12640,23,MCH1,000000000420000227                      FS001,,,0,,0,0,0,,,0,
20,12641,23,MCH1,000000000420000227                      FS002,,,0,,0,0,0,,,0,
20,12642,23,MCH1,000000000420000227                      FS004,,,0,,0,0,0,,,0,
20,12643,23,MCH1,000000000420000227                      FS005,,,0,,0,0,0,,,0,
20,12644,23,MCH1,000000000420000227                      FS011,,,0,,0,0,0,,,0,
20,12645,23,MCH1,000000000420000227                      FS0110,,,0,,0,0,0,,,0,
20,12646,23,MCH1,000000000420000227                      FS0111,,,0,,0,0,0,,,0,
20,12647,23,MCH1,000000000420000227                      FS0112,,,0,,0,0,0,,,0,
20,12648,23,MCH1,000000000420000227                      FS0113,,,0,,0,0,0,,,0,
20,12649,23,MCH1,000000000420000227                      FS0114,,,0,,0,0,0,,,0,
20,12650,23,MCH1,000000000420000227                      FS0115,,,0,,0,0,0,,,0,
20,12651,23,MCH1,000000000420000227                      FS0116,,,0,,0,0,0,,,0,
20,12652,23,MCH1,000000000420000227                      FS0117,,,0,,0,0,0,,,0,
20,12653,23,MCH1,000000000420000227                      FS0118,,,0,,0,0,0,,,0,
20,12654,23,MCH1,000000000420000227                      FS0119,,,0,,0,0,0,,,0,
20,12655,23,MCH1,000000000420000227                      FS012,,,0,,0,0,0,,,0,
20,12656,23,MCH1,000000000420000227                      FS0121,,,0,,0,0,0,,,0,
20,12657,23,MCH1,000000000420000227                      FS0122,,,0,,0,0,0,,,0,
20,12658,23,MCH1,000000000420000227                      FS0123,,,0,,0,0,0,,,0,
20,12659,23,MCH1,000000000420000227                      FS0124,,,0,,0,0,0,,,0,
20,12660,23,MCH1,000000000420000227                      FS0125,,,0,,0,0,0,,,0,
20,12661,23,MCH1,000000000420000227                      FS0126,,,0,,0,0,0,,,0,
20,12662,23,MCH1,000000000420000227                      FS0127,,,0,,0,0,0,,,0,
20,12663,23,MCH1,000000000420000227                      FS0128,,,0,,0,0,0,,,0,
20,12664,23,MCH1,000000000420000227                      FS0129,,,0,,0,0,0,,,0,
20,12665,23,MCH1,000000000420000227                      FS013,,,0,,0,0,0,,,0,
20,12666,23,MCH1,000000000420000227                      FS0130,,,0,,0,0,0,,,0,
20,12667,23,MCH1,000000000420000227                      FS0131,,,0,,0,0,0,,,0,
20,12668,23,MCH1,000000000420000227                      FS014,,,0,,0,0,0,,,0,
20,12669,23,MCH1,000000000420000227                      FS015,,,0,,0,0,0,,,0,
20,12670,23,MCH1,000000000420000227                      FS016,,,0,,0,0,0,,,0,
20,12671,23,MCH1,000000000420000227                      FS017,,,0,,0,0,0,,,0,
20,12672,23,MCH1,000000000420000227                      FS018,,,0,,0,0,0,,,0,
20,12673,23,MCH1,000000000420000227                      FS019,,,0,,0,0,0,,,0,
20,12674,23,MCH1,000000000420000227                      FS021,,,0,,0,0,0,,,0,
20,12675,23,MCH1,000000000420000227                      FS0210,,,0,,0,0,0,,,0,
20,12676,23,MCH1,000000000420000227                      FS0211,,,0,,0,0,0,,,0,
20,12677,23,MCH1,000000000420000227                      FS0212,,,0,,0,0,0,,,0,
20,12678,23,MCH1,000000000420000227                      FS0213,,,0,,0,0,0,,,0,
20,12679,23,MCH1,000000000420000227                      FS022,,,0,,0,0,0,,,0,
20,12680,23,MCH1,000000000420000227                      FS023,,,0,,0,0,0,,,0,
20,12681,23,MCH1,000000000420000227                      FS024,,,0,,0,0,0,,,0,
20,12682,23,MCH1,000000000420000227                      FS025,,,0,,0,0,0,,,0,
20,12683,23,MCH1,000000000420000227                      FS026,,,0,,0,0,0,,,0,
20,12684,23,MCH1,000000000420000227                      FS027,,,0,,0,0,0,,,0,
20,12685,23,MCH1,000000000420000227                      FS028,,,0,,0,0,0,,,0,
20,12686,23,MCH1,000000000420000227                      FS029,,,0,,0,0,0,,,0,
20,12687,23,MCH1,000000000420000227                      IFS0301,,,0,,0,0,0,,,0,
20,12688,23,MCH1,000000000420000227                      IFS0302,,,0,,0,0,0,,,0,
20,12689,23,MCH1,000000000420000227                      JFG0304,,,0,,0,0,0,,,0,
20,12690,23,MCH1,000000000420000227                      JFS0301,,,0,,0,0,0,,,0,
20,12691,23,MCH1,000000000420000227                      JFS0302,,,0,,0,0,0,,,0,
20,12692,23,MCH1,000000000420000227                      JFS0303,,,0,,0,0,0,,,0,
20,12693,23,MCH1,000000000420000227                      JFS0304,,,0,,0,0,0,,,0,
20,12694,23,MCH1,000000000420000227                      JFS0305,,,0,,0,0,0,,,0,
20,12695,23,MCH1,000000000420000227                      JFS0306,,,0,,0,0,0,,,0,
20,12696,23,MCH1,000000000420000227                      JFS0307,,,0,,0,0,0,,,0,
20,12697,23,MCH1,000000000420000227                      JFS0308,,,0,,0,0,0,,,0,
20,12698,23,MCH1,000000000420000227                      JFS0309,,,0,,0,0,0,,,0,
20,12699,23,MCH1,000000000420000227                      JFS0310,,,0,,0,0,0,,,0,
20,12700,23,MCH1,000000000420000227                      JFS0311,,,0,,0,0,0,,,0,
20,12701,23,MCH1,000000000420000227                      JFS0312,,,0,,0,0,0,,,0,
20,12702,23,MCH1,000000000420000227                      JFS0401,,,0,,0,0,0,,,0,
20,12703,23,MCH1,000000000420000227                      JFS0402,,,0,,0,0,0,,,0,
20,12704,23,MCH1,000000000420000227                      JFS0403,,,0,,0,0,0,,,0,
20,12705,23,MCH1,000000000420000227                      JFS0404,,,0,,0,0,0,,,0,
20,12706,23,MCH1,000000000420000227                      JFS0405,,,0,,0,0,0,,,0,
20,12707,23,MCH1,000000000420000227                      JFS0406,,,0,,0,0,0,,,0,
20,12708,23,MCH1,000000000420000227                      JFS0408,,,0,,0,0,0,,,0,
20,12709,23,MCH1,000000000420000227                      JFS0409,,,0,,0,0,0,,,0,
20,12710,23,MCH1,000000000420000227                      JFS0410,,,0,,0,0,0,,,0,
20,12711,23,MCH1,000000000420000227                      JFS0411,,,0,,0,0,0,,,0,
20,12712,23,MCH1,000000000420000227                      JFS0412,,,0,,0,0,0,,,0,
20,12713,23,MCH1,000000000420000227                      JFS0413,,,0,,0,0,0,,,0,
20,12714,23,MCH1,000000000420000227                      JFS0417,,,0,,0,0,0,,,0,
20,12715,23,MCH1,000000000420000227                      JFS0418,,,0,,0,0,0,,,0,
20,12716,23,MCH1,000000000420000227                      JFS0419,,,0,,0,0,0,,,0,
20,12717,23,MCH1,000000000420000227                      JFS0420,,,0,,0,0,0,,,0,
20,12718,23,MCH1,000000000420000227                      JFS0421,,,0,,0,0,0,,,0,
20,12719,23,MCH1,000000000420000227                      JFS0422,,,0,,0,0,0,,,0,
20,12720,23,MCH1,000000000420000227                      JFS0423,,,0,,0,0,0,,,0,
20,12721,23,MCH1,000000000420000227                      JFS0424,,,0,,0,0,0,,,0,
20,12722,23,MCH1,000000000420000227                      JFS0425,,,0,,0,0,0,,,0,
20,12723,23,MCH1,000000000420000227                      JFS0426,,,0,,0,0,0,,,0,
20,12724,23,MCH1,000000000420000227                      JFS0427,,,0,,0,0,0,,,0,
20,12725,23,MCH1,000000000420000227                      JFS0428,,,0,,0,0,0,,,0,
20,12726,23,MCH1,000000000420000227                      JFS0429,,,0,,0,0,0,,,0,
20,13123,23,MCH1,000000000420000115                      NCD0247,,,0,,0,0,0,,,0,
20,13124,23,MCH1,000000000420000115                      NCD0248,,,0,,0,0,0,,,0,
20,13125,23,MCH1,000000000420000115                      NCD0249,,,0,,0,0,0,,,0,
20,13126,23,MCH1,000000000420000115                      NCD0250,,,0,,0,0,0,,,0,
20,13127,23,MCH1,000000000420000115                      NCD0251,,,0,,0,0,0,,,0,
20,13128,23,MCH1,000000000420000115                      NCD0252,,,0,,0,0,0,,,0,
20,13129,23,MCH1,000000000420000115                      NCD0253,,,0,,0,0,0,,,0,
20,13130,23,MCH1,000000000420000115                      NCD0254,,,0,,0,0,0,,,0,
20,13131,23,MCH1,000000000420000115                      NCD0255,,,0,,0,0,0,,,0,
20,13132,23,MCH1,000000000420000115                      NCD0256,,,0,,0,0,0,,,0,
20,13133,23,MCH1,000000000420000115                      NCD0257,,,0,,0,0,0,,,0,
20,13134,23,MCH1,000000000420000115                      NCD0258,,,0,,0,0,0,,,0,
20,13135,23,MCH1,000000000420000115                      NCD0259,,,0,,0,0,0,,,0,
20,13136,23,MCH1,000000000420000115                      NCD0260,,,0,,0,0,0,,,0,
20,13137,23,MCH1,000000000420000115                      NCD0261,,,0,,0,0,0,,,0,
20,13138,23,MCH1,000000000420000115                      NCD0262,,,0,,0,0,0,,,0,
20,13139,23,MCH1,000000000420000115                      NCD0263,,,0,,0,0,0,,,0,
20,13140,23,MCH1,000000000420000115                      NCD0264,,,0,,0,0,0,,,0,
20,13141,23,MCH1,000000000420000115                      NCD0265,,,0,,0,0,0,,,0,
20,13142,23,MCH1,000000000420000115                      NCD0266,,,0,,0,0,0,,,0,
20,13143,23,MCH1,000000000420000115                      NCD0267,,,0,,0,0,0,,,0,
20,13144,23,MCH1,000000000420000115                      NCD0268,,,0,,0,0,0,,,0,
20,13145,23,MCH1,000000000420000115                      NCD0269,,,0,,0,0,0,,,0,
20,13146,23,MCH1,000000000420000115                      NCD0301,,,0,,0,0,0,,,0,
20,13147,23,MCH1,000000000420000115                      NCD0302,,,0,,0,0,0,,,0,
20,13148,23,MCH1,000000000420000115                      NCD0303,,,0,,0,0,0,,,0,
20,13149,23,MCH1,000000000420000115                      NCD0304,,,0,,0,0,0,,,0,
20,13150,23,MCH1,000000000420000115                      NCD0305,,,0,,0,0,0,,,0,
20,13151,23,MCH1,000000000420000115                      NCD0306,,,0,,0,0,0,,,0,
20,13152,23,MCH1,000000000420000115                      NCD0307,,,0,,0,0,0,,,0,
20,13153,23,MCH1,000000000420000115                      NCD0308,,,0,,0,0,0,,,0,
20,13154,23,MCH1,000000000420000115                      NCD0309,,,0,,0,0,0,,,0,
20,13155,23,MCH1,000000000420000115                      NCD0310,,,0,,0,0,0,,,0,
20,13156,23,MCH1,000000000420000115                      NCD0311,,,0,,0,0,0,,,0,
20,13157,23,MCH1,000000000420000115                      NCD0312,,,0,,0,0,0,,,0,
20,13158,23,MCH1,000000000420000115                      NCD0313,,,0,,0,0,0,,,0,
20,13159,23,MCH1,000000000420000115                      NCD0314,,,0,,0,0,0,,,0,
20,13160,23,MCH1,000000000420000115                      NCD0315,,,0,,0,0,0,,,0,
20,13161,23,MCH1,000000000420000115                      NCD0316,,,0,,0,0,0,,,0,
20,13162,23,MCH1,000000000420000115                      NCD0317,,,0,,0,0,0,,,0,
20,13163,23,MCH1,000000000420000115                      NCD0318,,,0,,0,0,0,,,0,
20,13164,23,MCH1,000000000420000115                      NCD0319,,,0,,0,0,0,,,0,
20,13165,23,MCH1,000000000420000115                      NCD0320,,,0,,0,0,0,,,0,
20,13166,23,MCH1,000000000420000115                      NCD0321,,,0,,0,0,0,,,0,
20,13167,23,MCH1,000000000420000115                      NCD0322,,,0,,0,0,0,,,0,
20,13168,23,MCH1,000000000420000115                      NCD0323,,,0,,0,0,0,,,0,
20,13169,23,MCH1,000000000420000115                      NCD0324,,,0,,0,0,0,,,0,
20,13170,23,MCH1,000000000420000115                      NCD0325,,,0,,0,0,0,,,0,
20,13171,23,MCH1,000000000420000115                      NCD0326,,,0,,0,0,0,,,0,
20,13172,23,MCH1,000000000420000115                      NCD0327,,,0,,0,0,0,,,0,
20,13173,23,MCH1,000000000420000115                      NCD0328,,,0,,0,0,0,,,0,
20,13174,23,MCH1,000000000420000115                      NCD0329,,,0,,0,0,0,,,0,
20,13175,23,MCH1,000000000420000115                      NCD0330,,,0,,0,0,0,,,0,
20,13176,23,MCH1,000000000420000115                      NCD0331,,,0,,0,0,0,,,0,
20,13177,23,MCH1,000000000420000115                      NCD0332,,,0,,0,0,0,,,0,
20,13178,23,MCH1,000000000420000115                      NCD0333,,,0,,0,0,0,,,0,
20,13179,23,MCH1,000000000420000115                      NCD0334,,,0,,0,0,0,,,0,
20,13180,23,MCH1,000000000420000115                      NCD0335,,,0,,0,0,0,,,0,
20,13181,23,MCH1,000000000420000115                      NCD0336,,,0,,0,0,0,,,0,
20,13182,23,MCH1,000000000420000115                      NCD0337,,,0,,0,0,0,,,0,
20,13183,23,MCH1,000000000420000115                      NCD0338,,,0,,0,0,0,,,0,
20,13184,23,MCH1,000000000420000115                      NCD0339,,,0,,0,0,0,,,0,
20,13185,23,MCH1,000000000420000115                      NCD0340,,,0,,0,0,0,,,0,
20,13186,23,MCH1,000000000420000115                      NCD0341,,,0,,0,0,0,,,0,
20,13187,23,MCH1,000000000420000115                      NCD0342,,,0,,0,0,0,,,0,
20,13188,23,MCH1,000000000420000115                      NCD0343,,,0,,0,0,0,,,0,
20,13189,23,MCH1,000000000420000115                      NCD0344,,,0,,0,0,0,,,0,
20,13190,23,MCH1,000000000420000115                      NCD0345,,,0,,0,0,0,,,0,
20,13191,23,MCH1,000000000420000115                      NCD0346,,,0,,0,0,0,,,0,
20,13192,23,MCH1,000000000420000115                      NCD0347,,,0,,0,0,0,,,0,
20,13193,23,MCH1,000000000420000115                      NCD0348,,,0,,0,0,0,,,0,
20,13194,23,MCH1,000000000420000115                      NCD0349,,,0,,0,0,0,,,0,
20,13195,23,MCH1,000000000420000115                      NCD0350,,,0,,0,0,0,,,0,
20,13196,23,MCH1,000000000420000115                      NCD0351,,,0,,0,0,0,,,0,
20,13197,23,MCH1,000000000420000115                      NCD0352,,,0,,0,0,0,,,0,
20,13198,23,MCH1,000000000420000115                      NCD0353,,,0,,0,0,0,,,0,
20,13199,23,MCH1,000000000420000115                      NCD0354,,,0,,0,0,0,,,0,
20,13200,23,MCH1,000000000420000115                      NCD0355,,,0,,0,0,0,,,0,
20,13201,23,MCH1,000000000420000115                      NCD0356,,,0,,0,0,0,,,0,
20,13202,23,MCH1,000000000420000115                      NCD0357,,,0,,0,0,0,,,0,
20,13203,23,MCH1,000000000420000115                      NCD0358,,,0,,0,0,0,,,0,
20,13204,23,MCH1,000000000420000115                      NCD0359,,,0,,0,0,0,,,0,
20,13205,23,MCH1,000000000420000115                      NCD0360,,,0,,0,0,0,,,0,
20,13206,23,MCH1,000000000420000115                      NCD0361,,,0,,0,0,0,,,0,
20,13207,23,MCH1,000000000420000115                      NCD0362,,,0,,0,0,0,,,0,
20,13208,23,MCH1,000000000420000115                      NCD0363,,,0,,0,0,0,,,0,
20,13209,23,MCH1,000000000420000115                      NCD0364,,,0,,0,0,0,,,0,
20,13210,23,MCH1,000000000420000115                      NCD0365,,,0,,0,0,0,,,0,
20,13211,23,MCH1,000000000420000134                      CB001,,,0,,0,0,0,,,0,
20,13212,23,MCH1,000000000420000134                      CB0010,,,0,,0,0,0,,,0,
20,13213,23,MCH1,000000000420000134                      CB0012,,,0,,0,0,0,,,0,
20,13214,23,MCH1,000000000420000134                      CB002,,,0,,0,0,0,,,0,
20,13215,23,MCH1,000000000420000134                      CB003,,,0,,0,0,0,,,0,
20,13216,23,MCH1,000000000420000134                      CB004,,,0,,0,0,0,,,0,
20,13217,23,MCH1,000000000420000134                      CB005,,,0,,0,0,0,,,0,
20,13218,23,MCH1,000000000420000134                      CB007,,,0,,0,0,0,,,0,
20,13219,23,MCH1,000000000420000134                      CB008,,,0,,0,0,0,,,0,
20,13220,23,MCH1,000000000420000134                      CB009,,,0,,0,0,0,,,0,
20,13221,23,MCH1,000000000420000134                      CB021,,,0,,0,0,0,,,0,
20,13717,23,MCH1,000000000420000130                      ICF0166,,,0,,0,0,0,,,0,
20,13718,23,MCH1,000000000420000130                      ICF0167,,,0,,0,0,0,,,0,
20,13719,23,MCH1,000000000420000130                      ICF0168,,,0,,0,0,0,,,0,
20,13720,23,MCH1,000000000420000130                      ICF0169,,,0,,0,0,0,,,0,
20,13721,23,MCH1,000000000420000130                      ICF017,,,0,,0,0,0,,,0,
20,13722,23,MCH1,000000000420000130                      ICF0170,,,0,,0,0,0,,,0,
20,13723,23,MCH1,000000000420000130                      ICF0171,,,0,,0,0,0,,,0,
20,13724,23,MCH1,000000000420000130                      ICF0172,,,0,,0,0,0,,,0,
20,13725,23,MCH1,000000000420000130                      ICF0173,,,0,,0,0,0,,,0,
20,13726,23,MCH1,000000000420000130                      ICF0174,,,0,,0,0,0,,,0,
20,13727,23,MCH1,000000000420000130                      ICF0175,,,0,,0,0,0,,,0,
20,13728,23,MCH1,000000000420000130                      ICF0176,,,0,,0,0,0,,,0,
20,13729,23,MCH1,000000000420000130                      ICF0177,,,0,,0,0,0,,,0,
20,13730,23,MCH1,000000000420000130                      ICF0178,,,0,,0,0,0,,,0,
20,13731,23,MCH1,000000000420000130                      ICF0179,,,0,,0,0,0,,,0,
20,13732,23,MCH1,000000000420000130                      ICF018,,,0,,0,0,0,,,0,
20,13733,23,MCH1,000000000420000130                      ICF0180,,,0,,0,0,0,,,0,
20,13734,23,MCH1,000000000420000130                      ICF0181,,,0,,0,0,0,,,0,
20,13735,23,MCH1,000000000420000130                      ICF0182,,,0,,0,0,0,,,0,
20,13736,23,MCH1,000000000420000130                      ICF0183,,,0,,0,0,0,,,0,
20,13737,23,MCH1,000000000420000130                      ICF0184,,,0,,0,0,0,,,0,
20,13738,23,MCH1,000000000420000130                      ICF0185,,,0,,0,0,0,,,0,
20,13739,23,MCH1,000000000420000130                      ICF0186,,,0,,0,0,0,,,0,
20,13740,23,MCH1,000000000420000130                      ICF0187,,,0,,0,0,0,,,0,
20,13741,23,MCH1,000000000420000130                      ICF0188,,,0,,0,0,0,,,0,
20,13742,23,MCH1,000000000420000130                      ICF0189,,,0,,0,0,0,,,0,
20,13743,23,MCH1,000000000420000130                      ICF019,,,0,,0,0,0,,,0,
20,13744,23,MCH1,000000000420000130                      ICF0190,,,0,,0,0,0,,,0,
20,13745,23,MCH1,000000000420000130                      ICF0191,,,0,,0,0,0,,,0,
20,13746,23,MCH1,000000000420000130                      ICF0192,,,0,,0,0,0,,,0,
20,13747,23,MCH1,000000000420000130                      ICF0193,,,0,,0,0,0,,,0,
20,13748,23,MCH1,000000000420000130                      ICF0194,,,0,,0,0,0,,,0,
20,13749,23,MCH1,000000000420000130                      ICF0195,,,0,,0,0,0,,,0,
20,13750,23,MCH1,000000000420000130                      ICF0196,,,0,,0,0,0,,,0,
20,13751,23,MCH1,000000000420000130                      ICF0197,,,0,,0,0,0,,,0,
20,13752,23,MCH1,000000000420000130                      ICF0198,,,0,,0,0,0,,,0,
20,13753,23,MCH1,000000000420000130                      ICF0199,,,0,,0,0,0,,,0,
20,13754,23,MCH1,000000000420000130                      ICF0201,,,0,,0,0,0,,,0,
20,13755,23,MCH1,000000000420000130                      ICF0202,,,0,,0,0,0,,,0,
20,13756,23,MCH1,000000000420000130                      ICF0203,,,0,,0,0,0,,,0,
20,13757,23,MCH1,000000000420000130                      ICF0204,,,0,,0,0,0,,,0,
20,13758,23,MCH1,000000000420000130                      ICF0205,,,0,,0,0,0,,,0,
20,13759,23,MCH1,000000000420000130                      ICF0206,,,0,,0,0,0,,,0,
20,13760,23,MCH1,000000000420000130                      ICF0207,,,0,,0,0,0,,,0,
20,13761,23,MCH1,000000000420000130                      ICF0208,,,0,,0,0,0,,,0,
20,13762,23,MCH1,000000000420000130                      ICF0209,,,0,,0,0,0,,,0,
20,13763,23,MCH1,000000000420000130                      ICF0210,,,0,,0,0,0,,,0,
20,13764,23,MCH1,000000000420000130                      ICF0211,,,0,,0,0,0,,,0,
20,13765,23,MCH1,000000000420000130                      ICF0212,,,0,,0,0,0,,,0,
20,13766,23,MCH1,000000000420000130                      ICF0213,,,0,,0,0,0,,,0,
20,13767,23,MCH1,000000000420000130                      ICF0214,,,0,,0,0,0,,,0,
20,13768,23,MCH1,000000000420000130                      ICF0215,,,0,,0,0,0,,,0,
20,13769,23,MCH1,000000000420000130                      ICF0216,,,0,,0,0,0,,,0,
20,13770,23,MCH1,000000000420000130                      ICF0217,,,0,,0,0,0,,,0,
20,13771,23,MCH1,000000000420000130                      ICF0218,,,0,,0,0,0,,,0,
20,13772,23,MCH1,000000000420000130                      ICF0219,,,0,,0,0,0,,,0,
20,13773,23,MCH1,000000000420000130                      ICF0220,,,0,,0,0,0,,,0,
20,13774,23,MCH1,000000000420000130                      ICF0221,,,0,,0,0,0,,,0,
20,13775,23,MCH1,000000000420000130                      ICF0222,,,0,,0,0,0,,,0,
20,13776,23,MCH1,000000000420000130                      ICF0223,,,0,,0,0,0,,,0,
20,13777,23,MCH1,000000000420000130                      ICF0224,,,0,,0,0,0,,,0,
20,13778,23,MCH1,000000000420000130                      ICF0225,,,0,,0,0,0,,,0,
20,13779,23,MCH1,000000000420000130                      ICF0226,,,0,,0,0,0,,,0,
20,13780,23,MCH1,000000000420000130                      ICF0227,,,0,,0,0,0,,,0,
20,13781,23,MCH1,000000000420000130                      ICF0228,,,0,,0,0,0,,,0,
20,13782,23,MCH1,000000000420000130                      ICF0229,,,0,,0,0,0,,,0,
20,13783,23,MCH1,000000000420000130                      ICF0230,,,0,,0,0,0,,,0,
20,13784,23,MCH1,000000000420000130                      ICF0231,,,0,,0,0,0,,,0,
20,13785,23,MCH1,000000000420000130                      ICF0232,,,0,,0,0,0,,,0,
20,13786,23,MCH1,000000000420000130                      ICF0233,,,0,,0,0,0,,,0,
20,13787,23,MCH1,000000000420000130                      ICF0234,,,0,,0,0,0,,,0,
20,13788,23,MCH1,000000000420000130                      ICF0235,,,0,,0,0,0,,,0,
20,13789,23,MCH1,000000000420000130                      ICF0236,,,0,,0,0,0,,,0,
20,13790,23,MCH1,000000000420000130                      ICF0237,,,0,,0,0,0,,,0,
20,13791,23,MCH1,000000000420000130                      ICF0238,,,0,,0,0,0,,,0,
20,13792,23,MCH1,000000000420000130                      ICF0239,,,0,,0,0,0,,,0,
20,13793,23,MCH1,000000000420000130                      ICF0240,,,0,,0,0,0,,,0,
20,13794,23,MCH1,000000000420000130                      ICF0241,,,0,,0,0,0,,,0,
20,13795,23,MCH1,000000000420000130                      ICF0242,,,0,,0,0,0,,,0,
20,13796,23,MCH1,000000000420000130                      ICF0243,,,0,,0,0,0,,,0,
20,13797,23,MCH1,000000000420000130                      ICF0244,,,0,,0,0,0,,,0,
20,13798,23,MCH1,000000000420000130                      ICF0245,,,0,,0,0,0,,,0,
20,13799,23,MCH1,000000000420000130                      ICF0246,,,0,,0,0,0,,,0,
20,13800,23,MCH1,000000000420000130                      ICF0247,,,0,,0,0,0,,,0,
20,13801,23,MCH1,000000000420000130                      ICF0248,,,0,,0,0,0,,,0,
20,13802,23,MCH1,000000000420000130                      ICF0249,,,0,,0,0,0,,,0,
20,13803,23,MCH1,000000000420000130                      ICF0250,,,0,,0,0,0,,,0,
20,13804,23,MCH1,000000000420000130                      ICF0251,,,0,,0,0,0,,,0,
20,13805,23,MCH1,000000000420000130                      ICF0252,,,0,,0,0,0,,,0,
20,13806,23,MCH1,000000000420000130                      ICF0253,,,0,,0,0,0,,,0,
20,13807,23,MCH1,000000000420000130                      ICF0254,,,0,,0,0,0,,,0,
20,13808,23,MCH1,000000000420000130                      ICF0255,,,0,,0,0,0,,,0,
20,13809,23,MCH1,000000000420000130                      ICF0256,,,0,,0,0,0,,,0,
20,13810,23,MCH1,000000000420000130                      ICF0257,,,0,,0,0,0,,,0,
20,13811,23,MCH1,000000000420000130                      ICF0258,,,0,,0,0,0,,,0,
20,13812,23,MCH1,000000000420000130                      ICF0259,,,0,,0,0,0,,,0,
20,13813,23,MCH1,000000000420000130                      ICF0260,,,0,,0,0,0,,,0,
20,13814,23,MCH1,000000000420000130                      ICF0261,,,0,,0,0,0,,,0,
20,13815,23,MCH1,000000000420000130                      ICF0262,,,0,,0,0,0,,,0,
20,14311,23,MCH1,000000000420000463                      DZ0118,,,0,,0,0,0,,,0,
20,14312,23,MCH1,000000000420000463                      DZ0119,,,0,,0,0,0,,,0,
20,14313,23,MCH1,000000000420000463                      DZ012,,,0,,0,0,0,,,0,
20,14314,23,MCH1,000000000420000463                      DZ0120,,,0,,0,0,0,,,0,
20,14315,23,MCH1,000000000420000463                      DZ0121,,,0,,0,0,0,,,0,
20,14316,23,MCH1,000000000420000463                      DZ0122,,,0,,0,0,0,,,0,
20,14317,23,MCH1,000000000420000463                      DZ0123,,,0,,0,0,0,,,0,
20,14318,23,MCH1,000000000420000463                      DZ0124,,,0,,0,0,0,,,0,
20,14319,23,MCH1,000000000420000463                      DZ0125,,,0,,0,0,0,,,0,
20,14320,23,MCH1,000000000420000463                      DZ0126,,,0,,0,0,0,,,0,
20,14321,23,MCH1,000000000420000463                      DZ0127,,,0,,0,0,0,,,0,
20,14322,23,MCH1,000000000420000463                      DZ0128,,,0,,0,0,0,,,0,
20,14323,23,MCH1,000000000420000463                      DZ0129,,,0,,0,0,0,,,0,
20,14324,23,MCH1,000000000420000463                      DZ013,,,0,,0,0,0,,,0,
20,14325,23,MCH1,000000000420000463                      DZ0130,,,0,,0,0,0,,,0,
20,14326,23,MCH1,000000000420000463                      DZ0131,,,0,,0,0,0,,,0,
20,14327,23,MCH1,000000000420000463                      DZ0132,,,0,,0,0,0,,,0,
20,14328,23,MCH1,000000000420000463                      DZ0133,,,0,,0,0,0,,,0,
20,14329,23,MCH1,000000000420000463                      DZ0134,,,0,,0,0,0,,,0,
20,14330,23,MCH1,000000000420000463                      DZ0135,,,0,,0,0,0,,,0,
20,14331,23,MCH1,000000000420000463                      DZ0136,,,0,,0,0,0,,,0,
20,14332,23,MCH1,000000000420000463                      DZ0137,,,0,,0,0,0,,,0,
20,14333,23,MCH1,000000000420000463                      DZ0138,,,0,,0,0,0,,,0,
20,14334,23,MCH1,000000000420000463                      DZ0139,,,0,,0,0,0,,,0,
20,14335,23,MCH1,000000000420000463                      DZ014,,,0,,0,0,0,,,0,
20,14336,23,MCH1,000000000420000463                      DZ0140,,,0,,0,0,0,,,0,
20,14337,23,MCH1,000000000420000463                      DZ0141,,,0,,0,0,0,,,0,
20,14338,23,MCH1,000000000420000463                      DZ0142,,,0,,0,0,0,,,0,
20,14339,23,MCH1,000000000420000463                      DZ0143,,,0,,0,0,0,,,0,
20,14340,23,MCH1,000000000420000463                      DZ0144,,,0,,0,0,0,,,0,
20,14341,23,MCH1,000000000420000463                      DZ0145,,,0,,0,0,0,,,0,
20,14342,23,MCH1,000000000420000463                      DZ0146,,,0,,0,0,0,,,0,
20,14343,23,MCH1,000000000420000463                      DZ0147,,,0,,0,0,0,,,0,
20,14344,23,MCH1,000000000420000463                      DZ0148,,,0,,0,0,0,,,0,
20,14345,23,MCH1,000000000420000463                      DZ0149,,,0,,0,0,0,,,0,
20,14346,23,MCH1,000000000420000463                      DZ015,,,0,,0,0,0,,,0,
20,14347,23,MCH1,000000000420000463                      DZ0150,,,0,,0,0,0,,,0,
20,14348,23,MCH1,000000000420000463                      DZ0151,,,0,,0,0,0,,,0,
20,14349,23,MCH1,000000000420000463                      DZ0152,,,0,,0,0,0,,,0,
20,14350,23,MCH1,000000000420000463                      DZ0153,,,0,,0,0,0,,,0,
20,14351,23,MCH1,000000000420000463                      DZ0154,,,0,,0,0,0,,,0,
20,14352,23,MCH1,000000000420000463                      DZ0155,,,0,,0,0,0,,,0,
20,14353,23,MCH1,000000000420000463                      DZ0156,,,0,,0,0,0,,,0,
20,14354,23,MCH1,000000000420000463                      DZ0157,,,0,,0,0,0,,,0,
20,14355,23,MCH1,000000000420000463                      DZ0158,,,0,,0,0,0,,,0,
20,14356,23,MCH1,000000000420000463                      DZ0159,,,0,,0,0,0,,,0,
20,14357,23,MCH1,000000000420000463                      DZ016,,,0,,0,0,0,,,0,
20,14358,23,MCH1,000000000420000463                      DZ0160,,,0,,0,0,0,,,0,
20,14359,23,MCH1,000000000420000463                      DZ0161,,,0,,0,0,0,,,0,
20,14360,23,MCH1,000000000420000463                      DZ0162,,,0,,0,0,0,,,0,
20,14361,23,MCH1,000000000420000463                      DZ0163,,,0,,0,0,0,,,0,
20,14362,23,MCH1,000000000420000463                      DZ0164,,,0,,0,0,0,,,0,
20,14363,23,MCH1,000000000420000463                      DZ0165,,,0,,0,0,0,,,0,
20,14364,23,MCH1,000000000420000463                      DZ0166,,,0,,0,0,0,,,0,
20,14365,23,MCH1,000000000420000463                      DZ0167,,,0,,0,0,0,,,0,
20,14366,23,MCH1,000000000420000463                      DZ0168,,,0,,0,0,0,,,0,
20,14367,23,MCH1,000000000420000463                      DZ0169,,,0,,0,0,0,,,0,
20,14368,23,MCH1,000000000420000463                      DZ017,,,0,,0,0,0,,,0,
20,14369,23,MCH1,000000000420000463                      DZ0170,,,0,,0,0,0,,,0,
20,14370,23,MCH1,000000000420000463                      DZ0171,,,0,,0,0,0,,,0,
20,14371,23,MCH1,000000000420000463                      DZ0172,,,0,,0,0,0,,,0,
20,14372,23,MCH1,000000000420000463                      DZ0173,,,0,,0,0,0,,,0,
20,14373,23,MCH1,000000000420000463                      DZ0174,,,0,,0,0,0,,,0,
20,14374,23,MCH1,000000000420000463                      DZ0175,,,0,,0,0,0,,,0,
20,14375,23,MCH1,000000000420000463                      DZ0176,,,0,,0,0,0,,,0,
20,14376,23,MCH1,000000000420000463                      DZ0177,,,0,,0,0,0,,,0,
20,14377,23,MCH1,000000000420000463                      DZ0178,,,0,,0,0,0,,,0,
20,14378,23,MCH1,000000000420000463                      DZ0179,,,0,,0,0,0,,,0,
20,14379,23,MCH1,000000000420000463                      DZ018,,,0,,0,0,0,,,0,
20,14380,23,MCH1,000000000420000463                      DZ0180,,,0,,0,0,0,,,0,
20,14381,23,MCH1,000000000420000463                      DZ0181,,,0,,0,0,0,,,0,
20,14382,23,MCH1,000000000420000463                      DZ0182,,,0,,0,0,0,,,0,
20,14383,23,MCH1,000000000420000463                      DZ0183,,,0,,0,0,0,,,0,
20,14384,23,MCH1,000000000420000463                      DZ0184,,,0,,0,0,0,,,0,
20,14385,23,MCH1,000000000420000463                      DZ0185,,,0,,0,0,0,,,0,
20,14386,23,MCH1,000000000420000463                      DZ0186,,,0,,0,0,0,,,0,
20,14387,23,MCH1,000000000420000463                      DZ019,,,0,,0,0,0,,,0,
20,14388,23,MCH1,000000000420000463                      DZ0201,,,0,,0,0,0,,,0,
20,14389,23,MCH1,000000000420000463                      DZ0202,,,0,,0,0,0,,,0,
20,14390,23,MCH1,000000000420000463                      DZ0203,,,0,,0,0,0,,,0,
20,14391,23,MCH1,000000000420000463                      DZ0204,,,0,,0,0,0,,,0,
20,14392,23,MCH1,000000000420000463                      DZ0205,,,0,,0,0,0,,,0,
20,14393,23,MCH1,000000000420000463                      DZ0206,,,0,,0,0,0,,,0,
20,14394,23,MCH1,000000000420000463                      DZ0207,,,0,,0,0,0,,,0,
20,14395,23,MCH1,000000000420000463                      DZ0208,,,0,,0,0,0,,,0,
20,14396,23,MCH1,000000000420000463                      DZ0209,,,0,,0,0,0,,,0,
20,14397,23,MCH1,000000000420000463                      DZ0210,,,0,,0,0,0,,,0,
20,14398,23,MCH1,000000000420000463                      DZ0211,,,0,,0,0,0,,,0,
20,14399,23,MCH1,000000000420000463                      DZ0212,,,0,,0,0,0,,,0,
20,14400,23,MCH1,000000000420000463                      DZ0213,,,0,,0,0,0,,,0,
20,14401,23,MCH1,000000000420000463                      DZ0214,,,0,,0,0,0,,,0,
20,14402,23,MCH1,000000000420000463                      DZ0215,,,0,,0,0,0,,,0,
20,14403,23,MCH1,000000000420000463                      DZ0216,,,0,,0,0,0,,,0,
20,14404,23,MCH1,000000000420000463                      DZ0217,,,0,,0,0,0,,,0,
20,14405,23,MCH1,000000000420000463                      DZ0218,,,0,,0,0,0,,,0,
20,14406,23,MCH1,000000000420000463                      DZ0219,,,0,,0,0,0,,,0,
20,14407,23,MCH1,000000000420000463                      DZ0220,,,0,,0,0,0,,,0,
20,14408,23,MCH1,000000000420000463                      DZ0221,,,0,,0,0,0,,,0,
20,14409,23,MCH1,000000000420000463                      DZ0222,,,0,,0,0,0,,,0,
20,14905,23,MCH1,000000000420000363                      BSL0301,,,0,,0,0,0,,,0,
20,14906,23,MCH1,000000000420000363                      NSL021,,,0,,0,0,0,,,0,
20,14907,23,MCH1,000000000420000363                      NSL022,,,0,,0,0,0,,,0,
20,14908,23,MCH1,000000000420000363                      NSL023,,,0,,0,0,0,,,0,
20,14909,23,MCH1,000000000420000363                      NSL024,,,0,,0,0,0,,,0,
20,14910,23,MCH1,000000000420000363                      NSL0301,,,0,,0,0,0,,,0,
20,14911,23,MCH1,000000000420000508                      NT013,,,0,,0,0,0,,,0,
20,14912,23,MCH1,000000000420000508                      NTT002,,,0,,0,0,0,,,0,
20,14913,23,MCH1,000000000420000508                      NTT003,,,0,,0,0,0,,,0,
20,14914,23,MCH1,000000000420000508                      NTT011,,,0,,0,0,0,,,0,
20,14915,23,MCH1,000000000420000508                      NTT012,,,0,,0,0,0,,,0,
20,14916,23,MCH1,000000000420000508                      NTT013,,,0,,0,0,0,,,0,
20,14917,23,MCH1,000000000420000470                      HG011,,,0,,0,0,0,,,0,
20,14918,23,MCH1,000000000420000470                      HG0115,,,0,,0,0,0,,,0,
20,14919,23,MCH1,000000000420000470                      HG0116,,,0,,0,0,0,,,0,
20,14920,23,MCH1,000000000420000470                      HG0117,,,0,,0,0,0,,,0,
20,14921,23,MCH1,000000000420000470                      HG0118,,,0,,0,0,0,,,0,
20,14922,23,MCH1,000000000420000470                      HG0119,,,0,,0,0,0,,,0,
20,14923,23,MCH1,000000000420000470                      HG012,,,0,,0,0,0,,,0,
20,14924,23,MCH1,000000000420000470                      HG0120,,,0,,0,0,0,,,0,
20,14925,23,MCH1,000000000420000470                      HG0121,,,0,,0,0,0,,,0,
20,14926,23,MCH1,000000000420000470                      HG0122,,,0,,0,0,0,,,0,
20,14927,23,MCH1,000000000420000470                      HG0123,,,0,,0,0,0,,,0,
20,14928,23,MCH1,000000000420000470                      HG0124,,,0,,0,0,0,,,0,
20,14929,23,MCH1,000000000420000470                      HG0125,,,0,,0,0,0,,,0,
20,14930,23,MCH1,000000000420000470                      HG0126,,,0,,0,0,0,,,0,
20,14931,23,MCH1,000000000420000470                      HG0127,,,0,,0,0,0,,,0,
20,14932,23,MCH1,000000000420000470                      HG0128,,,0,,0,0,0,,,0,
20,14933,23,MCH1,000000000420000470                      HG0129,,,0,,0,0,0,,,0,
20,14934,23,MCH1,000000000420000470                      HG013,,,0,,0,0,0,,,0,
20,14935,23,MCH1,000000000420000470                      HG0130,,,0,,0,0,0,,,0,
20,14936,23,MCH1,000000000420000470                      HG0131,,,0,,0,0,0,,,0,
20,14937,23,MCH1,000000000420000470                      HG0132,,,0,,0,0,0,,,0,
20,14938,23,MCH1,000000000420000470                      HG0133,,,0,,0,0,0,,,0,
20,14939,23,MCH1,000000000420000470                      HG0134,,,0,,0,0,0,,,0,
20,14940,23,MCH1,000000000420000470                      HG0135,,,0,,0,0,0,,,0,
20,14941,23,MCH1,000000000420000470                      HG0136,,,0,,0,0,0,,,0,
20,14942,23,MCH1,000000000420000470                      HG0137,,,0,,0,0,0,,,0,
20,14943,23,MCH1,000000000420000470                      HG0138,,,0,,0,0,0,,,0,
20,14944,23,MCH1,000000000420000470                      HG0139,,,0,,0,0,0,,,0,
20,14945,23,MCH1,000000000420000470                      HG014,,,0,,0,0,0,,,0,
20,14946,23,MCH1,000000000420000470                      HG0145,,,0,,0,0,0,,,0,
20,14947,23,MCH1,000000000420000470                      HG0146,,,0,,0,0,0,,,0,
20,14948,23,MCH1,000000000420000470                      HG0147,,,0,,0,0,0,,,0,
20,14949,23,MCH1,000000000420000470                      HG0148,,,0,,0,0,0,,,0,
20,14950,23,MCH1,000000000420000470                      HG0149,,,0,,0,0,0,,,0,
20,14951,23,MCH1,000000000420000470                      HG015,,,0,,0,0,0,,,0,
20,14952,23,MCH1,000000000420000470                      HG0153,,,0,,0,0,0,,,0,
20,14953,23,MCH1,000000000420000470                      HG0154,,,0,,0,0,0,,,0,
20,14954,23,MCH1,000000000420000470                      HG0155,,,0,,0,0,0,,,0,
20,14955,23,MCH1,000000000420000470                      HG0156,,,0,,0,0,0,,,0,
20,14956,23,MCH1,000000000420000470                      HG0157,,,0,,0,0,0,,,0,
20,14957,23,MCH1,000000000420000470                      HG0158,,,0,,0,0,0,,,0,
20,14958,23,MCH1,000000000420000470                      HG0159,,,0,,0,0,0,,,0,
20,14959,23,MCH1,000000000420000470                      HG016,,,0,,0,0,0,,,0,
20,14960,23,MCH1,000000000420000470                      HG0160,,,0,,0,0,0,,,0,
20,14961,23,MCH1,000000000420000470                      HG0161,,,0,,0,0,0,,,0,
20,14962,23,MCH1,000000000420000470                      HG0162,,,0,,0,0,0,,,0,
20,14963,23,MCH1,000000000420000470                      HG0163,,,0,,0,0,0,,,0,
20,14964,23,MCH1,000000000420000470                      HG0164,,,0,,0,0,0,,,0,
20,14965,23,MCH1,000000000420000470                      HG0165,,,0,,0,0,0,,,0,
20,14966,23,MCH1,000000000420000470                      HG0166,,,0,,0,0,0,,,0,
20,14967,23,MCH1,000000000420000470                      HG0167,,,0,,0,0,0,,,0,
20,14968,23,MCH1,000000000420000470                      HG0168,,,0,,0,0,0,,,0,
20,14969,23,MCH1,000000000420000470                      HG0169,,,0,,0,0,0,,,0,
20,14970,23,MCH1,000000000420000470                      HG017,,,0,,0,0,0,,,0,
20,14971,23,MCH1,000000000420000470                      HG0170,,,0,,0,0,0,,,0,
20,14972,23,MCH1,000000000420000470                      HG0171,,,0,,0,0,0,,,0,
20,14973,23,MCH1,000000000420000470                      HG0172,,,0,,0,0,0,,,0,
20,14974,23,MCH1,000000000420000470                      HG0173,,,0,,0,0,0,,,0,
20,14975,23,MCH1,000000000420000470                      HG0174,,,0,,0,0,0,,,0,
20,14976,23,MCH1,000000000420000470                      HG0175,,,0,,0,0,0,,,0,
20,14977,23,MCH1,000000000420000470                      HG0176,,,0,,0,0,0,,,0,
20,14978,23,MCH1,000000000420000470                      HG0177,,,0,,0,0,0,,,0,
20,14979,23,MCH1,000000000420000470                      HG0178,,,0,,0,0,0,,,0,
20,14980,23,MCH1,000000000420000470                      HG0179,,,0,,0,0,0,,,0,
20,14981,23,MCH1,000000000420000470                      HG018,,,0,,0,0,0,,,0,
20,14982,23,MCH1,000000000420000470                      HG019,,,0,,0,0,0,,,0,
20,14983,23,MCH1,000000000420000470                      HG020,,,0,,0,0,0,,,0,
20,14984,23,MCH1,000000000420000470                      HG0201,,,0,,0,0,0,,,0,
20,14985,23,MCH1,000000000420000470                      HG0202,,,0,,0,0,0,,,0,
20,14986,23,MCH1,000000000420000470                      HG0203,,,0,,0,0,0,,,0,
20,14987,23,MCH1,000000000420000470                      HG0204,,,0,,0,0,0,,,0,
20,14988,23,MCH1,000000000420000470                      HG0205,,,0,,0,0,0,,,0,
20,14989,23,MCH1,000000000420000470                      HG0206,,,0,,0,0,0,,,0,
20,14990,23,MCH1,000000000420000470                      HG0207,,,0,,0,0,0,,,0,
20,14991,23,MCH1,000000000420000470                      HG0208,,,0,,0,0,0,,,0,
20,14992,23,MCH1,000000000420000470                      HG0209,,,0,,0,0,0,,,0,
20,14993,23,MCH1,000000000420000470                      HG021,,,0,,0,0,0,,,0,
20,14994,23,MCH1,000000000420000470                      HG0210,,,0,,0,0,0,,,0,
20,14995,23,MCH1,000000000420000470                      HG0211,,,0,,0,0,0,,,0,
20,14996,23,MCH1,000000000420000470                      HG0212,,,0,,0,0,0,,,0,
20,14997,23,MCH1,000000000420000470                      HG0213,,,0,,0,0,0,,,0,
20,14998,23,MCH1,000000000420000470                      HG0214,,,0,,0,0,0,,,0,
20,14999,23,MCH1,000000000420000470                      HG0215,,,0,,0,0,0,,,0,
20,15000,23,MCH1,000000000420000470                      HG0216,,,0,,0,0,0,,,0,
20,15001,23,MCH1,000000000420000470                      HG0217,,,0,,0,0,0,,,0,
20,15002,23,MCH1,000000000420000470                      HG0218,,,0,,0,0,0,,,0,
20,15003,23,MCH1,000000000420000470                      HG0219,,,0,,0,0,0,,,0,
20,15598,23,MCH1,000000000420000444                      XEP0223,,,0,,0,0,0,,,0,
20,15599,23,MCH1,000000000420000444                      XEP0224,,,0,,0,0,0,,,0,
20,15600,23,MCH1,000000000420000444                      XEP0225,,,0,,0,0,0,,,0,
20,15601,23,MCH1,000000000420000444                      XEP0226,,,0,,0,0,0,,,0,
20,15602,23,MCH1,000000000420000444                      XEP0227,,,0,,0,0,0,,,0,
20,15603,23,MCH1,000000000420000444                      XEP0301,,,0,,0,0,0,,,0,
20,15604,23,MCH1,000000000420000444                      XEP0302,,,0,,0,0,0,,,0,
20,15605,23,MCH1,000000000420000444                      XEP0303,,,0,,0,0,0,,,0,
20,15606,23,MCH1,000000000420000444                      XEP0304,,,0,,0,0,0,,,0,
20,15607,23,MCH1,000000000420000444                      XEP0305,,,0,,0,0,0,,,0,
20,15608,23,MCH1,000000000420000444                      XEP0306,,,0,,0,0,0,,,0,
20,15609,23,MCH1,000000000420000444                      XEP0307,,,0,,0,0,0,,,0,
20,15610,23,MCH1,000000000420000444                      XEP0308,,,0,,0,0,0,,,0,
20,15611,23,MCH1,000000000420000444                      XEP0309,,,0,,0,0,0,,,0,
20,15612,23,MCH1,000000000420000444                      XEP0310,,,0,,0,0,0,,,0,
20,15613,23,MCH1,000000000420000444                      XEP0311,,,0,,0,0,0,,,0,
20,15614,23,MCH1,000000000420000444                      XEP0312,,,0,,0,0,0,,,0,
20,15615,23,MCH1,000000000420000444                      XEP0313,,,0,,0,0,0,,,0,
20,15616,23,MCH1,000000000420000444                      XEP0314,,,0,,0,0,0,,,0,
20,15617,23,MCH1,000000000420000444                      XEP0315,,,0,,0,0,0,,,0,
20,15618,23,MCH1,000000000420000444                      XEP0316,,,0,,0,0,0,,,0,
20,15619,23,MCH1,000000000420000444                      XEP0401,,,0,,0,0,0,,,0,
20,15620,23,MCH1,000000000420000444                      XEP0402,,,0,,0,0,0,,,0,
20,15621,23,MCH1,000000000420000444                      XEP0403,,,0,,0,0,0,,,0,
20,15622,23,MCH1,000000000420000444                      XEP0404,,,0,,0,0,0,,,0,
20,15623,23,MCH1,000000000420000444                      XEP0405,,,0,,0,0,0,,,0,
20,15624,23,MCH1,000000000420000444                      XEP0407,,,0,,0,0,0,,,0,
20,15625,23,MCH1,000000000420000444                      XEP0408,,,0,,0,0,0,,,0,
20,15626,23,MCH1,000000000420000444                      XEP0409,,,0,,0,0,0,,,0,
20,15627,23,MCH1,000000000420000444                      XEP0410,,,0,,0,0,0,,,0,
20,15628,23,MCH1,000000000420000444                      XEP0411,,,0,,0,0,0,,,0,
20,15629,23,MCH1,000000000420000444                      XEP0412,,,0,,0,0,0,,,0,
20,15630,23,MCH1,000000000420000444                      XEP0413,,,0,,0,0,0,,,0,
20,15631,23,MCH1,000000000420000444                      XEP0414,,,0,,0,0,0,,,0,
20,15632,23,MCH1,000000000420000444                      XEP0415,,,0,,0,0,0,,,0,
20,15633,23,MCH1,000000000420000444                      XEP0416,,,0,,0,0,0,,,0,
20,15634,23,MCH1,000000000420000500                      CQH0201,,,0,,0,0,0,,,0,
20,15635,23,MCH1,000000000420000500                      CQH021,,,0,,0,0,0,,,0,
20,15636,23,MCH1,000000000420000500                      CQH0210,,,0,,0,0,0,,,0,
20,15637,23,MCH1,000000000420000500                      CQH0211,,,0,,0,0,0,,,0,
20,15638,23,MCH1,000000000420000500                      CQH0212,,,0,,0,0,0,,,0,
20,15639,23,MCH1,000000000420000500                      CQH0213,,,0,,0,0,0,,,0,
20,15640,23,MCH1,000000000420000500                      CQH021R,,,0,,0,0,0,,,0,
20,15641,23,MCH1,000000000420000500                      CQH022,,,0,,0,0,0,,,0,
20,15642,23,MCH1,000000000420000500                      CQH022R,,,0,,0,0,0,,,0,
20,15643,23,MCH1,000000000420000500                      CQH023,,,0,,0,0,0,,,0,
20,15644,23,MCH1,000000000420000500                      CQH023R,,,0,,0,0,0,,,0,
20,15645,23,MCH1,000000000420000500                      CQH024,,,0,,0,0,0,,,0,
20,15646,23,MCH1,000000000420000500                      CQH025,,,0,,0,0,0,,,0,
20,15647,23,MCH1,000000000420000500                      CQH026,,,0,,0,0,0,,,0,
20,15648,23,MCH1,000000000420000500                      CQH027,,,0,,0,0,0,,,0,
20,15649,23,MCH1,000000000420000500                      CQH028,,,0,,0,0,0,,,0,
20,15650,23,MCH1,000000000420000500                      CQH029,,,0,,0,0,0,,,0,
20,15651,23,MCH1,000000000420000500                      JQH0301,,,0,,0,0,0,,,0,
20,15652,23,MCH1,000000000420000500                      JQH0302,,,0,,0,0,0,,,0,
20,15653,23,MCH1,000000000420000500                      JQH0303,,,0,,0,0,0,,,0,
20,15654,23,MCH1,000000000420000500                      TQH0202,,,0,,0,0,0,,,0,
20,15655,23,MCH1,000000000420000500                      TQH0301,,,0,,0,0,0,,,0,
20,15656,23,MCH1,000000000420000500                      TQH0302,,,0,,0,0,0,,,0,
20,15657,23,MCH1,000000000420000500                      TQH0303,,,0,,0,0,0,,,0,
20,15658,23,MCH1,000000000420000500                      TQH0304,,,0,,0,0,0,,,0,
20,15659,23,MCH1,000000000420000500                      TQH0305,,,0,,0,0,0,,,0,
20,15660,23,MCH1,000000000420000500                      TQH0306,,,0,,0,0,0,,,0,
20,15661,23,MCH1,000000000420000500                      TQH0307,,,0,,0,0,0,,,0,
20,15662,23,MCH1,000000000420000442                      HEL0201,,,0,,0,0,0,,,0,
20,15663,23,MCH1,000000000420000442                      HEL0202,,,0,,0,0,0,,,0,
20,15664,23,MCH1,000000000420000443                      HEM0201,,,0,,0,0,0,,,0,
20,15665,23,MCH1,000000000420000443                      HEM0202,,,0,,0,0,0,,,0,
20,15666,23,MCH1,000000000420000519                      HZS021,,,0,,0,0,0,,,0,
20,15667,23,MCH1,000000000420000519                      HZS022,,,0,,0,0,0,,,0,
20,15668,23,MCH1,000000000420000519                      HZS023,,,0,,0,0,0,,,0,
20,15669,23,MCH1,000000000420000519                      HZS024,,,0,,0,0,0,,,0,
20,15670,23,MCH1,000000000420000519                      HZS025,,,0,,0,0,0,,,0,
20,15671,23,MCH1,000000000420000519                      HZS026,,,0,,0,0,0,,,0,
20,15672,23,MCH1,000000000420000519                      HZS027,,,0,,0,0,0,,,0,
20,15673,23,MCH1,000000000420000519                      TZS0201,,,0,,0,0,0,,,0,
20,15674,23,MCH1,000000000420000221                      FH021,,,0,,0,0,0,,,0,
20,15675,23,MCH1,000000000420000221                      FH022,,,0,,0,0,0,,,0,
20,15676,23,MCH1,000000000420000221                      FH023,,,0,,0,0,0,,,0,
20,15677,23,MCH1,000000000420000221                      FH024,,,0,,0,0,0,,,0,
20,15678,23,MCH1,000000000420000221                      FH025,,,0,,0,0,0,,,0,
20,15679,23,MCH1,000000000420000221                      FH026,,,0,,0,0,0,,,0,
20,15680,23,MCH1,000000000420000221                      FH027,,,0,,0,0,0,,,0,
20,15681,23,MCH1,000000000420000221                      FH028,,,0,,0,0,0,,,0,
20,15682,23,MCH1,000000000420000221                      OFC021,,,0,,0,0,0,,,0,
20,15683,23,MCH1,000000000420000221                      OFC022,,,0,,0,0,0,,,0,
20,15684,23,MCH1,000000000420000221                      OFC023,,,0,,0,0,0,,,0,
20,15685,23,MCH1,000000000420000221                      OFC024,,,0,,0,0,0,,,0,
20,15686,23,MCH1,000000000420000221                      OFC0301,,,0,,0,0,0,,,0,
20,15687,23,MCH1,000000000420000221                      OFC0303,,,0,,0,0,0,,,0,
20,15688,23,MCH1,000000000420000221                      OFC0401,,,0,,0,0,0,,,0,
20,15689,23,MCH1,000000000420000221                      OFC0402,,,0,,0,0,0,,,0,
20,15690,23,MCH1,000000000420000221                      OFC0403,,,0,,0,0,0,,,0,
20,15691,23,MCH1,000000000420000221                      OFC0404,,,0,,0,0,0,,,0,
20,15692,23,MCH1,000000000420000520                      HZF021,,,0,,0,0,0,,,0,
20,15693,23,MCH1,000000000420000520                      HZF0210,,,0,,0,0,0,,,0,
20,15694,23,MCH1,000000000420000520                      HZF0211,,,0,,0,0,0,,,0,
20,15695,23,MCH1,000000000420000520                      HZF022,,,0,,0,0,0,,,0,
20,15696,23,MCH1,000000000420000520                      HZF023,,,0,,0,0,0,,,0,
20,16192,23,MCH1,000000000420000489                      XPS0230,,,0,,0,0,0,,,0,
20,16193,23,MCH1,000000000420000489                      XPS0230.,,,0,,0,0,0,,,0,
20,16194,23,MCH1,000000000420000489                      XPS0401,,,0,,0,0,0,,,0,
20,16195,23,MCH1,000000000420000489                      XPS0402,,,0,,0,0,0,,,0,
20,16196,23,MCH1,000000000420000493                      BEP014,,,0,,0,0,0,,,0,
20,16197,23,MCH1,000000000420000493                      BEP015,,,0,,0,0,0,,,0,
20,16198,23,MCH1,000000000420000493                      BEP0201,,,0,,0,0,0,,,0,
20,16199,23,MCH1,000000000420000493                      BEP0202,,,0,,0,0,0,,,0,
20,16200,23,MCH1,000000000420000493                      BEP0203,,,0,,0,0,0,,,0,
20,16201,23,MCH1,000000000420000493                      BEP0204,,,0,,0,0,0,,,0,
20,16202,23,MCH1,000000000420000448                      CGM021,,,0,,0,0,0,,,0,
20,16203,23,MCH1,000000000420000448                      CGM022,,,0,,0,0,0,,,0,
20,16204,23,MCH1,000000000420000448                      CGM023,,,0,,0,0,0,,,0,
20,16205,23,MCH1,000000000420000448                      CGM024,,,0,,0,0,0,,,0,
20,16206,23,MCH1,000000000420000448                      CGM025,,,0,,0,0,0,,,0,
20,16207,23,MCH1,000000000420000448                      CGM026,,,0,,0,0,0,,,0,
20,16208,23,MCH1,000000000420000506                      SME0201,,,0,,0,0,0,,,0,
20,16209,23,MCH1,000000000420000506                      SME0202,,,0,,0,0,0,,,0,
20,16210,23,MCH1,000000000420000506                      SME0203,,,0,,0,0,0,,,0,
20,16211,23,MCH1,000000000420000506                      SME0204,,,0,,0,0,0,,,0,
20,16212,23,MCH1,000000000420000506                      SME0205,,,0,,0,0,0,,,0,
20,16213,23,MCH1,000000000420000506                      SME0206,,,0,,0,0,0,,,0,
20,16214,23,MCH1,000000000420000506                      SME0208,,,0,,0,0,0,,,0,
20,16215,23,MCH1,000000000420000506                      SME0209,,,0,,0,0,0,,,0,
20,16216,23,MCH1,000000000420000506                      SME0210,,,0,,0,0,0,,,0,
20,16217,23,MCH1,000000000420000506                      SME0211,,,0,,0,0,0,,,0,
20,16218,23,MCH1,000000000420000506                      SME0212,,,0,,0,0,0,,,0,
20,16219,23,MCH1,000000000420000506                      SME0213,,,0,,0,0,0,,,0,
20,16220,23,MCH1,000000000420000506                      SME0301,,,0,,0,0,0,,,0,
20,16221,23,MCH1,000000000420000506                      SME0302,,,0,,0,0,0,,,0,
20,16222,23,MCH1,000000000420000506                      SME0303,,,0,,0,0,0,,,0,
20,16223,23,MCH1,000000000420000506                      SME0304,,,0,,0,0,0,,,0,
20,16224,23,MCH1,000000000420000506                      SME0306,,,0,,0,0,0,,,0,
20,16225,23,MCH1,000000000420000506                      SME0307,,,0,,0,0,0,,,0,
20,16226,23,MCH1,000000000420000506                      SME0401,,,0,,0,0,0,,,0,
20,16227,23,MCH1,000000000420000506                      SME0402,,,0,,0,0,0,,,0,
20,16228,23,MCH1,000000000420000506                      SME0403,,,0,,0,0,0,,,0,
20,16229,23,MCH1,000000000420000017                      JAL0301,,,0,,0,0,0,,,0,
20,16230,23,MCH1,000000000420000017                      JAL0302,,,0,,0,0,0,,,0,
20,16231,23,MCH1,000000000420000017                      JAL0303,,,0,,0,0,0,,,0,
20,16232,23,MCH1,000000000420000017                      JAL0304,,,0,,0,0,0,,,0,
20,16233,23,MCH1,000000000420000017                      JAL0305,,,0,,0,0,0,,,0,
20,16234,23,MCH1,000000000420000017                      JAL0306,,,0,,0,0,0,,,0,
20,16235,23,MCH1,000000000420000017                      JAL0307,,,0,,0,0,0,,,0,
20,16236,23,MCH1,000000000420000017                      JAL0308,,,0,,0,0,0,,,0,
20,16237,23,MCH1,000000000420000017                      JAL0309,,,0,,0,0,0,,,0,
20,16238,23,MCH1,000000000420000017                      JAL0310,,,0,,0,0,0,,,0,
20,16239,23,MCH1,000000000420000017                      JAL0311,,,0,,0,0,0,,,0,
20,16240,23,MCH1,000000000420000017                      JAL0312,,,0,,0,0,0,,,0,
20,16241,23,MCH1,000000000420000017                      JAL0313,,,0,,0,0,0,,,0,
20,16242,23,MCH1,000000000420000017                      JAL0401,,,0,,0,0,0,,,0,
20,16243,23,MCH1,000000000420000017                      JAL0402,,,0,,0,0,0,,,0,
20,16244,23,MCH1,000000000420000017                      JAL0403,,,0,,0,0,0,,,0,
20,16245,23,MCH1,000000000420000017                      JAL0404,,,0,,0,0,0,,,0,
20,16246,23,MCH1,000000000420000017                      JAL0405,,,0,,0,0,0,,,0,
20,16247,23,MCH1,000000000420000017                      JAL0406,,,0,,0,0,0,,,0,
20,16248,23,MCH1,000000000420000017                      JAL0407,,,0,,0,0,0,,,0,
20,16249,23,MCH1,000000000420000017                      JAL0408,,,0,,0,0,0,,,0,
20,16250,23,MCH1,000000000420000017                      JAL0409,,,0,,0,0,0,,,0,
20,16251,23,MCH1,000000000420000017                      JAL0410,,,0,,0,0,0,,,0,
20,16252,23,MCH1,000000000420000017                      JAL0411,,,0,,0,0,0,,,0,
20,16253,23,MCH1,000000000420000017                      JAL0413,,,0,,0,0,0,,,0,
20,16254,23,MCH1,000000000420000017                      JAL0414,,,0,,0,0,0,,,0,
20,16255,23,MCH1,000000000420000017                      JAL0415,,,0,,0,0,0,,,0,
20,16256,23,MCH1,000000000420000017                      JAL0416,,,0,,0,0,0,,,0,
20,16257,23,MCH1,000000000420000017                      JAL0417,,,0,,0,0,0,,,0,
20,16258,23,MCH1,000000000420000017                      JAL0418,,,0,,0,0,0,,,0,
20,16259,23,MCH1,000000000420000017                      JAL0419,,,0,,0,0,0,,,0,
20,16260,23,MCH1,000000000420000017                      JAL0420,,,0,,0,0,0,,,0,
20,16261,23,MCH1,000000000420000017                      JAL0421,,,0,,0,0,0,,,0,
20,16262,23,MCH1,000000000420000017                      JAL0422,,,0,,0,0,0,,,0,
20,16263,23,MCH1,000000000420000017                      JAL0423,,,0,,0,0,0,,,0,
20,16264,23,MCH1,000000000420000017                      JAL0424,,,0,,0,0,0,,,0,
20,16265,23,MCH1,000000000420000017                      JAL0425,,,0,,0,0,0,,,0,
20,16266,23,MCH1,000000000420000017                      JAL0426,,,0,,0,0,0,,,0,
20,16267,23,MCH1,000000000420000017                      JAL0427,,,0,,0,0,0,,,0,
20,16268,23,MCH1,000000000420000017                      JAL0428,,,0,,0,0,0,,,0,
20,16269,23,MCH1,000000000420000017                      JAL0429,,,0,,0,0,0,,,0,
20,16270,23,MCH1,000000000420000017                      JAL0430,,,0,,0,0,0,,,0,
20,16271,23,MCH1,000000000420000017                      JAL0431,,,0,,0,0,0,,,0,
20,16272,23,MCH1,000000000420000017                      JAL0432,,,0,,0,0,0,,,0,
20,16273,23,MCH1,000000000420000017                      JAL0433,,,0,,0,0,0,,,0,
20,16274,23,MCH1,000000000420000017                      JAL0434,,,0,,0,0,0,,,0,
20,16275,23,MCH1,000000000420000017                      JAL0435,,,0,,0,0,0,,,0,
20,16276,23,MCH1,000000000420000017                      JAL0436,,,0,,0,0,0,,,0,
20,16277,23,MCH1,000000000420000017                      JAL0437,,,0,,0,0,0,,,0,
20,16278,23,MCH1,000000000420000017                      JAL0438,,,0,,0,0,0,,,0,
20,16279,23,MCH1,000000000420000017                      JAL0439,,,0,,0,0,0,,,0,
20,16280,23,MCH1,000000000420000017                      JAL0440,,,0,,0,0,0,,,0,
20,16281,23,MCH1,000000000420000017                      JAL0441,,,0,,0,0,0,,,0,
20,16282,23,MCH1,000000000420000017                      JAL0442,,,0,,0,0,0,,,0,
20,16283,23,MCH1,000000000420000017                      JAL0443,,,0,,0,0,0,,,0,
20,16284,23,MCH1,000000000420000017                      JAL0444,,,0,,0,0,0,,,0,
20,16285,23,MCH1,000000000420000017                      JAL0445,,,0,,0,0,0,,,0,
20,16286,23,MCH1,000000000420000017                      JAL0446,,,0,,0,0,0,,,0,
20,16287,23,MCH1,000000000420000017                      JAL0447,,,0,,0,0,0,,,0,
20,16288,23,MCH1,000000000420000017                      JAL0448,,,0,,0,0,0,,,0,
20,16289,23,MCH1,000000000420000017                      JAL0449,,,0,,0,0,0,,,0,
20,16290,23,MCH1,000000000420000017                      JAL0450,,,0,,0,0,0,,,0,
20,16984,23,MCH1,000000000420000490                      NPP0313,,,0,,0,0,0,,,0,
20,16985,23,MCH1,000000000420000490                      NPP0314,,,0,,0,0,0,,,0,
20,16986,23,MCH1,000000000420000490                      NPP0315,,,0,,0,0,0,,,0,
20,16987,23,MCH1,000000000420000490                      NPP0316,,,0,,0,0,0,,,0,
20,16988,23,MCH1,000000000420000490                      NPP0317,,,0,,0,0,0,,,0,
20,16989,23,MCH1,000000000420000490                      NPP0318,,,0,,0,0,0,,,0,
20,16990,23,MCH1,000000000420000490                      NPP0319,,,0,,0,0,0,,,0,
20,16991,23,MCH1,000000000420000490                      NPP0320,,,0,,0,0,0,,,0,
20,16992,23,MCH1,000000000420000490                      NPP0321,,,0,,0,0,0,,,0,
20,16993,23,MCH1,000000000490000003                      LEH0401,,,0,,0,0,0,,,0,
20,16994,23,MCH1,000000000490000003                      LEH0402,,,0,,0,0,0,,,0,
20,16995,23,MCH1,000000000420000496                      LQL0201,,,0,,0,0,0,,,0,
20,16996,23,MCH1,000000000420000496                      LQL0301,,,0,,0,0,0,,,0,
20,16997,23,MCH1,000000000420000496                      LQL0302,,,0,,0,0,0,,,0,
20,16998,23,MCH1,000000000420000497                      LQM0201,,,0,,0,0,0,,,0,
20,16999,23,MCH1,000000000420000497                      LQM0202,,,0,,0,0,0,,,0,
20,17000,23,MCH1,000000000420000497                      LQM0301,,,0,,0,0,0,,,0,
20,17001,23,MCH1,000000000420000497                      LQM0302,,,0,,0,0,0,,,0,
20,17002,23,MCH1,000000000420000501                      XRS0207,,,0,,0,0,0,,,0,
20,17003,23,MCH1,000000000420000512                      CTL021,,,0,,0,0,0,,,0,
20,17004,23,MCH1,000000000420000175                      CEO024,,,0,,0,0,0,,,0,
20,17005,23,MCH1,000000000420000175                      CEO0301,,,0,,0,0,0,,,0,
20,17006,23,MCH1,000000000420000498                      LQH0201,,,0,,0,0,0,,,0,
20,17007,23,MCH1,000000000420000498                      LQH0202,,,0,,0,0,0,,,0,
20,17008,23,MCH1,000000000420000498                      LQH0301,,,0,,0,0,0,,,0,
20,17009,23,MCH1,000000000420000498                      LQH0302,,,0,,0,0,0,,,0,
20,17010,23,MCH1,000000000420000461                      KDL0301,,,0,,0,0,0,,,0,
20,17011,23,MCH1,000000000420000462                      KDM0301,,,0,,0,0,0,,,0,
20,17012,23,MCH1,000000000420000474                      KNL0301,,,0,,0,0,0,,,0,
20,17013,23,MCH1,000000000420000474                      KNL0302,,,0,,0,0,0,,,0,
20,17014,23,MCH1,000000000420000475                      KNL0301,,,0,,0,0,0,,,0,
20,17015,23,MCH1,000000000420000475                      KNM0302,,,0,,0,0,0,,,0,
20,17016,23,MCH1,000000000420000509                      CNH0201,,,0,,0,0,0,,,0,
20,17017,23,MCH1,000000000420000510                      CNT0201,,,0,,0,0,0,,,0,
20,17018,23,MCH1,000000000420000148                      CDP0201,,,0,,0,0,0,,,0,
20,17019,23,MCH1,000000000420000148                      CDP0301,,,0,,0,0,0,,,0,
20,17020,23,MCH1,000000000420000148                      CDP0302,,,0,,0,0,0,,,0,
20,17021,23,MCH1,000000000420000148                      CDP0303,,,0,,0,0,0,,,0,
20,17022,23,MCH1,000000000420000148                      CDP0304,,,0,,0,0,0,,,0,
20,17023,23,MCH1,000000000420000148                      CDP0305,,,0,,0,0,0,,,0,
20,17024,23,MCH1,000000000420000148                      CDP0401,,,0,,0,0,0,,,0,
20,17025,23,MCH1,000000000420000148                      CDP0402,,,0,,0,0,0,,,0,
20,17026,23,MCH1,000000000420000011                      MAP0301,,,0,,0,0,0,,,0,
20,17027,23,MCH1,000000000420000011                      MAP0302,,,0,,0,0,0,,,0,
20,17028,23,MCH1,000000000420000011                      MAP0303,,,0,,0,0,0,,,0,
20,17029,23,MCH1,000000000420000011                      MAP0304,,,0,,0,0,0,,,0,
20,17030,23,MCH1,000000000420000011                      MAP0305,,,0,,0,0,0,,,0,
20,17031,23,MCH1,000000000420000011                      MAP0306,,,0,,0,0,0,,,0,
20,17032,23,MCH1,000000000420000011                      MAP0401,,,0,,0,0,0,,,0,
20,17033,23,MCH1,000000000420000011                      MAP0402,,,0,,0,0,0,,,0,
20,17034,23,MCH1,000000000420000011                      MAP0403,,,0,,0,0,0,,,0,
20,17035,23,MCH1,000000000420000011                      MAP0404,,,0,,0,0,0,,,0,
20,17036,23,MCH1,000000000420000011                      MAP0405,,,0,,0,0,0,,,0,
20,17037,23,MCH1,000000000420000254                      TIL0301,,,0,,0,0,0,,,0,
20,17038,23,MCH1,000000000420000254                      TIL0302,,,0,,0,0,0,,,0,
20,17039,23,MCH1,000000000420000218                      KEL0301,,,0,,0,0,0,,,0,
20,17040,23,MCH1,000000000420000218                      KEL0302,,,0,,0,0,0,,,0,
20,17041,23,MCH1,000000000420000214                      KEM0301,,,0,,0,0,0,,,0,
20,17042,23,MCH1,000000000420000214                      KEM0302,,,0,,0,0,0,,,0,
20,17043,23,MCH1,000000000420000214                      KEM0303,,,0,,0,0,0,,,0,
20,17044,23,MCH1,000000000420000214                      KEM0401,,,0,,0,0,0,,,0,
20,17045,23,MCH1,000000000420000214                      KEM0402,,,0,,0,0,0,,,0,
20,17046,23,MCH1,000000000420000144                      CDM0301,,,0,,0,0,0,,,0,
20,17047,23,MCH1,000000000420000144                      CDM0302,,,0,,0,0,0,,,0,
20,17048,23,MCH1,000000000420000144                      CDM0303,,,0,,0,0,0,,,0,
20,17049,23,MCH1,000000000420000144                      CDM0304,,,0,,0,0,0,,,0,
20,17050,23,MCH1,000000000420000144                      CDM0401,,,0,,0,0,0,,,0,
20,17051,23,MCH1,000000000420000144                      CDM0402,,,0,,0,0,0,,,0,
20,17052,23,MCH1,000000000420000321                      UPI0301,,,0,,0,0,0,,,0,
20,17053,23,MCH1,000000000420000321                      UPI0302,,,0,,0,0,0,,,0,
20,17054,23,MCH1,000000000420000321                      UPI0303,,,0,,0,0,0,,,0,
20,17055,23,MCH1,000000000420000321                      UPI0305,,,0,,0,0,0,,,0,
20,17056,23,MCH1,000000000420000321                      UPI0306,,,0,,0,0,0,,,0,
20,17057,23,MCH1,000000000420000321                      UPI0308,,,0,,0,0,0,,,0,
20,17058,23,MCH1,000000000420000321                      UPI0309,,,0,,0,0,0,,,0,
20,17059,23,MCH1,000000000420000321                      UPI0310,,,0,,0,0,0,,,0,
20,17060,23,MCH1,000000000420000321                      UPI0311,,,0,,0,0,0,,,0,
20,17061,23,MCH1,000000000420000321                      UPI0313,,,0,,0,0,0,,,0,
20,17062,23,MCH1,000000000420000321                      UPI0314,,,0,,0,0,0,,,0,
20,17063,23,MCH1,000000000420000321                      UPI0315,,,0,,0,0,0,,,0,
20,17064,23,MCH1,000000000420000321                      UPI0401,,,0,,0,0,0,,,0,
20,17065,23,MCH1,000000000420000321                      UPI0402,,,0,,0,0,0,,,0,
20,17066,23,MCH1,000000000420000280                      SNI0301,,,0,,0,0,0,,,0,
20,17067,23,MCH1,000000000420000280                      SNI0302,,,0,,0,0,0,,,0,
20,17068,23,MCH1,000000000420000280                      SNI0303,,,0,,0,0,0,,,0,
20,17069,23,MCH1,000000000420000280                      SNI0304,,,0,,0,0,0,,,0,
20,17070,23,MCH1,000000000420000280                      SNI0305,,,0,,0,0,0,,,0,
20,17071,23,MCH1,000000000420000280                      SNI0401,,,0,,0,0,0,,,0,
20,17072,23,MCH1,000000000420000280                      SNI0402,,,0,,0,0,0,,,0,
20,17073,23,MCH1,000000000420000032                      JRA0401,,,0,,0,0,0,,,0,
20,17074,23,MCH1,000000000420000032                      JRA0402,,,0,,0,0,0,,,0,
20,17075,23,MCH1,000000000420000032                      NRA0301,,,0,,0,0,0,,,0,
20,17076,23,MCH1,000000000420000032                      NRA0302,,,0,,0,0,0,,,0,
20,17077,23,MCH1,000000000420000032                      NRA0303,,,0,,0,0,0,,,0,
20,17078,23,MCH1,000000000420000032                      NRA0304,,,0,,0,0,0,,,0,
20,17079,23,MCH1,000000000420000032                      NRA0305,,,0,,0,0,0,,,0,
20,17080,23,MCH1,000000000420000032                      NRA0306,,,0,,0,0,0,,,0,
20,17081,23,MCH1,000000000420000032                      NRA0307,,,0,,0,0,0,,,0,
20,17082,23,MCH1,000000000420000507                      CSH0301,,,0,,0,0,0,,,0,
20,17969,23,MCH1,000000000420030034                      KD40605,,,0,,0,0,0,,,0,
20,17970,23,MCH1,000000000420030034                      KD40706,,,0,,0,0,0,,,0,
20,17971,23,MCH1,000000000420030105                      KD30605,,,0,,0,0,0,,,0,
20,17972,23,MCH1,000000000420030105                      KD30809,,,0,,0,0,0,,,0,
20,17973,23,MCH1,000000000420030105                      KD30810,,,0,,0,0,0,,,0,
20,17974,23,MCH1,000000000420030105                      KD30811,,,0,,0,0,0,,,0,
20,17975,23,MCH1,000000000420030105                      KD30912,,,0,,0,0,0,,,0,
20,17976,23,MCH1,000000000420030105                      KD30913,,,0,,0,0,0,,,0,
20,17977,23,MCH1,000000000420030105                      KD31014,,,0,,0,0,0,,,0,
20,17978,23,MCH1,000000000420030105                      KD31015,,,0,,0,0,0,,,0,
20,17979,23,MCH1,000000000420030105                      KD31016,,,0,,0,0,0,,,0,
20,17980,23,MCH1,000000000420030105                      KD31017,,,0,,0,0,0,,,0,
20,17981,23,MCH1,000000000420030105                      KD31118,,,0,,0,0,0,,,0,
20,17982,23,MCH1,000000000420030105                      KD31119,,,0,,0,0,0,,,0,
20,17983,23,MCH1,000000000420030105                      KD31220,,,0,,0,0,0,,,0,
20,17984,23,MCH1,000000000420030105                      KD40101,,,0,,0,0,0,,,0,
20,17985,23,MCH1,000000000420030105                      KD40102,,,0,,0,0,0,,,0,
20,17986,23,MCH1,000000000420030105                      KD40203,,,0,,0,0,0,,,0,
20,17987,23,MCH1,000000000420030105                      KD40204,,,0,,0,0,0,,,0,
20,17988,23,MCH1,000000000420030105                      KD40305,,,0,,0,0,0,,,0,
20,17989,23,MCH1,000000000420030105                      KD40306,,,0,,0,0,0,,,0,
20,17990,23,MCH1,000000000420030105                      KD40409,,,0,,0,0,0,,,0,
20,17991,23,MCH1,000000000420030105                      KD40410,,,0,,0,0,0,,,0,
20,17992,23,MCH1,000000000420030105                      KD40512,,,0,,0,0,0,,,0,
20,17993,23,MCH1,000000000420030105                      KD40613,,,0,,0,0,0,,,0,
20,17994,23,MCH1,000000000420030105                      KD40614,,,0,,0,0,0,,,0,
20,17995,23,MCH1,000000000420030105                      KD40615,,,0,,0,0,0,,,0,
20,17996,23,MCH1,000000000420030106                      KD30702,,,0,,0,0,0,,,0,
20,17997,23,MCH1,000000000420030106                      KD40101,,,0,,0,0,0,,,0,
20,17998,23,MCH1,000000000420030106                      KD40502,,,0,,0,0,0,,,0,
20,17999,23,MCH1,000000000420030075                      AL014,,,0,,0,0,0,,,0,
20,18000,23,MCH1,000000000420030075                      AL104,,,0,,0,0,0,,,0,
20,18001,23,MCH1,000000000420030075                      AL105,,,0,,0,0,0,,,0,
20,18002,23,MCH1,000000000420030075                      AL107,,,0,,0,0,0,,,0,
20,18003,23,MCH1,000000000420030075                      AL108,,,0,,0,0,0,,,0,
20,18004,23,MCH1,000000000420030075                      AL109,,,0,,0,0,0,,,0,
20,18005,23,MCH1,000000000420030075                      HL40101,,,0,,0,0,0,,,0,
20,18006,23,MCH1,000000000420030075                      HL40102,,,0,,0,0,0,,,0,
20,18007,23,MCH1,000000000420030075                      HL40202,,,0,,0,0,0,,,0,
20,18008,23,MCH1,000000000420030075                      HL40203,,,0,,0,0,0,,,0,
20,18009,23,MCH1,000000000420030075                      HL40304,,,0,,0,0,0,,,0,
20,18010,23,MCH1,000000000420030075                      HL40405,,,0,,0,0,0,,,0,
20,18011,23,MCH1,000000000420030075                      HL40506,,,0,,0,0,0,,,0,
20,18012,23,MCH1,000000000420030075                      HL40507,,,0,,0,0,0,,,0,
20,18013,23,MCH1,000000000420030075                      HL40608,,,0,,0,0,0,,,0,
20,18014,23,MCH1,000000000420030075                      HL40609,,,0,,0,0,0,,,0,
20,18015,23,MCH1,000000000420030075                      HL40710,,,0,,0,0,0,,,0,
20,18016,23,MCH1,000000000420030075                      HL40811,,,0,,0,0,0,,,0,
20,18017,23,MCH1,000000000420030019                      MM40401,,,0,,0,0,0,,,0,
20,18018,23,MCH1,000000000420030019                      MM40402,,,0,,0,0,0,,,0,
20,18019,23,MCH1,000000000420030019                      MM40403,,,0,,0,0,0,,,0,
20,18020,23,MCH1,000000000420030019                      MM40505,,,0,,0,0,0,,,0,
20,18021,23,MCH1,000000000420030019                      MM40506,,,0,,0,0,0,,,0,
20,18022,23,MCH1,000000000420030011                      MM30606,,,0,,0,0,0,,,0,
20,18023,23,MCH1,000000000420030011                      MM30907,,,0,,0,0,0,,,0,
20,18024,23,MCH1,000000000420030011                      MM30908,,,0,,0,0,0,,,0,
20,18025,23,MCH1,000000000420030011                      MM31009,,,0,,0,0,0,,,0,
20,18026,23,MCH1,000000000420030011                      MM31010,,,0,,0,0,0,,,0,
20,18027,23,MCH1,000000000420030011                      MM31111,,,0,,0,0,0,,,0,
20,18028,23,MCH1,000000000420030011                      MM31112,,,0,,0,0,0,,,0,
20,18029,23,MCH1,000000000420030011                      MM31213,,,0,,0,0,0,,,0,
20,18030,23,MCH1,000000000420030011                      MM31214,,,0,,0,0,0,,,0,
20,18031,23,MCH1,000000000420030011                      MM40101,,,0,,0,0,0,,,0,
20,18032,23,MCH1,000000000420030011                      MM40102,,,0,,0,0,0,,,0,
20,18033,23,MCH1,000000000420030011                      MM40203,,,0,,0,0,0,,,0,
20,18034,23,MCH1,000000000420030011                      MM40204,,,0,,0,0,0,,,0,
20,18035,23,MCH1,000000000420030011                      MM40205,,,0,,0,0,0,,,0,
20,18036,23,MCH1,000000000420030011                      MM40206,,,0,,0,0,0,,,0,
20,18037,23,MCH1,000000000420030011                      MM40207,,,0,,0,0,0,,,0,
20,18038,23,MCH1,000000000420030011                      MM40408,,,0,,0,0,0,,,0,
20,18039,23,MCH1,000000000420030011                      MM40409,,,0,,0,0,0,,,0,
20,18040,23,MCH1,000000000420030011                      MM40410,,,0,,0,0,0,,,0,
20,18041,23,MCH1,000000000420030011                      MM40411,,,0,,0,0,0,,,0,
20,18042,23,MCH1,000000000420030011                      MM40412,,,0,,0,0,0,,,0,
20,18043,23,MCH1,000000000420030011                      MM40513,,,0,,0,0,0,,,0,
20,18044,23,MCH1,000000000420030011                      MM40514,,,0,,0,0,0,,,0,
20,18045,23,MCH1,000000000420030011                      MM40515,,,0,,0,0,0,,,0,
20,18046,23,MCH1,000000000420030011                      MM40516,,,0,,0,0,0,,,0,
20,18047,23,MCH1,000000000420030011                      MM40517,,,0,,0,0,0,,,0,
20,18048,23,MCH1,000000000420030011                      MM40518,,,0,,0,0,0,,,0,
20,18049,23,MCH1,000000000420030011                      MM40519,,,0,,0,0,0,,,0,
20,18050,23,MCH1,000000000420030011                      MM40520,,,0,,0,0,0,,,0,
20,18051,23,MCH1,000000000420030011                      MM40521,,,0,,0,0,0,,,0,
20,18052,23,MCH1,000000000420030011                      MM40522,,,0,,0,0,0,,,0,
20,18053,23,MCH1,000000000420030011                      MM40623,,,0,,0,0,0,,,0,
20,18054,23,MCH1,000000000420030011                      MM40624,,,0,,0,0,0,,,0,
20,18055,23,MCH1,000000000420030011                      MM40625,,,0,,0,0,0,,,0,
20,18056,23,MCH1,000000000420030012                      MM30901,,,0,,0,0,0,,,0,
20,18057,23,MCH1,000000000420030012                      MM31002,,,0,,0,0,0,,,0,
20,18058,23,MCH1,000000000420030012                      MM31203,,,0,,0,0,0,,,0,
20,18059,23,MCH1,000000000420030012                      MM40101,,,0,,0,0,0,,,0,
20,18060,23,MCH1,000000000420030012                      MM40202,,,0,,0,0,0,,,0,
20,18061,23,MCH1,000000000420030012                      MM40203,,,0,,0,0,0,,,0,
20,18062,23,MCH1,000000000420030012                      MM40204,,,0,,0,0,0,,,0,
20,18063,23,MCH1,000000000420030012                      MM40205,,,0,,0,0,0,,,0,
20,18064,23,MCH1,000000000420030012                      MM40406,,,0,,0,0,0,,,0,
20,18065,23,MCH1,000000000420030012                      MM40407,,,0,,0,0,0,,,0,
20,18066,23,MCH1,000000000420030012                      MM40508,,,0,,0,0,0,,,0,
20,18067,23,MCH1,000000000420030012                      MM40509,,,0,,0,0,0,,,0,
20,18563,23,MCH1,000000000420030020                      O40418,,,0,,0,0,0,,,0,
20,18564,23,MCH1,000000000420030020                      O40519,,,0,,0,0,0,,,0,
20,18565,23,MCH1,000000000420030020                      O40520,,,0,,0,0,0,,,0,
20,18566,23,MCH1,000000000420030020                      O40521,,,0,,0,0,0,,,0,
20,18567,23,MCH1,000000000420030020                      O40522,,,0,,0,0,0,,,0,
20,18568,23,MCH1,000000000420030020                      O40523,,,0,,0,0,0,,,0,
20,18569,23,MCH1,000000000420030020                      O40524,,,0,,0,0,0,,,0,
20,18570,23,MCH1,000000000420030020                      O40525,,,0,,0,0,0,,,0,
20,18571,23,MCH1,000000000420030020                      O40526,,,0,,0,0,0,,,0,
20,18572,23,MCH1,000000000420030020                      O40527,,,0,,0,0,0,,,0,
20,18573,23,MCH1,000000000420030020                      O40528,,,0,,0,0,0,,,0,
20,18574,23,MCH1,000000000420030020                      O40529,,,0,,0,0,0,,,0,
20,18575,23,MCH1,000000000420030020                      O40530,,,0,,0,0,0,,,0,
20,18576,23,MCH1,000000000420030020                      O40531,,,0,,0,0,0,,,0,
20,18577,23,MCH1,000000000420030020                      O40632,,,0,,0,0,0,,,0,
20,18578,23,MCH1,000000000420030020                      O40633,,,0,,0,0,0,,,0,
20,18579,23,MCH1,000000000420030020                      O40634,,,0,,0,0,0,,,0,
20,18580,23,MCH1,000000000420030020                      O40635,,,0,,0,0,0,,,0,
20,18581,23,MCH1,000000000420030020                      O40636,,,0,,0,0,0,,,0,
20,18582,23,MCH1,000000000420030020                      O40637,,,0,,0,0,0,,,0,
20,18583,23,MCH1,000000000420030020                      O40638,,,0,,0,0,0,,,0,
20,18584,23,MCH1,000000000420030020                      O40739,,,0,,0,0,0,,,0,
20,18585,23,MCH1,000000000420030020                      O40740,,,0,,0,0,0,,,0,
20,18586,23,MCH1,000000000420030020                      O40741,,,0,,0,0,0,,,0,
20,18587,23,MCH1,000000000420030038                      V21203,,,0,,0,0,0,,,0,
20,18588,23,MCH1,000000000420030038                      V30603,,,0,,0,0,0,,,0,
20,18589,23,MCH1,000000000420030038                      V30904,,,0,,0,0,0,,,0,
20,18590,23,MCH1,000000000420030038                      V31005,,,0,,0,0,0,,,0,
20,18591,23,MCH1,000000000420030038                      V40601,,,0,,0,0,0,,,0,
20,18592,23,MCH1,000000000420030038                      V40702,,,0,,0,0,0,,,0,
20,18593,23,MCH1,000000000420030042                      V21012,,,0,,0,0,0,,,0,
20,18594,23,MCH1,000000000420030042                      V30201,,,0,,0,0,0,,,0,
20,18595,23,MCH1,000000000420030042                      V30507,,,0,,0,0,0,,,0,
20,18596,23,MCH1,000000000420030042                      V30713,,,0,,0,0,0,,,0,
20,18597,23,MCH1,000000000420030042                      V30714,,,0,,0,0,0,,,0,
20,18598,23,MCH1,000000000420030042                      V30715,,,0,,0,0,0,,,0,
20,18599,23,MCH1,000000000420030042                      V30716,,,0,,0,0,0,,,0,
20,18600,23,MCH1,000000000420030042                      V30817,,,0,,0,0,0,,,0,
20,18601,23,MCH1,000000000420030042                      V30818,,,0,,0,0,0,,,0,
20,18602,23,MCH1,000000000420030042                      V30819,,,0,,0,0,0,,,0,
20,18603,23,MCH1,000000000420030042                      V30820,,,0,,0,0,0,,,0,
20,18604,23,MCH1,000000000420030042                      V31121,,,0,,0,0,0,,,0,
20,18605,23,MCH1,000000000420030042                      V31122,,,0,,0,0,0,,,0,
20,18606,23,MCH1,000000000420030042                      V40101,,,0,,0,0,0,,,0,
20,18607,23,MCH1,000000000420030042                      V40102,,,0,,0,0,0,,,0,
20,18608,23,MCH1,000000000420030042                      V40203,,,0,,0,0,0,,,0,
20,18609,23,MCH1,000000000420030042                      V40304,,,0,,0,0,0,,,0,
20,18610,23,MCH1,000000000420030042                      V40305,,,0,,0,0,0,,,0,
20,18611,23,MCH1,000000000420030042                      V40407,,,0,,0,0,0,,,0,
20,18612,23,MCH1,000000000420030042                      V40408,,,0,,0,0,0,,,0,
20,18613,23,MCH1,000000000420030042                      V40409,,,0,,0,0,0,,,0,
20,18614,23,MCH1,000000000420030042                      V40512,,,0,,0,0,0,,,0,
20,18615,23,MCH1,000000000420030042                      V40513,,,0,,0,0,0,,,0,
20,18616,23,MCH1,000000000420030042                      V40614,,,0,,0,0,0,,,0,
20,18617,23,MCH1,000000000420030042                      V40615,,,0,,0,0,0,,,0,
20,18618,23,MCH1,000000000420030042                      V40616,,,0,,0,0,0,,,0,
20,18619,23,MCH1,000000000420030042                      V40717,,,0,,0,0,0,,,0,
20,18620,23,MCH1,000000000420030042                      V40718,,,0,,0,0,0,,,0,
20,18621,23,MCH1,000000000420030039                      V30801,,,0,,0,0,0,,,0,
20,18622,23,MCH1,000000000420030039                      V31102,,,0,,0,0,0,,,0,
20,18623,23,MCH1,000000000420030039                      V40101,,,0,,0,0,0,,,0,
20,18624,23,MCH1,000000000420030039                      V40402,,,0,,0,0,0,,,0,
20,18625,23,MCH1,000000000420030041                      V-20801,,,0,,0,0,0,,,0,
20,18626,23,MCH1,000000000420030041                      V30603,,,0,,0,0,0,,,0,
20,18627,23,MCH1,000000000420030041                      V30704,,,0,,0,0,0,,,0,
20,18628,23,MCH1,000000000420030041                      V30905,,,0,,0,0,0,,,0,
20,18629,23,MCH1,000000000420030041                      V31106,,,0,,0,0,0,,,0,
20,18630,23,MCH1,000000000420030041                      V31207,,,0,,0,0,0,,,0,
20,18631,23,MCH1,000000000420030041                      V40101,,,0,,0,0,0,,,0,
20,18632,23,MCH1,000000000420030041                      V40302,,,0,,0,0,0,,,0,
20,18633,23,MCH1,000000000420030041                      V40403,,,0,,0,0,0,,,0,
20,18634,23,MCH1,000000000420030041                      V40504,,,0,,0,0,0,,,0,
20,18635,23,MCH1,000000000420030041                      V40605,,,0,,0,0,0,,,0,
20,18636,23,MCH1,000000000420030041                      V40706,,,0,,0,0,0,,,0,
20,18637,23,MCH1,000000000420030041                      V40707,,,0,,0,0,0,,,0,
20,18638,23,MCH1,000000000420030044                      V40601,,,0,,0,0,0,,,0,
20,18639,23,MCH1,000000000420030044                      V40803,,,0,,0,0,0,,,0,
20,18640,23,MCH1,000000000420030045                      V30610,,,0,,0,0,0,,,0,
20,18641,23,MCH1,000000000420030045                      V30611,,,0,,0,0,0,,,0,
20,18642,23,MCH1,000000000420030045                      V40301,,,0,,0,0,0,,,0,
20,18643,23,MCH1,000000000420030045                      V40403,,,0,,0,0,0,,,0,
20,18644,23,MCH1,000000000420030045                      V40404,,,0,,0,0,0,,,0,
20,18645,23,MCH1,000000000420030045                      V40506,,,0,,0,0,0,,,0,
20,18646,23,MCH1,000000000420030045                      V40507,,,0,,0,0,0,,,0,
20,18647,23,MCH1,000000000420030045                      V40608,,,0,,0,0,0,,,0,
20,18648,23,MCH1,000000000420030045                      V40609,,,0,,0,0,0,,,0,
20,18649,23,MCH1,000000000420030046                      V40601,,,0,,0,0,0,,,0,
20,18650,23,MCH1,000000000420030069                      V40101,,,0,,0,0,0,,,0,
20,18651,23,MCH1,000000000420030069                      V40102,,,0,,0,0,0,,,0,
20,18652,23,MCH1,000000000420030069                      V40203,,,0,,0,0,0,,,0,
20,18653,23,MCH1,000000000420030069                      V40305,,,0,,0,0,0,,,0,
20,18654,23,MCH1,000000000420030069                      V40406,,,0,,0,0,0,,,0,
20,18655,23,MCH1,000000000420030069                      V40407,,,0,,0,0,0,,,0,
20,18656,23,MCH1,000000000420030069                      V40408,,,0,,0,0,0,,,0,
20,18657,23,MCH1,000000000420030069                      V40509,,,0,,0,0,0,,,0,
20,18658,23,MCH1,000000000420030068                      V40101,,,0,,0,0,0,,,0,
20,18659,23,MCH1,000000000420030068                      V40202,,,0,,0,0,0,,,0,
20,18660,23,MCH1,000000000420030068                      V40203,,,0,,0,0,0,,,0,
20,18661,23,MCH1,000000000420030068                      V40304,,,0,,0,0,0,,,0,
20,20463,23,MCH1,000000000420000575                      EP30909,,,0,,0,0,0,,,0,
20,20464,23,MCH1,000000000420000575                      EP31010,,,0,,0,0,0,,,0,
20,20465,23,MCH1,000000000420000575                      EP31011,,,0,,0,0,0,,,0,
20,20466,23,MCH1,000000000420000575                      CU40101,,,0,,0,0,0,,,0,
20,20467,23,MCH1,000000000420000575                      CU40102,,,0,,0,0,0,,,0,
20,20468,23,MCH1,000000000420000575                      CU40203,,,0,,0,0,0,,,0,
20,20469,23,MCH1,000000000420000575                      CU40204,,,0,,0,0,0,,,0,
20,20470,23,MCH1,000000000420000575                      CU40305,,,0,,0,0,0,,,0,
20,20471,23,MCH1,000000000420000575                      CU40306,,,0,,0,0,0,,,0,
20,20472,23,MCH1,000000000420000575                      CU40307,,,0,,0,0,0,,,0,
20,20473,23,MCH1,000000000420000575                      CU40308,,,0,,0,0,0,,,0,
20,20474,23,MCH1,000000000420000575                      CU40409,,,0,,0,0,0,,,0,
20,20475,23,MCH1,000000000420000575                      CU40410,,,0,,0,0,0,,,0,
20,20476,23,MCH1,000000000420000575                      CU40512,,,0,,0,0,0,,,0,
20,20477,23,MCH1,000000000420030115                      06112002,,,0,,0,0,0,,,0,
20,20478,23,MCH1,000000000420000593                      06112001,,,0,,0,0,0,,,0,
20,20479,23,MCH1,000000000420000593                      06112002,,,0,,0,0,0,,,0,
20,20480,23,MCH1,000000000420000593                      06112003,,,0,,0,0,0,,,0,
20,20481,23,MCH1,000000000420000594                      06122001,,,0,,0,0,0,,,0,
20,20482,23,MCH1,000000000420000594                      06122002,,,0,,0,0,0,,,0,
20,20483,23,MCH1,000000000420000594                      06122003,,,0,,0,0,0,,,0,
20,20484,23,MCH1,000000000420000594                      06122004,,,0,,0,0,0,,,0,
20,20485,23,MCH1,000000000420000594                      06122005,,,0,,0,0,0,,,0,
20,20486,23,MCH1,000000000420000594                      06122006,,,0,,0,0,0,,,0,
20,20487,23,MCH1,000000000420000563                      H20901,,,0,,0,0,0,,,0,
20,20488,23,MCH1,000000000420000563                      H20902,,,0,,0,0,0,,,0,
20,20489,23,MCH1,000000000420000563                      H30101,,,0,,0,0,0,,,0,
20,20490,23,MCH1,000000000420000563                      H30202,,,0,,0,0,0,,,0,
20,20491,23,MCH1,000000000420000563                      H30403,,,0,,0,0,0,,,0,
20,20492,23,MCH1,000000000420000563                      H30404,,,0,,0,0,0,,,0,
20,20493,23,MCH1,000000000420000563                      H30605,,,0,,0,0,0,,,0,
20,20494,23,MCH1,000000000420000563                      H30606,,,0,,0,0,0,,,0,
20,20495,23,MCH1,000000000420030112                      H20901,,,0,,0,0,0,,,0,
20,20496,23,MCH1,000000000420030112                      H20902,,,0,,0,0,0,,,0,
20,20497,23,MCH1,000000000420030112                      H30101,,,0,,0,0,0,,,0,
20,20498,23,MCH1,000000000420030112                      HR30101,,,0,,0,0,0,,,0,
20,20499,23,MCH1,000000000420030112                      H30807,,,0,,0,0,0,,,0,
20,20500,23,MCH1,000000000420030112                      H40101,,,0,,0,0,0,,,0,
20,20501,23,MCH1,000000000420030112                      H40202,,,0,,0,0,0,,,0,
20,20502,23,MCH1,000000000420030112                      H40303,,,0,,0,0,0,,,0,
20,20503,23,MCH1,000000000420030112                      H40604,,,0,,0,0,0,,,0,
20,20504,23,MCH1,000000000420000564                      H20901,,,0,,0,0,0,,,0,
20,20505,23,MCH1,000000000420000564                      H20902,,,0,,0,0,0,,,0,
20,20506,23,MCH1,000000000420000564                      H21003,,,0,,0,0,0,,,0,
20,20507,23,MCH1,000000000420000564                      H21204,,,0,,0,0,0,,,0,
20,20508,23,MCH1,000000000420000564                      H30101,,,0,,0,0,0,,,0,
20,20509,23,MCH1,000000000420000564                      H30202,,,0,,0,0,0,,,0,
20,20510,23,MCH1,000000000420000564                      H30203,,,0,,0,0,0,,,0,
20,20511,23,MCH1,000000000420000564                      H30204,,,0,,0,0,0,,,0,
20,20512,23,MCH1,000000000420000564                      H30205,,,0,,0,0,0,,,0,
20,20513,23,MCH1,000000000420000564                      H30206,,,0,,0,0,0,,,0,
20,20514,23,MCH1,000000000420000564                      H30407,,,0,,0,0,0,,,0,
20,20515,23,MCH1,000000000420000564                      H30408,,,0,,0,0,0,,,0,
20,20516,23,MCH1,000000000420000564                      H30409,,,0,,0,0,0,,,0,
20,20517,23,MCH1,000000000420000564                      H30410,,,0,,0,0,0,,,0,
20,20518,23,MCH1,000000000420000564                      H30512,,,0,,0,0,0,,,0,
20,20519,23,MCH1,000000000420000564                      H30513,,,0,,0,0,0,,,0,
20,20520,23,MCH1,000000000420000564                      H30514,,,0,,0,0,0,,,0,
20,20521,23,MCH1,000000000420000564                      H30615,,,0,,0,0,0,,,0,
20,20522,23,MCH1,000000000420000564                      H30616,,,0,,0,0,0,,,0,
20,20523,23,MCH1,000000000420000564                      H30617,,,0,,0,0,0,,,0,
20,20524,23,MCH1,000000000420000564                      H30618,,,0,,0,0,0,,,0,
20,20525,23,MCH1,000000000420030113                      H20901,,,0,,0,0,0,,,0,
20,20526,23,MCH1,000000000420030113                      HR30101,,,0,,0,0,0,,,0,
20,20527,23,MCH1,000000000420030113                      H40101,,,0,,0,0,0,,,0,
20,20528,23,MCH1,000000000420030113                      H40202,,,0,,0,0,0,,,0,
20,20529,23,MCH1,000000000420030113                      H40203,,,0,,0,0,0,,,0,
20,20530,23,MCH1,000000000420030113                      H40204,,,0,,0,0,0,,,0,
20,20531,23,MCH1,000000000420030113                      H40305,,,0,,0,0,0,,,0,
20,20532,23,MCH1,000000000420030113                      H40307,,,0,,0,0,0,,,0,
20,20533,23,MCH1,000000000420030113                      H40508,,,0,,0,0,0,,,0,
20,20534,23,MCH1,000000000420000570                      H21101,,,0,,0,0,0,,,0,
20,20535,23,MCH1,000000000420000570                      H21102,,,0,,0,0,0,,,0,
20,20536,23,MCH1,000000000420000570                      H21203,,,0,,0,0,0,,,0,
20,20537,23,MCH1,000000000420000570                      H21204,,,0,,0,0,0,,,0,
20,20538,23,MCH1,000000000420000570                      H30102,,,0,,0,0,0,,,0,
20,20539,23,MCH1,000000000420000570                      H30801,,,0,,0,0,0,,,0,
20,20540,23,MCH1,000000000420000571                      H-30101,,,0,,0,0,0,,,0,
20,20541,23,MCH1,000000000420000571                      H30101,,,0,,0,0,0,,,0,
20,20542,23,MCH1,000000000420000576                      HNP0118,,,0,,0,0,0,,,0,
20,20543,23,MCH1,000000000420000577                      H20801,,,0,,0,0,0,,,0,
20,20544,23,MCH1,000000000420000577                      H21002,,,0,,0,0,0,,,0,
20,20545,23,MCH1,000000000420000577                      H21103,,,0,,0,0,0,,,0,
20,20546,23,MCH1,000000000420000577                      H30601,,,0,,0,0,0,,,0,
20,20547,23,MCH1,000000000420000578                      H20801,,,0,,0,0,0,,,0,
20,20548,23,MCH1,000000000420000578                      H20802,,,0,,0,0,0,,,0,
20,20549,23,MCH1,000000000420000578                      H21105,,,0,,0,0,0,,,0,
20,20550,23,MCH1,000000000420000578                      H30101,,,0,,0,0,0,,,0,
20,20551,23,MCH1,000000000420000578                      H30202,,,0,,0,0,0,,,0,
20,20552,23,MCH1,000000000420000578                      H20903,,,0,,0,0,0,,,0,
20,20553,23,MCH1,000000000420000578                      H30303,,,0,,0,0,0,,,0,
20,20554,23,MCH1,000000000420000578                      H30504,,,0,,0,0,0,,,0,
20,20555,23,MCH1,000000000420000578                      H30605,,,0,,0,0,0,,,0,
20,20556,23,MCH1,000000000420000578                      H30606,,,0,,0,0,0,,,0,
20,20557,23,MCH1,000000000420000580                      H30301,,,0,,0,0,0,,,0,
20,20558,23,MCH1,000000000420000580                      H30302,,,0,,0,0,0,,,0,
20,20559,23,MCH1,000000000420000580                      H30603,,,0,,0,0,0,,,0,
20,20560,23,MCH1,000000000420000580                      H30907,,,0,,0,0,0,,,0,
20,20561,23,MCH1,000000000420000581                      H30301,,,0,,0,0,0,,,0,
20,21159,23,MCH1,000000000420000241                      PGA04002,,,0,,0,0,0,,,0,
20,21160,23,MCH1,000000000420000241                      PGA04003,,,0,,0,0,0,,,0,
20,21161,23,MCH1,000000000429990079                      PGA04002,,,0,,0,0,0,,,0,
20,21162,23,MCH1,000000000429990079                      PGA04003,,,0,,0,0,0,,,0,
20,21163,23,MCH1,000000000420000241                      PGA04004,,,0,,0,0,0,,,0,
20,21164,23,MCH1,000000000420000241                      PGA04005,,,0,,0,0,0,,,0,
20,21165,23,MCH1,000000000429990079                      PGA04004,,,0,,0,0,0,,,0,
20,21166,23,MCH1,000000000429990079                      PGA04005,,,0,,0,0,0,,,0,
20,21167,23,MCH1,000000000420000485                      PGA04001,,,0,,0,0,0,,,0,
20,21168,23,MCH1,000000000420000319                      PGA04001,,,0,,0,0,0,,,0,
20,21169,23,MCH1,000000000420000319                      PGA04002,,,0,,0,0,0,,,0,
20,21170,23,MCH1,000000000420000248                      PGA04001,,,0,,0,0,0,,,0,
20,21171,23,MCH1,000000000420000248                      PGA04002,,,0,,0,0,0,,,0,
20,21172,23,MCH1,000000000429990085                      PGA04001,,,0,,0,0,0,,,0,
20,21173,23,MCH1,000000000429990085                      PGA04002,,,0,,0,0,0,,,0,
20,21174,23,MCH1,000000000420000248                      PGA04003,,,0,,0,0,0,,,0,
20,21175,23,MCH1,000000000420000248                      PGA04004,,,0,,0,0,0,,,0,
20,21176,23,MCH1,000000000420000291                      PGA04001,,,0,,0,0,0,,,0,
20,21177,23,MCH1,000000000420000291                      PGA04002,,,0,,0,0,0,,,0,
20,21179,23,MCH1,000000000429990110                      PGA04002,,,0,,0,0,0,,,0,
20,21180,23,MCH1,000000000420000468                      PGA04001,,,0,,0,0,0,,,0,
20,21181,23,MCH1,000000000420000011                      PGA04001,,,0,,0,0,0,,,0,
20,21182,23,MCH1,000000000429990002                      PGA04001,,,0,,0,0,0,,,0,
20,21183,23,MCH1,000000000420000321                      PDA04001,,,0,,0,0,0,,,0,
20,21184,23,MCH1,000000000420000321                      PDA04002,,,0,,0,0,0,,,0,
20,21185,23,MCH1,000000000420000249                      PDA04001,,,0,,0,0,0,,,0,
20,21186,23,MCH1,000000000420000249                      PDA04002,,,0,,0,0,0,,,0,
20,21187,23,MCH1,000000000420000249                      PDA04003,,,0,,0,0,0,,,0,
20,21188,23,MCH1,000000000420000249                      PDA04004,,,0,,0,0,0,,,0,
20,21189,23,MCH1,000000000420000243                      PPA04001,,,0,,0,0,0,,,0,
20,21190,23,MCH1,000000000420000243                      PPA04002,,,0,,0,0,0,,,0,
20,21191,23,MCH1,000000000429990081                      PPA04002,,,0,,0,0,0,,,0,
20,21192,23,MCH1,000000000420000280                      PQA04001,,,0,,0,0,0,,,0,
20,21193,23,MCH1,000000000429990099                      PQA04001,,,0,,0,0,0,,,0,
20,21194,23,MCH1,000000000420000350                      PEA04001,,,0,,0,0,0,,,0,
20,21195,23,MCH1,000000000429990147                      PEA04001,,,0,,0,0,0,,,0,
20,21196,23,MCH1,000000000420000178                      PRA04001,,,0,,0,0,0,,,0,
20,21197,23,MCH1,000000000420000465                      PSA04001,,,0,,0,0,0,,,0,
20,21198,23,MCH1,000000000420000466                      PSB04001,,,0,,0,0,0,,,0,
20,21199,23,MCH1,000000000420000464                      PSC04001,,,0,,0,0,0,,,0,
20,21200,23,MCH1,000000000210000239                      LIA04001,,,0,,0,0,0,,,0,
20,21201,23,MCH1,000000000210000239                      LIA04002,,,0,,0,0,0,,,0,
20,21202,23,MCH1,000000000429990116                      LIA04001,,,0,,0,0,0,,,0,
20,21203,23,MCH1,000000000429990116                      LIA04002,,,0,,0,0,0,,,0,
20,21204,23,MCH1,000000000210000222                      LIA04001,,,0,,0,0,0,,,0,
20,21205,23,MCH1,000000000420000283                      LIA04001,,,0,,0,0,0,,,0,
20,21206,23,MCH1,000000000429990102                      LIA04001,,,0,,0,0,0,,,0,
20,21207,23,MCH1,000000000210000220                      LIA04001,,,0,,0,0,0,,,0,
20,21208,23,MCH1,000000000210000220                      LIA04002,,,0,,0,0,0,,,0,
20,21209,23,MCH1,000000000420000460                      LIA04001,,,0,,0,0,0,,,0,
20,21210,23,MCH1,000000000420000460                      LIA04002,,,0,,0,0,0,,,0,
20,21211,23,MCH1,000000000429990101                      LIA04001,,,0,,0,0,0,,,0,
20,21212,23,MCH1,000000000429990101                      LIA04002,,,0,,0,0,0,,,0,
20,21213,23,MCH1,000000000210000131                      LAA04001,,,0,,0,0,0,,,0,
20,21214,23,MCH1,000000000210000131                      LAA04002,,,0,,0,0,0,,,0,
20,21215,23,MCH1,000000000210000129                      LAA04001,,,0,,0,0,0,,,0,
20,21216,23,MCH1,000000000210000129                      LAA04002,,,0,,0,0,0,,,0,
20,21217,23,MCH1,000000000420000161                      LAA04001,,,0,,0,0,0,,,0,
20,21218,23,MCH1,000000000420000161                      LAA04002,,,0,,0,0,0,,,0,
20,21219,23,MCH1,000000000210000160                      01A04001,,,0,,0,0,0,,,0,
20,21220,23,MCH1,000000000210000176                      LAA04001,,,0,,0,0,0,,,0,
20,21222,23,MCH1,000000000420000222                      LAA04001,,,0,,0,0,0,,,0,
20,21223,23,MCH1,000000000490000003                      01A04001,,,0,,0,0,0,,,0,
20,21224,23,MCH1,000000000210000020                      LAA04001,,,0,,0,0,0,,,0,
20,21226,23,MCH1,000000000420000015                      LAA04001,,,0,,0,0,0,,,0,
20,21228,23,MCH1,000000000210000030                      LAA04001,,,0,,0,0,0,,,0,
20,21229,23,MCH1,000000000210000030                      LAA04002,,,0,,0,0,0,,,0,
20,21231,23,MCH1,000000000420000029                      LAA04001,,,0,,0,0,0,,,0,
20,21232,23,MCH1,000000000420000029                      LAA04002,,,0,,0,0,0,,,0,
20,21233,23,MCH1,000000000210000159                      01A04001,,,0,,0,0,0,,,0,
20,21234,23,MCH1,000000000210000046                      LAA04001,,,0,,0,0,0,,,0,
20,21235,23,MCH1,000000000429990024                      LAA04001,,,0,,0,0,0,,,0,
20,21236,23,MCH1,000000000210000145                      LAA04001,,,0,,0,0,0,,,0,
20,21237,23,MCH1,000000000210000145                      LAA04002,,,0,,0,0,0,,,0,
20,21238,23,MCH1,000000000210000145                      LAA04003,,,0,,0,0,0,,,0,
20,21239,23,MCH1,000000000210000145                      LAA04004,,,0,,0,0,0,,,0,
20,21240,23,MCH1,000000000210000145                      LAA04005,,,0,,0,0,0,,,0,
20,21241,23,MCH1,000000000210000146                      LAA04001,,,0,,0,0,0,,,0,
20,21242,23,MCH1,000000000210000146                      LAA04002,,,0,,0,0,0,,,0,
20,21243,23,MCH1,000000000210000146                      LAA04003,,,0,,0,0,0,,,0,
20,21244,23,MCH1,000000000210000146                      LAA04004,,,0,,0,0,0,,,0,
20,21245,23,MCH1,000000000210000146                      LAA04005,,,0,,0,0,0,,,0,
20,21246,23,MCH1,000000000420000172                      LAA04001,,,0,,0,0,0,,,0,
20,21247,23,MCH1,000000000420000172                      LAA04002,,,0,,0,0,0,,,0,
20,21248,23,MCH1,000000000429990043                      LAA04003,,,0,,0,0,0,,,0,
20,21249,23,MCH1,000000000429990043                      LAA04005,,,0,,0,0,0,,,0,
20,21250,23,MCH1,000000000420000172                      LAA04004,,,0,,0,0,0,,,0,
20,21251,23,MCH1,000000000210000247                      LAA04001,,,0,,0,0,0,,,0,
20,21252,23,MCH1,000000000420000312                      LAA04001,,,0,,0,0,0,,,0,
20,21253,23,MCH1,000000000210000247                      LAA04002,,,0,,0,0,0,,,0,
20,21254,23,MCH1,000000000429990126                      LAA04002,,,0,,0,0,0,,,0,
20,21255,23,MCH1,000000000210000127                      LAA04001,,,0,,0,0,0,,,0,
20,21257,23,MCH1,000000000210000182                      LAA04001,,,0,,0,0,0,,,0,
20,21258,23,MCH1,000000000429990073                      LAA04001,,,0,,0,0,0,,,0,
20,21259,23,MCH1,000000000210000044                      LAA04001,,,0,,0,0,0,,,0,
20,21260,23,MCH1,000000000210000043                      LAA04001,,,0,,0,0,0,,,0,
20,21261,23,MCH1,000000000420000040                      LAA04001,,,0,,0,0,0,,,0,
20,21262,23,MCH1,000000000210000123                      LAA04001,,,0,,0,0,0,,,0,
20,21263,23,MCH1,000000000420000154                      LAA04001,,,0,,0,0,0,,,0,
20,11044,23,MCH1,000000000420000273                      N0150,,,0,,0,0,0,,,0,
20,11045,23,MCH1,000000000420000273                      N0151,,,0,,0,0,0,,,0,
20,11046,23,MCH1,000000000420000273                      N0152,,,0,,0,0,0,,,0,
20,11047,23,MCH1,000000000420000273                      N0153,,,0,,0,0,0,,,0,
20,11048,23,MCH1,000000000420000273                      N0154,,,0,,0,0,0,,,0,
20,11049,23,MCH1,000000000420000273                      N0155,,,0,,0,0,0,,,0,
20,11050,23,MCH1,000000000420000273                      N0156,,,0,,0,0,0,,,0,
20,11051,23,MCH1,000000000420000273                      N0157,,,0,,0,0,0,,,0,
20,11052,23,MCH1,000000000420000273                      N0158,,,0,,0,0,0,,,0,
20,11053,23,MCH1,000000000420000273                      N0159,,,0,,0,0,0,,,0,
20,11054,23,MCH1,000000000420000273                      N016,,,0,,0,0,0,,,0,
20,11055,23,MCH1,000000000420000273                      N0160,,,0,,0,0,0,,,0,
20,11056,23,MCH1,000000000420000273                      N0161,,,0,,0,0,0,,,0,
20,11057,23,MCH1,000000000420000273                      N0162,,,0,,0,0,0,,,0,
20,11058,23,MCH1,000000000420000273                      N0163,,,0,,0,0,0,,,0,
20,11059,23,MCH1,000000000420000273                      N0165,,,0,,0,0,0,,,0,
20,11060,23,MCH1,000000000420000273                      N0166,,,0,,0,0,0,,,0,
20,11061,23,MCH1,000000000420000273                      N0167,,,0,,0,0,0,,,0,
20,11062,23,MCH1,000000000420000273                      N017,,,0,,0,0,0,,,0,
20,11063,23,MCH1,000000000420000273                      N018,,,0,,0,0,0,,,0,
20,11064,23,MCH1,000000000420000273                      N019,,,0,,0,0,0,,,0,
20,11065,23,MCH1,000000000420000273                      N0211,,,0,,0,0,0,,,0,
20,11066,23,MCH1,000000000420000273                      N0212,,,0,,0,0,0,,,0,
20,11067,23,MCH1,000000000420000273                      N0213,,,0,,0,0,0,,,0,
20,11068,23,MCH1,000000000420000273                      N0214,,,0,,0,0,0,,,0,
20,11069,23,MCH1,000000000420000273                      N0215,,,0,,0,0,0,,,0,
20,11070,23,MCH1,000000000420000273                      N0216,,,0,,0,0,0,,,0,
20,11071,23,MCH1,000000000420000273                      N0217,,,0,,0,0,0,,,0,
20,11072,23,MCH1,000000000420000273                      N0218,,,0,,0,0,0,,,0,
20,11073,23,MCH1,000000000420000273                      N0219,,,0,,0,0,0,,,0,
20,11074,23,MCH1,000000000420000273                      N022,,,0,,0,0,0,,,0,
20,11075,23,MCH1,000000000420000273                      N0220,,,0,,0,0,0,,,0,
20,11076,23,MCH1,000000000420000273                      N0221,,,0,,0,0,0,,,0,
20,11077,23,MCH1,000000000420000273                      N0227,,,0,,0,0,0,,,0,
20,11078,23,MCH1,000000000420000273                      N0228,,,0,,0,0,0,,,0,
20,11079,23,MCH1,000000000420000273                      N0229,,,0,,0,0,0,,,0,
20,11080,23,MCH1,000000000420000273                      N023,,,0,,0,0,0,,,0,
20,11081,23,MCH1,000000000420000273                      N0230,,,0,,0,0,0,,,0,
20,11082,23,MCH1,000000000420000273                      N0231,,,0,,0,0,0,,,0,
20,11083,23,MCH1,000000000420000273                      N0232,,,0,,0,0,0,,,0,
20,11084,23,MCH1,000000000420000273                      N0233,,,0,,0,0,0,,,0,
20,11085,23,MCH1,000000000420000273                      N0234,,,0,,0,0,0,,,0,
20,11086,23,MCH1,000000000420000273                      N0235,,,0,,0,0,0,,,0,
20,11087,23,MCH1,000000000420000273                      N0237,,,0,,0,0,0,,,0,
20,11088,23,MCH1,000000000420000273                      N0238,,,0,,0,0,0,,,0,
20,11089,23,MCH1,000000000420000273                      N0239,,,0,,0,0,0,,,0,
20,11090,23,MCH1,000000000420000273                      N024,,,0,,0,0,0,,,0,
20,11091,23,MCH1,000000000420000273                      N0240,,,0,,0,0,0,,,0,
20,11092,23,MCH1,000000000420000273                      N0241,,,0,,0,0,0,,,0,
20,11093,23,MCH1,000000000420000273                      N0242,,,0,,0,0,0,,,0,
20,11094,23,MCH1,000000000420000273                      N0243,,,0,,0,0,0,,,0,
20,11095,23,MCH1,000000000420000273                      N0244,,,0,,0,0,0,,,0,
20,11096,23,MCH1,000000000420000273                      N0245,,,0,,0,0,0,,,0,
20,11097,23,MCH1,000000000420000273                      N0246,,,0,,0,0,0,,,0,
20,11098,23,MCH1,000000000420000273                      N025,,,0,,0,0,0,,,0,
20,11099,23,MCH1,000000000420000273                      N026,,,0,,0,0,0,,,0,
20,11100,23,MCH1,000000000420000273                      N027,,,0,,0,0,0,,,0,
20,11101,23,MCH1,000000000420000273                      N028,,,0,,0,0,0,,,0,
20,11102,23,MCH1,000000000420000273                      N029,,,0,,0,0,0,,,0,
20,11103,23,MCH1,000000000420000273                      N077,,,0,,0,0,0,,,0,
20,11104,23,MCH1,000000000420000273                      ON021,,,0,,0,0,0,,,0,
20,11105,23,MCH1,000000000420000273                      ON0210,,,0,,0,0,0,,,0,
20,11106,23,MCH1,000000000420000273                      ON0211,,,0,,0,0,0,,,0,
20,11107,23,MCH1,000000000420000273                      ON0212,,,0,,0,0,0,,,0,
20,11108,23,MCH1,000000000420000273                      ON0213,,,0,,0,0,0,,,0,
20,11109,23,MCH1,000000000420000273                      ON0214,,,0,,0,0,0,,,0,
20,11110,23,MCH1,000000000420000273                      ON0215,,,0,,0,0,0,,,0,
20,11111,23,MCH1,000000000420000273                      ON0216,,,0,,0,0,0,,,0,
20,11112,23,MCH1,000000000420000273                      ON0217,,,0,,0,0,0,,,0,
20,11113,23,MCH1,000000000420000273                      ON0218,,,0,,0,0,0,,,0,
20,11114,23,MCH1,000000000420000273                      ON0219,,,0,,0,0,0,,,0,
20,11115,23,MCH1,000000000420000273                      ON022,,,0,,0,0,0,,,0,
20,11116,23,MCH1,000000000420000273                      ON0220,,,0,,0,0,0,,,0,
20,11117,23,MCH1,000000000420000273                      ON0221,,,0,,0,0,0,,,0,
20,11118,23,MCH1,000000000420000273                      ON0222,,,0,,0,0,0,,,0,
20,11119,23,MCH1,000000000420000273                      ON0223,,,0,,0,0,0,,,0,
20,11120,23,MCH1,000000000420000273                      ON0224,,,0,,0,0,0,,,0,
20,11121,23,MCH1,000000000420000273                      ON0225,,,0,,0,0,0,,,0,
20,11122,23,MCH1,000000000420000273                      ON0226,,,0,,0,0,0,,,0,
20,11123,23,MCH1,000000000420000273                      ON0227,,,0,,0,0,0,,,0,
20,11124,23,MCH1,000000000420000273                      ON023,,,0,,0,0,0,,,0,
20,11125,23,MCH1,000000000420000273                      ON0230,,,0,,0,0,0,,,0,
20,11126,23,MCH1,000000000420000273                      ON0231,,,0,,0,0,0,,,0,
20,11127,23,MCH1,000000000420000273                      ON024,,,0,,0,0,0,,,0,
20,11128,23,MCH1,000000000420000273                      ON025,,,0,,0,0,0,,,0,
20,11129,23,MCH1,000000000420000273                      ON026,,,0,,0,0,0,,,0,
20,11130,23,MCH1,000000000420000273                      ON027,,,0,,0,0,0,,,0,
20,11131,23,MCH1,000000000420000273                      ON028,,,0,,0,0,0,,,0,
20,11132,23,MCH1,000000000420000273                      ON029,,,0,,0,0,0,,,0,
20,11133,23,MCH1,000000000420000273                      ON0304,,,0,,0,0,0,,,0,
20,11134,23,MCH1,000000000420000273                      ON0305,,,0,,0,0,0,,,0,
20,11135,23,MCH1,000000000420000273                      ON0306,,,0,,0,0,0,,,0,
20,11136,23,MCH1,000000000420000273                      ON0307,,,0,,0,0,0,,,0,
20,11137,23,MCH1,000000000420000273                      ON0308,,,0,,0,0,0,,,0,
20,11138,23,MCH1,000000000420000273                      ON0309,,,0,,0,0,0,,,0,
20,11139,23,MCH1,000000000420000273                      ON0311,,,0,,0,0,0,,,0,
20,11140,23,MCH1,000000000420000273                      ON0312,,,0,,0,0,0,,,0,
20,11141,23,MCH1,000000000420000273                      ON0313,,,0,,0,0,0,,,0,
20,11142,23,MCH1,000000000420000273                      ON0314,,,0,,0,0,0,,,0,
20,12133,23,MCH1,000000000420000312                      JOS0432,,,0,,0,0,0,,,0,
20,12134,23,MCH1,000000000420000312                      JOS0433,,,0,,0,0,0,,,0,
20,12135,23,MCH1,000000000420000312                      JOS0434,,,0,,0,0,0,,,0,
20,12136,23,MCH1,000000000420000312                      JOS0435,,,0,,0,0,0,,,0,
20,12137,23,MCH1,000000000420000312                      JOS0436,,,0,,0,0,0,,,0,
20,12138,23,MCH1,000000000420000312                      JOS0437,,,0,,0,0,0,,,0,
20,12139,23,MCH1,000000000420000312                      JOS0438,,,0,,0,0,0,,,0,
20,12140,23,MCH1,000000000420000312                      JOS0441,,,0,,0,0,0,,,0,
20,12141,23,MCH1,000000000420000312                      JOS0442,,,0,,0,0,0,,,0,
20,12142,23,MCH1,000000000420000312                      JOS0443,,,0,,0,0,0,,,0,
20,12143,23,MCH1,000000000420000312                      JOS0444,,,0,,0,0,0,,,0,
20,12144,23,MCH1,000000000420000312                      JOS0445,,,0,,0,0,0,,,0,
20,12145,23,MCH1,000000000420000312                      JOS0446,,,0,,0,0,0,,,0,
20,12146,23,MCH1,000000000420000312                      JOS0447,,,0,,0,0,0,,,0,
20,12147,23,MCH1,000000000420000312                      JOS0448,,,0,,0,0,0,,,0,
20,12148,23,MCH1,000000000420000312                      JOS0449,,,0,,0,0,0,,,0,
20,12149,23,MCH1,000000000420000312                      JOS0450,,,0,,0,0,0,,,0,
20,12150,23,MCH1,000000000420000312                      JOS0451,,,0,,0,0,0,,,0,
20,12151,23,MCH1,000000000420000312                      JOS0452,,,0,,0,0,0,,,0,
20,12152,23,MCH1,000000000420000312                      JOS0453,,,0,,0,0,0,,,0,
20,12153,23,MCH1,000000000420000312                      JOS0454,,,0,,0,0,0,,,0,
20,12154,23,MCH1,000000000420000312                      JOS0455,,,0,,0,0,0,,,0,
20,12155,23,MCH1,000000000420000312                      JOS0456,,,0,,0,0,0,,,0,
20,12156,23,MCH1,000000000420000312                      JOS0457,,,0,,0,0,0,,,0,
20,12157,23,MCH1,000000000420000312                      JOS0458,,,0,,0,0,0,,,0,
20,12158,23,MCH1,000000000420000312                      JOS0459,,,0,,0,0,0,,,0,
20,12159,23,MCH1,000000000420000312                      JOS0460,,,0,,0,0,0,,,0,
20,12160,23,MCH1,000000000420000312                      JOS0461,,,0,,0,0,0,,,0,
20,12161,23,MCH1,000000000420000312                      JOS0463,,,0,,0,0,0,,,0,
20,12162,23,MCH1,000000000420000312                      JOS0464,,,0,,0,0,0,,,0,
20,12163,23,MCH1,000000000420000312                      JOS0465,,,0,,0,0,0,,,0,
20,12164,23,MCH1,000000000420000312                      JOS0466,,,0,,0,0,0,,,0,
20,12165,23,MCH1,000000000420000312                      JOS0467,,,0,,0,0,0,,,0,
20,12166,23,MCH1,000000000420000312                      JOS0468,,,0,,0,0,0,,,0,
20,12167,23,MCH1,000000000420000312                      JOS0472,,,0,,0,0,0,,,0,
20,12168,23,MCH1,000000000420000312                      JOS0473,,,0,,0,0,0,,,0,
20,12169,23,MCH1,000000000420000312                      JOS0474,,,0,,0,0,0,,,0,
20,12170,23,MCH1,000000000420000312                      JOS0475,,,0,,0,0,0,,,0,
20,12171,23,MCH1,000000000420000312                      JOS0476,,,0,,0,0,0,,,0,
20,12172,23,MCH1,000000000420000312                      OOS0020,,,0,,0,0,0,,,0,
20,12173,23,MCH1,000000000420000312                      OOS021,,,0,,0,0,0,,,0,
20,12174,23,MCH1,000000000420000312                      OOS0210,,,0,,0,0,0,,,0,
20,12175,23,MCH1,000000000420000312                      OOS0211,,,0,,0,0,0,,,0,
20,12176,23,MCH1,000000000420000312                      OOS0212,,,0,,0,0,0,,,0,
20,12177,23,MCH1,000000000420000312                      OOS0213,,,0,,0,0,0,,,0,
20,12178,23,MCH1,000000000420000312                      OOS0214,,,0,,0,0,0,,,0,
20,12179,23,MCH1,000000000420000312                      OOS0215,,,0,,0,0,0,,,0,
20,12180,23,MCH1,000000000420000312                      OOS0216,,,0,,0,0,0,,,0,
20,12181,23,MCH1,000000000420000312                      OOS0217,,,0,,0,0,0,,,0,
20,12182,23,MCH1,000000000420000312                      OOS0218,,,0,,0,0,0,,,0,
20,12183,23,MCH1,000000000420000312                      OOS0219,,,0,,0,0,0,,,0,
20,12184,23,MCH1,000000000420000312                      OOS022,,,0,,0,0,0,,,0,
20,12185,23,MCH1,000000000420000312                      OOS023,,,0,,0,0,0,,,0,
20,12186,23,MCH1,000000000420000312                      OOS024,,,0,,0,0,0,,,0,
20,12187,23,MCH1,000000000420000312                      OOS025,,,0,,0,0,0,,,0,
20,12188,23,MCH1,000000000420000312                      OOS026,,,0,,0,0,0,,,0,
20,12189,23,MCH1,000000000420000312                      OOS027,,,0,,0,0,0,,,0,
20,12190,23,MCH1,000000000420000312                      OOS029,,,0,,0,0,0,,,0,
20,12191,23,MCH1,000000000420000312                      OOS0301,,,0,,0,0,0,,,0,
20,12192,23,MCH1,000000000420000312                      OOS0303,,,0,,0,0,0,,,0,
20,12193,23,MCH1,000000000420000312                      OOS0304,,,0,,0,0,0,,,0,
20,12194,23,MCH1,000000000420000312                      OOS0305,,,0,,0,0,0,,,0,
20,12195,23,MCH1,000000000420000312                      OS0125,,,0,,0,0,0,,,0,
20,12196,23,MCH1,000000000420000312                      OS0126,,,0,,0,0,0,,,0,
20,12197,23,MCH1,000000000420000312                      OS0127,,,0,,0,0,0,,,0,
20,12198,23,MCH1,000000000420000312                      OS0128,,,0,,0,0,0,,,0,
20,12199,23,MCH1,000000000420000312                      OS0129,,,0,,0,0,0,,,0,
20,12200,23,MCH1,000000000420000312                      OS0130,,,0,,0,0,0,,,0,
20,12201,23,MCH1,000000000420000312                      OS0131,,,0,,0,0,0,,,0,
20,12202,23,MCH1,000000000420000312                      OS0132,,,0,,0,0,0,,,0,
20,12203,23,MCH1,000000000420000312                      OS0133,,,0,,0,0,0,,,0,
20,12204,23,MCH1,000000000420000312                      OS0134,,,0,,0,0,0,,,0,
20,12205,23,MCH1,000000000420000312                      OS0135,,,0,,0,0,0,,,0,
20,12206,23,MCH1,000000000420000312                      OS0137,,,0,,0,0,0,,,0,
20,12207,23,MCH1,000000000420000312                      OS0138,,,0,,0,0,0,,,0,
20,12208,23,MCH1,000000000420000312                      OS0139,,,0,,0,0,0,,,0,
20,12209,23,MCH1,000000000420000312                      OS0140,,,0,,0,0,0,,,0,
20,12210,23,MCH1,000000000420000312                      OS0141,,,0,,0,0,0,,,0,
20,12211,23,MCH1,000000000420000312                      OS0142,,,0,,0,0,0,,,0,
20,12212,23,MCH1,000000000420000312                      OS0143,,,0,,0,0,0,,,0,
20,12213,23,MCH1,000000000420000312                      OS0144,,,0,,0,0,0,,,0,
20,12214,23,MCH1,000000000420000312                      OS0145,,,0,,0,0,0,,,0,
20,12215,23,MCH1,000000000420000312                      OS0146,,,0,,0,0,0,,,0,
20,12216,23,MCH1,000000000420000312                      OS0147,,,0,,0,0,0,,,0,
20,12217,23,MCH1,000000000420000312                      OS0148,,,0,,0,0,0,,,0,
20,12218,23,MCH1,000000000420000312                      OS0149,,,0,,0,0,0,,,0,
20,12219,23,MCH1,000000000420000312                      OS0150,,,0,,0,0,0,,,0,
20,12220,23,MCH1,000000000420000312                      OS0151,,,0,,0,0,0,,,0,
20,12221,23,MCH1,000000000420000312                      OS0154,,,0,,0,0,0,,,0,
20,12222,23,MCH1,000000000420000312                      OS0155,,,0,,0,0,0,,,0,
20,12223,23,MCH1,000000000420000312                      OS0156,,,0,,0,0,0,,,0,
20,12224,23,MCH1,000000000420000312                      OS0157,,,0,,0,0,0,,,0,
20,12225,23,MCH1,000000000420000312                      OS0158,,,0,,0,0,0,,,0,
20,12226,23,MCH1,000000000420000312                      OS0159,,,0,,0,0,0,,,0,
20,12227,23,MCH1,000000000420000312                      OS0160,,,0,,0,0,0,,,0,
20,12228,23,MCH1,000000000420000312                      OS0161,,,0,,0,0,0,,,0,
20,12229,23,MCH1,000000000420000312                      OS0162,,,0,,0,0,0,,,0,
20,12230,23,MCH1,000000000420000312                      OS0163,,,0,,0,0,0,,,0,
20,12231,23,MCH1,000000000420000312                      OS0164,,,0,,0,0,0,,,0,
20,12529,23,MCH1,000000000420000222                      JFT0419,,,0,,0,0,0,,,0,
20,12530,23,MCH1,000000000420000222                      JFT0420,,,0,,0,0,0,,,0,
20,12531,23,MCH1,000000000420000222                      JFT0421,,,0,,0,0,0,,,0,
20,12532,23,MCH1,000000000420000222                      JFT0422,,,0,,0,0,0,,,0,
20,12533,23,MCH1,000000000420000222                      JFT0423,,,0,,0,0,0,,,0,
20,12534,23,MCH1,000000000420000222                      JFT0424,,,0,,0,0,0,,,0,
20,12535,23,MCH1,000000000420000222                      JFT0425,,,0,,0,0,0,,,0,
20,12536,23,MCH1,000000000420000222                      JFT0426,,,0,,0,0,0,,,0,
20,12537,23,MCH1,000000000420000222                      JFT0427,,,0,,0,0,0,,,0,
20,12538,23,MCH1,000000000420000222                      JFT0428,,,0,,0,0,0,,,0,
20,12539,23,MCH1,000000000420000222                      JFT0429,,,0,,0,0,0,,,0,
20,12540,23,MCH1,000000000420000222                      JFT0430,,,0,,0,0,0,,,0,
20,12541,23,MCH1,000000000420000222                      JFT0432,,,0,,0,0,0,,,0,
20,12542,23,MCH1,000000000420000222                      JFT0433,,,0,,0,0,0,,,0,
20,12543,23,MCH1,000000000420000222                      JFT0434,,,0,,0,0,0,,,0,
20,12544,23,MCH1,000000000420000222                      JFT0435,,,0,,0,0,0,,,0,
20,12545,23,MCH1,000000000420000222                      JFT0436,,,0,,0,0,0,,,0,
20,12546,23,MCH1,000000000420000222                      JFT0437,,,0,,0,0,0,,,0,
20,12547,23,MCH1,000000000420000222                      JFT0438,,,0,,0,0,0,,,0,
20,12548,23,MCH1,000000000420000222                      JFT0439,,,0,,0,0,0,,,0,
20,12549,23,MCH1,000000000420000222                      JFT0440,,,0,,0,0,0,,,0,
20,12550,23,MCH1,000000000420000222                      JFT0441,,,0,,0,0,0,,,0,
20,12551,23,MCH1,000000000420000222                      JFT0442,,,0,,0,0,0,,,0,
20,12552,23,MCH1,000000000420000222                      JFT0443,,,0,,0,0,0,,,0,
20,12553,23,MCH1,000000000420000222                      JFT0444,,,0,,0,0,0,,,0,
20,12554,23,MCH1,000000000420000222                      JFT0445,,,0,,0,0,0,,,0,
20,12555,23,MCH1,000000000420000222                      JFT0446,,,0,,0,0,0,,,0,
20,12556,23,MCH1,000000000420000222                      JFT0447,,,0,,0,0,0,,,0,
20,12557,23,MCH1,000000000420000222                      JFT0448,,,0,,0,0,0,,,0,
20,12558,23,MCH1,000000000420000222                      JFT0449,,,0,,0,0,0,,,0,
20,12559,23,MCH1,000000000420000222                      JFT0450,,,0,,0,0,0,,,0,
20,12560,23,MCH1,000000000420000222                      JFT0451,,,0,,0,0,0,,,0,
20,12561,23,MCH1,000000000420000222                      JFT0452,,,0,,0,0,0,,,0,
20,12562,23,MCH1,000000000420000222                      JFT0453,,,0,,0,0,0,,,0,
20,12563,23,MCH1,000000000420000222                      JFT0454,,,0,,0,0,0,,,0,
20,12564,23,MCH1,000000000420000222                      JFT0455,,,0,,0,0,0,,,0,
20,12565,23,MCH1,000000000420000222                      JFT0456,,,0,,0,0,0,,,0,
20,12566,23,MCH1,000000000420000222                      JFT0457,,,0,,0,0,0,,,0,
20,12567,23,MCH1,000000000420000222                      JFT0458,,,0,,0,0,0,,,0,
20,12568,23,MCH1,000000000420000220                      BFL0301,,,0,,0,0,0,,,0,
20,12569,23,MCH1,000000000420000220                      BFL0302,,,0,,0,0,0,,,0,
20,12570,23,MCH1,000000000420000220                      CFL001,,,0,,0,0,0,,,0,
20,12571,23,MCH1,000000000420000220                      CFL002,,,0,,0,0,0,,,0,
20,12572,23,MCH1,000000000420000220                      CFL003,,,0,,0,0,0,,,0,
20,12573,23,MCH1,000000000420000220                      CFL004,,,0,,0,0,0,,,0,
20,12574,23,MCH1,000000000420000220                      CFL005,,,0,,0,0,0,,,0,
20,12575,23,MCH1,000000000420000220                      CFL006,,,0,,0,0,0,,,0,
20,12576,23,MCH1,000000000420000220                      CFL011,,,0,,0,0,0,,,0,
20,12577,23,MCH1,000000000420000220                      CFL012,,,0,,0,0,0,,,0,
20,12578,23,MCH1,000000000420000220                      CFL013,,,0,,0,0,0,,,0,
20,12579,23,MCH1,000000000420000220                      CFL014,,,0,,0,0,0,,,0,
20,12580,23,MCH1,000000000420000220                      CFL015,,,0,,0,0,0,,,0,
20,12581,23,MCH1,000000000420000220                      CFL0301,,,0,,0,0,0,,,0,
20,12582,23,MCH1,000000000420000220                      FL021,,,0,,0,0,0,,,0,
20,12583,23,MCH1,000000000420000220                      FL022,,,0,,0,0,0,,,0,
20,12584,23,MCH1,000000000420000220                      JFL0301,,,0,,0,0,0,,,0,
20,12585,23,MCH1,000000000420000220                      JFL0401,,,0,,0,0,0,,,0,
20,12586,23,MCH1,000000000420000225                      FD011,,,0,,0,0,0,,,0,
20,12587,23,MCH1,000000000420000225                      FD012,,,0,,0,0,0,,,0,
20,12588,23,MCH1,000000000420000225                      FD013,,,0,,0,0,0,,,0,
20,12589,23,MCH1,000000000420000225                      FD014,,,0,,0,0,0,,,0,
20,12590,23,MCH1,000000000420000225                      FD015,,,0,,0,0,0,,,0,
20,12591,23,MCH1,000000000420000225                      FD016,,,0,,0,0,0,,,0,
20,12592,23,MCH1,000000000420000225                      FD017,,,0,,0,0,0,,,0,
20,12593,23,MCH1,000000000420000225                      FD021,,,0,,0,0,0,,,0,
20,12594,23,MCH1,000000000420000225                      FD0301,,,0,,0,0,0,,,0,
20,12595,23,MCH1,000000000420000225                      GFD0301,,,0,,0,0,0,,,0,
20,12596,23,MCH1,000000000420000225                      GFD0302,,,0,,0,0,0,,,0,
20,12597,23,MCH1,000000000420000225                      JFD0301,,,0,,0,0,0,,,0,
20,12598,23,MCH1,000000000420000225                      JFD0302,,,0,,0,0,0,,,0,
20,12599,23,MCH1,000000000420000225                      JFD0303,,,0,,0,0,0,,,0,
20,12600,23,MCH1,000000000420000225                      JFD0401,,,0,,0,0,0,,,0,
20,12601,23,MCH1,000000000420000225                      JFD0402,,,0,,0,0,0,,,0,
20,12602,23,MCH1,000000000420000225                      JFD0403,,,0,,0,0,0,,,0,
20,12603,23,MCH1,000000000420000225                      JFD0404,,,0,,0,0,0,,,0,
20,12604,23,MCH1,000000000420000225                      JFD0405,,,0,,0,0,0,,,0,
20,12605,23,MCH1,000000000420000225                      JFD0406,,,0,,0,0,0,,,0,
20,12606,23,MCH1,000000000420000225                      OFD002,,,0,,0,0,0,,,0,
20,12607,23,MCH1,000000000420000225                      OFD003,,,0,,0,0,0,,,0,
20,12608,23,MCH1,000000000420000225                      OFD004,,,0,,0,0,0,,,0,
20,12609,23,MCH1,000000000420000225                      OFD005,,,0,,0,0,0,,,0,
20,12610,23,MCH1,000000000420000225                      OFD006,,,0,,0,0,0,,,0,
20,12611,23,MCH1,000000000420000225                      OFD007,,,0,,0,0,0,,,0,
20,12612,23,MCH1,000000000420000225                      OFD008,,,0,,0,0,0,,,0,
20,12613,23,MCH1,000000000420000225                      OFD021,,,0,,0,0,0,,,0,
20,12614,23,MCH1,000000000420000225                      OFD022,,,0,,0,0,0,,,0,
20,12615,23,MCH1,000000000420000225                      OFD023,,,0,,0,0,0,,,0,
20,12616,23,MCH1,000000000420000225                      OFD024,,,0,,0,0,0,,,0,
20,12617,23,MCH1,000000000420000225                      OFD025,,,0,,0,0,0,,,0,
20,12618,23,MCH1,000000000420000225                      OFD026,,,0,,0,0,0,,,0,
20,12619,23,MCH1,000000000420000225                      OFD027,,,0,,0,0,0,,,0,
20,12620,23,MCH1,000000000420000225                      OFD0301,,,0,,0,0,0,,,0,
20,12621,23,MCH1,000000000420000225                      OFD06,,,0,,0,0,0,,,0,
20,12622,23,MCH1,000000000420000225                      RFD001,,,0,,0,0,0,,,0,
20,12623,23,MCH1,000000000420000225                      RFD0010,,,0,,0,0,0,,,0,
20,12624,23,MCH1,000000000420000225                      RFD002,,,0,,0,0,0,,,0,
20,12625,23,MCH1,000000000420000225                      RFD003,,,0,,0,0,0,,,0,
20,12626,23,MCH1,000000000420000225                      RFD004,,,0,,0,0,0,,,0,
20,12627,23,MCH1,000000000420000225                      RFD005,,,0,,0,0,0,,,0,
20,12925,23,MCH1,000000000420000460                      INAT0406,,,0,,0,0,0,,,0,
20,12926,23,MCH1,000000000420000460                      INAT0407,,,0,,0,0,0,,,0,
20,12927,23,MCH1,000000000420000460                      INAT0408,,,0,,0,0,0,,,0,
20,12928,23,MCH1,000000000420000460                      INAT0409,,,0,,0,0,0,,,0,
20,12929,23,MCH1,000000000420000460                      INAT0410,,,0,,0,0,0,,,0,
20,12930,23,MCH1,000000000420000460                      INAT0411,,,0,,0,0,0,,,0,
20,12931,23,MCH1,000000000420000460                      INAT0412,,,0,,0,0,0,,,0,
20,12932,23,MCH1,000000000420000460                      INAT0413,,,0,,0,0,0,,,0,
20,12933,23,MCH1,000000000420000460                      INAT0414,,,0,,0,0,0,,,0,
20,12934,23,MCH1,000000000420000460                      INAT0415,,,0,,0,0,0,,,0,
20,12935,23,MCH1,000000000420000460                      INAT0416,,,0,,0,0,0,,,0,
20,12936,23,MCH1,000000000420000460                      NMT011,,,0,,0,0,0,,,0,
20,12937,23,MCH1,000000000420000460                      NMT0110,,,0,,0,0,0,,,0,
20,12938,23,MCH1,000000000420000460                      NMT0111,,,0,,0,0,0,,,0,
20,12939,23,MCH1,000000000420000460                      NMT0112,,,0,,0,0,0,,,0,
20,12940,23,MCH1,000000000420000460                      NMT0113,,,0,,0,0,0,,,0,
20,12941,23,MCH1,000000000420000460                      NMT0114,,,0,,0,0,0,,,0,
20,12942,23,MCH1,000000000420000460                      NMT0115,,,0,,0,0,0,,,0,
20,12943,23,MCH1,000000000420000460                      NMT0116,,,0,,0,0,0,,,0,
20,12944,23,MCH1,000000000420000460                      NMT0117,,,0,,0,0,0,,,0,
20,12945,23,MCH1,000000000420000460                      NMT0118,,,0,,0,0,0,,,0,
20,12946,23,MCH1,000000000420000460                      NMT0119,,,0,,0,0,0,,,0,
20,12947,23,MCH1,000000000420000460                      NMT012,,,0,,0,0,0,,,0,
20,12948,23,MCH1,000000000420000460                      NMT0120,,,0,,0,0,0,,,0,
20,12949,23,MCH1,000000000420000460                      NMT0121,,,0,,0,0,0,,,0,
20,12950,23,MCH1,000000000420000460                      NMT013,,,0,,0,0,0,,,0,
20,12951,23,MCH1,000000000420000460                      NMT014,,,0,,0,0,0,,,0,
20,12952,23,MCH1,000000000420000460                      NMT015,,,0,,0,0,0,,,0,
20,12953,23,MCH1,000000000420000460                      NMT016,,,0,,0,0,0,,,0,
20,12954,23,MCH1,000000000420000460                      NMT017,,,0,,0,0,0,,,0,
20,12955,23,MCH1,000000000420000460                      NMT018,,,0,,0,0,0,,,0,
20,12956,23,MCH1,000000000420000460                      NMT019,,,0,,0,0,0,,,0,
20,12957,23,MCH1,000000000420000460                      NMT021,,,0,,0,0,0,,,0,
20,12958,23,MCH1,000000000420000460                      NMT0210,,,0,,0,0,0,,,0,
20,12959,23,MCH1,000000000420000460                      NMT0211,,,0,,0,0,0,,,0,
20,12960,23,MCH1,000000000420000460                      NMT0212,,,0,,0,0,0,,,0,
20,12961,23,MCH1,000000000420000460                      NMT0213,,,0,,0,0,0,,,0,
20,12962,23,MCH1,000000000420000460                      NMT0214,,,0,,0,0,0,,,0,
20,12963,23,MCH1,000000000420000460                      NMT0215,,,0,,0,0,0,,,0,
20,12964,23,MCH1,000000000420000460                      NMT0216,,,0,,0,0,0,,,0,
20,12965,23,MCH1,000000000420000460                      NMT0217,,,0,,0,0,0,,,0,
20,12966,23,MCH1,000000000420000460                      NMT0218,,,0,,0,0,0,,,0,
20,12967,23,MCH1,000000000420000460                      NMT022,,,0,,0,0,0,,,0,
20,12968,23,MCH1,000000000420000460                      NMT023,,,0,,0,0,0,,,0,
20,12969,23,MCH1,000000000420000460                      NMT024,,,0,,0,0,0,,,0,
20,12970,23,MCH1,000000000420000460                      NMT025,,,0,,0,0,0,,,0,
20,12971,23,MCH1,000000000420000460                      NMT026,,,0,,0,0,0,,,0,
20,12972,23,MCH1,000000000420000460                      NMT027,,,0,,0,0,0,,,0,
20,12973,23,MCH1,000000000420000460                      NMT028,,,0,,0,0,0,,,0,
20,12974,23,MCH1,000000000420000460                      NMT029,,,0,,0,0,0,,,0,
20,12975,23,MCH1,000000000420000118                      CS021,,,0,,0,0,0,,,0,
20,12976,23,MCH1,000000000420000118                      NCS0113,,,0,,0,0,0,,,0,
20,12977,23,MCH1,000000000420000115                      CD021,,,0,,0,0,0,,,0,
20,12978,23,MCH1,000000000420000115                      CD0210,,,0,,0,0,0,,,0,
20,12979,23,MCH1,000000000420000115                      CD0211,,,0,,0,0,0,,,0,
20,12980,23,MCH1,000000000420000115                      CD0212,,,0,,0,0,0,,,0,
20,12981,23,MCH1,000000000420000115                      CD0213,,,0,,0,0,0,,,0,
20,12982,23,MCH1,000000000420000115                      CD0214,,,0,,0,0,0,,,0,
20,12983,23,MCH1,000000000420000115                      CD0215,,,0,,0,0,0,,,0,
20,12984,23,MCH1,000000000420000115                      CD0216,,,0,,0,0,0,,,0,
20,12985,23,MCH1,000000000420000115                      CD0217,,,0,,0,0,0,,,0,
20,12986,23,MCH1,000000000420000115                      CD022,,,0,,0,0,0,,,0,
20,12987,23,MCH1,000000000420000115                      CD023,,,0,,0,0,0,,,0,
20,12988,23,MCH1,000000000420000115                      CD024,,,0,,0,0,0,,,0,
20,12989,23,MCH1,000000000420000115                      CD025,,,0,,0,0,0,,,0,
20,12990,23,MCH1,000000000420000115                      CD026,,,0,,0,0,0,,,0,
20,12991,23,MCH1,000000000420000115                      CD027,,,0,,0,0,0,,,0,
20,12992,23,MCH1,000000000420000115                      CD028,,,0,,0,0,0,,,0,
20,12993,23,MCH1,000000000420000115                      CD029,,,0,,0,0,0,,,0,
20,12994,23,MCH1,000000000420000115                      ICD014,,,0,,0,0,0,,,0,
20,12995,23,MCH1,000000000420000115                      ICD015,,,0,,0,0,0,,,0,
20,12996,23,MCH1,000000000420000115                      ICD016,,,0,,0,0,0,,,0,
20,12997,23,MCH1,000000000420000115                      ICD017,,,0,,0,0,0,,,0,
20,12998,23,MCH1,000000000420000115                      ICD018,,,0,,0,0,0,,,0,
20,12999,23,MCH1,000000000420000115                      ICD0301,,,0,,0,0,0,,,0,
20,13000,23,MCH1,000000000420000115                      ICD0302,,,0,,0,0,0,,,0,
20,13001,23,MCH1,000000000420000115                      ICD0303,,,0,,0,0,0,,,0,
20,13002,23,MCH1,000000000420000115                      ICD0304,,,0,,0,0,0,,,0,
20,13003,23,MCH1,000000000420000115                      ICD0305,,,0,,0,0,0,,,0,
20,13004,23,MCH1,000000000420000115                      ICD0306,,,0,,0,0,0,,,0,
20,13005,23,MCH1,000000000420000115                      ICD0307,,,0,,0,0,0,,,0,
20,13006,23,MCH1,000000000420000115                      ICD0308,,,0,,0,0,0,,,0,
20,13007,23,MCH1,000000000420000115                      ICD0309,,,0,,0,0,0,,,0,
20,13008,23,MCH1,000000000420000115                      ICD0310,,,0,,0,0,0,,,0,
20,13009,23,MCH1,000000000420000115                      ICD0311,,,0,,0,0,0,,,0,
20,13010,23,MCH1,000000000420000115                      ICD0312,,,0,,0,0,0,,,0,
20,13011,23,MCH1,000000000420000115                      ICD0313,,,0,,0,0,0,,,0,
20,13012,23,MCH1,000000000420000115                      ICD0314,,,0,,0,0,0,,,0,
20,13013,23,MCH1,000000000420000115                      ICD0315,,,0,,0,0,0,,,0,
20,13014,23,MCH1,000000000420000115                      ICD0401,,,0,,0,0,0,,,0,
20,13015,23,MCH1,000000000420000115                      ICD0402,,,0,,0,0,0,,,0,
20,13016,23,MCH1,000000000420000115                      ICD0403,,,0,,0,0,0,,,0,
20,13017,23,MCH1,000000000420000115                      ICD0404,,,0,,0,0,0,,,0,
20,13018,23,MCH1,000000000420000115                      ICD0405,,,0,,0,0,0,,,0,
20,13019,23,MCH1,000000000420000115                      ICD0406,,,0,,0,0,0,,,0,
20,13020,23,MCH1,000000000420000115                      ICD0407,,,0,,0,0,0,,,0,
20,13021,23,MCH1,000000000420000115                      ICD0408,,,0,,0,0,0,,,0,
20,13022,23,MCH1,000000000420000115                      ICD0409,,,0,,0,0,0,,,0,
20,13023,23,MCH1,000000000420000115                      ICD0410,,,0,,0,0,0,,,0,
20,13420,23,MCH1,000000000420000134                      ICB0203,,,0,,0,0,0,,,0,
20,13421,23,MCH1,000000000420000134                      ICB0204,,,0,,0,0,0,,,0,
20,13422,23,MCH1,000000000420000134                      ICB0205,,,0,,0,0,0,,,0,
20,13423,23,MCH1,000000000420000134                      ICB0206,,,0,,0,0,0,,,0,
20,13424,23,MCH1,000000000420000134                      ICB0207,,,0,,0,0,0,,,0,
20,13425,23,MCH1,000000000420000134                      ICB0208,,,0,,0,0,0,,,0,
20,13426,23,MCH1,000000000420000134                      ICB0209,,,0,,0,0,0,,,0,
20,13427,23,MCH1,000000000420000134                      ICB0210,,,0,,0,0,0,,,0,
20,13428,23,MCH1,000000000420000134                      ICB0211,,,0,,0,0,0,,,0,
20,13429,23,MCH1,000000000420000134                      ICB0212,,,0,,0,0,0,,,0,
20,13430,23,MCH1,000000000420000134                      ICB0213,,,0,,0,0,0,,,0,
20,13431,23,MCH1,000000000420000134                      ICB0214,,,0,,0,0,0,,,0,
20,13432,23,MCH1,000000000420000134                      ICB0215,,,0,,0,0,0,,,0,
20,13433,23,MCH1,000000000420000134                      ICB0216,,,0,,0,0,0,,,0,
20,13434,23,MCH1,000000000420000134                      ICB0217,,,0,,0,0,0,,,0,
20,13435,23,MCH1,000000000420000134                      ICB0218,,,0,,0,0,0,,,0,
20,13436,23,MCH1,000000000420000134                      ICB0219,,,0,,0,0,0,,,0,
20,13437,23,MCH1,000000000420000134                      ICB0220,,,0,,0,0,0,,,0,
20,13438,23,MCH1,000000000420000134                      ICB0221,,,0,,0,0,0,,,0,
20,13439,23,MCH1,000000000420000134                      ICB0222,,,0,,0,0,0,,,0,
20,13440,23,MCH1,000000000420000134                      ICB0223,,,0,,0,0,0,,,0,
20,13441,23,MCH1,000000000420000134                      ICB0224,,,0,,0,0,0,,,0,
20,13442,23,MCH1,000000000420000134                      ICB0225,,,0,,0,0,0,,,0,
20,13443,23,MCH1,000000000420000134                      ICB0226,,,0,,0,0,0,,,0,
20,13444,23,MCH1,000000000420000134                      ICB0227,,,0,,0,0,0,,,0,
20,13445,23,MCH1,000000000420000134                      ICB0228,,,0,,0,0,0,,,0,
20,13446,23,MCH1,000000000420000134                      ICB0229,,,0,,0,0,0,,,0,
20,13447,23,MCH1,000000000420000134                      ICB0230,,,0,,0,0,0,,,0,
20,13448,23,MCH1,000000000420000134                      ICB0231,,,0,,0,0,0,,,0,
20,13449,23,MCH1,000000000420000134                      ICB0232,,,0,,0,0,0,,,0,
20,13450,23,MCH1,000000000420000134                      ICB0233,,,0,,0,0,0,,,0,
20,13451,23,MCH1,000000000420000134                      ICB0234,,,0,,0,0,0,,,0,
20,13452,23,MCH1,000000000420000134                      ICB0235,,,0,,0,0,0,,,0,
20,13453,23,MCH1,000000000420000134                      ICB0236,,,0,,0,0,0,,,0,
20,13454,23,MCH1,000000000420000134                      ICB0237,,,0,,0,0,0,,,0,
20,13455,23,MCH1,000000000420000134                      ICB0238,,,0,,0,0,0,,,0,
20,13456,23,MCH1,000000000420000134                      ICB0239,,,0,,0,0,0,,,0,
20,13457,23,MCH1,000000000420000134                      ICB0240,,,0,,0,0,0,,,0,
20,13458,23,MCH1,000000000420000134                      ICB0241,,,0,,0,0,0,,,0,
20,13459,23,MCH1,000000000420000134                      ICB0242,,,0,,0,0,0,,,0,
20,13460,23,MCH1,000000000420000134                      ICB0243,,,0,,0,0,0,,,0,
20,13461,23,MCH1,000000000420000134                      ICB0244,,,0,,0,0,0,,,0,
20,13462,23,MCH1,000000000420000134                      ICB0245,,,0,,0,0,0,,,0,
20,13463,23,MCH1,000000000420000134                      ICB0246,,,0,,0,0,0,,,0,
20,13464,23,MCH1,000000000420000134                      ICB0247,,,0,,0,0,0,,,0,
20,13465,23,MCH1,000000000420000134                      ICB0248,,,0,,0,0,0,,,0,
20,13466,23,MCH1,000000000420000134                      ICB0249,,,0,,0,0,0,,,0,
20,13467,23,MCH1,000000000420000134                      ICB0250,,,0,,0,0,0,,,0,
20,13468,23,MCH1,000000000420000134                      ICB0251,,,0,,0,0,0,,,0,
20,13469,23,MCH1,000000000420000134                      ICB0252,,,0,,0,0,0,,,0,
20,13470,23,MCH1,000000000420000134                      ICB0253,,,0,,0,0,0,,,0,
20,13471,23,MCH1,000000000420000134                      ICB0254,,,0,,0,0,0,,,0,
20,13472,23,MCH1,000000000420000134                      ICB0255,,,0,,0,0,0,,,0,
20,13473,23,MCH1,000000000420000134                      ICB0256,,,0,,0,0,0,,,0,
20,13474,23,MCH1,000000000420000134                      ICB0257,,,0,,0,0,0,,,0,
20,13475,23,MCH1,000000000420000134                      ICB0258,,,0,,0,0,0,,,0,
20,13476,23,MCH1,000000000420000134                      ICB0301,,,0,,0,0,0,,,0,
20,13477,23,MCH1,000000000420000134                      ICB0302,,,0,,0,0,0,,,0,
20,13478,23,MCH1,000000000420000134                      ICB0303,,,0,,0,0,0,,,0,
20,13479,23,MCH1,000000000420000134                      ICB0304,,,0,,0,0,0,,,0,
20,13480,23,MCH1,000000000420000134                      ICB0305,,,0,,0,0,0,,,0,
20,13481,23,MCH1,000000000420000134                      ICB0306,,,0,,0,0,0,,,0,
20,13482,23,MCH1,000000000420000134                      ICB0307,,,0,,0,0,0,,,0,
20,13483,23,MCH1,000000000420000134                      ICB0308,,,0,,0,0,0,,,0,
20,13484,23,MCH1,000000000420000134                      ICB0309,,,0,,0,0,0,,,0,
20,13485,23,MCH1,000000000420000134                      ICB0310,,,0,,0,0,0,,,0,
20,13486,23,MCH1,000000000420000134                      ICB0311,,,0,,0,0,0,,,0,
20,13487,23,MCH1,000000000420000134                      ICB0312,,,0,,0,0,0,,,0,
20,13488,23,MCH1,000000000420000134                      ICB0313,,,0,,0,0,0,,,0,
20,13489,23,MCH1,000000000420000134                      ICB0314,,,0,,0,0,0,,,0,
20,13490,23,MCH1,000000000420000134                      ICB0315,,,0,,0,0,0,,,0,
20,13491,23,MCH1,000000000420000134                      ICB0316,,,0,,0,0,0,,,0,
20,13492,23,MCH1,000000000420000134                      ICB0317,,,0,,0,0,0,,,0,
20,13493,23,MCH1,000000000420000134                      ICB0318,,,0,,0,0,0,,,0,
20,13494,23,MCH1,000000000420000134                      ICB0319,,,0,,0,0,0,,,0,
20,13495,23,MCH1,000000000420000134                      ICB0320,,,0,,0,0,0,,,0,
20,13496,23,MCH1,000000000420000134                      ICB0321,,,0,,0,0,0,,,0,
20,13497,23,MCH1,000000000420000134                      ICB0322,,,0,,0,0,0,,,0,
20,13498,23,MCH1,000000000420000134                      ICB0323,,,0,,0,0,0,,,0,
20,13499,23,MCH1,000000000420000134                      ICB0324,,,0,,0,0,0,,,0,
20,13500,23,MCH1,000000000420000134                      ICB0325,,,0,,0,0,0,,,0,
20,13501,23,MCH1,000000000420000134                      ICB0326,,,0,,0,0,0,,,0,
20,13502,23,MCH1,000000000420000134                      ICB0327,,,0,,0,0,0,,,0,
20,13503,23,MCH1,000000000420000134                      ICB0328,,,0,,0,0,0,,,0,
20,13504,23,MCH1,000000000420000134                      ICB0329,,,0,,0,0,0,,,0,
20,13505,23,MCH1,000000000420000134                      ICB0330,,,0,,0,0,0,,,0,
20,13506,23,MCH1,000000000420000134                      ICB0331,,,0,,0,0,0,,,0,
20,13507,23,MCH1,000000000420000134                      ICB0332,,,0,,0,0,0,,,0,
20,13508,23,MCH1,000000000420000134                      ICB0333,,,0,,0,0,0,,,0,
20,13509,23,MCH1,000000000420000134                      ICB0334,,,0,,0,0,0,,,0,
20,13510,23,MCH1,000000000420000134                      ICB0335,,,0,,0,0,0,,,0,
20,13511,23,MCH1,000000000420000134                      ICB0336,,,0,,0,0,0,,,0,
20,13512,23,MCH1,000000000420000134                      ICB0337,,,0,,0,0,0,,,0,
20,13513,23,MCH1,000000000420000134                      ICB0338,,,0,,0,0,0,,,0,
20,13514,23,MCH1,000000000420000134                      ICB0339,,,0,,0,0,0,,,0,
20,13515,23,MCH1,000000000420000134                      ICB0340,,,0,,0,0,0,,,0,
20,13516,23,MCH1,000000000420000134                      ICB0341,,,0,,0,0,0,,,0,
20,13517,23,MCH1,000000000420000134                      ICB0342,,,0,,0,0,0,,,0,
20,13518,23,MCH1,000000000420000134                      ICB0343,,,0,,0,0,0,,,0,
20,13915,23,MCH1,000000000420000130                      SCF0201,,,0,,0,0,0,,,0,
20,13916,23,MCH1,000000000420000130                      SCF0202,,,0,,0,0,0,,,0,
20,13917,23,MCH1,000000000420000130                      SCF0203,,,0,,0,0,0,,,0,
20,13918,23,MCH1,000000000420000130                      SCF0204,,,0,,0,0,0,,,0,
20,13919,23,MCH1,000000000420000130                      SCF0205,,,0,,0,0,0,,,0,
20,13920,23,MCH1,000000000420000151                      CDS001,,,0,,0,0,0,,,0,
20,13921,23,MCH1,000000000420000151                      CDS0010,,,0,,0,0,0,,,0,
20,13922,23,MCH1,000000000420000151                      CDS002,,,0,,0,0,0,,,0,
20,13923,23,MCH1,000000000420000151                      CDS003,,,0,,0,0,0,,,0,
20,13924,23,MCH1,000000000420000151                      CDS004,,,0,,0,0,0,,,0,
20,13925,23,MCH1,000000000420000151                      CDS005,,,0,,0,0,0,,,0,
20,13926,23,MCH1,000000000420000151                      CDS006,,,0,,0,0,0,,,0,
20,13927,23,MCH1,000000000420000151                      CDS007,,,0,,0,0,0,,,0,
20,13928,23,MCH1,000000000420000151                      CDS008,,,0,,0,0,0,,,0,
20,13929,23,MCH1,000000000420000151                      CDS009,,,0,,0,0,0,,,0,
20,13930,23,MCH1,000000000420000151                      CDS011,,,0,,0,0,0,,,0,
20,13931,23,MCH1,000000000420000151                      CDS0110,,,0,,0,0,0,,,0,
20,13932,23,MCH1,000000000420000151                      CDS0111,,,0,,0,0,0,,,0,
20,13933,23,MCH1,000000000420000151                      CDS0112,,,0,,0,0,0,,,0,
20,13934,23,MCH1,000000000420000151                      CDS0115,,,0,,0,0,0,,,0,
20,13935,23,MCH1,000000000420000151                      CDS0116,,,0,,0,0,0,,,0,
20,13936,23,MCH1,000000000420000151                      CDS0117,,,0,,0,0,0,,,0,
20,13937,23,MCH1,000000000420000151                      CDS0118,,,0,,0,0,0,,,0,
20,13938,23,MCH1,000000000420000151                      CDS0119,,,0,,0,0,0,,,0,
20,13939,23,MCH1,000000000420000151                      CDS012,,,0,,0,0,0,,,0,
20,13940,23,MCH1,000000000420000151                      CDS0120,,,0,,0,0,0,,,0,
20,13941,23,MCH1,000000000420000151                      CDS013,,,0,,0,0,0,,,0,
20,13942,23,MCH1,000000000420000151                      CDS014,,,0,,0,0,0,,,0,
20,13943,23,MCH1,000000000420000151                      CDS015,,,0,,0,0,0,,,0,
20,13944,23,MCH1,000000000420000151                      CDS016,,,0,,0,0,0,,,0,
20,13945,23,MCH1,000000000420000151                      CDS017,,,0,,0,0,0,,,0,
20,13946,23,MCH1,000000000420000151                      CDS018,,,0,,0,0,0,,,0,
20,13947,23,MCH1,000000000420000151                      CDS019,,,0,,0,0,0,,,0,
20,13948,23,MCH1,000000000420000151                      CDS021,,,0,,0,0,0,,,0,
20,13949,23,MCH1,000000000420000151                      CDS0210,,,0,,0,0,0,,,0,
20,13950,23,MCH1,000000000420000151                      CDS022,,,0,,0,0,0,,,0,
20,13951,23,MCH1,000000000420000151                      CDS023,,,0,,0,0,0,,,0,
20,13952,23,MCH1,000000000420000151                      CDS024,,,0,,0,0,0,,,0,
20,13953,23,MCH1,000000000420000151                      CDS025,,,0,,0,0,0,,,0,
20,13954,23,MCH1,000000000420000151                      CDS026,,,0,,0,0,0,,,0,
20,13955,23,MCH1,000000000420000151                      CDS027,,,0,,0,0,0,,,0,
20,13956,23,MCH1,000000000420000151                      CDS028,,,0,,0,0,0,,,0,
20,13957,23,MCH1,000000000420000151                      CDS029,,,0,,0,0,0,,,0,
20,13958,23,MCH1,000000000420000151                      CDS0301,,,0,,0,0,0,,,0,
20,13959,23,MCH1,000000000420000151                      CDS0302,,,0,,0,0,0,,,0,
20,13960,23,MCH1,000000000420000151                      CDS0303,,,0,,0,0,0,,,0,
20,13961,23,MCH1,000000000420000151                      CDS0304,,,0,,0,0,0,,,0,
20,13962,23,MCH1,000000000420000151                      CDS0305,,,0,,0,0,0,,,0,
20,13963,23,MCH1,000000000420000151                      CDS0306,,,0,,0,0,0,,,0,
20,13964,23,MCH1,000000000420000151                      CDS0309,,,0,,0,0,0,,,0,
20,13965,23,MCH1,000000000420000151                      DS001,,,0,,0,0,0,,,0,
20,13966,23,MCH1,000000000420000151                      DS0301,,,0,,0,0,0,,,0,
20,13967,23,MCH1,000000000420000151                      DS0302,,,0,,0,0,0,,,0,
20,13968,23,MCH1,000000000420000151                      DS0303,,,0,,0,0,0,,,0,
20,13969,23,MCH1,000000000420000151                      JDS0401,,,0,,0,0,0,,,0,
20,13970,23,MCH1,000000000420000151                      JDS0402,,,0,,0,0,0,,,0,
20,13971,23,MCH1,000000000420000151                      JDS0403,,,0,,0,0,0,,,0,
20,13972,23,MCH1,000000000420000151                      JDS0404,,,0,,0,0,0,,,0,
20,13973,23,MCH1,000000000420000151                      JDS0405,,,0,,0,0,0,,,0,
20,13974,23,MCH1,000000000420000151                      JDS0406,,,0,,0,0,0,,,0,
20,13975,23,MCH1,000000000420000151                      JDS0407,,,0,,0,0,0,,,0,
20,13976,23,MCH1,000000000420000151                      JDS0408,,,0,,0,0,0,,,0,
20,13977,23,MCH1,000000000420000151                      JDS0409,,,0,,0,0,0,,,0,
20,13978,23,MCH1,000000000420000151                      JDS0410,,,0,,0,0,0,,,0,
20,13979,23,MCH1,000000000420000151                      JDS0411,,,0,,0,0,0,,,0,
20,13980,23,MCH1,000000000420000151                      JDS0412,,,0,,0,0,0,,,0,
20,13981,23,MCH1,000000000420000151                      JDS0413,,,0,,0,0,0,,,0,
20,13982,23,MCH1,000000000420000151                      JDS0414,,,0,,0,0,0,,,0,
20,13983,23,MCH1,000000000420000151                      JDS0415,,,0,,0,0,0,,,0,
20,13984,23,MCH1,000000000420000151                      JDS0416,,,0,,0,0,0,,,0,
20,13985,23,MCH1,000000000420000151                      JDS0417,,,0,,0,0,0,,,0,
20,13986,23,MCH1,000000000420000151                      JDS0418,,,0,,0,0,0,,,0,
20,13987,23,MCH1,000000000420000151                      JDS0419,,,0,,0,0,0,,,0,
20,13988,23,MCH1,000000000420000151                      JDS0420,,,0,,0,0,0,,,0,
20,13989,23,MCH1,000000000420000151                      JDS0421,,,0,,0,0,0,,,0,
20,13990,23,MCH1,000000000420000151                      JDS0422,,,0,,0,0,0,,,0,
20,13991,23,MCH1,000000000420000151                      JOS0401,,,0,,0,0,0,,,0,
20,13992,23,MCH1,000000000420000151                      JOS0402,,,0,,0,0,0,,,0,
20,13993,23,MCH1,000000000420000146                      CDP001,,,0,,0,0,0,,,0,
20,13994,23,MCH1,000000000420000146                      CDP0010,,,0,,0,0,0,,,0,
20,13995,23,MCH1,000000000420000146                      CDP0011,,,0,,0,0,0,,,0,
20,13996,23,MCH1,000000000420000146                      CDP0012,,,0,,0,0,0,,,0,
20,13997,23,MCH1,000000000420000146                      CDP002,,,0,,0,0,0,,,0,
20,13998,23,MCH1,000000000420000146                      CDP003,,,0,,0,0,0,,,0,
20,13999,23,MCH1,000000000420000146                      CDP004,,,0,,0,0,0,,,0,
20,14000,23,MCH1,000000000420000146                      CDP005,,,0,,0,0,0,,,0,
20,14001,23,MCH1,000000000420000146                      CDP006,,,0,,0,0,0,,,0,
20,14002,23,MCH1,000000000420000146                      CDP007,,,0,,0,0,0,,,0,
20,14003,23,MCH1,000000000420000146                      CDP008,,,0,,0,0,0,,,0,
20,14004,23,MCH1,000000000420000146                      CDP009,,,0,,0,0,0,,,0,
20,14005,23,MCH1,000000000420000146                      CDP011,,,0,,0,0,0,,,0,
20,14006,23,MCH1,000000000420000146                      CDP012,,,0,,0,0,0,,,0,
20,14007,23,MCH1,000000000420000146                      CDP013,,,0,,0,0,0,,,0,
20,14008,23,MCH1,000000000420000146                      CDP014,,,0,,0,0,0,,,0,
20,14009,23,MCH1,000000000420000146                      CDP015,,,0,,0,0,0,,,0,
20,14010,23,MCH1,000000000420000146                      CDP021,,,0,,0,0,0,,,0,
20,14011,23,MCH1,000000000420000146                      CDP0210,,,0,,0,0,0,,,0,
20,14012,23,MCH1,000000000420000146                      CDP0211,,,0,,0,0,0,,,0,
20,14013,23,MCH1,000000000420000146                      CDP022,,,0,,0,0,0,,,0,
20,14410,23,MCH1,000000000420000463                      DZ0226,,,0,,0,0,0,,,0,
20,14411,23,MCH1,000000000420000463                      DZ0227,,,0,,0,0,0,,,0,
20,14412,23,MCH1,000000000420000463                      DZ0228,,,0,,0,0,0,,,0,
20,14413,23,MCH1,000000000420000463                      DZ0229,,,0,,0,0,0,,,0,
20,14414,23,MCH1,000000000420000463                      DZ0230,,,0,,0,0,0,,,0,
20,14415,23,MCH1,000000000420000463                      DZ0231,,,0,,0,0,0,,,0,
20,14416,23,MCH1,000000000420000463                      DZ0232,,,0,,0,0,0,,,0,
20,14417,23,MCH1,000000000420000463                      DZ0233,,,0,,0,0,0,,,0,
20,14418,23,MCH1,000000000420000463                      DZ0234,,,0,,0,0,0,,,0,
20,14419,23,MCH1,000000000420000463                      DZ0235,,,0,,0,0,0,,,0,
20,14420,23,MCH1,000000000420000463                      DZ0236,,,0,,0,0,0,,,0,
20,14421,23,MCH1,000000000420000463                      DZ0301,,,0,,0,0,0,,,0,
20,14422,23,MCH1,000000000420000463                      DZ0302,,,0,,0,0,0,,,0,
20,14423,23,MCH1,000000000420000463                      DZ0303,,,0,,0,0,0,,,0,
20,14424,23,MCH1,000000000420000463                      DZ0304,,,0,,0,0,0,,,0,
20,14425,23,MCH1,000000000420000034                      AJAL0301,,,0,,0,0,0,,,0,
20,14426,23,MCH1,000000000420000034                      AJAL0302,,,0,,0,0,0,,,0,
20,14427,23,MCH1,000000000420000034                      AJAL0303,,,0,,0,0,0,,,0,
20,14428,23,MCH1,000000000420000034                      AJAL0304,,,0,,0,0,0,,,0,
20,14429,23,MCH1,000000000420000034                      AJAL0305,,,0,,0,0,0,,,0,
20,14430,23,MCH1,000000000420000034                      AJAL0306,,,0,,0,0,0,,,0,
20,14431,23,MCH1,000000000420000034                      AJAL0401,,,0,,0,0,0,,,0,
20,14432,23,MCH1,000000000420000034                      AJAL0402,,,0,,0,0,0,,,0,
20,14433,23,MCH1,000000000420000034                      AJAL0403,,,0,,0,0,0,,,0,
20,14434,23,MCH1,000000000420000034                      AJAL0405,,,0,,0,0,0,,,0,
20,14435,23,MCH1,000000000420000034                      AJAL0406,,,0,,0,0,0,,,0,
20,14436,23,MCH1,000000000420000034                      AJAL0407,,,0,,0,0,0,,,0,
20,14437,23,MCH1,000000000420000034                      AJAL0408,,,0,,0,0,0,,,0,
20,14438,23,MCH1,000000000420000034                      AJAL0409,,,0,,0,0,0,,,0,
20,14439,23,MCH1,000000000420000034                      AJAL0410,,,0,,0,0,0,,,0,
20,14440,23,MCH1,000000000420000034                      AJAL0411,,,0,,0,0,0,,,0,
20,14441,23,MCH1,000000000420000034                      AJAL0412,,,0,,0,0,0,,,0,
20,14442,23,MCH1,000000000420000034                      AJAL0413,,,0,,0,0,0,,,0,
20,14443,23,MCH1,000000000420000034                      AJAL0414,,,0,,0,0,0,,,0,
20,14444,23,MCH1,000000000420000034                      AJAL0415,,,0,,0,0,0,,,0,
20,14445,23,MCH1,000000000420000034                      AJAL0416,,,0,,0,0,0,,,0,
20,14446,23,MCH1,000000000420000034                      AJAL0417,,,0,,0,0,0,,,0,
20,14447,23,MCH1,000000000420000034                      AJAL0418,,,0,,0,0,0,,,0,
20,14448,23,MCH1,000000000420000034                      AJAL0419,,,0,,0,0,0,,,0,
20,14449,23,MCH1,000000000420000034                      AJAL0420,,,0,,0,0,0,,,0,
20,14450,23,MCH1,000000000420000034                      AJAL0421,,,0,,0,0,0,,,0,
20,14451,23,MCH1,000000000420000034                      AJAL0422,,,0,,0,0,0,,,0,
20,14452,23,MCH1,000000000420000034                      AJAL0423,,,0,,0,0,0,,,0,
20,14453,23,MCH1,000000000420000034                      AJAL0424,,,0,,0,0,0,,,0,
20,14454,23,MCH1,000000000420000034                      AJAL0425,,,0,,0,0,0,,,0,
20,14455,23,MCH1,000000000420000034                      AJAL0426,,,0,,0,0,0,,,0,
20,14456,23,MCH1,000000000420000034                      AJAL0427,,,0,,0,0,0,,,0,
20,14457,23,MCH1,000000000420000034                      AJAL0428,,,0,,0,0,0,,,0,
20,14458,23,MCH1,000000000420000034                      AJAL0429,,,0,,0,0,0,,,0,
20,14459,23,MCH1,000000000420000034                      AJAL0430,,,0,,0,0,0,,,0,
20,14460,23,MCH1,000000000420000034                      AJAL0431,,,0,,0,0,0,,,0,
20,14461,23,MCH1,000000000420000034                      AJAL0432,,,0,,0,0,0,,,0,
20,14462,23,MCH1,000000000420000034                      AJAL0433,,,0,,0,0,0,,,0,
20,14463,23,MCH1,000000000420000034                      AJAL0434,,,0,,0,0,0,,,0,
20,14464,23,MCH1,000000000420000034                      AJAL0435,,,0,,0,0,0,,,0,
20,14465,23,MCH1,000000000420000034                      AJAL0436,,,0,,0,0,0,,,0,
20,14466,23,MCH1,000000000420000034                      ARAL0301,,,0,,0,0,0,,,0,
20,14467,23,MCH1,000000000420000034                      ARAL0302,,,0,,0,0,0,,,0,
20,14468,23,MCH1,000000000420000034                      ARAL0303,,,0,,0,0,0,,,0,
20,14469,23,MCH1,000000000420000034                      ARAL0304,,,0,,0,0,0,,,0,
20,14470,23,MCH1,000000000420000034                      ARAL0305,,,0,,0,0,0,,,0,
20,14471,23,MCH1,000000000420000034                      ARAL0306,,,0,,0,0,0,,,0,
20,14472,23,MCH1,000000000420000034                      ARAL0307,,,0,,0,0,0,,,0,
20,14473,23,MCH1,000000000420000034                      ARAL0308,,,0,,0,0,0,,,0,
20,14474,23,MCH1,000000000420000034                      ARAL0309,,,0,,0,0,0,,,0,
20,14475,23,MCH1,000000000420000034                      ARAL0310,,,0,,0,0,0,,,0,
20,14476,23,MCH1,000000000420000034                      CAL0110,,,0,,0,0,0,,,0,
20,14477,23,MCH1,000000000420000034                      CAL0111,,,0,,0,0,0,,,0,
20,14478,23,MCH1,000000000420000034                      CAL013,,,0,,0,0,0,,,0,
20,14479,23,MCH1,000000000420000034                      CAL014,,,0,,0,0,0,,,0,
20,14480,23,MCH1,000000000420000034                      CAL015,,,0,,0,0,0,,,0,
20,14481,23,MCH1,000000000420000034                      CAL016,,,0,,0,0,0,,,0,
20,14482,23,MCH1,000000000420000034                      CAL017,,,0,,0,0,0,,,0,
20,14483,23,MCH1,000000000420000034                      CAL018,,,0,,0,0,0,,,0,
20,14484,23,MCH1,000000000420000034                      CAL019,,,0,,0,0,0,,,0,
20,14485,23,MCH1,000000000420000034                      CAL021,,,0,,0,0,0,,,0,
20,14486,23,MCH1,000000000420000034                      CAL0210,,,0,,0,0,0,,,0,
20,14487,23,MCH1,000000000420000034                      CAL0211,,,0,,0,0,0,,,0,
20,14488,23,MCH1,000000000420000034                      CAL0212,,,0,,0,0,0,,,0,
20,14489,23,MCH1,000000000420000034                      CAL0213,,,0,,0,0,0,,,0,
20,14490,23,MCH1,000000000420000034                      CAL0214,,,0,,0,0,0,,,0,
20,14491,23,MCH1,000000000420000034                      CAL0215,,,0,,0,0,0,,,0,
20,14492,23,MCH1,000000000420000034                      CAL0216,,,0,,0,0,0,,,0,
20,14493,23,MCH1,000000000420000034                      CAL0217,,,0,,0,0,0,,,0,
20,14494,23,MCH1,000000000420000034                      CAL0218,,,0,,0,0,0,,,0,
20,14495,23,MCH1,000000000420000034                      CAL0219,,,0,,0,0,0,,,0,
20,14496,23,MCH1,000000000420000034                      CAL022,,,0,,0,0,0,,,0,
20,14497,23,MCH1,000000000420000034                      CAL0220,,,0,,0,0,0,,,0,
20,14498,23,MCH1,000000000420000034                      CAL023,,,0,,0,0,0,,,0,
20,14499,23,MCH1,000000000420000034                      CAL024,,,0,,0,0,0,,,0,
20,14500,23,MCH1,000000000420000034                      CAL025,,,0,,0,0,0,,,0,
20,14501,23,MCH1,000000000420000034                      CAL026,,,0,,0,0,0,,,0,
20,14502,23,MCH1,000000000420000034                      CAL027,,,0,,0,0,0,,,0,
20,14503,23,MCH1,000000000420000034                      CAL028,,,0,,0,0,0,,,0,
20,14504,23,MCH1,000000000420000034                      CAL029,,,0,,0,0,0,,,0,
20,14505,23,MCH1,000000000420000034                      CAL0301,,,0,,0,0,0,,,0,
20,14506,23,MCH1,000000000420000034                      CAL0302,,,0,,0,0,0,,,0,
20,14507,23,MCH1,000000000420000034                      CAL0303,,,0,,0,0,0,,,0,
20,14508,23,MCH1,000000000420000034                      CAL0304,,,0,,0,0,0,,,0,
20,14806,23,MCH1,000000000420000288                      NZL0110,,,0,,0,0,0,,,0,
20,14807,23,MCH1,000000000420000288                      NZL012,,,0,,0,0,0,,,0,
20,14808,23,MCH1,000000000420000288                      NZL013,,,0,,0,0,0,,,0,
20,14809,23,MCH1,000000000420000288                      NZL014,,,0,,0,0,0,,,0,
20,14810,23,MCH1,000000000420000288                      NZL015,,,0,,0,0,0,,,0,
20,14811,23,MCH1,000000000420000288                      NZL016,,,0,,0,0,0,,,0,
20,14812,23,MCH1,000000000420000288                      NZL017,,,0,,0,0,0,,,0,
20,14813,23,MCH1,000000000420000288                      NZL018,,,0,,0,0,0,,,0,
20,14814,23,MCH1,000000000420000288                      NZL019,,,0,,0,0,0,,,0,
20,14815,23,MCH1,000000000420000288                      NZL021,,,0,,0,0,0,,,0,
20,14816,23,MCH1,000000000420000288                      NZL022,,,0,,0,0,0,,,0,
20,14817,23,MCH1,000000000420000288                      NZL023,,,0,,0,0,0,,,0,
20,14818,23,MCH1,000000000420000288                      NZL024,,,0,,0,0,0,,,0,
20,14819,23,MCH1,000000000420000288                      NZL025,,,0,,0,0,0,,,0,
20,14820,23,MCH1,000000000420000288                      NZL026,,,0,,0,0,0,,,0,
20,14821,23,MCH1,000000000420000288                      NZL027,,,0,,0,0,0,,,0,
20,14822,23,MCH1,000000000420000288                      NZL028,,,0,,0,0,0,,,0,
20,14823,23,MCH1,000000000420000288                      NZL029,,,0,,0,0,0,,,0,
20,14824,23,MCH1,000000000420000288                      NZL0301,,,0,,0,0,0,,,0,
20,14825,23,MCH1,000000000420000288                      NZL0302,,,0,,0,0,0,,,0,
20,14826,23,MCH1,000000000420000288                      NZL0303,,,0,,0,0,0,,,0,
20,14827,23,MCH1,000000000420000289                      AJZH0301,,,0,,0,0,0,,,0,
20,14828,23,MCH1,000000000420000289                      AJZH0302,,,0,,0,0,0,,,0,
20,14829,23,MCH1,000000000420000289                      AJZH0401,,,0,,0,0,0,,,0,
20,14830,23,MCH1,000000000420000289                      AJZH0402,,,0,,0,0,0,,,0,
20,14831,23,MCH1,000000000420000289                      AJZH0403,,,0,,0,0,0,,,0,
20,14832,23,MCH1,000000000420000289                      AJZH0404,,,0,,0,0,0,,,0,
20,14833,23,MCH1,000000000420000289                      AJZH0405,,,0,,0,0,0,,,0,
20,14834,23,MCH1,000000000420000289                      AJZH0406,,,0,,0,0,0,,,0,
20,14835,23,MCH1,000000000420000289                      AJZH0407,,,0,,0,0,0,,,0,
20,14836,23,MCH1,000000000420000289                      AJZH0408,,,0,,0,0,0,,,0,
20,14837,23,MCH1,000000000420000289                      AJZH0409,,,0,,0,0,0,,,0,
20,14838,23,MCH1,000000000420000289                      AJZH0410,,,0,,0,0,0,,,0,
20,14839,23,MCH1,000000000420000289                      AJZH0411,,,0,,0,0,0,,,0,
20,14840,23,MCH1,000000000420000289                      AJZH0412,,,0,,0,0,0,,,0,
20,14841,23,MCH1,000000000420000289                      AJZH0413,,,0,,0,0,0,,,0,
20,14842,23,MCH1,000000000420000289                      AJZH0414,,,0,,0,0,0,,,0,
20,14843,23,MCH1,000000000420000289                      NSH0301,,,0,,0,0,0,,,0,
20,14844,23,MCH1,000000000420000289                      NSH0302,,,0,,0,0,0,,,0,
20,14845,23,MCH1,000000000420000289                      NSH0303,,,0,,0,0,0,,,0,
20,14846,23,MCH1,000000000420000289                      NSH0304,,,0,,0,0,0,,,0,
20,14847,23,MCH1,000000000420000289                      NZD016,,,0,,0,0,0,,,0,
20,14848,23,MCH1,000000000420000289                      NZH0110,,,0,,0,0,0,,,0,
20,14849,23,MCH1,000000000420000289                      NZH0111,,,0,,0,0,0,,,0,
20,14850,23,MCH1,000000000420000289                      NZH0112,,,0,,0,0,0,,,0,
20,14851,23,MCH1,000000000420000289                      NZH012,,,0,,0,0,0,,,0,
20,14852,23,MCH1,000000000420000289                      NZH013,,,0,,0,0,0,,,0,
20,14853,23,MCH1,000000000420000289                      NZH014,,,0,,0,0,0,,,0,
20,14854,23,MCH1,000000000420000289                      NZH015,,,0,,0,0,0,,,0,
20,14855,23,MCH1,000000000420000289                      NZH016,,,0,,0,0,0,,,0,
20,14856,23,MCH1,000000000420000289                      NZH017,,,0,,0,0,0,,,0,
20,14857,23,MCH1,000000000420000289                      NZH018,,,0,,0,0,0,,,0,
20,14858,23,MCH1,000000000420000289                      NZH019,,,0,,0,0,0,,,0,
20,14859,23,MCH1,000000000420000289                      NZH021,,,0,,0,0,0,,,0,
20,14860,23,MCH1,000000000420000289                      NZH0210,,,0,,0,0,0,,,0,
20,14861,23,MCH1,000000000420000289                      NZH022,,,0,,0,0,0,,,0,
20,14862,23,MCH1,000000000420000289                      NZH023,,,0,,0,0,0,,,0,
20,14863,23,MCH1,000000000420000289                      NZH024,,,0,,0,0,0,,,0,
20,14864,23,MCH1,000000000420000289                      NZH025,,,0,,0,0,0,,,0,
20,14865,23,MCH1,000000000420000289                      NZH026,,,0,,0,0,0,,,0,
20,14866,23,MCH1,000000000420000289                      NZH027,,,0,,0,0,0,,,0,
20,14867,23,MCH1,000000000420000289                      NZH028,,,0,,0,0,0,,,0,
20,14868,23,MCH1,000000000420000289                      NZH029,,,0,,0,0,0,,,0,
20,14869,23,MCH1,000000000420000289                      NZH0301,,,0,,0,0,0,,,0,
20,14870,23,MCH1,000000000420000289                      NZH0302,,,0,,0,0,0,,,0,
20,14871,23,MCH1,000000000420000289                      NZH0303,,,0,,0,0,0,,,0,
20,14872,23,MCH1,000000000420000289                      NZL014,,,0,,0,0,0,,,0,
20,14873,23,MCH1,000000000420000289                      NZL024,,,0,,0,0,0,,,0,
20,14874,23,MCH1,000000000420000329                      DK1035,,,0,,0,0,0,,,0,
20,14875,23,MCH1,000000000420000329                      DK1404,,,0,,0,0,0,,,0,
20,14876,23,MCH1,000000000420000329                      DK1585,,,0,,0,0,0,,,0,
20,14877,23,MCH1,000000000420000329                      DK1793,,,0,,0,0,0,,,0,
20,14878,23,MCH1,000000000420000329                      DK2491,,,0,,0,0,0,,,0,
20,14879,23,MCH1,000000000420000329                      DK2679,,,0,,0,0,0,,,0,
20,14880,23,MCH1,000000000420000329                      DK3193,,,0,,0,0,0,,,0,
20,14881,23,MCH1,000000000420000329                      DK3751,,,0,,0,0,0,,,0,
20,14882,23,MCH1,000000000420000329                      DK4016,,,0,,0,0,0,,,0,
20,14883,23,MCH1,000000000420000504                      BER013,,,0,,0,0,0,,,0,
20,14884,23,MCH1,000000000420000504                      BER014,,,0,,0,0,0,,,0,
20,14885,23,MCH1,000000000420000504                      BER015,,,0,,0,0,0,,,0,
20,14886,23,MCH1,000000000420000504                      BER0201,,,0,,0,0,0,,,0,
20,14887,23,MCH1,000000000420000504                      BER0202,,,0,,0,0,0,,,0,
20,14888,23,MCH1,000000000420000504                      BRT012,,,0,,0,0,0,,,0,
20,14889,23,MCH1,000000000420000360                      BSM0301,,,0,,0,0,0,,,0,
20,14890,23,MCH1,000000000420000360                      BSM0302,,,0,,0,0,0,,,0,
20,14891,23,MCH1,000000000420000360                      BSM0401,,,0,,0,0,0,,,0,
20,14892,23,MCH1,000000000420000360                      BSM0402,,,0,,0,0,0,,,0,
20,14893,23,MCH1,000000000420000360                      NSM0110,,,0,,0,0,0,,,0,
20,14894,23,MCH1,000000000420000360                      NSM0111,,,0,,0,0,0,,,0,
20,14895,23,MCH1,000000000420000360                      NSM0112,,,0,,0,0,0,,,0,
20,14896,23,MCH1,000000000420000360                      NSM021,,,0,,0,0,0,,,0,
20,14897,23,MCH1,000000000420000360                      NSM022,,,0,,0,0,0,,,0,
20,14898,23,MCH1,000000000420000360                      NSM023,,,0,,0,0,0,,,0,
20,14899,23,MCH1,000000000420000360                      NSM024,,,0,,0,0,0,,,0,
20,14900,23,MCH1,000000000420000360                      NSM0301,,,0,,0,0,0,,,0,
20,14901,23,MCH1,000000000420000362                      BSH0301,,,0,,0,0,0,,,0,
20,14902,23,MCH1,000000000420000362                      NSH021,,,0,,0,0,0,,,0,
20,14903,23,MCH1,000000000420000362                      NSH022,,,0,,0,0,0,,,0,
20,14904,23,MCH1,000000000420000362                      NSH023,,,0,,0,0,0,,,0,
20,15202,23,MCH1,000000000420000488                      PPF0201,,,0,,0,0,0,,,0,
20,15203,23,MCH1,000000000420000488                      PPF0202,,,0,,0,0,0,,,0,
20,15204,23,MCH1,000000000420000488                      PPF0203,,,0,,0,0,0,,,0,
20,15205,23,MCH1,000000000420000488                      PPF0204,,,0,,0,0,0,,,0,
20,15206,23,MCH1,000000000420000488                      PPF0205,,,0,,0,0,0,,,0,
20,15207,23,MCH1,000000000420000488                      PPF0206,,,0,,0,0,0,,,0,
20,15208,23,MCH1,000000000420000488                      PPF0207,,,0,,0,0,0,,,0,
20,15209,23,MCH1,000000000420000488                      PPF0208,,,0,,0,0,0,,,0,
20,15210,23,MCH1,000000000420000488                      PPF0209,,,0,,0,0,0,,,0,
20,15211,23,MCH1,000000000420000488                      PPF021,,,0,,0,0,0,,,0,
20,15212,23,MCH1,000000000420000488                      PPF0210,,,0,,0,0,0,,,0,
20,15213,23,MCH1,000000000420000488                      PPF0211,,,0,,0,0,0,,,0,
20,15214,23,MCH1,000000000420000488                      PPF0212,,,0,,0,0,0,,,0,
20,15215,23,MCH1,000000000420000488                      PPF0213,,,0,,0,0,0,,,0,
20,15216,23,MCH1,000000000420000488                      PPF0214,,,0,,0,0,0,,,0,
20,15217,23,MCH1,000000000420000488                      PPF0215,,,0,,0,0,0,,,0,
20,15218,23,MCH1,000000000420000488                      PPF0218,,,0,,0,0,0,,,0,
20,15219,23,MCH1,000000000420000488                      PPF0219,,,0,,0,0,0,,,0,
20,15220,23,MCH1,000000000420000488                      PPF022,,,0,,0,0,0,,,0,
20,15221,23,MCH1,000000000420000488                      PPF0220,,,0,,0,0,0,,,0,
20,15222,23,MCH1,000000000420000488                      PPF0221,,,0,,0,0,0,,,0,
20,15223,23,MCH1,000000000420000488                      PPF0222,,,0,,0,0,0,,,0,
20,15224,23,MCH1,000000000420000488                      PPF0223,,,0,,0,0,0,,,0,
20,15225,23,MCH1,000000000420000488                      PPF0224,,,0,,0,0,0,,,0,
20,15226,23,MCH1,000000000420000488                      PPF0225,,,0,,0,0,0,,,0,
20,15227,23,MCH1,000000000420000488                      PPF0226,,,0,,0,0,0,,,0,
20,15228,23,MCH1,000000000420000488                      PPF0227,,,0,,0,0,0,,,0,
20,15229,23,MCH1,000000000420000488                      PPF0228,,,0,,0,0,0,,,0,
20,15230,23,MCH1,000000000420000488                      PPF0229,,,0,,0,0,0,,,0,
20,15231,23,MCH1,000000000420000488                      PPF023,,,0,,0,0,0,,,0,
20,15232,23,MCH1,000000000420000488                      PPF0230,,,0,,0,0,0,,,0,
20,15233,23,MCH1,000000000420000488                      PPF0231,,,0,,0,0,0,,,0,
20,15234,23,MCH1,000000000420000488                      PPF0232,,,0,,0,0,0,,,0,
20,15235,23,MCH1,000000000420000488                      PPF0233,,,0,,0,0,0,,,0,
20,15236,23,MCH1,000000000420000488                      PPF0234,,,0,,0,0,0,,,0,
20,15237,23,MCH1,000000000420000488                      PPF0235,,,0,,0,0,0,,,0,
20,15238,23,MCH1,000000000420000488                      PPF0236,,,0,,0,0,0,,,0,
20,15239,23,MCH1,000000000420000488                      PPF0237,,,0,,0,0,0,,,0,
20,15240,23,MCH1,000000000420000488                      PPF0238,,,0,,0,0,0,,,0,
20,15241,23,MCH1,000000000420000488                      PPF0239,,,0,,0,0,0,,,0,
20,15242,23,MCH1,000000000420000488                      PPF024,,,0,,0,0,0,,,0,
20,15243,23,MCH1,000000000420000488                      PPF0242,,,0,,0,0,0,,,0,
20,15244,23,MCH1,000000000420000488                      PPF0243,,,0,,0,0,0,,,0,
20,15245,23,MCH1,000000000420000488                      PPF0244,,,0,,0,0,0,,,0,
20,15246,23,MCH1,000000000420000488                      PPF0245,,,0,,0,0,0,,,0,
20,15247,23,MCH1,000000000420000488                      PPF0246,,,0,,0,0,0,,,0,
20,15248,23,MCH1,000000000420000488                      PPF0247,,,0,,0,0,0,,,0,
20,15249,23,MCH1,000000000420000488                      PPF0248,,,0,,0,0,0,,,0,
20,15250,23,MCH1,000000000420000488                      PPF0249,,,0,,0,0,0,,,0,
20,15251,23,MCH1,000000000420000488                      PPF025,,,0,,0,0,0,,,0,
20,15252,23,MCH1,000000000420000488                      PPF0250,,,0,,0,0,0,,,0,
20,15253,23,MCH1,000000000420000488                      PPF0251,,,0,,0,0,0,,,0,
20,15254,23,MCH1,000000000420000488                      PPF0252,,,0,,0,0,0,,,0,
20,15255,23,MCH1,000000000420000488                      PPF0253,,,0,,0,0,0,,,0,
20,15256,23,MCH1,000000000420000488                      PPF0255,,,0,,0,0,0,,,0,
20,15257,23,MCH1,000000000420000488                      PPF0256,,,0,,0,0,0,,,0,
20,15258,23,MCH1,000000000420000488                      PPF0257,,,0,,0,0,0,,,0,
20,15259,23,MCH1,000000000420000488                      PPF0258,,,0,,0,0,0,,,0,
20,15260,23,MCH1,000000000420000488                      PPF0259,,,0,,0,0,0,,,0,
20,15261,23,MCH1,000000000420000488                      PPF026,,,0,,0,0,0,,,0,
20,15262,23,MCH1,000000000420000488                      PPF0260,,,0,,0,0,0,,,0,
20,15263,23,MCH1,000000000420000488                      PPF027,,,0,,0,0,0,,,0,
20,15264,23,MCH1,000000000420000488                      PPF028,,,0,,0,0,0,,,0,
20,15265,23,MCH1,000000000420000488                      PPF029,,,0,,0,0,0,,,0,
20,15266,23,MCH1,000000000420000488                      PPF030,,,0,,0,0,0,,,0,
20,15267,23,MCH1,000000000420000488                      PPF031,,,0,,0,0,0,,,0,
20,15268,23,MCH1,000000000420000488                      PPF034,,,0,,0,0,0,,,0,
20,15269,23,MCH1,000000000420000488                      PPF035,,,0,,0,0,0,,,0,
20,15270,23,MCH1,000000000420000488                      PPF036,,,0,,0,0,0,,,0,
20,15271,23,MCH1,000000000420000488                      PPF037,,,0,,0,0,0,,,0,
20,15272,23,MCH1,000000000420000488                      PPF038,,,0,,0,0,0,,,0,
20,15273,23,MCH1,000000000420000488                      PPF039,,,0,,0,0,0,,,0,
20,15274,23,MCH1,000000000420000488                      PPF040,,,0,,0,0,0,,,0,
20,15275,23,MCH1,000000000420000488                      PPF041,,,0,,0,0,0,,,0,
20,15276,23,MCH1,000000000420000488                      PPF042,,,0,,0,0,0,,,0,
20,15277,23,MCH1,000000000420000488                      PPF043,,,0,,0,0,0,,,0,
20,15278,23,MCH1,000000000420000488                      PPF044,,,0,,0,0,0,,,0,
20,15279,23,MCH1,000000000420000488                      PPF045,,,0,,0,0,0,,,0,
20,15280,23,MCH1,000000000420000488                      PPF046,,,0,,0,0,0,,,0,
20,15281,23,MCH1,000000000420000488                      PPF047,,,0,,0,0,0,,,0,
20,15282,23,MCH1,000000000420000488                      PPF048,,,0,,0,0,0,,,0,
20,15283,23,MCH1,000000000420000488                      PPF049,,,0,,0,0,0,,,0,
20,15284,23,MCH1,000000000420000488                      PPF050,,,0,,0,0,0,,,0,
20,15285,23,MCH1,000000000420000488                      PPF051,,,0,,0,0,0,,,0,
20,15286,23,MCH1,000000000420000488                      PPF052,,,0,,0,0,0,,,0,
20,15287,23,MCH1,000000000420000488                      PPF053,,,0,,0,0,0,,,0,
20,15288,23,MCH1,000000000420000488                      PPF054,,,0,,0,0,0,,,0,
20,15289,23,MCH1,000000000420000488                      PPF055,,,0,,0,0,0,,,0,
20,15290,23,MCH1,000000000420000488                      PPF056,,,0,,0,0,0,,,0,
20,15291,23,MCH1,000000000420000488                      PPF057,,,0,,0,0,0,,,0,
20,15292,23,MCH1,000000000420000488                      PPF058,,,0,,0,0,0,,,0,
20,15293,23,MCH1,000000000420000488                      PPF059,,,0,,0,0,0,,,0,
20,15294,23,MCH1,000000000420000488                      PPF060,,,0,,0,0,0,,,0,
20,15295,23,MCH1,000000000420000488                      PPF061,,,0,,0,0,0,,,0,
20,15296,23,MCH1,000000000420000488                      PPF062,,,0,,0,0,0,,,0,
20,15297,23,MCH1,000000000420000488                      PPF063,,,0,,0,0,0,,,0,
20,15298,23,MCH1,000000000420000488                      PPF064,,,0,,0,0,0,,,0,
20,15299,23,MCH1,000000000420000488                      PPF065,,,0,,0,0,0,,,0,
20,15300,23,MCH1,000000000420000488                      PPF066,,,0,,0,0,0,,,0,
20,15697,23,MCH1,000000000420000520                      HZF024,,,0,,0,0,0,,,0,
20,15698,23,MCH1,000000000420000520                      HZF025,,,0,,0,0,0,,,0,
20,15699,23,MCH1,000000000420000520                      HZF026,,,0,,0,0,0,,,0,
20,15700,23,MCH1,000000000420000520                      HZF027,,,0,,0,0,0,,,0,
20,15701,23,MCH1,000000000420000520                      HZF028,,,0,,0,0,0,,,0,
20,15702,23,MCH1,000000000420000520                      HZF029,,,0,,0,0,0,,,0,
20,15703,23,MCH1,000000000420000520                      TZF0201,,,0,,0,0,0,,,0,
20,15704,23,MCH1,000000000420000520                      TZF0301,,,0,,0,0,0,,,0,
20,15705,23,MCH1,000000000420000520                      TZF0302,,,0,,0,0,0,,,0,
20,15706,23,MCH1,000000000420000520                      TZF0303,,,0,,0,0,0,,,0,
20,15707,23,MCH1,000000000420000520                      TZF0304,,,0,,0,0,0,,,0,
20,15708,23,MCH1,000000000420000520                      TZF0305,,,0,,0,0,0,,,0,
20,15709,23,MCH1,000000000420000520                      TZF0306,,,0,,0,0,0,,,0,
20,15710,23,MCH1,000000000420000520                      TZF0307,,,0,,0,0,0,,,0,
20,15711,23,MCH1,000000000420000520                      TZF0401,,,0,,0,0,0,,,0,
20,15712,23,MCH1,000000000420000520                      TZF0402,,,0,,0,0,0,,,0,
20,15713,23,MCH1,000000000420000405                      CR146,,,0,,0,0,0,,,0,
20,15714,23,MCH1,000000000420000405                      CR147,,,0,,0,0,0,,,0,
20,15715,23,MCH1,000000000420000405                      CR149,,,0,,0,0,0,,,0,
20,15716,23,MCH1,000000000420000405                      CR150,,,0,,0,0,0,,,0,
20,15717,23,MCH1,000000000420000405                      LZR0301,,,0,,0,0,0,,,0,
20,15718,23,MCH1,000000000420000405                      LZR0401,,,0,,0,0,0,,,0,
20,15719,23,MCH1,000000000420000405                      LZR0402,,,0,,0,0,0,,,0,
20,15720,23,MCH1,000000000420000405                      LZR0403,,,0,,0,0,0,,,0,
20,15721,23,MCH1,000000000420000405                      LZR0404,,,0,,0,0,0,,,0,
20,15722,23,MCH1,000000000420000405                      NZR021,,,0,,0,0,0,,,0,
20,15723,23,MCH1,000000000420000405                      NZR0210,,,0,,0,0,0,,,0,
20,15724,23,MCH1,000000000420000405                      NZR0211,,,0,,0,0,0,,,0,
20,15725,23,MCH1,000000000420000405                      NZR0212,,,0,,0,0,0,,,0,
20,15726,23,MCH1,000000000420000405                      NZR0213,,,0,,0,0,0,,,0,
20,15727,23,MCH1,000000000420000405                      NZR0214,,,0,,0,0,0,,,0,
20,15728,23,MCH1,000000000420000405                      NZR0215,,,0,,0,0,0,,,0,
20,15729,23,MCH1,000000000420000405                      NZR0216,,,0,,0,0,0,,,0,
20,15730,23,MCH1,000000000420000405                      NZR0217,,,0,,0,0,0,,,0,
20,15731,23,MCH1,000000000420000405                      NZR0218,,,0,,0,0,0,,,0,
20,15732,23,MCH1,000000000420000405                      NZR0219,,,0,,0,0,0,,,0,
20,15733,23,MCH1,000000000420000405                      NZR022,,,0,,0,0,0,,,0,
20,15734,23,MCH1,000000000420000405                      NZR023,,,0,,0,0,0,,,0,
20,15735,23,MCH1,000000000420000405                      NZR025,,,0,,0,0,0,,,0,
20,15736,23,MCH1,000000000420000405                      NZR026,,,0,,0,0,0,,,0,
20,15737,23,MCH1,000000000420000405                      NZR027,,,0,,0,0,0,,,0,
20,15738,23,MCH1,000000000420000405                      NZR028,,,0,,0,0,0,,,0,
20,15739,23,MCH1,000000000420000405                      NZR029,,,0,,0,0,0,,,0,
20,15740,23,MCH1,000000000420000405                      NZR0301,,,0,,0,0,0,,,0,
20,15741,23,MCH1,000000000420000405                      NZR0302,,,0,,0,0,0,,,0,
20,15742,23,MCH1,000000000420000405                      NZR0303,,,0,,0,0,0,,,0,
20,15743,23,MCH1,000000000420000405                      NZR0304,,,0,,0,0,0,,,0,
20,15744,23,MCH1,000000000420000405                      NZR0305,,,0,,0,0,0,,,0,
20,15745,23,MCH1,000000000420000405                      NZR0306,,,0,,0,0,0,,,0,
20,15746,23,MCH1,000000000420000405                      NZR0307,,,0,,0,0,0,,,0,
20,15747,23,MCH1,000000000420000234                      0322711-1,,,0,,0,0,0,,,0,
20,15748,23,MCH1,000000000420000234                      0329783-1,,,0,,0,0,0,,,0,
20,15749,23,MCH1,000000000420000407                      LZE0401,,,0,,0,0,0,,,0,
20,15750,23,MCH1,000000000420000407                      LZE0402,,,0,,0,0,0,,,0,
20,15751,23,MCH1,000000000420000407                      LZE0403,,,0,,0,0,0,,,0,
20,15752,23,MCH1,000000000420000407                      LZE0404,,,0,,0,0,0,,,0,
20,15753,23,MCH1,000000000420000407                      LZE0405,,,0,,0,0,0,,,0,
20,15754,23,MCH1,000000000420000407                      NZE021,,,0,,0,0,0,,,0,
20,15755,23,MCH1,000000000420000407                      NZE022,,,0,,0,0,0,,,0,
20,15756,23,MCH1,000000000420000407                      NZE023,,,0,,0,0,0,,,0,
20,15757,23,MCH1,000000000420000407                      NZE024,,,0,,0,0,0,,,0,
20,15758,23,MCH1,000000000420000407                      NZE025,,,0,,0,0,0,,,0,
20,15759,23,MCH1,000000000420000407                      NZE026,,,0,,0,0,0,,,0,
20,15760,23,MCH1,000000000420000407                      NZE027,,,0,,0,0,0,,,0,
20,15761,23,MCH1,000000000420000407                      NZE028,,,0,,0,0,0,,,0,
20,15762,23,MCH1,000000000420000407                      NZE029,,,0,,0,0,0,,,0,
20,15763,23,MCH1,000000000420000407                      NZE0301,,,0,,0,0,0,,,0,
20,15764,23,MCH1,000000000420000407                      NZE0302,,,0,,0,0,0,,,0,
20,15765,23,MCH1,000000000420000407                      NZE0303,,,0,,0,0,0,,,0,
20,15766,23,MCH1,000000000420000407                      NZE0304,,,0,,0,0,0,,,0,
20,15767,23,MCH1,000000000420000407                      NZE0305,,,0,,0,0,0,,,0,
20,15768,23,MCH1,000000000420000416                      CBL021,,,0,,0,0,0,,,0,
20,15769,23,MCH1,000000000420000416                      CBL022,,,0,,0,0,0,,,0,
20,15770,23,MCH1,000000000420000416                      CBL023,,,0,,0,0,0,,,0,
20,15771,23,MCH1,000000000420000416                      CBL024,,,0,,0,0,0,,,0,
20,15772,23,MCH1,000000000420000417                      CBH021,,,0,,0,0,0,,,0,
20,15773,23,MCH1,000000000420000417                      CBH022,,,0,,0,0,0,,,0,
20,15774,23,MCH1,000000000420000417                      CBH023,,,0,,0,0,0,,,0,
20,15775,23,MCH1,000000000420000408                      LZK0301,,,0,,0,0,0,,,0,
20,15776,23,MCH1,000000000420000408                      LZK0401,,,0,,0,0,0,,,0,
20,15777,23,MCH1,000000000420000408                      NZK021,,,0,,0,0,0,,,0,
20,15778,23,MCH1,000000000420000408                      NZK022,,,0,,0,0,0,,,0,
20,15779,23,MCH1,000000000420000408                      NZK023,,,0,,0,0,0,,,0,
20,15780,23,MCH1,000000000420000408                      NZK024,,,0,,0,0,0,,,0,
20,15781,23,MCH1,000000000420000408                      NZK025,,,0,,0,0,0,,,0,
20,15782,23,MCH1,000000000420000406                      CR113,,,0,,0,0,0,,,0,
20,15783,23,MCH1,000000000420000406                      CR114,,,0,,0,0,0,,,0,
20,15784,23,MCH1,000000000420000406                      CR115,,,0,,0,0,0,,,0,
20,15785,23,MCH1,000000000420000406                      LZP0401,,,0,,0,0,0,,,0,
20,15786,23,MCH1,000000000420000406                      LZP0402,,,0,,0,0,0,,,0,
20,15787,23,MCH1,000000000420000406                      LZP0403,,,0,,0,0,0,,,0,
20,15788,23,MCH1,000000000420000406                      NZP021,,,0,,0,0,0,,,0,
20,15789,23,MCH1,000000000420000406                      NZP022,,,0,,0,0,0,,,0,
20,15790,23,MCH1,000000000420000406                      NZP023,,,0,,0,0,0,,,0,
20,15791,23,MCH1,000000000420000406                      NZP024,,,0,,0,0,0,,,0,
20,15792,23,MCH1,000000000420000406                      NZP025,,,0,,0,0,0,,,0,
20,15793,23,MCH1,000000000420000406                      NZP0301,,,0,,0,0,0,,,0,
20,15794,23,MCH1,000000000420000406                      NZP0302,,,0,,0,0,0,,,0,
20,15795,23,MCH1,000000000420000406                      NZP0303,,,0,,0,0,0,,,0,
20,15994,23,MCH1,000000000420000278                      JCT0471,,,0,,0,0,0,,,0,
20,15995,23,MCH1,000000000420000278                      JCT0472,,,0,,0,0,0,,,0,
20,15996,23,MCH1,000000000420000278                      JCT0473,,,0,,0,0,0,,,0,
20,15997,23,MCH1,000000000420000278                      JCT0474,,,0,,0,0,0,,,0,
20,15998,23,MCH1,000000000420000278                      JCT0475,,,0,,0,0,0,,,0,
20,15999,23,MCH1,000000000420000278                      JCT0476,,,0,,0,0,0,,,0,
20,16000,23,MCH1,000000000420000278                      NCT0219,,,0,,0,0,0,,,0,
20,16001,23,MCH1,000000000420000278                      NCT0220,,,0,,0,0,0,,,0,
20,16002,23,MCH1,000000000420000278                      NCT0221,,,0,,0,0,0,,,0,
20,16003,23,MCH1,000000000420000278                      NCT0222,,,0,,0,0,0,,,0,
20,16004,23,MCH1,000000000420000278                      NCT0223,,,0,,0,0,0,,,0,
20,16005,23,MCH1,000000000420000278                      NCT0224,,,0,,0,0,0,,,0,
20,16006,23,MCH1,000000000420000278                      NCT0225,,,0,,0,0,0,,,0,
20,16007,23,MCH1,000000000420000278                      NCT0226,,,0,,0,0,0,,,0,
20,16008,23,MCH1,000000000420000278                      NCT0227,,,0,,0,0,0,,,0,
20,16009,23,MCH1,000000000420000278                      NCT0228,,,0,,0,0,0,,,0,
20,16010,23,MCH1,000000000420000278                      NCT0229,,,0,,0,0,0,,,0,
20,16011,23,MCH1,000000000420000278                      NCT0230,,,0,,0,0,0,,,0,
20,16012,23,MCH1,000000000420000278                      NCT0231,,,0,,0,0,0,,,0,
20,16013,23,MCH1,000000000420000278                      NCT0232,,,0,,0,0,0,,,0,
20,16014,23,MCH1,000000000420000278                      NCT0233,,,0,,0,0,0,,,0,
20,16015,23,MCH1,000000000420000278                      NCT0234,,,0,,0,0,0,,,0,
20,16016,23,MCH1,000000000420000278                      NCT0235,,,0,,0,0,0,,,0,
20,16017,23,MCH1,000000000420000278                      NCT0236,,,0,,0,0,0,,,0,
20,16018,23,MCH1,000000000420000278                      NCT0237,,,0,,0,0,0,,,0,
20,16019,23,MCH1,000000000420000278                      NCT0238,,,0,,0,0,0,,,0,
20,16020,23,MCH1,000000000420000278                      NCT0239,,,0,,0,0,0,,,0,
20,16021,23,MCH1,000000000420000278                      NCT0240,,,0,,0,0,0,,,0,
20,16022,23,MCH1,000000000420000278                      NCT0241,,,0,,0,0,0,,,0,
20,16023,23,MCH1,000000000420000278                      NCT0242,,,0,,0,0,0,,,0,
20,16024,23,MCH1,000000000420000278                      NCT0243,,,0,,0,0,0,,,0,
20,16025,23,MCH1,000000000420000278                      NCT0244,,,0,,0,0,0,,,0,
20,16026,23,MCH1,000000000420000278                      NCT0245,,,0,,0,0,0,,,0,
20,16027,23,MCH1,000000000420000278                      NCT0246,,,0,,0,0,0,,,0,
20,16028,23,MCH1,000000000420000278                      NCT0247,,,0,,0,0,0,,,0,
20,16029,23,MCH1,000000000420000278                      NCT0248,,,0,,0,0,0,,,0,
20,16030,23,MCH1,000000000420000278                      NCT0249,,,0,,0,0,0,,,0,
20,16031,23,MCH1,000000000420000278                      NCT0250,,,0,,0,0,0,,,0,
20,16032,23,MCH1,000000000420000278                      NCT0251,,,0,,0,0,0,,,0,
20,16033,23,MCH1,000000000420000278                      NCT0301,,,0,,0,0,0,,,0,
20,16034,23,MCH1,000000000420000278                      NCT0302,,,0,,0,0,0,,,0,
20,16035,23,MCH1,000000000420000278                      NCT0303,,,0,,0,0,0,,,0,
20,16036,23,MCH1,000000000420000278                      NCT0304,,,0,,0,0,0,,,0,
20,16037,23,MCH1,000000000420000278                      NCT0305,,,0,,0,0,0,,,0,
20,16038,23,MCH1,000000000420000278                      NCT0306,,,0,,0,0,0,,,0,
20,16039,23,MCH1,000000000420000278                      NCT0307,,,0,,0,0,0,,,0,
20,16040,23,MCH1,000000000420000278                      NCT0308,,,0,,0,0,0,,,0,
20,16041,23,MCH1,000000000420000278                      NCT0309,,,0,,0,0,0,,,0,
20,16042,23,MCH1,000000000420000278                      NCT0311,,,0,,0,0,0,,,0,
20,16043,23,MCH1,000000000420000278                      NCT0312,,,0,,0,0,0,,,0,
20,16044,23,MCH1,000000000420000278                      NCT0313,,,0,,0,0,0,,,0,
20,16045,23,MCH1,000000000420000278                      NCT0314,,,0,,0,0,0,,,0,
20,16046,23,MCH1,000000000420000278                      NCT0315,,,0,,0,0,0,,,0,
20,16047,23,MCH1,000000000420000278                      NCT0316,,,0,,0,0,0,,,0,
20,16048,23,MCH1,000000000420000278                      NCT0317,,,0,,0,0,0,,,0,
20,16049,23,MCH1,000000000420000278                      NCT0318,,,0,,0,0,0,,,0,
20,16050,23,MCH1,000000000420000278                      NCT0319,,,0,,0,0,0,,,0,
20,16051,23,MCH1,000000000420000278                      NCT0320,,,0,,0,0,0,,,0,
20,16052,23,MCH1,000000000420000278                      NCT0321,,,0,,0,0,0,,,0,
20,16053,23,MCH1,000000000420000278                      NCT0322,,,0,,0,0,0,,,0,
20,16054,23,MCH1,000000000420000278                      NCT0323,,,0,,0,0,0,,,0,
20,16055,23,MCH1,000000000420000278                      NCT0324,,,0,,0,0,0,,,0,
20,16056,23,MCH1,000000000420000278                      NCT0325,,,0,,0,0,0,,,0,
20,16057,23,MCH1,000000000420000278                      NCT0326,,,0,,0,0,0,,,0,
20,16058,23,MCH1,000000000420000278                      NCT0327,,,0,,0,0,0,,,0,
20,16059,23,MCH1,000000000420000278                      NCT0328,,,0,,0,0,0,,,0,
20,16060,23,MCH1,000000000420000278                      NCT0329,,,0,,0,0,0,,,0,
20,16061,23,MCH1,000000000420000278                      NCT0330,,,0,,0,0,0,,,0,
20,16062,23,MCH1,000000000420000278                      NCT0331,,,0,,0,0,0,,,0,
20,16063,23,MCH1,000000000420000278                      NCT0332,,,0,,0,0,0,,,0,
20,16064,23,MCH1,000000000420000278                      NCT0333,,,0,,0,0,0,,,0,
20,16065,23,MCH1,000000000420000278                      NCT0334,,,0,,0,0,0,,,0,
20,16066,23,MCH1,000000000420000278                      NCT0335,,,0,,0,0,0,,,0,
20,16067,23,MCH1,000000000420000278                      NCT0336,,,0,,0,0,0,,,0,
20,16068,23,MCH1,000000000420000278                      NCT0337,,,0,,0,0,0,,,0,
20,16069,23,MCH1,000000000420000278                      NCT0338,,,0,,0,0,0,,,0,
20,16070,23,MCH1,000000000420000278                      NCT0339,,,0,,0,0,0,,,0,
20,16071,23,MCH1,000000000420000278                      NCT0340,,,0,,0,0,0,,,0,
20,16072,23,MCH1,000000000420000278                      NCT0341,,,0,,0,0,0,,,0,
20,16073,23,MCH1,000000000420000278                      NCT0342,,,0,,0,0,0,,,0,
20,16074,23,MCH1,000000000420000278                      NCT0343,,,0,,0,0,0,,,0,
20,16075,23,MCH1,000000000420000278                      NCT0344,,,0,,0,0,0,,,0,
20,16076,23,MCH1,000000000420000278                      NCT0345,,,0,,0,0,0,,,0,
20,16077,23,MCH1,000000000420000278                      NCT0346,,,0,,0,0,0,,,0,
20,16078,23,MCH1,000000000420000278                      NCT0347,,,0,,0,0,0,,,0,
20,16079,23,MCH1,000000000420000278                      NCT0348,,,0,,0,0,0,,,0,
20,16080,23,MCH1,000000000420000278                      NCT0349,,,0,,0,0,0,,,0,
20,16081,23,MCH1,000000000420000278                      NCT0350,,,0,,0,0,0,,,0,
20,16082,23,MCH1,000000000420000278                      NCT0351,,,0,,0,0,0,,,0,
20,16083,23,MCH1,000000000420000278                      NCT0352,,,0,,0,0,0,,,0,
20,16084,23,MCH1,000000000420000278                      NCT0353,,,0,,0,0,0,,,0,
20,16085,23,MCH1,000000000420000278                      NCT0354,,,0,,0,0,0,,,0,
20,16086,23,MCH1,000000000420000278                      NCT0355,,,0,,0,0,0,,,0,
20,16087,23,MCH1,000000000420000446                      IETN0201,,,0,,0,0,0,,,0,
20,16088,23,MCH1,000000000420000446                      IETN0202,,,0,,0,0,0,,,0,
20,16089,23,MCH1,000000000420000446                      IETN0203,,,0,,0,0,0,,,0,
20,16090,23,MCH1,000000000420000446                      IETN0204,,,0,,0,0,0,,,0,
20,16091,23,MCH1,000000000420000446                      IETN0205,,,0,,0,0,0,,,0,
20,16092,23,MCH1,000000000420000446                      IETN0206,,,0,,0,0,0,,,0,
20,16489,23,MCH1,000000000420000320                      MMF0401,,,0,,0,0,0,,,0,
20,16490,23,MCH1,000000000420000320                      MMF0402,,,0,,0,0,0,,,0,
20,16491,23,MCH1,000000000420000320                      MMF0403,,,0,,0,0,0,,,0,
20,16492,23,MCH1,000000000420000320                      MMF0405,,,0,,0,0,0,,,0,
20,16493,23,MCH1,000000000420000320                      MMF0406,,,0,,0,0,0,,,0,
20,16494,23,MCH1,000000000420000320                      MMF0407,,,0,,0,0,0,,,0,
20,16495,23,MCH1,000000000420000320                      MMF0408,,,0,,0,0,0,,,0,
20,16496,23,MCH1,000000000420000320                      MMF0409,,,0,,0,0,0,,,0,
20,16497,23,MCH1,000000000420000320                      MMF0410,,,0,,0,0,0,,,0,
20,16498,23,MCH1,000000000420000320                      MMF0412,,,0,,0,0,0,,,0,
20,16499,23,MCH1,000000000420000205                      AR30902,,,0,,0,0,0,,,0,
20,16500,23,MCH1,000000000420000205                      AR31105,,,0,,0,0,0,,,0,
20,16501,23,MCH1,000000000420000205                      AR31106,,,0,,0,0,0,,,0,
20,16502,23,MCH1,000000000420000205                      AR31107,,,0,,0,0,0,,,0,
20,16503,23,MCH1,000000000420000205                      CU40101,,,0,,0,0,0,,,0,
20,16504,23,MCH1,000000000420000205                      CU40102,,,0,,0,0,0,,,0,
20,16505,23,MCH1,000000000420000205                      CU40103,,,0,,0,0,0,,,0,
20,16506,23,MCH1,000000000420000205                      CU40204,,,0,,0,0,0,,,0,
20,16507,23,MCH1,000000000420000205                      CU40205,,,0,,0,0,0,,,0,
20,16508,23,MCH1,000000000420000205                      CU40206,,,0,,0,0,0,,,0,
20,16509,23,MCH1,000000000420000205                      CU40307,,,0,,0,0,0,,,0,
20,16510,23,MCH1,000000000420000205                      CU40308,,,0,,0,0,0,,,0,
20,16511,23,MCH1,000000000420000205                      CU40309,,,0,,0,0,0,,,0,
20,16512,23,MCH1,000000000420000205                      CU40310,,,0,,0,0,0,,,0,
20,16513,23,MCH1,000000000420000205                      CU40411,,,0,,0,0,0,,,0,
20,16514,23,MCH1,000000000420000205                      CU40412,,,0,,0,0,0,,,0,
20,16515,23,MCH1,000000000420000205                      CU40413,,,0,,0,0,0,,,0,
20,16516,23,MCH1,000000000420000205                      CU40414,,,0,,0,0,0,,,0,
20,16517,23,MCH1,000000000420000205                      CU40415,,,0,,0,0,0,,,0,
20,16518,23,MCH1,000000000420000205                      CU40416,,,0,,0,0,0,,,0,
20,16519,23,MCH1,000000000420000205                      CU40517,,,0,,0,0,0,,,0,
20,16520,23,MCH1,000000000420000205                      CU40518,,,0,,0,0,0,,,0,
20,16521,23,MCH1,000000000420000205                      CU40519,,,0,,0,0,0,,,0,
20,16522,23,MCH1,000000000420000205                      CU40520,,,0,,0,0,0,,,0,
20,16523,23,MCH1,000000000420000205                      CU40521,,,0,,0,0,0,,,0,
20,16524,23,MCH1,000000000420000205                      EP20801,,,0,,0,0,0,,,0,
20,16525,23,MCH1,000000000420000205                      EP20802,,,0,,0,0,0,,,0,
20,16526,23,MCH1,000000000420000205                      EP20803,,,0,,0,0,0,,,0,
20,16527,23,MCH1,000000000420000205                      EP20804,,,0,,0,0,0,,,0,
20,16528,23,MCH1,000000000420000205                      EP20905,,,0,,0,0,0,,,0,
20,16529,23,MCH1,000000000420000205                      EP20906,,,0,,0,0,0,,,0,
20,16530,23,MCH1,000000000420000205                      EP20907,,,0,,0,0,0,,,0,
20,16531,23,MCH1,000000000420000205                      EP20908,,,0,,0,0,0,,,0,
20,16532,23,MCH1,000000000420000205                      EP20909,,,0,,0,0,0,,,0,
20,16533,23,MCH1,000000000420000205                      EP21010,,,0,,0,0,0,,,0,
20,16534,23,MCH1,000000000420000205                      EP21011,,,0,,0,0,0,,,0,
20,16535,23,MCH1,000000000420000205                      EP21012,,,0,,0,0,0,,,0,
20,16536,23,MCH1,000000000420000205                      EP21113,,,0,,0,0,0,,,0,
20,16537,23,MCH1,000000000420000205                      EP21114,,,0,,0,0,0,,,0,
20,16538,23,MCH1,000000000420000205                      EP30101,,,0,,0,0,0,,,0,
20,16539,23,MCH1,000000000420000205                      EP30301,,,0,,0,0,0,,,0,
20,16540,23,MCH1,000000000420000205                      EP30302,,,0,,0,0,0,,,0,
20,16541,23,MCH1,000000000420000205                      EP30403,,,0,,0,0,0,,,0,
20,16542,23,MCH1,000000000420000205                      EP30404,,,0,,0,0,0,,,0,
20,16543,23,MCH1,000000000420000205                      EP30405,,,0,,0,0,0,,,0,
20,16544,23,MCH1,000000000420000205                      EP30506,,,0,,0,0,0,,,0,
20,16545,23,MCH1,000000000420000205                      EP30507,,,0,,0,0,0,,,0,
20,16546,23,MCH1,000000000420000205                      EP30508,,,0,,0,0,0,,,0,
20,16547,23,MCH1,000000000420000205                      EP30509,,,0,,0,0,0,,,0,
20,16548,23,MCH1,000000000420000205                      EP30510,,,0,,0,0,0,,,0,
20,16549,23,MCH1,000000000420000205                      EP30511,,,0,,0,0,0,,,0,
20,16550,23,MCH1,000000000420000205                      EP30512,,,0,,0,0,0,,,0,
20,16551,23,MCH1,000000000420000205                      EP30513,,,0,,0,0,0,,,0,
20,16552,23,MCH1,000000000420000205                      EP30514,,,0,,0,0,0,,,0,
20,16553,23,MCH1,000000000420000205                      EP30515,,,0,,0,0,0,,,0,
20,16554,23,MCH1,000000000420000205                      EP30516,,,0,,0,0,0,,,0,
20,16555,23,MCH1,000000000420000205                      EP30517,,,0,,0,0,0,,,0,
20,16556,23,MCH1,000000000420000422                      NBH024,,,0,,0,0,0,,,0,
20,16557,23,MCH1,000000000420000424                      NBL025,,,0,,0,0,0,,,0,
20,16558,23,MCH1,000000000420000213                      O0013C,,,0,,0,0,0,,,0,
20,16559,23,MCH1,000000000420000213                      O0022I,,,0,,0,0,0,,,0,
20,16560,23,MCH1,000000000420000213                      O0073G,,,0,,0,0,0,,,0,
20,16561,23,MCH1,000000000420000213                      O0142L,,,0,,0,0,0,,,0,
20,16562,23,MCH1,000000000420000213                      O0304E,,,0,,0,0,0,,,0,
20,16563,23,MCH1,000000000420000213                      O0423E,,,0,,0,0,0,,,0,
20,16564,23,MCH1,000000000420000213                      O0462J,,,0,,0,0,0,,,0,
20,16565,23,MCH1,000000000420000213                      O0494D,,,0,,0,0,0,,,0,
20,16566,23,MCH1,000000000420000213                      O0534G,,,0,,0,0,0,,,0,
20,16567,23,MCH1,000000000420000213                      O0543L,,,0,,0,0,0,,,0,
20,16568,23,MCH1,000000000420000213                      O0564B,,,0,,0,0,0,,,0,
20,16569,23,MCH1,000000000420000213                      O0644F,,,0,,0,0,0,,,0,
20,16570,23,MCH1,000000000420000418                      RB021,,,0,,0,0,0,,,0,
20,16571,23,MCH1,000000000420000418                      RB022,,,0,,0,0,0,,,0,
20,16572,23,MCH1,000000000420000216                      O0032I,,,0,,0,0,0,,,0,
20,16573,23,MCH1,000000000420000216                      O0063G,,,0,,0,0,0,,,0,
20,16574,23,MCH1,000000000420000216                      O0152L,,,0,,0,0,0,,,0,
20,16575,23,MCH1,000000000420000216                      O0303C,,,0,,0,0,0,,,0,
20,16576,23,MCH1,000000000420000216                      O0414E,,,0,,0,0,0,,,0,
20,16577,23,MCH1,000000000420000216                      O0433E,,,0,,0,0,0,,,0,
20,16578,23,MCH1,000000000420000216                      O0472J,,,0,,0,0,0,,,0,
20,16579,23,MCH1,000000000420000216                      O0482I,,,0,,0,0,0,,,0,
20,16580,23,MCH1,000000000420000216                      O0533L,,,0,,0,0,0,,,0,
20,16581,23,MCH1,000000000420000216                      O0544G,,,0,,0,0,0,,,0,
20,16582,23,MCH1,000000000420000216                      O0784G,,,0,,0,0,0,,,0,
20,16583,23,MCH1,000000000420000216                      O0914A,,,0,,0,0,0,,,0,
20,16584,23,MCH1,000000000420000165                      CEO021,,,0,,0,0,0,,,0,
20,16585,23,MCH1,000000000420000165                      CEO022,,,0,,0,0,0,,,0,
20,16586,23,MCH1,000000000420000165                      CEO023,,,0,,0,0,0,,,0,
20,16587,23,MCH1,000000000420000165                      IEB0301,,,0,,0,0,0,,,0,
20,16885,23,MCH1,000000000420000030                      NAR021,,,0,,0,0,0,,,0,
20,16886,23,MCH1,000000000420000030                      NAR022,,,0,,0,0,0,,,0,
20,16887,23,MCH1,000000000420000030                      NAR0301,,,0,,0,0,0,,,0,
20,16888,23,MCH1,000000000420000487                      IPP0201,,,0,,0,0,0,,,0,
20,16889,23,MCH1,000000000420000487                      IPP0202,,,0,,0,0,0,,,0,
20,16890,23,MCH1,000000000420000487                      IPP0203,,,0,,0,0,0,,,0,
20,16891,23,MCH1,000000000420000487                      IPP0204,,,0,,0,0,0,,,0,
20,16892,23,MCH1,000000000420000487                      IPP0205,,,0,,0,0,0,,,0,
20,16893,23,MCH1,000000000420000487                      IPP0206,,,0,,0,0,0,,,0,
20,16894,23,MCH1,000000000420000487                      IPP0207,,,0,,0,0,0,,,0,
20,16895,23,MCH1,000000000420000487                      IPP0208,,,0,,0,0,0,,,0,
20,16896,23,MCH1,000000000420000208                      AR30702,,,0,,0,0,0,,,0,
20,16897,23,MCH1,000000000420000208                      AR30903,,,0,,0,0,0,,,0,
20,16898,23,MCH1,000000000420000208                      AR31004,,,0,,0,0,0,,,0,
20,16899,23,MCH1,000000000420000208                      AR31006,,,0,,0,0,0,,,0,
20,16900,23,MCH1,000000000420000208                      AR31108,,,0,,0,0,0,,,0,
20,16901,23,MCH1,000000000420000208                      AR31110,,,0,,0,0,0,,,0,
20,16902,23,MCH1,000000000420000208                      AR31111,,,0,,0,0,0,,,0,
20,16903,23,MCH1,000000000420000208                      CU40101,,,0,,0,0,0,,,0,
20,16904,23,MCH1,000000000420000208                      CU40102,,,0,,0,0,0,,,0,
20,16905,23,MCH1,000000000420000208                      CU40103,,,0,,0,0,0,,,0,
20,16906,23,MCH1,000000000420000208                      CU40204,,,0,,0,0,0,,,0,
20,16907,23,MCH1,000000000420000208                      CU40205,,,0,,0,0,0,,,0,
20,16908,23,MCH1,000000000420000208                      CU40206,,,0,,0,0,0,,,0,
20,16909,23,MCH1,000000000420000208                      CU40307,,,0,,0,0,0,,,0,
20,16910,23,MCH1,000000000420000208                      CU40308,,,0,,0,0,0,,,0,
20,16911,23,MCH1,000000000420000208                      CU40309,,,0,,0,0,0,,,0,
20,16912,23,MCH1,000000000420000208                      CU40310,,,0,,0,0,0,,,0,
20,16913,23,MCH1,000000000420000208                      CU40411,,,0,,0,0,0,,,0,
20,16914,23,MCH1,000000000420000208                      CU40412,,,0,,0,0,0,,,0,
20,16915,23,MCH1,000000000420000208                      CU40413,,,0,,0,0,0,,,0,
20,16916,23,MCH1,000000000420000208                      CU40414,,,0,,0,0,0,,,0,
20,16917,23,MCH1,000000000420000208                      EP21101,,,0,,0,0,0,,,0,
20,16918,23,MCH1,000000000420000208                      EP21202,,,0,,0,0,0,,,0,
20,16919,23,MCH1,000000000420000208                      EP30101,,,0,,0,0,0,,,0,
20,16920,23,MCH1,000000000420000208                      EP30202,,,0,,0,0,0,,,0,
20,16921,23,MCH1,000000000420000208                      EP30203,,,0,,0,0,0,,,0,
20,16922,23,MCH1,000000000420000208                      EP30505,,,0,,0,0,0,,,0,
20,16923,23,MCH1,000000000420000171                      EN21101,,,0,,0,0,0,,,0,
20,16924,23,MCH1,000000000420000171                      EN30301,,,0,,0,0,0,,,0,
20,16925,23,MCH1,000000000420000171                      EN30502,,,0,,0,0,0,,,0,
20,16926,23,MCH1,000000000420000171                      EN30503,,,0,,0,0,0,,,0,
20,16927,23,MCH1,000000000420000171                      OM30601,,,0,,0,0,0,,,0,
20,16928,23,MCH1,000000000420000171                      OM30702,,,0,,0,0,0,,,0,
20,16929,23,MCH1,000000000420000171                      OM40101,,,0,,0,0,0,,,0,
20,16930,23,MCH1,000000000420000171                      OM40202,,,0,,0,0,0,,,0,
20,16931,23,MCH1,000000000420000171                      OM40203,,,0,,0,0,0,,,0,
20,16932,23,MCH1,000000000420000171                      OM40304,,,0,,0,0,0,,,0,
20,16933,23,MCH1,000000000420000171                      OM40305,,,0,,0,0,0,,,0,
20,16934,23,MCH1,000000000420000171                      OM40507,,,0,,0,0,0,,,0,
20,16935,23,MCH1,000000000420000171                      OM40508,,,0,,0,0,0,,,0,
20,16936,23,MCH1,000000000420000209                      CU31201,,,0,,0,0,0,,,0,
20,16937,23,MCH1,000000000420000209                      CU31202,,,0,,0,0,0,,,0,
20,16938,23,MCH1,000000000420000209                      CU40201,,,0,,0,0,0,,,0,
20,16939,23,MCH1,000000000420000209                      CU40202,,,0,,0,0,0,,,0,
20,16940,23,MCH1,000000000420000209                      CU40303,,,0,,0,0,0,,,0,
20,16941,23,MCH1,000000000420000209                      CU40404,,,0,,0,0,0,,,0,
20,16942,23,MCH1,000000000420000209                      CU40405,,,0,,0,0,0,,,0,
20,16943,23,MCH1,000000000420000209                      CU40406,,,0,,0,0,0,,,0,
20,16944,23,MCH1,000000000420000209                      CU40507,,,0,,0,0,0,,,0,
20,16945,23,MCH1,000000000420000209                      CU40508,,,0,,0,0,0,,,0,
20,16946,23,MCH1,000000000420000209                      EP21101,,,0,,0,0,0,,,0,
20,16947,23,MCH1,000000000420000209                      EP30101,,,0,,0,0,0,,,0,
20,16948,23,MCH1,000000000420000209                      EP30202,,,0,,0,0,0,,,0,
20,16949,23,MCH1,000000000420000209                      EP30203,,,0,,0,0,0,,,0,
20,16950,23,MCH1,000000000420000209                      EP30504,,,0,,0,0,0,,,0,
20,16951,23,MCH1,000000000420000209                      EP31005,,,0,,0,0,0,,,0,
20,16952,23,MCH1,000000000420000241                      MEU0201,,,0,,0,0,0,,,0,
20,16953,23,MCH1,000000000420000241                      MEU0301,,,0,,0,0,0,,,0,
20,16954,23,MCH1,000000000420000241                      MEU0302,,,0,,0,0,0,,,0,
20,16955,23,MCH1,000000000420000241                      MEU0303,,,0,,0,0,0,,,0,
20,16956,23,MCH1,000000000420000241                      MEU0304,,,0,,0,0,0,,,0,
20,16957,23,MCH1,000000000420000241                      MEU0305,,,0,,0,0,0,,,0,
20,16958,23,MCH1,000000000420000241                      MEU0306,,,0,,0,0,0,,,0,
20,16959,23,MCH1,000000000420000241                      MEU0307,,,0,,0,0,0,,,0,
20,16960,23,MCH1,000000000420000241                      MEU0308,,,0,,0,0,0,,,0,
20,16961,23,MCH1,000000000420000241                      MEU0309,,,0,,0,0,0,,,0,
20,16962,23,MCH1,000000000420000241                      MEU0310,,,0,,0,0,0,,,0,
20,16963,23,MCH1,000000000420000241                      MEU0311,,,0,,0,0,0,,,0,
20,16964,23,MCH1,000000000420000241                      MEU0312,,,0,,0,0,0,,,0,
20,16965,23,MCH1,000000000420000040                      CAI021,,,0,,0,0,0,,,0,
20,16966,23,MCH1,000000000420000040                      CAI022,,,0,,0,0,0,,,0,
20,16967,23,MCH1,000000000420000040                      JAI0301,,,0,,0,0,0,,,0,
20,16968,23,MCH1,000000000420000040                      JAI0401,,,0,,0,0,0,,,0,
20,16969,23,MCH1,000000000420000490                      NPP0201,,,0,,0,0,0,,,0,
20,16970,23,MCH1,000000000420000490                      NPP0301,,,0,,0,0,0,,,0,
20,16971,23,MCH1,000000000420000490                      NPP0302,,,0,,0,0,0,,,0,
20,16972,23,MCH1,000000000420000490                      NPP0303,,,0,,0,0,0,,,0,
20,16973,23,MCH1,000000000420000490                      NPP0304,,,0,,0,0,0,,,0,
20,16974,23,MCH1,000000000420000490                      NPP0305,,,0,,0,0,0,,,0,
20,16975,23,MCH1,000000000420000490                      NPP0306,,,0,,0,0,0,,,0,
20,16976,23,MCH1,000000000420000490                      NPP0307,,,0,,0,0,0,,,0,
20,16977,23,MCH1,000000000420000490                      NPP0308,,,0,,0,0,0,,,0,
20,16978,23,MCH1,000000000420000490                      NPP0309,,,0,,0,0,0,,,0,
20,16979,23,MCH1,000000000420000490                      NPP0310,,,0,,0,0,0,,,0,
20,16980,23,MCH1,000000000420000490                      NPP0310A,,,0,,0,0,0,,,0,
20,16981,23,MCH1,000000000420000490                      NPP0311,,,0,,0,0,0,,,0,
20,16982,23,MCH1,000000000420000490                      NPP0311A,,,0,,0,0,0,,,0,
20,16983,23,MCH1,000000000420000490                      NPP0312,,,0,,0,0,0,,,0,
20,17380,23,MCH1,000000000420000521                      MZC0406,,,0,,0,0,0,,,0,
20,17381,23,MCH1,000000000420000521                      MZC0408,,,0,,0,0,0,,,0,
20,17382,23,MCH1,000000000420000521                      MZC0409,,,0,,0,0,0,,,0,
20,17383,23,MCH1,000000000420000045                      LAPS0401,,,0,,0,0,0,,,0,
20,17384,23,MCH1,000000000420000045                      LAPS0402,,,0,,0,0,0,,,0,
20,17385,23,MCH1,000000000420000045                      LAPS0403,,,0,,0,0,0,,,0,
20,17386,23,MCH1,000000000420000045                      LAPS0404,,,0,,0,0,0,,,0,
20,17387,23,MCH1,000000000420000294                      IUL0401,,,0,,0,0,0,,,0,
20,17388,23,MCH1,000000000420000294                      IUL0402,,,0,,0,0,0,,,0,
20,17389,23,MCH1,000000000420000294                      IUL0403,,,0,,0,0,0,,,0,
20,17390,23,MCH1,000000000420000294                      IUL0404,,,0,,0,0,0,,,0,
20,17391,23,MCH1,000000000420000294                      IUL0405,,,0,,0,0,0,,,0,
20,17392,23,MCH1,000000000420000294                      IUL0406,,,0,,0,0,0,,,0,
20,17393,23,MCH1,000000000420000294                      IUL0407,,,0,,0,0,0,,,0,
20,17394,23,MCH1,000000000420000294                      IUL0408,,,0,,0,0,0,,,0,
20,17395,23,MCH1,000000000420000295                      IUM0401,,,0,,0,0,0,,,0,
20,17396,23,MCH1,000000000420000295                      IUM0402,,,0,,0,0,0,,,0,
20,17397,23,MCH1,000000000420000295                      IUM0403,,,0,,0,0,0,,,0,
20,17398,23,MCH1,000000000420000295                      IUM0404,,,0,,0,0,0,,,0,
20,17399,23,MCH1,000000000420000295                      IUM0405,,,0,,0,0,0,,,0,
20,17400,23,MCH1,000000000420000295                      IUM0406,,,0,,0,0,0,,,0,
20,17401,23,MCH1,000000000420000295                      IUM0407,,,0,,0,0,0,,,0,
20,17402,23,MCH1,000000000420000295                      IUM0408,,,0,,0,0,0,,,0,
20,17403,23,MCH1,000000000420000277                      JCFT0402,,,0,,0,0,0,,,0,
20,17404,23,MCH1,000000000420000277                      JCFT0403,,,0,,0,0,0,,,0,
20,17405,23,MCH1,000000000420000277                      JCFT0404,,,0,,0,0,0,,,0,
20,17406,23,MCH1,000000000420000277                      JCFT0405,,,0,,0,0,0,,,0,
20,17407,23,MCH1,000000000420000277                      JCFT0406,,,0,,0,0,0,,,0,
20,17408,23,MCH1,000000000420000277                      JCFT0407,,,0,,0,0,0,,,0,
20,17409,23,MCH1,000000000420000277                      JCFT0408,,,0,,0,0,0,,,0,
20,17410,23,MCH1,000000000420000277                      JCFT0409,,,0,,0,0,0,,,0,
20,17411,23,MCH1,000000000420000277                      JCFT0410,,,0,,0,0,0,,,0,
20,17412,23,MCH1,000000000420000277                      JCFT0412,,,0,,0,0,0,,,0,
20,17413,23,MCH1,000000000420000277                      JCFT0413,,,0,,0,0,0,,,0,
20,17414,23,MCH1,000000000420000277                      JCFT0414,,,0,,0,0,0,,,0,
20,17415,23,MCH1,000000000420000296                      IUH0401,,,0,,0,0,0,,,0,
20,17416,23,MCH1,000000000420000296                      IUH0402,,,0,,0,0,0,,,0,
20,17417,23,MCH1,000000000420000296                      IUH0403,,,0,,0,0,0,,,0,
20,17418,23,MCH1,000000000420000297                      IUTH0401,,,0,,0,0,0,,,0,
20,17419,23,MCH1,000000000420000297                      IUTH0402,,,0,,0,0,0,,,0,
20,17420,23,MCH1,000000000420000297                      IUTH0403,,,0,,0,0,0,,,0,
20,17421,23,MCH1,000000000420000297                      IUTH0404,,,0,,0,0,0,,,0,
20,17422,23,MCH1,000000000420000297                      IUTH0405,,,0,,0,0,0,,,0,
20,17423,23,MCH1,000000000420000044                      JTPD0401,,,0,,0,0,0,,,0,
20,17424,23,MCH1,000000000420000044                      JTPD0402,,,0,,0,0,0,,,0,
20,17425,23,MCH1,000000000420000044                      JTPD0403,,,0,,0,0,0,,,0,
20,17426,23,MCH1,000000000420000044                      JTPD0404,,,0,,0,0,0,,,0,
20,17427,23,MCH1,000000000420000287                      INLL0401,,,0,,0,0,0,,,0,
20,17428,23,MCH1,000000000420000287                      INLL0402,,,0,,0,0,0,,,0,
20,17429,23,MCH1,000000000420000287                      INLL0403,,,0,,0,0,0,,,0,
20,17430,23,MCH1,000000000420000287                      INLL0404,,,0,,0,0,0,,,0,
20,17431,23,MCH1,000000000420000287                      INLL0405,,,0,,0,0,0,,,0,
20,17432,23,MCH1,000000000420000286                      INLM0401,,,0,,0,0,0,,,0,
20,17433,23,MCH1,000000000420000286                      INLM0402,,,0,,0,0,0,,,0,
20,17434,23,MCH1,000000000420000286                      INLM0403,,,0,,0,0,0,,,0,
20,17435,23,MCH1,000000000420000258                      JRL0401,,,0,,0,0,0,,,0,
20,17436,23,MCH1,000000000420000258                      JRL0402,,,0,,0,0,0,,,0,
20,17437,23,MCH1,000000000420000258                      JRL0403,,,0,,0,0,0,,,0,
20,17438,23,MCH1,000000000420000258                      JRL0404,,,0,,0,0,0,,,0,
20,17439,23,MCH1,000000000420000258                      JRL0405,,,0,,0,0,0,,,0,
20,17440,23,MCH1,000000000420000258                      JRL0406,,,0,,0,0,0,,,0,
20,17441,23,MCH1,000000000420000258                      JRL0407,,,0,,0,0,0,,,0,
20,17442,23,MCH1,000000000420000258                      JRL0408,,,0,,0,0,0,,,0,
20,17443,23,MCH1,000000000420000259                      JRM0401,,,0,,0,0,0,,,0,
20,17444,23,MCH1,000000000420000259                      JRM0402,,,0,,0,0,0,,,0,
20,17445,23,MCH1,000000000420000348                      SRI0401,,,0,,0,0,0,,,0,
20,17446,23,MCH1,000000000420000239                      MEFP0401,,,0,,0,0,0,,,0,
20,17447,23,MCH1,000000000420000239                      MEFP0402,,,0,,0,0,0,,,0,
20,17448,23,MCH1,000000000420000239                      MEFP0403,,,0,,0,0,0,,,0,
20,17449,23,MCH1,000000000420000239                      MEFP0404,,,0,,0,0,0,,,0,
20,17450,23,MCH1,000000000420000239                      MEFP0405,,,0,,0,0,0,,,0,
20,17451,23,MCH1,000000000420000239                      MEFP0406,,,0,,0,0,0,,,0,
20,17452,23,MCH1,000000000420000239                      MEFP0407,,,0,,0,0,0,,,0,
20,17453,23,MCH1,000000000420000239                      MEFP0408,,,0,,0,0,0,,,0,
20,17454,23,MCH1,000000000420000239                      MEFP0409,,,0,,0,0,0,,,0,
20,17455,23,MCH1,000000000420000239                      MEFP0410,,,0,,0,0,0,,,0,
20,17456,23,MCH1,000000000420000434                      ICN0401,,,0,,0,0,0,,,0,
20,17457,23,MCH1,000000000420000434                      ICN0402,,,0,,0,0,0,,,0,
20,17458,23,MCH1,000000000420000434                      ICN0403,,,0,,0,0,0,,,0,
20,17459,23,MCH1,000000000420000434                      ICN0404,,,0,,0,0,0,,,0,
20,17460,23,MCH1,000000000420000434                      ICN0405,,,0,,0,0,0,,,0,
20,17461,23,MCH1,000000000420000434                      ICN0406,,,0,,0,0,0,,,0,
20,17462,23,MCH1,000000000420000252                      IFN04304,,,0,,0,0,0,,,0,
20,17463,23,MCH1,000000000420000249                      UHI0401,,,0,,0,0,0,,,0,
20,17464,23,MCH1,000000000420000249                      UHI0403,,,0,,0,0,0,,,0,
20,17465,23,MCH1,000000000420000345                      JRHL0401,,,0,,0,0,0,,,0,
20,17466,23,MCH1,000000000420000345                      JRHL0402,,,0,,0,0,0,,,0,
20,17467,23,MCH1,000000000420000013                      BPM0401,,,0,,0,0,0,,,0,
20,17468,23,MCH1,000000000420000013                      BPM0402,,,0,,0,0,0,,,0,
20,17469,23,MCH1,000000000420000013                      BPM0403,,,0,,0,0,0,,,0,
20,17470,23,MCH1,000000000420000013                      BPM0404,,,0,,0,0,0,,,0,
20,17471,23,MCH1,000000000420000014                      BPH0401,,,0,,0,0,0,,,0,
20,17472,23,MCH1,000000000420000014                      BPH0402,,,0,,0,0,0,,,0,
20,17473,23,MCH1,000000000420000014                      BPH0403,,,0,,0,0,0,,,0,
20,17474,23,MCH1,000000000420000014                      BPH0404,,,0,,0,0,0,,,0,
20,17475,23,MCH1,000000000420000298                      LNSA0401,,,0,,0,0,0,,,0,
20,17476,23,MCH1,000000000420000298                      LNSA0402,,,0,,0,0,0,,,0,
20,17477,23,MCH1,000000000420000298                      LNSA0403,,,0,,0,0,0,,,0,
20,17478,23,MCH1,000000000420000266                      EM02-04,,,0,,0,0,0,,,0,
20,17870,23,MCH1,000000000420030030                      KD31144,,,0,,0,0,0,,,0,
20,17871,23,MCH1,000000000420030030                      KD31145,,,0,,0,0,0,,,0,
20,17872,23,MCH1,000000000420030030                      KD31146,,,0,,0,0,0,,,0,
20,17873,23,MCH1,000000000420030030                      KD31247,,,0,,0,0,0,,,0,
20,17874,23,MCH1,000000000420030030                      KD31248,,,0,,0,0,0,,,0,
20,17875,23,MCH1,000000000420030030                      KD31249,,,0,,0,0,0,,,0,
20,17876,23,MCH1,000000000420030030                      KD31250,,,0,,0,0,0,,,0,
20,17877,23,MCH1,000000000420030030                      KD40101,,,0,,0,0,0,,,0,
20,17878,23,MCH1,000000000420030030                      KD40102,,,0,,0,0,0,,,0,
20,17879,23,MCH1,000000000420030030                      KD40103,,,0,,0,0,0,,,0,
20,17880,23,MCH1,000000000420030030                      KD40104,,,0,,0,0,0,,,0,
20,17881,23,MCH1,000000000420030030                      KD40206,,,0,,0,0,0,,,0,
20,17882,23,MCH1,000000000420030030                      KD40207,,,0,,0,0,0,,,0,
20,17883,23,MCH1,000000000420030030                      KD40208,,,0,,0,0,0,,,0,
20,17884,23,MCH1,000000000420030030                      KD40209,,,0,,0,0,0,,,0,
20,17885,23,MCH1,000000000420030030                      KD40310,,,0,,0,0,0,,,0,
20,17886,23,MCH1,000000000420030030                      KD40311,,,0,,0,0,0,,,0,
20,17887,23,MCH1,000000000420030030                      KD40312,,,0,,0,0,0,,,0,
20,17888,23,MCH1,000000000420030030                      KD40313,,,0,,0,0,0,,,0,
20,17889,23,MCH1,000000000420030030                      KD40416,,,0,,0,0,0,,,0,
20,17890,23,MCH1,000000000420030030                      KD40417,,,0,,0,0,0,,,0,
20,17891,23,MCH1,000000000420030030                      KD40418,,,0,,0,0,0,,,0,
20,17892,23,MCH1,000000000420030030                      KD40419,,,0,,0,0,0,,,0,
20,17893,23,MCH1,000000000420030030                      KD40520,,,0,,0,0,0,,,0,
20,17894,23,MCH1,000000000420030030                      KD40521,,,0,,0,0,0,,,0,
20,17895,23,MCH1,000000000420030030                      KD40522,,,0,,0,0,0,,,0,
20,17896,23,MCH1,000000000420030030                      KD40523,,,0,,0,0,0,,,0,
20,17897,23,MCH1,000000000420030030                      KD40524,,,0,,0,0,0,,,0,
20,17898,23,MCH1,000000000420030030                      KD40625,,,0,,0,0,0,,,0,
20,17899,23,MCH1,000000000420030030                      KD40626,,,0,,0,0,0,,,0,
20,17900,23,MCH1,000000000420030030                      KD40627,,,0,,0,0,0,,,0,
20,17901,23,MCH1,000000000420030030                      KD40628,,,0,,0,0,0,,,0,
20,17902,23,MCH1,000000000420030030                      KD40629,,,0,,0,0,0,,,0,
20,17903,23,MCH1,000000000420030030                      KD40730,,,0,,0,0,0,,,0,
20,17904,23,MCH1,000000000420030030                      KD40732,,,0,,0,0,0,,,0,
20,17905,23,MCH1,000000000420030030                      KD40733,,,0,,0,0,0,,,0,
20,17906,23,MCH1,000000000420030030                      KD40734,,,0,,0,0,0,,,0,
20,17907,23,MCH1,000000000420030030                      KD40735,,,0,,0,0,0,,,0,
20,17908,23,MCH1,000000000420030030                      KD40736,,,0,,0,0,0,,,0,
20,17909,23,MCH1,000000000420030030                      KD40737,,,0,,0,0,0,,,0,
20,17910,23,MCH1,000000000420030030                      KD40738,,,0,,0,0,0,,,0,
20,17911,23,MCH1,000000000420030030                      KD40739,,,0,,0,0,0,,,0,
20,17912,23,MCH1,000000000420030030                      KD40840,,,0,,0,0,0,,,0,
20,17913,23,MCH1,000000000420030031                      KD30704,,,0,,0,0,0,,,0,
20,17914,23,MCH1,000000000420030031                      KD30805,,,0,,0,0,0,,,0,
20,17915,23,MCH1,000000000420030031                      KD30906,,,0,,0,0,0,,,0,
20,17916,23,MCH1,000000000420030031                      KD31107,,,0,,0,0,0,,,0,
20,17917,23,MCH1,000000000420030031                      KD40101,,,0,,0,0,0,,,0,
20,17918,23,MCH1,000000000420030031                      KD40202,,,0,,0,0,0,,,0,
20,17919,23,MCH1,000000000420030031                      KD40303,,,0,,0,0,0,,,0,
20,17920,23,MCH1,000000000420030031                      KD40404,,,0,,0,0,0,,,0,
20,17921,23,MCH1,000000000420030031                      KD40405,,,0,,0,0,0,,,0,
20,17922,23,MCH1,000000000420030031                      KD40606,,,0,,0,0,0,,,0,
20,17923,23,MCH1,000000000420030031                      KD40707,,,0,,0,0,0,,,0,
20,17924,23,MCH1,000000000420030031                      KD40708,,,0,,0,0,0,,,0,
20,17925,23,MCH1,000000000420030032                      KD30803,,,0,,0,0,0,,,0,
20,17926,23,MCH1,000000000420030032                      KD30904,,,0,,0,0,0,,,0,
20,17927,23,MCH1,000000000420030032                      KD31205,,,0,,0,0,0,,,0,
20,17928,23,MCH1,000000000420030032                      KD40301,,,0,,0,0,0,,,0,
20,17929,23,MCH1,000000000420030032                      KD40502,,,0,,0,0,0,,,0,
20,17930,23,MCH1,000000000420030032                      KD40803,,,0,,0,0,0,,,0,
20,17931,23,MCH1,000000000420030033                      KD21104,,,0,,0,0,0,,,0,
20,17932,23,MCH1,000000000420030033                      KD21105,,,0,,0,0,0,,,0,
20,17933,23,MCH1,000000000420030033                      KD30606,,,0,,0,0,0,,,0,
20,17934,23,MCH1,000000000420030033                      KD30708,,,0,,0,0,0,,,0,
20,17935,23,MCH1,000000000420030033                      KD30709,,,0,,0,0,0,,,0,
20,17936,23,MCH1,000000000420030033                      KD30710,,,0,,0,0,0,,,0,
20,17937,23,MCH1,000000000420030033                      KD30812,,,0,,0,0,0,,,0,
20,17938,23,MCH1,000000000420030033                      KD30813,,,0,,0,0,0,,,0,
20,17939,23,MCH1,000000000420030033                      KD30814,,,0,,0,0,0,,,0,
20,17940,23,MCH1,000000000420030033                      KD31015,,,0,,0,0,0,,,0,
20,17941,23,MCH1,000000000420030033                      KD31116,,,0,,0,0,0,,,0,
20,17942,23,MCH1,000000000420030033                      KD31117,,,0,,0,0,0,,,0,
20,17943,23,MCH1,000000000420030033                      KD40201,,,0,,0,0,0,,,0,
20,17944,23,MCH1,000000000420030033                      KD40202,,,0,,0,0,0,,,0,
20,17945,23,MCH1,000000000420030033                      KD40303,,,0,,0,0,0,,,0,
20,17946,23,MCH1,000000000420030033                      KD40304,,,0,,0,0,0,,,0,
20,17947,23,MCH1,000000000420030033                      KD40406,,,0,,0,0,0,,,0,
20,17948,23,MCH1,000000000420030033                      KD40407,,,0,,0,0,0,,,0,
20,17949,23,MCH1,000000000420030033                      KD40409,,,0,,0,0,0,,,0,
20,17950,23,MCH1,000000000420030033                      KD40410,,,0,,0,0,0,,,0,
20,17951,23,MCH1,000000000420030033                      KD40411,,,0,,0,0,0,,,0,
20,17952,23,MCH1,000000000420030033                      KD40612,,,0,,0,0,0,,,0,
20,17953,23,MCH1,000000000420030033                      KD40613,,,0,,0,0,0,,,0,
20,17954,23,MCH1,000000000420030033                      KD40614,,,0,,0,0,0,,,0,
20,17955,23,MCH1,000000000420030033                      KD40615,,,0,,0,0,0,,,0,
20,17956,23,MCH1,000000000420030033                      KD40616,,,0,,0,0,0,,,0,
20,17957,23,MCH1,000000000420030034                      KD21002,,,0,,0,0,0,,,0,
20,17958,23,MCH1,000000000420030034                      KD30706,,,0,,0,0,0,,,0,
20,17959,23,MCH1,000000000420030034                      KD30705,,,0,,0,0,0,,,0,
20,17960,23,MCH1,000000000420030034                      KD30707,,,0,,0,0,0,,,0,
20,17961,23,MCH1,000000000420030034                      KD30807,,,0,,0,0,0,,,0,
20,17962,23,MCH1,000000000420030034                      KD30808,,,0,,0,0,0,,,0,
20,17963,23,MCH1,000000000420030034                      KD30809,,,0,,0,0,0,,,0,
20,17964,23,MCH1,000000000420030034                      KD30910,,,0,,0,0,0,,,0,
20,17965,23,MCH1,000000000420030034                      KD31111,,,0,,0,0,0,,,0,
20,17966,23,MCH1,000000000420030034                      KD40301,,,0,,0,0,0,,,0,
20,17967,23,MCH1,000000000420030034                      KD40402,,,0,,0,0,0,,,0,
20,17968,23,MCH1,000000000420030034                      KD40404,,,0,,0,0,0,,,0,
20,18266,23,MCH1,000000000420030009                      MM31232,,,0,,0,0,0,,,0,
20,18267,23,MCH1,000000000420030009                      MM31233,,,0,,0,0,0,,,0,
20,18268,23,MCH1,000000000420030009                      MM31234,,,0,,0,0,0,,,0,
20,18269,23,MCH1,000000000420030009                      MM31236,,,0,,0,0,0,,,0,
20,18270,23,MCH1,000000000420030009                      MM31237,,,0,,0,0,0,,,0,
20,18271,23,MCH1,000000000420030009                      MM40102,,,0,,0,0,0,,,0,
20,18272,23,MCH1,000000000420030009                      MM40103,,,0,,0,0,0,,,0,
20,18273,23,MCH1,000000000420030009                      MM40104,,,0,,0,0,0,,,0,
20,18274,23,MCH1,000000000420030009                      MM40105,,,0,,0,0,0,,,0,
20,18275,23,MCH1,000000000420030009                      MM40106,,,0,,0,0,0,,,0,
20,18276,23,MCH1,000000000420030009                      MM40107,,,0,,0,0,0,,,0,
20,18277,23,MCH1,000000000420030009                      MM40108,,,0,,0,0,0,,,0,
20,18278,23,MCH1,000000000420030009                      MM40209,,,0,,0,0,0,,,0,
20,18279,23,MCH1,000000000420030009                      MM40210,,,0,,0,0,0,,,0,
20,18280,23,MCH1,000000000420030009                      MM40211,,,0,,0,0,0,,,0,
20,18281,23,MCH1,000000000420030009                      MM40212,,,0,,0,0,0,,,0,
20,18282,23,MCH1,000000000420030009                      MM40213,,,0,,0,0,0,,,0,
20,18283,23,MCH1,000000000420030009                      MM40214,,,0,,0,0,0,,,0,
20,18284,23,MCH1,000000000420030009                      MM40215,,,0,,0,0,0,,,0,
20,18285,23,MCH1,000000000420030009                      MM40216,,,0,,0,0,0,,,0,
20,18286,23,MCH1,000000000420030009                      MM40218,,,0,,0,0,0,,,0,
20,18287,23,MCH1,000000000420030009                      MM40219,,,0,,0,0,0,,,0,
20,18288,23,MCH1,000000000420030009                      MM40220,,,0,,0,0,0,,,0,
20,18289,23,MCH1,000000000420030009                      MM40221,,,0,,0,0,0,,,0,
20,18290,23,MCH1,000000000420030009                      MM40222,,,0,,0,0,0,,,0,
20,18291,23,MCH1,000000000420030009                      MM40223,,,0,,0,0,0,,,0,
20,18292,23,MCH1,000000000420030009                      MM40224,,,0,,0,0,0,,,0,
20,18293,23,MCH1,000000000420030009                      MM40225,,,0,,0,0,0,,,0,
20,18294,23,MCH1,000000000420030009                      MM40226,,,0,,0,0,0,,,0,
20,18295,23,MCH1,000000000420030009                      MM40227,,,0,,0,0,0,,,0,
20,18296,23,MCH1,000000000420030009                      MM40429,,,0,,0,0,0,,,0,
20,18297,23,MCH1,000000000420030009                      MM40430,,,0,,0,0,0,,,0,
20,18298,23,MCH1,000000000420030009                      MM40431,,,0,,0,0,0,,,0,
20,18299,23,MCH1,000000000420030009                      MM40432,,,0,,0,0,0,,,0,
20,18300,23,MCH1,000000000420030009                      MM40433,,,0,,0,0,0,,,0,
20,18301,23,MCH1,000000000420030009                      MM40434,,,0,,0,0,0,,,0,
20,18302,23,MCH1,000000000420030009                      MM40435,,,0,,0,0,0,,,0,
20,18303,23,MCH1,000000000420030009                      MM40436,,,0,,0,0,0,,,0,
20,18304,23,MCH1,000000000420030009                      MM40437,,,0,,0,0,0,,,0,
20,18305,23,MCH1,000000000420030009                      MM40540,,,0,,0,0,0,,,0,
20,18306,23,MCH1,000000000420030009                      MM40541,,,0,,0,0,0,,,0,
20,18307,23,MCH1,000000000420030009                      MM40542,,,0,,0,0,0,,,0,
20,18308,23,MCH1,000000000420030009                      MM40543,,,0,,0,0,0,,,0,
20,18309,23,MCH1,000000000420030009                      MM40544,,,0,,0,0,0,,,0,
20,18310,23,MCH1,000000000420030009                      MM40545,,,0,,0,0,0,,,0,
20,18311,23,MCH1,000000000420030009                      MM40546,,,0,,0,0,0,,,0,
20,18312,23,MCH1,000000000420030009                      MM40547,,,0,,0,0,0,,,0,
20,18313,23,MCH1,000000000420030009                      MM40748,,,0,,0,0,0,,,0,
20,18314,23,MCH1,000000000420030009                      MM40749,,,0,,0,0,0,,,0,
20,18315,23,MCH1,000000000420030036                      MX40101,,,0,,0,0,0,,,0,
20,18316,23,MCH1,000000000420030036                      MX40302,,,0,,0,0,0,,,0,
20,18317,23,MCH1,000000000420030036                      MX40603,,,0,,0,0,0,,,0,
20,18318,23,MCH1,000000000420030036                      MX40704,,,0,,0,0,0,,,0,
20,18319,23,MCH1,000000000420030037                      MX40101,,,0,,0,0,0,,,0,
20,18320,23,MCH1,000000000420030037                      MX40302,,,0,,0,0,0,,,0,
20,18321,23,MCH1,000000000420030037                      MX40403,,,0,,0,0,0,,,0,
20,18322,23,MCH1,000000000420030037                      MX40704,,,0,,0,0,0,,,0,
20,18323,23,MCH1,000000000420030004                      OAC0308,,,0,,0,0,0,,,0,
20,18324,23,MCH1,000000000420030004                      OAC0309,,,0,,0,0,0,,,0,
20,18325,23,MCH1,000000000420030004                      OAC0310,,,0,,0,0,0,,,0,
20,18326,23,MCH1,000000000420030004                      OAC0311,,,0,,0,0,0,,,0,
20,18327,23,MCH1,000000000420030004                      OAC0312,,,0,,0,0,0,,,0,
20,18328,23,MCH1,000000000420030004                      OAC0313,,,0,,0,0,0,,,0,
20,18329,23,MCH1,000000000420030004                      OAC0401,,,0,,0,0,0,,,0,
20,18330,23,MCH1,000000000420030004                      OAC0402,,,0,,0,0,0,,,0,
20,18331,23,MCH1,000000000420030004                      OAC0403,,,0,,0,0,0,,,0,
20,18332,23,MCH1,000000000420030004                      OAC0404,,,0,,0,0,0,,,0,
20,18333,23,MCH1,000000000420030004                      OAC0405,,,0,,0,0,0,,,0,
20,18334,23,MCH1,000000000420030004                      OAC0406,,,0,,0,0,0,,,0,
20,18335,23,MCH1,000000000420030004                      OAC0408,,,0,,0,0,0,,,0,
20,18336,23,MCH1,000000000420030004                      OAC0409,,,0,,0,0,0,,,0,
20,18337,23,MCH1,000000000420030004                      OAC0410,,,0,,0,0,0,,,0,
20,18338,23,MCH1,000000000420030004                      OAC0511,,,0,,0,0,0,,,0,
20,18339,23,MCH1,000000000420030004                      OAC0512,,,0,,0,0,0,,,0,
20,18340,23,MCH1,000000000420030004                      OAC0513,,,0,,0,0,0,,,0,
20,18341,23,MCH1,000000000420030004                      OAC0614,,,0,,0,0,0,,,0,
20,18342,23,MCH1,000000000420030004                      OAC0615,,,0,,0,0,0,,,0,
20,18343,23,MCH1,000000000420030004                      OAC0616,,,0,,0,0,0,,,0,
20,18344,23,MCH1,000000000420030004                      OAC0617,,,0,,0,0,0,,,0,
20,18345,23,MCH1,000000000420030004                      OAC0718,,,0,,0,0,0,,,0,
20,18346,23,MCH1,000000000420030004                      OAC0719,,,0,,0,0,0,,,0,
20,18347,23,MCH1,000000000420030005                      OAC0601,,,0,,0,0,0,,,0,
20,18348,23,MCH1,000000000420030005                      OAC0602,,,0,,0,0,0,,,0,
20,18349,23,MCH1,000000000420030005                      OAC0603,,,0,,0,0,0,,,0,
20,18350,23,MCH1,000000000420030020                      0583E,,,0,,0,0,0,,,0,
20,18351,23,MCH1,000000000420030020                      030815,,,0,,0,0,0,,,0,
20,18352,23,MCH1,000000000420030020                      030816,,,0,,0,0,0,,,0,
20,18353,23,MCH1,000000000420030020                      030817,,,0,,0,0,0,,,0,
20,18354,23,MCH1,000000000420030020                      031018,,,0,,0,0,0,,,0,
20,18355,23,MCH1,000000000420030020                      031019,,,0,,0,0,0,,,0,
20,18356,23,MCH1,000000000420030020                      O31122,,,0,,0,0,0,,,0,
20,18357,23,MCH1,000000000420030098                      O0353A,,,0,,0,0,0,,,0,
20,18358,23,MCH1,000000000420030067                      OM40701,,,0,,0,0,0,,,0,
20,18359,23,MCH1,000000000420030102                      OM40401,,,0,,0,0,0,,,0,
20,18360,23,MCH1,000000000420030102                      OM40402,,,0,,0,0,0,,,0,
20,18361,23,MCH1,000000000420030102                      OM40403,,,0,,0,0,0,,,0,
20,18362,23,MCH1,000000000420030102                      OM40404,,,0,,0,0,0,,,0,
20,18363,23,MCH1,000000000420030022                      SM30724,,,0,,0,0,0,,,0,
20,18364,23,MCH1,000000000420030022                      SM30725,,,0,,0,0,0,,,0,
20,18662,23,MCH1,000000000420030068                      V40405,,,0,,0,0,0,,,0,
20,18663,23,MCH1,000000000420030068                      V40607,,,0,,0,0,0,,,0,
20,18664,23,MCH1,000000000420030074                      V40501,,,0,,0,0,0,,,0,
20,18665,23,MCH1,000000000420030074                      V40602,,,0,,0,0,0,,,0,
20,18666,23,MCH1,000000000420030081                      V40401,,,0,,0,0,0,,,0,
20,18667,23,MCH1,000000000420030081                      V40502,,,0,,0,0,0,,,0,
20,18668,23,MCH1,000000000420030081                      V40503,,,0,,0,0,0,,,0,
20,18669,23,MCH1,000000000420030081                      V40504,,,0,,0,0,0,,,0,
20,18670,23,MCH1,000000000420030081                      V40606,,,0,,0,0,0,,,0,
20,18671,23,MCH1,000000000420030081                      V40707,,,0,,0,0,0,,,0,
20,18672,23,MCH1,000000000420030081                      V40808,,,0,,0,0,0,,,0,
20,18673,23,MCH1,000000000420030093                      V30301,,,0,,0,0,0,,,0,
20,18674,23,MCH1,000000000420030093                      V40401,,,0,,0,0,0,,,0,
20,18675,23,MCH1,000000000420030093                      V40702,,,0,,0,0,0,,,0,
20,18676,23,MCH1,000000000420030092                      V40601,,,0,,0,0,0,,,0,
20,18677,23,MCH1,000000000420030092                      V40702,,,0,,0,0,0,,,0,
20,18678,23,MCH1,000000000420030095                      V30603,,,0,,0,0,0,,,0,
20,18679,23,MCH1,000000000420030095                      V31104,,,0,,0,0,0,,,0,
20,18680,23,MCH1,000000000420030095                      V40801,,,0,,0,0,0,,,0,
20,18681,23,MCH1,000000000420030089                      V40601,,,0,,0,0,0,,,0,
20,18682,23,MCH1,000000000420030089                      V40702,,,0,,0,0,0,,,0,
20,18683,23,MCH1,000000000420030091                      V40601,,,0,,0,0,0,,,0,
20,18684,23,MCH1,000000000420030057                      AR30701,,,0,,0,0,0,,,0,
20,18685,23,MCH1,000000000420030057                      AR30702,,,0,,0,0,0,,,0,
20,18686,23,MCH1,000000000420030057                      AR30903,,,0,,0,0,0,,,0,
20,18687,23,MCH1,000000000420030057                      AR31004,,,0,,0,0,0,,,0,
20,18688,23,MCH1,000000000420030057                      AR31005,,,0,,0,0,0,,,0,
20,18689,23,MCH1,000000000420030057                      AR31006,,,0,,0,0,0,,,0,
20,18690,23,MCH1,000000000420030057                      AR31107,,,0,,0,0,0,,,0,
20,18691,23,MCH1,000000000420030057                      AR31108,,,0,,0,0,0,,,0,
20,18692,23,MCH1,000000000420030057                      AR31109,,,0,,0,0,0,,,0,
20,18693,23,MCH1,000000000420030057                      AR31110,,,0,,0,0,0,,,0,
20,18694,23,MCH1,000000000420030057                      AR31111,,,0,,0,0,0,,,0,
20,18695,23,MCH1,000000000420030053                      AR30801,,,0,,0,0,0,,,0,
20,18696,23,MCH1,000000000420030054                      AR30901,,,0,,0,0,0,,,0,
20,18697,23,MCH1,000000000420030054                      AR30902,,,0,,0,0,0,,,0,
20,18698,23,MCH1,000000000420030054                      AR31003,,,0,,0,0,0,,,0,
20,18699,23,MCH1,000000000420030054                      AR31004,,,0,,0,0,0,,,0,
20,18700,23,MCH1,000000000420030054                      AR31105,,,0,,0,0,0,,,0,
20,18701,23,MCH1,000000000420030054                      AR31106,,,0,,0,0,0,,,0,
20,18702,23,MCH1,000000000420030054                      AR31108,,,0,,0,0,0,,,0,
20,18703,23,MCH1,000000000420030054                      AR31109,,,0,,0,0,0,,,0,
20,18704,23,MCH1,000000000420030054                      AR31107,,,0,,0,0,0,,,0,
20,18705,23,MCH1,000000000420030054                      AR31210,,,0,,0,0,0,,,0,
20,18706,23,MCH1,000000000420030054                      AR31211,,,0,,0,0,0,,,0,
20,18707,23,MCH1,000000000420030054                      AR31212,,,0,,0,0,0,,,0,
20,18708,23,MCH1,000000000420030055                      AR31002,,,0,,0,0,0,,,0,
20,18709,23,MCH1,000000000420030055                      AR31103,,,0,,0,0,0,,,0,
20,18710,23,MCH1,000000000420030055                      AR31104,,,0,,0,0,0,,,0,
20,18711,23,MCH1,000000000420030055                      AR31205,,,0,,0,0,0,,,0,
20,18712,23,MCH1,000000000420030055                      AR31206,,,0,,0,0,0,,,0,
20,18713,23,MCH1,000000000420030058                      CU40609,,,0,,0,0,0,,,0,
20,18714,23,MCH1,000000000420030058                      CU40610,,,0,,0,0,0,,,0,
20,18715,23,MCH1,000000000420030058                      CU40611,,,0,,0,0,0,,,0,
20,18716,23,MCH1,000000000420030058                      CU40612,,,0,,0,0,0,,,0,
20,18717,23,MCH1,000000000420030058                      CU40713,,,0,,0,0,0,,,0,
20,18718,23,MCH1,000000000420030058                      CU40714,,,0,,0,0,0,,,0,
20,18719,23,MCH1,000000000420030058                      CU40715,,,0,,0,0,0,,,0,
20,18720,23,MCH1,000000000420030058                      CU40716,,,0,,0,0,0,,,0,
20,18721,23,MCH1,000000000420030066                      SM31201,,,0,,0,0,0,,,0,
20,18722,23,MCH1,000000000420030066                      SM31202,,,0,,0,0,0,,,0,
20,18723,23,MCH1,000000000420030066                      SM40201,,,0,,0,0,0,,,0,
20,18724,23,MCH1,000000000420030066                      SM40303,,,0,,0,0,0,,,0,
20,18725,23,MCH1,000000000420030066                      SM40304,,,0,,0,0,0,,,0,
20,18726,23,MCH1,000000000420030066                      SM40505,,,0,,0,0,0,,,0,
20,18727,23,MCH1,000000000420030066                      SM40506,,,0,,0,0,0,,,0,
20,18728,23,MCH1,000000000420030066                      SM40607,,,0,,0,0,0,,,0,
20,18729,23,MCH1,000000000420030066                      SM40608,,,0,,0,0,0,,,0,
20,18730,23,MCH1,000000000420030066                      SM40609,,,0,,0,0,0,,,0,
20,20136,23,MCH1,000000000420000530                      B30601,,,0,,0,0,0,,,0,
20,20137,23,MCH1,000000000420000560                      NTM0311,,,0,,0,0,0,,,0,
20,20138,23,MCH1,000000000420000561                      NTH0305,,,0,,0,0,0,,,0,
20,20139,23,MCH1,000000000420030114                      XC1062,,,0,,0,0,0,,,0,
20,20140,23,MCH1,000000000420030114                      XC1063,,,0,,0,0,0,,,0,
20,20141,23,MCH1,000000000420030114                      XC1064,,,0,,0,0,0,,,0,
20,20142,23,MCH1,000000000420030114                      XC1065,,,0,,0,0,0,,,0,
20,20143,23,MCH1,000000000420030114                      XC1079,,,0,,0,0,0,,,0,
20,20144,23,MCH1,000000000420030114                      XD1026,,,0,,0,0,0,,,0,
20,20145,23,MCH1,000000000420030114                      XD1027,,,0,,0,0,0,,,0,
20,20146,23,MCH1,000000000420000531                      BEA0201,,,0,,0,0,0,,,0,
20,20147,23,MCH1,000000000420000532                      EP20801,,,0,,0,0,0,,,0,
20,20148,23,MCH1,000000000420000532                      EP20802,,,0,,0,0,0,,,0,
20,20149,23,MCH1,000000000420000532                      EP21203,,,0,,0,0,0,,,0,
20,20150,23,MCH1,000000000420000533                      EP20801,,,0,,0,0,0,,,0,
20,20151,23,MCH1,000000000420000533                      EP21102,,,0,,0,0,0,,,0,
20,20152,23,MCH1,000000000420000534                      EN20901,,,0,,0,0,0,,,0,
20,20153,23,MCH1,000000000420000534                      EN21002,,,0,,0,0,0,,,0,
20,20154,23,MCH1,000000000420030108                      EP20801,,,0,,0,0,0,,,0,
20,20155,23,MCH1,000000000420030108                      EP21102,,,0,,0,0,0,,,0,
20,20156,23,MCH1,000000000420030109                      EN20901,,,0,,0,0,0,,,0,
20,20157,23,MCH1,000000000420000535                      TAS0202,,,0,,0,0,0,,,0,
20,20158,23,MCH1,000000000420000535                      TAS0203,,,0,,0,0,0,,,0,
20,20159,23,MCH1,000000000420000535                      MM30401,,,0,,0,0,0,,,0,
20,20160,23,MCH1,000000000420000535                      MM30402,,,0,,0,0,0,,,0,
20,20161,23,MCH1,000000000420000535                      MM30403,,,0,,0,0,0,,,0,
20,20162,23,MCH1,000000000420000542                      TAL0204,,,0,,0,0,0,,,0,
20,20163,23,MCH1,000000000420000542                      TAL0205,,,0,,0,0,0,,,0,
20,20164,23,MCH1,000000000420000542                      TAL0206,,,0,,0,0,0,,,0,
20,20165,23,MCH1,000000000420000543                      TAH0202,,,0,,0,0,0,,,0,
20,20562,23,MCH1,000000000420000581                      H30602,,,0,,0,0,0,,,0,
20,20563,23,MCH1,000000000420000583                      H21101,,,0,,0,0,0,,,0,
20,20564,23,MCH1,000000000420000583                      H30101,,,0,,0,0,0,,,0,
20,20565,23,MCH1,000000000420000583                      H30102,,,0,,0,0,0,,,0,
20,20566,23,MCH1,000000000420000584                      H21101,,,0,,0,0,0,,,0,
20,20567,23,MCH1,000000000420000584                      H21102,,,0,,0,0,0,,,0,
20,20568,23,MCH1,000000000420000584                      H21203,,,0,,0,0,0,,,0,
20,20569,23,MCH1,000000000420000584                      H21204,,,0,,0,0,0,,,0,
20,20570,23,MCH1,000000000420000584                      H30101,,,0,,0,0,0,,,0,
20,20571,23,MCH1,000000000420000584                      H30302,,,0,,0,0,0,,,0,
20,20572,23,MCH1,000000000420000584                      H30503,,,0,,0,0,0,,,0,
20,20573,23,MCH1,000000000420000584                      H30604,,,0,,0,0,0,,,0,
20,20574,23,MCH1,000000000420000584                      H30605,,,0,,0,0,0,,,0,
20,20575,23,MCH1,000000000420000555                      KD21201,,,0,,0,0,0,,,0,
20,20576,23,MCH1,000000000420000555                      KD21202,,,0,,0,0,0,,,0,
20,20577,23,MCH1,000000000420000555                      KD21203,,,0,,0,0,0,,,0,
20,20578,23,MCH1,000000000420000555                      KD21204,,,0,,0,0,0,,,0,
20,20579,23,MCH1,000000000420000555                      KD21206,,,0,,0,0,0,,,0,
20,20580,23,MCH1,000000000420000555                      KD30101,,,0,,0,0,0,,,0,
20,20581,23,MCH1,000000000420000555                      KD30102,,,0,,0,0,0,,,0,
20,20582,23,MCH1,000000000420000555                      KD30103,,,0,,0,0,0,,,0,
20,20583,23,MCH1,000000000420000555                      KD30104,,,0,,0,0,0,,,0,
20,20584,23,MCH1,000000000420000555                      KD30105,,,0,,0,0,0,,,0,
20,20585,23,MCH1,000000000420000555                      KD30206,,,0,,0,0,0,,,0,
20,20586,23,MCH1,000000000420000555                      KD30207,,,0,,0,0,0,,,0,
20,20587,23,MCH1,000000000420000555                      KD30208,,,0,,0,0,0,,,0,
20,20588,23,MCH1,000000000420000555                      KD30309,,,0,,0,0,0,,,0,
20,20589,23,MCH1,000000000420000555                      KD30410,,,0,,0,0,0,,,0,
20,20590,23,MCH1,000000000420000555                      KD30411,,,0,,0,0,0,,,0,
20,20591,23,MCH1,000000000420000555                      KD30512,,,0,,0,0,0,,,0,
20,20592,23,MCH1,000000000420000555                      KD30513,,,0,,0,0,0,,,0,
20,20593,23,MCH1,000000000420000555                      KD30514,,,0,,0,0,0,,,0,
20,20594,23,MCH1,000000000420000555                      KD30515,,,0,,0,0,0,,,0,
20,20595,23,MCH1,000000000420000555                      KD30516,,,0,,0,0,0,,,0,
20,20596,23,MCH1,000000000420000555                      KD30517,,,0,,0,0,0,,,0,
20,20597,23,MCH1,000000000420000555                      KD30518,,,0,,0,0,0,,,0,
20,20598,23,MCH1,000000000420000555                      KD30619,,,0,,0,0,0,,,0,
20,20599,23,MCH1,000000000420000555                      KD30620,,,0,,0,0,0,,,0,
20,20600,23,MCH1,000000000420000555                      KD30621,,,0,,0,0,0,,,0,
20,20601,23,MCH1,000000000420000555                      KD30622,,,0,,0,0,0,,,0,
20,20602,23,MCH1,000000000420000555                      KD30727,,,0,,0,0,0,,,0,
20,20603,23,MCH1,000000000420000556                      KD21001,,,0,,0,0,0,,,0,
20,20604,23,MCH1,000000000420000556                      KD21002,,,0,,0,0,0,,,0,
20,20605,23,MCH1,000000000420000556                      KD21203,,,0,,0,0,0,,,0,
20,20606,23,MCH1,000000000420000556                      KD30101,,,0,,0,0,0,,,0,
20,20607,23,MCH1,000000000420000556                      KD30202,,,0,,0,0,0,,,0,
20,20608,23,MCH1,000000000420000556                      KD30603,,,0,,0,0,0,,,0,
20,20609,23,MCH1,000000000420000557                      KD30602,,,0,,0,0,0,,,0,
20,20610,23,MCH1,000000000420000558                      KD21001,,,0,,0,0,0,,,0,
20,20611,23,MCH1,000000000420000558                      KD21002,,,0,,0,0,0,,,0,
20,20612,23,MCH1,000000000420000558                      KD21103,,,0,,0,0,0,,,0,
20,20613,23,MCH1,000000000420000558                      KD21104,,,0,,0,0,0,,,0,
20,20614,23,MCH1,000000000420000558                      KD21105,,,0,,0,0,0,,,0,
20,20615,23,MCH1,000000000420000558                      KD30201,,,0,,0,0,0,,,0,
20,20616,23,MCH1,000000000420000558                      KD30402,,,0,,0,0,0,,,0,
20,20617,23,MCH1,000000000420000558                      KD30503,,,0,,0,0,0,,,0,
20,20618,23,MCH1,000000000420000558                      KD30504,,,0,,0,0,0,,,0,
20,20619,23,MCH1,000000000420000558                      KD30605,,,0,,0,0,0,,,0,
20,20620,23,MCH1,000000000420000558                      KD30606,,,0,,0,0,0,,,0,
20,20621,23,MCH1,000000000420000558                      KD30707,,,0,,0,0,0,,,0,
20,20622,23,MCH1,000000000420000559                      KD21001,,,0,,0,0,0,,,0,
20,20623,23,MCH1,000000000420000559                      KD21002,,,0,,0,0,0,,,0,
20,20624,23,MCH1,000000000420000559                      KD21203,,,0,,0,0,0,,,0,
20,20625,23,MCH1,000000000420000559                      KD30201,,,0,,0,0,0,,,0,
20,20626,23,MCH1,000000000420000559                      KD30202,,,0,,0,0,0,,,0,
20,20627,23,MCH1,000000000420000559                      KD30503,,,0,,0,0,0,,,0,
20,20628,23,MCH1,000000000420000559                      KD30604,,,0,,0,0,0,,,0,
20,20629,23,MCH1,000000000420000595                      KD21201,,,0,,0,0,0,,,0,
20,20630,23,MCH1,000000000420000595                      KD21202,,,0,,0,0,0,,,0,
20,20631,23,MCH1,000000000420000595                      KD21203,,,0,,0,0,0,,,0,
20,20632,23,MCH1,000000000420000595                      KD30402,,,0,,0,0,0,,,0,
20,20633,23,MCH1,000000000420000595                      KD30403,,,0,,0,0,0,,,0,
20,20634,23,MCH1,000000000420000595                      KD30404,,,0,,0,0,0,,,0,
20,20635,23,MCH1,000000000420000595                      KD30605,,,0,,0,0,0,,,0,
20,20636,23,MCH1,000000000420000595                      KD30708,,,0,,0,0,0,,,0,
20,20637,23,MCH1,000000000420000595                      KD30810,,,0,,0,0,0,,,0,
20,20638,23,MCH1,000000000420000596                      KD21201,,,0,,0,0,0,,,0,
20,20639,23,MCH1,000000000420000596                      KD21202,,,0,,0,0,0,,,0,
20,20640,23,MCH1,000000000420000596                      KD30401,,,0,,0,0,0,,,0,
20,20641,23,MCH1,000000000420000573                      AL101,,,0,,0,0,0,,,0,
20,20642,23,MCH1,000000000420000573                      AL102,,,0,,0,0,0,,,0,
20,20643,23,MCH1,000000000420000573                      AL103,,,0,,0,0,0,,,0,
20,20644,23,MCH1,000000000420000573                      AL106,,,0,,0,0,0,,,0,
20,20645,23,MCH1,000000000420000536                      MM30202,,,0,,0,0,0,,,0,
20,20646,23,MCH1,000000000420000536                      MM30203,,,0,,0,0,0,,,0,
20,20647,23,MCH1,000000000420000536                      MM30204,,,0,,0,0,0,,,0,
20,20648,23,MCH1,000000000420000536                      MM30505,,,0,,0,0,0,,,0,
20,20649,23,MCH1,000000000420000537                      MM30201,,,0,,0,0,0,,,0,
20,20650,23,MCH1,000000000420000537                      MM30502,,,0,,0,0,0,,,0,
20,20651,23,MCH1,000000000420000538                      MM30201,,,0,,0,0,0,,,0,
20,20652,23,MCH1,000000000420000538                      MM30502,,,0,,0,0,0,,,0,
20,20653,23,MCH1,000000000420000539                      MM31006,,,0,,0,0,0,,,0,
20,20654,23,MCH1,000000000420000540                      MM30702,,,0,,0,0,0,,,0,
20,20655,23,MCH1,000000000420000541                      MM31024,,,0,,0,0,0,,,0,
20,20656,23,MCH1,000000000420000541                      MM31025,,,0,,0,0,0,,,0,
20,20657,23,MCH1,000000000420000541                      MM40217,,,0,,0,0,0,,,0,
20,20658,23,MCH1,000000000420000544                      MM21201,,,0,,0,0,0,,,0,
20,20659,23,MCH1,000000000420000544                      MM21203,,,0,,0,0,0,,,0,
20,20660,23,MCH1,000000000420000544                      MM21204,,,0,,0,0,0,,,0,
20,20859,23,MCH1,000000000420000591                      O0093A,,,0,,0,0,0,,,0,
20,20860,23,MCH1,000000000420000591                      O0343A,,,0,,0,0,0,,,0,
20,20861,23,MCH1,000000000420000591                      O0183C,,,0,,0,0,0,,,0,
20,20862,23,MCH1,000000000420000591                      O0193C,,,0,,0,0,0,,,0,
20,20863,23,MCH1,000000000420000591                      O0203C,,,0,,0,0,0,,,0,
20,20864,23,MCH1,000000000110150005                      PRA35704,,,0,,0,0,0,,,0,
20,20865,23,MCH1,000000000110150005                      PRA39704,,,0,,0,0,0,,,0,
20,20866,23,MCH1,000000000110150002                      PRA48403,,,0,,0,0,0,,,0,
20,20867,23,MCH1,000000000110150002                      PRA20404,,,0,,0,0,0,,,0,
20,20868,23,MCH1,000000000110150003                      PRA40503,,,0,,0,0,0,,,0,
20,20869,23,MCH1,000000000110150008                      PRA20504,,,0,,0,0,0,,,0,
20,20870,23,MCH1,000000000110150009                      PR17304,,,0,,0,0,0,,,0,
20,20871,23,MCH1,000000000110150012                      PR34104,,,0,,0,0,0,,,0,
20,20872,23,MCH1,000000000110150013                      PRA38004,,,0,,0,0,0,,,0,
20,20873,23,MCH1,000000000110150019                      PRA09604,,,0,,0,0,0,,,0,
20,20874,23,MCH1,000000000110150020                      PRRA67102,,,0,,0,0,0,,,0,
20,20875,23,MCH1,000000000110150022                      PR35904,,,0,,0,0,0,,,0,
20,20876,23,MCH1,000000000110150029                      PRA28704,,,0,,0,0,0,,,0,
20,20877,23,MCH1,000000000110150036                      PRA38103,,,0,,0,0,0,,,0,
20,20878,23,MCH1,000000000110150036                      PRA20604,,,0,,0,0,0,,,0,
20,20879,23,MCH1,000000000110150037                      PRA20204,,,0,,0,0,0,,,0,
20,20880,23,MCH1,000000000110150037                      PR38604,,,0,,0,0,0,,,0,
20,20881,23,MCH1,000000000110150038                      PRA38203,,,0,,0,0,0,,,0,
20,20882,23,MCH1,000000000110150038                      PRA20704,,,0,,0,0,0,,,0,
20,20883,23,MCH1,000000000110150040                      PRA20804,,,0,,0,0,0,,,0,
20,20884,23,MCH1,000000000110150043                      PRA28604,,,0,,0,0,0,,,0,
20,20885,23,MCH1,000000000110150043                      PRA37404,,,0,,0,0,0,,,0,
20,20886,23,MCH1,000000000110150044                      PRA22604,,,0,,0,0,0,,,0,
20,20887,23,MCH1,000000000110150046                      PRA27404,,,0,,0,0,0,,,0,
20,20888,23,MCH1,000000000110150047                      PR31604.,,,0,,0,0,0,,,0,
20,20889,23,MCH1,000000000110150048                      PRA31104,,,0,,0,0,0,,,0,
20,20890,23,MCH1,000000000110150055                      PRRRA6820,,,0,,0,0,0,,,0,
20,20891,23,MCH1,000000000110150058                      PRA15804,,,0,,0,0,0,,,0,
20,20892,23,MCH1,000000000110150061                      PR29504.,,,0,,0,0,0,,,0,
20,20893,23,MCH1,000000000110150062                      PRA56702,,,0,,0,0,0,,,0,
20,20894,23,MCH1,000000000110160001                      PRA33204,,,0,,0,0,0,,,0,
20,20895,23,MCH1,000000000110160001                      PRA33804,,,0,,0,0,0,,,0,
20,20896,23,MCH1,000000000110160001                      PRA33904,,,0,,0,0,0,,,0,
20,20897,23,MCH1,000000000110160001                      PRA38904,,,0,,0,0,0,,,0,
20,20898,23,MCH1,000000000110160001                      PRA39004,,,0,,0,0,0,,,0,
20,20899,23,MCH1,000000000110160001                      PRA39104,,,0,,0,0,0,,,0,
20,20900,23,MCH1,000000000110160002                      PRA33104,,,0,,0,0,0,,,0,
20,20901,23,MCH1,000000000110160002                      PRA36504,,,0,,0,0,0,,,0,
20,20902,23,MCH1,000000000110160002                      PRA36604,,,0,,0,0,0,,,0,
20,20903,23,MCH1,000000000110160002                      PRA38104,,,0,,0,0,0,,,0,
20,20904,23,MCH1,000000000110160003                      PRA32004,,,0,,0,0,0,,,0,
20,20905,23,MCH1,000000000110160004                      PRA35504,,,0,,0,0,0,,,0,
20,20906,23,MCH1,000000000110160005                      PRA36004,,,0,,0,0,0,,,0,
20,20907,23,MCH1,000000000110160006                      PRA24704,,,0,,0,0,0,,,0,
20,20908,23,MCH1,000000000110160007                      PRA24804,,,0,,0,0,0,,,0,
20,20909,23,MCH1,000000000110160007                      PRA36804,,,0,,0,0,0,,,0,
20,20910,23,MCH1,000000000110160009                      PRA50503,,,0,,0,0,0,,,0,
20,20911,23,MCH1,000000000110160011                      PRA34104,,,0,,0,0,0,,,0,
20,20912,23,MCH1,000000000110160011                      PRA34204,,,0,,0,0,0,,,0,
20,20913,23,MCH1,000000000110160011                      PRA39904,,,0,,0,0,0,,,0,
20,20914,23,MCH1,000000000110160011                      PRA40004,,,0,,0,0,0,,,0,
20,20915,23,MCH1,000000000110160012                      PRA29704,,,0,,0,0,0,,,0,
20,20916,23,MCH1,000000000110160015                      PRA28804,,,0,,0,0,0,,,0,
20,20917,23,MCH1,000000000110160015                      PRA28904,,,0,,0,0,0,,,0,
20,20918,23,MCH1,000000000110160015                      PRA37504,,,0,,0,0,0,,,0,
20,20919,23,MCH1,000000000110160015                      PRA37604,,,0,,0,0,0,,,0,
20,20920,23,MCH1,000000000110160017                      PRA32804,,,0,,0,0,0,,,0,
20,20921,23,MCH1,000000000110160017                      PRA35904,,,0,,0,0,0,,,0,
20,20922,23,MCH1,000000000110160017                      PRA40104,,,0,,0,0,0,,,0,
20,20923,23,MCH1,000000000110160018                      PRA29504,,,0,,0,0,0,,,0,
20,20924,23,MCH1,000000000110160019                      PRA34004,,,0,,0,0,0,,,0,
20,20925,23,MCH1,000000000110160019                      PRA35604,,,0,,0,0,0,,,0,
20,20926,23,MCH1,000000000110160019                      PRA39504,,,0,,0,0,0,,,0,
20,20927,23,MCH1,000000000110160020                      PRA26204,,,0,,0,0,0,,,0,
20,20928,23,MCH1,000000000110160020                      PRA36904,,,0,,0,0,0,,,0,
20,20929,23,MCH1,000000000110160021                      PRA20304,,,0,,0,0,0,,,0,
20,20930,23,MCH1,000000000110160021                      PRA37304,,,0,,0,0,0,,,0,
20,20931,23,MCH1,000000000110160023                      PRA31604,,,0,,0,0,0,,,0,
20,20932,23,MCH1,000000000110160024                      PRA35804,,,0,,0,0,0,,,0,
20,20933,23,MCH1,000000000110160024                      PRA39304,,,0,,0,0,0,,,0,
20,20934,23,MCH1,000000000110160025                      PRA36104,,,0,,0,0,0,,,0,
20,20935,23,MCH1,000000000110160025                      PRA37704,,,0,,0,0,0,,,0,
20,20936,23,MCH1,000000000110160026                      PRA35104,,,0,,0,0,0,,,0,
20,20937,23,MCH1,000000000110160027                      PRA40204,,,0,,0,0,0,,,0,
20,20938,23,MCH1,000000000310150002                      PPA51504,,,0,,0,0,0,,,0,
20,20939,23,MCH1,000000000310150002                      PPA52104,,,0,,0,0,0,,,0,
20,20940,23,MCH1,000000000310150003                      PPA485/4,,,0,,0,0,0,,,0,
20,20941,23,MCH1,000000000310150004                      PPA50404,,,0,,0,0,0,,,0,
20,20942,23,MCH1,000000000310150004                      PPA52404,,,0,,0,0,0,,,0,
20,20943,23,MCH1,000000000310150009                      PPA47404,,,0,,0,0,0,,,0,
20,20944,23,MCH1,000000000310150009                      PPA50104,,,0,,0,0,0,,,0,
20,20945,23,MCH1,000000000310160001                      PPA12404,,,0,,0,0,0,,,0,
20,20946,23,MCH1,000000000310160001                      PPA37704,,,0,,0,0,0,,,0,
20,20947,23,MCH1,000000000310160003                      PPA44004,,,0,,0,0,0,,,0,
20,20948,23,MCH1,000000000310160003                      PPA51004,,,0,,0,0,0,,,0,
20,20949,23,MCH1,000000000310160005                      PPA38904,,,0,,0,0,0,,,0,
20,20950,23,MCH1,000000000310160006                      PPA51204,,,0,,0,0,0,,,0,
20,20951,23,MCH1,000000000310160006                      PPA52304,,,0,,0,0,0,,,0,
20,20952,23,MCH1,000000000310160008                      PPA21004,,,0,,0,0,0,,,0,
20,20953,23,MCH1,000000000310160009                      PPA50504,,,0,,0,0,0,,,0,
20,20954,23,MCH1,000000000310160009                      PPA52004,,,0,,0,0,0,,,0,
20,20955,23,MCH1,000000000310160009                      PPA52604,,,0,,0,0,0,,,0,
20,20956,23,MCH1,000000000310160009                      PPA54304,,,0,,0,0,0,,,0,
20,20957,23,MCH1,000000000310160010                      PPA49304,,,0,,0,0,0,,,0,
20,21363,23,MCH1,000000000420000244                      POA04027,,,0,,0,0,0,,,0,
20,21364,23,MCH1,000000000420000244                      POA04028,,,0,,0,0,0,,,0,
20,21365,23,MCH1,000000000420000244                      POA04029,,,0,,0,0,0,,,0,
20,21366,23,MCH1,000000000420000244                      POA04030,,,0,,0,0,0,,,0,
20,21367,23,MCH1,000000000420000244                      POA04031,,,0,,0,0,0,,,0,
20,21368,23,MCH1,000000000420000244                      POA04032,,,0,,0,0,0,,,0,
20,21369,23,MCH1,000000000420000244                      POA04033,,,0,,0,0,0,,,0,
20,21370,23,MCH1,000000000420000244                      POA04034,,,0,,0,0,0,,,0,
20,21371,23,MCH1,000000000420000244                      POA04035,,,0,,0,0,0,,,0,
20,21372,23,MCH1,000000000420000244                      POA04036,,,0,,0,0,0,,,0,
20,21373,23,MCH1,000000000420000244                      POA04037,,,0,,0,0,0,,,0,
20,21374,23,MCH1,000000000420000244                      POA04038,,,0,,0,0,0,,,0,
20,21375,23,MCH1,000000000420000244                      POA04039,,,0,,0,0,0,,,0,
20,21376,23,MCH1,000000000420000244                      POA04040,,,0,,0,0,0,,,0,
20,21377,23,MCH1,000000000420000244                      POA04041,,,0,,0,0,0,,,0,
20,21378,23,MCH1,000000000420000244                      POA04042,,,0,,0,0,0,,,0,
20,21379,23,MCH1,000000000420000244                      POA04043,,,0,,0,0,0,,,0,
20,21380,23,MCH1,000000000420000244                      POA04044,,,0,,0,0,0,,,0,
20,21381,23,MCH1,000000000420000244                      POA04045,,,0,,0,0,0,,,0,
20,21382,23,MCH1,000000000429990082                      POA04001,,,0,,0,0,0,,,0,
20,21383,23,MCH1,000000000429990082                      POA04002,,,0,,0,0,0,,,0,
20,21384,23,MCH1,000000000429990082                      POA04003,,,0,,0,0,0,,,0,
20,21385,23,MCH1,000000000429990082                      POA04004,,,0,,0,0,0,,,0,
20,21386,23,MCH1,000000000429990082                      POA04005,,,0,,0,0,0,,,0,
20,21387,23,MCH1,000000000429990082                      POA04006,,,0,,0,0,0,,,0,
20,21388,23,MCH1,000000000429990082                      POA04007,,,0,,0,0,0,,,0,
20,21389,23,MCH1,000000000429990082                      POA04008,,,0,,0,0,0,,,0,
20,21390,23,MCH1,000000000429990082                      POA04009,,,0,,0,0,0,,,0,
20,21391,23,MCH1,000000000429990082                      POA04010,,,0,,0,0,0,,,0,
20,21392,23,MCH1,000000000429990082                      POA04011,,,0,,0,0,0,,,0,
20,21393,23,MCH1,000000000429990082                      POA04012,,,0,,0,0,0,,,0,
20,21394,23,MCH1,000000000429990082                      POA04013,,,0,,0,0,0,,,0,
20,21395,23,MCH1,000000000429990082                      POA04014,,,0,,0,0,0,,,0,
20,21396,23,MCH1,000000000429990082                      POA04015,,,0,,0,0,0,,,0,
20,21397,23,MCH1,000000000429990082                      POA04016,,,0,,0,0,0,,,0,
20,21398,23,MCH1,000000000429990082                      POA04017,,,0,,0,0,0,,,0,
20,21399,23,MCH1,000000000429990082                      POA04018,,,0,,0,0,0,,,0,
20,21400,23,MCH1,000000000429990082                      POA04019,,,0,,0,0,0,,,0,
20,21401,23,MCH1,000000000429990082                      POA04020,,,0,,0,0,0,,,0,
20,21402,23,MCH1,000000000429990082                      POA04021,,,0,,0,0,0,,,0,
20,21403,23,MCH1,000000000429990082                      POA04022,,,0,,0,0,0,,,0,
20,21404,23,MCH1,000000000429990082                      POA04023,,,0,,0,0,0,,,0,
20,21405,23,MCH1,000000000429990082                      POA04024,,,0,,0,0,0,,,0,
20,21406,23,MCH1,000000000429990082                      POA04025,,,0,,0,0,0,,,0,
20,21407,23,MCH1,000000000429990082                      POA04026,,,0,,0,0,0,,,0,
20,21408,23,MCH1,000000000429990082                      POA04027,,,0,,0,0,0,,,0,
20,21409,23,MCH1,000000000429990082                      POA04028,,,0,,0,0,0,,,0,
20,21410,23,MCH1,000000000429990082                      POA04029,,,0,,0,0,0,,,0,
20,21411,23,MCH1,000000000429990082                      POA04030,,,0,,0,0,0,,,0,
20,21412,23,MCH1,000000000429990082                      POA04031,,,0,,0,0,0,,,0,
20,21413,23,MCH1,000000000429990082                      POA04032,,,0,,0,0,0,,,0,
20,21414,23,MCH1,000000000429990082                      POA04033,,,0,,0,0,0,,,0,
20,21415,23,MCH1,000000000429990082                      POA04034,,,0,,0,0,0,,,0,
20,21416,23,MCH1,000000000429990082                      POA04035,,,0,,0,0,0,,,0,
20,21417,23,MCH1,000000000429990082                      POA04036,,,0,,0,0,0,,,0,
20,21418,23,MCH1,000000000429990082                      POA04037,,,0,,0,0,0,,,0,
20,21419,23,MCH1,000000000429990082                      POA04038,,,0,,0,0,0,,,0,
20,21420,23,MCH1,000000000429990082                      POA04039,,,0,,0,0,0,,,0,
20,21421,23,MCH1,000000000429990082                      POA04040,,,0,,0,0,0,,,0,
20,21422,23,MCH1,000000000429990082                      POA04041,,,0,,0,0,0,,,0,
20,21423,23,MCH1,000000000429990082                      POA04042,,,0,,0,0,0,,,0,
20,21424,23,MCH1,000000000429990082                      POA04043,,,0,,0,0,0,,,0,
20,21425,23,MCH1,000000000429990082                      POA04044,,,0,,0,0,0,,,0,
20,21426,23,MCH1,000000000429990082                      POA04045,,,0,,0,0,0,,,0,
20,21434,23,MCH1,000000000210000299                      03001,,,0,,0,0,0,,,0,
20,21435,23,MCH1,000000000420030004                      ZAA04001,,,0,,0,0,0,,,0,
20,21436,23,MCH1,000000000420000375                      03001,,,0,,0,0,0,,,0,
20,21437,23,MCH1,000000000110040001                      HRH022,,,0,,0,0,0,,,0,
20,21438,23,MCH1,000000000110040001                      HRH057,,,0,,0,0,0,,,0,
20,21439,23,MCH1,000000000110040001                      HRH058,,,0,,0,0,0,,,0,
20,21440,23,MCH1,000000000110040001                      HRH064,,,0,,0,0,0,,,0,
20,21441,23,MCH1,000000000110040002                      HRH006,,,0,,0,0,0,,,0,
20,21442,23,MCH1,000000000110040003                      HRH047,,,0,,0,0,0,,,0,
20,21443,23,MCH1,000000000110040003                      HRH065,,,0,,0,0,0,,,0,
20,21444,23,MCH1,000000000110040004                      HRH048,,,0,,0,0,0,,,0,
20,21445,23,MCH1,000000000110040005                      HRG072,,,0,,0,0,0,,,0,
20,21446,23,MCH1,000000000110040005                      HRH007,,,0,,0,0,0,,,0,
20,21447,23,MCH1,000000000110040006                      HRH018,,,0,,0,0,0,,,0,
20,21448,23,MCH1,000000000110040006                      HR067,,,0,,0,0,0,,,0,
20,21449,23,MCH1,000000000110040007                      HRGR20,,,0,,0,0,0,,,0,
20,21450,23,MCH1,000000000110040008                      HRH063,,,0,,0,0,0,,,0,
20,21451,23,MCH1,000000000110040009                      HRG036,,,0,,0,0,0,,,0,
20,21452,23,MCH1,000000000110040010                      HRH054,,,0,,0,0,0,,,0,
20,21453,23,MCH1,000000000110040011                      HRH055,,,0,,0,0,0,,,0,
20,21454,23,MCH1,000000000110040012                      HRG089,,,0,,0,0,0,,,0,
20,21455,23,MCH1,000000000110040012                      HRH013,,,0,,0,0,0,,,0,
20,21456,23,MCH1,000000000110040013                      HRG084,,,0,,0,0,0,,,0,
20,21457,23,MCH1,000000000110040014                      HRH010,,,0,,0,0,0,,,0,
20,21458,23,MCH1,000000000110040014                      HRH053,,,0,,0,0,0,,,0,
20,21459,23,MCH1,000000000110040015                      HRH043,,,0,,0,0,0,,,0,
20,21460,23,MCH1,000000000110040015                      HRH061,,,0,,0,0,0,,,0,
20,21461,23,MCH1,000000000110040015                      HRH062,,,0,,0,0,0,,,0,
20,21462,23,MCH1,000000000110040016                      HRH029,,,0,,0,0,0,,,0,
20,21463,23,MCH1,000000000110040016                      HRH059,,,0,,0,0,0,,,0,
20,21464,23,MCH1,000000000110040016                      HRH060,,,0,,0,0,0,,,0,
20,21465,23,MCH1,000000000110040017                      HRG044,,,0,,0,0,0,,,0,
20,21466,23,MCH1,000000000110040018                      HRH004,,,0,,0,0,0,,,0,
20,21467,23,MCH1,000000000110040018                      HRH008,,,0,,0,0,0,,,0,
20,21468,23,MCH1,000000000110040019                      HRH056,,,0,,0,0,0,,,0,
20,21469,23,MCH1,000000000110040019                      HRH066,,,0,,0,0,0,,,0,
20,21470,23,MCH1,000000000310040001                      HPH055,,,0,,0,0,0,,,0,
20,21471,23,MCH1,000000000310040001                      HPH075,,,0,,0,0,0,,,0,
20,21472,23,MCH1,000000000310040002                      HPE068,,,0,,0,0,0,,,0,
20,21473,23,MCH1,000000000310040003                      HPH013,,,0,,0,0,0,,,0,
20,21474,23,MCH1,510040001IN01                           HPH009,,,0,,0,0,0,,,0,
20,21475,23,MCH1,510040001IN01                           HPH066,,,0,,0,0,0,,,0,
20,21476,23,MCH1,510040002IN01                           HPH072,,,0,,0,0,0,,,0,
20,21477,23,MCH1,510040003IN01                           HPH006,,,0,,0,0,0,,,0,
20,21478,23,MCH1,510040003IN01                           HPH063,,,0,,0,0,0,,,0,
20,21479,23,MCH1,510040004IN01                           HPH070,,,0,,0,0,0,,,0,
20,21480,23,MCH1,510040006IN01                           HPG120,,,0,,0,0,0,,,0,
20,21481,23,MCH1,510040006IN01                           HPH059,,,0,,0,0,0,,,0,
20,21482,23,MCH1,510040008IN01                           HPH035,,,0,,0,0,0,,,0,
20,21483,23,MCH1,510040008IN01                           HPH041,,,0,,0,0,0,,,0,
20,21484,23,MCH1,510040008IN01                           HPH048,,,0,,0,0,0,,,0,
20,21485,23,MCH1,510040009IN01                           HPH008,,,0,,0,0,0,,,0,
20,21486,23,MCH1,510040009IN01                           HPH064,,,0,,0,0,0,,,0,
20,21487,23,MCH1,510040010IN01                           HPH076,,,0,,0,0,0,,,0,
20,21488,23,MCH1,510040010IN01                           HPH077,,,0,,0,0,0,,,0,
20,21490,23,MCH1,000000000429930004                      ZAA04002,,,0,,0,0,0,,,0,
20,21491,23,MCH1,000000000420030020                      ZAA04001,,,0,,0,0,0,,,0,
20,21492,23,MCH1,000000000420030020                      ZAA04002,,,0,,0,0,0,,,0,
20,21494,23,MCH1,000000000429930016                      ZAA04003,,,0,,0,0,0,,,0,
20,21495,23,MCH1,000000000420030007                      ZBA04001,,,0,,0,0,0,,,0,
20,21496,23,MCH1,000000000420030007                      ZBA04002,,,0,,0,0,0,,,0,
20,21497,23,MCH1,000000000420030007                      ZBA04003,,,0,,0,0,0,,,0,
20,21498,23,MCH1,000000000420030007                      ZBA04004,,,0,,0,0,0,,,0,
20,21499,23,MCH1,000000000420030007                      ZBA04005,,,0,,0,0,0,,,0,
20,21500,23,MCH1,000000000420030007                      ZBA04006,,,0,,0,0,0,,,0,
20,21501,23,MCH1,000000000420030007                      ZBA04007,,,0,,0,0,0,,,0,
20,21503,23,MCH1,000000000429930007                      ZBA04008,,,0,,0,0,0,,,0,
20,21505,23,MCH1,000000000429930007                      ZBA04009,,,0,,0,0,0,,,0,
20,21506,23,MCH1,000000000110080004                      NRHH 196,,,0,,0,0,0,,,0,
20,21507,23,MCH1,000000000110080005                      NRH 170,,,0,,0,0,0,,,0,
20,21508,23,MCH1,000000000110080006                      NRH 143,,,0,,0,0,0,,,0,
