MANDT,VKORG,VTWEG,KUNNR,MATNR,ERNAM,ERDAT,SORTL,KDMAT,POSTX,LPRIO,MINLF,MEINS,CHSPL,KZTLF,ANTLF,UNTTO,UEBTO,UEBTK,WERKS,RDPRF,MEGRU,J_1BTXSDC,VWPOS,VRKME_T,UMVKN_T,UMVKZ_T,GUID,EXT,UPD_TMSTMP,LAST_CHANGED_BY_USER
20,MP02,SD,800147,420730283,89-9404,20250201,,152106,,1,0,PAK,,,0,0,0,,,,,,,,0,0,0,,20250201180627.699,89-9404
20,MP02,SD,800184,420730283,89-9404,20250201,,485014,,1,0,PAK,,,0,0,0,,,,,,,,0,0,0,,20250201180623.898,89-9404
20,MP02,SD,812146,420730283,89-9404,20250201,,31779501,,1,0,PAK,,,0,0,0,,,,,,,,0,0,0,,20250201180630.699,89-9404
20,MP02,SD,800119,420730283,89-9404,20250201,,109517,,1,0,PAK,,,0,0,0,,,,,,,,0,0,0,,20250201180633.602,89-9404
20,MP02,SD,800184,420730300,89-9404,20250201,,492427,,1,0,PAK,,,0,0,0,,,,,,,,0,0,0,,20250217130622.398,89-1050
20,MP01,SD,800119,420730131,89-9404,20250815,,413429,,1,0,PAK,,,0,0,0,,,,,,,,0,0,0,,20250815144432.602,89-9404
20,MP02,SD,800119,420730284,89-9404,20250201,,133898,,1,0,PAK,,,0,0,0,,,,,,,,0,0,0,,20250201180641.398,89-9404
20,MP02,SD,812146,420730284,89-9404,20250201,,135926,,1,0,PAK,,,0,0,0,,,,,,,,0,0,0,,20250201180643.5,89-9404
20,MP01,SD,800309,420730278,89-9404,20250202,,88035,,1,0,PAK,,,0,0,0,,,,,,,,0,0,0,,20250226121010.898,89-9404
20,MP02,SD,800119,420730340,89-9404,20250305,,41375,,1,0,PAK,,,0,0,0,,,,,,,,0,0,0,,20250304200951.301,89-9404
20,MP02,SD,800119,420730300,89-9404,20250201,,410312,,1,0,PAK,,,0,0,0,,,,,,,,0,0,0,,20250304200951.301,89-9404
20,MP02,SD,812145,420730285,89-9404,20250201,,133904,,1,0,PAK,,,0,0,0,,,,,,,,0,0,0,,20250201181954.102,89-9404
20,MP02,SD,812103,420730285,89-9404,20250201,,152937,,1,0,PAK,,,0,0,0,,,,,,,,0,0,0,,20250201181040.398,89-9404
20,MP02,SD,812106,420730285,89-9404,20250201,,152909,,1,0,PAK,,,0,0,0,,,,,,,,0,0,0,,20250201181040.5,89-9404
20,MP02,SD,800237,420730285,89-9404,20250201,,152935,,1,0,PAK,,,0,0,0,,,,,,,,0,0,0,,20250201181040.5,89-9404
20,MP02,SD,812146,420730285,89-9404,20250201,,152907,,1,0,PAK,,,0,0,0,,,,,,,,0,0,0,,20250201181040.602,89-9404
20,MP01,SD,800147,420730093,89-1050,20250206,,221901,,1,0,PAK,,,0,0,0,,,,,,,,0,0,0,,20250206161741.398,89-1050
20,MP01,SD,801245,420730098,89-9404,20250325,,221914,,1,0,PAK,,,0,0,0,,,,,,,,0,0,0,,20250325133027.699,89-9404
20,MP02,SD,812145,420730286,89-9404,20250201,,140850,,1,0,PAK,,,0,0,0,,,,,,,,0,0,0,,20250201181954.102,89-9404
20,MP02,SD,812145,420730287,89-9404,20250201,,179979,,1,0,PAK,,,0,0,0,,,,,,,,0,0,0,,20250201181954.102,89-9404
20,MP02,SD,812146,420730286,89-9404,20250201,,170710,,1,0,PAK,,,0,0,0,,,,,,,,0,0,0,,20250201181040.801,89-9404
20,MP02,SD,800237,420730286,89-9404,20250201,,171437,,1,0,PAK,,,0,0,0,,,,,,,,0,0,0,,20250201181040.801,89-9404
20,MP01,SD,800119,420730225,89-9404,20250227,,412989,,1,0,PAK,,,0,0,0,,,,,,,,0,0,0,,20250227140238.699,89-9404
20,MP02,SD,800184,420730287,89-9404,20250201,,435526,,1,0,PAK,,,0,0,0,,,,,,,,0,0,0,,20250324201258.5,89-9404
20,MP01,SD,800184,420730014,89-1050,20250212,,758880,,1,0,PAK,,,0,0,0,,,,,,,,0,0,0,,20250212152728.5,89-1050
20,MP02,SD,800119,420730301,89-9404,20250201,,410329,,1,0,PAK,,,0,0,0,,,,,,,,0,0,0,,20250304201016.699,89-9404
20,MP02,SD,812145,420730288,89-9404,20250201,,191929,,1,0,PAK,,,0,0,0,,,,,,,,0,0,0,,20250201181954.102,89-9404
20,MP02,SD,801746,420730287,89-9404,20250201,,6456685,,1,0,PAK,,,0,0,0,,,,,,,,0,0,0,,20251016114058.801,89-9418
20,MP02,SD,812103,420730287,89-9404,20250201,,182358,,1,0,PAK,,,0,0,0,,,,,,,,0,0,0,,20250201181041.102,89-9404
20,MP02,SD,812106,420730287,89-9404,20250201,,182361,,1,0,PAK,,,0,0,0,,,,,,,,0,0,0,,20250201181041.102,89-9404
20,MP02,SD,800237,420730287,89-9404,20250201,,182905,,1,0,PAK,,,0,0,0,,,,,,,,0,0,0,,20250201181041.102,89-9404
20,MP02,SD,812146,420730287,89-9404,20250201,,187637,,1,0,PAK,,,0,0,0,,,,,,,,0,0,0,,20250201181041.199,89-9404
20,MP02,SD,800184,420730288,89-9404,20250201,,434867,,1,0,PAK,,,0,0,0,,,,,,,,0,0,0,,20250214125234,89-1050
20,MP02,SD,812145,420730289,89-9404,20250201,,184931,,1,0,PAK,,,0,0,0,,,,,,,,0,0,0,,20250201181954.102,89-9404
20,MP02,SD,812145,420730290,89-9404,20250201,,181363,,1,0,PAK,,,0,0,0,,,,,,,,0,0,0,,20250201181954.102,89-9404
20,MP02,SD,812145,420730292,89-9404,20250201,,78559,,1,0,PAK,,,0,0,0,,,,,,,,0,0,0,,20250201181954.102,89-9404
20,MP02,SD,812145,420730293,89-9404,20250201,,145090,,1,0,PAK,,,0,0,0,,,,,,,,0,0,0,,20250201181954.102,89-9404
20,MP02,SD,800119,420730285,89-9404,20250201,,41007,,1,0,PAK,,,0,0,0,,,,,,,,0,0,0,,20250304201043.898,89-9404
20,MP02,SD,800237,420730288,89-9404,20250201,,181400,,1,0,PAK,,,0,0,0,,,,,,,,0,0,0,,20250201181041.398,89-9404
20,MP01,SD,800184,420730149,89-1050,20250212,,754355,,1,0,PAK,,,0,0,0,,,,,,,,0,0,0,,20250212152944.199,89-1050
20,MP01,SD,800119,420730264,89-9404,20250227,,MTRA5100,,1,0,PAK,,,0,0,0,,,,,,,,0,0,0,,20250227140238.699,89-9404
20,MP01,SD,800119,420730163,89-9404,20250301,,MMET5500,,1,0,PAK,,,0,0,0,,,,,,,,0,0,0,,20250228203026.699,89-9404
20,MP02,SD,812146,420730289,89-9404,20250201,,177494,,1,0,PAK,,,0,0,0,,,,,,,,0,0,0,,20250201181041.602,89-9404
20,MP02,SD,812145,420730294,89-9404,20250201,,977421,,1,0,PAK,,,0,0,0,,,,,,,,0,0,0,,20250201181954.102,89-9404
20,MP02,SD,812145,420730297,89-9404,20250201,,192065,,1,0,PAK,,,0,0,0,,,,,,,,0,0,0,,20250201181954.102,89-9404
20,MP02,SD,812145,420730298,89-9404,20250201,,184934,,1,0,PAK,,,0,0,0,,,,,,,,0,0,0,,20250201181954.102,89-9404
20,MP01,SD,800119,420730092,89-9404,20250311,,MDIEN228,,1,0,PAK,,,0,0,0,,,,,,,,0,0,0,,20250310202103.699,89-9404
20,MP02,SD,800119,420730330,89-9404,20250201,,184951,,1,0,PAK,,,0,0,0,,,,,,,,0,0,0,,20250201181046.398,89-9404
20,MP02,SD,812146,420730330,89-9404,20250201,,181425,,1,0,PAK,,,0,0,0,,,,,,,,0,0,0,,20250201181046.5,89-9404
20,MP01,SD,800147,420730193,89-1050,20250206,,229117,,1,0,PAK,,,0,0,0,,,,,,,,0,0,0,,20250206161816.898,89-1050
20,MP02,SD,800610,420730333,89-9404,20250401,,21679293,,1,0,PAK,,,0,0,0,,,,,,,,0,0,0,,20250401144848.5,89-9404
20,MP01,SD,800184,420730098,89-9404,20250325,,751620,,1,0,PAK,,,0,0,0,,,,,,,,0,0,0,,20250324202333.199,89-9404
20,MP01,SD,800237,420730162,89-1050,20250207,,170206,,1,0,PAK,,,0,0,0,,,,,,,,0,0,0,,20250207121250.602,89-1050
20,MP01,SD,812146,420730001,89-9404,20250201,,124943,,1,0,PAK,,,0,0,0,,,,,,,,0,0,0,,20250201181046.602,89-9404
20,MP01,SD,800309,420730006,89-9404,20250202,,181400,,1,0,PAK,,,0,0,0,,,,,,,,0,0,0,,20250218154233.801,89-1050
20,MP02,SD,800147,420730335,89-9404,20250201,,90255,,1,0,PAK,,,0,0,0,,,,,,,,0,0,0,,20250210202314,89-1050
20,MP01,SD,800184,420730132,89-9404,20250313,,758774,,1,0,PAK,,,0,0,0,,,,,,,,0,0,0,,20250312185754.898,89-9404
20,MP02,SD,800237,420730332,89-9404,20250201,,88035,,1,0,PAK,,,0,0,0,,,,,,,,0,0,0,,20250201181046.801,89-9404
20,MP01,SD,800309,420730039,89-9404,20250201,,80832,,1,0,PAK,,,0,0,0,,,,,,,,0,0,0,,20250204134745.699,89-9404
20,MP02,SD,812146,420730332,89-9404,20250201,,118163,,1,0,PAK,,,0,0,0,,,,,,,,0,0,0,,20250201181046.898,89-9404
20,MP01,SD,800184,420730095,89-9404,20250226,,751533,,1,0,PAK,,,0,0,0,,,,,,,,0,0,0,,20250226160408.898,89-9404
20,MP01,SD,800237,420730265,89-9404,20250317,,170526,,1,0,PAK,,,0,0,0,,,,,,,,0,0,0,,20250317120941.602,89-9404
20,MP02,SD,812146,420730333,89-9404,20250201,,32285801,,1,0,PAK,,,0,0,0,,,,,,,,0,0,0,,20250201181047,89-9404
20,MP01,SD,800309,420730023,89-9404,20250204,,194110,,1,0,PAK,,,0,0,0,,,,,,,,0,0,0,,20250204135402.5,89-9404
20,MP02,SD,800237,420730333,89-9404,20250201,,158844,,1,0,PAK,,,0,0,0,,,,,,,,0,0,0,,20250201181047,89-9404
20,MP02,SD,800119,420730333,89-9404,20250201,,370319,,1,0,PAK,,,0,0,0,,,,,,,,0,0,0,,20250201181047.102,89-9404
20,MP02,SD,800184,420730335,89-9404,20250201,,150008,,1,0,PAK,,,0,0,0,,,,,,,,0,0,0,,20250201181047.102,89-9404
20,MP02,SD,800147,420730332,89-9404,20250201,,101140,,1,0,PAK,,,0,0,0,,,,,,,,0,0,0,,20250210202744.699,89-1050
20,MP02,SD,800119,420730335,89-9404,20250201,,370609,,1,0,PAK,,,0,0,0,,,,,,,,0,0,0,,20250201181047.199,89-9404
20,MP02,SD,800237,420730335,89-9404,20250201,,158842,,1,0,PAK,,,0,0,0,,,,,,,,0,0,0,,20250201181047.199,89-9404
20,MP01,SD,800309,420730018,89-9404,20250204,,194101,,1,0,PAK,,,0,0,0,,,,,,,,0,0,0,,20250204135715.199,89-9404
20,MP02,SD,812146,420730335,89-9404,20250201,,32116201,,1,0,PAK,,,0,0,0,,,,,,,,0,0,0,,20250201181047.301,89-9404
20,MP01,SD,800184,420730002,89-9404,20250201,,758756,,1,0,PAK,,,0,0,0,,,,,,,,0,0,0,,20250201181047.301,89-9404
20,MP01,SD,800147,420730002,89-9404,20250201,,88821,,1,0,PAK,,,0,0,0,,,,,,,,0,0,0,,20250201181047.398,89-9404
20,MP01,SD,812146,420730002,89-9404,20250201,,10089019,,1,0,PAK,,,0,0,0,,,,,,,,0,0,0,,20250201181047.398,89-9404
20,MP02,SD,800309,420730294,89-9404,20250202,,133904,,1,0,PAK,,,0,0,0,,,,,,,,0,0,0,,20250225133015.398,89-1050
20,MP01,SD,800237,420730002,89-9404,20250201,,152653,,1,0,PAK,,,0,0,0,,,,,,,,0,0,0,,20250201181047.5,89-9404
20,MP01,SD,800309,420730008,89-9404,20250201,,181385,,1,0,PAK,,,0,0,0,,,,,,,,0,0,0,,20250206201248.898,89-1050
20,MP01,SD,800184,420730003,89-9404,20250201,,758807,,1,0,PAK,,,0,0,0,,,,,,,,0,0,0,,20250201181047.5,89-9404
20,MP01,SD,800147,420730003,89-9404,20250201,,73358,,1,0,PAK,,,0,0,0,,,,,,,,0,0,0,,20250201181047.602,89-9404
20,MP02,SD,800147,420730333,89-9404,20250201,,99182,,1,0,PAK,,,0,0,0,,,,,,,,0,0,0,,20250317193553.602,89-9404
20,MP01,SD,812146,420730003,89-9404,20250201,,29744701,,1,0,PAK,,,0,0,0,,,,,,,,0,0,0,,20250201181047.602,89-9404
20,MP01,SD,800607,420730004,89-9404,20250201,,21139275,,1,0,PAK,,,0,0,0,,,,,,,,0,0,0,,20250201181047.699,89-9404
20,MP01,SD,800184,420730004,89-9404,20250201,,758806,,1,0,PAK,,,0,0,0,,,,,,,,0,0,0,,20250201181047.699,89-9404
20,MP01,SD,800147,420730004,89-9404,20250201,,73357,,1,0,PAK,,,0,0,0,,,,,,,,0,0,0,,20250201181047.699,89-9404
20,MP01,SD,803180,420730254,89-9404,20250308,,167762,,1,0,PAK,,,0,0,0,,,,,,,,0,0,0,,20250308145452,89-9404
20,MP01,SD,812146,420730004,89-9404,20250201,,29744501,,1,0,PAK,,,0,0,0,,,,,,,,0,0,0,,20250201181047.801,89-9404
20,MP01,SD,800237,420730004,89-9404,20250201,,152650,,1,0,PAK,,,0,0,0,,,,,,,,0,0,0,,20250201181047.898,89-9404
20,MP01,SD,800147,420730005,89-9404,20250201,,199667,,1,0,PAK,,,0,0,0,,,,,,,,0,0,0,,20250201181047.898,89-9404
20,MP02,SD,800237,420730289,89-9404,20250201,,184919,,1,0,PAK,,,0,0,0,,,,,,,,0,0,0,,20250201181041.801,89-9404
20,MP02,SD,800119,420730287,89-9404,20250201,,41010,,1,0,PAK,,,0,0,0,,,,,,,,0,0,0,,20250304201110.102,89-9404
20,MP01,SD,800309,420730100,89-9404,20250226,,193745,,1,0,PAK,,,0,0,0,,,,,,,,0,0,0,,20250226143355.102,89-9404
20,MP02,SD,800309,420730299,89-1050,20250217,,,,1,0,PAK,,,0,0,0,,,,,,,,0,0,0,,20250218132422,89-9404
20,MP02,SD,800119,420730292,89-9404,20250201,,41023,,1,0,PAK,,,0,0,0,,,,,,,,0,0,0,,20250304201133,89-9404
20,MP02,SD,800237,420730290,89-9404,20250201,,194386,,1,0,PAK,,,0,0,0,,,,,,,,0,0,0,,20250201181042,89-9404
20,MP02,SD,812146,420730290,89-9404,20250201,,181371,,1,0,PAK,,,0,0,0,,,,,,,,0,0,0,,20250201181042,89-9404
20,MP02,SD,812145,420730301,89-9404,20250201,,146705,,1,0,PAK,,,0,0,0,,,,,,,,0,0,0,,20250201181954.102,89-9404
20,MP02,SD,812145,420730302,89-9404,20250201,,181373,,1,0,PAK,,,0,0,0,,,,,,,,0,0,0,,20250201181954.102,89-9404
20,MP02,SD,812106,420730290,89-9404,20250201,,77293,,1,0,PAK,,,0,0,0,,,,,,,,0,0,0,,20250201181042.102,89-9404
20,MP02,SD,800184,420730292,89-9404,20250201,,434866,,1,0,PAK,,,0,0,0,,,,,,,,0,0,0,,20250214125234,89-1050
20,MP01,SD,800184,420730100,89-9404,20250410,,751625,,1,0,PAK,,,0,0,0,,,,,,,,0,0,0,,20250410110835.102,89-9404
20,MP02,SD,800119,420730290,89-9404,20250201,,41017,,1,0,PAK,,,0,0,0,,,,,,,,0,0,0,,20250304201154.602,89-9404
20,MP02,SD,812145,420730316,89-9404,20250201,,184928,,1,0,PAK,,,0,0,0,,,,,,,,0,0,0,,20250201181954.102,89-9404
20,MP02,SD,812145,420730327,89-9404,20250201,,187398,,1,0,PAK,,,0,0,0,,,,,,,,0,0,0,,20250201181954.102,89-9404
20,MP02,SD,812145,420730332,89-9404,20250201,,181427,,1,0,PAK,,,0,0,0,,,,,,,,0,0,0,,20250201181954.102,89-9404
20,MP02,SD,812145,420730333,89-9404,20250201,,31473557,,1,0,PAK,,,0,0,0,,,,,,,,0,0,0,,20250201181954.102,89-9404
20,MP02,SD,800237,420730292,89-9404,20250201,,181243,,1,0,PAK,,,0,0,0,,,,,,,,0,0,0,,20250201181042.398,89-9404
20,MP02,SD,812146,420730292,89-9404,20250201,,194260,,1,0,PAK,,,0,0,0,,,,,,,,0,0,0,,20250201181042.398,89-9404
20,MP01,SD,800119,420730126,89-9404,20250425,,413528,,1,0,PAK,,,0,0,0,,,,,,,,0,0,0,,20250424191449.699,89-9404
20,MP02,SD,800147,420730288,89-9404,20250201,,108425,,1,0,PAK,,,0,0,0,,,,,,,,0,0,0,,20250918171501.699,89-9404
20,MP02,SD,800610,420730332,89-9404,20250401,,21679265,,1,0,PAK,,,0,0,0,,,,,,,,0,0,0,,20250401144830.398,89-9404
20,MP02,SD,800237,420730293,89-9404,20250201,,145900,,1,0,PAK,,,0,0,0,,,,,,,,0,0,0,,20250201181042.602,89-9404
20,MP02,SD,812146,420730293,89-9404,20250201,,6069,,1,0,PAK,,,0,0,0,,,,,,,,0,0,0,,20250201181042.602,89-9404
20,MP02,SD,812145,420730335,89-9404,20250201,,31473555,,1,0,PAK,,,0,0,0,,,,,,,,0,0,0,,20250201181954.102,89-9404
20,MP02,SD,812106,420730293,89-9404,20250201,,146672,,1,0,PAK,,,0,0,0,,,,,,,,0,0,0,,20250201181042.699,89-9404
20,MP02,SD,800184,420730284,89-9404,20250201,,485013,,1,0,PAK,,,0,0,0,,,,,,,,0,0,0,,20250217130622.398,89-1050
20,MP01,SD,800119,420730162,89-9404,20250301,,MMET10500,,1,0,PAK,,,0,0,0,,,,,,,,0,0,0,,20250228203110.602,89-9404
20,MP02,SD,812146,420730294,89-9404,20250201,,472928,,1,0,PAK,,,0,0,0,,,,,,,,0,0,0,,20250201181042.801,89-9404
20,MP02,SD,812145,420730336,89-9404,20250201,,30335156,,1,0,PAK,,,0,0,0,,,,,,,,0,0,0,,20250201181954.102,89-9404
20,MP02,SD,812103,420730294,89-9404,20250201,,468223,,1,0,PAK,,,0,0,0,,,,,,,,0,0,0,,20250201181042.801,89-9404
20,MP02,SD,812106,420730294,89-9404,20250201,,6078,,1,0,PAK,,,0,0,0,,,,,,,,0,0,0,,20250201181042.898,89-9404
20,MP02,SD,800184,420730334,89-9404,20250312,,534619,,1,0,PAK,,,0,0,0,,,,,,,,0,0,0,,20250312173238.301,89-9404
20,MP02,SD,800237,420730294,89-9404,20250201,,146671,,1,0,PAK,,,0,0,0,,,,,,,,0,0,0,,20250201181042.898,89-9404
20,MP02,SD,800184,420730296,89-9404,20250201,,492441,,1,0,PAK,,,0,0,0,,,,,,,,0,0,0,,20250404134300.898,89-9404
20,MP02,SD,812146,420730296,89-9404,20250201,,184935,,1,0,PAK,,,0,0,0,,,,,,,,0,0,0,,20250201181043,89-9404
20,MP02,SD,800119,420730296,89-9404,20250201,,184920,,1,0,PAK,,,0,0,0,,,,,,,,0,0,0,,20250201181043,89-9404
20,MP02,SD,800147,420730296,89-9404,20250201,,171539,,1,0,PAK,,,0,0,0,,,,,,,,0,0,0,,20250201181043.102,89-9404
20,MP01,SD,800119,420730122,89-9404,20250306,,MESZO2100,,1,0,PAK,,,0,0,0,,,,,,,,0,0,0,,20250306135405.398,89-9404
20,MP01,SD,800119,420730106,89-9404,20250311,,MDOXY100100,,1,0,PAK,,,0,0,0,,,,,,,,0,0,0,,20250310202043.5,89-9404
20,MP01,SD,800119,420730115,89-9404,20250201,,629323900165,,1,0,PAK,,,0,0,0,,,,,,,,0,0,0,,20250227194228.301,89-9404
20,MP02,SD,812146,420730297,89-9404,20250201,,192028,,1,0,PAK,,,0,0,0,,,,,,,,0,0,0,,20250201181043.199,89-9404
20,MP02,SD,812145,420730337,89-9404,20250201,,30335157,,1,0,PAK,,,0,0,0,,,,,,,,0,0,0,,20250201181954.102,89-9404
20,MP01,SD,812146,420730015,89-9404,20250201,,10140358,,1,0,PAK,,,0,0,0,,,,,,,,0,0,0,,20250201181049.5,89-9404
20,MP01,SD,800184,420730017,89-9404,20250201,,758776,,1,0,PAK,,,0,0,0,,,,,,,,0,0,0,,20250201181049.602,89-9404
20,MP01,SD,800147,420730017,89-9404,20250201,,100175,,1,0,PAK,,,0,0,0,,,,,,,,0,0,0,,20250201181049.602,89-9404
20,MP01,SD,812146,420730017,89-9404,20250201,,10128648,,1,0,PAK,,,0,0,0,,,,,,,,0,0,0,,20250201181049.602,89-9404
20,MP01,SD,800119,420730017,89-9404,20250201,,629323900028,,1,0,PAK,,,0,0,0,,,,,,,,0,0,0,,20250201181049.699,89-9404
20,MP01,SD,800237,420730017,89-9404,20250201,,160391,,1,0,PAK,,,0,0,0,,,,,,,,0,0,0,,20250201181049.699,89-9404
20,MP01,SD,800184,420730019,89-9404,20250201,,758777,,1,0,PAK,,,0,0,0,,,,,,,,0,0,0,,20250201181049.699,89-9404
20,MP01,SD,800147,420730019,89-9404,20250201,,100176,,1,0,PAK,,,0,0,0,,,,,,,,0,0,0,,20250201181049.801,89-9404
20,MP01,SD,812146,420730019,89-9404,20250201,,10128663,,1,0,PAK,,,0,0,0,,,,,,,,0,0,0,,20250201181049.801,89-9404
20,MP01,SD,800607,420730034,89-9404,20250303,,21479569,,1,0,PAK,,,0,0,0,,,,,,,,0,0,0,,20250303170257.898,89-9404
20,MP01,SD,800237,420730019,89-9404,20250201,,160392,,1,0,PAK,,,0,0,0,,,,,,,,0,0,0,,20250201181049.898,89-9404
20,MP01,SD,800184,420730021,89-9404,20250201,,758779,,1,0,PAK,,,0,0,0,,,,,,,,0,0,0,,20250201181049.898,89-9404
20,MP01,SD,800147,420730021,89-9404,20250201,,100177,,1,0,PAK,,,0,0,0,,,,,,,,0,0,0,,20250201181050,89-9404
20,MP01,SD,800119,420730021,89-9404,20250201,,629323900066,,1,0,PAK,,,0,0,0,,,,,,,,0,0,0,,20250201181050,89-9404
20,MP01,SD,800237,420730021,89-9404,20250201,,160393,,1,0,PAK,,,0,0,0,,,,,,,,0,0,0,,20250201181050,89-9404
20,MP01,SD,812146,420730021,89-9404,20250201,,10128675,,1,0,PAK,,,0,0,0,,,,,,,,0,0,0,,20250201181050.102,89-9404
20,MP01,SD,800147,420730022,89-9404,20250201,,214339,,1,0,PAK,,,0,0,0,,,,,,,,0,0,0,,20250201181050.102,89-9404
20,MP01,SD,800237,420730022,89-9404,20250201,,169173,,1,0,PAK,,,0,0,0,,,,,,,,0,0,0,,20250201181050.102,89-9404
20,MP01,SD,800147,420730024,89-9404,20250201,,151955,,1,0,PAK,,,0,0,0,,,,,,,,0,0,0,,20250201181050.199,89-9404
20,MP01,SD,800119,420730024,89-9404,20250201,,410145,,1,0,PAK,,,0,0,0,,,,,,,,0,0,0,,20250201181050.199,89-9404
20,MP01,SD,800237,420730024,89-9404,20250201,,165532,,1,0,PAK,,,0,0,0,,,,,,,,0,0,0,,20250201181050.199,89-9404
20,MP01,SD,800184,420730025,89-9404,20250201,,755026,,1,0,PAK,,,0,0,0,,,,,,,,0,0,0,,20250201181050.301,89-9404
20,MP01,SD,800147,420730025,89-9404,20250201,,151960,,1,0,PAK,,,0,0,0,,,,,,,,0,0,0,,20250201181050.301,89-9404
20,MP01,SD,800119,420730020,89-9404,20250325,,629323413115,,1,0,PAK,,,0,0,0,,,,,,,,0,0,0,,20250325115134.801,89-9404
20,MP01,SD,800237,420730025,89-9404,20250201,,164263,,1,0,PAK,,,0,0,0,,,,,,,,0,0,0,,20250201181050.398,89-9404
20,MP01,SD,812146,420730025,89-9404,20250201,,10128627,,1,0,PAK,,,0,0,0,,,,,,,,0,0,0,,20250201181050.398,89-9404
20,MP01,SD,800607,420730026,89-9404,20250201,,21139248,,1,0,PAK,,,0,0,0,,,,,,,,0,0,0,,20250201181050.5,89-9404
20,MP01,SD,800184,420730026,89-9404,20250201,,758883,,1,0,PAK,,,0,0,0,,,,,,,,0,0,0,,20250201181050.5,89-9404
20,MP01,SD,812146,420730026,89-9404,20250201,,29745001,,1,0,PAK,,,0,0,0,,,,,,,,0,0,0,,20250201181050.5,89-9404
20,MP01,SD,800147,420730026,89-9404,20250201,,73324,,1,0,PAK,,,0,0,0,,,,,,,,0,0,0,,20250201181050.602,89-9404
20,MP01,SD,800119,420730043,89-9404,20250201,,6081,,1,0,PAK,,,0,0,0,,,,,,,,0,0,0,,20250310200123.398,89-9404
20,MP01,SD,800237,420730026,89-9404,20250201,,152647,,1,0,PAK,,,0,0,0,,,,,,,,0,0,0,,20250201181050.602,89-9404
20,MP01,SD,800607,420730027,89-9404,20250201,,21139262,,1,0,PAK,,,0,0,0,,,,,,,,0,0,0,,20250201181050.699,89-9404
20,MP01,SD,800184,420730027,89-9404,20250201,,758885,,1,0,PAK,,,0,0,0,,,,,,,,0,0,0,,20250201181050.699,89-9404
20,MP01,SD,812146,420730027,89-9404,20250201,,29745201,,1,0,PAK,,,0,0,0,,,,,,,,0,0,0,,20250201181050.699,89-9404
20,MP02,SD,800319,420730320,89-9404,20250407,,180213,,1,0,PAK,,,0,0,0,,,,,,,,0,0,0,,20250407131216.102,89-9404
20,MP01,SD,800237,420730027,89-9404,20250201,,152002,,1,0,PAK,,,0,0,0,,,,,,,,0,0,0,,20250201181050.801,89-9404
20,MP01,SD,800147,420730027,89-9404,20250201,,73328,,1,0,PAK,,,0,0,0,,,,,,,,0,0,0,,20250201181050.898,89-9404
20,MP01,SD,800607,420730028,89-9404,20250201,,21139266,,1,0,PAK,,,0,0,0,,,,,,,,0,0,0,,20250201181050.898,89-9404
20,MP01,SD,800184,420730028,89-9404,20250201,,758886,,1,0,PAK,,,0,0,0,,,,,,,,0,0,0,,20250201181050.898,89-9404
20,MP01,SD,812146,420730028,89-9404,20250201,,29745401,,1,0,PAK,,,0,0,0,,,,,,,,0,0,0,,20250201181051,89-9404
20,MP01,SD,800147,420730028,89-9404,20250201,,73332,,1,0,PAK,,,0,0,0,,,,,,,,0,0,0,,20250201181051,89-9404
20,MP01,SD,800119,420730014,89-9404,20250311,,MP.412729,,1,0,PAK,,,0,0,0,,,,,,,,0,0,0,,20250310201609.801,89-9404
20,MP01,SD,800237,420730056,89-9404,20250201,,164527,,1,0,PAK,,,0,0,0,,,,,,,,0,0,0,,20250201181055.602,89-9404
20,MP01,SD,800184,420730057,89-9404,20250201,,753053,,1,0,PAK,,,0,0,0,,,,,,,,0,0,0,,20250201181055.699,89-9404
20,MP01,SD,800147,420730057,89-9404,20250201,,174905,,1,0,PAK,,,0,0,0,,,,,,,,0,0,0,,20250201181055.699,89-9404
20,MP01,SD,812146,420730057,89-9404,20250201,,10128630,,1,0,PAK,,,0,0,0,,,,,,,,0,0,0,,20250201181055.699,89-9404
20,MP01,SD,800119,420730057,89-9404,20250201,,410428,,1,0,PAK,,,0,0,0,,,,,,,,0,0,0,,20250201181055.801,89-9404
20,MP01,SD,800237,420730057,89-9404,20250201,,164032,,1,0,PAK,,,0,0,0,,,,,,,,0,0,0,,20250201181055.801,89-9404
20,MP01,SD,800184,420730058,89-9404,20250201,,761716,,1,0,PAK,,,0,0,0,,,,,,,,0,0,0,,20250201181055.898,89-9404
20,MP01,SD,800147,420730058,89-9404,20250201,,143865,,1,0,PAK,,,0,0,0,,,,,,,,0,0,0,,20250201181055.898,89-9404
20,MP01,SD,800119,420730058,89-9404,20250201,,410435,,1,0,PAK,,,0,0,0,,,,,,,,0,0,0,,20250201181055.898,89-9404
20,MP01,SD,800237,420730058,89-9404,20250201,,164528,,1,0,PAK,,,0,0,0,,,,,,,,0,0,0,,20250201181056,89-9404
20,MP01,SD,812146,420730058,89-9404,20250201,,10119354,,1,0,PAK,,,0,0,0,,,,,,,,0,0,0,,20250201181056,89-9404
20,MP01,SD,800184,420730059,89-9404,20250201,,756261,,1,0,PAK,,,0,0,0,,,,,,,,0,0,0,,20250201181056,89-9404
20,MP01,SD,800147,420730059,89-9404,20250201,,157345,,1,0,PAK,,,0,0,0,,,,,,,,0,0,0,,20250201181056.102,89-9404
20,MP01,SD,800119,420730059,89-9404,20250201,,411043,,1,0,PAK,,,0,0,0,,,,,,,,0,0,0,,20250201181056.102,89-9404
20,MP01,SD,800237,420730059,89-9404,20250201,,164431,,1,0,PAK,,,0,0,0,,,,,,,,0,0,0,,20250201181056.102,89-9404
20,MP01,SD,812146,420730059,89-9404,20250201,,10127133,,1,0,PAK,,,0,0,0,,,,,,,,0,0,0,,20250201181056.199,89-9404
20,MP01,SD,800184,420730060,89-9404,20250201,,761019,,1,0,PAK,,,0,0,0,,,,,,,,0,0,0,,20250201181056.199,89-9404
20,MP01,SD,800147,420730060,89-9404,20250201,,109990,,1,0,PAK,,,0,0,0,,,,,,,,0,0,0,,20250201181056.199,89-9404
20,MP01,SD,800119,420730060,89-9404,20250201,,629323000803,,1,0,PAK,,,0,0,0,,,,,,,,0,0,0,,20250201181056.301,89-9404
20,MP01,SD,800237,420730060,89-9404,20250201,,161478,,1,0,PAK,,,0,0,0,,,,,,,,0,0,0,,20250201181056.301,89-9404
20,MP01,SD,812146,420730060,89-9404,20250201,,10128631,,1,0,PAK,,,0,0,0,,,,,,,,0,0,0,,20250201181056.301,89-9404
20,MP01,SD,800184,420730061,89-9404,20250201,,761020,,1,0,PAK,,,0,0,0,,,,,,,,0,0,0,,20250201181056.398,89-9404
20,MP01,SD,812146,420730061,89-9404,20250201,,10128632,,1,0,PAK,,,0,0,0,,,,,,,,0,0,0,,20250201181056.398,89-9404
20,MP01,SD,800237,420730061,89-9404,20250201,,161479,,1,0,PAK,,,0,0,0,,,,,,,,0,0,0,,20250201181056.398,89-9404
20,MP01,SD,800147,420730061,89-9404,20250201,,109993,,1,0,PAK,,,0,0,0,,,,,,,,0,0,0,,20250201181056.5,89-9404
20,MP01,SD,800119,420730061,89-9404,20250201,,629323000834,,1,0,PAK,,,0,0,0,,,,,,,,0,0,0,,20250201181056.5,89-9404
20,MP01,SD,800184,420730062,89-9404,20250201,,761021,,1,0,PAK,,,0,0,0,,,,,,,,0,0,0,,20250201181056.5,89-9404
20,MP01,SD,800147,420730062,89-9404,20250201,,109995,,1,0,PAK,,,0,0,0,,,,,,,,0,0,0,,20250201181056.602,89-9404
20,MP01,SD,812146,420730062,89-9404,20250201,,10128633,,1,0,PAK,,,0,0,0,,,,,,,,0,0,0,,20250201181056.602,89-9404
20,MP01,SD,800119,420730062,89-9404,20250201,,629323000865,,1,0,PAK,,,0,0,0,,,,,,,,0,0,0,,20250201181056.602,89-9404
20,MP01,SD,800237,420730062,89-9404,20250201,,165446,,1,0,PAK,,,0,0,0,,,,,,,,0,0,0,,20250201181056.699,89-9404
20,MP01,SD,800147,420730063,89-9404,20250201,,208165,,1,0,PAK,,,0,0,0,,,,,,,,0,0,0,,20250201181056.699,89-9404
20,MP01,SD,800237,420730063,89-9404,20250201,,168634,,1,0,PAK,,,0,0,0,,,,,,,,0,0,0,,20250201181056.801,89-9404
20,MP01,SD,800147,420730064,89-9404,20250201,,208167,,1,0,PAK,,,0,0,0,,,,,,,,0,0,0,,20250201181056.801,89-9404
20,MP01,SD,800237,420730064,89-9404,20250201,,168635,,1,0,PAK,,,0,0,0,,,,,,,,0,0,0,,20250201181056.801,89-9404
20,MP01,SD,800147,420730065,89-9404,20250201,,208164,,1,0,PAK,,,0,0,0,,,,,,,,0,0,0,,20250201181056.898,89-9404
20,MP01,SD,800237,420730065,89-9404,20250201,,168636,,1,0,PAK,,,0,0,0,,,,,,,,0,0,0,,20250201181056.898,89-9404
20,MP01,SD,800309,420730011,89-9404,20250202,,184931,,1,0,PAK,,,0,0,0,,,,,,,,0,0,0,,20250206201248.898,89-1050
20,MP01,SD,800184,420730066,89-9404,20250201,,759000,,1,0,PAK,,,0,0,0,,,,,,,,0,0,0,,20250201181057,89-9404
20,MP01,SD,800237,420730040,89-9404,20250201,,171613,,1,0,PAK,,,0,0,0,,,,,,,,0,0,0,,20251203135836.102,89-9418
20,MP01,SD,812146,420730066,89-9404,20250201,,29823101,,1,0,PAK,,,0,0,0,,,,,,,,0,0,0,,20250201181057,89-9404
20,MP01,SD,800147,420730066,89-9404,20250201,,34869,,1,0,PAK,,,0,0,0,,,,,,,,0,0,0,,20250201181057.102,89-9404
20,MP02,SD,800184,420730289,89-9404,20250201,,436911,,1,0,PAK,,,0,0,0,,,,,,,,0,0,0,,20250228144634.398,89-9404
20,MP01,SD,800147,420730088,89-9404,20250201,,201635,,1,0,PAK,,,0,0,0,,,,,,,,0,0,0,,20250201181058.602,89-9404
20,MP01,SD,800119,420730088,89-9404,20250201,,412064,,1,0,PAK,,,0,0,0,,,,,,,,0,0,0,,20250201181058.699,89-9404
20,MP01,SD,812146,420730088,89-9404,20250201,,10144697,,1,0,PAK,,,0,0,0,,,,,,,,0,0,0,,20250201181058.699,89-9404
20,MP01,SD,800237,420730088,89-9404,20250201,,167077,,1,0,PAK,,,0,0,0,,,,,,,,0,0,0,,20250201181058.699,89-9404
20,MP01,SD,800184,420730089,89-9404,20250201,,758730,,1,0,PAK,,,0,0,0,,,,,,,,0,0,0,,20250201181058.801,89-9404
20,MP01,SD,800147,420730089,89-9404,20250201,,201636,,1,0,PAK,,,0,0,0,,,,,,,,0,0,0,,20250201181058.801,89-9404
20,MP01,SD,812146,420730089,89-9404,20250201,,10144694,,1,0,PAK,,,0,0,0,,,,,,,,0,0,0,,20250201181058.801,89-9404
20,MP01,SD,800119,420730089,89-9404,20250201,,412071,,1,0,PAK,,,0,0,0,,,,,,,,0,0,0,,20250201181058.898,89-9404
20,MP01,SD,800237,420730089,89-9404,20250201,,167076,,1,0,PAK,,,0,0,0,,,,,,,,0,0,0,,20250201181058.898,89-9404
20,MP01,SD,800184,420730090,89-9404,20250201,,758718,,1,0,PAK,,,0,0,0,,,,,,,,0,0,0,,20250201181058.898,89-9404
20,MP01,SD,800147,420730090,89-9404,20250201,,201634,,1,0,PAK,,,0,0,0,,,,,,,,0,0,0,,20250201181059,89-9404
20,MP01,SD,800119,420730090,89-9404,20250201,,412040,,1,0,PAK,,,0,0,0,,,,,,,,0,0,0,,20250201181059,89-9404
20,MP01,SD,800237,420730090,89-9404,20250201,,167074,,1,0,PAK,,,0,0,0,,,,,,,,0,0,0,,20250201181059,89-9404
20,MP01,SD,812146,420730090,89-9404,20250201,,10144696,,1,0,PAK,,,0,0,0,,,,,,,,0,0,0,,20250201181059.102,89-9404
20,MP01,SD,800147,420730092,89-9404,20250201,,216397,,1,0,PAK,,,0,0,0,,,,,,,,0,0,0,,20250201181059.102,89-9404
20,MP01,SD,800237,420730092,89-9404,20250201,,169322,,1,0,PAK,,,0,0,0,,,,,,,,0,0,0,,20250201181059.199,89-9404
20,MP01,SD,800184,420730093,89-9404,20250201,,751504,,1,0,PAK,,,0,0,0,,,,,,,,0,0,0,,20250201181059.199,89-9404
20,MP01,SD,800184,420730102,89-9404,20250201,,754559,,1,0,PAK,,,0,0,0,,,,,,,,0,0,0,,20250201181059.199,89-9404
20,MP01,SD,800147,420730102,89-9404,20250201,,125080,,1,0,PAK,,,0,0,0,,,,,,,,0,0,0,,20250201181059.301,89-9404
20,MP01,SD,800119,420730102,89-9404,20250201,,410756,,1,0,PAK,,,0,0,0,,,,,,,,0,0,0,,20250201181059.301,89-9404
20,MP01,SD,800237,420730102,89-9404,20250201,,162395,,1,0,PAK,,,0,0,0,,,,,,,,0,0,0,,20250201181059.398,89-9404
20,MP01,SD,812146,420730102,89-9404,20250201,,10112741,,1,0,PAK,,,0,0,0,,,,,,,,0,0,0,,20250201181059.398,89-9404
20,MP01,SD,800184,420730103,89-9404,20250201,,756557,,1,0,PAK,,,0,0,0,,,,,,,,0,0,0,,20250201181059.398,89-9404
20,MP01,SD,800147,420730103,89-9404,20250201,,97433,,1,0,PAK,,,0,0,0,,,,,,,,0,0,0,,20250201181059.5,89-9404
20,MP01,SD,800119,420730103,89-9404,20250201,,629323000131,,1,0,PAK,,,0,0,0,,,,,,,,0,0,0,,20250201181059.5,89-9404
20,MP01,SD,800237,420730103,89-9404,20250201,,160708,,1,0,PAK,,,0,0,0,,,,,,,,0,0,0,,20250201181059.5,89-9404
20,MP01,SD,812146,420730103,89-9404,20250201,,10128645,,1,0,PAK,,,0,0,0,,,,,,,,0,0,0,,20250201181059.602,89-9404
20,MP01,SD,800184,420730104,89-9404,20250201,,756550,,1,0,PAK,,,0,0,0,,,,,,,,0,0,0,,20250201181059.602,89-9404
20,MP01,SD,800147,420730104,89-9404,20250201,,97432,,1,0,PAK,,,0,0,0,,,,,,,,0,0,0,,20250201181059.602,89-9404
20,MP01,SD,800119,420730104,89-9404,20250201,,629323000124,,1,0,PAK,,,0,0,0,,,,,,,,0,0,0,,20250201181059.699,89-9404
20,MP01,SD,812146,420730104,89-9404,20250201,,10128644,,1,0,PAK,,,0,0,0,,,,,,,,0,0,0,,20250201181059.699,89-9404
20,MP01,SD,800237,420730104,89-9404,20250201,,160709,,1,0,PAK,,,0,0,0,,,,,,,,0,0,0,,20250201181059.801,89-9404
20,MP01,SD,800147,420730105,89-9404,20250201,,208174,,1,0,PAK,,,0,0,0,,,,,,,,0,0,0,,20250201181059.801,89-9404
20,MP01,SD,800237,420730105,89-9404,20250201,,168633,,1,0,PAK,,,0,0,0,,,,,,,,0,0,0,,20250201181059.801,89-9404
20,MP01,SD,800147,420730106,89-9404,20250201,,218136,,1,0,PAK,,,0,0,0,,,,,,,,0,0,0,,20250201181059.898,89-9404
20,MP01,SD,800237,420730106,89-9404,20250201,,169493,,1,0,PAK,,,0,0,0,,,,,,,,0,0,0,,20250201181059.898,89-9404
20,MP01,SD,800184,420730107,89-9404,20250201,,759929,,1,0,PAK,,,0,0,0,,,,,,,,0,0,0,,20250201181059.898,89-9404
20,MP01,SD,800147,420730107,89-9404,20250201,,106269,,1,0,PAK,,,0,0,0,,,,,,,,0,0,0,,20250201181100,89-9404
20,MP01,SD,800119,420730056,89-9404,20250201,,410404,,1,0,PAK,,,0,0,0,,,,,,,,0,0,0,,20250303192617.801,89-9404
20,MP01,SD,800237,420730107,89-9404,20250201,,161482,,1,0,PAK,,,0,0,0,,,,,,,,0,0,0,,20250201181100,89-9404
20,MP01,SD,812146,420730107,89-9404,20250201,,10128684,,1,0,PAK,,,0,0,0,,,,,,,,0,0,0,,20250201181100.102,89-9404
20,MP01,SD,800147,420730110,89-9404,20250201,,213902,,1,0,PAK,,,0,0,0,,,,,,,,0,0,0,,20250201181100.102,89-9404
20,MP01,SD,800237,420730110,89-9404,20250201,,169132,,1,0,PAK,,,0,0,0,,,,,,,,0,0,0,,20250201181100.199,89-9404
20,MP01,SD,800607,420730139,89-9404,20250201,,21139331,,1,0,PAK,,,0,0,0,,,,,,,,0,0,0,,20250201181103.398,89-9404
20,MP01,SD,800184,420730139,89-9404,20250201,,750449,,1,0,PAK,,,0,0,0,,,,,,,,0,0,0,,20250201181103.398,89-9404
20,MP01,SD,800147,420730139,89-9404,20250201,,59718,,1,0,PAK,,,0,0,0,,,,,,,,0,0,0,,20250201181103.398,89-9404
20,US01,SU,750004,42U195000002,EU01MM02,20250228,,ECONO # 2936847,,1,0,BOT,,,9,0,0,,,,,,,,0,0,0,,20250228145733.199,EU01MM02
20,MP01,SD,800237,420730139,89-9404,20250201,,156383,,1,0,PAK,,,0,0,0,,,,,,,,0,0,0,,20250201181103.5,89-9404
20,MP01,SD,812146,420730139,89-9404,20250201,,39933201,,1,0,PAK,,,0,0,0,,,,,,,,0,0,0,,20250201181103.5,89-9404
20,MP01,SD,800309,420730163,89-1050,20250212,,196442,,1,0,PAK,,,0,0,0,,,,,,,,0,0,0,,20250212160530.301,89-1050
20,MP01,SD,800184,420730140,89-9404,20250201,,750582,,1,0,PAK,,,0,0,0,,,,,,,,0,0,0,,20250201181103.602,89-9404
20,MP01,SD,812146,420730140,89-9404,20250201,,39933301,,1,0,PAK,,,0,0,0,,,,,,,,0,0,0,,20250201181103.699,89-9404
20,MP01,SD,800147,420730140,89-9404,20250201,,59719,,1,0,PAK,,,0,0,0,,,,,,,,0,0,0,,20250201181103.699,89-9404
20,MP01,SD,800119,420730048,89-9404,20250201,,977454,,1,0,PAK,,,0,0,0,,,,,,,,0,0,0,,20250225154017.898,89-9404
20,MP01,SD,800237,420730140,89-9404,20250201,,156384,,1,0,PAK,,,0,0,0,,,,,,,,0,0,0,,20250201181103.801,89-9404
20,MP01,SD,800607,420730141,89-9404,20250201,,21139337,,1,0,PAK,,,0,0,0,,,,,,,,0,0,0,,20250201181103.801,89-9404
20,MP01,SD,800184,420730141,89-9404,20250201,,750398,,1,0,PAK,,,0,0,0,,,,,,,,0,0,0,,20250201181103.801,89-9404
20,MP01,SD,800147,420730141,89-9404,20250201,,86867,,1,0,PAK,,,0,0,0,,,,,,,,0,0,0,,20250201181103.898,89-9404
20,MP02,SD,800184,420730443,89-9404,20260423,,490109,,1,0,PAK,,,0,0,0,,,,,,,,0,0,0,,20260423145235.301,89-9404
20,MP01,SD,812146,420730141,89-9404,20250201,,31790701,,1,0,PAK,,,0,0,0,,,,,,,,0,0,0,,20250201181104,89-9404
20,MP01,SD,800147,420730142,89-9404,20250201,,185123,,1,0,PAK,,,0,0,0,,,,,,,,0,0,0,,20250201181104,89-9404
20,MP01,SD,800119,420730142,89-9404,20250201,,MP.MIRBES150100,,1,0,PAK,,,0,0,0,,,,,,,,0,0,0,,20250201181104,89-9404
20,MP01,SD,800237,420730142,89-9404,20250201,,165982,,1,0,PAK,,,0,0,0,,,,,,,,0,0,0,,20250201181104.102,89-9404
20,MP01,SD,800147,420730143,89-9404,20250201,,185125,,1,0,PAK,,,0,0,0,,,,,,,,0,0,0,,20250201181104.102,89-9404
20,MP01,SD,800119,420730143,89-9404,20250201,,MP.MIRBES300100,,1,0,PAK,,,0,0,0,,,,,,,,0,0,0,,20250201181104.102,89-9404
20,MP01,SD,800237,420730143,89-9404,20250201,,165983,,1,0,PAK,,,0,0,0,,,,,,,,0,0,0,,20250201181104.199,89-9404
20,MP01,SD,800147,420730144,89-9404,20250201,,185122,,1,0,PAK,,,0,0,0,,,,,,,,0,0,0,,20250201181104.199,89-9404
20,MP01,SD,800119,420730144,89-9404,20250201,,MP.MIRBES75100,,1,0,PAK,,,0,0,0,,,,,,,,0,0,0,,20250201181104.301,89-9404
20,MP01,SD,800237,420730144,89-9404,20250201,,165981,,1,0,PAK,,,0,0,0,,,,,,,,0,0,0,,20250201181104.301,89-9404
20,MP01,SD,800184,420730145,89-9404,20250201,,754774,,1,0,PAK,,,0,0,0,,,,,,,,0,0,0,,20250201181104.301,89-9404
20,MP01,SD,812146,420730145,89-9404,20250201,,27107601,,1,0,PAK,,,0,0,0,,,,,,,,0,0,0,,20250201181104.398,89-9404
20,MP01,SD,800237,420730001,89-9404,20250201,,168568,,1,0,PAK,,,0,0,0,,,,,,,,0,0,0,,20250207121250.602,89-1050
20,MP01,SD,800119,420730145,89-9404,20250201,,18312,,1,0,PAK,,,0,0,0,,,,,,,,0,0,0,,20250310202413.301,89-9404
20,MP01,SD,800147,420730145,89-9404,20250201,,246967,,1,0,PAK,,,0,0,0,,,,,,,,0,0,0,,20250201181104.5,89-9404
20,MP01,SD,800184,420730146,89-9404,20250201,,754775,,1,0,PAK,,,0,0,0,,,,,,,,0,0,0,,20250201181104.5,89-9404
20,MP01,SD,800147,420730146,89-9404,20250201,,244632,,1,0,PAK,,,0,0,0,,,,,,,,0,0,0,,20250201181104.5,89-9404
20,MP01,SD,800309,420730241,89-9404,20250201,,66198,,1,0,PAK,,,0,0,0,,,,,,,,0,0,0,,20250318122231.699,89-9404
20,MP01,SD,812146,420730146,89-9404,20250201,,27107101,,1,0,PAK,,,0,0,0,,,,,,,,0,0,0,,20250201181104.602,89-9404
20,MP01,SD,800607,420730147,89-9404,20250201,,21139270,,1,0,PAK,,,0,0,0,,,,,,,,0,0,0,,20250201181104.699,89-9404
20,MP01,SD,800184,420730147,89-9404,20250201,,757545,,1,0,PAK,,,0,0,0,,,,,,,,0,0,0,,20250201181104.699,89-9404
20,MP01,SD,812146,420730147,89-9404,20250201,,31324201,,1,0,PAK,,,0,0,0,,,,,,,,0,0,0,,20250201181104.699,89-9404
20,MP01,SD,800147,420730147,89-9404,20250201,,69699,,1,0,PAK,,,0,0,0,,,,,,,,0,0,0,,20250201181104.801,89-9404
20,MP01,SD,800119,420730147,89-9404,20250201,,105408,,1,0,PAK,,,0,0,0,,,,,,,,0,0,0,,20250201181104.801,89-9404
20,MP01,SD,800184,420730148,89-9404,20250201,,757547,,1,0,PAK,,,0,0,0,,,,,,,,0,0,0,,20250201181104.801,89-9404
20,MP01,SD,800147,420730148,89-9404,20250201,,69701,,1,0,PAK,,,0,0,0,,,,,,,,0,0,0,,20250201181104.898,89-9404
20,MP01,SD,800119,420730148,89-9404,20250201,,105335,,1,0,PAK,,,0,0,0,,,,,,,,0,0,0,,20250201181104.898,89-9404
20,MP01,SD,800147,420730194,89-9404,20250201,,88843,,1,0,PAK,,,0,0,0,,,,,,,,0,0,0,,20250201181109.699,89-9404
20,MP01,SD,812146,420730194,89-9404,20250201,,31242301,,1,0,PAK,,,0,0,0,,,,,,,,0,0,0,,20250201181109.801,89-9404
20,MP01,SD,800119,420730194,89-9404,20250201,,103474,,1,0,PAK,,,0,0,0,,,,,,,,0,0,0,,20250201181109.801,89-9404
20,MP01,SD,800237,420730194,89-9404,20250201,,169357,,1,0,PAK,,,0,0,0,,,,,,,,0,0,0,,20250201181109.898,89-9404
20,MP01,SD,800607,420730195,89-9404,20250201,,21013347,,1,0,PAK,,,0,0,0,,,,,,,,0,0,0,,20250201181109.898,89-9404
20,MP01,SD,800184,420730195,89-9404,20250201,,751404,,1,0,PAK,,,0,0,0,,,,,,,,0,0,0,,20250201181109.898,89-9404
20,MP01,SD,812146,420730195,89-9404,20250201,,31224401,,1,0,PAK,,,0,0,0,,,,,,,,0,0,0,,20250201181110,89-9404
20,MP01,SD,800147,420730195,89-9404,20250201,,88842,,1,0,PAK,,,0,0,0,,,,,,,,0,0,0,,20250201181110,89-9404
20,MP01,SD,800309,420730159,89-9404,20250201,,94290,,1,0,PAK,,,0,0,0,,,,,,,,0,0,0,,20250204154700.398,89-9404
20,MP01,SD,800237,420730195,89-9404,20250201,,163813,,1,0,PAK,,,0,0,0,,,,,,,,0,0,0,,20250201181110.102,89-9404
20,MP01,SD,800184,420730196,89-9404,20250201,,761038,,1,0,PAK,,,0,0,0,,,,,,,,0,0,0,,20250201181110.102,89-9404
20,MP01,SD,800147,420730196,89-9404,20250201,,109998,,1,0,PAK,,,0,0,0,,,,,,,,0,0,0,,20250201181110.199,89-9404
20,MP01,SD,812146,420730196,89-9404,20250201,,10128790,,1,0,PAK,,,0,0,0,,,,,,,,0,0,0,,20250201181110.199,89-9404
20,MP01,SD,800237,420730196,89-9404,20250201,,161484,,1,0,PAK,,,0,0,0,,,,,,,,0,0,0,,20250201181110.199,89-9404
20,MP01,SD,800119,420730196,89-9404,20250201,,629323900516,,1,0,PAK,,,0,0,0,,,,,,,,0,0,0,,20250201181110.301,89-9404
20,MP01,SD,800184,420730198,89-9404,20250201,,757216,,1,0,PAK,,,0,0,0,,,,,,,,0,0,0,,20250201181110.301,89-9404
20,MP01,SD,800147,420730198,89-9404,20250201,,111818,,1,0,PAK,,,0,0,0,,,,,,,,0,0,0,,20250201181110.301,89-9404
20,MP01,SD,800237,420730198,89-9404,20250201,,161491,,1,0,PAK,,,0,0,0,,,,,,,,0,0,0,,20250201181110.398,89-9404
20,MP01,SD,812146,420730198,89-9404,20250201,,10128791,,1,0,PAK,,,0,0,0,,,,,,,,0,0,0,,20250201181110.398,89-9404
20,MP01,SD,800119,420730198,89-9404,20250201,,900530,,1,0,PAK,,,0,0,0,,,,,,,,0,0,0,,20250201181110.398,89-9404
20,MP01,SD,800184,420730199,89-9404,20250201,,761289,,1,0,PAK,,,0,0,0,,,,,,,,0,0,0,,20250201181110.5,89-9404
20,MP01,SD,800147,420730199,89-9404,20250201,,113683,,1,0,PAK,,,0,0,0,,,,,,,,0,0,0,,20250201181110.5,89-9404
20,MP01,SD,800119,420730199,89-9404,20250201,,900523,,1,0,PAK,,,0,0,0,,,,,,,,0,0,0,,20250201181110.602,89-9404
20,MP01,SD,800184,420730200,89-9404,20250201,,761039,,1,0,PAK,,,0,0,0,,,,,,,,0,0,0,,20250201181110.602,89-9404
20,MP01,SD,800147,420730200,89-9404,20250201,,110000,,1,0,PAK,,,0,0,0,,,,,,,,0,0,0,,20250201181110.602,89-9404
20,MP01,SD,800119,420730200,89-9404,20250201,,629323900554,,1,0,PAK,,,0,0,0,,,,,,,,0,0,0,,20250201181110.699,89-9404
20,MP01,SD,812146,420730200,89-9404,20250201,,10128794,,1,0,PAK,,,0,0,0,,,,,,,,0,0,0,,20250201181110.699,89-9404
20,MP01,SD,800237,420730200,89-9404,20250201,,161492,,1,0,PAK,,,0,0,0,,,,,,,,0,0,0,,20250201181110.699,89-9404
20,MP01,SD,800184,420730201,89-9404,20250201,,761290,,1,0,PAK,,,0,0,0,,,,,,,,0,0,0,,20250201181110.801,89-9404
20,MP01,SD,800147,420730201,89-9404,20250201,,113685,,1,0,PAK,,,0,0,0,,,,,,,,0,0,0,,20250201181110.801,89-9404
20,MP01,SD,812146,420730201,89-9404,20250201,,10128796,,1,0,PAK,,,0,0,0,,,,,,,,0,0,0,,20250201181110.898,89-9404
20,MP01,SD,800119,420730201,89-9404,20250201,,629323900547,,1,0,PAK,,,0,0,0,,,,,,,,0,0,0,,20250201181110.898,89-9404
20,MP01,SD,800184,420730202,89-9404,20250201,,757221,,1,0,PAK,,,0,0,0,,,,,,,,0,0,0,,20250201181110.898,89-9404
20,MP01,SD,800147,420730202,89-9404,20250201,,97443,,1,0,PAK,,,0,0,0,,,,,,,,0,0,0,,20250201181111,89-9404
20,MP01,SD,800119,420730202,89-9404,20250201,,629323000353,,1,0,PAK,,,0,0,0,,,,,,,,0,0,0,,20250201181111,89-9404
20,MP01,SD,800237,420730202,89-9404,20250201,,160213,,1,0,PAK,,,0,0,0,,,,,,,,0,0,0,,20250201181111,89-9404
20,MP01,SD,812146,420730202,89-9404,20250201,,10128754,,1,0,PAK,,,0,0,0,,,,,,,,0,0,0,,20250201181111.102,89-9404
20,MP01,SD,800184,420730203,89-9404,20250201,,759145,,1,0,PAK,,,0,0,0,,,,,,,,0,0,0,,20250201181111.102,89-9404
20,MP01,SD,800147,420730203,89-9404,20250201,,103890,,1,0,PAK,,,0,0,0,,,,,,,,0,0,0,,20250201181111.102,89-9404
20,MP01,SD,800119,420730203,89-9404,20250201,,629323000728,,1,0,PAK,,,0,0,0,,,,,,,,0,0,0,,20250201181111.199,89-9404
20,MP01,SD,812146,420730203,89-9404,20250201,,10128819,,1,0,PAK,,,0,0,0,,,,,,,,0,0,0,,20250201181111.199,89-9404
20,MP01,SD,800184,420730204,89-9404,20250201,,757218,,1,0,PAK,,,0,0,0,,,,,,,,0,0,0,,20250201181111.301,89-9404
20,MP01,SD,812146,420730204,89-9404,20250201,,10128797,,1,0,PAK,,,0,0,0,,,,,,,,0,0,0,,20250201181111.301,89-9404
20,MP02,SD,800309,420730286,89-9404,20250201,,109578,,1,0,PAK,,,0,0,0,,,,,,,,0,0,0,,20250201181120.102,89-9404
20,MP01,SD,800147,420730101,89-1050,20250219,,221917,,1,0,PAK,,,0,0,0,,,,,,,,0,0,0,,20250219131428.301,89-1050
20,MP02,SD,800309,420730293,89-9404,20250201,,133903,,1,0,PAK,,,0,0,0,,,,,,,,0,0,0,,20250201181120.199,89-9404
20,MP02,SD,800309,420730296,89-9404,20250201,,152937,,1,0,PAK,,,0,0,0,,,,,,,,0,0,0,,20250201181120.301,89-9404
20,MP02,SD,800309,420730298,89-9404,20250201,,152935,,1,0,PAK,,,0,0,0,,,,,,,,0,0,0,,20250201181120.301,89-9404
20,MP02,SD,800309,420730301,89-9404,20250201,,152907,,1,0,PAK,,,0,0,0,,,,,,,,0,0,0,,20250201181120.398,89-9404
20,MP02,SD,800309,420730303,89-9404,20250201,,146962,,1,0,PAK,,,0,0,0,,,,,,,,0,0,0,,20250201181120.398,89-9404
20,MP02,SD,800309,420730309,89-9404,20250201,,153279,,1,0,PAK,,,0,0,0,,,,,,,,0,0,0,,20250201181120.5,89-9404
20,MP02,SD,800309,420730313,89-9404,20250201,,171437,,1,0,PAK,,,0,0,0,,,,,,,,0,0,0,,20250201181120.602,89-9404
20,MP02,SD,800309,420730317,89-9404,20250201,,178208,,1,0,PAK,,,0,0,0,,,,,,,,0,0,0,,20250201181120.602,89-9404
20,MP02,SD,800147,420730300,89-9404,20250202,,152366,,1,0,PAK,,,0,0,0,,,,,,,,0,0,0,,20250410122207.102,89-9404
20,MP02,SD,800309,420730324,89-9404,20250201,,182361,,1,0,PAK,,,0,0,0,,,,,,,,0,0,0,,20250201181120.699,89-9404
20,MP02,SD,800309,420730327,89-9404,20250201,,186531,,1,0,PAK,,,0,0,0,,,,,,,,0,0,0,,20250201181120.801,89-9404
20,MP02,SD,800309,420730330,89-9404,20250201,,191047,,1,0,PAK,,,0,0,0,,,,,,,,0,0,0,,20250201181120.801,89-9404
20,MP01,SD,800309,420730001,89-9404,20250201,,186828,,1,0,PAK,,,0,0,0,,,,,,,,0,0,0,,20250201181120.898,89-9404
20,MP02,SD,800309,420730332,89-9404,20250201,,118081,,1,0,PAK,,,0,0,0,,,,,,,,0,0,0,,20250201181120.898,89-9404
20,MP02,SD,800309,420730335,89-9404,20250201,,115306,,1,0,PAK,,,0,0,0,,,,,,,,0,0,0,,20250201181121,89-9404
20,MP01,SD,800184,420730236,89-1050,20250207,,753007,,1,0,PAK,,,0,0,0,,,,,,,,0,0,0,,20250206202033.898,89-1050
20,MP01,SD,800309,420730010,89-9404,20250201,,177494,,1,0,PAK,,,0,0,0,,,,,,,,0,0,0,,20250204155721,89-9404
20,MP01,SD,800309,420730013,89-9404,20250201,,184933,,1,0,PAK,,,0,0,0,,,,,,,,0,0,0,,20250204155721,89-9404
20,MP01,SD,800309,420730014,89-9404,20250202,,184919,,1,0,PAK,,,0,0,0,,,,,,,,0,0,0,,20250204155721,89-9404
20,MP01,SD,800309,420730017,89-9404,20250202,,194385,,1,0,PAK,,,0,0,0,,,,,,,,0,0,0,,20250204155721,89-9404
20,MP02,SD,801746,420730301,89-9404,20250202,,6456669,,1,0,PAK,,,0,0,0,,,,,,,,0,0,0,,20250210203438,89-1050
20,MP01,SD,800309,420730019,89-9404,20250202,,194387,,1,0,PAK,,,0,0,0,,,,,,,,0,0,0,,20250204135931.301,89-9404
20,MP01,SD,800309,420730024,89-9404,20250202,,181363,,1,0,PAK,,,0,0,0,,,,,,,,0,0,0,,20250204155721,89-9404
20,MP01,SD,800309,420730026,89-9404,20250201,,78560,,1,0,PAK,,,0,0,0,,,,,,,,0,0,0,,20250201181121.5,89-9404
20,MP01,SD,800309,420730012,89-9404,20250202,,184930,,1,0,PAK,,,0,0,0,,,,,,,,0,0,0,,20250204182927.898,89-9404
20,MP01,SD,800309,420730030,89-9404,20250201,,158310,,1,0,PAK,,,0,0,0,,,,,,,,0,0,0,,20250201181121.602,89-9404
20,MP01,SD,800309,420730034,89-9404,20250201,,181243,,1,0,PAK,,,0,0,0,,,,,,,,0,0,0,,20250201181121.699,89-9404
20,MP01,SD,800309,420730036,89-9404,20250201,,194260,,1,0,PAK,,,0,0,0,,,,,,,,0,0,0,,20250201181121.699,89-9404
20,MP01,SD,800309,420730021,89-9404,20250202,,194386,,1,0,PAK,,,0,0,0,,,,,,,,0,0,0,,20250204140017.898,89-9404
20,MP01,SD,800309,420730041,89-9404,20250201,,145900,,1,0,PAK,,,0,0,0,,,,,,,,0,0,0,,20250201181121.801,89-9404
20,MP02,SD,801746,420730292,89-9404,20250202,,6456768,,1,0,PAK,,,0,0,0,,,,,,,,0,0,0,,20250210203438,89-1050
20,MP01,SD,800309,420730002,89-9404,20250201,,195937,,1,0,PAK,,,0,0,0,,,,,,,,0,0,0,,20250204183905.5,89-9404
20,MP01,SD,800309,420730049,89-9404,20250201,,472928,,1,0,PAK,,,0,0,0,,,,,,,,0,0,0,,20250201181122,89-9404
20,MP01,SD,800309,420730051,89-9404,20250201,,468223,,1,0,PAK,,,0,0,0,,,,,,,,0,0,0,,20250201181122,89-9404
20,MP01,SD,800309,420730081,89-9404,20250201,,97540,,1,0,PAK,,,0,0,0,,,,,,,,0,0,0,,20250204184054.801,89-9404
20,MP01,SD,800309,420730056,89-9404,20250201,,184923,,1,0,PAK,,,0,0,0,,,,,,,,0,0,0,,20250201181122.199,89-9404
20,MP01,SD,800309,420730058,89-9404,20250201,,184936,,1,0,PAK,,,0,0,0,,,,,,,,0,0,0,,20250201181122.199,89-9404
20,MP01,SD,800309,420730060,89-9404,20250201,,171539,,1,0,PAK,,,0,0,0,,,,,,,,0,0,0,,20250201181122.301,89-9404
20,MP01,SD,800309,420730062,89-9404,20250201,,171540,,1,0,PAK,,,0,0,0,,,,,,,,0,0,0,,20250201181122.301,89-9404
20,MP01,SD,800309,420730064,89-9404,20250201,,192028,,1,0,PAK,,,0,0,0,,,,,,,,0,0,0,,20250201181122.398,89-9404
20,MP01,SD,800309,420730068,89-9404,20250201,,159284,,1,0,PAK,,,0,0,0,,,,,,,,0,0,0,,20250201181122.398,89-9404
20,MP01,SD,800309,420730111,89-9404,20250202,,181373,,1,0,PAK,,,0,0,0,,,,,,,,0,0,0,,20250201184815.801,89-9404
20,MP01,SD,800309,420730112,89-9404,20250202,,181379,,1,0,PAK,,,0,0,0,,,,,,,,0,0,0,,20250201184815.801,89-9404
20,MP01,SD,800309,420730116,89-9404,20250202,,181380,,1,0,PAK,,,0,0,0,,,,,,,,0,0,0,,20250201184815.801,89-9404
20,MP01,SD,800309,420730119,89-9404,20250202,,181411,,1,0,PAK,,,0,0,0,,,,,,,,0,0,0,,20250201184815.801,89-9404
20,MP01,SD,800309,420730123,89-9404,20250202,,195835,,1,0,PAK,,,0,0,0,,,,,,,,0,0,0,,20250201184815.801,89-9404
20,MP01,SD,800309,420730125,89-9404,20250202,,188376,,1,0,PAK,,,0,0,0,,,,,,,,0,0,0,,20250201184815.801,89-9404
20,MP01,SD,800309,420730133,89-9404,20250202,,200760,,1,0,PAK,,,0,0,0,,,,,,,,0,0,0,,20250708124626.602,89-9404
20,MP01,SD,800309,420730134,89-9404,20250202,,88022,,1,0,PAK,,,0,0,0,,,,,,,,0,0,0,,20250201184815.801,89-9404
20,MP01,SD,800309,420730136,89-9404,20250202,,122684,,1,0,PAK,,,0,0,0,,,,,,,,0,0,0,,20250201184815.801,89-9404
20,MP01,SD,800309,420730043,89-9404,20250202,,6081,,1,0,PAK,,,0,0,0,,,,,,,,0,0,0,,20250204184608.102,89-9404
20,MP01,SD,800147,420730094,89-1050,20250212,,221905,,1,0,PAK,,,0,0,0,,,,,,,,0,0,0,,20250212181346.602,89-1050
20,MP01,SD,800309,420730141,89-9404,20250202,,115577,,1,0,PAK,,,0,0,0,,,,,,,,0,0,0,,20250201184815.801,89-9404
20,MP01,SD,800309,420730143,89-9404,20250202,,193954,,1,0,PAK,,,0,0,0,,,,,,,,0,0,0,,20250201184815.801,89-9404
20,MP01,SD,800309,420730028,89-9404,20250201,,78561,,1,0,PAK,,,0,0,0,,,,,,,,0,0,0,,20250204185807.602,89-9404
20,MP01,SD,800309,420730147,89-9404,20250202,,105408,,1,0,PAK,,,0,0,0,,,,,,,,0,0,0,,20250201184815.801,89-9404
20,MP01,SD,800309,420730148,89-9404,20250202,,105335,,1,0,PAK,,,0,0,0,,,,,,,,0,0,0,,20250201184815.801,89-9404
20,MP01,SD,800309,420730066,89-9404,20250202,,81275,,1,0,PAK,,,0,0,0,,,,,,,,0,0,0,,20250214135029.102,89-1050
20,MP01,SD,800309,420730154,89-9404,20250202,,181365,,1,0,PAK,,,0,0,0,,,,,,,,0,0,0,,20250201184815.801,89-9404
20,MP01,SD,800309,420730160,89-9404,20250202,,115575,,1,0,PAK,,,0,0,0,,,,,,,,0,0,0,,20250201184815.801,89-9404
20,MP01,SD,800309,420730161,89-9404,20250202,,144825,,1,0,PAK,,,0,0,0,,,,,,,,0,0,0,,20250201184815.801,89-9404
20,MP01,SD,800309,420730165,89-9404,20250202,,192004,,1,0,PAK,,,0,0,0,,,,,,,,0,0,0,,20250201184815.801,89-9404
20,MP01,SD,800309,420730167,89-9404,20250202,,192410,,1,0,PAK,,,0,0,0,,,,,,,,0,0,0,,20250201184815.801,89-9404
20,MP01,SD,800309,420730173,89-9404,20250202,,184926,,1,0,PAK,,,0,0,0,,,,,,,,0,0,0,,20250201184815.801,89-9404
20,MP01,SD,800309,420730179,89-9404,20250202,,181378,,1,0,PAK,,,0,0,0,,,,,,,,0,0,0,,20250201184815.801,89-9404
20,MP01,SD,800309,420730182,89-9404,20250202,,184946,,1,0,PAK,,,0,0,0,,,,,,,,0,0,0,,20250201184815.801,89-9404
20,MP01,SD,800309,420730183,89-9404,20250202,,184925,,1,0,PAK,,,0,0,0,,,,,,,,0,0,0,,20250201184815.801,89-9404
20,MP01,SD,800309,420730186,89-9404,20250202,,107167,,1,0,PAK,,,0,0,0,,,,,,,,0,0,0,,20250201184815.801,89-9404
20,MP01,SD,800309,420730188,89-9404,20250202,,184928,,1,0,PAK,,,0,0,0,,,,,,,,0,0,0,,20250201184815.801,89-9404
20,MP01,SD,800309,420730194,89-9404,20250202,,103474,,1,0,PAK,,,0,0,0,,,,,,,,0,0,0,,20250201184815.801,89-9404
20,MP01,SD,800309,420730198,89-9404,20250202,,192404,,1,0,PAK,,,0,0,0,,,,,,,,0,0,0,,20250201184815.801,89-9404
20,MP01,SD,800309,420730200,89-9404,20250202,,192406,,1,0,PAK,,,0,0,0,,,,,,,,0,0,0,,20250201184815.801,89-9404
20,MP01,SD,800309,420730205,89-9404,20250202,,181418,,1,0,PAK,,,0,0,0,,,,,,,,0,0,0,,20250201184815.801,89-9404
20,MP01,SD,800309,420730206,89-9404,20250202,,189695,,1,0,PAK,,,0,0,0,,,,,,,,0,0,0,,20250201184815.801,89-9404
20,MP01,SD,800309,420730210,89-9404,20250202,,181423,,1,0,PAK,,,0,0,0,,,,,,,,0,0,0,,20250201184815.801,89-9404
20,MP01,SD,800309,420730236,89-9404,20250202,,189031,,1,0,PAK,,,0,0,0,,,,,,,,0,0,0,,20250201184815.801,89-9404
20,MP01,SD,800309,420730237,89-9404,20250202,,191010,,1,0,PAK,,,0,0,0,,,,,,,,0,0,0,,20250201184815.801,89-9404
20,MP01,SD,800309,420730239,89-9404,20250202,,190087,,1,0,PAK,,,0,0,0,,,,,,,,0,0,0,,20250201184815.801,89-9404
20,MP01,SD,800309,420730240,89-9404,20250202,,187398,,1,0,PAK,,,0,0,0,,,,,,,,0,0,0,,20250201184815.801,89-9404
20,MP01,SD,800309,420730242,89-9404,20250202,,162581,,1,0,PAK,,,0,0,0,,,,,,,,0,0,0,,20250201184815.801,89-9404
20,MP01,SD,800309,420730244,89-9404,20250202,,184947,,1,0,PAK,,,0,0,0,,,,,,,,0,0,0,,20250201184815.801,89-9404
20,MP01,SD,800309,420730246,89-9404,20250202,,164809,,1,0,PAK,,,0,0,0,,,,,,,,0,0,0,,20250201184815.801,89-9404
20,MP01,SD,800309,420730137,89-9404,20250202,,98156,,1,0,PAK,,,0,0,0,,,,,,,,0,0,0,,20250204190043.699,89-9404
20,MP01,SD,800309,420730259,89-9404,20250202,,181384,,1,0,PAK,,,0,0,0,,,,,,,,0,0,0,,20250201184815.801,89-9404
20,MP01,SD,800184,420730206,89-1050,20250212,,760320,,1,0,PAK,,,0,0,0,,,,,,,,0,0,0,,20250212151515.301,89-1050
20,MP01,SD,800607,420730161,89-1050,20250213,,21657087,,1,0,PAK,,,0,0,0,,,,,,,,0,0,0,,20250213140107.5,89-1050
20,MP01,SD,800607,420730160,89-1050,20250213,,21639153,,1,0,PAK,,,0,0,0,,,,,,,,0,0,0,,20250213140107.5,89-1050
20,MP01,SD,800607,420730140,89-9404,20250201,,21139320,,1,0,PAK,,,0,0,0,,,,,,,,0,0,0,,20250213140312.5,89-1050
20,MP01,SD,800607,420730081,89-9404,20250201,,21139250,,1,0,PAK,,,0,0,0,,,,,,,,0,0,0,,20250213140426.102,89-1050
20,MP01,SD,800184,420730264,89-1050,20250213,,754152,,1,0,PAK,,,0,0,0,,,,,,,,0,0,0,,20250213160454.602,89-1050
20,MP01,SD,800184,420730170,89-1050,20250213,,754274,,1,0,PAK,,,0,0,0,,,,,,,,0,0,0,,20250213160454.602,89-1050
20,MP01,SD,800184,420730171,89-1050,20250213,,754146,,1,0,PAK,,,0,0,0,,,,,,,,0,0,0,,20250213160454.602,89-1050
20,MP01,SD,800119,420730169,89-9418,20250912,,MMETXR55,,1,0,PAK,,,0,0,0,,,,,,,,0,0,0,,20250912172114.398,89-9418
20,MP02,SD,800147,420730316,89-9404,20250201,,194822,,1,0,PAK,,,0,0,0,,,,,,,,0,0,0,,20250213161231,89-1050
20,MP02,SD,800147,420730302,89-9404,20250201,,141249,,1,0,PAK,,,0,0,0,,,,,,,,0,0,0,,20251117181141.102,89-9404
20,MP02,SD,800147,420730287,89-9404,20250201,,108422,,1,0,PAK,,,0,0,0,,,,,,,,0,0,0,,20250213161415.699,89-1050
20,MP01,SD,800309,420730150,89-9404,20250202,,51550,,1,0,PAK,,,0,0,0,,,,,,,,0,0,0,,20250214140148.199,89-1050
20,MP01,SD,800309,420730171,89-9404,20250214,,196468,,1,0,PAK,,,0,0,0,,,,,,,,0,0,0,,20250214140734.898,89-9404
20,MP02,SD,800184,420730332,89-9404,20250201,,150099,,1,0,PAK,,,0,0,0,,,,,,,,0,0,0,,20250217132630.102,89-1050
20,MP02,SD,800184,420730338,89-1050,20250217,,436695,,1,0,PAK,,,0,0,0,,,,,,,,0,0,0,,20250217134959.398,89-1050
20,MP01,SD,800237,420730192,89-1050,20250217,,170384,,1,0,PAK,,,0,0,0,,,,,,,,0,0,0,,20250217135559.699,89-1050
20,MP01,SD,800237,420730193,89-1050,20250217,,170386,,1,0,PAK,,,0,0,0,,,,,,,,0,0,0,,20250217135559.699,89-1050
20,MP01,SD,800237,420730170,89-1050,20250217,,170209,,1,0,PAK,,,0,0,0,,,,,,,,0,0,0,,20250217142021.301,89-1050
20,MP01,SD,800309,420730016,89-1050,20250217,,196473,,1,0,PAK,,,0,0,0,,,,,,,,0,0,0,,20250217143811.301,89-1050
20,MP01,SD,800309,420730192,89-1050,20250217,,197235,,1,0,PAK,,,0,0,0,,,,,,,,0,0,0,,20250217143811.301,89-1050
20,MP01,SD,800309,420730193,89-1050,20250217,,197239,,1,0,PAK,,,0,0,0,,,,,,,,0,0,0,,20250217143811.301,89-1050
20,MP01,SD,800147,420730018,89-1050,20250219,,223600,,1,0,PAK,,,0,0,0,,,,,,,,0,0,0,,20250219131428.301,89-1050
20,MP01,SD,800147,420730023,89-1050,20250219,,223609,,1,0,PAK,,,0,0,0,,,,,,,,0,0,0,,20250219131428.301,89-1050
20,MP01,SD,800147,420730164,89-1050,20250219,,224121,,1,0,PAK,,,0,0,0,,,,,,,,0,0,0,,20250219131428.301,89-1050
20,MP01,SD,800147,420730264,89-1050,20250219,,227275,,1,0,PAK,,,0,0,0,,,,,,,,0,0,0,,20250219131428.301,89-1050
20,MP01,SD,800147,420730170,89-1050,20250219,,228119,,1,0,PAK,,,0,0,0,,,,,,,,0,0,0,,20250219131428.301,89-1050
20,MP01,SD,800147,420730171,89-1050,20250219,,228123,,1,0,PAK,,,0,0,0,,,,,,,,0,0,0,,20250219131428.301,89-1050
20,MP02,SD,800147,420730290,89-9404,20250201,,108427,,1,0,PAK,,,0,0,0,,,,,,,,0,0,0,,20250219132241.199,89-1050
20,MP02,SD,800147,420730301,89-9404,20250201,,140980,,1,0,PAK,,,0,0,0,,,,,,,,0,0,0,,20250219132359.199,89-1050
20,MP01,SD,800238,420730050,89-9404,20250220,,136037,,1,0,PAK,,,0,0,0,,,,,,,,0,0,0,,20250220141126.301,89-9404
20,MP01,SD,800238,420730047,89-9404,20250220,,147613,,1,0,PAK,,,0,0,0,,,,,,,,0,0,0,,20250220141149.801,89-9404
20,MP01,SD,800238,420730048,89-9404,20250220,,152636,,1,0,PAK,,,0,0,0,,,,,,,,0,0,0,,20250220141218.199,89-9404
20,MP01,SD,800238,420730053,89-9404,20250220,,164343,,1,0,PAK,,,0,0,0,,,,,,,,0,0,0,,20250220141239.602,89-9404
20,MP01,SD,800238,420730266,89-9404,20250220,,165134,,1,0,PAK,,,0,0,0,,,,,,,,0,0,0,,20250220141305.699,89-9404
20,MP01,SD,800238,420730267,89-9404,20250220,,165135,,1,0,PAK,,,0,0,0,,,,,,,,0,0,0,,20250220142034.699,89-9404
20,MP01,SD,800184,420730189,89-9404,20250220,,761618,,1,0,PAK,,,0,0,0,,,,,,,,0,0,0,,20250220143023.199,89-9404
20,MP01,SD,800237,420730096,89-1091,20250220,,169878,,1,0,PAK,,,0,0,0,,,,,,,,0,0,0,,20250220150813.602,89-1091
20,MP01,SD,800237,420730122,89-1091,20250220,,170134,,1,0,PAK,,,0,0,0,,,,,,,,0,0,0,,20250220150813.602,89-1091
20,MP01,SD,800237,420730123,89-1091,20250220,,170135,,1,0,PAK,,,0,0,0,,,,,,,,0,0,0,,20250220150813.602,89-1091
20,MP01,SD,800147,420730220,89-9404,20250222,,227879,,1,0,PAK,,,0,0,0,,,,,,,,0,0,0,,20250221185151.5,89-9404
20,MP01,SD,800147,420730224,89-9404,20250222,,227880,,1,0,PAK,,,0,0,0,,,,,,,,0,0,0,,20250221185226.801,89-9404
20,MP01,SD,800147,420730222,89-9404,20250222,,227878,,1,0,PAK,,,0,0,0,,,,,,,,0,0,0,,20250221185249.398,89-9404
20,MP01,SD,800238,420730240,89-9418,20250828,,164033,,1,0,PAK,,,0,0,0,,,,,,,,0,0,0,,20250828135932.602,89-9418
20,MP01,SD,800238,420730234,89-9418,20250828,,164034,,1,0,PAK,,,0,0,0,,,,,,,,0,0,0,,20250828135932.602,89-9418
20,MP01,SD,800238,420730025,89-9418,20250828,,164263,,1,0,PAK,,,0,0,0,,,,,,,,0,0,0,,20250828135932.602,89-9418
20,MP01,SD,800238,420730115,89-9418,20250828,,164526,,1,0,PAK,,,0,0,0,,,,,,,,0,0,0,,20250828135932.602,89-9418
20,MP01,SD,800238,420730058,89-9418,20250828,,164528,,1,0,PAK,,,0,0,0,,,,,,,,0,0,0,,20250828135932.602,89-9418
20,MP01,SD,800238,420730190,89-9418,20250828,,164626,,1,0,PAK,,,0,0,0,,,,,,,,0,0,0,,20250828135932.602,89-9418
20,MP01,SD,800238,420730144,89-9418,20250828,,165981,,1,0,PAK,,,0,0,0,,,,,,,,0,0,0,,20250828135932.602,89-9418
20,MP01,SD,800238,420730256,89-9418,20250828,,164981,,1,0,PAK,,,0,0,0,,,,,,,,0,0,0,,20250828135932.602,89-9418
20,MP01,SD,800238,420730186,89-9418,20250828,,,,1,0,PAK,,,0,0,0,,,,,,,,0,0,0,,20250828140307.398,89-9418
20,MP01,SD,800238,420730125,89-9418,20250828,,162634,,1,0,PAK,,,0,0,0,,,,,,,,0,0,0,,20250828135932.602,89-9418
20,MP01,SD,800238,420730024,89-9418,20250828,,165532,,1,0,PAK,,,0,0,0,,,,,,,,0,0,0,,20250828135932.602,89-9418
20,MP01,SD,800238,420730118,89-9418,20250828,,165534,,1,0,PAK,,,0,0,0,,,,,,,,0,0,0,,20250828135932.602,89-9418
20,MP01,SD,800238,420730177,89-9418,20250828,,165705,,1,0,PAK,,,0,0,0,,,,,,,,0,0,0,,20250828135932.602,89-9418
20,MP01,SD,800238,420730259,89-9418,20250828,,165720,,1,0,PAK,,,0,0,0,,,,,,,,0,0,0,,20250828135932.602,89-9418
20,MP01,SD,800238,420730251,89-9418,20250828,,168345,,1,0,PAK,,,0,0,0,,,,,,,,0,0,0,,20250828135932.602,89-9418
20,MP01,SD,800238,420730001,89-9418,20250828,,168568,,1,0,PAK,,,0,0,0,,,,,,,,0,0,0,,20250828135932.602,89-9418
20,MP01,SD,800238,420730105,89-9418,20250828,,168633,,1,0,PAK,,,0,0,0,,,,,,,,0,0,0,,20250828135932.602,89-9418
20,MP01,SD,800238,420730022,89-9418,20250828,,169173,,1,0,PAK,,,0,0,0,,,,,,,,0,0,0,,20250828135932.602,89-9418
20,MP01,SD,800238,420730206,89-9418,20250828,,169284,,1,0,PAK,,,0,0,0,,,,,,,,0,0,0,,20250828135932.602,89-9418
20,MP01,SD,800238,420730092,89-9418,20250828,,169322,,1,0,PAK,,,0,0,0,,,,,,,,0,0,0,,20250828135932.602,89-9418
20,MP01,SD,800238,420730099,89-9418,20250828,,169881,,1,0,PAK,,,0,0,0,,,,,,,,0,0,0,,20250828135932.602,89-9418
20,MP01,SD,800238,420730036,89-9418,20250828,,169933,,1,0,PAK,,,0,0,0,,,,,,,,0,0,0,,20250828135932.602,89-9418
20,MP01,SD,800238,420730020,89-9418,20250828,,169952,,1,0,PAK,,,0,0,0,,,,,,,,0,0,0,,20250828135932.602,89-9418
20,MP01,SD,800238,420730122,89-9418,20250828,,170134,,1,0,PAK,,,0,0,0,,,,,,,,0,0,0,,20250828135932.602,89-9418
20,MP01,SD,800238,420730123,89-9418,20250828,,170135,,1,0,PAK,,,0,0,0,,,,,,,,0,0,0,,20250828135932.602,89-9418
20,MP01,SD,800238,420730163,89-9418,20250828,,170204,,1,0,PAK,,,0,0,0,,,,,,,,0,0,0,,20250828135932.602,89-9418
20,MP01,SD,800238,420730224,89-9418,20250828,,170274,,1,0,PAK,,,0,0,0,,,,,,,,0,0,0,,20250828135932.602,89-9418
20,MP01,SD,800238,420730124,89-9418,20250828,,162630,,1,0,PAK,,,0,0,0,,,,,,,,0,0,0,,20250828140358.699,89-9418
20,MP01,SD,800237,420730131,89-9418,20250828,,171239,,1,0,PAK,,,0,0,0,,,,,,,,0,0,0,,20250828144229.602,89-9418
20,MP01,SD,800309,420730131,89-9418,20250903,,201989,,1,0,PAK,,,0,0,0,,,,,,,,0,0,0,,20250903144549.301,89-9418
20,MP01,SD,800237,420730222,89-9418,20250904,,170267,,1,0,PAK,,,0,0,0,,,,,,,,0,0,0,,20250904114606.898,89-9418
20,MP02,SD,800147,420730366,89-9418,20250906,,228707,,1,0,NO,,,0,0,0,,,,,,,,0,0,0,,20250905183458.699,89-9418
20,MP01,SD,800309,420730367,89-9418,20250906,,200245,,1,0,NO,,,0,0,0,,,,,,,,0,0,0,,20250905184838.699,89-9418
20,MP02,SD,800309,420730367,89-9418,20250908,,200245,,1,0,NO,,,0,0,0,,,,,,,,0,0,0,,20250908154655.699,89-9418
20,MP01,SD,800237,420730164,89-9418,20250910,,170205,,1,0,PAK,,,0,0,0,,,,,,,,0,0,0,,20250910112141.898,89-9418
20,MP01,SD,801275,420730009,89-9418,20250911,,672736,,1,0,PAK,,,0,0,0,,,,,,,,0,0,0,,20250910190034.898,89-9418
20,MP01,SD,801275,420730010,89-9418,20250911,,671289,,1,0,PAK,,,0,0,0,,,,,,,,0,0,0,,20250910190034.898,89-9418
20,MP01,SD,801275,420730039,89-9418,20250911,,675004,,1,0,PAK,,,0,0,0,,,,,,,,0,0,0,,20250910190034.898,89-9418
20,MP01,SD,801275,420730194,89-9418,20250911,,671502,,1,0,PAK,,,0,0,0,,,,,,,,0,0,0,,20250910190034.898,89-9418
20,MP01,SD,800211,420730039,89-9418,20250911,,675004,,1,0,PAK,,,0,0,0,,,,,,,,0,0,0,,20250910191028.699,89-9418
20,MP01,SD,800211,420730194,89-9418,20250911,,671502,,1,0,PAK,,,0,0,0,,,,,,,,0,0,0,,20250910191028.699,89-9418
20,MP01,SD,800211,420730195,89-9418,20250911,,671519,,1,0,PAK,,,0,0,0,,,,,,,,0,0,0,,20250910191028.699,89-9418
20,MP02,SD,800147,420730294,89-9404,20250201,,240032,,1,0,PAK,,,0,0,0,,,,,,,,0,0,0,,20250922170742.699,89-9404
20,MP01,SD,800119,420730395,89-9416,20260509,,414112,,1,0,PAK,,,0,0,0,,,,,,,,0,0,0,,20260508183109.301,89-9416
20,MP01,SD,800119,420730393,89-9416,20260509,,414075,,1,0,PAK,,,0,0,0,,,,,,,,0,0,0,,20260508183109.301,89-9416
20,MP01,SD,800119,420730394,89-9416,20260509,,414099,,1,0,PAK,,,0,0,0,,,,,,,,0,0,0,,20260508183109.301,89-9416
20,MP01,SD,800237,420730393,89-9416,20260511,,172169,,1,0,PAK,,,0,0,0,,,,,,,,0,0,0,,20260511172721.5,89-9416
20,MP01,SD,800237,420730394,89-9416,20260511,,172170,,1,0,PAK,,,0,0,0,,,,,,,,0,0,0,,20260511172721.5,89-9416
20,MP01,SD,800237,420730395,89-9416,20260511,,172171,,1,0,PAK,,,0,0,0,,,,,,,,0,0,0,,20260511172721.5,89-9416
20,MP01,SD,800309,420730069,89-9404,20260512,,208094,,1,0,PAK,,,0,0,0,,,,,,,,0,0,0,,20260512134518,89-9404
20,MP01,SD,800309,420730042,89-9404,20260512,,208093,,1,0,PAK,,,0,0,0,,,,,,,,0,0,0,,20260512134538.102,89-9404
20,MP01,SD,800147,420730393,89-9416,20260512,,252865,,1,0,PAK,,,0,0,0,,,,,,,,0,0,0,,20260512135204.398,89-9416
20,MP01,SD,800147,420730394,89-9416,20260512,,252880,,1,0,PAK,,,0,0,0,,,,,,,,0,0,0,,20260512135204.398,89-9416
20,MP01,SD,800147,420730395,89-9416,20260512,,252883,,1,0,PAK,,,0,0,0,,,,,,,,0,0,0,,20260512135204.398,89-9416
20,MP01,SD,800211,420730033,89-9416,20260513,,671521,,1,0,PAK,,,0,0,0,,,,,,,,0,0,0,,20260513120829.699,89-9416
20,MP02,SD,800147,420730425,89-9404,20260521,,249120,,1,0,PAK,,,0,0,0,,,,,,,,0,0,0,,20260520190538.5,89-9404
20,MP02,SD,800309,420730456,89-1050,20260621,,720037,,1,0,PAK,,,0,0,0,,,,,,,,0,0,0,,20260621120840.801,89-1050
20,MP02,SD,800309,420730461,89-1050,20260621,,145717,,1,0,PAK,,,0,0,0,,,,,,,,0,0,0,,20260621120840.801,89-1050
20,MP02,SD,800309,420730458,89-1050,20260621,,720045,,1,0,PAK,,,0,0,0,,,,,,,,0,0,0,,20260621120840.801,89-1050
20,MP02,SD,800309,420730457,89-1050,20260621,,145718,,1,0,PAK,,,0,0,0,,,,,,,,0,0,0,,20260621120840.801,89-1050
20,MP02,SD,800309,420730460,89-1050,20260621,,145716,,1,0,PAK,,,0,0,0,,,,,,,,0,0,0,,20260621120840.801,89-1050
20,MP02,SD,800309,420730459,89-1050,20260621,,145719,,1,0,PAK,,,0,0,0,,,,,,,,0,0,0,,20260621120840.801,89-1050
20,MP02,SD,800309,420730454,89-1050,20260621,,158851,,1,0,PAK,,,0,0,0,,,,,,,,0,0,0,,20260621120840.801,89-1050
20,MP02,SD,800309,420730466,89-1050,20260621,,196971,,1,0,PAK,,,0,0,0,,,,,,,,0,0,0,,20260621120840.801,89-1050
20,MP02,SD,800309,420730469,89-1050,20260621,,84237,,1,0,PAK,,,0,0,0,,,,,,,,0,0,0,,20260621120840.801,89-1050
20,MP02,SD,800309,420730462,89-1050,20260621,,32849,,1,0,PAK,,,0,0,0,,,,,,,,0,0,0,,20260621120840.801,89-1050
20,MP02,SD,800309,420730464,89-1050,20260621,,119675,,1,0,PAK,,,0,0,0,,,,,,,,0,0,0,,20260621120840.801,89-1050
20,MP02,SD,800309,420730455,89-1050,20260621,,71452,,1,0,PAK,,,0,0,0,,,,,,,,0,0,0,,20260621120840.801,89-1050
20,MP02,SD,800309,420730465,89-1050,20260621,,93100,,1,0,PAK,,,0,0,0,,,,,,,,0,0,0,,20260621120840.801,89-1050
20,MP02,SD,800309,420730467,89-1050,20260621,,177365,,1,0,PAK,,,0,0,0,,,,,,,,0,0,0,,20260621120840.801,89-1050
20,MP02,SD,800309,420730468,89-1050,20260621,,177366,,1,0,PAK,,,0,0,0,,,,,,,,0,0,0,,20260621120840.801,89-1050
20,MP02,SD,800309,420730463,89-1050,20260621,,194448,,1,0,PAK,,,0,0,0,,,,,,,,0,0,0,,20260621120840.801,89-1050
20,MP02,SD,800184,420730456,89-1050,20260621,,752441,,1,0,PAK,,,0,0,0,,,,,,,,0,0,0,,20260621121158.102,89-1050
20,MP02,SD,800184,420730461,89-1050,20260621,,441070,,1,0,PAK,,,0,0,0,,,,,,,,0,0,0,,20260621121158.102,89-1050
20,MP02,SD,800184,420730458,89-1050,20260621,,752442,,1,0,PAK,,,0,0,0,,,,,,,,0,0,0,,20260621121158.102,89-1050
20,MP02,SD,800184,420730457,89-1050,20260621,,441069,,1,0,PAK,,,0,0,0,,,,,,,,0,0,0,,20260621121158.102,89-1050
20,MP02,SD,800184,420730460,89-1050,20260621,,441068,,1,0,PAK,,,0,0,0,,,,,,,,0,0,0,,20260621121158.102,89-1050
20,MP02,SD,800184,420730459,89-1050,20260621,,441071,,1,0,PAK,,,0,0,0,,,,,,,,0,0,0,,20260621121158.102,89-1050
20,MP02,SD,800184,420730454,89-1050,20260621,,450718,,1,0,PAK,,,0,0,0,,,,,,,,0,0,0,,20260621121158.102,89-1050
20,MP02,SD,800184,420730466,89-1050,20260621,,539597,,1,0,PAK,,,0,0,0,,,,,,,,0,0,0,,20260621121158.102,89-1050
20,MP02,SD,800184,420730469,89-1050,20260621,,730010,,1,0,PAK,,,0,0,0,,,,,,,,0,0,0,,20260621121158.102,89-1050
20,MP02,SD,800184,420730462,89-1050,20260621,,756233,,1,0,PAK,,,0,0,0,,,,,,,,0,0,0,,20260621121158.102,89-1050
20,MP02,SD,800184,420730464,89-1050,20260621,,234142,,1,0,PAK,,,0,0,0,,,,,,,,0,0,0,,20260621121158.102,89-1050
20,MP02,SD,800184,420730455,89-1050,20260621,,128837,,1,0,PAK,,,0,0,0,,,,,,,,0,0,0,,20260621121158.102,89-1050
20,MP02,SD,800184,420730465,89-1050,20260621,,110283,,1,0,PAK,,,0,0,0,,,,,,,,0,0,0,,20260621121158.102,89-1050
20,MP02,SD,800184,420730467,89-1050,20260621,,471411,,1,0,PAK,,,0,0,0,,,,,,,,0,0,0,,20260621121158.102,89-1050
20,MP02,SD,812106,420730297,89-9404,20250201,,81275,,1,0,PAK,,,0,0,0,,,,,,,,0,0,0,,20250201181043.301,89-9404
20,MP02,SD,800237,420730297,89-9404,20250201,,159284,,1,0,PAK,,,0,0,0,,,,,,,,0,0,0,,20250201181043.301,89-9404
20,MP01,SD,800184,420730126,89-9418,20250605,,757170,,1,0,PAK,,,0,0,0,,,,,,,,0,0,0,,20250605171218.801,89-9418
20,MP02,SD,800147,420730292,89-9404,20250201,,108424,,1,0,PAK,,,0,0,0,,,,,,,,0,0,0,,20250410122142.699,89-9404
20,MP02,SD,800119,420730289,89-9404,20250201,,41015,,1,0,PAK,,,0,0,0,,,,,,,,0,0,0,,20250304201218.699,89-9404
20,MP02,SD,800309,420730284,89-9404,20250202,,109517,,1,0,PAK,,,0,0,0,,,,,,,,0,0,0,,20250201184042.102,89-9404
20,MP02,SD,812106,420730298,89-9404,20250201,,97540,,1,0,PAK,,,0,0,0,,,,,,,,0,0,0,,20250201181043.5,89-9404
20,MP02,SD,800237,420730298,89-9404,20250201,,78648,,1,0,PAK,,,0,0,0,,,,,,,,0,0,0,,20250201181043.5,89-9404
20,MP02,SD,812146,420730298,89-9404,20250201,,184939,,1,0,PAK,,,0,0,0,,,,,,,,0,0,0,,20250201181043.602,89-9404
20,MP02,SD,800184,420730294,89-9404,20250201,,488210,,1,0,PAK,,,0,0,0,,,,,,,,0,0,0,,20250217130622.398,89-1050
20,MP02,SD,800309,420730285,89-9404,20250202,,109536,,1,0,PAK,,,0,0,0,,,,,,,,0,0,0,,20250201184122.5,89-9404
20,MP02,SD,812146,420730300,89-9404,20250201,,190075,,1,0,PAK,,,0,0,0,,,,,,,,0,0,0,,20250201181043.699,89-9404
20,MP02,SD,800119,420730288,89-9404,20250201,,41012,,1,0,PAK,,,0,0,0,,,,,,,,0,0,0,,20250304201238.199,89-9404
20,MP02,SD,800184,420730301,89-9404,20250201,,448180,,1,0,PAK,,,0,0,0,,,,,,,,0,0,0,,20250404141323.699,89-9404
20,MP02,SD,800309,420730302,89-9404,20250202,,152933,,1,0,PAK,,,0,0,0,,,,,,,,0,0,0,,20250218132808.602,89-9404
20,MP02,SD,800309,420730334,89-9404,20250301,,197473,,1,0,PAK,,,0,0,0,,,,,,,,0,0,0,,20250228205013.199,89-9404
20,MP02,SD,800237,420730301,89-9404,20250201,,193712,,1,0,PAK,,,0,0,0,,,,,,,,0,0,0,,20250201181043.801,89-9404
20,MP02,SD,812146,420730301,89-9404,20250201,,193715,,1,0,PAK,,,0,0,0,,,,,,,,0,0,0,,20250201181043.898,89-9404
20,MP01,SD,800309,420730003,89-9404,20250202,,,,1,0,PAK,,,0,0,0,,,,,,,,0,0,0,,20250218154205.5,89-1050
20,MP02,SD,800309,420730300,89-9404,20250202,,152936,,1,0,PAK,,,0,0,0,,,,,,,,0,0,0,,20250225125422.898,89-1050
20,MP02,SD,800309,420730288,89-9404,20250202,,135925,,1,0,PAK,,,0,0,0,,,,,,,,0,0,0,,20250225130019.699,89-1050
20,MP01,SD,800607,420730033,89-9404,20250303,,21479464,,1,0,PAK,,,0,0,0,,,,,,,,0,0,0,,20250303170257.898,89-9404
20,MP01,SD,800184,420730237,89-9404,20250226,,753008,,1,0,PAK,,,0,0,0,,,,,,,,0,0,0,,20250226160332.898,89-9404
20,MP01,SD,800309,420730040,89-9404,20250202,,83728,,1,0,PAK,,,0,0,0,,,,,,,,0,0,0,,20250212160232.898,89-1050
20,MP02,SD,812146,420730302,89-9404,20250201,,189055,,1,0,PAK,,,0,0,0,,,,,,,,0,0,0,,20250201181044.102,89-9404
20,MP01,SD,800147,420730098,89-9404,20250325,,221914,,1,0,PAK,,,0,0,0,,,,,,,,0,0,0,,20250325133524.801,89-9404
20,MP02,SD,812103,420730302,89-9404,20250201,,181379,,1,0,PAK,,,0,0,0,,,,,,,,0,0,0,,20250201181044.199,89-9404
20,MP02,SD,812106,420730302,89-9404,20250201,,181407,,1,0,PAK,,,0,0,0,,,,,,,,0,0,0,,20250201181044.199,89-9404
20,MP01,SD,800237,420730171,89-9404,20250313,,170210,,1,0,PAK,,,0,0,0,,,,,,,,0,0,0,,20250312183114.898,89-9404
20,MP02,SD,800237,420730302,89-9404,20250201,,181380,,1,0,PAK,,,0,0,0,,,,,,,,0,0,0,,20250201181044.301,89-9404
20,MP02,SD,800184,420730303,89-9404,20250201,,181414,,1,0,PAK,,,0,0,0,,,,,,,,0,0,0,,20250201181044.301,89-9404
20,MP02,SD,800147,420730303,89-9404,20250201,,181411,,1,0,PAK,,,0,0,0,,,,,,,,0,0,0,,20250201181044.398,89-9404
20,MP01,SD,800119,420730081,89-9404,20250201,,97540,,1,0,PAK,,,0,0,0,,,,,,,,0,0,0,,20250227194301.699,89-9404
20,MP02,SD,812146,420730303,89-9404,20250201,,195835,,1,0,PAK,,,0,0,0,,,,,,,,0,0,0,,20250201181044.398,89-9404
20,MP02,SD,812103,420730303,89-9404,20250201,,188374,,1,0,PAK,,,0,0,0,,,,,,,,0,0,0,,20250201181044.5,89-9404
20,MP02,SD,812106,420730303,89-9404,20250201,,188376,,1,0,PAK,,,0,0,0,,,,,,,,0,0,0,,20250201181044.5,89-9404
20,MP02,SD,800184,420730304,89-9404,20250201,,192036,,1,0,PAK,,,0,0,0,,,,,,,,0,0,0,,20250201181044.5,89-9404
20,MP02,SD,800147,420730304,89-9404,20250201,,192037,,1,0,PAK,,,0,0,0,,,,,,,,0,0,0,,20250201181044.602,89-9404
20,MP02,SD,800119,420730304,89-9404,20250201,,88022,,1,0,PAK,,,0,0,0,,,,,,,,0,0,0,,20250201181044.602,89-9404
20,MP02,SD,812146,420730304,89-9404,20250201,,122684,,1,0,PAK,,,0,0,0,,,,,,,,0,0,0,,20250201181044.602,89-9404
20,MP02,SD,800184,420730305,89-9404,20250201,,98156,,1,0,PAK,,,0,0,0,,,,,,,,0,0,0,,20250201181044.699,89-9404
20,MP02,SD,800147,420730308,89-9404,20250201,,98157,,1,0,PAK,,,0,0,0,,,,,,,,0,0,0,,20250201181044.699,89-9404
20,MP02,SD,800119,420730308,89-9404,20250201,,98158,,1,0,PAK,,,0,0,0,,,,,,,,0,0,0,,20250201181044.801,89-9404
20,MP01,SD,800237,420730028,89-9404,20250201,,152005,,1,0,PAK,,,0,0,0,,,,,,,,0,0,0,,20250201181051.102,89-9404
20,MP01,SD,800607,420730029,89-9404,20250201,,21139254,,1,0,PAK,,,0,0,0,,,,,,,,0,0,0,,20250201181051.102,89-9404
20,MP01,SD,800184,420730029,89-9404,20250201,,758884,,1,0,PAK,,,0,0,0,,,,,,,,0,0,0,,20250201181051.199,89-9404
20,MP01,SD,812146,420730029,89-9404,20250201,,29745901,,1,0,PAK,,,0,0,0,,,,,,,,0,0,0,,20250201181051.199,89-9404
20,MP01,SD,800237,420730029,89-9404,20250201,,152648,,1,0,PAK,,,0,0,0,,,,,,,,0,0,0,,20250201181051.199,89-9404
20,MP01,SD,800119,420730276,89-9404,20250201,,900486,,1,0,PAK,,,0,0,0,,,,,,,,0,0,0,,20250225153233.602,89-9404
20,MP01,SD,800147,420730029,89-9404,20250201,,73325,,1,0,PAK,,,0,0,0,,,,,,,,0,0,0,,20250201181051.301,89-9404
20,MP01,SD,800119,420730066,89-9404,20250201,,81275,,1,0,PAK,,,0,0,0,,,,,,,,0,0,0,,20250227194408.398,89-9404
20,MP01,SD,800184,420730030,89-9404,20250201,,758999,,1,0,PAK,,,0,0,0,,,,,,,,0,0,0,,20250201181051.398,89-9404
20,MP01,SD,800147,420730030,89-9404,20250201,,73334,,1,0,PAK,,,0,0,0,,,,,,,,0,0,0,,20250201181051.398,89-9404
20,MP01,SD,812146,420730030,89-9404,20250201,,29822901,,1,0,PAK,,,0,0,0,,,,,,,,0,0,0,,20250201181051.398,89-9404
20,MP02,SD,800319,420730319,89-9404,20250407,,180214,,1,0,PAK,,,0,0,0,,,,,,,,0,0,0,,20250407131344.898,89-9404
20,MP01,SD,800237,420730030,89-9404,20250201,,152599,,1,0,PAK,,,0,0,0,,,,,,,,0,0,0,,20250201181051.5,89-9404
20,MP01,SD,800184,420730033,89-9404,20250201,,750748,,1,0,PAK,,,0,0,0,,,,,,,,0,0,0,,20250201181051.602,89-9404
20,MP01,SD,800147,420730033,89-9404,20250201,,185127,,1,0,PAK,,,0,0,0,,,,,,,,0,0,0,,20250201181051.602,89-9404
20,MP01,SD,800119,420730033,89-9404,20250201,,MP.MBETABOT16100,,1,0,PAK,,,0,0,0,,,,,,,,0,0,0,,20250201181051.602,89-9404
20,MP01,SD,800237,420730033,89-9404,20250201,,165979,,1,0,PAK,,,0,0,0,,,,,,,,0,0,0,,20250201181051.699,89-9404
20,MP01,SD,812146,420730033,89-9404,20250201,,10139925,,1,0,PAK,,,0,0,0,,,,,,,,0,0,0,,20250201181051.699,89-9404
20,MP01,SD,800184,420730034,89-9404,20250201,,750888,,1,0,PAK,,,0,0,0,,,,,,,,0,0,0,,20250201181051.699,89-9404
20,MP01,SD,812146,420730034,89-9404,20250201,,10139926,,1,0,PAK,,,0,0,0,,,,,,,,0,0,0,,20250201181051.801,89-9404
20,MP01,SD,800119,420730034,89-9404,20250201,,MP.MBETABOT24100,,1,0,PAK,,,0,0,0,,,,,,,,0,0,0,,20250201181051.801,89-9404
20,MP01,SD,800147,420730034,89-9404,20250201,,185128,,1,0,PAK,,,0,0,0,,,,,,,,0,0,0,,20250201181051.898,89-9404
20,MP01,SD,800184,420730035,89-9404,20250201,,750704,,1,0,PAK,,,0,0,0,,,,,,,,0,0,0,,20250201181051.898,89-9404
20,MP01,SD,800237,420730034,89-9404,20250201,,165980,,1,0,PAK,,,0,0,0,,,,,,,,0,0,0,,20250201181051.801,89-9404
20,MP01,SD,812146,420730035,89-9404,20250201,,10139924,,1,0,PAK,,,0,0,0,,,,,,,,0,0,0,,20250201181051.898,89-9404
20,MP01,SD,800147,420730035,89-9404,20250201,,185126,,1,0,PAK,,,0,0,0,,,,,,,,0,0,0,,20250201181052,89-9404
20,MP01,SD,800119,420730035,89-9404,20250201,,MP.MBETABOT8100,,1,0,PAK,,,0,0,0,,,,,,,,0,0,0,,20250201181052,89-9404
20,MP01,SD,800237,420730035,89-9404,20250201,,165978,,1,0,PAK,,,0,0,0,,,,,,,,0,0,0,,20250201181052,89-9404
20,MP01,SD,800607,420730038,89-9404,20250201,,20983903,,1,0,PAK,,,0,0,0,,,,,,,,0,0,0,,20250201181052.102,89-9404
20,MP01,SD,800184,420730038,89-9404,20250201,,754307,,1,0,PAK,,,0,0,0,,,,,,,,0,0,0,,20250201181052.102,89-9404
20,MP01,SD,800147,420730038,89-9404,20250201,,303677,,1,0,PAK,,,0,0,0,,,,,,,,0,0,0,,20250201181052.102,89-9404
20,MP01,SD,812146,420730038,89-9404,20250201,,26971201,,1,0,PAK,,,0,0,0,,,,,,,,0,0,0,,20250201181052.199,89-9404
20,MP01,SD,800119,420730265,89-9404,20250225,,MTRAN10100,,1,0,PAK,,,0,0,0,,,,,,,,0,0,0,,20250225153254.301,89-9404
20,MP01,SD,800237,420730038,89-9404,20250201,,161313,,1,0,PAK,,,0,0,0,,,,,,,,0,0,0,,20250201181052.199,89-9404
20,MP01,SD,800607,420730039,89-9404,20250201,,21139260,,1,0,PAK,,,0,0,0,,,,,,,,0,0,0,,20250201181052.301,89-9404
20,MP01,SD,800184,420730039,89-9404,20250201,,758991,,1,0,PAK,,,0,0,0,,,,,,,,0,0,0,,20250201181052.301,89-9404
20,MP01,SD,812146,420730039,89-9404,20250201,,10089020,,1,0,PAK,,,0,0,0,,,,,,,,0,0,0,,20250201181052.398,89-9404
20,MP01,SD,800119,420730246,89-9404,20250201,,77298,,1,0,PAK,,,0,0,0,,,,,,,,0,0,0,,20250225153413.898,89-9404
20,MP01,SD,800237,420730039,89-9404,20250201,,152554,,1,0,PAK,,,0,0,0,,,,,,,,0,0,0,,20250201181052.398,89-9404
20,MP01,SD,800147,420730039,89-9404,20250201,,73323,,1,0,PAK,,,0,0,0,,,,,,,,0,0,0,,20250201181052.5,89-9404
20,MP01,SD,800309,420730022,89-9404,20250201,,189138,,1,0,PAK,,,0,0,0,,,,,,,,0,0,0,,20250206201248.898,89-1050
20,MP01,SD,800184,420730040,89-9404,20250201,,750262,,1,0,PAK,,,0,0,0,,,,,,,,0,0,0,,20250201181052.5,89-9404
20,MP01,SD,800147,420730040,89-9404,20250201,,37056,,1,0,PAK,,,0,0,0,,,,,,,,0,0,0,,20250201181052.602,89-9404
20,MP01,SD,800184,420730049,89-9404,20250201,,757694,,1,0,PAK,,,0,0,0,,,,,,,,0,0,0,,20250201181054.199,89-9404
20,MP01,SD,800147,420730049,89-9404,20250201,,583807,,1,0,PAK,,,0,0,0,,,,,,,,0,0,0,,20250201181054.199,89-9404
20,MP01,SD,800119,420730008,89-9404,20250201,,629323000025,,1,0,PAK,,,0,0,0,,,,,,,,0,0,0,,20250303192440.898,89-9404
20,MP01,SD,800237,420730049,89-9404,20250201,,152634,,1,0,PAK,,,0,0,0,,,,,,,,0,0,0,,20250201181054.301,89-9404
20,MP01,SD,812146,420730049,89-9404,20250201,,10062514,,1,0,PAK,,,0,0,0,,,,,,,,0,0,0,,20250201181054.301,89-9404
20,MP01,SD,800607,420730050,89-9404,20250201,,21139211,,1,0,PAK,,,0,0,0,,,,,,,,0,0,0,,20250201181054.301,89-9404
20,MP01,SD,800184,420730050,89-9404,20250201,,757695,,1,0,PAK,,,0,0,0,,,,,,,,0,0,0,,20250201181054.398,89-9404
20,MP01,SD,812146,420730050,89-9404,20250201,,31337201,,1,0,PAK,,,0,0,0,,,,,,,,0,0,0,,20250201181054.398,89-9404
20,MP01,SD,800237,420730050,89-9404,20250201,,136037,,1,0,PAK,,,0,0,0,,,,,,,,0,0,0,,20250201181054.398,89-9404
20,MP01,SD,800147,420730050,89-9404,20250201,,140426,,1,0,PAK,,,0,0,0,,,,,,,,0,0,0,,20250201181054.5,89-9404
20,MP01,SD,800119,420730050,89-9404,20250201,,977421,,1,0,PAK,,,0,0,0,,,,,,,,0,0,0,,20250201181054.5,89-9404
20,MP01,SD,800607,420730051,89-9404,20250201,,629323110601,,1,0,PAK,,,0,0,0,,,,,,,,0,0,0,,20250201181054.5,89-9404
20,MP01,SD,800184,420730051,89-9404,20250201,,757693,,1,0,PAK,,,0,0,0,,,,,,,,0,0,0,,20250201181054.602,89-9404
20,MP01,SD,812146,420730051,89-9404,20250201,,10062513,,1,0,PAK,,,0,0,0,,,,,,,,0,0,0,,20250201181054.602,89-9404
20,MP01,SD,800147,420730051,89-9404,20250201,,583799,,1,0,PAK,,,0,0,0,,,,,,,,0,0,0,,20250201181054.699,89-9404
20,MP01,SD,800119,420730051,89-9404,20250201,,468223,,1,0,PAK,,,0,0,0,,,,,,,,0,0,0,,20250201181054.699,89-9404
20,MP01,SD,800237,420730051,89-9404,20250201,,145406,,1,0,PAK,,,0,0,0,,,,,,,,0,0,0,,20250201181054.699,89-9404
20,MP01,SD,800607,420730052,89-9404,20250201,,21139229,,1,0,PAK,,,0,0,0,,,,,,,,0,0,0,,20250201181054.801,89-9404
20,MP01,SD,800184,420730052,89-9404,20250201,,753897,,1,0,PAK,,,0,0,0,,,,,,,,0,0,0,,20250201181054.801,89-9404
20,MP01,SD,800147,420730052,89-9404,20250201,,368639,,1,0,PAK,,,0,0,0,,,,,,,,0,0,0,,20250201181054.801,89-9404
20,MP01,SD,812146,420730052,89-9404,20250201,,10059538,,1,0,PAK,,,0,0,0,,,,,,,,0,0,0,,20250201181054.898,89-9404
20,MP01,SD,800237,420730052,89-9404,20250201,,152635,,1,0,PAK,,,0,0,0,,,,,,,,0,0,0,,20250201181054.898,89-9404
20,MP01,SD,800119,420730022,89-9404,20250304,,413139,,1,0,PAK,,,0,0,0,,,,,,,,0,0,0,,20250303192517.898,89-9404
20,MP01,SD,800607,420730053,89-9404,20250201,,21139223,,1,0,PAK,,,0,0,0,,,,,,,,0,0,0,,20250201181055,89-9404
20,MP01,SD,800184,420730053,89-9404,20250201,,753896,,1,0,PAK,,,0,0,0,,,,,,,,0,0,0,,20250201181055,89-9404
20,MP01,SD,800147,420730053,89-9404,20250201,,368886,,1,0,PAK,,,0,0,0,,,,,,,,0,0,0,,20250201181055,89-9404
20,MP01,SD,812146,420730053,89-9404,20250201,,31335001,,1,0,PAK,,,0,0,0,,,,,,,,0,0,0,,20250201181055.102,89-9404
20,MP01,SD,800119,420730044,89-9404,20250201,,6069,,1,0,PAK,,,0,0,0,,,,,,,,0,0,0,,20250318113857.398,89-9404
20,MP01,SD,800237,420730053,89-9404,20250201,,164343,,1,0,PAK,,,0,0,0,,,,,,,,0,0,0,,20250201181055.102,89-9404
20,MP01,SD,800184,420730054,89-9404,20250201,,754482,,1,0,PAK,,,0,0,0,,,,,,,,0,0,0,,20250201181055.199,89-9404
20,MP01,SD,800147,420730054,89-9404,20250201,,125017,,1,0,PAK,,,0,0,0,,,,,,,,0,0,0,,20250201181055.199,89-9404
20,MP01,SD,812146,420730054,89-9404,20250201,,34680201,,1,0,PAK,,,0,0,0,,,,,,,,0,0,0,,20250201181055.199,89-9404
20,MP01,SD,800119,420730054,89-9404,20250201,,410763,,1,0,PAK,,,0,0,0,,,,,,,,0,0,0,,20250201181055.301,89-9404
20,MP01,SD,800237,420730054,89-9404,20250201,,167172,,1,0,PAK,,,0,0,0,,,,,,,,0,0,0,,20250201181055.301,89-9404
20,MP01,SD,800184,420730055,89-9404,20250201,,753027,,1,0,PAK,,,0,0,0,,,,,,,,0,0,0,,20250201181055.301,89-9404
20,MP01,SD,800147,420730055,89-9404,20250201,,148333,,1,0,PAK,,,0,0,0,,,,,,,,0,0,0,,20250201181055.398,89-9404
20,MP01,SD,800119,420730055,89-9404,20250201,,410398,,1,0,PAK,,,0,0,0,,,,,,,,0,0,0,,20250201181055.398,89-9404
20,MP01,SD,800237,420730055,89-9404,20250201,,164031,,1,0,PAK,,,0,0,0,,,,,,,,0,0,0,,20250201181055.398,89-9404
20,MP01,SD,812146,420730055,89-9404,20250201,,10128628,,1,0,PAK,,,0,0,0,,,,,,,,0,0,0,,20250201181055.5,89-9404
20,MP01,SD,800184,420730056,89-9404,20250201,,761715,,1,0,PAK,,,0,0,0,,,,,,,,0,0,0,,20250201181055.5,89-9404
20,MP01,SD,800147,420730056,89-9404,20250201,,143864,,1,0,PAK,,,0,0,0,,,,,,,,0,0,0,,20250201181055.5,89-9404
20,MP01,SD,812146,420730056,89-9404,20250201,,10119353,,1,0,PAK,,,0,0,0,,,,,,,,0,0,0,,20250201181055.602,89-9404
20,MP01,SD,800119,420730023,89-9404,20250304,,629323413122,,1,0,PAK,,,0,0,0,,,,,,,,0,0,0,,20250303192517.898,89-9404
20,MP01,SD,800184,420730068,89-9404,20250201,,755059,,1,0,PAK,,,0,0,0,,,,,,,,0,0,0,,20250201181057.102,89-9404
20,MP01,SD,800147,420730068,89-9404,20250201,,151961,,1,0,PAK,,,0,0,0,,,,,,,,0,0,0,,20250201181057.199,89-9404
20,MP01,SD,800119,420730068,89-9404,20250201,,410817,,1,0,PAK,,,0,0,0,,,,,,,,0,0,0,,20250201181057.199,89-9404
20,MP01,SD,812146,420730068,89-9404,20250201,,36783201,,1,0,PAK,,,0,0,0,,,,,,,,0,0,0,,20250201181057.199,89-9404
20,MP01,SD,800184,420730070,89-9404,20250201,,759394,,1,0,PAK,,,0,0,0,,,,,,,,0,0,0,,20250201181057.301,89-9404
20,MP01,SD,800147,420730070,89-9404,20250201,,99955,,1,0,PAK,,,0,0,0,,,,,,,,0,0,0,,20250201181057.301,89-9404
20,MP01,SD,800119,420730070,89-9404,20250201,,629323900110,,1,0,PAK,,,0,0,0,,,,,,,,0,0,0,,20250201181057.301,89-9404
20,MP01,SD,800237,420730070,89-9404,20250201,,160707,,1,0,PAK,,,0,0,0,,,,,,,,0,0,0,,20250201181057.398,89-9404
20,MP01,SD,812146,420730070,89-9404,20250201,,10128634,,1,0,PAK,,,0,0,0,,,,,,,,0,0,0,,20250201181057.398,89-9404
20,MP01,SD,800184,420730071,89-9404,20250201,,761583,,1,0,PAK,,,0,0,0,,,,,,,,0,0,0,,20250201181057.398,89-9404
20,MP01,SD,800147,420730071,89-9404,20250201,,120805,,1,0,PAK,,,0,0,0,,,,,,,,0,0,0,,20250201181057.5,89-9404
20,MP01,SD,800119,420730071,89-9404,20250201,,910010,,1,0,PAK,,,0,0,0,,,,,,,,0,0,0,,20250201181057.5,89-9404
20,MP01,SD,800237,420730071,89-9404,20250201,,161851,,1,0,PAK,,,0,0,0,,,,,,,,0,0,0,,20250201181057.5,89-9404
20,MP01,SD,812146,420730071,89-9404,20250201,,10110331,,1,0,PAK,,,0,0,0,,,,,,,,0,0,0,,20250201181057.602,89-9404
20,MP01,SD,800184,420730072,89-9404,20250201,,761584,,1,0,PAK,,,0,0,0,,,,,,,,0,0,0,,20250201181057.602,89-9404
20,MP01,SD,800147,420730072,89-9404,20250201,,120806,,1,0,PAK,,,0,0,0,,,,,,,,0,0,0,,20250201181057.602,89-9404
20,MP01,SD,800119,420730072,89-9404,20250201,,910003,,1,0,PAK,,,0,0,0,,,,,,,,0,0,0,,20250201181057.699,89-9404
20,MP01,SD,800237,420730072,89-9404,20250201,,161852,,1,0,PAK,,,0,0,0,,,,,,,,0,0,0,,20250201181057.699,89-9404
20,MP01,SD,812146,420730072,89-9404,20250201,,10110332,,1,0,PAK,,,0,0,0,,,,,,,,0,0,0,,20250201181057.699,89-9404
20,MP01,SD,800147,420730077,89-9404,20250201,,151964,,1,0,PAK,,,0,0,0,,,,,,,,0,0,0,,20250201181057.801,89-9404
20,MP01,SD,800119,420730077,89-9404,20250201,,410442,,1,0,PAK,,,0,0,0,,,,,,,,0,0,0,,20250201181057.801,89-9404
20,MP01,SD,800237,420730077,89-9404,20250201,,164264,,1,0,PAK,,,0,0,0,,,,,,,,0,0,0,,20250201181057.898,89-9404
20,MP01,SD,800147,420730078,89-9404,20250201,,151970,,1,0,PAK,,,0,0,0,,,,,,,,0,0,0,,20250201181057.898,89-9404
20,MP01,SD,800237,420730078,89-9404,20250201,,164529,,1,0,PAK,,,0,0,0,,,,,,,,0,0,0,,20250201181057.898,89-9404
20,MP01,SD,800119,420730427,89-9404,20260504,,,,1,0,PAK,,,0,0,0,,,,,,,,0,0,0,,20260504174519.102,89-9404
20,MP01,SD,800309,420730139,89-9404,20250202,,98157,,1,0,PAK,,,0,0,0,,,,,,,,0,0,0,,20250212160232.898,89-1050
20,MP01,SD,800184,420730081,89-9404,20250201,,758882,,1,0,PAK,,,0,0,0,,,,,,,,0,0,0,,20250201181058,89-9404
20,MP01,SD,812146,420730081,89-9404,20250201,,29747501,,1,0,PAK,,,0,0,0,,,,,,,,0,0,0,,20250201181058.102,89-9404
20,MP02,SD,800184,420730316,89-9404,20250201,,475153,,1,0,PAK,,,0,0,0,,,,,,,,0,0,0,,20250228144659.801,89-9404
20,MP01,SD,800237,420730081,89-9404,20250201,,156180,,1,0,PAK,,,0,0,0,,,,,,,,0,0,0,,20250201181058.102,89-9404
20,MP01,SD,800147,420730081,89-9404,20250201,,88823,,1,0,PAK,,,0,0,0,,,,,,,,0,0,0,,20250201181058.199,89-9404
20,MP01,SD,800607,420730086,89-9404,20250201,,21139256,,1,0,PAK,,,0,0,0,,,,,,,,0,0,0,,20250201181058.199,89-9404
20,MP01,SD,800184,420730086,89-9404,20250201,,758881,,1,0,PAK,,,0,0,0,,,,,,,,0,0,0,,20250201181058.199,89-9404
20,MP01,SD,800147,420730086,89-9404,20250201,,88822,,1,0,PAK,,,0,0,0,,,,,,,,0,0,0,,20250201181058.301,89-9404
20,MP01,SD,800119,420730165,89-9404,20250225,,412590,,1,0,PAK,,,0,0,0,,,,,,,,0,0,0,,20250225153851.602,89-9404
20,MP01,SD,800237,420730086,89-9404,20250201,,152645,,1,0,PAK,,,0,0,0,,,,,,,,0,0,0,,20250201181058.301,89-9404
20,MP01,SD,812146,420730086,89-9404,20250201,,29747301,,1,0,PAK,,,0,0,0,,,,,,,,0,0,0,,20250201181058.398,89-9404
20,MP01,SD,800184,420730087,89-9404,20250201,,758688,,1,0,PAK,,,0,0,0,,,,,,,,0,0,0,,20250201181058.398,89-9404
20,MP01,SD,812146,420730087,89-9404,20250201,,10144695,,1,0,PAK,,,0,0,0,,,,,,,,0,0,0,,20250201181058.398,89-9404
20,MP01,SD,800237,420730087,89-9404,20250201,,167078,,1,0,PAK,,,0,0,0,,,,,,,,0,0,0,,20250201181058.5,89-9404
20,MP01,SD,800147,420730087,89-9404,20250201,,201639,,1,0,PAK,,,0,0,0,,,,,,,,0,0,0,,20250201181058.5,89-9404
20,MP01,SD,800119,420730087,89-9404,20250201,,412088,,1,0,PAK,,,0,0,0,,,,,,,,0,0,0,,20250201181058.602,89-9404
20,MP01,SD,800184,420730088,89-9404,20250201,,758687,,1,0,PAK,,,0,0,0,,,,,,,,0,0,0,,20250201181058.602,89-9404
20,MP01,SD,800119,420730124,89-9404,20250201,,3000186,,1,0,PAK,,,0,0,0,,,,,,,,0,0,0,,20250201181101.699,89-9404
20,MP01,SD,800184,420730125,89-9404,20250201,,756607,,1,0,PAK,,,0,0,0,,,,,,,,0,0,0,,20250201181101.801,89-9404
20,MP01,SD,800147,420730125,89-9404,20250201,,97414,,1,0,PAK,,,0,0,0,,,,,,,,0,0,0,,20250201181101.801,89-9404
20,MP01,SD,800119,420730125,89-9404,20250201,,629323000209,,1,0,PAK,,,0,0,0,,,,,,,,0,0,0,,20250201181101.801,89-9404
20,MP01,SD,800237,420730125,89-9404,20250201,,162634,,1,0,PAK,,,0,0,0,,,,,,,,0,0,0,,20250201181101.898,89-9404
20,MP01,SD,812146,420730125,89-9404,20250201,,10128705,,1,0,PAK,,,0,0,0,,,,,,,,0,0,0,,20250201181101.898,89-9404
20,MP01,SD,800147,420730127,89-9404,20250201,,188328,,1,0,PAK,,,0,0,0,,,,,,,,0,0,0,,20250201181101.898,89-9404
20,MP01,SD,800119,420730127,89-9404,20250201,,MFINAS5100,,1,0,PAK,,,0,0,0,,,,,,,,0,0,0,,20250201181102,89-9404
20,MP01,SD,800237,420730127,89-9404,20250201,,166206,,1,0,PAK,,,0,0,0,,,,,,,,0,0,0,,20250201181102,89-9404
20,MP01,SD,800184,420730128,89-9404,20250201,,758837,,1,0,PAK,,,0,0,0,,,,,,,,0,0,0,,20250201181102,89-9404
20,MP01,SD,800147,420730128,89-9404,20250201,,188319,,1,0,PAK,,,0,0,0,,,,,,,,0,0,0,,20250201181102.102,89-9404
20,MP01,SD,800119,420730128,89-9404,20250201,,MFINAS530,,1,0,PAK,,,0,0,0,,,,,,,,0,0,0,,20250201181102.102,89-9404
20,MP01,SD,800237,420730128,89-9404,20250201,,166207,,1,0,PAK,,,0,0,0,,,,,,,,0,0,0,,20250201181102.199,89-9404
20,MP01,SD,800147,420730132,89-9404,20250201,,197802,,1,0,PAK,,,0,0,0,,,,,,,,0,0,0,,20250201181102.199,89-9404
20,MP01,SD,800119,420730132,89-9404,20250201,,412224,,1,0,PAK,,,0,0,0,,,,,,,,0,0,0,,20250201181102.199,89-9404
20,MP01,SD,800237,420730132,89-9404,20250201,,166765,,1,0,PAK,,,0,0,0,,,,,,,,0,0,0,,20250201181102.301,89-9404
20,MP01,SD,800147,420730133,89-9404,20250201,,197795,,1,0,PAK,,,0,0,0,,,,,,,,0,0,0,,20250201181102.301,89-9404
20,MP01,SD,800119,420730133,89-9404,20250201,,412217,,1,0,PAK,,,0,0,0,,,,,,,,0,0,0,,20250201181102.301,89-9404
20,MP01,SD,800237,420730133,89-9404,20250201,,166766,,1,0,PAK,,,0,0,0,,,,,,,,0,0,0,,20250201181102.398,89-9404
20,MP01,SD,800607,420730134,89-9404,20250201,,629323350014,,1,0,PAK,,,0,0,0,,,,,,,,0,0,0,,20250201181102.398,89-9404
20,MP01,SD,800184,420730134,89-9404,20250201,,756003,,1,0,PAK,,,0,0,0,,,,,,,,0,0,0,,20250201181102.398,89-9404
20,MP01,SD,800147,420730134,89-9404,20250201,,88826,,1,0,PAK,,,0,0,0,,,,,,,,0,0,0,,20250201181102.5,89-9404
20,MP01,SD,812146,420730134,89-9404,20250201,,10088925,,1,0,PAK,,,0,0,0,,,,,,,,0,0,0,,20250201181102.5,89-9404
20,MP01,SD,800119,420730134,89-9404,20250201,,88022,,1,0,PAK,,,0,0,0,,,,,,,,0,0,0,,20250201181102.602,89-9404
20,MP01,SD,800237,420730134,89-9404,20250201,,154121,,1,0,PAK,,,0,0,0,,,,,,,,0,0,0,,20250201181102.602,89-9404
20,MP01,SD,800184,420730135,89-9404,20250201,,760798,,1,0,PAK,,,0,0,0,,,,,,,,0,0,0,,20250201181102.602,89-9404
20,MP01,SD,800147,420730135,89-9404,20250201,,108321,,1,0,PAK,,,0,0,0,,,,,,,,0,0,0,,20250201181102.699,89-9404
20,MP01,SD,800119,420730135,89-9404,20250201,,135677,,1,0,PAK,,,0,0,0,,,,,,,,0,0,0,,20250201181102.699,89-9404
20,MP01,SD,812146,420730135,89-9404,20250201,,33434601,,1,0,PAK,,,0,0,0,,,,,,,,0,0,0,,20250201181102.699,89-9404
20,MP01,SD,800184,420730136,89-9404,20250201,,759321,,1,0,PAK,,,0,0,0,,,,,,,,0,0,0,,20250201181102.801,89-9404
20,MP01,SD,812146,420730136,89-9404,20250201,,33440101,,1,0,PAK,,,0,0,0,,,,,,,,0,0,0,,20250201181102.801,89-9404
20,MP01,SD,800147,420730136,89-9404,20250201,,88824,,1,0,PAK,,,0,0,0,,,,,,,,0,0,0,,20250201181102.801,89-9404
20,MP01,SD,800119,420730136,89-9404,20250201,,122684,,1,0,PAK,,,0,0,0,,,,,,,,0,0,0,,20250201181102.898,89-9404
20,MP01,SD,800184,420730137,89-9404,20250201,,750442,,1,0,PAK,,,0,0,0,,,,,,,,0,0,0,,20250201181102.898,89-9404
20,MP01,SD,812146,420730137,89-9404,20250201,,39926301,,1,0,PAK,,,0,0,0,,,,,,,,0,0,0,,20250201181103,89-9404
20,MP01,SD,800147,420730137,89-9404,20250201,,59720,,1,0,PAK,,,0,0,0,,,,,,,,0,0,0,,20250201181103,89-9404
20,MP01,SD,800119,420730221,89-9404,20250327,,412972,,1,0,PAK,,,0,0,0,,,,,,,,0,0,0,,20250326190256.301,89-9404
20,MP01,SD,800237,420730137,89-9404,20250201,,156386,,1,0,PAK,,,0,0,0,,,,,,,,0,0,0,,20250201181103.102,89-9404
20,MP01,SD,800184,420730138,89-9404,20250201,,750439,,1,0,PAK,,,0,0,0,,,,,,,,0,0,0,,20250201181103.102,89-9404
20,MP01,SD,812146,420730138,89-9404,20250201,,39840101,,1,0,PAK,,,0,0,0,,,,,,,,0,0,0,,20250201181103.102,89-9404
20,MP01,SD,800237,420730138,89-9404,20250201,,156385,,1,0,PAK,,,0,0,0,,,,,,,,0,0,0,,20250201181103.199,89-9404
20,MP01,SD,800147,420730138,89-9404,20250201,,59722,,1,0,PAK,,,0,0,0,,,,,,,,0,0,0,,20250201181103.301,89-9404
20,MP02,SD,800184,420730340,89-9404,20250228,,488237,,1,0,PAK,,,0,0,0,,,,,,,,0,0,0,,20250228144956,89-9404
20,MP01,SD,800237,420730159,89-9404,20250201,,156481,,1,0,PAK,,,0,0,0,,,,,,,,0,0,0,,20250201181106.602,89-9404
20,MP01,SD,812146,420730159,89-9404,20250201,,10089034,,1,0,PAK,,,0,0,0,,,,,,,,0,0,0,,20250201181106.699,89-9404
20,MP01,SD,800184,420730160,89-9404,20250201,,750426,,1,0,PAK,,,0,0,0,,,,,,,,0,0,0,,20250201181106.699,89-9404
20,MP01,SD,800147,420730160,89-9404,20250201,,88829,,1,0,PAK,,,0,0,0,,,,,,,,0,0,0,,20250201181106.699,89-9404
20,MP01,SD,800119,420730105,89-9404,20250304,,MP.MDORTI10,,1,0,PAK,,,0,0,0,,,,,,,,0,0,0,,20250303192715.898,89-9404
20,MP01,SD,800237,420730160,89-9404,20250201,,161859,,1,0,PAK,,,0,0,0,,,,,,,,0,0,0,,20250201181106.801,89-9404
20,MP01,SD,812146,420730160,89-9404,20250201,,32015101,,1,0,PAK,,,0,0,0,,,,,,,,0,0,0,,20250201181106.898,89-9404
20,MP01,SD,800184,420730161,89-9404,20250201,,751728,,1,0,PAK,,,0,0,0,,,,,,,,0,0,0,,20250201181106.898,89-9404
20,MP01,SD,800147,420730161,89-9404,20250201,,123686,,1,0,PAK,,,0,0,0,,,,,,,,0,0,0,,20250201181106.898,89-9404
20,MP01,SD,800119,420730161,89-9404,20250201,,144825,,1,0,PAK,,,0,0,0,,,,,,,,0,0,0,,20250201181107,89-9404
20,MP01,SD,800237,420730161,89-9404,20250201,,162145,,1,0,PAK,,,0,0,0,,,,,,,,0,0,0,,20250201181107,89-9404
20,MP01,SD,812146,420730161,89-9404,20250201,,34350101,,1,0,PAK,,,0,0,0,,,,,,,,0,0,0,,20250201181107,89-9404
20,MP01,SD,800184,420730165,89-9404,20250201,,761780,,1,0,PAK,,,0,0,0,,,,,,,,0,0,0,,20250201181107.102,89-9404
20,MP01,SD,800237,420730165,89-9404,20250201,,169541,,1,0,PAK,,,0,0,0,,,,,,,,0,0,0,,20250201181107.102,89-9404
20,MP01,SD,800184,420730166,89-9404,20250201,,760772,,1,0,PAK,,,0,0,0,,,,,,,,0,0,0,,20250201181107.102,89-9404
20,MP01,SD,800147,420730166,89-9404,20250201,,216688,,1,0,PAK,,,0,0,0,,,,,,,,0,0,0,,20250201181107.199,89-9404
20,MP01,SD,800237,420730166,89-9404,20250201,,169342,,1,0,PAK,,,0,0,0,,,,,,,,0,0,0,,20250201181107.199,89-9404
20,MP01,SD,800184,420730167,89-9404,20250201,,754662,,1,0,PAK,,,0,0,0,,,,,,,,0,0,0,,20250201181107.199,89-9404
20,MP01,SD,800147,420730167,89-9404,20250201,,178776,,1,0,PAK,,,0,0,0,,,,,,,,0,0,0,,20250201181107.301,89-9404
20,MP01,SD,800119,420730167,89-9404,20250201,,MP.MMETRO500100,,1,0,PAK,,,0,0,0,,,,,,,,0,0,0,,20250201181107.301,89-9404
20,MP01,SD,800237,420730167,89-9404,20250201,,165533,,1,0,PAK,,,0,0,0,,,,,,,,0,0,0,,20250201181107.398,89-9404
20,MP01,SD,812146,420730167,89-9404,20250201,,10136526,,1,0,PAK,,,0,0,0,,,,,,,,0,0,0,,20250201181107.398,89-9404
20,MP01,SD,800184,420730173,89-9404,20250201,,757859,,1,0,PAK,,,0,0,0,,,,,,,,0,0,0,,20250201181107.398,89-9404
20,MP01,SD,800147,420730173,89-9404,20250201,,128920,,1,0,PAK,,,0,0,0,,,,,,,,0,0,0,,20250201181107.5,89-9404
20,MP01,SD,800119,420730173,89-9404,20250201,,410527,,1,0,PAK,,,0,0,0,,,,,,,,0,0,0,,20250201181107.5,89-9404
20,MP01,SD,800237,420730173,89-9404,20250201,,162639,,1,0,PAK,,,0,0,0,,,,,,,,0,0,0,,20250201181107.5,89-9404
20,MP01,SD,800184,420730174,89-9404,20250201,,757330,,1,0,PAK,,,0,0,0,,,,,,,,0,0,0,,20250416144337,89-9404
20,MP01,SD,800147,420730174,89-9404,20250201,,199619,,1,0,PAK,,,0,0,0,,,,,,,,0,0,0,,20250201181107.602,89-9404
20,MP01,SD,800237,420730174,89-9404,20250201,,166897,,1,0,PAK,,,0,0,0,,,,,,,,0,0,0,,20250201181107.699,89-9404
20,MP01,SD,800184,420730177,89-9404,20250201,,756238,,1,0,PAK,,,0,0,0,,,,,,,,0,0,0,,20250201181107.699,89-9404
20,MP01,SD,800147,420730177,89-9404,20250201,,182123,,1,0,PAK,,,0,0,0,,,,,,,,0,0,0,,20250201181107.699,89-9404
20,MP01,SD,800119,420730177,89-9404,20250201,,MP.MNIFE60100,,1,0,PAK,,,0,0,0,,,,,,,,0,0,0,,20250201181107.801,89-9404
20,MP01,SD,800237,420730177,89-9404,20250201,,165705,,1,0,PAK,,,0,0,0,,,,,,,,0,0,0,,20250201181107.801,89-9404
20,MP01,SD,812146,420730177,89-9404,20250201,,10127134,,1,0,PAK,,,0,0,0,,,,,,,,0,0,0,,20250201181107.801,89-9404
20,MP01,SD,800184,420730179,89-9404,20250201,,756621,,1,0,PAK,,,0,0,0,,,,,,,,0,0,0,,20250201181107.898,89-9404
20,MP01,SD,800147,420730179,89-9404,20250201,,97427,,1,0,PAK,,,0,0,0,,,,,,,,0,0,0,,20250201181107.898,89-9404
20,MP01,SD,800119,420730179,89-9404,20250201,,629323000216,,1,0,PAK,,,0,0,0,,,,,,,,0,0,0,,20250201181107.898,89-9404
20,MP01,SD,800237,420730179,89-9404,20250201,,160209,,1,0,PAK,,,0,0,0,,,,,,,,0,0,0,,20250201181108,89-9404
20,MP01,SD,800184,420730180,89-9404,20250201,,761471,,1,0,PAK,,,0,0,0,,,,,,,,0,0,0,,20250201181108,89-9404
20,MP01,SD,800147,420730180,89-9404,20250201,,118253,,1,0,PAK,,,0,0,0,,,,,,,,0,0,0,,20250201181108,89-9404
20,MP01,SD,812146,420730180,89-9404,20250201,,10128745,,1,0,PAK,,,0,0,0,,,,,,,,0,0,0,,20250201181108.102,89-9404
20,MP01,SD,800119,420730180,89-9404,20250201,,629323000735,,1,0,PAK,,,0,0,0,,,,,,,,0,0,0,,20250201181108.102,89-9404
20,MP01,SD,800237,420730180,89-9404,20250201,,162122,,1,0,PAK,,,0,0,0,,,,,,,,0,0,0,,20250201181108.102,89-9404
20,MP01,SD,800237,420730260,89-9404,20250201,,166431,,1,0,PAK,,,0,0,0,,,,,,,,0,0,0,,20250201181116.102,89-9404
20,MP01,SD,812146,420730260,89-9404,20250201,,10140693,,1,0,PAK,,,0,0,0,,,,,,,,0,0,0,,20250201181116.102,89-9404
20,MP01,SD,800184,420730261,89-9404,20250201,,752900,,1,0,PAK,,,0,0,0,,,,,,,,0,0,0,,20250201181116.199,89-9404
20,MP01,SD,800147,420730261,89-9404,20250201,,190525,,1,0,PAK,,,0,0,0,,,,,,,,0,0,0,,20250201181116.199,89-9404
20,MP01,SD,800119,420730261,89-9404,20250201,,12330,,1,0,PAK,,,0,0,0,,,,,,,,0,0,0,,20250201181116.199,89-9404
20,MP01,SD,800237,420730261,89-9404,20250201,,166434,,1,0,PAK,,,0,0,0,,,,,,,,0,0,0,,20250201181116.301,89-9404
20,MP01,SD,812146,420730261,89-9404,20250201,,10140694,,1,0,PAK,,,0,0,0,,,,,,,,0,0,0,,20250201181116.301,89-9404
20,MP01,SD,800184,420730263,89-9404,20250201,,752722,,1,0,PAK,,,0,0,0,,,,,,,,0,0,0,,20250201181116.398,89-9404
20,MP01,SD,800147,420730263,89-9404,20250201,,190526,,1,0,PAK,,,0,0,0,,,,,,,,0,0,0,,20250201181116.398,89-9404
20,MP01,SD,812146,420730263,89-9404,20250201,,10140691,,1,0,PAK,,,0,0,0,,,,,,,,0,0,0,,20250201181116.398,89-9404
20,MP01,SD,800237,420730263,89-9404,20250201,,166437,,1,0,PAK,,,0,0,0,,,,,,,,0,0,0,,20250201181116.5,89-9404
20,MP01,SD,800119,420730263,89-9404,20250201,,12378,,1,0,PAK,,,0,0,0,,,,,,,,0,0,0,,20250201181116.5,89-9404
20,MP01,SD,800184,420730266,89-9404,20250201,,759937,,1,0,PAK,,,0,0,0,,,,,,,,0,0,0,,20250201181116.5,89-9404
20,MP01,SD,800147,420730266,89-9404,20250201,,96507,,1,0,PAK,,,0,0,0,,,,,,,,0,0,0,,20250201181116.602,89-9404
20,MP01,SD,800119,420730266,89-9404,20250201,,124943,,1,0,PAK,,,0,0,0,,,,,,,,0,0,0,,20250201181116.602,89-9404
20,MP01,SD,800237,420730266,89-9404,20250201,,165134,,1,0,PAK,,,0,0,0,,,,,,,,0,0,0,,20250201181116.699,89-9404
20,MP01,SD,812146,420730266,89-9404,20250201,,32912201,,1,0,PAK,,,0,0,0,,,,,,,,0,0,0,,20250201181116.699,89-9404
20,MP01,SD,800184,420730267,89-9404,20250201,,759938,,1,0,PAK,,,0,0,0,,,,,,,,0,0,0,,20250201181116.699,89-9404
20,MP01,SD,800147,420730267,89-9404,20250201,,96508,,1,0,PAK,,,0,0,0,,,,,,,,0,0,0,,20250201181116.801,89-9404
20,MP01,SD,800119,420730267,89-9404,20250201,,124936,,1,0,PAK,,,0,0,0,,,,,,,,0,0,0,,20250201181116.801,89-9404
20,MP01,SD,800237,420730267,89-9404,20250201,,165135,,1,0,PAK,,,0,0,0,,,,,,,,0,0,0,,20250201181116.898,89-9404
20,MP01,SD,812146,420730267,89-9404,20250201,,32912301,,1,0,PAK,,,0,0,0,,,,,,,,0,0,0,,20250201181116.898,89-9404
20,MP01,SD,800147,420730268,89-9404,20250201,,185121,,1,0,PAK,,,0,0,0,,,,,,,,0,0,0,,20250201181117,89-9404
20,MP01,SD,800119,420730268,89-9404,20250201,,MP.MVAL160100,,1,0,PAK,,,0,0,0,,,,,,,,0,0,0,,20250201181117,89-9404
20,MP01,SD,800237,420730268,89-9404,20250201,,165986,,1,0,PAK,,,0,0,0,,,,,,,,0,0,0,,20250201181117,89-9404
20,MP01,SD,800184,420730269,89-9404,20250201,,759934,,1,0,PAK,,,0,0,0,,,,,,,,0,0,0,,20250201181117.102,89-9404
20,MP01,SD,800147,420730269,89-9404,20250201,,185119,,1,0,PAK,,,0,0,0,,,,,,,,0,0,0,,20250201181117.102,89-9404
20,MP01,SD,800119,420730269,89-9404,20250201,,MP.MVAL40100,,1,0,PAK,,,0,0,0,,,,,,,,0,0,0,,20250201181117.102,89-9404
20,MP01,SD,800237,420730269,89-9404,20250201,,165984,,1,0,PAK,,,0,0,0,,,,,,,,0,0,0,,20250201181117.199,89-9404
20,MP01,SD,800147,420730270,89-9404,20250201,,185120,,1,0,PAK,,,0,0,0,,,,,,,,0,0,0,,20250201181117.199,89-9404
20,MP01,SD,800119,420730270,89-9404,20250201,,MP.MVAL80100,,1,0,PAK,,,0,0,0,,,,,,,,0,0,0,,20250201181117.301,89-9404
20,MP01,SD,800237,420730270,89-9404,20250201,,165985,,1,0,PAK,,,0,0,0,,,,,,,,0,0,0,,20250201181117.301,89-9404
20,MP01,SD,800184,420730272,89-9404,20250201,,758950,,1,0,PAK,,,0,0,0,,,,,,,,0,0,0,,20250201181117.301,89-9404
20,MP01,SD,800147,420730272,89-9404,20250201,,111064,,1,0,PAK,,,0,0,0,,,,,,,,0,0,0,,20250201181117.398,89-9404
20,MP01,SD,800119,420730272,89-9404,20250201,,900509,,1,0,PAK,,,0,0,0,,,,,,,,0,0,0,,20250201181117.398,89-9404
20,MP01,SD,800237,420730272,89-9404,20250201,,163849,,1,0,PAK,,,0,0,0,,,,,,,,0,0,0,,20250201181117.5,89-9404
20,MP01,SD,800184,420730273,89-9404,20250201,,754912,,1,0,PAK,,,0,0,0,,,,,,,,0,0,0,,20250201181117.5,89-9404
20,MP01,SD,800147,420730273,89-9404,20250201,,157864,,1,0,PAK,,,0,0,0,,,,,,,,0,0,0,,20250201181117.5,89-9404
20,MP01,SD,800184,420730274,89-9404,20250201,,758915,,1,0,PAK,,,0,0,0,,,,,,,,0,0,0,,20250201181117.602,89-9404
20,MP01,SD,800147,420730274,89-9404,20250201,,111068,,1,0,PAK,,,0,0,0,,,,,,,,0,0,0,,20250201181117.602,89-9404
20,MP01,SD,800119,420730274,89-9404,20250201,,900462,,1,0,PAK,,,0,0,0,,,,,,,,0,0,0,,20250201181117.602,89-9404
20,MP01,SD,800237,420730274,89-9404,20250201,,163850,,1,0,PAK,,,0,0,0,,,,,,,,0,0,0,,20250201181117.699,89-9404
20,MP01,SD,800184,420730275,89-9404,20250201,,754960,,1,0,PAK,,,0,0,0,,,,,,,,0,0,0,,20250201181117.699,89-9404
20,MP01,SD,800309,420730072,89-9404,20250201,,181346,,1,0,PAK,,,0,0,0,,,,,,,,0,0,0,,20250201181122.5,89-9404
20,MP01,SD,800309,420730254,89-9404,20250202,,89106,,1,0,PAK,,,0,0,0,,,,,,,,0,0,0,,20250204184148.301,89-9404
20,MP01,SD,800309,420730087,89-9404,20250201,,184942,,1,0,PAK,,,0,0,0,,,,,,,,0,0,0,,20250201181122.602,89-9404
20,MP01,SD,800309,420730089,89-9404,20250201,,184924,,1,0,PAK,,,0,0,0,,,,,,,,0,0,0,,20250201181122.699,89-9404
20,MP01,SD,800309,420730092,89-9404,20250201,,190075,,1,0,PAK,,,0,0,0,,,,,,,,0,0,0,,20250201181122.699,89-9404
20,MP01,SD,800309,420730094,89-9404,20250201,,193711,,1,0,PAK,,,0,0,0,,,,,,,,0,0,0,,20251028174335,89-9418
20,MP01,SD,800309,420730096,89-9404,20250201,,193708,,1,0,PAK,,,0,0,0,,,,,,,,0,0,0,,20250201181122.801,89-9404
20,MP01,SD,800309,420730099,89-9404,20250201,,193713,,1,0,PAK,,,0,0,0,,,,,,,,0,0,0,,20250201181122.898,89-9404
20,MP01,SD,800309,420730102,89-9404,20250201,,146705,,1,0,PAK,,,0,0,0,,,,,,,,0,0,0,,20250201181122.898,89-9404
20,MP01,SD,800309,420730104,89-9404,20250201,,192414,,1,0,PAK,,,0,0,0,,,,,,,,0,0,0,,20250201181123,89-9404
20,MP01,SD,800309,420730106,89-9404,20250201,,191324,,1,0,PAK,,,0,0,0,,,,,,,,0,0,0,,20250201181123,89-9404
20,MP01,SD,800309,420730110,89-9404,20250201,,189055,,1,0,PAK,,,0,0,0,,,,,,,,0,0,0,,20250201181123.102,89-9404
20,MP01,SD,800309,420730113,89-9404,20250201,,181407,,1,0,PAK,,,0,0,0,,,,,,,,0,0,0,,20250201181123.102,89-9404
20,MP01,SD,800309,420730115,89-9404,20250201,,181410,,1,0,PAK,,,0,0,0,,,,,,,,0,0,0,,20250201181123.199,89-9404
20,MP01,SD,800309,420730118,89-9404,20250201,,181414,,1,0,PAK,,,0,0,0,,,,,,,,0,0,0,,20250201181123.199,89-9404
20,MP01,SD,800309,420730121,89-9404,20250201,,195832,,1,0,PAK,,,0,0,0,,,,,,,,0,0,0,,20250201181123.301,89-9404
20,MP01,SD,800309,420730124,89-9404,20250201,,188374,,1,0,PAK,,,0,0,0,,,,,,,,0,0,0,,20250201181123.398,89-9404
20,MP01,SD,800309,420730132,89-9404,20250201,,200759,,1,0,PAK,,,0,0,0,,,,,,,,0,0,0,,20250708124603.5,89-9404
20,MP01,SD,800309,420730135,89-9404,20250201,,135677,,1,0,PAK,,,0,0,0,,,,,,,,0,0,0,,20250201181123.5,89-9404
20,MP01,SD,800309,420730264,89-1050,20250212,,196441,,1,0,PAK,,,0,0,0,,,,,,,,0,0,0,,20250212160530.301,89-1050
20,MP01,SD,800309,420730015,89-9404,20250201,,184932,,1,0,PAK,,,0,0,0,,,,,,,,0,0,0,,20250211150157.5,89-1050
20,MP01,SD,800309,420730142,89-9404,20250201,,193951,,1,0,PAK,,,0,0,0,,,,,,,,0,0,0,,20250201181123.602,89-9404
20,MP01,SD,800309,420730144,89-9404,20250201,,193952,,1,0,PAK,,,0,0,0,,,,,,,,0,0,0,,20250201181123.699,89-9404
20,MP01,SD,800309,420730145,89-9404,20250202,,18312,,1,0,PAK,,,0,0,0,,,,,,,,0,0,0,,20250204184413.602,89-9404
20,MP01,SD,800309,420730149,89-9404,20250201,,171624,,1,0,PAK,,,0,0,0,,,,,,,,0,0,0,,20250201181123.801,89-9404
20,MP01,SD,800309,420730153,89-9404,20250201,,181344,,1,0,PAK,,,0,0,0,,,,,,,,0,0,0,,20250201181123.898,89-9404
20,MP01,SD,800309,420730146,89-9404,20250201,,18311,,1,0,PAK,,,0,0,0,,,,,,,,0,0,0,,20250204184444.398,89-9404
20,MP01,SD,800309,420730162,89-9404,20250201,,196448,,1,0,PAK,,,0,0,0,,,,,,,,0,0,0,,20250201181124,89-9404
20,MP01,SD,800309,420730166,89-9404,20250201,,190255,,1,0,PAK,,,0,0,0,,,,,,,,0,0,0,,20250201181124.102,89-9404
20,MP01,SD,800309,420730177,89-9404,20250201,,192412,,1,0,PAK,,,0,0,0,,,,,,,,0,0,0,,20250201181124.102,89-9404
20,MP01,SD,800309,420730181,89-9404,20250201,,181406,,1,0,PAK,,,0,0,0,,,,,,,,0,0,0,,20250201181124.199,89-9404
20,MP01,SD,800309,420730185,89-9404,20250201,,184944,,1,0,PAK,,,0,0,0,,,,,,,,0,0,0,,20250201181124.301,89-9404
20,MP01,SD,800309,420730187,89-9404,20250201,,184950,,1,0,PAK,,,0,0,0,,,,,,,,0,0,0,,20250201181124.301,89-9404
20,MP01,SD,800309,420730189,89-9404,20250201,,184949,,1,0,PAK,,,0,0,0,,,,,,,,0,0,0,,20250201181124.398,89-9404
20,MP01,SD,800309,420730190,89-9404,20250201,,163852,,1,0,PAK,,,0,0,0,,,,,,,,0,0,0,,20250201181124.398,89-9404
20,MP01,SD,800309,420730196,89-9404,20250201,,192416,,1,0,PAK,,,0,0,0,,,,,,,,0,0,0,,20250201181124.5,89-9404
20,MP01,SD,800309,420730202,89-9404,20250201,,181381,,1,0,PAK,,,0,0,0,,,,,,,,0,0,0,,20250201181124.5,89-9404
20,MP01,SD,800309,420730204,89-9404,20250201,,181417,,1,0,PAK,,,0,0,0,,,,,,,,0,0,0,,20250201181124.602,89-9404
20,MP01,SD,800309,420730207,89-9404,20250201,,181419,,1,0,PAK,,,0,0,0,,,,,,,,0,0,0,,20250201181124.699,89-9404
20,MP01,SD,800309,420730209,89-9404,20250201,,181422,,1,0,PAK,,,0,0,0,,,,,,,,0,0,0,,20250201181124.699,89-9404
20,MP01,SD,800309,420730233,89-9404,20250201,,191566,,1,0,PAK,,,0,0,0,,,,,,,,0,0,0,,20250201181124.801,89-9404
20,MP01,SD,800309,420730235,89-9404,20250201,,192142,,1,0,PAK,,,0,0,0,,,,,,,,0,0,0,,20250201181124.801,89-9404
20,MP01,SD,800309,420730238,89-9404,20250201,,190086,,1,0,PAK,,,0,0,0,,,,,,,,0,0,0,,20250201181124.898,89-9404
20,MP01,SD,800309,420730260,89-9404,20250202,,180322,,1,0,PAK,,,0,0,0,,,,,,,,0,0,0,,20250201184815.801,89-9404
20,MP01,SD,800309,420730267,89-9404,20250202,,124936,,1,0,PAK,,,0,0,0,,,,,,,,0,0,0,,20250201184815.801,89-9404
20,MP01,SD,800309,420730274,89-9404,20250202,,193955,,1,0,PAK,,,0,0,0,,,,,,,,0,0,0,,20250201184815.801,89-9404
20,MP01,SD,800184,420730162,89-9404,20250226,,754092,,1,0,PAK,,,0,0,0,,,,,,,,0,0,0,,20250226160451,89-9404
20,MP02,SD,800309,420730287,89-9404,20250202,,133898,,1,0,PAK,,,0,0,0,,,,,,,,0,0,0,,20250201184955.199,89-9404
20,MP01,SD,800309,420730220,89-9404,20250224,,196657,,1,0,PAK,,,0,0,0,,,,,,,,0,0,0,,20250224172316.199,89-9404
20,MP02,SD,800309,420730292,89-9404,20250202,,133899,,1,0,PAK,,,0,0,0,,,,,,,,0,0,0,,20250201184955.199,89-9404
20,MP01,SD,800309,420730221,89-9404,20250224,,196661,,1,0,PAK,,,0,0,0,,,,,,,,0,0,0,,20250224172316.199,89-9404
20,MP02,SD,800309,420730297,89-9404,20250202,,152909,,1,0,PAK,,,0,0,0,,,,,,,,0,0,0,,20250201184955.199,89-9404
20,MP01,SD,800147,420730218,89-9404,20250222,,227877,,1,0,PAK,,,0,0,0,,,,,,,,0,0,0,,20250221185122.898,89-9404
20,MP02,SD,800309,420730304,89-9404,20250202,,140850,,1,0,PAK,,,0,0,0,,,,,,,,0,0,0,,20250201184955.199,89-9404
20,MP02,SD,800309,420730308,89-9404,20250202,,153082,,1,0,PAK,,,0,0,0,,,,,,,,0,0,0,,20250201184955.199,89-9404
20,MP02,SD,800309,420730312,89-9404,20250202,,170710,,1,0,PAK,,,0,0,0,,,,,,,,0,0,0,,20250201184955.199,89-9404
20,MP02,SD,800309,420730315,89-9404,20250202,,174640,,1,0,PAK,,,0,0,0,,,,,,,,0,0,0,,20250201184955.199,89-9404
20,MP02,SD,800309,420730316,89-9404,20250202,,177740,,1,0,PAK,,,0,0,0,,,,,,,,0,0,0,,20250201184955.199,89-9404
20,MP02,SD,800309,420730321,89-9404,20250202,,179979,,1,0,PAK,,,0,0,0,,,,,,,,0,0,0,,20250201184955.199,89-9404
20,MP02,SD,800184,420730308,89-9404,20250202,,98159,,1,0,PAK,,,0,0,0,,,,,,,,0,0,0,,20250201185049.5,89-9404
20,MP01,SD,800309,420730222,89-9404,20250224,,196655,,1,0,PAK,,,0,0,0,,,,,,,,0,0,0,,20250224172316.199,89-9404
20,MP01,SD,800119,420730041,89-9404,20250201,,629323410367,,1,0,PAK,,,0,0,0,,,,,,,,0,0,0,,20250225154125,89-9404
20,MP01,SD,800119,420730220,89-9404,20250202,,412866,,1,0,PAK,,,0,0,0,,,,,,,,0,0,0,,20250201185542.801,89-9404
20,MP01,SD,800119,420730224,89-9404,20250202,,412873,,1,0,PAK,,,0,0,0,,,,,,,,0,0,0,,20250201185542.801,89-9404
20,MP01,SD,800147,420730011,89-9404,20250202,,202894,,1,0,PAK,,,0,0,0,,,,,,,,0,0,0,,20250201185602,89-9404
20,MP01,SD,800184,420730096,89-9404,20250202,,751602,,1,0,PAK,,,0,0,0,,,,,,,,0,0,0,,20250201185627.301,89-9404
20,MP01,SD,800607,420730146,89-9404,20250202,,21139272,,1,0,PAK,,,0,0,0,,,,,,,,0,0,0,,20250201190435,89-9404
20,MP01,SD,800607,420730009,89-9404,20250202,,21597024,,1,0,PAK,,,0,0,0,,,,,,,,0,0,0,,20250201190435,89-9404
20,MP01,SD,800607,420730092,89-9404,20250202,,21651355,,1,0,PAK,,,0,0,0,,,,,,,,0,0,0,,20250201190435,89-9404
20,MP01,SD,800309,420730047,89-9404,20250201,,35649,,1,0,PAK,,,0,0,0,,,,,,,,0,0,0,,20250204190114.801,89-9404
20,MP01,SD,800309,420730035,89-9404,20250202,,181240,,1,0,PAK,,,0,0,0,,,,,,,,0,0,0,,20250201191933.898,89-9404
20,MP01,SD,800309,420730055,89-9404,20250202,,184938,,1,0,PAK,,,0,0,0,,,,,,,,0,0,0,,20250201191933.898,89-9404
20,MP01,SD,800309,420730070,89-9404,20250202,,195885,,1,0,PAK,,,0,0,0,,,,,,,,0,0,0,,20250201191933.898,89-9404
20,MP01,SD,800309,420730114,89-9404,20250202,,181408,,1,0,PAK,,,0,0,0,,,,,,,,0,0,0,,20250201191933.898,89-9404
20,MP01,SD,800309,420730122,89-9404,20250202,,195833,,1,0,PAK,,,0,0,0,,,,,,,,0,0,0,,20250201191933.898,89-9404
20,MP01,SD,800309,420730180,89-9404,20250202,,181415,,1,0,PAK,,,0,0,0,,,,,,,,0,0,0,,20250201191933.898,89-9404
20,MP01,SD,800309,420730195,89-9404,20250202,,146861,,1,0,PAK,,,0,0,0,,,,,,,,0,0,0,,20250201191933.898,89-9404
20,MP01,SD,800309,420730203,89-9404,20250202,,181416,,1,0,PAK,,,0,0,0,,,,,,,,0,0,0,,20250201191933.898,89-9404
20,MP01,SD,800309,420730208,89-9404,20250202,,181421,,1,0,PAK,,,0,0,0,,,,,,,,0,0,0,,20250201191933.898,89-9404
20,MP01,SD,800309,420730234,89-9404,20250202,,189032,,1,0,PAK,,,0,0,0,,,,,,,,0,0,0,,20250201191933.898,89-9404
20,MP01,SD,800309,420730256,89-9404,20250202,,181426,,1,0,PAK,,,0,0,0,,,,,,,,0,0,0,,20250201191933.898,89-9404
20,MP01,SD,800309,420730263,89-9404,20250202,,180324,,1,0,PAK,,,0,0,0,,,,,,,,0,0,0,,20250201191933.898,89-9404
20,MP01,SD,800309,420730280,89-9404,20250202,,181382,,1,0,PAK,,,0,0,0,,,,,,,,0,0,0,,20250201191933.898,89-9404
20,MP02,SD,800309,420730323,89-9404,20250202,,182358,,1,0,PAK,,,0,0,0,,,,,,,,0,0,0,,20250201192125.801,89-9404
20,MP02,SD,800309,420730325,89-9404,20250202,,182905,,1,0,PAK,,,0,0,0,,,,,,,,0,0,0,,20250201192125.801,89-9404
20,MP02,SD,800309,420730329,89-9404,20250202,,187637,,1,0,PAK,,,0,0,0,,,,,,,,0,0,0,,20250201192125.801,89-9404
20,MP01,SD,800237,420730036,89-9404,20250430,,169933,,1,0,PAK,,,0,0,0,,,,,,,,0,0,0,,20250430175845.398,89-9404
20,MP01,SD,800119,420730251,89-9404,20250512,,MSODBIC500,,1,0,PAK,,,0,0,0,,,,,,,,0,0,0,,20250512145748.398,89-9404
20,MP01,SD,800237,420730126,89-9404,20250513,,170776,,1,0,PAK,,,0,0,0,,,,,,,,0,0,0,,20250513134445.199,89-9404
20,MP01,SD,800237,420730155,89-9404,20250513,,170777,,1,0,PAK,,,0,0,0,,,,,,,,0,0,0,,20250513134518.398,89-9404
20,MP01,SD,800147,420730096,89-9404,20250513,,221908,,1,0,PAK,,,0,0,0,,,,,,,,0,0,0,,20250513182508.699,89-9404
20,MP01,SD,800309,420730126,89-9404,20250520,,199546,,1,0,PAK,,,0,0,0,,,,,,,,0,0,0,,20250520114052.801,89-9404
20,MP01,SD,800309,420730155,89-9404,20250520,,199545,,1,0,PAK,,,0,0,0,,,,,,,,0,0,0,,20250520114113.5,89-9404
20,MP01,SD,800607,420730174,89-9404,20250521,,21639332,,1,0,PAK,,,0,0,0,,,,,,,,0,0,0,,20250521110633.301,89-9404
20,MP01,SD,800147,420730155,89-9418,20250521,,234522,,1,0,PAK,,,0,0,0,,,,,,,,0,0,0,,20250521131440.398,89-9418
20,MP01,SD,800147,420730126,89-9418,20250521,,234523,,1,0,PAK,,,0,0,0,,,,,,,,0,0,0,,20250521131518.102,89-9418
20,MP01,SD,800147,420730265,89-9404,20250521,,228015,,1,0,PAK,,,0,0,0,,,,,,,,0,0,0,,20250521144446.102,89-9404
20,MP01,SD,800184,420730036,89-9404,20250523,,752109,,1,0,PAK,,,0,0,0,,,,,,,,0,0,0,,20250523162207.398,89-9404
20,MP01,SD,800237,420730097,89-9404,20250528,,169879,,1,0,PAK,,,0,0,0,,,,,,,,0,0,0,,20250527184342.199,89-9404
20,MP01,SD,800237,420730099,89-9404,20250528,,169881,,1,0,PAK,,,0,0,0,,,,,,,,0,0,0,,20250527184417.699,89-9404
20,MP01,SD,800237,420730100,89-9404,20250528,,169882,,1,0,PAK,,,0,0,0,,,,,,,,0,0,0,,20250527184443.801,89-9404
20,MP01,SD,800237,420730101,89-9404,20250528,,169883,,1,0,PAK,,,0,0,0,,,,,,,,0,0,0,,20250527184516.801,89-9404
20,MP01,SD,800147,420730123,89-9418,20250528,,226638,,1,0,PAK,,,0,0,0,,,,,,,,0,0,0,,20250527191157.301,89-9418
20,MP01,SD,800119,420730231,89-9404,20250529,,MRIZO106,,1,0,PAK,,,0,0,0,,,,,,,,0,0,0,,20250529115036.602,89-9404
20,MP01,SD,800119,420730232,89-9404,20250529,,MRIZO56,,1,0,PAK,,,0,0,0,,,,,,,,0,0,0,,20250529115036.602,89-9404
20,MP01,SD,800184,420730265,89-9418,20250604,,753780,,1,0,PAK,,,0,0,0,,,,,,,,0,0,0,,20250604142442.898,89-9418
20,MP01,SD,800184,420730122,89-9418,20250604,,752896,,1,0,PAK,,,0,0,0,,,,,,,,0,0,0,,20250604142442.898,89-9418
20,MP02,SD,800147,420730285,89-9404,20250201,,121256,,1,0,PAK,,,0,0,0,,,,,,,,0,0,0,,20250918172025.898,89-9404
20,MP02,SD,800184,420730298,89-9404,20250201,,488232,,1,0,PAK,,,0,0,0,,,,,,,,0,0,0,,20250605192007.699,89-9418
20,MP01,SD,800237,420730023,89-9418,20250618,,169953,,1,0,PAK,,,0,0,0,,,,,,,,0,0,0,,20250618132840.398,89-9418
20,MP01,SD,800237,420730163,89-9418,20250618,,170204,,1,0,PAK,,,0,0,0,,,,,,,,0,0,0,,20250618132840.398,89-9418
20,MP01,SD,800184,420730123,89-9418,20250618,,752881,,1,0,PAK,,,0,0,0,,,,,,,,0,0,0,,20250618162606.898,89-9418
20,MP01,SD,800184,420730097,89-9418,20250618,,751610,,1,0,PAK,,,0,0,0,,,,,,,,0,0,0,,20250618162606.898,89-9418
20,MP02,SD,800184,420730366,89-1050,20250623,,488103,,1,0,NO,,,0,0,0,,,,,,,,0,0,0,,20250721115542.301,89-9418
20,MP01,SD,800309,420730231,89-9418,20250630,,200505,,1,0,PAK,,,0,0,0,,,,,,,,0,0,0,,20250630150626.801,89-9418
20,MP01,SD,800309,420730232,89-9418,20250630,,200509,,1,0,PAK,,,0,0,0,,,,,,,,0,0,0,,20250630150646.801,89-9418
20,MP01,SD,800237,420730232,89-9418,20250702,,170983,,1,0,PAK,,,0,0,0,,,,,,,,0,0,0,,20250702113808.5,89-9418
20,MP01,SD,800237,420730231,89-9418,20250702,,170984,,1,0,PAK,,,0,0,0,,,,,,,,0,0,0,,20250702113808.5,89-9418
20,MP01,SD,800147,420730231,89-9404,20250702,,236581,,1,0,PAK,,,0,0,0,,,,,,,,0,0,0,,20250702131606,89-9404
20,MP01,SD,800147,420730232,89-9404,20250702,,236580,,1,0,PAK,,,0,0,0,,,,,,,,0,0,0,,20250702131634.898,89-9404
20,MP01,SD,800184,420730164,89-9404,20250702,,757406,,1,0,PAK,,,0,0,0,,,,,,,,0,0,0,,20250702173944.398,89-9404
20,MP01,SD,800184,420730163,89-9404,20250702,,757430,,1,0,PAK,,,0,0,0,,,,,,,,0,0,0,,20250702173944.398,89-9404
20,MP01,SD,800237,420730016,89-9404,20250709,,169950,,1,0,PAK,,,0,0,0,,,,,,,,0,0,0,,20250709133345.102,89-9404
20,MP01,SD,800237,420730221,89-9404,20250709,,170271,,1,0,PAK,,,0,0,0,,,,,,,,0,0,0,,20250709133535.699,89-9404
20,MP02,SD,800309,420730366,89-9418,20250711,,197233,,1,0,NO,,,0,0,0,,,,,,,,0,0,0,,20250711113433.699,89-9418
20,MP01,SD,800237,420730224,89-9418,20250716,,170274,,1,0,PAK,,,0,0,0,,,,,,,,0,0,0,,20250716145857.199,89-9418
20,MP02,SD,800147,420730357,89-9418,20250717,,230686,,1,0,PAK,,,0,0,0,,,,,,,,0,0,0,,20250717115542.398,89-9418
20,MP01,SD,800119,420730211,89-9418,20250718,,MPROG100100,,1,0,PAK,,,0,0,0,,,,,,,,0,0,0,,20250718143721.102,89-9418
20,MP01,SD,800119,420730212,89-9418,20250718,,MPROG10030,,1,0,PAK,,,0,0,0,,,,,,,,0,0,0,,20250718143721.102,89-9418
20,MP02,SD,800147,420730323,89-9404,20250201,,202429,,1,0,PAK,,,0,0,0,,,,,,,,0,0,0,,20250918172356.102,89-9404
20,MP02,SD,800147,420730293,89-9404,20250201,,239163,,1,0,PAK,,,0,0,0,,,,,,,,0,0,0,,20250922170803.398,89-9404
20,MP02,SD,800147,420730298,89-9404,20250201,,235984,,1,0,PAK,,,0,0,0,,,,,,,,0,0,0,,20250922170829.5,89-9404
20,MP01,SD,800147,420730169,89-9418,20250924,,240118,,1,0,PAK,,,0,0,0,,,,,,,,0,0,0,,20250924173832.602,89-9418
20,MP01,SD,800147,420730168,89-9418,20250924,,240120,,1,0,PAK,,,0,0,0,,,,,,,,0,0,0,,20250924173832.602,89-9418
20,MP01,SD,800237,420730169,89-9418,20250926,,171369,,1,0,PAK,,,0,0,0,,,,,,,,0,0,0,,20250925192410.398,89-9418
20,MP01,SD,800237,420730168,89-9418,20250926,,171370,,1,0,PAK,,,0,0,0,,,,,,,,0,0,0,,20250925192410.398,89-9418
20,MP01,SD,800309,420730169,89-9418,20250929,,202773,,1,0,PAK,,,0,0,0,,,,,,,,0,0,0,,20250929170153.602,89-9418
20,MP01,SD,800309,420730168,89-9418,20250929,,202774,,1,0,PAK,,,0,0,0,,,,,,,,0,0,0,,20250929170153.602,89-9418
20,MP01,SD,800119,420730356,89-9418,20251001,,414228,,1,0,PAK,,,0,0,0,,,,,,,,0,0,0,,20250930194848.801,89-9418
20,MP01,SD,800184,420730169,89-9418,20251001,,751627,,1,0,PAK,,,0,0,0,,,,,,,,0,0,0,,20251001123627.699,89-9418
20,MP01,SD,800184,420730168,89-9418,20251001,,751635,,1,0,PAK,,,0,0,0,,,,,,,,0,0,0,,20251001123627.699,89-9418
20,MP01,SD,800184,420730356,89-9404,20251006,,751726,,1,0,PAK,,,0,0,0,,,,,,,,0,0,0,,20251006165931.102,89-9404
20,MP01,SD,800309,420730356,89-9418,20251007,,203047,,1,0,PAK,,,0,0,0,,,,,,,,0,0,0,,20251007130216.398,89-9418
20,MP01,SD,800147,420730356,89-9418,20251008,,240302,,1,0,PAK,,,0,0,0,,,,,,,,0,0,0,,20251008123252.102,89-9418
20,MP01,SD,800237,420730356,89-9418,20251008,,171407,,1,0,PAK,,,0,0,0,,,,,,,,0,0,0,,20251008181644.301,89-9418
20,MP01,SD,800184,420730131,89-9418,20251022,,752168,,1,0,PAK,,,0,0,0,,,,,,,,0,0,0,,20251022120543.301,89-9418
20,MP01,SD,800119,420730230,89-9418,20251023,,MRIZA106,,1,0,PAK,,,0,0,0,,,,,,,,0,0,0,,20251023115220,89-9418
20,MP01,SD,800184,420730230,89-9404,20251023,,752368,,1,0,PAK,,,0,0,0,,,,,,,,0,0,0,,20251023150421.398,89-9404
20,MP01,SD,800147,420730230,89-9418,20251029,,241488,,1,0,PAK,,,0,0,0,,,,,,,,0,0,0,,20251029120801.5,89-9418
20,MP01,SD,800237,420730230,89-9418,20251029,,171493,,1,0,PAK,,,0,0,0,,,,,,,,0,0,0,,20251029130311.898,89-9418
20,MP01,SD,800309,420730230,89-9418,20251029,,203534,,1,0,PAK,,,0,0,0,,,,,,,,0,0,0,,20251029143353.5,89-9418
20,MP02,SD,800147,420730325,89-9404,20250201,,202990,,1,0,PAK,,,0,0,0,,,,,,,,0,0,0,,20251112140453.5,89-9418
20,MP01,SD,800309,420730381,89-9418,20251112,,203792,,1,0,PAK,,,0,0,0,,,,,,,,0,0,0,,20251112150612.699,89-9418
20,MP01,SD,800309,420730379,89-9418,20251112,,203790,,1,0,PAK,,,0,0,0,,,,,,,,0,0,0,,20251112150612.699,89-9418
20,MP01,SD,800309,420730380,89-9418,20251112,,203791,,1,0,PAK,,,0,0,0,,,,,,,,0,0,0,,20251112150612.699,89-9418
20,MP01,SD,800237,420730427,89-9418,20251112,,,,1,0,NO,,,0,0,0,,,,,,,,0,0,0,,20251112180807.699,89-9418
20,MP01,SD,800237,420730098,89-9418,20251112,,169880,,1,0,PAK,,,0,0,0,,,,,,,,0,0,0,,20251112180807.699,89-9418
20,MP01,SD,800237,420730379,89-9418,20251112,,171543,,1,0,PAK,,,0,0,0,,,,,,,,0,0,0,,20251112180807.699,89-9418
20,MP01,SD,800237,420730380,89-9418,20251112,,171544,,1,0,PAK,,,0,0,0,,,,,,,,0,0,0,,20251112182336.398,89-9404
20,MP01,SD,800237,420730381,89-9418,20251112,,171545,,1,0,PAK,,,0,0,0,,,,,,,,0,0,0,,20251112182408.699,89-9404
20,MP01,SD,800147,420730379,89-9418,20251113,,243243,,1,0,PAK,,,0,0,0,,,,,,,,0,0,0,,20251112192010.301,89-9418
20,MP01,SD,800147,420730380,89-9418,20251113,,243247,,1,0,PAK,,,0,0,0,,,,,,,,0,0,0,,20251112192010.301,89-9418
20,MP01,SD,800147,420730381,89-9418,20251113,,243248,,1,0,PAK,,,0,0,0,,,,,,,,0,0,0,,20251112192010.301,89-9418
20,MP01,SD,800184,420730381,89-9404,20251114,,752824,,1,0,PAK,,,0,0,0,,,,,,,,0,0,0,,20251114152432.898,89-9404
20,MP01,SD,800184,420730379,89-9404,20251114,,752825,,1,0,PAK,,,0,0,0,,,,,,,,0,0,0,,20251114152456,89-9404
20,MP01,SD,800184,420730380,89-9404,20251114,,752835,,1,0,PAK,,,0,0,0,,,,,,,,0,0,0,,20251114152511.5,89-9404
20,MP01,SD,800211,420730009,89-9404,20251118,,672736,,1,0,PAK,,,0,0,0,,,,,,,,0,0,0,,20251117194558.102,89-9404
20,MP01,SD,800211,420730010,89-9404,20251118,,671289,,1,0,PAK,,,0,0,0,,,,,,,,0,0,0,,20251117194558.102,89-9404
20,MP01,SD,800211,420730034,89-9404,20251118,,671538,,1,0,PAK,,,0,0,0,,,,,,,,0,0,0,,20251117194558.102,89-9404
20,MP01,SD,800211,420730263,89-9404,20251118,,672378,,1,0,PAK,,,0,0,0,,,,,,,,0,0,0,,20251117194558.102,89-9404
20,MP01,SD,800211,420730154,89-9404,20251118,,671159,,1,0,PAK,,,0,0,0,,,,,,,,0,0,0,,20251117200133.602,89-9404
20,MP01,SD,800147,420730197,89-9418,20251118,,242983,,1,0,PAK,,,0,0,0,,,,,,,,0,0,0,,20251118125008.898,89-9418
20,MP02,SD,812146,420730308,89-9404,20250201,,193951,,1,0,PAK,,,0,0,0,,,,,,,,0,0,0,,20250201181044.801,89-9404
20,MP02,SD,800184,420730309,89-9404,20250201,,193954,,1,0,PAK,,,0,0,0,,,,,,,,0,0,0,,20250201181044.801,89-9404
20,MP02,SD,800147,420730309,89-9404,20250201,,193952,,1,0,PAK,,,0,0,0,,,,,,,,0,0,0,,20250201181044.898,89-9404
20,MP02,SD,812146,420730309,89-9404,20250201,,18311,,1,0,PAK,,,0,0,0,,,,,,,,0,0,0,,20250201181044.898,89-9404
20,MP02,SD,800119,420730309,89-9404,20250201,,105408,,1,0,PAK,,,0,0,0,,,,,,,,0,0,0,,20250201181044.898,89-9404
20,MP02,SD,812103,420730310,89-9404,20250201,,105335,,1,0,PAK,,,0,0,0,,,,,,,,0,0,0,,20250201181045,89-9404
20,MP02,SD,800184,420730312,89-9404,20250201,,51550,,1,0,PAK,,,0,0,0,,,,,,,,0,0,0,,20250201181045,89-9404
20,MP02,SD,800147,420730312,89-9404,20250201,,181344,,1,0,PAK,,,0,0,0,,,,,,,,0,0,0,,20250201181045.102,89-9404
20,MP02,SD,812146,420730312,89-9404,20250201,,181365,,1,0,PAK,,,0,0,0,,,,,,,,0,0,0,,20250201181045.102,89-9404
20,MP02,SD,800119,420730312,89-9404,20250201,,115575,,1,0,PAK,,,0,0,0,,,,,,,,0,0,0,,20250201181045.102,89-9404
20,MP02,SD,800184,420730313,89-9404,20250201,,144825,,1,0,PAK,,,0,0,0,,,,,,,,0,0,0,,20250201181045.199,89-9404
20,MP02,SD,800147,420730313,89-9404,20250201,,196448,,1,0,PAK,,,0,0,0,,,,,,,,0,0,0,,20250201181045.199,89-9404
20,MP02,SD,800119,420730313,89-9404,20250201,,192004,,1,0,PAK,,,0,0,0,,,,,,,,0,0,0,,20250201181045.199,89-9404
20,MP02,SD,812146,420730313,89-9404,20250201,,192410,,1,0,PAK,,,0,0,0,,,,,,,,0,0,0,,20250201181045.301,89-9404
20,MP02,SD,800184,420730315,89-9404,20250201,,184926,,1,0,PAK,,,0,0,0,,,,,,,,0,0,0,,20250201181045.301,89-9404
20,MP02,SD,800147,420730315,89-9404,20250201,,192412,,1,0,PAK,,,0,0,0,,,,,,,,0,0,0,,20250201181045.301,89-9404
20,MP02,SD,800119,420730315,89-9404,20250201,,181378,,1,0,PAK,,,0,0,0,,,,,,,,0,0,0,,20250201181045.398,89-9404
20,MP02,SD,812146,420730315,89-9404,20250201,,181406,,1,0,PAK,,,0,0,0,,,,,,,,0,0,0,,20250201181045.398,89-9404
20,MP01,SD,800119,420730195,89-9404,20250201,,102355,,1,0,PAK,,,0,0,0,,,,,,,,0,0,0,,20250227194325.602,89-9404
20,MP01,SD,800309,420730138,89-9404,20250201,,98159,,1,0,PAK,,,0,0,0,,,,,,,,0,0,0,,20250212160232.898,89-1050
20,MP01,SD,800119,420730138,89-9404,20250201,,98159,,1,0,PAK,,,0,0,0,,,,,,,,0,0,0,,20250227194347,89-9404
20,MP02,SD,812146,420730316,89-9404,20250201,,184950,,1,0,PAK,,,0,0,0,,,,,,,,0,0,0,,20250201181045.602,89-9404
20,MP02,SD,800119,420730298,89-9404,20250201,,410299,,1,0,PAK,,,0,0,0,,,,,,,,0,0,0,,20250304201256.898,89-9404
20,MP02,SD,812103,420730316,89-9404,20250201,,184949,,1,0,PAK,,,0,0,0,,,,,,,,0,0,0,,20250201181045.602,89-9404
20,MP02,SD,812106,420730316,89-9404,20250201,,163852,,1,0,PAK,,,0,0,0,,,,,,,,0,0,0,,20250201181045.699,89-9404
20,MP02,SD,800184,420730322,89-9404,20250201,,192404,,1,0,PAK,,,0,0,0,,,,,,,,0,0,0,,20250201181045.699,89-9404
20,MP02,SD,800147,420730322,89-9404,20250201,,192406,,1,0,PAK,,,0,0,0,,,,,,,,0,0,0,,20250201181045.699,89-9404
20,MP02,SD,812146,420730322,89-9404,20250201,,181381,,1,0,PAK,,,0,0,0,,,,,,,,0,0,0,,20250201181045.801,89-9404
20,MP02,SD,800119,420730322,89-9404,20250201,,181417,,1,0,PAK,,,0,0,0,,,,,,,,0,0,0,,20250201181045.801,89-9404
20,MP02,SD,800184,420730323,89-9404,20250201,,480080,,1,0,PAK,,,0,0,0,,,,,,,,0,0,0,,20250912145236.699,89-9418
20,MP02,SD,800147,420730289,89-9404,20250201,,108426,,1,0,PAK,,,0,0,0,,,,,,,,0,0,0,,20250918171551.898,89-9404
20,MP02,SD,812146,420730323,89-9404,20250201,,181419,,1,0,PAK,,,0,0,0,,,,,,,,0,0,0,,20250201181045.898,89-9404
20,MP02,SD,800184,420730325,89-9404,20250201,,480043,,1,0,PAK,,,0,0,0,,,,,,,,0,0,0,,20251106153603.301,89-9418
20,MP01,SD,800119,420730197,89-9418,20251111,,413658,,1,0,PAK,,,0,0,0,,,,,,,,0,0,0,,20251110201152.102,89-9418
20,MP02,SD,812146,420730325,89-9404,20250201,,192142,,1,0,PAK,,,0,0,0,,,,,,,,0,0,0,,20250201181046.102,89-9404
20,MP02,SD,800184,420730327,89-9404,20250201,,189031,,1,0,PAK,,,0,0,0,,,,,,,,0,0,0,,20250201181046.102,89-9404
20,MP02,SD,800147,420730327,89-9404,20250201,,191010,,1,0,PAK,,,0,0,0,,,,,,,,0,0,0,,20250201181046.102,89-9404
20,MP02,SD,812146,420730327,89-9404,20250201,,190087,,1,0,PAK,,,0,0,0,,,,,,,,0,0,0,,20250201181046.199,89-9404
20,MP01,SD,800119,420730123,89-9404,20250306,,MESZO3100,,1,0,PAK,,,0,0,0,,,,,,,,0,0,0,,20250306135405.398,89-9404
20,MP02,SD,800184,420730329,89-9404,20250201,,484804,,1,0,PAK,,,0,0,0,,,,,,,,0,0,0,,20250512114546.5,89-9404
20,MP02,SD,800147,420730329,89-9404,20250201,,210612,,1,0,PAK,,,0,0,0,,,,,,,,0,0,0,,20250508114818.699,89-9404
20,MP02,SD,812146,420730329,89-9404,20250201,,184947,,1,0,PAK,,,0,0,0,,,,,,,,0,0,0,,20250201181046.301,89-9404
20,MP02,SD,800147,420730334,89-9404,20250306,,227201,,1,0,PAK,,,0,0,0,,,,,,,,0,0,0,,20250306140839.801,89-9404
20,MP01,SD,800119,420730005,89-9404,20250201,,3412019,,1,0,PAK,,,0,0,0,,,,,,,,0,0,0,,20250201181047.898,89-9404
20,MP01,SD,800237,420730005,89-9404,20250201,,166904,,1,0,PAK,,,0,0,0,,,,,,,,0,0,0,,20250201181048,89-9404
20,MP01,SD,800184,420730006,89-9404,20250201,,755886,,1,0,PAK,,,0,0,0,,,,,,,,0,0,0,,20250201181048,89-9404
20,MP01,SD,800147,420730006,89-9404,20250201,,97393,,1,0,PAK,,,0,0,0,,,,,,,,0,0,0,,20250201181048,89-9404
20,MP01,SD,800119,420730006,89-9404,20250201,,629323000032,,1,0,PAK,,,0,0,0,,,,,,,,0,0,0,,20250201181048.102,89-9404
20,MP01,SD,800237,420730006,89-9404,20250201,,160202,,1,0,PAK,,,0,0,0,,,,,,,,0,0,0,,20250201181048.102,89-9404
20,MP01,SD,812146,420730006,89-9404,20250201,,10128647,,1,0,PAK,,,0,0,0,,,,,,,,0,0,0,,20250201181048.199,89-9404
20,MP01,SD,800184,420730007,89-9404,20250201,,755683,,1,0,PAK,,,0,0,0,,,,,,,,0,0,0,,20250201181048.199,89-9404
20,MP01,SD,812146,420730007,89-9404,20250201,,10128681,,1,0,PAK,,,0,0,0,,,,,,,,0,0,0,,20250201181048.199,89-9404
20,MP01,SD,800237,420730007,89-9404,20250201,,160205,,1,0,PAK,,,0,0,0,,,,,,,,0,0,0,,20250201181048.301,89-9404
20,MP01,SD,800147,420730007,89-9404,20250201,,97391,,1,0,PAK,,,0,0,0,,,,,,,,0,0,0,,20250201181048.301,89-9404
20,MP01,SD,800119,420730007,89-9404,20250201,,629323000018,,1,0,PAK,,,0,0,0,,,,,,,,0,0,0,,20250201181048.301,89-9404
20,MP01,SD,800184,420730008,89-9404,20250201,,755828,,1,0,PAK,,,0,0,0,,,,,,,,0,0,0,,20250201181048.398,89-9404
20,MP01,SD,800147,420730008,89-9404,20250201,,97392,,1,0,PAK,,,0,0,0,,,,,,,,0,0,0,,20250201181048.398,89-9404
20,MP01,SD,800119,420730279,89-9404,20250201,,629323000407,,1,0,PAK,,,0,0,0,,,,,,,,0,0,0,,20250225153143.898,89-9404
20,MP01,SD,800237,420730008,89-9404,20250201,,160207,,1,0,PAK,,,0,0,0,,,,,,,,0,0,0,,20250201181048.5,89-9404
20,MP01,SD,812146,420730008,89-9404,20250201,,10128683,,1,0,PAK,,,0,0,0,,,,,,,,0,0,0,,20250201181048.5,89-9404
20,MP01,SD,800147,420730009,89-9404,20250201,,211654,,1,0,PAK,,,0,0,0,,,,,,,,0,0,0,,20250201181048.602,89-9404
20,MP01,SD,800237,420730009,89-9404,20250201,,168887,,1,0,PAK,,,0,0,0,,,,,,,,0,0,0,,20250201181048.602,89-9404
20,MP01,SD,800607,420730010,89-9404,20250201,,21515605,,1,0,PAK,,,0,0,0,,,,,,,,0,0,0,,20250201181048.602,89-9404
20,MP01,SD,800184,420730010,89-9404,20250201,,754444,,1,0,PAK,,,0,0,0,,,,,,,,0,0,0,,20250201181048.699,89-9404
20,MP01,SD,812146,420730010,89-9404,20250201,,10140920,,1,0,PAK,,,0,0,0,,,,,,,,0,0,0,,20250201181048.699,89-9404
20,MP01,SD,800237,420730010,89-9404,20250201,,166424,,1,0,PAK,,,0,0,0,,,,,,,,0,0,0,,20250201181048.699,89-9404
20,MP01,SD,800119,420730010,89-9404,20250201,,11289,,1,0,PAK,,,0,0,0,,,,,,,,0,0,0,,20250201181048.801,89-9404
20,MP01,SD,800147,420730010,89-9404,20250201,,190352,,1,0,PAK,,,0,0,0,,,,,,,,0,0,0,,20250201181048.801,89-9404
20,MP01,SD,800119,420730011,89-9404,20250201,,MP.412712,,1,0,PAK,,,0,0,0,,,,,,,,0,0,0,,20250201181048.898,89-9404
20,MP01,SD,800237,420730011,89-9404,20250201,,167737,,1,0,PAK,,,0,0,0,,,,,,,,0,0,0,,20250201181048.898,89-9404
20,MP01,SD,800184,420730012,89-9404,20250201,,751848,,1,0,PAK,,,0,0,0,,,,,,,,0,0,0,,20250201181048.898,89-9404
20,MP01,SD,800147,420730012,89-9404,20250201,,187461,,1,0,PAK,,,0,0,0,,,,,,,,0,0,0,,20250201181049,89-9404
20,MP01,SD,812146,420730012,89-9404,20250201,,10140346,,1,0,PAK,,,0,0,0,,,,,,,,0,0,0,,20250201181049,89-9404
20,MP01,SD,800237,420730012,89-9404,20250201,,166135,,1,0,PAK,,,0,0,0,,,,,,,,0,0,0,,20250201181049.102,89-9404
20,MP01,SD,800119,420730012,89-9404,20250201,,MP.MAPIX2.560,,1,0,PAK,,,0,0,0,,,,,,,,0,0,0,,20250201181049.102,89-9404
20,MP01,SD,800184,420730013,89-9404,20250201,,751849,,1,0,PAK,,,0,0,0,,,,,,,,0,0,0,,20250201181049.102,89-9404
20,MP01,SD,800147,420730013,89-9404,20250201,,187460,,1,0,PAK,,,0,0,0,,,,,,,,0,0,0,,20250201181049.199,89-9404
20,MP01,SD,800119,420730013,89-9404,20250201,,MP.MAPIX5180,,1,0,PAK,,,0,0,0,,,,,,,,0,0,0,,20250201181049.199,89-9404
20,MP01,SD,800237,420730013,89-9404,20250201,,166137,,1,0,PAK,,,0,0,0,,,,,,,,0,0,0,,20250201181049.199,89-9404
20,MP01,SD,812146,420730013,89-9404,20250201,,10140359,,1,0,PAK,,,0,0,0,,,,,,,,0,0,0,,20250201181049.301,89-9404
20,MP01,SD,800147,420730014,89-9404,20250201,,205041,,1,0,PAK,,,0,0,0,,,,,,,,0,0,0,,20250201181049.301,89-9404
20,MP01,SD,800237,420730014,89-9404,20250201,,168174,,1,0,PAK,,,0,0,0,,,,,,,,0,0,0,,20250201181049.301,89-9404
20,MP01,SD,800184,420730015,89-9404,20250201,,751846,,1,0,PAK,,,0,0,0,,,,,,,,0,0,0,,20250201181049.398,89-9404
20,MP01,SD,800147,420730015,89-9404,20250201,,187457,,1,0,PAK,,,0,0,0,,,,,,,,0,0,0,,20250201181049.398,89-9404
20,MP01,SD,800119,420730015,89-9404,20250201,,MP.MAPIX560,,1,0,PAK,,,0,0,0,,,,,,,,0,0,0,,20250201181049.398,89-9404
20,MP01,SD,800237,420730015,89-9404,20250201,,166136,,1,0,PAK,,,0,0,0,,,,,,,,0,0,0,,20250201181049.5,89-9404
20,MP01,SD,800119,420730040,89-9404,20250201,,83728,,1,0,PAK,,,0,0,0,,,,,,,,0,0,0,,20250310202147.398,89-9404
20,MP01,SD,800237,420730066,89-9404,20250201,,171614,,1,0,PAK,,,0,0,0,,,,,,,,0,0,0,,20251203135836.102,89-9418
20,MP01,SD,812146,420730040,89-9404,20250201,,10086663,,1,0,PAK,,,0,0,0,,,,,,,,0,0,0,,20250201181052.699,89-9404
20,MP01,SD,800184,420730041,89-9404,20250201,,753196,,1,0,PAK,,,0,0,0,,,,,,,,0,0,0,,20250201181052.699,89-9404
20,MP01,SD,800147,420730041,89-9404,20250201,,124056,,1,0,PAK,,,0,0,0,,,,,,,,0,0,0,,20250201181052.699,89-9404
20,MP01,SD,800119,420730241,89-9404,20250201,,66198,,1,0,PAK,,,0,0,0,,,,,,,,0,0,0,,20250310202219.398,89-9404
20,MP01,SD,812146,420730041,89-9404,20250201,,34533801,,1,0,PAK,,,0,0,0,,,,,,,,0,0,0,,20250201181052.801,89-9404
20,MP01,SD,800607,420730043,89-9404,20250201,,21139236,,1,0,PAK,,,0,0,0,,,,,,,,0,0,0,,20250201181052.801,89-9404
20,MP01,SD,800184,420730043,89-9404,20250201,,753899,,1,0,PAK,,,0,0,0,,,,,,,,0,0,0,,20250201181052.898,89-9404
20,MP01,SD,800147,420730043,89-9404,20250201,,368084,,1,0,PAK,,,0,0,0,,,,,,,,0,0,0,,20250201181052.898,89-9404
20,MP01,SD,812146,420730043,89-9404,20250201,,10059534,,1,0,PAK,,,0,0,0,,,,,,,,0,0,0,,20250201181052.898,89-9404
20,MP01,SD,800607,420730035,89-9404,20250303,,21479705,,1,0,PAK,,,0,0,0,,,,,,,,0,0,0,,20250303170257.898,89-9404
20,MP01,SD,800237,420730043,89-9404,20250201,,152639,,1,0,PAK,,,0,0,0,,,,,,,,0,0,0,,20250201181053,89-9404
20,MP01,SD,800607,420730044,89-9404,20250201,,20876625,,1,0,PAK,,,0,0,0,,,,,,,,0,0,0,,20250201181053.102,89-9404
20,MP01,SD,800184,420730044,89-9404,20250201,,753898,,1,0,PAK,,,0,0,0,,,,,,,,0,0,0,,20250201181053.102,89-9404
20,MP01,SD,800147,420730044,89-9404,20250201,,368092,,1,0,PAK,,,0,0,0,,,,,,,,0,0,0,,20250201181053.102,89-9404
20,MP01,SD,800119,420730003,89-9404,20250201,,77293,,1,0,PAK,,,0,0,0,,,,,,,,0,0,0,,20250318113857.398,89-9404
20,MP01,SD,800237,420730044,89-9404,20250201,,164342,,1,0,PAK,,,0,0,0,,,,,,,,0,0,0,,20250201181053.199,89-9404
20,MP01,SD,812146,420730044,89-9404,20250201,,10059535,,1,0,PAK,,,0,0,0,,,,,,,,0,0,0,,20250201181053.199,89-9404
20,MP01,SD,800607,420730045,89-9404,20250201,,20911962,,1,0,PAK,,,0,0,0,,,,,,,,0,0,0,,20250201181053.301,89-9404
20,MP01,SD,800184,420730045,89-9404,20250201,,758589,,1,0,PAK,,,0,0,0,,,,,,,,0,0,0,,20250201181053.301,89-9404
20,MP01,SD,800147,420730045,89-9404,20250201,,28989,,1,0,PAK,,,0,0,0,,,,,,,,0,0,0,,20250201181053.398,89-9404
20,MP01,SD,812146,420730045,89-9404,20250201,,29448301,,1,0,PAK,,,0,0,0,,,,,,,,0,0,0,,20250201181053.398,89-9404
20,MP01,SD,800119,420730233,89-9404,20250225,,MROSU1030,,1,0,PAK,,,0,0,0,,,,,,,,0,0,0,,20250225153625.801,89-9404
20,MP01,SD,800237,420730045,89-9404,20250201,,152643,,1,0,PAK,,,0,0,0,,,,,,,,0,0,0,,20250201181053.5,89-9404
20,MP01,SD,800184,420730046,89-9404,20250201,,754483,,1,0,PAK,,,0,0,0,,,,,,,,0,0,0,,20250201181053.5,89-9404
20,MP01,SD,800147,420730046,89-9404,20250201,,125018,,1,0,PAK,,,0,0,0,,,,,,,,0,0,0,,20250201181053.602,89-9404
20,MP01,SD,800119,420730046,89-9404,20250201,,410725,,1,0,PAK,,,0,0,0,,,,,,,,0,0,0,,20250201181053.602,89-9404
20,MP01,SD,800237,420730046,89-9404,20250201,,167171,,1,0,PAK,,,0,0,0,,,,,,,,0,0,0,,20250201181053.602,89-9404
20,MP01,SD,812146,420730046,89-9404,20250201,,34680101,,1,0,PAK,,,0,0,0,,,,,,,,0,0,0,,20250201181053.699,89-9404
20,MP01,SD,800607,420730047,89-9404,20250201,,20881025,,1,0,PAK,,,0,0,0,,,,,,,,0,0,0,,20250201181053.699,89-9404
20,MP01,SD,800184,420730047,89-9404,20250201,,756558,,1,0,PAK,,,0,0,0,,,,,,,,0,0,0,,20250201181053.699,89-9404
20,MP01,SD,800147,420730047,89-9404,20250201,,4433,,1,0,PAK,,,0,0,0,,,,,,,,0,0,0,,20250201181053.801,89-9404
20,MP01,SD,812146,420730047,89-9404,20250201,,27811801,,1,0,PAK,,,0,0,0,,,,,,,,0,0,0,,20250201181053.801,89-9404
20,MP01,SD,800119,420730229,89-9404,20250225,,MRIZA1012,,1,0,PAK,,,0,0,0,,,,,,,,0,0,0,,20250225153751.199,89-9404
20,MP01,SD,800237,420730047,89-9404,20250201,,147613,,1,0,PAK,,,0,0,0,,,,,,,,0,0,0,,20250201181053.898,89-9404
20,MP01,SD,800607,420730048,89-9404,20250201,,21139217,,1,0,PAK,,,0,0,0,,,,,,,,0,0,0,,20250201181053.898,89-9404
20,MP01,SD,800184,420730048,89-9404,20250201,,757696,,1,0,PAK,,,0,0,0,,,,,,,,0,0,0,,20250201181054,89-9404
20,MP01,SD,800147,420730048,89-9404,20250201,,159368,,1,0,PAK,,,0,0,0,,,,,,,,0,0,0,,20250201181054,89-9404
20,MP01,SD,800119,420730160,89-9404,20250201,,115575,,1,0,PAK,,,0,0,0,,,,,,,,0,0,0,,20250310202346.199,89-9404
20,MP01,SD,800237,420730048,89-9404,20250201,,152636,,1,0,PAK,,,0,0,0,,,,,,,,0,0,0,,20250201181054.102,89-9404
20,MP01,SD,812146,420730048,89-9404,20250201,,10061798,,1,0,PAK,,,0,0,0,,,,,,,,0,0,0,,20250201181054.102,89-9404
20,MP01,SD,800607,420730049,89-9404,20250201,,629323115002,,1,0,PAK,,,0,0,0,,,,,,,,0,0,0,,20250201181054.102,89-9404
20,MP01,SD,800184,420730111,89-9404,20250201,,759930,,1,0,PAK,,,0,0,0,,,,,,,,0,0,0,,20250201181100.199,89-9404
20,MP01,SD,800147,420730111,89-9404,20250201,,106276,,1,0,PAK,,,0,0,0,,,,,,,,0,0,0,,20250201181100.199,89-9404
20,MP01,SD,800119,420730111,89-9404,20250201,,629323000681,,1,0,PAK,,,0,0,0,,,,,,,,0,0,0,,20250201181100.301,89-9404
20,MP01,SD,800237,420730111,89-9404,20250201,,161483,,1,0,PAK,,,0,0,0,,,,,,,,0,0,0,,20250201181100.301,89-9404
20,MP01,SD,812146,420730111,89-9404,20250201,,10128685,,1,0,PAK,,,0,0,0,,,,,,,,0,0,0,,20250201181100.301,89-9404
20,MP01,SD,800184,420730112,89-9404,20250201,,759055,,1,0,PAK,,,0,0,0,,,,,,,,0,0,0,,20250201181100.398,89-9404
20,MP01,SD,800147,420730112,89-9404,20250201,,159717,,1,0,PAK,,,0,0,0,,,,,,,,0,0,0,,20250201181100.398,89-9404
20,MP01,SD,800119,420730112,89-9404,20250201,,MP.MESCI1030,,1,0,PAK,,,0,0,0,,,,,,,,0,0,0,,20250201181100.398,89-9404
20,MP01,SD,800237,420730112,89-9404,20250201,,164552,,1,0,PAK,,,0,0,0,,,,,,,,0,0,0,,20250201181100.5,89-9404
20,MP01,SD,812146,420730112,89-9404,20250201,,10128740,,1,0,PAK,,,0,0,0,,,,,,,,0,0,0,,20250201181100.5,89-9404
20,MP01,SD,800184,420730113,89-9404,20250201,,759913,,1,0,PAK,,,0,0,0,,,,,,,,0,0,0,,20250201181100.5,89-9404
20,MP01,SD,800147,420730113,89-9404,20250201,,102032,,1,0,PAK,,,0,0,0,,,,,,,,0,0,0,,20250201181100.602,89-9404
20,MP01,SD,812146,420730113,89-9404,20250201,,10128702,,1,0,PAK,,,0,0,0,,,,,,,,0,0,0,,20250201181100.602,89-9404
20,MP01,SD,800119,420730113,89-9404,20250201,,629323900141,,1,0,PAK,,,0,0,0,,,,,,,,0,0,0,,20250201181100.602,89-9404
20,MP01,SD,800237,420730113,89-9404,20250201,,164525,,1,0,PAK,,,0,0,0,,,,,,,,0,0,0,,20250201181100.699,89-9404
20,MP01,SD,800184,420730114,89-9404,20250201,,759087,,1,0,PAK,,,0,0,0,,,,,,,,0,0,0,,20250201181100.699,89-9404
20,MP01,SD,800147,420730114,89-9404,20250201,,159718,,1,0,PAK,,,0,0,0,,,,,,,,0,0,0,,20250201181100.699,89-9404
20,MP01,SD,812146,420730114,89-9404,20250201,,10128739,,1,0,PAK,,,0,0,0,,,,,,,,0,0,0,,20250201181100.801,89-9404
20,MP01,SD,800119,420730009,89-9404,20250225,,MAMOX250100,,1,0,PAK,,,0,0,0,,,,,,,,0,0,0,,20250225153851.602,89-9404
20,MP01,SD,800237,420730114,89-9404,20250201,,164553,,1,0,PAK,,,0,0,0,,,,,,,,0,0,0,,20250201181100.801,89-9404
20,MP01,SD,800184,420730115,89-9404,20250201,,759914,,1,0,PAK,,,0,0,0,,,,,,,,0,0,0,,20250201181100.898,89-9404
20,MP01,SD,812146,420730115,89-9404,20250201,,10128703,,1,0,PAK,,,0,0,0,,,,,,,,0,0,0,,20250201181100.898,89-9404
20,MP01,SD,800119,420730093,89-9404,20250304,,MDILCD120100,,1,0,PAK,,,0,0,0,,,,,,,,0,0,0,,20250303192617.801,89-9404
20,MP01,SD,800237,420730115,89-9404,20250201,,164526,,1,0,PAK,,,0,0,0,,,,,,,,0,0,0,,20250201181101,89-9404
20,MP01,SD,800147,420730115,89-9404,20250201,,102033,,1,0,PAK,,,0,0,0,,,,,,,,0,0,0,,20250201181101,89-9404
20,MP01,SD,800184,420730116,89-9404,20250201,,754708,,1,0,PAK,,,0,0,0,,,,,,,,0,0,0,,20250201181101,89-9404
20,MP01,SD,812146,420730116,89-9404,20250201,,10141041,,1,0,PAK,,,0,0,0,,,,,,,,0,0,0,,20250201181101.102,89-9404
20,MP01,SD,800147,420730116,89-9404,20250201,,180269,,1,0,PAK,,,0,0,0,,,,,,,,0,0,0,,20250201181101.102,89-9404
20,MP01,SD,800119,420730116,89-9404,20250201,,MP.MESO20100,,1,0,PAK,,,0,0,0,,,,,,,,0,0,0,,20250201181101.199,89-9404
20,MP01,SD,800184,420730118,89-9404,20250201,,754699,,1,0,PAK,,,0,0,0,,,,,,,,0,0,0,,20250201181101.199,89-9404
20,MP01,SD,800147,420730118,89-9404,20250201,,180270,,1,0,PAK,,,0,0,0,,,,,,,,0,0,0,,20250201181101.199,89-9404
20,MP01,SD,800119,420730118,89-9404,20250201,,MP.MESO40100,,1,0,PAK,,,0,0,0,,,,,,,,0,0,0,,20250201181101.301,89-9404
20,MP01,SD,800237,420730118,89-9404,20250201,,165534,,1,0,PAK,,,0,0,0,,,,,,,,0,0,0,,20250201181101.301,89-9404
20,MP01,SD,812146,420730118,89-9404,20250201,,10141043,,1,0,PAK,,,0,0,0,,,,,,,,0,0,0,,20250201181101.301,89-9404
20,MP01,SD,800184,420730119,89-9404,20250201,,754728,,1,0,PAK,,,0,0,0,,,,,,,,0,0,0,,20250201181101.398,89-9404
20,MP01,SD,800147,420730119,89-9404,20250201,,190520,,1,0,PAK,,,0,0,0,,,,,,,,0,0,0,,20250201181101.398,89-9404
20,MP01,SD,800119,420730119,89-9404,20250201,,11210,,1,0,PAK,,,0,0,0,,,,,,,,0,0,0,,20250201181101.5,89-9404
20,MP01,SD,800237,420730119,89-9404,20250201,,166530,,1,0,PAK,,,0,0,0,,,,,,,,0,0,0,,20250201181101.5,89-9404
20,MP01,SD,812146,420730119,89-9404,20250201,,10141042,,1,0,PAK,,,0,0,0,,,,,,,,0,0,0,,20250201181101.5,89-9404
20,MP01,SD,800184,420730124,89-9404,20250201,,761608,,1,0,PAK,,,0,0,0,,,,,,,,0,0,0,,20250201181101.602,89-9404
20,MP01,SD,800147,420730124,89-9404,20250201,,128904,,1,0,PAK,,,0,0,0,,,,,,,,0,0,0,,20250201181101.602,89-9404
20,MP01,SD,812146,420730124,89-9404,20250201,,10128706,,1,0,PAK,,,0,0,0,,,,,,,,0,0,0,,20250201181101.699,89-9404
20,MP01,SD,800237,420730124,89-9404,20250201,,162630,,1,0,PAK,,,0,0,0,,,,,,,,0,0,0,,20250201181101.699,89-9404
20,MP01,SD,812146,420730148,89-9404,20250201,,31324301,,1,0,PAK,,,0,0,0,,,,,,,,0,0,0,,20250201181104.898,89-9404
20,MP01,SD,800607,420730149,89-9404,20250201,,629323411371,,1,0,PAK,,,0,0,0,,,,,,,,0,0,0,,20250201181105,89-9404
20,MP01,SD,800147,420730149,89-9404,20250201,,178781,,1,0,PAK,,,0,0,0,,,,,,,,0,0,0,,20250201181105,89-9404
20,MP01,SD,800237,420730149,89-9404,20250201,,165476,,1,0,PAK,,,0,0,0,,,,,,,,0,0,0,,20250201181105,89-9404
20,MP01,SD,800607,420730150,89-9404,20250201,,629323225008,,1,0,PAK,,,0,0,0,,,,,,,,0,0,0,,20250201181105.102,89-9404
20,MP01,SD,800184,420730150,89-9404,20250201,,757355,,1,0,PAK,,,0,0,0,,,,,,,,0,0,0,,20250201181105.102,89-9404
20,MP01,SD,800147,420730150,89-9404,20250201,,88827,,1,0,PAK,,,0,0,0,,,,,,,,0,0,0,,20250201181105.199,89-9404
20,MP01,SD,800119,420730150,89-9404,20250201,,51550,,1,0,PAK,,,0,0,0,,,,,,,,0,0,0,,20250201181105.199,89-9404
20,MP01,SD,800237,420730150,89-9404,20250201,,165570,,1,0,PAK,,,0,0,0,,,,,,,,0,0,0,,20250201181105.199,89-9404
20,MP01,SD,812146,420730150,89-9404,20250201,,28636401,,1,0,PAK,,,0,0,0,,,,,,,,0,0,0,,20250201181105.301,89-9404
20,MP01,SD,800184,420730151,89-9404,20250201,,758225,,1,0,PAK,,,0,0,0,,,,,,,,0,0,0,,20250201181105.301,89-9404
20,MP01,SD,800147,420730151,89-9404,20250201,,128923,,1,0,PAK,,,0,0,0,,,,,,,,0,0,0,,20250201181105.398,89-9404
20,MP01,SD,800119,420730151,89-9404,20250201,,410794,,1,0,PAK,,,0,0,0,,,,,,,,0,0,0,,20250201181105.398,89-9404
20,MP01,SD,800237,420730151,89-9404,20250201,,162808,,1,0,PAK,,,0,0,0,,,,,,,,0,0,0,,20250201181105.5,89-9404
20,MP01,SD,812146,420730151,89-9404,20250201,,10128686,,1,0,PAK,,,0,0,0,,,,,,,,0,0,0,,20250201181105.5,89-9404
20,MP01,SD,800184,420730152,89-9404,20250201,,758309,,1,0,PAK,,,0,0,0,,,,,,,,0,0,0,,20250201181105.5,89-9404
20,MP01,SD,800147,420730152,89-9404,20250201,,128924,,1,0,PAK,,,0,0,0,,,,,,,,0,0,0,,20250201181105.602,89-9404
20,MP01,SD,812146,420730152,89-9404,20250201,,10128701,,1,0,PAK,,,0,0,0,,,,,,,,0,0,0,,20250201181105.602,89-9404
20,MP01,SD,800119,420730152,89-9404,20250201,,410787,,1,0,PAK,,,0,0,0,,,,,,,,0,0,0,,20250201181105.699,89-9404
20,MP01,SD,800237,420730152,89-9404,20250201,,162635,,1,0,PAK,,,0,0,0,,,,,,,,0,0,0,,20250201181105.699,89-9404
20,MP01,SD,800184,420730153,89-9404,20250201,,754405,,1,0,PAK,,,0,0,0,,,,,,,,0,0,0,,20250201181105.699,89-9404
20,MP01,SD,800147,420730153,89-9404,20250201,,175675,,1,0,PAK,,,0,0,0,,,,,,,,0,0,0,,20250201181105.801,89-9404
20,MP01,SD,800119,420730153,89-9404,20250201,,MP.284368,,1,0,PAK,,,0,0,0,,,,,,,,0,0,0,,20250201181105.801,89-9404
20,MP01,SD,800237,420730153,89-9404,20250201,,165341,,1,0,PAK,,,0,0,0,,,,,,,,0,0,0,,20250201181105.898,89-9404
20,MP01,SD,812146,420730153,89-9404,20250201,,10136201,,1,0,PAK,,,0,0,0,,,,,,,,0,0,0,,20250201181105.898,89-9404
20,MP01,SD,800184,420730154,89-9404,20250201,,753138,,1,0,PAK,,,0,0,0,,,,,,,,0,0,0,,20250201181105.898,89-9404
20,MP01,SD,800147,420730154,89-9404,20250201,,175669,,1,0,PAK,,,0,0,0,,,,,,,,0,0,0,,20250201181106,89-9404
20,MP01,SD,800119,420730154,89-9404,20250201,,MP.284369,,1,0,PAK,,,0,0,0,,,,,,,,0,0,0,,20250201181106,89-9404
20,MP01,SD,800237,420730154,89-9404,20250201,,165340,,1,0,PAK,,,0,0,0,,,,,,,,0,0,0,,20250201181106.102,89-9404
20,MP01,SD,812146,420730154,89-9404,20250201,,10135521,,1,0,PAK,,,0,0,0,,,,,,,,0,0,0,,20250201181106.102,89-9404
20,MP01,SD,800147,420730156,89-9404,20250201,,186772,,1,0,PAK,,,0,0,0,,,,,,,,0,0,0,,20250201181106.102,89-9404
20,MP01,SD,800119,420730156,89-9404,20250201,,MP.MLEVE250120,,1,0,PAK,,,0,0,0,,,,,,,,0,0,0,,20250201181106.199,89-9404
20,MP01,SD,800237,420730156,89-9404,20250201,,166077,,1,0,PAK,,,0,0,0,,,,,,,,0,0,0,,20250201181106.199,89-9404
20,MP01,SD,800147,420730157,89-9404,20250201,,186773,,1,0,PAK,,,0,0,0,,,,,,,,0,0,0,,20250201181106.301,89-9404
20,MP01,SD,800119,420730157,89-9404,20250201,,MP.MLEVE500120,,1,0,PAK,,,0,0,0,,,,,,,,0,0,0,,20250201181106.301,89-9404
20,MP01,SD,800237,420730157,89-9404,20250201,,166078,,1,0,PAK,,,0,0,0,,,,,,,,0,0,0,,20250201181106.398,89-9404
20,MP01,SD,800147,420730158,89-9404,20250201,,186771,,1,0,PAK,,,0,0,0,,,,,,,,0,0,0,,20250201181106.398,89-9404
20,MP01,SD,800119,420730158,89-9404,20250201,,MP.MLEVE750120,,1,0,PAK,,,0,0,0,,,,,,,,0,0,0,,20250201181106.398,89-9404
20,MP01,SD,800237,420730158,89-9404,20250201,,166079,,1,0,PAK,,,0,0,0,,,,,,,,0,0,0,,20250201181106.5,89-9404
20,MP01,SD,800607,420730159,89-9404,20250201,,21139309,,1,0,PAK,,,0,0,0,,,,,,,,0,0,0,,20250201181106.5,89-9404
20,MP01,SD,800184,420730159,89-9404,20250201,,759417,,1,0,PAK,,,0,0,0,,,,,,,,0,0,0,,20250201181106.5,89-9404
20,MP01,SD,800147,420730159,89-9404,20250201,,88831,,1,0,PAK,,,0,0,0,,,,,,,,0,0,0,,20250201181106.602,89-9404
20,MP01,SD,800119,420730019,89-9404,20250201,,629323900042,,1,0,PAK,,,0,0,0,,,,,,,,0,0,0,,20250310201713,89-9404
20,MP01,SD,800119,420730218,89-9404,20250201,,412859,,1,0,PAK,,,0,0,0,,,,,,,,0,0,0,,20250201181112.898,89-9404
20,MP01,SD,800119,420730222,89-9404,20250201,,412880,,1,0,PAK,,,0,0,0,,,,,,,,0,0,0,,20250201181113,89-9404
20,MP01,SD,800147,420730233,89-9404,20250201,,218514,,1,0,PAK,,,0,0,0,,,,,,,,0,0,0,,20250201181113.102,89-9404
20,MP01,SD,800237,420730233,89-9404,20250201,,169534,,1,0,PAK,,,0,0,0,,,,,,,,0,0,0,,20250201181113.102,89-9404
20,MP01,SD,800184,420730234,89-9404,20250201,,753006,,1,0,PAK,,,0,0,0,,,,,,,,0,0,0,,20250201181113.102,89-9404
20,MP01,SD,800147,420730234,89-9404,20250201,,148318,,1,0,PAK,,,0,0,0,,,,,,,,0,0,0,,20250201181113.199,89-9404
20,MP01,SD,800119,420730234,89-9404,20250201,,3000377,,1,0,PAK,,,0,0,0,,,,,,,,0,0,0,,20250201181113.199,89-9404
20,MP01,SD,800237,420730234,89-9404,20250201,,164034,,1,0,PAK,,,0,0,0,,,,,,,,0,0,0,,20250201181113.199,89-9404
20,MP01,SD,800147,420730235,89-9404,20250201,,220081,,1,0,PAK,,,0,0,0,,,,,,,,0,0,0,,20250201181113.301,89-9404
20,MP01,SD,800237,420730235,89-9404,20250201,,169628,,1,0,PAK,,,0,0,0,,,,,,,,0,0,0,,20250201181113.301,89-9404
20,MP01,SD,800147,420730236,89-9404,20250201,,148319,,1,0,PAK,,,0,0,0,,,,,,,,0,0,0,,20250201181113.301,89-9404
20,MP01,SD,800119,420730236,89-9404,20250201,,3000384,,1,0,PAK,,,0,0,0,,,,,,,,0,0,0,,20250201181113.398,89-9404
20,MP01,SD,800237,420730236,89-9404,20250201,,164035,,1,0,PAK,,,0,0,0,,,,,,,,0,0,0,,20250201181113.398,89-9404
20,MP01,SD,800147,420730237,89-9404,20250201,,148321,,1,0,PAK,,,0,0,0,,,,,,,,0,0,0,,20250201181113.5,89-9404
20,MP01,SD,800237,420730237,89-9404,20250201,,164036,,1,0,PAK,,,0,0,0,,,,,,,,0,0,0,,20250201181113.5,89-9404
20,MP01,SD,800119,420730237,89-9404,20250201,,3000391,,1,0,PAK,,,0,0,0,,,,,,,,0,0,0,,20250201181113.5,89-9404
20,MP01,SD,800119,420730168,89-9418,20250912,,MMETXR101,,1,0,PAK,,,0,0,0,,,,,,,,0,0,0,,20250912172114.398,89-9418
20,MP01,SD,800237,420730238,89-9404,20250201,,169352,,1,0,PAK,,,0,0,0,,,,,,,,0,0,0,,20250201181113.602,89-9404
20,MP01,SD,800147,420730239,89-9404,20250201,,212889,,1,0,PAK,,,0,0,0,,,,,,,,0,0,0,,20250201181113.602,89-9404
20,MP01,SD,800237,420730239,89-9404,20250201,,168985,,1,0,PAK,,,0,0,0,,,,,,,,0,0,0,,20250201181113.699,89-9404
20,MP01,SD,800184,420730240,89-9404,20250201,,753002,,1,0,PAK,,,0,0,0,,,,,,,,0,0,0,,20250201181113.699,89-9404
20,MP01,SD,800147,420730240,89-9404,20250201,,148317,,1,0,PAK,,,0,0,0,,,,,,,,0,0,0,,20250201181113.699,89-9404
20,MP01,SD,800119,420730240,89-9404,20250201,,3000360,,1,0,PAK,,,0,0,0,,,,,,,,0,0,0,,20250201181113.801,89-9404
20,MP01,SD,800237,420730240,89-9404,20250201,,164033,,1,0,PAK,,,0,0,0,,,,,,,,0,0,0,,20250201181113.801,89-9404
20,MP01,SD,800184,420730241,89-9404,20250201,,758247,,1,0,PAK,,,0,0,0,,,,,,,,0,0,0,,20250201181113.801,89-9404
20,MP01,SD,800147,420730241,89-9404,20250201,,95533,,1,0,PAK,,,0,0,0,,,,,,,,0,0,0,,20250201181113.898,89-9404
20,MP01,SD,800119,420730141,89-9404,20250201,,115577,,1,0,PAK,,,0,0,0,,,,,,,,0,0,0,,20250310202429.801,89-9404
20,MP01,SD,812146,420730241,89-9404,20250201,,29077901,,1,0,PAK,,,0,0,0,,,,,,,,0,0,0,,20250201181114,89-9404
20,MP01,SD,800237,420730241,89-9404,20250201,,152655,,1,0,PAK,,,0,0,0,,,,,,,,0,0,0,,20250201181114,89-9404
20,MP01,SD,800184,420730242,89-9404,20250201,,758804,,1,0,PAK,,,0,0,0,,,,,,,,0,0,0,,20250201181114,89-9404
20,MP01,SD,812146,420730242,89-9404,20250201,,29746501,,1,0,PAK,,,0,0,0,,,,,,,,0,0,0,,20250201181114.102,89-9404
20,MP01,SD,800147,420730242,89-9404,20250201,,88833,,1,0,PAK,,,0,0,0,,,,,,,,0,0,0,,20250201181114.102,89-9404
20,MP01,SD,800119,420730114,89-9404,20250201,,MP.MESCI2030,,1,0,PAK,,,0,0,0,,,,,,,,0,0,0,,20250303192715.898,89-9404
20,MP01,SD,800147,420730243,89-9404,20250201,,197813,,1,0,PAK,,,0,0,0,,,,,,,,0,0,0,,20250201181114.199,89-9404
20,MP01,SD,800119,420730243,89-9404,20250201,,412255,,1,0,PAK,,,0,0,0,,,,,,,,0,0,0,,20250201181114.199,89-9404
20,MP01,SD,800237,420730243,89-9404,20250201,,166774,,1,0,PAK,,,0,0,0,,,,,,,,0,0,0,,20250201181114.199,89-9404
20,MP01,SD,800147,420730244,89-9404,20250201,,197811,,1,0,PAK,,,0,0,0,,,,,,,,0,0,0,,20250201181114.301,89-9404
20,MP01,SD,800119,420730244,89-9404,20250201,,412279,,1,0,PAK,,,0,0,0,,,,,,,,0,0,0,,20250201181114.301,89-9404
20,MP01,SD,800237,420730244,89-9404,20250201,,166772,,1,0,PAK,,,0,0,0,,,,,,,,0,0,0,,20250201181114.301,89-9404
20,MP01,SD,800147,420730245,89-9404,20250201,,197812,,1,0,PAK,,,0,0,0,,,,,,,,0,0,0,,20250201181114.398,89-9404
20,MP01,SD,800119,420730245,89-9404,20250201,,412293,,1,0,PAK,,,0,0,0,,,,,,,,0,0,0,,20250201181114.398,89-9404
20,MP01,SD,800237,420730245,89-9404,20250201,,166773,,1,0,PAK,,,0,0,0,,,,,,,,0,0,0,,20250201181114.5,89-9404
20,MP01,SD,800184,420730246,89-9404,20250201,,758808,,1,0,PAK,,,0,0,0,,,,,,,,0,0,0,,20250201181114.5,89-9404
20,MP01,SD,800147,420730275,89-9404,20250201,,157865,,1,0,PAK,,,0,0,0,,,,,,,,0,0,0,,20250201181117.801,89-9404
20,MP01,SD,800119,420730275,89-9404,20250201,,410879,,1,0,PAK,,,0,0,0,,,,,,,,0,0,0,,20250201181117.801,89-9404
20,MP01,SD,800184,420730276,89-9404,20250201,,758933,,1,0,PAK,,,0,0,0,,,,,,,,0,0,0,,20250201181117.898,89-9404
20,MP01,SD,800147,420730276,89-9404,20250201,,145647,,1,0,PAK,,,0,0,0,,,,,,,,0,0,0,,20250201181117.898,89-9404
20,MP01,SD,800309,420730029,89-9404,20250202,,78559,,1,0,PAK,,,0,0,0,,,,,,,,0,0,0,,20250219134025.5,89-1050
20,MP01,SD,800237,420730276,89-9404,20250201,,163851,,1,0,PAK,,,0,0,0,,,,,,,,0,0,0,,20250201181118,89-9404
20,MP01,SD,812146,420730276,89-9404,20250201,,10107008,,1,0,PAK,,,0,0,0,,,,,,,,0,0,0,,20250201181118,89-9404
20,MP01,SD,800607,420730278,89-9404,20250201,,21139299,,1,0,PAK,,,0,0,0,,,,,,,,0,0,0,,20250201181118.102,89-9404
20,MP01,SD,800184,420730278,89-9404,20250201,,755107,,1,0,PAK,,,0,0,0,,,,,,,,0,0,0,,20250201181118.102,89-9404
20,MP01,SD,812146,420730278,89-9404,20250201,,10088956,,1,0,PAK,,,0,0,0,,,,,,,,0,0,0,,20250201181118.102,89-9404
20,MP01,SD,800147,420730278,89-9404,20250201,,73307,,1,0,PAK,,,0,0,0,,,,,,,,0,0,0,,20250201181118.199,89-9404
20,MP01,SD,800119,420730278,89-9404,20250201,,88035,,1,0,PAK,,,0,0,0,,,,,,,,0,0,0,,20250201181118.199,89-9404
20,MP01,SD,800184,420730279,89-9404,20250201,,758953,,1,0,PAK,,,0,0,0,,,,,,,,0,0,0,,20250201181118.199,89-9404
20,MP01,SD,812146,420730279,89-9404,20250201,,10128723,,1,0,PAK,,,0,0,0,,,,,,,,0,0,0,,20250201181118.301,89-9404
20,MP01,SD,800147,420730279,89-9404,20250201,,97417,,1,0,PAK,,,0,0,0,,,,,,,,0,0,0,,20250201181118.301,89-9404
20,MP01,SD,800309,420730007,89-9404,20250202,,181372,,1,0,PAK,,,0,0,0,,,,,,,,0,0,0,,20250204155519.301,89-9404
20,MP01,SD,800237,420730279,89-9404,20250201,,160623,,1,0,PAK,,,0,0,0,,,,,,,,0,0,0,,20250201181118.398,89-9404
20,MP01,SD,800184,420730280,89-9404,20250201,,758975,,1,0,PAK,,,0,0,0,,,,,,,,0,0,0,,20250201181118.398,89-9404
20,MP01,SD,800147,420730280,89-9404,20250201,,97422,,1,0,PAK,,,0,0,0,,,,,,,,0,0,0,,20250201181118.398,89-9404
20,MP01,SD,800119,420730280,89-9404,20250201,,629323000414,,1,0,PAK,,,0,0,0,,,,,,,,0,0,0,,20250201181118.5,89-9404
20,MP01,SD,800237,420730280,89-9404,20250201,,160624,,1,0,PAK,,,0,0,0,,,,,,,,0,0,0,,20250201181118.5,89-9404
20,MP01,SD,812146,420730280,89-9404,20250201,,10128669,,1,0,PAK,,,0,0,0,,,,,,,,0,0,0,,20250201181118.602,89-9404
20,MP02,SD,800184,420730336,89-9404,20250201,,150147,,1,0,PAK,,,0,0,0,,,,,,,,0,0,0,,20250201181118.602,89-9404
20,MP02,SD,800147,420730336,89-9404,20250201,,126269,,1,0,PAK,,,0,0,0,,,,,,,,0,0,0,,20250201181118.602,89-9404
20,MP02,SD,800119,420730336,89-9404,20250201,,371101,,1,0,PAK,,,0,0,0,,,,,,,,0,0,0,,20250201181118.699,89-9404
20,MP02,SD,800237,420730336,89-9404,20250201,,161019,,1,0,PAK,,,0,0,0,,,,,,,,0,0,0,,20250201181118.699,89-9404
20,MP02,SD,812146,420730336,89-9404,20250201,,32280701,,1,0,PAK,,,0,0,0,,,,,,,,0,0,0,,20250201181118.699,89-9404
20,MP01,SD,800309,420730170,89-1050,20250212,,196467,,1,0,PAK,,,0,0,0,,,,,,,,0,0,0,,20250212160530.301,89-1050
20,MP02,SD,800184,420730337,89-9404,20250201,,150153,,1,0,PAK,,,0,0,0,,,,,,,,0,0,0,,20250201181118.801,89-9404
20,MP02,SD,800147,420730337,89-9404,20250201,,126272,,1,0,PAK,,,0,0,0,,,,,,,,0,0,0,,20250201181118.898,89-9404
20,MP02,SD,812146,420730337,89-9404,20250201,,32286301,,1,0,PAK,,,0,0,0,,,,,,,,0,0,0,,20250201181118.898,89-9404
20,MP01,SD,800184,420730243,89-1050,20250207,,758908,,1,0,PAK,,,0,0,0,,,,,,,,0,0,0,,20250206202033.898,89-1050
20,MP02,SD,800119,420730337,89-9404,20250201,,371200,,1,0,PAK,,,0,0,0,,,,,,,,0,0,0,,20250201181119,89-9404
20,MP02,SD,800237,420730337,89-9404,20250201,,161020,,1,0,PAK,,,0,0,0,,,,,,,,0,0,0,,20250201181119,89-9404
20,MP02,SD,800119,420730338,89-9404,20250201,,372252,,1,0,PAK,,,0,0,0,,,,,,,,0,0,0,,20250201181119,89-9404
20,MP02,SD,800237,420730338,89-9404,20250201,,161021,,1,0,PAK,,,0,0,0,,,,,,,,0,0,0,,20250201181119.102,89-9404
20,MP02,SD,812146,420730338,89-9404,20250201,,32283601,,1,0,PAK,,,0,0,0,,,,,,,,0,0,0,,20250201181119.102,89-9404
20,MP02,SD,801746,420730285,89-9404,20250201,,6456578,,1,0,PAK,,,0,0,0,,,,,,,,0,0,0,,20250201181119.102,89-9404
20,MP01,SD,800309,420730086,89-9404,20250202,,78648,,1,0,PAK,,,0,0,0,,,,,,,,0,0,0,,20250219210646.102,89-9404
20,MP01,SD,800607,420730194,89-9404,20250201,,21139268,,1,0,PAK,,,0,0,0,,,,,,,,0,0,0,,20250201181119.898,89-9404
20,MP01,SD,800607,420730251,89-9404,20250201,,21598963,,1,0,PAK,,,0,0,0,,,,,,,,0,0,0,,20250201181119.898,89-9404
20,MP01,SD,800607,420730254,89-9404,20250201,,21561392,,1,0,PAK,,,0,0,0,,,,,,,,0,0,0,,20250201181120,89-9404
20,MP01,SD,800309,420730218,89-9404,20250224,,196656,,1,0,PAK,,,0,0,0,,,,,,,,0,0,0,,20250224172316.199,89-9404
20,MP01,SD,800147,420730229,89-9404,20250320,,231091,,1,0,PAK,,,0,0,0,,,,,,,,0,0,0,,20250319190726.898,89-9404
20,MP01,SD,800309,420730243,89-9404,20250201,,184927,,1,0,PAK,,,0,0,0,,,,,,,,0,0,0,,20250201181125,89-9404
20,MP01,SD,800309,420730245,89-9404,20250201,,184948,,1,0,PAK,,,0,0,0,,,,,,,,0,0,0,,20250201181125.102,89-9404
20,MP01,SD,800309,420730251,89-9404,20250201,,184951,,1,0,PAK,,,0,0,0,,,,,,,,0,0,0,,20250201181125.102,89-9404
20,MP01,SD,800309,420730255,89-9404,20250201,,181425,,1,0,PAK,,,0,0,0,,,,,,,,0,0,0,,20250201181125.199,89-9404
20,MP01,SD,800309,420730258,89-9404,20250201,,181383,,1,0,PAK,,,0,0,0,,,,,,,,0,0,0,,20250201181125.199,89-9404
20,MP01,SD,800309,420730261,89-9404,20250201,,180329,,1,0,PAK,,,0,0,0,,,,,,,,0,0,0,,20250201181125.301,89-9404
20,MP01,SD,800309,420730266,89-9404,20250201,,124943,,1,0,PAK,,,0,0,0,,,,,,,,0,0,0,,20250201181125.301,89-9404
20,MP01,SD,800309,420730272,89-9404,20250201,,193957,,1,0,PAK,,,0,0,0,,,,,,,,0,0,0,,20250201181125.398,89-9404
20,MP01,SD,800309,420730276,89-9404,20250201,,193956,,1,0,PAK,,,0,0,0,,,,,,,,0,0,0,,20250201181125.398,89-9404
20,MP01,SD,800309,420730279,89-9404,20250201,,181427,,1,0,PAK,,,0,0,0,,,,,,,,0,0,0,,20250201181125.5,89-9404
20,MP02,SD,800309,420730336,89-9404,20250201,,118163,,1,0,PAK,,,0,0,0,,,,,,,,0,0,0,,20250201181125.5,89-9404
20,MP02,SD,800309,420730338,89-9404,20250201,,118164,,1,0,PAK,,,0,0,0,,,,,,,,0,0,0,,20250201181125.602,89-9404
20,MP01,SD,800309,420730033,89-9404,20250202,,181244,,1,0,PAK,,,0,0,0,,,,,,,,0,0,0,,20250201184815.801,89-9404
20,MP01,SD,800309,420730038,89-9404,20250202,,142926,,1,0,PAK,,,0,0,0,,,,,,,,0,0,0,,20250201184815.801,89-9404
20,MP01,SD,800309,420730025,89-9404,20250202,,181364,,1,0,PAK,,,0,0,0,,,,,,,,0,0,0,,20250212160530.301,89-1050
20,MP01,SD,800309,420730044,89-9404,20250201,,6069,,1,0,PAK,,,0,0,0,,,,,,,,0,0,0,,20250204184517,89-9404
20,MP01,SD,800309,420730045,89-9404,20250202,,145090,,1,0,PAK,,,0,0,0,,,,,,,,0,0,0,,20250201184815.801,89-9404
20,MP01,SD,800309,420730046,89-9404,20250202,,146672,,1,0,PAK,,,0,0,0,,,,,,,,0,0,0,,20250201184815.801,89-9404
20,MP01,SD,800309,420730048,89-9404,20250202,,977454,,1,0,PAK,,,0,0,0,,,,,,,,0,0,0,,20250201184815.801,89-9404
20,MP01,SD,800309,420730050,89-9404,20250202,,977421,,1,0,PAK,,,0,0,0,,,,,,,,0,0,0,,20250201184815.801,89-9404
20,MP01,SD,800309,420730053,89-9404,20250201,,6077,,1,0,PAK,,,0,0,0,,,,,,,,0,0,0,,20250204184543.898,89-9404
20,MP01,SD,800309,420730054,89-9404,20250202,,146671,,1,0,PAK,,,0,0,0,,,,,,,,0,0,0,,20250201184815.801,89-9404
20,MP01,SD,800309,420730057,89-9404,20250202,,184935,,1,0,PAK,,,0,0,0,,,,,,,,0,0,0,,20250201184815.801,89-9404
20,MP01,SD,800309,420730059,89-9404,20250202,,184920,,1,0,PAK,,,0,0,0,,,,,,,,0,0,0,,20250201184815.801,89-9404
20,MP01,SD,800309,420730061,89-9404,20250202,,181239,,1,0,PAK,,,0,0,0,,,,,,,,0,0,0,,20250201184815.801,89-9404
20,MP01,SD,800309,420730063,89-9404,20250202,,192027,,1,0,PAK,,,0,0,0,,,,,,,,0,0,0,,20250201184815.801,89-9404
20,MP01,SD,800309,420730065,89-9404,20250202,,192065,,1,0,PAK,,,0,0,0,,,,,,,,0,0,0,,20250201184815.801,89-9404
20,MP02,SD,800184,420730326,89-1050,20250214,,520817,,1,0,PAK,,,0,0,0,,,,,,,,0,0,0,,20250214125234,89-1050
20,MP01,SD,800309,420730071,89-9404,20250202,,181345,,1,0,PAK,,,0,0,0,,,,,,,,0,0,0,,20250201184815.801,89-9404
20,MP01,SD,800309,420730077,89-9404,20250202,,184921,,1,0,PAK,,,0,0,0,,,,,,,,0,0,0,,20250201184815.801,89-9404
20,MP01,SD,800309,420730078,89-9404,20250202,,184934,,1,0,PAK,,,0,0,0,,,,,,,,0,0,0,,20250201184815.801,89-9404
20,MP01,SD,800309,420730004,89-9404,20250202,,77284,,1,0,PAK,,,0,0,0,,,,,,,,0,0,0,,20250219210727.602,89-9404
20,MP01,SD,800309,420730088,89-9404,20250202,,184939,,1,0,PAK,,,0,0,0,,,,,,,,0,0,0,,20250201184815.801,89-9404
20,MP01,SD,800309,420730090,89-9404,20250202,,184943,,1,0,PAK,,,0,0,0,,,,,,,,0,0,0,,20250201184815.801,89-9404
20,MP01,SD,800309,420730093,89-9404,20250202,,193705,,1,0,PAK,,,0,0,0,,,,,,,,0,0,0,,20250201184815.801,89-9404
20,MP01,SD,800309,420730095,89-9404,20250202,,193710,,1,0,PAK,,,0,0,0,,,,,,,,0,0,0,,20250201184815.801,89-9404
20,MP01,SD,800309,420730097,89-9404,20250202,,193709,,1,0,PAK,,,0,0,0,,,,,,,,0,0,0,,20250201184815.801,89-9404
20,MP01,SD,800309,420730098,89-9404,20250202,,193712,,1,0,PAK,,,0,0,0,,,,,,,,0,0,0,,20250201184815.801,89-9404
20,MP01,SD,800309,420730101,89-9404,20250202,,193715,,1,0,PAK,,,0,0,0,,,,,,,,0,0,0,,20250201184815.801,89-9404
20,MP01,SD,800309,420730103,89-9404,20250202,,192415,,1,0,PAK,,,0,0,0,,,,,,,,0,0,0,,20250201184815.801,89-9404
20,MP01,SD,800309,420730105,89-9404,20250202,,192891,,1,0,PAK,,,0,0,0,,,,,,,,0,0,0,,20250201184815.801,89-9404
20,MP01,SD,800309,420730107,89-9404,20250202,,181405,,1,0,PAK,,,0,0,0,,,,,,,,0,0,0,,20250201184815.801,89-9404
20,MP02,SD,800309,420730331,89-9404,20250202,,191929,,1,0,PAK,,,0,0,0,,,,,,,,0,0,0,,20250201192125.801,89-9404
20,MP02,SD,800309,420730333,89-9404,20250202,,118080,,1,0,PAK,,,0,0,0,,,,,,,,0,0,0,,20250201192125.801,89-9404
20,MP02,SD,800309,420730337,89-9404,20250202,,118167,,1,0,PAK,,,0,0,0,,,,,,,,0,0,0,,20250201192125.801,89-9404
20,MP01,SD,800607,420730030,89-9404,20250202,,21139258,,1,0,PAK,,,0,0,0,,,,,,,,0,0,0,,20250201221054.199,89-9404
20,MP01,SD,800309,420730140,89-9404,20250201,,98158,,1,0,PAK,,,0,0,0,,,,,,,,0,0,0,,20250211150421,89-1050
20,MP01,SD,800607,420730145,89-1050,20250212,,21139265,,1,0,PAK,,,0,0,0,,,,,,,,0,0,0,,20250212125426.699,89-1050
20,MP02,SD,801746,420730288,89-9404,20250202,,6456701,,1,0,PAK,,,0,0,0,,,,,,,,0,0,0,,20250201221222.301,89-9404
20,MP02,SD,812103,420730288,89-9404,20250202,,118081,,1,0,PAK,,,0,0,0,,,,,,,,0,0,0,,20250201221256.301,89-9404
20,MP02,SD,812103,420730289,89-9404,20250202,,184930,,1,0,PAK,,,0,0,0,,,,,,,,0,0,0,,20250201221256.301,89-9404
20,MP02,SD,812103,420730290,89-9404,20250202,,181364,,1,0,PAK,,,0,0,0,,,,,,,,0,0,0,,20250201221256.301,89-9404
20,MP02,SD,812103,420730292,89-9404,20250202,,158310,,1,0,PAK,,,0,0,0,,,,,,,,0,0,0,,20250201221256.301,89-9404
20,MP02,SD,812103,420730301,89-9404,20250202,,192414,,1,0,PAK,,,0,0,0,,,,,,,,0,0,0,,20250201221256.301,89-9404
20,MP02,SD,812103,420730311,89-9404,20250202,,171624,,1,0,PAK,,,0,0,0,,,,,,,,0,0,0,,20250201221256.301,89-9404
20,MP02,SD,812106,420730286,89-9404,20250202,,71489749,,1,0,PAK,,,0,0,0,,,,,,,,0,0,0,,20250201221322.5,89-9404
20,MP02,SD,812106,420730288,89-9404,20250202,,71489673,,1,0,PAK,,,0,0,0,,,,,,,,0,0,0,,20250201221322.5,89-9404
20,MP02,SD,812106,420730289,89-9404,20250202,,71489665,,1,0,PAK,,,0,0,0,,,,,,,,0,0,0,,20250201221322.5,89-9404
20,MP02,SD,812106,420730292,89-9404,20250202,,71489715,,1,0,PAK,,,0,0,0,,,,,,,,0,0,0,,20250201221322.5,89-9404
20,MP02,SD,812106,420730301,89-9404,20250202,,71489798,,1,0,PAK,,,0,0,0,,,,,,,,0,0,0,,20250201221322.5,89-9404
20,MP01,SD,812145,420730001,89-9404,20250202,,124936,,1,0,PAK,,,0,0,0,,,,,,,,0,0,0,,20250201221530.301,89-9404
20,MP02,SD,800309,420730320,89-9404,20250407,,180213,,1,0,PAK,,,0,0,0,,,,,,,,0,0,0,,20250407131454.5,89-9404
20,MP01,SD,800309,420730052,89-9404,20250202,,6078,,1,0,PAK,,,0,0,0,,,,,,,,0,0,0,,20250204190138.102,89-9404
20,MP01,SD,800309,420730020,89-9404,20250201,,194109,,1,0,PAK,,,0,0,0,,,,,,,,0,0,0,,20250204140130,89-9404
20,MP01,SD,800147,420730165,89-1050,20250206,,218811,,1,0,PAK,,,0,0,0,,,,,,,,0,0,0,,20250206161239.602,89-1050
20,MP01,SD,800184,420730001,89-9404,20250201,,753058,,1,0,PAK,,,0,0,0,,,,,,,,0,0,0,,20250206203712.801,89-1050
20,MP01,SD,800147,420730095,89-1050,20250206,,221907,,1,0,PAK,,,0,0,0,,,,,,,,0,0,0,,20250206161239.602,89-1050
20,MP01,SD,800147,420730100,89-1050,20250206,,221916,,1,0,PAK,,,0,0,0,,,,,,,,0,0,0,,20250206161239.602,89-1050
20,MP01,SD,800147,420730020,89-1050,20250206,,223606,,1,0,PAK,,,0,0,0,,,,,,,,0,0,0,,20250206161239.602,89-1050
20,MP01,SD,800147,420730036,89-1050,20250206,,223671,,1,0,PAK,,,0,0,0,,,,,,,,0,0,0,,20250206161239.602,89-1050
20,MP01,SD,800147,420730163,89-1050,20250206,,224120,,1,0,PAK,,,0,0,0,,,,,,,,0,0,0,,20250206161239.602,89-1050
20,MP01,SD,800147,420730162,89-1050,20250206,,224122,,1,0,PAK,,,0,0,0,,,,,,,,0,0,0,,20250206161239.602,89-1050
20,MP01,SD,800147,420730122,89-1050,20250206,,226637,,1,0,PAK,,,0,0,0,,,,,,,,0,0,0,,20250206161239.602,89-1050
20,MP01,SD,800147,420730192,89-1050,20250206,,229116,,1,0,PAK,,,0,0,0,,,,,,,,0,0,0,,20250206161239.602,89-1050
20,MP02,SD,800184,420730286,89-9404,20250201,,435495,,1,0,PAK,,,0,0,0,,,,,,,,0,0,0,,20250206204116.602,89-1050
20,MP01,SD,800119,420730097,89-9404,20250401,,MDILT120100,,1,0,PAK,,,0,0,0,,,,,,,,0,0,0,,20250401112022.398,89-9404
20,MP01,SD,800119,420730098,89-9404,20250401,,MDILT180100,,1,0,PAK,,,0,0,0,,,,,,,,0,0,0,,20250401112046.199,89-9404
20,MP01,SD,800607,420730066,89-9404,20250201,,21139277,,1,0,PAK,,,0,0,0,,,,,,,,0,0,0,,20250206210057.699,89-1050
20,MP01,SD,800607,420730003,89-9404,20250201,,21139279,,1,0,PAK,,,0,0,0,,,,,,,,0,0,0,,20250206210057.699,89-1050
20,MP01,SD,800607,420730040,89-9404,20250201,,21139283,,1,0,PAK,,,0,0,0,,,,,,,,0,0,0,,20250206210057.699,89-1050
20,MP01,SD,800237,420730145,89-9404,20250201,,136039,,1,0,PAK,,,0,0,0,,,,,,,,0,0,0,,20250207121250.602,89-1050
20,MP01,SD,800184,420730092,89-1050,20250212,,760737,,1,0,PAK,,,0,0,0,,,,,,,,0,0,0,,20250212151515.301,89-1050
20,MP01,SD,800184,420730244,89-1050,20250212,,758664,,1,0,PAK,,,0,0,0,,,,,,,,0,0,0,,20250212151515.301,89-1050
20,MP01,SD,800184,420730245,89-1050,20250212,,758649,,1,0,PAK,,,0,0,0,,,,,,,,0,0,0,,20250212151515.301,89-1050
20,MP01,SD,800184,420730105,89-1050,20250207,,756746,,1,0,PAK,,,0,0,0,,,,,,,,0,0,0,,20250212151515.301,89-1050
20,MP01,SD,800147,420730212,89-9418,20250721,,238252,,1,0,PAK,,,0,0,0,,,,,,,,0,0,0,,20250721155443.699,89-9418
20,MP01,SD,800147,420730211,89-9418,20250721,,238254,,1,0,PAK,,,0,0,0,,,,,,,,0,0,0,,20250721155443.699,89-9418
20,MP01,SD,800184,420730212,89-9418,20250723,,750250,,1,0,PAK,,,0,0,0,,,,,,,,0,0,0,,20250723132708,89-9418
20,MP01,SD,800184,420730211,89-9418,20250723,,750254,,1,0,PAK,,,0,0,0,,,,,,,,0,0,0,,20250723132708,89-9418
20,MP01,SD,800237,420730211,89-9418,20250730,,171120,,1,0,PAK,,,0,0,0,,,,,,,,0,0,0,,20250730180000.301,89-9418
20,MP01,SD,800237,420730212,89-9418,20250730,,171119,,1,0,PAK,,,0,0,0,,,,,,,,0,0,0,,20250730180000.301,89-9418
20,MP02,SD,800184,420730357,89-9418,20250731,,487624,,1,0,PAK,,,0,0,0,,,,,,,,0,0,0,,20260306132339.5,89-9404
20,MP02,SD,802116,420730357,89-9418,20250731,,487624,,1,0,PAK,,,0,0,0,,,,,,,,0,0,0,,20250731145057.898,89-9418
20,MP01,SD,800184,420730232,89-9404,20250806,,750873,,1,0,PAK,,,0,0,0,,,,,,,,0,0,0,,20250805193345.301,89-9404
20,MP01,SD,800184,420730231,89-9404,20250806,,750897,,1,0,PAK,,,0,0,0,,,,,,,,0,0,0,,20250805193345.301,89-9404
20,MP01,SD,800309,420730211,89-9404,20250811,,201107,,1,0,PAK,,,0,0,0,,,,,,,,0,0,0,,20250811180947.602,89-9404
20,MP01,SD,800309,420730212,89-9404,20250811,,201106,,1,0,PAK,,,0,0,0,,,,,,,,0,0,0,,20250811180947.602,89-9404
20,MP02,SD,800147,420730284,89-9404,20250201,,152377,,1,0,PAK,,,0,0,0,,,,,,,,0,0,0,,20250818130743.898,89-9404
20,MP02,SD,801063,420730332,89-9404,20250825,,L2428055,,1,0,PAK,,,0,0,0,,,,,,,,0,0,0,,20250825115838.398,89-9404
20,MP02,SD,801063,420730333,89-9404,20250825,,L2428048,,1,0,PAK,,,0,0,0,,,,,,,,0,0,0,,20250825115838.398,89-9404
20,MP02,SD,801063,420730335,89-9404,20250825,,L2428040,,1,0,PAK,,,0,0,0,,,,,,,,0,0,0,,20250825115838.398,89-9404
20,MP02,SD,801063,420730337,89-9404,20250825,,L2428024,,1,0,PAK,,,0,0,0,,,,,,,,0,0,0,,20250825115838.398,89-9404
20,MP02,SD,801063,420730338,89-9404,20250825,,L2428032,,1,0,PAK,,,0,0,0,,,,,,,,0,0,0,,20250825115838.398,89-9404
20,MP01,SD,800147,420730131,89-9418,20250825,,239214,,1,0,PAK,,,0,0,0,,,,,,,,0,0,0,,20250825170713.102,89-9418
20,MP01,SD,800119,420730363,89-9418,20250825,,414129,,1,0,PAK,,,0,0,0,,,,,,,,0,0,0,,20250825172827.102,89-9418
20,MP01,SD,800238,420730039,89-9418,20250828,,152554,,1,0,PAK,,,0,0,0,,,,,,,,0,0,0,,20250828135932.602,89-9418
20,MP01,SD,800238,420730138,89-9418,20250828,,156385,,1,0,PAK,,,0,0,0,,,,,,,,0,0,0,,20250828135932.602,89-9418
20,MP01,SD,800238,420730246,89-9418,20250828,,152757,,1,0,PAK,,,0,0,0,,,,,,,,0,0,0,,20250828135932.602,89-9418
20,MP01,SD,800238,420730182,89-9418,20250828,,160197,,1,0,PAK,,,0,0,0,,,,,,,,0,0,0,,20250828135932.602,89-9418
20,MP01,SD,800238,420730183,89-9418,20250828,,160198,,1,0,PAK,,,0,0,0,,,,,,,,0,0,0,,20250828135932.602,89-9418
20,MP01,SD,800238,420730243,89-9418,20250828,,166774,,1,0,PAK,,,0,0,0,,,,,,,,0,0,0,,20250828135932.602,89-9418
20,MP01,SD,800238,420730017,89-9418,20250828,,160391,,1,0,PAK,,,0,0,0,,,,,,,,0,0,0,,20250828135932.602,89-9418
20,MP01,SD,800238,420730019,89-9418,20250828,,160392,,1,0,PAK,,,0,0,0,,,,,,,,0,0,0,,20250828135932.602,89-9418
20,MP01,SD,800238,420730013,89-9418,20250828,,166137,,1,0,PAK,,,0,0,0,,,,,,,,0,0,0,,20250828135932.602,89-9418
20,MP01,SD,800238,420730090,89-9418,20250828,,167074,,1,0,PAK,,,0,0,0,,,,,,,,0,0,0,,20250828135932.602,89-9418
20,MP01,SD,800238,420730087,89-9418,20250828,,167078,,1,0,PAK,,,0,0,0,,,,,,,,0,0,0,,20250828135932.602,89-9418
20,MP01,SD,800238,420730038,89-9418,20250828,,161313,,1,0,PAK,,,0,0,0,,,,,,,,0,0,0,,20250828135932.602,89-9418
20,MP01,SD,800238,420730044,89-9418,20250828,,164342,,1,0,PAK,,,0,0,0,,,,,,,,0,0,0,,20250828135932.602,89-9418
20,MP01,SD,800238,420730010,89-9418,20250828,,166424,,1,0,PAK,,,0,0,0,,,,,,,,0,0,0,,20250828135932.602,89-9418
20,MP01,SD,800238,420730261,89-9418,20250828,,166434,,1,0,PAK,,,0,0,0,,,,,,,,0,0,0,,20250828135932.602,89-9418
20,MP01,SD,800238,420730263,89-9418,20250828,,166437,,1,0,PAK,,,0,0,0,,,,,,,,0,0,0,,20250828135932.602,89-9418
20,MP01,SD,800238,420730119,89-9418,20250828,,166530,,1,0,PAK,,,0,0,0,,,,,,,,0,0,0,,20250828135932.602,89-9418
20,MP01,SD,800238,420730279,89-9418,20250828,,160623,,1,0,PAK,,,0,0,0,,,,,,,,0,0,0,,20250828135932.602,89-9418
20,MP01,SD,800238,420730060,89-9418,20250828,,161478,,1,0,PAK,,,0,0,0,,,,,,,,0,0,0,,20250828135932.602,89-9418
20,MP01,SD,800238,420730204,89-9418,20250828,,160214,,1,0,PAK,,,0,0,0,,,,,,,,0,0,0,,20250828135932.602,89-9418
20,MP01,SD,800238,420730180,89-9418,20250828,,162122,,1,0,PAK,,,0,0,0,,,,,,,,0,0,0,,20250828135932.602,89-9418
20,MP01,SD,800238,420730272,89-9418,20250828,,163849,,1,0,PAK,,,0,0,0,,,,,,,,0,0,0,,20250828135932.602,89-9418
20,MP01,SD,800238,420730276,89-9418,20250828,,163851,,1,0,PAK,,,0,0,0,,,,,,,,0,0,0,,20250828135932.602,89-9418
20,MP02,SD,800184,420730468,89-1050,20260621,,471407,,1,0,PAK,,,0,0,0,,,,,,,,0,0,0,,20260621121158.102,89-1050
20,MP02,SD,800184,420730463,89-1050,20260621,,531709,,1,0,PAK,,,0,0,0,,,,,,,,0,0,0,,20260621121158.102,89-1050
20,MP02,SD,800147,420730456,89-1050,20260621,,359745,,1,0,PAK,,,0,0,0,,,,,,,,0,0,0,,20260621121533.301,89-1050
20,MP02,SD,800147,420730461,89-1050,20260621,,141765,,1,0,PAK,,,0,0,0,,,,,,,,0,0,0,,20260621121533.301,89-1050
20,MP02,SD,800147,420730458,89-1050,20260621,,359752,,1,0,PAK,,,0,0,0,,,,,,,,0,0,0,,20260621121533.301,89-1050
20,MP02,SD,800147,420730457,89-1050,20260621,,141766,,1,0,PAK,,,0,0,0,,,,,,,,0,0,0,,20260621121533.301,89-1050
20,MP02,SD,800147,420730460,89-1050,20260621,,126266,,1,0,PAK,,,0,0,0,,,,,,,,0,0,0,,20260621121533.301,89-1050
20,MP02,SD,800147,420730459,89-1050,20260621,,141764,,1,0,PAK,,,0,0,0,,,,,,,,0,0,0,,20260621121533.301,89-1050
20,MP02,SD,800147,420730454,89-1050,20260621,,149420,,1,0,PAK,,,0,0,0,,,,,,,,0,0,0,,20260621121533.301,89-1050
20,MP02,SD,800147,420730466,89-1050,20260621,,227244,,1,0,PAK,,,0,0,0,,,,,,,,0,0,0,,20260621121533.301,89-1050
20,MP02,SD,800147,420730469,89-1050,20260621,,37387,,1,0,PAK,,,0,0,0,,,,,,,,0,0,0,,20260702123604,89-1050
20,MP02,SD,800147,420730462,89-1050,20260621,,6914,,1,0,PAK,,,0,0,0,,,,,,,,0,0,0,,20260621121533.301,89-1050
20,MP02,SD,800147,420730464,89-1050,20260621,,99183,,1,0,PAK,,,0,0,0,,,,,,,,0,0,0,,20260702123604,89-1050
20,MP02,SD,800147,420730455,89-1050,20260621,,24557,,1,0,PAK,,,0,0,0,,,,,,,,0,0,0,,20260621121533.301,89-1050
20,MP02,SD,800147,420730465,89-1050,20260621,,45703,,1,0,PAK,,,0,0,0,,,,,,,,0,0,0,,20260621121533.301,89-1050
20,MP02,SD,800147,420730467,89-1050,20260621,,193129,,1,0,PAK,,,0,0,0,,,,,,,,0,0,0,,20260621121533.301,89-1050
20,MP02,SD,800147,420730468,89-1050,20260621,,193127,,1,0,PAK,,,0,0,0,,,,,,,,0,0,0,,20260621121533.301,89-1050
20,MP02,SD,800147,420730463,89-1050,20260621,,227087,,1,0,PAK,,,0,0,0,,,,,,,,0,0,0,,20260621121533.301,89-1050
20,MP02,SD,800119,420730456,89-1050,20260621,,720037,,1,0,PAK,,,0,0,0,,,,,,,,0,0,0,,20260621121727.801,89-1050
20,MP02,SD,800119,420730461,89-1050,20260621,,1000372,,1,0,PAK,,,0,0,0,,,,,,,,0,0,0,,20260621121727.801,89-1050
20,MP02,SD,800119,420730458,89-1050,20260621,,720045,,1,0,PAK,,,0,0,0,,,,,,,,0,0,0,,20260621121727.801,89-1050
20,MP02,SD,800119,420730457,89-1050,20260621,,1000389,,1,0,PAK,,,0,0,0,,,,,,,,0,0,0,,20260621121727.801,89-1050
20,MP02,SD,800119,420730460,89-1050,20260621,,1000358,,1,0,PAK,,,0,0,0,,,,,,,,0,0,0,,20260621121727.801,89-1050
20,MP02,SD,800119,420730459,89-1050,20260621,,1000365,,1,0,PAK,,,0,0,0,,,,,,,,0,0,0,,20260621121727.801,89-1050
20,MP02,SD,800119,420730454,89-1050,20260621,,41,,1,0,PAK,,,0,0,0,,,,,,,,0,0,0,,20260621121727.801,89-1050
20,MP02,SD,800119,420730466,89-1050,20260621,,1000532,,1,0,PAK,,,0,0,0,,,,,,,,0,0,0,,20260621121727.801,89-1050
20,MP02,SD,800119,420730469,89-1050,20260621,,84237,,1,0,PAK,,,0,0,0,,,,,,,,0,0,0,,20260621121727.801,89-1050
20,MP02,SD,800119,420730462,89-1050,20260621,,32849,,1,0,PAK,,,0,0,0,,,,,,,,0,0,0,,20260621121727.801,89-1050
20,MP02,SD,800119,420730464,89-1050,20260621,,119675,,1,0,PAK,,,0,0,0,,,,,,,,0,0,0,,20260621121727.801,89-1050
20,MP02,SD,800119,420730455,89-1050,20260621,,71452,,1,0,PAK,,,0,0,0,,,,,,,,0,0,0,,20260621121727.801,89-1050
20,MP02,SD,800119,420730465,89-1050,20260621,,93100,,1,0,PAK,,,0,0,0,,,,,,,,0,0,0,,20260621121727.801,89-1050
20,MP02,SD,800119,420730467,89-1050,20260621,,1000457,,1,0,PAK,,,0,0,0,,,,,,,,0,0,0,,20260621121727.801,89-1050
20,MP02,SD,800119,420730468,89-1050,20260621,,1000464,,1,0,PAK,,,0,0,0,,,,,,,,0,0,0,,20260621121727.801,89-1050
20,MP02,SD,800119,420730463,89-1050,20260621,,100052,,1,0,PAK,,,0,0,0,,,,,,,,0,0,0,,20260621121727.801,89-1050
20,MP02,SD,800237,420730456,89-1050,20260621,,129519,,1,0,PAK,,,0,0,0,,,,,,,,0,0,0,,20260621121833.301,89-1050
20,MP02,SD,800237,420730458,89-1050,20260621,,129521,,1,0,PAK,,,0,0,0,,,,,,,,0,0,0,,20260621121833.301,89-1050
20,MP02,SD,800237,420730464,89-1050,20260621,,159840,,1,0,PAK,,,0,0,0,,,,,,,,0,0,0,,20260621121833.301,89-1050
20,MP02,SD,800237,420730455,89-1050,20260621,,150026,,1,0,PAK,,,0,0,0,,,,,,,,0,0,0,,20260621121833.301,89-1050
20,MP02,SD,800237,420730465,89-1050,20260621,,155292,,1,0,PAK,,,0,0,0,,,,,,,,0,0,0,,20260621121833.301,89-1050
20,MP02,SD,812145,420730456,89-1050,20260621,,31223329,,1,0,PAK,,,0,0,0,,,,,,,,0,0,0,,20260621122036.102,89-1050
20,MP02,SD,812145,420730461,89-1050,20260621,,31223382,,1,0,PAK,,,0,0,0,,,,,,,,0,0,0,,20260621122036.102,89-1050
20,MP02,SD,812145,420730458,89-1050,20260621,,31223328,,1,0,PAK,,,0,0,0,,,,,,,,0,0,0,,20260621122036.102,89-1050
20,MP02,SD,812145,420730457,89-1050,20260621,,31223383,,1,0,PAK,,,0,0,0,,,,,,,,0,0,0,,20260621122036.102,89-1050
20,MP01,SD,800184,420730181,89-9404,20250201,,756659,,1,0,PAK,,,0,0,0,,,,,,,,0,0,0,,20250201181108.199,89-9404
20,MP01,SD,800147,420730181,89-9404,20250201,,97431,,1,0,PAK,,,0,0,0,,,,,,,,0,0,0,,20250201181108.199,89-9404
20,MP01,SD,800119,420730181,89-9404,20250201,,629323000223,,1,0,PAK,,,0,0,0,,,,,,,,0,0,0,,20250201181108.301,89-9404
20,MP01,SD,800237,420730181,89-9404,20250201,,160211,,1,0,PAK,,,0,0,0,,,,,,,,0,0,0,,20250201181108.301,89-9404
20,MP01,SD,812146,420730181,89-9404,20250201,,10128741,,1,0,PAK,,,0,0,0,,,,,,,,0,0,0,,20250201181108.301,89-9404
20,MP01,SD,800184,420730182,89-9404,20250201,,757030,,1,0,PAK,,,0,0,0,,,,,,,,0,0,0,,20250201181108.398,89-9404
20,MP01,SD,800147,420730182,89-9404,20250201,,99958,,1,0,PAK,,,0,0,0,,,,,,,,0,0,0,,20250201181108.398,89-9404
20,MP01,SD,800237,420730182,89-9404,20250201,,160197,,1,0,PAK,,,0,0,0,,,,,,,,0,0,0,,20250201181108.398,89-9404
20,MP01,SD,812146,420730182,89-9404,20250201,,10128771,,1,0,PAK,,,0,0,0,,,,,,,,0,0,0,,20250201181108.5,89-9404
20,MP01,SD,800184,420730183,89-9404,20250201,,757203,,1,0,PAK,,,0,0,0,,,,,,,,0,0,0,,20250201181108.5,89-9404
20,MP01,SD,800147,420730183,89-9404,20250201,,99959,,1,0,PAK,,,0,0,0,,,,,,,,0,0,0,,20250201181108.602,89-9404
20,MP01,SD,800119,420730183,89-9404,20250201,,629323000247,,1,0,PAK,,,0,0,0,,,,,,,,0,0,0,,20250201181108.602,89-9404
20,MP01,SD,800237,420730183,89-9404,20250201,,160198,,1,0,PAK,,,0,0,0,,,,,,,,0,0,0,,20250201181108.602,89-9404
20,MP01,SD,812146,420730183,89-9404,20250201,,10128773,,1,0,PAK,,,0,0,0,,,,,,,,0,0,0,,20250201181108.699,89-9404
20,MP01,SD,800184,420730185,89-9404,20250201,,757208,,1,0,PAK,,,0,0,0,,,,,,,,0,0,0,,20250201181108.699,89-9404
20,MP01,SD,800147,420730185,89-9404,20250201,,102001,,1,0,PAK,,,0,0,0,,,,,,,,0,0,0,,20250201181108.699,89-9404
20,MP01,SD,812146,420730185,89-9404,20250201,,10128774,,1,0,PAK,,,0,0,0,,,,,,,,0,0,0,,20250201181108.801,89-9404
20,MP01,SD,800237,420730185,89-9404,20250201,,160390,,1,0,PAK,,,0,0,0,,,,,,,,0,0,0,,20250201181108.801,89-9404
20,MP01,SD,800119,420730185,89-9404,20250201,,629323000261,,1,0,PAK,,,0,0,0,,,,,,,,0,0,0,,20250201181108.801,89-9404
20,MP01,SD,800607,420730186,89-9404,20250201,,21045272,,1,0,PAK,,,0,0,0,,,,,,,,0,0,0,,20250201181108.898,89-9404
20,MP01,SD,800184,420730186,89-9404,20250201,,759435,,1,0,PAK,,,0,0,0,,,,,,,,0,0,0,,20250201181108.898,89-9404
20,MP01,SD,812146,420730186,89-9404,20250201,,10096429,,1,0,PAK,,,0,0,0,,,,,,,,0,0,0,,20250201181108.898,89-9404
20,MP01,SD,800237,420730186,89-9404,20250201,,157864,,1,0,PAK,,,0,0,0,,,,,,,,0,0,0,,20250201181109,89-9404
20,MP01,SD,800147,420730186,89-9404,20250201,,88841,,1,0,PAK,,,0,0,0,,,,,,,,0,0,0,,20250201181109,89-9404
20,MP01,SD,800309,420730027,89-9404,20250202,,78560,,1,0,PAK,,,0,0,0,,,,,,,,0,0,0,,20250204154545.801,89-9404
20,MP01,SD,800184,420730187,89-9404,20250201,,761616,,1,0,PAK,,,0,0,0,,,,,,,,0,0,0,,20250201181109.102,89-9404
20,MP01,SD,800147,420730187,89-9404,20250201,,129043,,1,0,PAK,,,0,0,0,,,,,,,,0,0,0,,20250201181109.102,89-9404
20,MP01,SD,800119,420730187,89-9404,20250201,,3000742,,1,0,PAK,,,0,0,0,,,,,,,,0,0,0,,20250201181109.102,89-9404
20,MP01,SD,800237,420730187,89-9404,20250201,,162698,,1,0,PAK,,,0,0,0,,,,,,,,0,0,0,,20250201181109.199,89-9404
20,MP01,SD,800184,420730188,89-9404,20250201,,761617,,1,0,PAK,,,0,0,0,,,,,,,,0,0,0,,20250201181109.199,89-9404
20,MP01,SD,800147,420730188,89-9404,20250201,,129044,,1,0,PAK,,,0,0,0,,,,,,,,0,0,0,,20250201181109.301,89-9404
20,MP01,SD,800119,420730188,89-9404,20250201,,3000766,,1,0,PAK,,,0,0,0,,,,,,,,0,0,0,,20250201181109.301,89-9404
20,MP01,SD,800237,420730188,89-9404,20250201,,162699,,1,0,PAK,,,0,0,0,,,,,,,,0,0,0,,20250201181109.301,89-9404
20,MP01,SD,800147,420730189,89-9404,20250201,,129045,,1,0,PAK,,,0,0,0,,,,,,,,0,0,0,,20250201181109.398,89-9404
20,MP01,SD,800119,420730189,89-9404,20250201,,3000780,,1,0,PAK,,,0,0,0,,,,,,,,0,0,0,,20250201181109.398,89-9404
20,MP01,SD,800237,420730189,89-9404,20250201,,162701,,1,0,PAK,,,0,0,0,,,,,,,,0,0,0,,20250201181109.398,89-9404
20,MP01,SD,800607,420730190,89-9404,20250201,,21400009,,1,0,PAK,,,0,0,0,,,,,,,,0,0,0,,20250201181109.5,89-9404
20,MP01,SD,800184,420730190,89-9404,20250201,,759288,,1,0,PAK,,,0,0,0,,,,,,,,0,0,0,,20250201181109.5,89-9404
20,MP01,SD,800147,420730190,89-9404,20250201,,160195,,1,0,PAK,,,0,0,0,,,,,,,,0,0,0,,20250201181109.602,89-9404
20,MP01,SD,800119,420730190,89-9404,20250201,,152500,,1,0,PAK,,,0,0,0,,,,,,,,0,0,0,,20250201181109.602,89-9404
20,MP01,SD,800237,420730190,89-9404,20250201,,164626,,1,0,PAK,,,0,0,0,,,,,,,,0,0,0,,20250201181109.602,89-9404
20,MP01,SD,812146,420730190,89-9404,20250201,,10128884,,1,0,PAK,,,0,0,0,,,,,,,,0,0,0,,20250201181109.699,89-9404
20,MP01,SD,800184,420730194,89-9404,20250201,,753083,,1,0,PAK,,,0,0,0,,,,,,,,0,0,0,,20250201181109.699,89-9404
20,MP01,SD,800309,420730265,89-9404,20250320,,198071,,1,0,PAK,,,0,0,0,,,,,,,,0,0,0,,20250320181539.602,89-9404
20,MP01,SD,800119,420730110,89-9404,20250325,,MDULO6030,,1,0,PAK,,,0,0,0,,,,,,,,0,0,0,,20250325115324.898,89-9404
20,MP01,SD,800119,420730038,89-9404,20250201,,142926,,1,0,PAK,,,0,0,0,,,,,,,,0,0,0,,20250325115352.801,89-9404
20,MP01,SD,800119,420730001,89-9404,20250201,,412095,,1,0,PAK,,,0,0,0,,,,,,,,0,0,0,,20250325120355.102,89-9404
20,MP01,SD,800607,420730265,89-9404,20250325,,21669529,,1,0,PAK,,,0,0,0,,,,,,,,0,0,0,,20250325125108.301,89-9404
20,MP01,SD,800237,420730218,89-9404,20250327,,170269,,1,0,PAK,,,0,0,0,,,,,,,,0,0,0,,20250326191344.102,89-9404
20,MP02,SD,800147,420730286,89-9404,20250201,,121255,,1,0,PAK,,,0,0,0,,,,,,,,0,0,0,,20250326192644.898,89-9404
20,MP01,SD,800119,420730137,89-9404,20250201,,98156,,1,0,PAK,,,0,0,0,,,,,,,,0,0,0,,20250326193614.5,89-9404
20,MP01,SD,800119,420730256,89-9404,20250201,,MP.MTADAL204,,1,0,PAK,,,0,0,0,,,,,,,,0,0,0,,20250326193644.801,89-9404
20,MP01,SD,800119,420730099,89-9404,20250401,,MDILT240100,,1,0,PAK,,,0,0,0,,,,,,,,0,0,0,,20250401112105.699,89-9404
20,MP01,SD,800119,420730166,89-9404,20250401,,MMETHOBOT2.5100,,1,0,PAK,,,0,0,0,,,,,,,,0,0,0,,20250401112130,89-9404
20,MP02,SD,800607,420730332,89-1050,20250207,,21679265,,1,0,PAK,,,0,0,0,,,,,,,,0,0,0,,20250401142909.801,89-9404
20,MP02,SD,800607,420730333,89-1050,20250207,,21679293,,1,0,PAK,,,0,0,0,,,,,,,,0,0,0,,20250401142928.5,89-9404
20,MP01,SD,800309,420730360,89-9416,20260217,,206138,,1,0,PAK,,,0,0,0,,,,,,,,0,0,0,,20260217144539.102,89-9416
20,MP01,SD,800237,420730095,89-9404,20250402,,169877,,1,0,PAK,,,0,0,0,,,,,,,,0,0,0,,20250401195114.801,89-9404
20,MP02,SD,800119,420730334,89-9404,20250402,,41315,,1,0,PAK,,,0,0,0,,,,,,,,0,0,0,,20250401201445.102,89-9404
20,MP02,SD,800119,420730293,89-9404,20250201,,41024,,1,0,PAK,,,0,0,0,,,,,,,,0,0,0,,20250401201559.801,89-9404
20,MP02,SD,800119,420730303,89-9404,20250201,,410350,,1,0,PAK,,,0,0,0,,,,,,,,0,0,0,,20250401201625.801,89-9404
20,MP01,SD,800237,420730264,89-9404,20250402,,170252,,1,0,PAK,,,0,0,0,,,,,,,,0,0,0,,20250402173012.699,89-9404
20,MP01,SD,800147,420730001,89-9404,20250201,,207213,,1,0,PAK,,,0,0,0,,,,,,,,0,0,0,,20250402200608.699,89-9404
20,MP02,SD,800309,420730340,89-9404,20250404,,194978,,1,0,PAK,,,0,0,0,,,,,,,,0,0,0,,20250404143402.602,89-9404
20,MP01,SD,801245,420730016,89-9404,20250404,,227545,,1,0,PAK,,,0,0,0,,,,,,,,0,0,0,,20250404144737.5,89-9404
20,MP01,SD,800147,420730016,89-9404,20250404,,227545,,1,0,PAK,,,0,0,0,,,,,,,,0,0,0,,20250404145043.898,89-9404
20,MP01,SD,800119,420730036,89-9404,20250407,,MBILA2030,,1,0,PAK,,,0,0,0,,,,,,,,0,0,0,,20250407123702.602,89-9404
20,MP01,SD,800119,420730206,89-9404,20250407,,MPREG300100,,1,0,PAK,,,0,0,0,,,,,,,,0,0,0,,20250407123734.602,89-9404
20,MP01,SD,800119,420730101,89-9404,20250407,,MDILT360100,,1,0,PAK,,,0,0,0,,,,,,,,0,0,0,,20250407143417.699,89-9404
20,MP01,SD,800119,420730027,89-9404,20250201,,78560,,1,0,PAK,,,0,0,0,,,,,,,,0,0,0,,20250407143439,89-9404
20,MP01,SD,800119,420730030,89-9404,20250201,,81269,,1,0,PAK,,,0,0,0,,,,,,,,0,0,0,,20250407143458.602,89-9404
20,MP01,SD,800147,420730238,89-9404,20250201,,217217,,1,0,PAK,,,0,0,0,,,,,,,,0,0,0,,20250408131151.602,89-9404
20,MP01,SD,800237,420730018,89-9404,20250409,,169951,,1,0,PAK,,,0,0,0,,,,,,,,0,0,0,,20250408190651.102,89-9404
20,MP02,SD,801063,420730336,89-9418,20250922,,L2428006,,1,0,PAK,,,0,0,0,,,,,,,,0,0,0,,20250922122301.102,89-9418
20,MP01,SD,800119,420730192,89-9404,20250411,,MPIRF26790,,1,0,PAK,,,0,0,0,,,,,,,,0,0,0,,20250411113436.5,89-9404
20,MP01,SD,800119,420730193,89-9404,20250411,,MPIRF80190,,1,0,PAK,,,0,0,0,,,,,,,,0,0,0,,20250411113436.5,89-9404
20,MP01,SD,800237,420730020,89-9404,20250416,,169952,,1,0,PAK,,,0,0,0,,,,,,,,0,0,0,,20250416155735.898,89-9404
20,MP01,SD,800237,420730225,89-9404,20250416,,170273,,1,0,PAK,,,0,0,0,,,,,,,,0,0,0,,20250416155735.898,89-9404
20,MP01,SD,800119,420730149,89-9404,20250416,,MP.MK8-100,,1,0,PAK,,,0,0,0,,,,,,,,0,0,0,,20250416172025.5,89-9404
20,MP01,SD,800119,420730095,89-9404,20250416,,MDILCD240100,,1,0,PAK,,,0,0,0,,,,,,,,0,0,0,,20250416172059.199,89-9404
20,MP01,SD,800119,420730064,89-9404,20250416,,MP.MCITAL20500,,1,0,PAK,,,0,0,0,,,,,,,,0,0,0,,20250416172119.301,89-9404
20,MP01,SD,800184,420730099,89-9404,20250423,,751624,,1,0,PAK,,,0,0,0,,,,,,,,0,0,0,,20250423145935.102,89-9404
20,MP01,SD,800184,420730229,89-9404,20250424,,755968,,1,0,PAK,,,0,0,0,,,,,,,,0,0,0,,20250423191815.199,89-9404
20,MP01,SD,800309,420730174,89-9404,20250424,,199264,,1,0,PAK,,,0,0,0,,,,,,,,0,0,0,,20250424113811.801,89-9404
20,MP01,SD,800119,420730155,89-9404,20250425,,413498,,1,0,PAK,,,0,0,0,,,,,,,,0,0,0,,20250424191449.699,89-9404
20,MP02,SD,800184,420730293,89-9404,20250201,,488209,,1,0,PAK,,,0,0,0,,,,,,,,0,0,0,,20250425132211.801,89-9404
20,MP01,SD,801275,420730070,89-9404,20251118,,670110,,1,0,PAK,,,0,0,0,,,,,,,,0,0,0,,20251118130201.102,89-9404
20,MP01,SD,801275,420730190,89-9404,20251118,,671173,,1,0,PAK,,,0,0,0,,,,,,,,0,0,0,,20251118130201.102,89-9404
20,MP01,SD,800309,420730108,89-9404,20251118,,204044,,1,0,PAK,,,0,0,0,,,,,,,,0,0,0,,20251118170017.699,89-9404
20,MP01,SD,800119,420730379,89-9418,20251119,,414334,,1,0,PAK,,,0,0,0,,,,,,,,0,0,0,,20251119131935.102,89-9418
20,MP01,SD,800119,420730381,89-9418,20251119,,414372,,1,0,PAK,,,0,0,0,,,,,,,,0,0,0,,20251119131935.102,89-9418
20,MP01,SD,800119,420730380,89-9418,20251119,,414358,,1,0,PAK,,,0,0,0,,,,,,,,0,0,0,,20251119131935.102,89-9418
20,MP01,SD,800119,420730108,89-9418,20251119,,412927,,1,0,PAK,,,0,0,0,,,,,,,,0,0,0,,20251119133356.102,89-9418
20,MP01,SD,800237,420730197,89-9418,20251119,,171571,,1,0,PAK,,,0,0,0,,,,,,,,0,0,0,,20251119145926.301,89-9418
20,MP01,SD,800237,420730199,89-9418,20251119,,171573,,1,0,PAK,,,0,0,0,,,,,,,,0,0,0,,20251119145926.301,89-9418
20,MP01,SD,800237,420730201,89-9418,20251119,,171574,,1,0,PAK,,,0,0,0,,,,,,,,0,0,0,,20251119145926.301,89-9418
20,MP01,SD,800147,420730108,89-9418,20251120,,243608,,1,0,PAK,,,0,0,0,,,,,,,,0,0,0,,20251120131221.301,89-9418
20,MP01,SD,800309,420730197,89-9418,20251121,,204026,,1,0,PAK,,,0,0,0,,,,,,,,0,0,0,,20251120185539.199,89-9418
20,MP01,SD,800309,420730199,89-9418,20251121,,204025,,1,0,PAK,,,0,0,0,,,,,,,,0,0,0,,20251120185539.199,89-9418
20,MP01,SD,800309,420730201,89-9418,20251121,,204023,,1,0,PAK,,,0,0,0,,,,,,,,0,0,0,,20251120185539.199,89-9418
20,MP02,SD,800119,420730325,89-9418,20251124,,41289,,1,0,PAK,,,0,0,0,,,,,,,,0,0,0,,20251124133500.199,89-9418
20,MP01,SD,801275,420730153,89-9404,20251125,,671328,,1,0,PAK,,,0,0,0,,,,,,,,0,0,0,,20251125134141.301,89-9404
20,MP01,SD,801275,420730154,89-9404,20251125,,671159,,1,0,PAK,,,0,0,0,,,,,,,,0,0,0,,20251125134141.301,89-9404
20,MP01,SD,801275,420730186,89-9404,20251125,,675100,,1,0,PAK,,,0,0,0,,,,,,,,0,0,0,,20251125141044.898,89-9404
20,MP01,SD,800211,420730001,89-9404,20251125,,672222,,1,0,PAK,,,0,0,0,,,,,,,,0,0,0,,20251125142610.102,89-9404
20,MP01,SD,800211,420730186,89-9404,20251125,,675100,,1,0,PAK,,,0,0,0,,,,,,,,0,0,0,,20251125142610.102,89-9404
20,MP01,SD,800211,420730190,89-9404,20251125,,671173,,1,0,PAK,,,0,0,0,,,,,,,,0,0,0,,20251125142648.301,89-9404
20,MP01,SD,800211,420730265,89-9404,20251125,,672514,,1,0,PAK,,,0,0,0,,,,,,,,0,0,0,,20251125142648.301,89-9404
20,MP01,SD,800184,420730383,89-9404,20251125,,753148,,1,0,PAK,,,0,0,0,,,,,,,,0,0,0,,20251125151104.898,89-9404
20,MP01,SD,800184,420730384,89-9404,20251125,,753149,,1,0,PAK,,,0,0,0,,,,,,,,0,0,0,,20251125151104.898,89-9404
20,MP01,SD,800237,420730220,89-9418,20251126,,170272,,1,0,PAK,,,0,0,0,,,,,,,,0,0,0,,20251126162134.398,89-9418
20,MP01,SD,800147,420730383,89-9418,20251127,,244306,,1,0,PAK,,,0,0,0,,,,,,,,0,0,0,,20251127164515,89-9418
20,MP01,SD,800147,420730384,89-9418,20251127,,244309,,1,0,PAK,,,0,0,0,,,,,,,,0,0,0,,20251127164515,89-9418
20,MP01,SD,800237,420730108,89-9418,20251127,,171592,,1,0,PAK,,,0,0,0,,,,,,,,0,0,0,,20251127182429.5,89-9418
20,MP01,SD,800237,420730383,89-9418,20251201,,171593,,1,0,PAK,,,0,0,0,,,,,,,,0,0,0,,20251201181138.199,89-9418
20,MP01,SD,800237,420730041,89-9418,20251201,,171594,,1,0,PAK,,,0,0,0,,,,,,,,0,0,0,,20251201181138.199,89-9418
20,MP01,SD,800237,420730384,89-9418,20251201,,171595,,1,0,PAK,,,0,0,0,,,,,,,,0,0,0,,20251201181138.199,89-9418
20,MP01,SD,800237,420730068,89-9418,20251201,,171596,,1,0,PAK,,,0,0,0,,,,,,,,0,0,0,,20251201181337.699,89-9418
20,MP01,SD,801275,420730001,89-9404,20251202,,672222,,1,0,PAK,,,0,0,0,,,,,,,,0,0,0,,20251202133250.398,89-9404
20,MP01,SD,801275,420730263,89-9404,20251202,,672378,,1,0,PAK,,,0,0,0,,,,,,,,0,0,0,,20251202133250.398,89-9404
20,MP01,SD,800119,420730384,89-9404,20251203,,414310,,1,0,PAK,,,0,0,0,,,,,,,,0,0,0,,20251203182713.602,89-9404
20,MP01,SD,800119,420730383,89-9404,20251203,,414303,,1,0,PAK,,,0,0,0,,,,,,,,0,0,0,,20251203182713.602,89-9404
20,MP01,SD,800184,420730363,89-9404,20251208,,753544,,1,0,PAK,,,0,0,0,,,,,,,,0,0,0,,20251208154100.301,89-9404
20,MP01,SD,800237,420730205,89-9418,20251210,,171652,,1,0,PAK,,,0,0,0,,,,,,,,0,0,0,,20251209204713.699,89-9418
20,MP01,SD,800237,420730210,89-9418,20251210,,171654,,1,0,PAK,,,0,0,0,,,,,,,,0,0,0,,20251209204713.699,89-9418
20,MP01,SD,800237,420730203,89-9418,20251210,,171655,,1,0,PAK,,,0,0,0,,,,,,,,0,0,0,,20251209204713.699,89-9418
20,MP01,SD,800237,420730208,89-9404,20250201,,171653,,1,0,PAK,,,0,0,0,,,,,,,,0,0,0,,20251209205030.102,89-9418
20,MP01,SD,800119,420730386,89-9418,20251212,,MSODPHO20,,1,0,PAK,,,0,0,0,,,,,,,,0,0,0,,20251211201005.898,89-9418
20,MP01,SD,800237,420730363,89-9418,20251215,,171651,,1,0,PAK,,,0,0,0,,,,,,,,0,0,0,,20251215125003.602,89-9418
20,MP02,SD,812145,420730460,89-1050,20260621,,31223380,,1,0,PAK,,,0,0,0,,,,,,,,0,0,0,,20260621122036.102,89-1050
20,MP02,SD,812145,420730459,89-1050,20260621,,31223381,,1,0,PAK,,,0,0,0,,,,,,,,0,0,0,,20260621122036.102,89-1050
20,MP02,SD,812145,420730454,89-1050,20260621,,50420210,,1,0,PAK,,,0,0,0,,,,,,,,0,0,0,,20260621122036.102,89-1050
20,MP02,SD,812145,420730466,89-1050,20260621,,50745184,,1,0,PAK,,,0,0,0,,,,,,,,0,0,0,,20260621122036.102,89-1050
20,MP02,SD,812145,420730469,89-1050,20260621,,31223375,,1,0,PAK,,,0,0,0,,,,,,,,0,0,0,,20260621122036.102,89-1050
20,MP02,SD,812145,420730462,89-1050,20260621,,31223327,,1,0,PAK,,,0,0,0,,,,,,,,0,0,0,,20260621122036.102,89-1050
20,MP02,SD,812145,420730464,89-1050,20260621,,31223377,,1,0,PAK,,,0,0,0,,,,,,,,0,0,0,,20260621122036.102,89-1050
20,MP02,SD,812145,420730455,89-1050,20260621,,31223337,,1,0,PAK,,,0,0,0,,,,,,,,0,0,0,,20260621122036.102,89-1050
20,MP02,SD,812145,420730465,89-1050,20260621,,31223376,,1,0,PAK,,,0,0,0,,,,,,,,0,0,0,,20260621122036.102,89-1050
20,MP02,SD,812145,420730467,89-1050,20260621,,50134570,,1,0,PAK,,,0,0,0,,,,,,,,0,0,0,,20260621122036.102,89-1050
20,MP02,SD,812145,420730468,89-1050,20260621,,50134704,,1,0,PAK,,,0,0,0,,,,,,,,0,0,0,,20260621122036.102,89-1050
20,MP02,SD,812145,420730463,89-1050,20260621,,50745183,,1,0,PAK,,,0,0,0,,,,,,,,0,0,0,,20260621122036.102,89-1050
20,MP01,SD,800237,420730368,89-9416,20260702,,172364,,1,0,PAK,,,0,0,0,,,,,,,,0,0,0,,20260702161021.898,89-9416
20,MP01,SD,800184,420730368,89-9416,20260703,,757744,,1,0,PAK,,,0,0,0,,,,,,,,0,0,0,,20260702183848.102,89-9416
20,MP01,SD,800147,420730368,89-9416,20260703,,254743,,1,0,PAK,,,0,0,0,,,,,,,,0,0,0,,20260702184946.5,89-9416
20,MP01,SD,800119,420730382,89-9416,20260703,,MALEND7050,,1,0,PAK,,,0,0,0,,,,,,,,0,0,0,,20260703145800.699,89-9416
20,MP01,SD,800147,420730382,89-9416,20260708,,254887,,1,0,PAK,,,0,0,0,,,,,,,,0,0,0,,20260708130527.801,89-9416
20,MP01,SD,800237,420730382,89-9416,20260708,,172369,,1,0,PAK,,,0,0,0,,,,,,,,0,0,0,,20260708175200.102,89-9416
20,MP01,SD,800119,420730429,89-9404,20260714,,420730429,,1,0,PAK,,,0,0,0,,,,,,,,0,0,0,,20260714122043.699,89-9404
20,MP01,SD,800211,420730024,89-9416,20260714,,670145,,1,0,PAK,,,0,0,0,,,,,,,,0,0,0,,20260714125144.398,89-9416
20,MP01,SD,800211,420730149,89-9416,20260714,,671371,,1,0,PAK,,,0,0,0,,,,,,,,0,0,0,,20260714125144.398,89-9416
20,MP01,SD,800309,420730382,89-9404,20260715,,209091,,1,0,PAK,,,0,0,0,,,,,,,,0,0,0,,20260714183550.5,89-9404
20,MP01,SD,800309,420730005,89-9404,20250201,,209133,,1,0,PAK,,,0,0,0,,,,,,,,0,0,0,,20260714183825.602,89-9404
20,MP01,SD,800147,420730204,89-9404,20250201,,97434,,1,0,PAK,,,0,0,0,,,,,,,,0,0,0,,20250201181111.301,89-9404
20,MP01,SD,800119,420730204,89-9404,20250201,,629323000322,,1,0,PAK,,,0,0,0,,,,,,,,0,0,0,,20250201181111.398,89-9404
20,MP01,SD,800237,420730204,89-9404,20250201,,160214,,1,0,PAK,,,0,0,0,,,,,,,,0,0,0,,20250201181111.398,89-9404
20,MP01,SD,800184,420730205,89-9404,20250201,,759027,,1,0,PAK,,,0,0,0,,,,,,,,0,0,0,,20250201181111.5,89-9404
20,MP01,SD,800147,420730205,89-9404,20250201,,103323,,1,0,PAK,,,0,0,0,,,,,,,,0,0,0,,20250201181111.5,89-9404
20,MP01,SD,812146,420730205,89-9404,20250201,,10128805,,1,0,PAK,,,0,0,0,,,,,,,,0,0,0,,20250201181111.5,89-9404
20,MP01,SD,800119,420730205,89-9404,20250201,,629323000698,,1,0,PAK,,,0,0,0,,,,,,,,0,0,0,,20250201181111.602,89-9404
20,MP01,SD,800147,420730206,89-9404,20250201,,215838,,1,0,PAK,,,0,0,0,,,,,,,,0,0,0,,20250201181111.602,89-9404
20,MP01,SD,800237,420730206,89-9404,20250201,,169284,,1,0,PAK,,,0,0,0,,,,,,,,0,0,0,,20250201181111.602,89-9404
20,MP01,SD,800184,420730207,89-9404,20250201,,757219,,1,0,PAK,,,0,0,0,,,,,,,,0,0,0,,20250201181111.699,89-9404
20,MP01,SD,800147,420730207,89-9404,20250201,,97438,,1,0,PAK,,,0,0,0,,,,,,,,0,0,0,,20250201181111.699,89-9404
20,MP01,SD,800119,420730207,89-9404,20250201,,629323000339,,1,0,PAK,,,0,0,0,,,,,,,,0,0,0,,20250201181111.801,89-9404
20,MP01,SD,800237,420730207,89-9404,20250201,,160215,,1,0,PAK,,,0,0,0,,,,,,,,0,0,0,,20250201181111.801,89-9404
20,MP01,SD,812146,420730207,89-9404,20250201,,10128806,,1,0,PAK,,,0,0,0,,,,,,,,0,0,0,,20250201181111.801,89-9404
20,MP01,SD,800184,420730208,89-9404,20250201,,759051,,1,0,PAK,,,0,0,0,,,,,,,,0,0,0,,20250201181111.898,89-9404
20,MP01,SD,800147,420730208,89-9404,20250201,,103324,,1,0,PAK,,,0,0,0,,,,,,,,0,0,0,,20250201181111.898,89-9404
20,MP01,SD,800119,420730208,89-9404,20250201,,629323000704,,1,0,PAK,,,0,0,0,,,,,,,,0,0,0,,20250201181111.898,89-9404
20,MP01,SD,800211,420730102,89-9418,20251209,,670756,,1,0,PAK,,,0,0,0,,,,,,,,0,0,0,,20251209140827.5,89-9418
20,MP01,SD,812146,420730208,89-9404,20250201,,10128807,,1,0,PAK,,,0,0,0,,,,,,,,0,0,0,,20250201181112,89-9404
20,MP01,SD,800184,420730209,89-9404,20250201,,757220,,1,0,PAK,,,0,0,0,,,,,,,,0,0,0,,20250201181112.102,89-9404
20,MP01,SD,800147,420730209,89-9404,20250201,,97441,,1,0,PAK,,,0,0,0,,,,,,,,0,0,0,,20250201181112.102,89-9404
20,MP01,SD,800119,420730209,89-9404,20250201,,629323000346,,1,0,PAK,,,0,0,0,,,,,,,,0,0,0,,20250201181112.102,89-9404
20,MP01,SD,800237,420730209,89-9404,20250201,,160216,,1,0,PAK,,,0,0,0,,,,,,,,0,0,0,,20250201181112.199,89-9404
20,MP01,SD,812146,420730209,89-9404,20250201,,10128808,,1,0,PAK,,,0,0,0,,,,,,,,0,0,0,,20250201181112.199,89-9404
20,MP01,SD,800184,420730210,89-9404,20250201,,759095,,1,0,PAK,,,0,0,0,,,,,,,,0,0,0,,20250201181112.199,89-9404
20,MP01,SD,800147,420730210,89-9404,20250201,,104820,,1,0,PAK,,,0,0,0,,,,,,,,0,0,0,,20250201181112.301,89-9404
20,MP01,SD,800119,420730210,89-9404,20250201,,629323000711,,1,0,PAK,,,0,0,0,,,,,,,,0,0,0,,20250201181112.301,89-9404
20,MP01,SD,812146,420730210,89-9404,20250201,,10128818,,1,0,PAK,,,0,0,0,,,,,,,,0,0,0,,20250201181112.398,89-9404
20,MP01,SD,800147,420730213,89-9404,20250201,,197818,,1,0,PAK,,,0,0,0,,,,,,,,0,0,0,,20250201181112.398,89-9404
20,MP01,SD,800119,420730213,89-9404,20250201,,411937,,1,0,PAK,,,0,0,0,,,,,,,,0,0,0,,20250201181112.398,89-9404
20,MP01,SD,800237,420730213,89-9404,20250201,,166768,,1,0,PAK,,,0,0,0,,,,,,,,0,0,0,,20250201181112.5,89-9404
20,MP01,SD,800147,420730214,89-9404,20250201,,197819,,1,0,PAK,,,0,0,0,,,,,,,,0,0,0,,20250201181112.5,89-9404
20,MP01,SD,800119,420730214,89-9404,20250201,,411944,,1,0,PAK,,,0,0,0,,,,,,,,0,0,0,,20250201181112.5,89-9404
20,MP01,SD,800237,420730214,89-9404,20250201,,166769,,1,0,PAK,,,0,0,0,,,,,,,,0,0,0,,20250201181112.602,89-9404
20,MP01,SD,800147,420730215,89-9404,20250201,,197820,,1,0,PAK,,,0,0,0,,,,,,,,0,0,0,,20250201181112.602,89-9404
20,MP01,SD,800119,420730215,89-9404,20250201,,411951,,1,0,PAK,,,0,0,0,,,,,,,,0,0,0,,20250201181112.602,89-9404
20,MP01,SD,800237,420730215,89-9404,20250201,,166770,,1,0,PAK,,,0,0,0,,,,,,,,0,0,0,,20250201181112.699,89-9404
20,MP01,SD,800147,420730216,89-9404,20250201,,197822,,1,0,PAK,,,0,0,0,,,,,,,,0,0,0,,20250201181112.699,89-9404
20,MP01,SD,800119,420730216,89-9404,20250201,,411968,,1,0,PAK,,,0,0,0,,,,,,,,0,0,0,,20250201181112.699,89-9404
20,MP01,SD,800237,420730216,89-9404,20250201,,166771,,1,0,PAK,,,0,0,0,,,,,,,,0,0,0,,20250201181112.801,89-9404
20,MP01,SD,800147,420730217,89-9404,20250201,,197816,,1,0,PAK,,,0,0,0,,,,,,,,0,0,0,,20250201181112.801,89-9404
20,MP01,SD,800119,420730217,89-9404,20250201,,411920,,1,0,PAK,,,0,0,0,,,,,,,,0,0,0,,20250201181112.801,89-9404
20,MP01,SD,800237,420730217,89-9404,20250201,,166767,,1,0,PAK,,,0,0,0,,,,,,,,0,0,0,,20250201181112.898,89-9404
20,MP02,SD,800147,420730291,89-9404,20250306,,,,1,0,PAK,,,0,0,0,,,,,,,,0,0,0,,20250918172007.102,89-9404
20,MP01,SD,800119,420730029,89-9404,20250201,,78559,,1,0,PAK,,,0,0,0,,,,,,,,0,0,0,,20250303192805,89-9404
20,MP01,SD,800119,420730139,89-9404,20250201,,98157,,1,0,PAK,,,0,0,0,,,,,,,,0,0,0,,20250303192805,89-9404
20,MP01,SD,800119,420730242,89-9404,20250201,,77296,,1,0,PAK,,,0,0,0,,,,,,,,0,0,0,,20250303192830.199,89-9404
20,MP01,SD,800119,420730052,89-9404,20250201,,6078,,1,0,PAK,,,0,0,0,,,,,,,,0,0,0,,20250303192854.199,89-9404
20,MP01,SD,800119,420730174,89-9404,20250304,,412231,,1,0,PAK,,,0,0,0,,,,,,,,0,0,0,,20250303192914.801,89-9404
20,MP01,SD,800119,420730182,89-9404,20250304,,629323000230,,1,0,PAK,,,0,0,0,,,,,,,,0,0,0,,20250303192944.301,89-9404
20,MP01,SD,800119,420730239,89-9404,20250304,,413054,,1,0,PAK,,,0,0,0,,,,,,,,0,0,0,,20250303193005.301,89-9404
20,MP01,SD,800119,420730140,89-9404,20250201,,98158,,1,0,PAK,,,0,0,0,,,,,,,,0,0,0,,20250303202956.898,89-9404
20,MP01,SD,800119,420730146,89-9404,20250201,,18311,,1,0,PAK,,,0,0,0,,,,,,,,0,0,0,,20250303202956.898,89-9404
20,MP01,SD,800119,420730049,89-9404,20250201,,472928,,1,0,PAK,,,0,0,0,,,,,,,,0,0,0,,20250303203028.398,89-9404
20,MP01,SD,800119,420730258,89-9404,20250201,,MP.MTADAL528,,1,0,PAK,,,0,0,0,,,,,,,,0,0,0,,20250303203105.301,89-9404
20,MP01,SD,800237,420730121,89-9404,20250306,,170133,,1,0,PAK,,,0,0,0,,,,,,,,0,0,0,,20250306123429.898,89-9404
20,MP02,SD,800309,420730283,89-9404,20250201,,109567,,1,0,PAK,,,0,0,0,,,,,,,,0,0,0,,20250306130222,89-1050
20,MP02,SD,800309,420730319,89-9404,20250202,,180214,,1,0,PAK,,,0,0,0,,,,,,,,0,0,0,,20250407131545.102,89-9404
20,MP01,SD,800119,420730238,89-9404,20250306,,413078,,1,0,PAK,,,0,0,0,,,,,,,,0,0,0,,20250306141645.898,89-9404
20,MP02,SD,801746,420730332,89-9404,20250306,,6501134,,1,0,PAK,,,0,0,0,,,,,,,,0,0,0,,20250306143206.301,89-9404
20,MP02,SD,801746,420730333,89-9404,20250306,,6501209,,1,0,PAK,,,0,0,0,,,,,,,,0,0,0,,20250306143206.301,89-9404
20,MP02,SD,801746,420730335,89-9404,20250306,,6501217,,1,0,PAK,,,0,0,0,,,,,,,,0,0,0,,20250306143206.301,89-9404
20,MP01,SD,800119,420730186,89-9404,20250201,,107167,,1,0,PAK,,,0,0,0,,,,,,,,0,0,0,,20250307120453,89-9404
20,MP02,SD,800184,420730297,89-9404,20250201,,448179,,1,0,PAK,,,0,0,0,,,,,,,,0,0,0,,20250307134804.102,89-9404
20,MP02,SD,800184,420730330,89-9404,20250201,,486525,,1,0,PAK,,,0,0,0,,,,,,,,0,0,0,,20250307141822.398,89-9404
20,MP01,SD,800119,420730018,89-9404,20250311,,629323413108,,1,0,PAK,,,0,0,0,,,,,,,,0,0,0,,20250310201713,89-9404
20,MP01,SD,800119,420730063,89-9404,20250311,,MP.MCITAL10100,,1,0,PAK,,,0,0,0,,,,,,,,0,0,0,,20250310201811.801,89-9404
20,MP01,SD,800119,420730065,89-9404,20250311,,MP.MCITAL40100,,1,0,PAK,,,0,0,0,,,,,,,,0,0,0,,20250310201811.801,89-9404
20,MP01,SD,800119,420730026,89-9404,20250201,,78558,,1,0,PAK,,,0,0,0,,,,,,,,0,0,0,,20250310201936,89-9404
20,MP01,SD,800119,420730004,89-9404,20250201,,77284,,1,0,PAK,,,0,0,0,,,,,,,,0,0,0,,20250310201957,89-9404
20,MP01,SD,800119,420730121,89-9404,20250311,,MESZO130,,1,0,PAK,,,0,0,0,,,,,,,,0,0,0,,20250310202021.699,89-9404
20,MP02,SD,800147,420730297,89-9404,20250201,,140979,,1,0,PAK,,,0,0,0,,,,,,,,0,0,0,,20250311123451,89-9404
20,MP02,SD,800147,420730330,89-9404,20250201,,217577,,1,0,PAK,,,0,0,0,,,,,,,,0,0,0,,20250311123550.898,89-9404
20,MP02,SD,800863,420730334,89-9404,20250311,,534619,,1,0,PAK,,,0,0,0,,,,,,,,0,0,0,,20250311141229.5,89-9404
20,MP01,SD,800309,420730229,89-9404,20250312,,197979,,1,0,PAK,,,0,0,0,,,,,,,,0,0,0,,20250312111522.199,89-9404
20,MP02,SD,800119,420730316,89-9404,20250201,,41224,,1,0,PAK,,,0,0,0,,,,,,,,0,0,0,,20250314115906.898,89-9404
20,MP02,SD,800119,420730286,89-9404,20250201,,41008,,1,0,PAK,,,0,0,0,,,,,,,,0,0,0,,20250314115945,89-9404
20,MP02,SD,800119,420730294,89-9404,20250201,,41025,,1,0,PAK,,,0,0,0,,,,,,,,0,0,0,,20250314120020.199,89-9404
20,MP02,SD,800119,420730302,89-9404,20250201,,410336,,1,0,PAK,,,0,0,0,,,,,,,,0,0,0,,20250314120042.801,89-9404
20,MP02,SD,800119,420730332,89-9404,20250201,,370302,,1,0,PAK,,,0,0,0,,,,,,,,0,0,0,,20250314120109.102,89-9404
20,MP01,SD,800119,420730053,89-9404,20250201,,6077,,1,0,PAK,,,0,0,0,,,,,,,,0,0,0,,20250318113920.699,89-9404
20,MP01,SD,800119,420730100,89-9404,20250318,,MDILT300100,,1,0,PAK,,,0,0,0,,,,,,,,0,0,0,,20250318114053,89-9404
20,MP01,SD,800119,420730016,89-9404,20250318,,629323413092,,1,0,PAK,,,0,0,0,,,,,,,,0,0,0,,20250318114053,89-9404
20,MP01,SD,800184,420730101,89-9404,20250320,,751630,,1,0,PAK,,,0,0,0,,,,,,,,0,0,0,,20250319200504.602,89-9404
20,MP01,SD,800184,420730094,89-9404,20250320,,751521,,1,0,PAK,,,0,0,0,,,,,,,,0,0,0,,20250319200504.602,89-9404
20,MP01,SD,800119,420730025,89-9404,20250201,,410558,,1,0,PAK,,,0,0,0,,,,,,,,0,0,0,,20250320112500.898,89-9404
20,MP01,SD,800211,420730386,89-9416,20260226,,671397,,1,0,PAK,,,0,0,0,,,,,,,,0,0,0,,20260225192913,89-9416
20,MP02,SD,800184,420730358,89-9404,20260306,,549068,,1,0,PAK,,,0,0,0,,,,,,,,0,0,0,,20260306134300.301,89-9404
20,MP01,SD,800119,420730404,89-9416,20260309,,41092,,1,0,PAK,,,0,0,0,,,,,,,,0,0,0,,20260309174917.699,89-9416
20,MP02,SD,800119,420730404,89-9416,20260309,,420730404,,1,0,PAK,,,0,0,0,,,,,,,,0,0,0,,20260309175621.398,89-9416
20,MP02,SD,800119,420730358,89-9416,20260309,,41092,,1,0,PAK,,,0,0,0,,,,,,,,0,0,0,,20260309175621.398,89-9416
20,MP02,SD,800309,420730425,89-9404,20260313,,203945,,1,0,PAK,,,0,0,0,,,,,,,,0,0,0,,20260313133726,89-9404
20,MP02,SD,800184,420730425,89-9404,20260313,,489387,,1,0,PAK,,,0,0,0,,,,,,,,0,0,0,,20260313150041.301,89-9404
20,MP01,SD,800211,420730211,89-9416,20260318,,671269,,1,0,PAK,,,0,0,0,,,,,,,,0,0,0,,20260318133840.199,89-9416
20,MP01,SD,801275,420730165,89-9416,20260318,,672590,,1,0,PAK,,,0,0,0,,,,,,,,0,0,0,,20260318140757.301,89-9416
20,MP02,SD,800309,420730357,89-9404,20260320,,198166,,1,0,PAK,,,0,0,0,,,,,,,,0,0,0,,20260320141502.301,89-9404
20,MP01,SD,800184,420730388,89-9404,20260320,,755809,,1,0,PAK,,,0,0,0,,,,,,,,0,0,0,,20260320143523,89-9404
20,MP01,SD,800184,420730389,89-9404,20260320,,755844,,1,0,PAK,,,0,0,0,,,,,,,,0,0,0,,20260320143523,89-9404
20,MP01,SD,800184,420730402,89-9404,20260320,,755862,,1,0,PAK,,,0,0,0,,,,,,,,0,0,0,,20260320143523,89-9404
20,MP02,SD,800147,420730358,89-9416,20260323,,248551,,1,0,PAK,,,0,0,0,,,,,,,,0,0,0,,20260323181715,89-9416
20,MP02,SD,800147,420730404,89-9416,20260323,,248552,,1,0,PAK,,,0,0,0,,,,,,,,0,0,0,,20260323181715,89-9416
20,MP01,SD,800119,420730385,89-9416,20260327,,MATO101000,,1,0,PAK,,,0,0,0,,,,,,,,0,0,0,,20260326193028.699,89-9416
20,MP01,SD,800119,420730387,89-9416,20260327,,MATO201000,,1,0,PAK,,,0,0,0,,,,,,,,0,0,0,,20260326193028.699,89-9416
20,MP01,SD,800309,420730385,89-9416,20260402,,207081,,1,0,PAK,,,0,0,0,,,,,,,,0,0,0,,20260401185929.398,89-9416
20,MP01,SD,800309,420730387,89-9416,20260402,,207082,,1,0,PAK,,,0,0,0,,,,,,,,0,0,0,,20260401185929.398,89-9416
20,MP01,SD,800184,420730387,89-9416,20260402,,756250,,1,0,PAK,,,0,0,0,,,,,,,,0,0,0,,20260402122933.102,89-9416
20,MP01,SD,800184,420730385,89-9416,20260402,,756254,,1,0,PAK,,,0,0,0,,,,,,,,0,0,0,,20260402122933.102,89-9416
20,MP01,SD,800147,420730385,89-9416,20260402,,250506,,1,0,PAK,,,0,0,0,,,,,,,,0,0,0,,20260402145127.801,89-9416
20,MP01,SD,800147,420730387,89-9416,20260402,,250507,,1,0,PAK,,,0,0,0,,,,,,,,0,0,0,,20260402145127.801,89-9416
20,MP01,SD,800211,420730212,89-9416,20260402,,671268,,1,0,PAK,,,0,0,0,,,,,,,,0,0,0,,20260402150548.301,89-9416
20,MP01,SD,800309,420730423,89-9416,20260407,,206389,,1,0,PAK,,,0,0,0,,,,,,,,0,0,0,,20260407112830.801,89-9416
20,MP02,SD,800309,420730423,89-9416,20260407,,206389,,1,0,PAK,,,0,0,0,,,,,,,,0,0,0,,20260407113031.898,89-9416
20,MP01,SD,800237,420730385,89-9416,20260408,,172045,,1,0,PAK,,,0,0,0,,,,,,,,0,0,0,,20260408171509.301,89-9416
20,MP01,SD,800237,420730387,89-9416,20260408,,172046,,1,0,PAK,,,0,0,0,,,,,,,,0,0,0,,20260408171509.301,89-9416
20,MP01,SD,800607,420730001,89-9416,20260417,,21735031,,1,0,PAK,,,0,0,0,,,,,,,,0,0,0,,20260416183625.301,89-9416
20,MP01,SD,800119,420730069,89-9404,20260420,,411272,,1,0,PAK,,,0,0,0,,,,,,,,0,0,0,,20260420155133.602,89-9404
20,MP01,SD,800119,420730042,89-9404,20260420,,411258,,1,0,PAK,,,0,0,0,,,,,,,,0,0,0,,20260420155200,89-9404
20,MP01,SD,800147,420730042,89-9416,20260421,,251859,,1,0,PAK,,,0,0,0,,,,,,,,0,0,0,,20260421133428.801,89-9416
20,MP01,SD,800147,420730069,89-9416,20260421,,251860,,1,0,PAK,,,0,0,0,,,,,,,,0,0,0,,20260421133428.801,89-9416
20,MP01,SD,800119,420730094,89-9404,20250304,,MDILCD180100,,1,0,PAK,,,0,0,0,,,,,,,,0,0,0,,20260427173116.199,89-9404
20,MP01,SD,800237,420730069,89-9416,20260430,,172103,,1,0,PAK,,,0,0,0,,,,,,,,0,0,0,,20260429191128.5,89-9416
20,MP01,SD,800237,420730042,89-9416,20260430,,172102,,1,0,PAK,,,0,0,0,,,,,,,,0,0,0,,20260429191128.5,89-9416
20,MP01,SD,800184,420730069,89-9404,20260430,,756652,,1,0,PAK,,,0,0,0,,,,,,,,0,0,0,,20260430141318.199,89-9404
20,MP01,SD,800184,420730042,89-9404,20260430,,756678,,1,0,PAK,,,0,0,0,,,,,,,,0,0,0,,20260430141318.199,89-9404
20,MP02,SD,800309,420730422,89-9404,20260501,,206882,,1,0,PAK,,,0,0,0,,,,,,,,0,0,0,,20260501132200.199,89-9404
20,MP01,SD,800119,420730078,89-9404,20250201,,410466,,1,0,PAK,,,0,0,0,,,,,,,,0,0,0,,20260508170537.699,89-9416
20,MP01,SD,800309,420730395,89-9404,20260508,,208038,,1,0,PAK,,,0,0,0,,,,,,,,0,0,0,,20260507185746.199,89-9404
20,MP01,SD,800309,420730393,89-9404,20260508,,208036,,1,0,PAK,,,0,0,0,,,,,,,,0,0,0,,20260507185746.199,89-9404
20,MP01,SD,800309,420730394,89-9404,20260508,,208037,,1,0,PAK,,,0,0,0,,,,,,,,0,0,0,,20260507185746.199,89-9404
20,MP01,SD,800147,420730246,89-9404,20250201,,88837,,1,0,PAK,,,0,0,0,,,,,,,,0,0,0,,20250201181114.5,89-9404
20,MP01,SD,800147,420730099,89-1050,20250219,,221915,,1,0,PAK,,,0,0,0,,,,,,,,0,0,0,,20250219131428.301,89-1050
20,MP01,SD,800237,420730246,89-9404,20250201,,152757,,1,0,PAK,,,0,0,0,,,,,,,,0,0,0,,20250201181114.602,89-9404
20,MP01,SD,812146,420730246,89-9404,20250201,,10089080,,1,0,PAK,,,0,0,0,,,,,,,,0,0,0,,20250201181114.602,89-9404
20,MP01,SD,800184,420730251,89-9404,20250201,,753297,,1,0,PAK,,,0,0,0,,,,,,,,0,0,0,,20250201181114.699,89-9404
20,MP01,SD,800147,420730251,89-9404,20250201,,206547,,1,0,PAK,,,0,0,0,,,,,,,,0,0,0,,20250201181114.699,89-9404
20,MP01,SD,800237,420730251,89-9404,20250201,,168345,,1,0,PAK,,,0,0,0,,,,,,,,0,0,0,,20250201181114.801,89-9404
20,MP01,SD,800184,420730252,89-9404,20250201,,751090,,1,0,PAK,,,0,0,0,,,,,,,,0,0,0,,20250201181114.801,89-9404
20,MP01,SD,800147,420730252,89-9404,20250201,,205106,,1,0,PAK,,,0,0,0,,,,,,,,0,0,0,,20250201181114.801,89-9404
20,MP01,SD,800237,420730252,89-9404,20250201,,168121,,1,0,PAK,,,0,0,0,,,,,,,,0,0,0,,20250201181114.898,89-9404
20,MP01,SD,812146,420730252,89-9404,20250201,,10146589,,1,0,PAK,,,0,0,0,,,,,,,,0,0,0,,20250201181114.898,89-9404
20,MP01,SD,800184,420730253,89-9404,20250201,,751381,,1,0,PAK,,,0,0,0,,,,,,,,0,0,0,,20250201181114.898,89-9404
20,MP01,SD,800147,420730253,89-9404,20250201,,205105,,1,0,PAK,,,0,0,0,,,,,,,,0,0,0,,20250201181115,89-9404
20,MP01,SD,800237,420730253,89-9404,20250201,,168122,,1,0,PAK,,,0,0,0,,,,,,,,0,0,0,,20250201181115,89-9404
20,MP01,SD,812146,420730253,89-9404,20250201,,10146590,,1,0,PAK,,,0,0,0,,,,,,,,0,0,0,,20250201181115,89-9404
20,MP01,SD,800184,420730254,89-9404,20250201,,758683,,1,0,PAK,,,0,0,0,,,,,,,,0,0,0,,20250201181115.102,89-9404
20,MP01,SD,800147,420730254,89-9404,20250201,,88825,,1,0,PAK,,,0,0,0,,,,,,,,0,0,0,,20250201181115.102,89-9404
20,MP01,SD,812146,420730254,89-9404,20250201,,10089025,,1,0,PAK,,,0,0,0,,,,,,,,0,0,0,,20250201181115.102,89-9404
20,MP01,SD,800119,420730047,89-9404,20250201,,35649,,1,0,PAK,,,0,0,0,,,,,,,,0,0,0,,20250225154041.699,89-9404
20,MP01,SD,800237,420730254,89-9404,20250201,,167762,,1,0,PAK,,,0,0,0,,,,,,,,0,0,0,,20250201181115.199,89-9404
20,MP01,SD,800184,420730255,89-9404,20250201,,756267,,1,0,PAK,,,0,0,0,,,,,,,,0,0,0,,20250201181115.199,89-9404
20,MP01,SD,812146,420730255,89-9404,20250201,,10128787,,1,0,PAK,,,0,0,0,,,,,,,,0,0,0,,20250201181115.301,89-9404
20,MP01,SD,800237,420730255,89-9404,20250201,,164980,,1,0,PAK,,,0,0,0,,,,,,,,0,0,0,,20250201181115.301,89-9404
20,MP01,SD,800119,420730255,89-9404,20250201,,MP.MTADAL104,,1,0,PAK,,,0,0,0,,,,,,,,0,0,0,,20250201181115.301,89-9404
20,MP01,SD,800147,420730255,89-9404,20250201,,166526,,1,0,PAK,,,0,0,0,,,,,,,,0,0,0,,20250201181115.398,89-9404
20,MP01,SD,800184,420730256,89-9404,20250201,,756277,,1,0,PAK,,,0,0,0,,,,,,,,0,0,0,,20250201181115.398,89-9404
20,MP01,SD,812146,420730256,89-9404,20250201,,10128789,,1,0,PAK,,,0,0,0,,,,,,,,0,0,0,,20250201181115.5,89-9404
20,MP01,SD,800237,420730256,89-9404,20250201,,164981,,1,0,PAK,,,0,0,0,,,,,,,,0,0,0,,20250201181115.5,89-9404
20,MP01,SD,800147,420730256,89-9404,20250201,,166527,,1,0,PAK,,,0,0,0,,,,,,,,0,0,0,,20250201181115.5,89-9404
20,MP01,SD,800309,420730368,89-9404,20260714,,209120,,1,0,PAK,,,0,0,0,,,,,,,,0,0,0,,20260714125657.102,89-9404
20,MP01,SD,800184,420730258,89-9404,20250201,,756263,,1,0,PAK,,,0,0,0,,,,,,,,0,0,0,,20250201181115.602,89-9404
20,MP01,SD,800147,420730258,89-9404,20250201,,166525,,1,0,PAK,,,0,0,0,,,,,,,,0,0,0,,20250201181115.602,89-9404
20,MP01,SD,812146,420730258,89-9404,20250201,,10128786,,1,0,PAK,,,0,0,0,,,,,,,,0,0,0,,20250201181115.699,89-9404
20,MP01,SD,800309,420730009,89-9404,20250202,,187929,,1,0,PAK,,,0,0,0,,,,,,,,0,0,0,,20250204155411.898,89-9404
20,MP01,SD,800237,420730258,89-9404,20250201,,164982,,1,0,PAK,,,0,0,0,,,,,,,,0,0,0,,20250201181115.699,89-9404
20,MP01,SD,800184,420730259,89-9404,20250201,,756204,,1,0,PAK,,,0,0,0,,,,,,,,0,0,0,,20250201181115.801,89-9404
20,MP01,SD,800147,420730259,89-9404,20250201,,182687,,1,0,PAK,,,0,0,0,,,,,,,,0,0,0,,20250201181115.801,89-9404
20,MP01,SD,812146,420730259,89-9404,20250201,,10138133,,1,0,PAK,,,0,0,0,,,,,,,,0,0,0,,20250201181115.801,89-9404
20,MP01,SD,800119,420730259,89-9404,20250201,,MP.MTERI1430,,1,0,PAK,,,0,0,0,,,,,,,,0,0,0,,20250201181115.898,89-9404
20,MP01,SD,800237,420730259,89-9404,20250201,,165720,,1,0,PAK,,,0,0,0,,,,,,,,0,0,0,,20250201181115.898,89-9404
20,MP01,SD,800184,420730260,89-9404,20250201,,752850,,1,0,PAK,,,0,0,0,,,,,,,,0,0,0,,20250201181116,89-9404
20,MP01,SD,800147,420730260,89-9404,20250201,,190523,,1,0,PAK,,,0,0,0,,,,,,,,0,0,0,,20250201181116,89-9404
20,MP01,SD,800119,420730260,89-9404,20250201,,12316,,1,0,PAK,,,0,0,0,,,,,,,,0,0,0,,20250201181116,89-9404
20,MP01,SD,800147,420730221,89-9404,20250222,,227881,,1,0,PAK,,,0,0,0,,,,,,,,0,0,0,,20250221191247.602,89-9404
20,MP01,SD,800147,420730225,89-9404,20250222,,227882,,1,0,PAK,,,0,0,0,,,,,,,,0,0,0,,20250221191247.602,89-9404
20,MP01,SD,800309,420730224,89-9404,20250224,,196660,,1,0,PAK,,,0,0,0,,,,,,,,0,0,0,,20250224172316.199,89-9404
20,MP01,SD,800309,420730225,89-9404,20250224,,196662,,1,0,PAK,,,0,0,0,,,,,,,,0,0,0,,20250224172316.199,89-9404
20,MP02,SD,800309,420730290,89-9404,20250202,,135927,,1,0,PAK,,,0,0,0,,,,,,,,0,0,0,,20250224174252.801,89-9404
20,MP01,SD,800119,420730039,89-9404,20250201,,80832,,1,0,PAK,,,0,0,0,,,,,,,,0,0,0,,20250225154149.398,89-9404
20,MP02,SD,800309,420730289,89-9404,20250201,,135926,,1,0,PAK,,,0,0,0,,,,,,,,0,0,0,,20250224175846,89-9404
20,MP01,SD,800184,420730192,89-9404,20250225,,754446,,1,0,PAK,,,0,0,0,,,,,,,,0,0,0,,20250224202741.602,89-9404
20,MP01,SD,800184,420730193,89-9404,20250225,,754479,,1,0,PAK,,,0,0,0,,,,,,,,0,0,0,,20250224202741.602,89-9404
20,MP01,SD,800184,420730106,89-9404,20250225,,761762,,1,0,PAK,,,0,0,0,,,,,,,,0,0,0,,20250224204252.699,89-9404
20,MP01,SD,800184,420730011,89-9404,20250225,,758871,,1,0,PAK,,,0,0,0,,,,,,,,0,0,0,,20250224204252.699,89-9404
20,MP01,SD,800184,420730133,89-9404,20250225,,758763,,1,0,PAK,,,0,0,0,,,,,,,,0,0,0,,20250224204252.699,89-9404
20,MP01,SD,800309,420730164,89-1050,20250225,,196443,,1,0,PAK,,,0,0,0,,,,,,,,0,0,0,,20250225124304,89-1050
20,MP01,SD,800119,420730045,89-9404,20250201,,74910,,1,0,PAK,,,0,0,0,,,,,,,,0,0,0,,20250225154254,89-9404
20,MP01,SD,800119,420730086,89-9404,20250201,,78648,,1,0,PAK,,,0,0,0,,,,,,,,0,0,0,,20250225154351.5,89-9404
20,MP01,SD,800119,420730107,89-9404,20250201,,629323000667,,1,0,PAK,,,0,0,0,,,,,,,,0,0,0,,20250225154421.301,89-9404
20,MP01,SD,800119,420730096,89-9404,20250225,,MDILCD300100,,1,0,PAK,,,0,0,0,,,,,,,,0,0,0,,20250225154443.801,89-9404
20,MP01,SD,800119,420730159,89-9404,20250201,,94290,,1,0,PAK,,,0,0,0,,,,,,,,0,0,0,,20250225154729.898,89-9404
20,MP01,SD,800119,420730254,89-9404,20250201,,89106,,1,0,PAK,,,0,0,0,,,,,,,,0,0,0,,20250225154921.602,89-9404
20,MP01,SD,800119,420730028,89-9404,20250201,,78561,,1,0,PAK,,,0,0,0,,,,,,,,0,0,0,,20250225154944.699,89-9404
20,MP01,SD,800119,420730002,89-9404,20250201,,77080,,1,0,PAK,,,0,0,0,,,,,,,,0,0,0,,20250225155021.898,89-9404
20,MP01,SD,800119,420730235,89-9404,20250225,,MROSU2030,,1,0,PAK,,,0,0,0,,,,,,,,0,0,0,,20250225155101.5,89-9404
20,MP01,SD,800184,420730121,89-9404,20250226,,752889,,1,0,PAK,,,0,0,0,,,,,,,,0,0,0,,20250226160542.102,89-9404
20,MP02,SD,800184,420730302,89-9404,20250201,,488234,,1,0,PAK,,,0,0,0,,,,,,,,0,0,0,,20250226171807.301,89-9404
20,MP02,SD,800184,420730333,89-9404,20250201,,150041,,1,0,PAK,,,0,0,0,,,,,,,,0,0,0,,20250226193013.602,89-9404
20,MP02,SD,800184,420730290,89-9404,20250201,,434868,,1,0,PAK,,,0,0,0,,,,,,,,0,0,0,,20250226193713.898,89-9404
20,MP02,SD,800184,420730285,89-9404,20250201,,435496,,1,0,PAK,,,0,0,0,,,,,,,,0,0,0,,20250226193933.398,89-9404
20,MP01,SD,800147,420730121,89-9404,20250227,,226635,,1,0,PAK,,,0,0,0,,,,,,,,0,0,0,,20250226200531.699,89-9404
20,MP01,SD,800147,420730097,89-9404,20250227,,221910,,1,0,PAK,,,0,0,0,,,,,,,,0,0,0,,20250226200557.801,89-9404
20,MP01,SD,800119,420730164,89-9404,20250227,,MMET85500,,1,0,PAK,,,0,0,0,,,,,,,,0,0,0,,20250227140120.398,89-9404
20,MP01,SD,800119,420730170,89-9404,20250227,,MMIDO2.5100,,1,0,PAK,,,0,0,0,,,,,,,,0,0,0,,20250227140139.801,89-9404
20,MP01,SD,800119,420730171,89-9404,20250227,,MMIDO5100,,1,0,PAK,,,0,0,0,,,,,,,,0,0,0,,20250227140203.398,89-9404
20,US01,SU,750004,42U195000001,EU01MM02,20250228,,ECONO # 2936821,,1,0,BOT,,,9,0,0,,,,,,,,0,0,0,,20250228145733.199,EU01MM02
20,US01,SU,750004,42U195000005,EU01MM02,20250228,,ECONO # 3006269,,1,0,BOT,,,9,0,0,,,,,,,,0,0,0,,20250228145733.199,EU01MM02
20,US01,SU,750004,42U197000007,EU01MM02,20250228,,ECONO # 3006301,,1,0,BOT,,,9,0,0,,,,,,,,0,0,0,,20250228145733.199,EU01MM02
20,US01,SU,750004,42U195000006,EU01MM02,20250228,,ECONO # 3006285,,1,0,BOT,,,9,0,0,,,,,,,,0,0,0,,20250228145733.199,EU01MM02
20,US01,SU,750004,42U197000008,EU01MM02,20250228,,ECONO # 3006327,,1,0,BOT,,,9,0,0,,,,,,,,0,0,0,,20250228145733.199,EU01MM02
20,MP01,SD,800237,420730093,89-9404,20250402,,169875,,1,0,PAK,,,0,0,0,,,,,,,,0,0,0,,20250401195038.5,89-9404
20,MP01,SD,800184,420730022,89-9404,20250313,,759219,,1,0,PAK,,,0,0,0,,,,,,,,0,0,0,,20250312185816.898,89-9404
20,MP01,SD,800237,420730229,89-9404,20250313,,170517,,1,0,PAK,,,0,0,0,,,,,,,,0,0,0,,20250313110931.699,89-9404
20,MP02,SD,800119,420730297,89-9404,20250201,,410282,,1,0,PAK,,,0,0,0,,,,,,,,0,0,0,,20250314115529.898,89-9404
20,MP02,SD,800119,420730366,89-9418,20250922,,41405,,1,0,NO,,,0,0,0,,,,,,,,0,0,0,,20250922120627.199,89-9418
20,MP02,SD,800147,420730340,89-9404,20250605,,235383,,1,0,PAK,,,0,0,0,,,,,,,,0,0,0,,20250918171848.102,89-9404
20,MP01,SD,800237,420730386,89-9418,20251216,,171668,,1,0,PAK,,,0,0,0,,,,,,,,0,0,0,,20251215202806.301,89-9418
20,MP01,SD,800309,420730384,89-9418,20251218,,204952,,1,0,PAK,,,0,0,0,,,,,,,,0,0,0,,20251217192147,89-9418
20,MP01,SD,800309,420730383,89-9418,20251218,,204951,,1,0,PAK,,,0,0,0,,,,,,,,0,0,0,,20251217192147,89-9418
20,MP01,SD,800147,420730386,89-9418,20251218,,245056,,1,0,PAK,,,0,0,0,,,,,,,,0,0,0,,20251217200741.301,89-9418
20,MP01,SD,800184,420730386,89-9418,20251218,,753904,,1,0,PAK,,,0,0,0,,,,,,,,0,0,0,,20251218152636.102,89-9418
20,MP02,SD,800309,420730358,89-9418,20251224,,202662,,1,0,PAK,,,0,0,0,,,,,,,,0,0,0,,20251223184010.301,89-9418
20,MP02,SD,800309,420730404,89-9418,20251224,,202660,,1,0,PAK,,,0,0,0,,,,,,,,0,0,0,,20251223184010.301,89-9418
20,MP01,SD,800607,420730386,89-9404,20260105,,21732306,,1,0,PAK,,,0,0,0,,,,,,,,0,0,0,,20260105140004.398,89-9404
20,MP01,SD,800147,420730363,89-9404,20260108,,244914,,1,0,PAK,,,0,0,0,,,,,,,,0,0,0,,20260108121625.602,89-9404
20,MP01,SD,800184,420730009,89-9404,20260108,,757717,,1,0,PAK,,,0,0,0,,,,,,,,0,0,0,,20260108160730,89-9404
20,MP01,SD,800211,420730153,89-9404,20260113,,671328,,1,0,PAK,,,0,0,0,,,,,,,,0,0,0,,20260113140141.898,89-9404
20,MP01,SD,801275,420730195,89-9404,20260113,,671519,,1,0,PAK,,,0,0,0,,,,,,,,0,0,0,,20260113150026.898,89-9404
20,MP01,SD,800309,420730363,89-9404,20260114,,205378,,1,0,PAK,,,0,0,0,,,,,,,,0,0,0,,20260113211630.801,89-9404
20,MP01,SD,800309,420730386,89-9404,20260114,,205379,,1,0,PAK,,,0,0,0,,,,,,,,0,0,0,,20260113211630.801,89-9404
20,MP01,SD,800607,420730363,89-9404,20260115,,21731637,,1,0,PAK,,,0,0,0,,,,,,,,0,0,0,,20260114195144.602,89-9404
20,MP01,SD,800211,420730363,89-9404,20260120,,674129,,1,0,PAK,,,0,0,0,,,,,,,,0,0,0,,20260120135209,89-9404
20,MP01,SD,801275,420730363,89-9404,20260122,,674129,,1,0,PAK,,,0,0,0,,,,,,,,0,0,0,,20260121183813.301,89-9404
20,MP01,SD,800119,420730388,89-9404,20260211,,414457,,1,0,PAK,,,0,0,0,,,,,,,,0,0,0,,20260211140658.699,89-9404
20,MP01,SD,800119,420730389,89-9404,20260211,,414488,,1,0,PAK,,,0,0,0,,,,,,,,0,0,0,,20260211140658.699,89-9404
20,MP01,SD,800147,420730402,89-9404,20260211,,247838,,1,0,PAK,,,0,0,0,,,,,,,,0,0,0,,20260211155354.5,89-9404
20,MP02,SD,800184,420730404,89-9404,20260212,,547198,,1,0,PAK,,,0,0,0,,,,,,,,0,0,0,,20260211184047.699,89-9404
20,MP01,SD,800309,420730402,89-9404,20260212,,206047,,1,0,PAK,,,0,0,0,,,,,,,,0,0,0,,20260211195753.5,89-9404
20,MP01,SD,800119,420730402,89-9404,20260212,,414600,,1,0,PAK,,,0,0,0,,,,,,,,0,0,0,,20260211201921.898,89-9404
20,MP01,SD,800147,420730388,89-9404,20260217,,247839,,1,0,PAK,,,0,0,0,,,,,,,,0,0,0,,20260217142128.199,89-9404
20,MP01,SD,800147,420730389,89-9404,20260217,,247840,,1,0,PAK,,,0,0,0,,,,,,,,0,0,0,,20260217142128.199,89-9404
20,MP01,SD,800309,420730361,89-9416,20260217,,206139,,1,0,PAK,,,0,0,0,,,,,,,,0,0,0,,20260217144539.102,89-9416
20,MP01,SD,800309,420730362,89-9416,20260217,,206140,,1,0,PAK,,,0,0,0,,,,,,,,0,0,0,,20260217144539.102,89-9416
20,MP01,SD,800237,420730402,89-9416,20260218,,171882,,1,0,PAK,,,0,0,0,,,,,,,,0,0,0,,20260217200533.102,89-9416
20,MP01,SD,800237,420730094,89-9404,20250402,,169876,,1,0,PAK,,,0,0,0,,,,,,,,0,0,0,,20260218155126.102,89-9416
20,MP01,SD,800147,420730360,89-9416,20260218,,248178,,1,0,PAK,,,0,0,0,,,,,,,,0,0,0,,20260218181420.301,89-9416
20,MP01,SD,800147,420730361,89-9416,20260218,,248180,,1,0,PAK,,,0,0,0,,,,,,,,0,0,0,,20260218181420.301,89-9416
20,MP01,SD,800147,420730362,89-9416,20260218,,248181,,1,0,PAK,,,0,0,0,,,,,,,,0,0,0,,20260218181420.301,89-9416
20,MP01,SD,800237,420730360,89-9404,20260220,,171890,,1,0,PAK,,,0,0,0,,,,,,,,0,0,0,,20260219185942.301,89-9404
20,MP01,SD,800237,420730361,89-9404,20260220,,171891,,1,0,PAK,,,0,0,0,,,,,,,,0,0,0,,20260219190000.102,89-9404
20,MP01,SD,800237,420730362,89-9404,20260220,,171892,,1,0,PAK,,,0,0,0,,,,,,,,0,0,0,,20260219190025.5,89-9404
20,MP01,SD,800309,420730388,89-9404,20260220,,206170,,1,0,PAK,,,0,0,0,,,,,,,,0,0,0,,20260219194636.699,89-9404
20,MP01,SD,800309,420730389,89-9404,20260220,,206171,,1,0,PAK,,,0,0,0,,,,,,,,0,0,0,,20260219194636.699,89-9404
20,MP01,SD,800119,420730360,89-9416,20260220,,414150,,1,0,PAK,,,0,0,0,,,,,,,,0,0,0,,20260220155817,89-9416
20,MP01,SD,800119,420730361,89-9416,20260220,,414174,,1,0,PAK,,,0,0,0,,,,,,,,0,0,0,,20260220155817,89-9416
20,MP01,SD,800119,420730362,89-9416,20260220,,414198,,1,0,PAK,,,0,0,0,,,,,,,,0,0,0,,20260220155817,89-9416
20,MP01,SD,800237,420730388,89-9404,20260224,,171889,,1,0,PAK,,,0,0,0,,,,,,,,0,0,0,,20260224130459,89-9404
20,MP01,SD,800237,420730389,89-9404,20260224,,171894,,1,0,PAK,,,0,0,0,,,,,,,,0,0,0,,20260224130459,89-9404
20,MP01,SD,801275,420730386,89-9416,20260226,,671397,,1,0,PAK,,,0,0,0,,,,,,,,0,0,0,,20260225184056.5,89-9416
