MANDT,OBJEK,MAFID,KLART,CLINT,ADZHL,ZAEHL,STATU,STDCL,REKRI,AENNR,DATUV,LKENZ,DATUB
20,Z33000000000000001000053613600000,O,17,52,0,10,1,,,,0,,99991231
20,Z33000000000000001000053613900000,O,17,52,0,10,1,,,,0,,99991231
20,Z33000000000000001000053614000000,O,17,52,0,10,1,,,,0,,99991231
20,Z33000000000000001000053615000000,O,17,52,0,10,1,,,,0,,99991231
20,Z33000000000000001000053615100000,O,17,52,0,10,1,,,,0,,99991231
20,Z33000000000000001000053615200000,O,17,52,0,10,1,,,,0,,99991231
20,Z33000000000000001000053615300000,O,17,52,0,10,1,,,,0,,99991231
20,Z33000000000000001000053615400000,O,17,52,0,10,1,,,,0,,99991231
20,Z33000000000000001000053615500000,O,17,52,0,10,1,,,,0,,99991231
20,Z33000000000000001000053615600000,O,17,52,0,10,1,,,,0,,99991231
20,Z33000000000000001000053615700000,O,17,52,0,10,1,,,,0,,99991231
20,Z33000000000000001000053615800000,O,17,52,0,10,1,,,,0,,99991231
20,Z33000000000000001000053615900000,O,17,52,0,10,1,,,,0,,99991231
20,Z33000000000000001000053616000000,O,17,52,0,10,1,,,,0,,99991231
20,Z33000000000000001000053616100000,O,17,52,0,10,1,,,,0,,99991231
20,Z33000000000000001000053616200000,O,17,52,0,10,1,,,,0,,99991231
20,Z33000000000000001000053616300000,O,17,52,0,10,1,,,,0,,99991231
20,Z33000000000000001000053616400000,O,17,52,0,10,1,,,,0,,99991231
20,Z33000000000000001000053616500000,O,17,52,0,10,1,,,,0,,99991231
20,Z33000000000000001000053616600000,O,17,52,0,10,1,,,,0,,99991231
20,Z33000000000000001000053616700000,O,17,52,0,10,1,,,,0,,99991231
20,Z33000000000000001000053616800000,O,17,52,0,10,1,,,,0,,99991231
20,Z33000000000000001000053617700000,O,17,52,0,10,1,,,,0,,99991231
20,Z33000000000000001000053617800000,O,17,52,0,10,1,,,,0,,99991231
20,Z33000000000000001000053617900000,O,17,52,0,10,1,,,,0,,99991231
20,Z33000000000000001000053618000000,O,17,52,0,10,1,,,,0,,99991231
20,Z33000000000000001000053618100000,O,17,52,0,10,1,,,,0,,99991231
20,Z33000000000000001000053618200000,O,17,52,0,10,1,,,,0,,99991231
20,Z33000000000000001000053618300000,O,17,52,0,10,1,,,,0,,99991231
20,Z33000000000000001000053618400000,O,17,52,0,10,1,,,,0,,99991231
20,Z33000000000000001000053618500000,O,17,52,0,10,1,,,,0,,99991231
20,Z33000000000000001000053618600000,O,17,52,0,10,1,,,,0,,99991231
20,Z33000000000000001000053618700000,O,17,52,0,10,1,,,,0,,99991231
20,Z33000000000000001000053619800000,O,17,52,0,10,1,,,,0,,99991231
20,Z33000000000000001000053619900000,O,17,52,0,10,1,,,,0,,99991231
20,Z33000000000000001000053620000000,O,17,52,0,10,1,,,,0,,99991231
20,Z33000000000000001000053620100000,O,17,52,0,10,1,,,,0,,99991231
20,Z33000000000000001000053620200000,O,17,52,0,10,1,,,,0,,99991231
20,Z33000000000000001000053620300000,O,17,52,0,10,1,,,,0,,99991231
20,Z33000000000000001000053620400000,O,17,52,0,10,1,,,,0,,99991231
20,Z33000000000000001000053620500000,O,17,52,0,10,1,,,,0,,99991231
20,Z33000000000000001000053620600000,O,17,52,0,10,1,,,,0,,99991231
20,Z33000000000000001000053620700000,O,17,52,0,10,1,,,,0,,99991231
20,Z33000000000000001000053620800000,O,17,52,0,10,1,,,,0,,99991231
20,Z33000000000000001000053620900000,O,17,52,0,10,1,,,,0,,99991231
20,Z33000000000000001000053621000000,O,17,52,0,10,1,,,,0,,99991231
20,Z33000000000000001000053621100000,O,17,52,0,10,1,,,,0,,99991231
20,Z33000000000000001000053621200000,O,17,52,0,10,1,,,,0,,99991231
20,Z33000000000000001000053621300000,O,17,52,0,10,1,,,,0,,99991231
20,Z33000000000000001000053621400000,O,17,52,0,10,1,,,,0,,99991231
20,Z33000000000000001000053621500000,O,17,52,0,10,1,,,,0,,99991231
20,Z33000000000000001000053621600000,O,17,52,0,10,1,,,,0,,99991231
20,Z33000000000000001000053621700000,O,17,52,0,10,1,,,,0,,99991231
20,Z40000000000000001000053627900000,O,17,52,0,10,1,,,,0,,99991231
20,Z40000000000000001000053628100000,O,17,52,0,10,1,,,,0,,99991231
20,Z40000000000000001000053628200000,O,17,52,0,10,1,,,,0,,99991231
20,Z33000000000000001000053629400000,O,17,52,0,10,1,,,,0,,99991231
20,Z33000000000000001000053629500000,O,17,52,0,10,1,,,,0,,99991231
20,Z33000000000000001000053629700000,O,17,52,0,10,1,,,,0,,99991231
20,Z33000000000000001000053629800000,O,17,52,0,10,1,,,,0,,99991231
20,Z33000000000000001000053629900000,O,17,52,0,10,1,,,,0,,99991231
20,Z33000000000000001000053630000000,O,17,52,0,10,1,,,,0,,99991231
20,Z33000000000000001000053630100000,O,17,52,0,10,1,,,,0,,99991231
20,Z33000000000000001000053630200000,O,17,52,0,10,1,,,,0,,99991231
20,Z33000000000000001000053653800000,O,17,52,0,10,1,,,,0,,99991231
20,Z40000000000000001000053656200000,O,17,52,0,10,1,,,,0,,99991231
20,Z33000000000000001000053657200000,O,17,52,0,10,1,,,,0,,99991231
20,Z33000000000000001000053657300000,O,17,52,0,10,1,,,,0,,99991231
20,Z33000000000000001000053657800000,O,17,52,0,10,1,,,,0,,99991231
20,Z33000000000000001000053657900000,O,17,52,0,10,1,,,,0,,99991231
20,Z33000000000000001000053658000000,O,17,52,0,10,1,,,,0,,99991231
20,Z33000000000000001000053658300000,O,17,52,0,10,1,,,,0,,99991231
20,Z33000000000000001000053658400000,O,17,52,0,10,1,,,,0,,99991231
20,Z33000000000000001000053660000000,O,17,52,0,10,1,,,,0,,99991231
20,Z33000000000000001000053660100000,O,17,52,0,10,1,,,,0,,99991231
20,Z33000000000000001000053660200000,O,17,52,0,10,1,,,,0,,99991231
20,Z33000000000000001000053660300000,O,17,52,0,10,1,,,,0,,99991231
20,Z33000000000000001000053660400000,O,17,52,0,10,1,,,,0,,99991231
20,Z33000000000000001000053660500000,O,17,52,0,10,1,,,,0,,99991231
20,Z33000000000000001000053660600000,O,17,52,0,10,1,,,,0,,99991231
20,Z33000000000000001000053660700000,O,17,52,0,10,1,,,,0,,99991231
20,Z33000000000000001000053660800000,O,17,52,0,10,1,,,,0,,99991231
20,Z33000000000000001000053660900000,O,17,52,0,10,1,,,,0,,99991231
20,Z33000000000000001000053661000000,O,17,52,0,10,1,,,,0,,99991231
20,Z33000000000000001000053661100000,O,17,52,0,10,1,,,,0,,99991231
20,Z33000000000000001000053661200000,O,17,52,0,10,1,,,,0,,99991231
20,Z33000000000000001000053662400000,O,17,52,0,10,1,,,,0,,99991231
20,Z33000000000000001000053662500000,O,17,52,0,10,1,,,,0,,99991231
20,Z33000000000000001000053662600000,O,17,52,0,10,1,,,,0,,99991231
20,Z33000000000000001000053662700000,O,17,52,0,10,1,,,,0,,99991231
20,Z33000000000000001000053662800000,O,17,52,0,10,1,,,,0,,99991231
20,Z33000000000000001000053662900000,O,17,52,0,10,1,,,,0,,99991231
20,Z33000000000000001000053663000000,O,17,52,0,10,1,,,,0,,99991231
20,Z33000000000000001000053663100000,O,17,52,0,10,1,,,,0,,99991231
20,Z33000000000000001000053663200000,O,17,52,0,10,1,,,,0,,99991231
20,Z33000000000000001000053663300000,O,17,52,0,10,1,,,,0,,99991231
20,Z33000000000000001000053663400000,O,17,52,0,10,1,,,,0,,99991231
20,Z33000000000000001000053663500000,O,17,52,0,10,1,,,,0,,99991231
20,Z33000000000000001000053663600000,O,17,52,0,10,1,,,,0,,99991231
20,Z33000000000000001000053663700000,O,17,52,0,10,1,,,,0,,99991231
20,Z33000000000000001000053663800000,O,17,52,0,10,1,,,,0,,99991231
20,Z33000000000000001000053663900000,O,17,52,0,10,1,,,,0,,99991231
20,Z33000000000000001000053664000000,O,17,52,0,10,1,,,,0,,99991231
20,Z33000000000000001000053664100000,O,17,52,0,10,1,,,,0,,99991231
20,Z33000000000000001000053664200000,O,17,52,0,10,1,,,,0,,99991231
20,Z33000000000000001000053664300000,O,17,52,0,10,1,,,,0,,99991231
20,Z33000000000000001000053664400000,O,17,52,0,10,1,,,,0,,99991231
20,Z33000000000000001000053664500000,O,17,52,0,10,1,,,,0,,99991231
20,Z33000000000000001000053664600000,O,17,52,0,10,1,,,,0,,99991231
20,Z33000000000000001000053664700000,O,17,52,0,10,1,,,,0,,99991231
20,Z33000000000000001000053664800000,O,17,52,0,10,1,,,,0,,99991231
20,Z33000000000000001000053665800000,O,17,52,0,10,1,,,,0,,99991231
20,Z33000000000000001000053665900000,O,17,52,0,10,1,,,,0,,99991231
20,Z33000000000000001000053666000000,O,17,52,0,10,1,,,,0,,99991231
20,Z33000000000000001000053666100000,O,17,52,0,10,1,,,,0,,99991231
20,Z33000000000000001000053666200000,O,17,52,0,10,1,,,,0,,99991231
20,Z33000000000000001000053666300000,O,17,52,0,10,1,,,,0,,99991231
20,Z33000000000000001000053666400000,O,17,52,0,10,1,,,,0,,99991231
20,Z33000000000000001000053666500000,O,17,52,0,10,1,,,,0,,99991231
20,Z33000000000000001000053666600000,O,17,52,0,10,1,,,,0,,99991231
20,Z33000000000000001000053666700000,O,17,52,0,10,1,,,,0,,99991231
20,Z33000000000000001000053666800000,O,17,52,0,10,1,,,,0,,99991231
20,Z33000000000000001000053667000000,O,17,52,0,10,1,,,,0,,99991231
20,Z33000000000000001000053667100000,O,17,52,0,10,1,,,,0,,99991231
20,Z33000000000000001000053667200000,O,17,52,0,10,1,,,,0,,99991231
20,Z33000000000000001000053667300000,O,17,52,0,10,1,,,,0,,99991231
20,Z33000000000000001000053667400000,O,17,52,0,10,1,,,,0,,99991231
20,Z33000000000000001000053667600000,O,17,52,0,10,1,,,,0,,99991231
20,Z33000000000000001000053667700000,O,17,52,0,10,1,,,,0,,99991231
20,Z33000000000000001000053667800000,O,17,52,0,10,1,,,,0,,99991231
20,Z33000000000000001000053667900000,O,17,52,0,10,1,,,,0,,99991231
20,Z29000000000000001000046929402000,O,17,52,0,10,1,,,,0,,99991231
20,Z33000000000000001000053674300000,O,17,52,0,10,1,,,,0,,99991231
20,Z33000000000000001000053674400000,O,17,52,0,10,1,,,,0,,99991231
20,Z33000000000000001000053674500000,O,17,52,0,10,1,,,,0,,99991231
20,Z33000000000000001000053674600000,O,17,52,0,10,1,,,,0,,99991231
20,Z33000000000000001000053674700000,O,17,52,0,10,1,,,,0,,99991231
20,Z33000000000000001000053674800000,O,17,52,0,10,1,,,,0,,99991231
20,Z33000000000000001000053674900000,O,17,52,0,10,1,,,,0,,99991231
20,Z33000000000000001000053675000000,O,17,52,0,10,1,,,,0,,99991231
20,Z33000000000000001000053675100000,O,17,52,0,10,1,,,,0,,99991231
20,Z33000000000000001000053675200000,O,17,52,0,10,1,,,,0,,99991231
20,Z33000000000000001000053675300000,O,17,52,0,10,1,,,,0,,99991231
20,Z33000000000000001000053675400000,O,17,52,0,10,1,,,,0,,99991231
20,Z33000000000000001000053675500000,O,17,52,0,10,1,,,,0,,99991231
20,Z33000000000000001000053675600000,O,17,52,0,10,1,,,,0,,99991231
20,Z33000000000000001000053675700000,O,17,52,0,10,1,,,,0,,99991231
20,Z33000000000000001000053675800000,O,17,52,0,10,1,,,,0,,99991231
20,Z33000000000000001000053675900000,O,17,52,0,10,1,,,,0,,99991231
20,Z33000000000000001000053676000000,O,17,52,0,10,1,,,,0,,99991231
20,Z33000000000000001000053676100000,O,17,52,0,10,1,,,,0,,99991231
20,Z33000000000000001000053676200000,O,17,52,0,10,1,,,,0,,99991231
20,Z33000000000000001000053676300000,O,17,52,0,10,1,,,,0,,99991231
20,Z33000000000000001000053676400000,O,17,52,0,10,1,,,,0,,99991231
20,Z33000000000000001000053676500000,O,17,52,0,10,1,,,,0,,99991231
20,Z33000000000000001000053676600000,O,17,52,0,10,1,,,,0,,99991231
20,Z33000000000000001000053676700000,O,17,52,0,10,1,,,,0,,99991231
20,Z33000000000000001000053677200000,O,17,52,0,10,1,,,,0,,99991231
20,Z33000000000000001000053677300000,O,17,52,0,10,1,,,,0,,99991231
20,Z33000000000000001000053677400000,O,17,52,0,10,1,,,,0,,99991231
20,Z40000000000000001000053677700000,O,17,52,0,10,1,,,,0,,99991231
20,Z38000000000000001000053679100000,O,17,52,0,10,1,,,,0,,99991231
20,Z38000000000000001000053679200000,O,17,52,0,10,1,,,,0,,99991231
20,Z38000000000000001000053679300000,O,17,52,0,10,1,,,,0,,99991231
20,Z38000000000000001000053679400000,O,17,52,0,10,1,,,,0,,99991231
20,Z38000000000000001000053679500000,O,17,52,0,10,1,,,,0,,99991231
20,Z38000000000000001000053679600000,O,17,52,0,10,1,,,,0,,99991231
20,Z38000000000000001000053679700000,O,17,52,0,10,1,,,,0,,99991231
20,Z38000000000000001000053679800000,O,17,52,0,10,1,,,,0,,99991231
20,Z38000000000000001000053679900000,O,17,52,0,10,1,,,,0,,99991231
20,Z38000000000000001000053680000000,O,17,52,0,10,1,,,,0,,99991231
20,Z38000000000000001000053680100000,O,17,52,0,10,1,,,,0,,99991231
20,Z38000000000000001000053680200000,O,17,52,0,10,1,,,,0,,99991231
20,Z38000000000000001000053680300000,O,17,52,0,10,1,,,,0,,99991231
20,Z38000000000000001000053680400000,O,17,52,0,10,1,,,,0,,99991231
20,Z38000000000000001000053680500000,O,17,52,0,10,1,,,,0,,99991231
20,Z38000000000000001000053680600000,O,17,52,0,10,1,,,,0,,99991231
20,Z38000000000000001000053680700000,O,17,52,0,10,1,,,,0,,99991231
20,Z38000000000000001000053680800000,O,17,52,0,10,1,,,,0,,99991231
20,Z38000000000000001000053680900000,O,17,52,0,10,1,,,,0,,99991231
20,Z38000000000000001000053681000000,O,17,52,0,10,1,,,,0,,99991231
20,Z38000000000000001000053681100000,O,17,52,0,10,1,,,,0,,99991231
20,Z38000000000000001000053681200000,O,17,52,0,10,1,,,,0,,99991231
20,Z38000000000000001000053681300000,O,17,52,0,10,1,,,,0,,99991231
20,Z38000000000000001000053681400000,O,17,52,0,10,1,,,,0,,99991231
20,Z38000000000000001000053681500000,O,17,52,0,10,1,,,,0,,99991231
20,Z38000000000000001000053681600000,O,17,52,0,10,1,,,,0,,99991231
20,Z38000000000000001000053681700000,O,17,52,0,10,1,,,,0,,99991231
20,Z38000000000000001000053681900000,O,17,52,0,10,1,,,,0,,99991231
20,Z38000000000000001000053682000000,O,17,52,0,10,1,,,,0,,99991231
20,Z38000000000000001000053682100000,O,17,52,0,10,1,,,,0,,99991231
20,Z38000000000000001000053682200000,O,17,52,0,10,1,,,,0,,99991231
20,Z38000000000000001000053682300000,O,17,52,0,10,1,,,,0,,99991231
20,Z38000000000000001000053682400000,O,17,52,0,10,1,,,,0,,99991231
20,Z38000000000000001000053682500000,O,17,52,0,10,1,,,,0,,99991231
20,Z38000000000000001000053682600000,O,17,52,0,10,1,,,,0,,99991231
20,Z40000000000000001000053876800000,O,17,52,0,10,1,,,,0,,99991231
20,Z40000000000000001000053876900000,O,17,52,0,10,1,,,,0,,99991231
20,Z40000000000000001000053877000000,O,17,52,0,10,1,,,,0,,99991231
20,Z40000000000000001000053877100000,O,17,52,0,10,1,,,,0,,99991231
20,Z40000000000000001000053877200000,O,17,52,0,10,1,,,,0,,99991231
20,Z40000000000000001000053877300000,O,17,52,0,10,1,,,,0,,99991231
20,Z40000000000000001000053877400000,O,17,52,0,10,1,,,,0,,99991231
20,Z40000000000000001000053877500000,O,17,52,0,10,1,,,,0,,99991231
20,Z40000000000000001000053877600000,O,17,52,0,10,1,,,,0,,99991231
20,Z40000000000000001000053877700000,O,17,52,0,10,1,,,,0,,99991231
20,Z40000000000000001000053877800000,O,17,52,0,10,1,,,,0,,99991231
20,Z40000000000000001000053877900000,O,17,52,0,10,1,,,,0,,99991231
20,Z40000000000000001000053878700000,O,17,52,0,10,1,,,,0,,99991231
20,Z40000000000000001000053878800000,O,17,52,0,10,1,,,,0,,99991231
20,Z40000000000000001000053878900000,O,17,52,0,10,1,,,,0,,99991231
20,Z40000000000000001000053879000000,O,17,52,0,10,1,,,,0,,99991231
20,Z40000000000000001000053879100000,O,17,52,0,10,1,,,,0,,99991231
20,Z40000000000000001000053879200000,O,17,52,0,10,1,,,,0,,99991231
20,Z40000000000000001000053879300000,O,17,52,0,10,1,,,,0,,99991231
20,Z40000000000000001000053879400000,O,17,52,0,10,1,,,,0,,99991231
20,Z40000000000000001000053879500000,O,17,52,0,10,1,,,,0,,99991231
20,Z40000000000000001000053879600000,O,17,52,0,10,1,,,,0,,99991231
20,Z40000000000000001000053879700000,O,17,52,0,10,1,,,,0,,99991231
20,Z40000000000000001000053879800000,O,17,52,0,10,1,,,,0,,99991231
20,Z40000000000000001000053902300000,O,17,52,0,10,1,,,,0,,99991231
20,Z40000000000000001000053902400000,O,17,52,0,10,1,,,,0,,99991231
20,Z40000000000000001000053911100000,O,17,52,0,10,1,,,,0,,99991231
20,Z40000000000000001000053911300000,O,17,52,0,10,1,,,,0,,99991231
20,Z40000000000000001000053911200000,O,17,52,0,10,1,,,,0,,99991231
20,Z40000000000000001000053911400000,O,17,52,0,10,1,,,,0,,99991231
20,Z40000000000000001000053911500000,O,17,52,0,10,1,,,,0,,99991231
20,Z40000000000000001000053911600000,O,17,52,0,10,1,,,,0,,99991231
20,Z40000000000000001000053911700000,O,17,52,0,10,1,,,,0,,99991231
20,Z40000000000000001000053913400000,O,17,52,0,10,1,,,,0,,99991231
20,Z40000000000000001000053913500000,O,17,52,0,10,1,,,,0,,99991231
20,Z40000000000000001000053913600000,O,17,52,0,10,1,,,,0,,99991231
20,Z40000000000000001000053913700000,O,17,52,0,10,1,,,,0,,99991231
20,Z40000000000000001000053913800000,O,17,52,0,10,1,,,,0,,99991231
20,Z33000000000000001000053915500000,O,17,52,0,10,1,,,,0,,99991231
20,Z33000000000000001000053915600000,O,17,52,0,10,1,,,,0,,99991231
20,Z33000000000000001000053915700000,O,17,52,0,10,1,,,,0,,99991231
20,Z33000000000000001000053916300000,O,17,52,0,10,1,,,,0,,99991231
20,Z33000000000000001000053916400000,O,17,52,0,10,1,,,,0,,99991231
20,Z33000000000000001000053916500000,O,17,52,0,10,1,,,,0,,99991231
20,Z33000000000000001000053917500000,O,17,52,0,10,1,,,,0,,99991231
20,Z33000000000000001000053917600000,O,17,52,0,10,1,,,,0,,99991231
20,Z33000000000000001000053918800000,O,17,52,0,10,1,,,,0,,99991231
20,Z33000000000000001000053918900000,O,17,52,0,10,1,,,,0,,99991231
20,Z33000000000000001000053919000000,O,17,52,0,10,1,,,,0,,99991231
20,Z40000000000000001000053919300000,O,17,52,0,10,1,,,,0,,99991231
20,Z40000000000000001000053919400000,O,17,52,0,10,1,,,,0,,99991231
20,Z40000000000000001000053919500000,O,17,52,0,10,1,,,,0,,99991231
20,Z40000000000000001000053919600000,O,17,52,0,10,1,,,,0,,99991231
20,Z40000000000000001000053919700000,O,17,52,0,10,1,,,,0,,99991231
20,Z40000000000000001000053919800000,O,17,52,0,10,1,,,,0,,99991231
20,Z33000000000000001000053923400000,O,17,52,0,10,1,,,,0,,99991231
20,Z33000000000000001000053923500000,O,17,52,0,10,1,,,,0,,99991231
20,Z33000000000000001000053923600000,O,17,52,0,10,1,,,,0,,99991231
20,Z33000000000000001000053923700000,O,17,52,0,10,1,,,,0,,99991231
20,Z33000000000000001000053923800000,O,17,52,0,10,1,,,,0,,99991231
20,Z33000000000000001000053923900000,O,17,52,0,10,1,,,,0,,99991231
20,Z33000000000000001000053924000000,O,17,52,0,10,1,,,,0,,99991231
20,Z33000000000000001000053924100000,O,17,52,0,10,1,,,,0,,99991231
20,Z33000000000000001000053924200000,O,17,52,0,10,1,,,,0,,99991231
20,Z33000000000000001000053924500000,O,17,52,0,10,1,,,,0,,99991231
20,Z33000000000000001000053924600000,O,17,52,0,10,1,,,,0,,99991231
20,Z33000000000000001000053924700000,O,17,52,0,10,1,,,,0,,99991231
20,Z33000000000000001000053924800000,O,17,52,0,10,1,,,,0,,99991231
20,Z33000000000000001000053924900000,O,17,52,0,10,1,,,,0,,99991231
20,Z33000000000000001000053925000000,O,17,52,0,10,1,,,,0,,99991231
20,Z33000000000000001000053925100000,O,17,52,0,10,1,,,,0,,99991231
20,Z33000000000000001000053925200000,O,17,52,0,10,1,,,,0,,99991231
20,Z33000000000000001000053925300000,O,17,52,0,10,1,,,,0,,99991231
20,Z33000000000000001000053925400000,O,17,52,0,10,1,,,,0,,99991231
20,Z33000000000000001000053925500000,O,17,52,0,10,1,,,,0,,99991231
20,Z33000000000000001000053925600000,O,17,52,0,10,1,,,,0,,99991231
20,Z33000000000000001000053925700000,O,17,52,0,10,1,,,,0,,99991231
20,Z33000000000000001000053925800000,O,17,52,0,10,1,,,,0,,99991231
20,Z33000000000000001000053925900000,O,17,52,0,10,1,,,,0,,99991231
20,Z33000000000000001000053926000000,O,17,52,0,10,1,,,,0,,99991231
20,Z33000000000000001000053926100000,O,17,52,0,10,1,,,,0,,99991231
20,Z33000000000000001000053926300000,O,17,52,0,10,1,,,,0,,99991231
20,Z33000000000000001000053926400000,O,17,52,0,10,1,,,,0,,99991231
20,Z33000000000000001000053926500000,O,17,52,0,10,1,,,,0,,99991231
20,Z33000000000000001000053926600000,O,17,52,0,10,1,,,,0,,99991231
20,Z33000000000000001000053926700000,O,17,52,0,10,1,,,,0,,99991231
20,Z33000000000000001000053926800000,O,17,52,0,10,1,,,,0,,99991231
20,Z33000000000000001000053926900000,O,17,52,0,10,1,,,,0,,99991231
20,Z33000000000000001000053927000000,O,17,52,0,10,1,,,,0,,99991231
20,Z33000000000000001000053927100000,O,17,52,0,10,1,,,,0,,99991231
20,Z33000000000000001000053927200000,O,17,52,0,10,1,,,,0,,99991231
20,Z33000000000000001000053927300000,O,17,52,0,10,1,,,,0,,99991231
20,Z33000000000000001000053927400000,O,17,52,0,10,1,,,,0,,99991231
20,Z33000000000000001000053927500000,O,17,52,0,10,1,,,,0,,99991231
20,Z33000000000000001000053927600000,O,17,52,0,10,1,,,,0,,99991231
20,Z33000000000000001000053927700000,O,17,52,0,10,1,,,,0,,99991231
20,Z33000000000000001000053927800000,O,17,52,0,10,1,,,,0,,99991231
20,Z33000000000000001000053927900000,O,17,52,0,10,1,,,,0,,99991231
20,Z33000000000000001000053928000000,O,17,52,0,10,1,,,,0,,99991231
20,Z33000000000000001000053928100000,O,17,52,0,10,1,,,,0,,99991231
20,Z33000000000000001000053928900000,O,17,52,0,10,1,,,,0,,99991231
20,Z33000000000000001000053929000000,O,17,52,0,10,1,,,,0,,99991231
20,Z33000000000000001000053929100000,O,17,52,0,10,1,,,,0,,99991231
20,Z33000000000000001000053929200000,O,17,52,0,10,1,,,,0,,99991231
20,Z40000000000000001000053930100000,O,17,52,0,10,1,,,,0,,99991231
20,Z40000000000000001000053930200000,O,17,52,0,10,1,,,,0,,99991231
20,Z40000000000000001000053930300000,O,17,52,0,10,1,,,,0,,99991231
20,Z40000000000000001000053930400000,O,17,52,0,10,1,,,,0,,99991231
20,Z40000000000000001000053930500000,O,17,52,0,10,1,,,,0,,99991231
20,Z40000000000000001000053930600000,O,17,52,0,10,1,,,,0,,99991231
20,Z40000000000000001000053930700000,O,17,52,0,10,1,,,,0,,99991231
20,Z33000000000000001000053933900000,O,17,52,0,10,1,,,,0,,99991231
20,Z33000000000000001000053934000000,O,17,52,0,10,1,,,,0,,99991231
20,Z33000000000000001000053934100000,O,17,52,0,10,1,,,,0,,99991231
20,Z40000000000000001000053938100000,O,17,52,0,10,1,,,,0,,99991231
20,Z40000000000000001000053938200000,O,17,52,0,10,1,,,,0,,99991231
20,Z40000000000000001000053938300000,O,17,52,0,10,1,,,,0,,99991231
20,Z40000000000000001000053938400000,O,17,52,0,10,1,,,,0,,99991231
20,Z40000000000000001000053938500000,O,17,52,0,10,1,,,,0,,99991231
20,Z40000000000000001000053938600000,O,17,52,0,10,1,,,,0,,99991231
20,Z33000000000000001000053939100000,O,17,52,0,10,1,,,,0,,99991231
20,Z33000000000000001000053939200000,O,17,52,0,10,1,,,,0,,99991231
20,Z33000000000000001000053939400000,O,17,52,0,10,1,,,,0,,99991231
20,Z33000000000000001000053939500000,O,17,52,0,10,1,,,,0,,99991231
20,Z33000000000000001000053939600000,O,17,52,0,10,1,,,,0,,99991231
20,Z33000000000000001000053939700000,O,17,52,0,10,1,,,,0,,99991231
20,Z33000000000000001000053940000000,O,17,52,0,10,1,,,,0,,99991231
20,Z33000000000000001000053940100000,O,17,52,0,10,1,,,,0,,99991231
20,Z33000000000000001000053940200000,O,17,52,0,10,1,,,,0,,99991231
20,Z40000000000000001000053940300000,O,17,52,0,10,1,,,,0,,99991231
20,Z40000000000000001000053940400000,O,17,52,0,10,1,,,,0,,99991231
20,Z40000000000000001000053940500000,O,17,52,0,10,1,,,,0,,99991231
20,Z33000000000000001000054185800000,O,17,52,0,10,1,,,,0,,99991231
20,Z33000000000000001000054185900000,O,17,52,0,10,1,,,,0,,99991231
20,Z33000000000000001000054186100000,O,17,52,0,10,1,,,,0,,99991231
20,Z33000000000000001000054186200000,O,17,52,0,10,1,,,,0,,99991231
20,Z33000000000000001000054186300000,O,17,52,0,10,1,,,,0,,99991231
20,Z33000000000000001000054186800000,O,17,52,0,10,1,,,,0,,99991231
20,Z33000000000000001000054186900000,O,17,52,0,10,1,,,,0,,99991231
20,Z33000000000000001000054187000000,O,17,52,0,10,1,,,,0,,99991231
20,Z33000000000000001000054187700000,O,17,52,0,10,1,,,,0,,99991231
20,Z33000000000000001000054187800000,O,17,52,0,10,1,,,,0,,99991231
20,Z33000000000000001000054187900000,O,17,52,0,10,1,,,,0,,99991231
20,Z33000000000000001000054188000000,O,17,52,0,10,1,,,,0,,99991231
20,Z33000000000000001000054188100000,O,17,52,0,10,1,,,,0,,99991231
20,Z33000000000000001000054188200000,O,17,52,0,10,1,,,,0,,99991231
20,Z33000000000000001000054188700000,O,17,52,0,10,1,,,,0,,99991231
20,Z33000000000000001000054188800000,O,17,52,0,10,1,,,,0,,99991231
20,Z33000000000000001000054188900000,O,17,52,0,10,1,,,,0,,99991231
20,Z33000000000000001000054189000000,O,17,52,0,10,1,,,,0,,99991231
20,Z33000000000000001000054189100000,O,17,52,0,10,1,,,,0,,99991231
20,Z33000000000000001000054189200000,O,17,52,0,10,1,,,,0,,99991231
20,Z33000000000000001000054189300000,O,17,52,0,10,1,,,,0,,99991231
20,Z33000000000000001000054189400000,O,17,52,0,10,1,,,,0,,99991231
20,Z33000000000000001000054189600000,O,17,52,0,10,1,,,,0,,99991231
20,Z33000000000000001000054189700000,O,17,52,0,10,1,,,,0,,99991231
20,Z40000000000000001000054189800000,O,17,52,0,10,1,,,,0,,99991231
20,Z40000000000000001000054190000000,O,17,52,0,10,1,,,,0,,99991231
20,Z33000000000000001000054191300000,O,17,52,0,10,1,,,,0,,99991231
20,Z33000000000000001000054191400000,O,17,52,0,10,1,,,,0,,99991231
20,Z33000000000000001000054191900000,O,17,52,0,10,1,,,,0,,99991231
20,Z33000000000000001000054192000000,O,17,52,0,10,1,,,,0,,99991231
20,Z33000000000000001000054192100000,O,17,52,0,10,1,,,,0,,99991231
20,Z33000000000000001000054192300000,O,17,52,0,10,1,,,,0,,99991231
20,Z33000000000000001000054192400000,O,17,52,0,10,1,,,,0,,99991231
20,Z33000000000000001000054192600000,O,17,52,0,10,1,,,,0,,99991231
20,Z33000000000000001000054192700000,O,17,52,0,10,1,,,,0,,99991231
20,Z33000000000000001000054192800000,O,17,52,0,10,1,,,,0,,99991231
20,Z33000000000000001000054192900000,O,17,52,0,10,1,,,,0,,99991231
20,Z33000000000000001000054193000000,O,17,52,0,10,1,,,,0,,99991231
20,Z33000000000000001000054193100000,O,17,52,0,10,1,,,,0,,99991231
20,Z33000000000000001000054193200000,O,17,52,0,10,1,,,,0,,99991231
20,Z33000000000000001000054193300000,O,17,52,0,10,1,,,,0,,99991231
20,Z33000000000000001000054193400000,O,17,52,0,10,1,,,,0,,99991231
20,Z33000000000000001000054193500000,O,17,52,0,10,1,,,,0,,99991231
20,Z33000000000000001000054193600000,O,17,52,0,10,1,,,,0,,99991231
20,Z33000000000000001000054193700000,O,17,52,0,10,1,,,,0,,99991231
20,Z33000000000000001000054193800000,O,17,52,0,10,1,,,,0,,99991231
20,Z33000000000000001000054193900000,O,17,52,0,10,1,,,,0,,99991231
20,Z33000000000000001000054194000000,O,17,52,0,10,1,,,,0,,99991231
20,Z40000000000000001000054194800000,O,17,52,0,10,1,,,,0,,99991231
20,Z40000000000000001000054194900000,O,17,52,0,10,1,,,,0,,99991231
20,Z40000000000000001000054195000000,O,17,52,0,10,1,,,,0,,99991231
20,Z40000000000000001000054195100000,O,17,52,0,10,1,,,,0,,99991231
20,Z40000000000000001000054195200000,O,17,52,0,10,1,,,,0,,99991231
20,Z33000000000000001000054196200000,O,17,52,0,10,1,,,,0,,99991231
20,Z33000000000000001000054196300000,O,17,52,0,10,1,,,,0,,99991231
20,Z33000000000000001000054196400000,O,17,52,0,10,1,,,,0,,99991231
20,Z33000000000000001000054196500000,O,17,52,0,10,1,,,,0,,99991231
20,Z33000000000000001000054196600000,O,17,52,0,10,1,,,,0,,99991231
20,Z33000000000000001000054196700000,O,17,52,0,10,1,,,,0,,99991231
20,Z33000000000000001000054196800000,O,17,52,0,10,1,,,,0,,99991231
20,Z33000000000000001000054196900000,O,17,52,0,10,1,,,,0,,99991231
20,Z33000000000000001000054197000000,O,17,52,0,10,1,,,,0,,99991231
20,Z33000000000000001000054197100000,O,17,52,0,10,1,,,,0,,99991231
20,Z33000000000000001000054197200000,O,17,52,0,10,1,,,,0,,99991231
20,Z33000000000000001000054197300000,O,17,52,0,10,1,,,,0,,99991231
20,Z33000000000000001000054197400000,O,17,52,0,10,1,,,,0,,99991231
20,Z33000000000000001000054197500000,O,17,52,0,10,1,,,,0,,99991231
20,Z33000000000000001000054197600000,O,17,52,0,10,1,,,,0,,99991231
20,Z33000000000000001000054197700000,O,17,52,0,10,1,,,,0,,99991231
20,Z33000000000000001000054197800000,O,17,52,0,10,1,,,,0,,99991231
20,Z33000000000000001000054197900000,O,17,52,0,10,1,,,,0,,99991231
20,Z33000000000000001000054198000000,O,17,52,0,10,1,,,,0,,99991231
20,Z33000000000000001000054198100000,O,17,52,0,10,1,,,,0,,99991231
20,Z33000000000000001000054198200000,O,17,52,0,10,1,,,,0,,99991231
20,Z33000000000000001000054198300000,O,17,52,0,10,1,,,,0,,99991231
20,Z33000000000000001000054198400000,O,17,52,0,10,1,,,,0,,99991231
20,Z33000000000000001000054198500000,O,17,52,0,10,1,,,,0,,99991231
20,Z33000000000000001000054198600000,O,17,52,0,10,1,,,,0,,99991231
20,Z33000000000000001000054198700000,O,17,52,0,10,1,,,,0,,99991231
20,Z33000000000000001000054198800000,O,17,52,0,10,1,,,,0,,99991231
20,Z33000000000000001000054198900000,O,17,52,0,10,1,,,,0,,99991231
20,Z33000000000000001000054199000000,O,17,52,0,10,1,,,,0,,99991231
20,Z33000000000000001000054199100000,O,17,52,0,10,1,,,,0,,99991231
20,Z33000000000000001000054199200000,O,17,52,0,10,1,,,,0,,99991231
20,Z33000000000000001000054199300000,O,17,52,0,10,1,,,,0,,99991231
20,Z33000000000000001000054199400000,O,17,52,0,10,1,,,,0,,99991231
20,Z33000000000000001000054199500000,O,17,52,0,10,1,,,,0,,99991231
20,Z33000000000000001000054199600000,O,17,52,0,10,1,,,,0,,99991231
20,Z33000000000000001000054199700000,O,17,52,0,10,1,,,,0,,99991231
20,Z33000000000000001000054199800000,O,17,52,0,10,1,,,,0,,99991231
20,Z33000000000000001000054199900000,O,17,52,0,10,1,,,,0,,99991231
20,Z33000000000000001000054200000000,O,17,52,0,10,1,,,,0,,99991231
20,Z33000000000000001000054200100000,O,17,52,0,10,1,,,,0,,99991231
20,Z33000000000000001000054200300000,O,17,52,0,10,1,,,,0,,99991231
20,Z33000000000000001000054200400000,O,17,52,0,10,1,,,,0,,99991231
20,Z33000000000000001000054200500000,O,17,52,0,10,1,,,,0,,99991231
20,Z33000000000000001000054200600000,O,17,52,0,10,1,,,,0,,99991231
20,Z33000000000000001000054200700000,O,17,52,0,10,1,,,,0,,99991231
20,Z33000000000000001000054200800000,O,17,52,0,10,1,,,,0,,99991231
20,Z33000000000000001000054200900000,O,17,52,0,10,1,,,,0,,99991231
20,Z33000000000000001000054201000000,O,17,52,0,10,1,,,,0,,99991231
20,Z33000000000000001000054201100000,O,17,52,0,10,1,,,,0,,99991231
20,Z33000000000000001000054201200000,O,17,52,0,10,1,,,,0,,99991231
20,Z33000000000000001000054201300000,O,17,52,0,10,1,,,,0,,99991231
20,Z33000000000000001000054201400000,O,17,52,0,10,1,,,,0,,99991231
20,Z33000000000000001000054201500000,O,17,52,0,10,1,,,,0,,99991231
20,Z33000000000000001000054201600000,O,17,52,0,10,1,,,,0,,99991231
20,Z33000000000000001000054201700000,O,17,52,0,10,1,,,,0,,99991231
20,Z33000000000000001000054201800000,O,17,52,0,10,1,,,,0,,99991231
20,Z33000000000000001000054201900000,O,17,52,0,10,1,,,,0,,99991231
20,Z33000000000000001000054202000000,O,17,52,0,10,1,,,,0,,99991231
20,Z33000000000000001000054202100000,O,17,52,0,10,1,,,,0,,99991231
20,Z33000000000000001000054202200000,O,17,52,0,10,1,,,,0,,99991231
20,Z33000000000000001000054202300000,O,17,52,0,10,1,,,,0,,99991231
20,Z33000000000000001000054202400000,O,17,52,0,10,1,,,,0,,99991231
20,Z33000000000000001000054202500000,O,17,52,0,10,1,,,,0,,99991231
20,Z33000000000000001000054202600000,O,17,52,0,10,1,,,,0,,99991231
20,Z33000000000000001000054202700000,O,17,52,0,10,1,,,,0,,99991231
20,Z33000000000000001000054202800000,O,17,52,0,10,1,,,,0,,99991231
20,Z33000000000000001000054202900000,O,17,52,0,10,1,,,,0,,99991231
20,Z33000000000000001000054203000000,O,17,52,0,10,1,,,,0,,99991231
20,Z33000000000000001000054203100000,O,17,52,0,10,1,,,,0,,99991231
20,Z33000000000000001000054203200000,O,17,52,0,10,1,,,,0,,99991231
20,Z33000000000000001000054203300000,O,17,52,0,10,1,,,,0,,99991231
20,Z33000000000000001000054203700000,O,17,52,0,10,1,,,,0,,99991231
20,Z33000000000000001000054203800000,O,17,52,0,10,1,,,,0,,99991231
20,Z40000000000000001000054204400000,O,17,52,0,10,1,,,,0,,99991231
20,Z40000000000000001000054204500000,O,17,52,0,10,1,,,,0,,99991231
20,Z40000000000000001000054204600000,O,17,52,0,10,1,,,,0,,99991231
20,Z40000000000000001000054204700000,O,17,52,0,10,1,,,,0,,99991231
20,Z40000000000000001000054204800000,O,17,52,0,10,1,,,,0,,99991231
20,Z29000000000000001000052646701000,O,17,52,0,10,1,,,,0,,99991231
20,Z33000000000000001000054587500000,O,17,52,0,10,1,,,,0,,99991231
20,Z33000000000000001000054587600000,O,17,52,0,10,1,,,,0,,99991231
20,Z33000000000000001000054587700000,O,17,52,0,10,1,,,,0,,99991231
20,Z33000000000000001000054587800000,O,17,52,0,10,1,,,,0,,99991231
20,Z33000000000000001000054587900000,O,17,52,0,10,1,,,,0,,99991231
20,Z33000000000000001000054588000000,O,17,52,0,10,1,,,,0,,99991231
20,Z33000000000000001000054588100000,O,17,52,0,10,1,,,,0,,99991231
20,Z33000000000000001000054588200000,O,17,52,0,10,1,,,,0,,99991231
20,Z33000000000000001000054588300000,O,17,52,0,10,1,,,,0,,99991231
20,Z33000000000000001000054588700000,O,17,52,0,10,1,,,,0,,99991231
20,Z33000000000000001000054588800000,O,17,52,0,10,1,,,,0,,99991231
20,Z33000000000000001000054588900000,O,17,52,0,10,1,,,,0,,99991231
20,Z33000000000000001000054589000000,O,17,52,0,10,1,,,,0,,99991231
20,Z33000000000000001000054589100000,O,17,52,0,10,1,,,,0,,99991231
20,Z33000000000000001000054589200000,O,17,52,0,10,1,,,,0,,99991231
20,Z33000000000000001000054589300000,O,17,52,0,10,1,,,,0,,99991231
20,Z33000000000000001000054589400000,O,17,52,0,10,1,,,,0,,99991231
20,Z33000000000000001000054589500000,O,17,52,0,10,1,,,,0,,99991231
20,Z33000000000000001000054589600000,O,17,52,0,10,1,,,,0,,99991231
20,Z33000000000000001000054589700000,O,17,52,0,10,1,,,,0,,99991231
20,Z33000000000000001000054589800000,O,17,52,0,10,1,,,,0,,99991231
20,Z33000000000000001000054589900000,O,17,52,0,10,1,,,,0,,99991231
20,Z33000000000000001000054590000000,O,17,52,0,10,1,,,,0,,99991231
20,Z33000000000000001000054590100000,O,17,52,0,10,1,,,,0,,99991231
20,Z33000000000000001000054590200000,O,17,52,0,10,1,,,,0,,99991231
20,Z33000000000000001000054590300000,O,17,52,0,10,1,,,,0,,99991231
20,Z33000000000000001000054590400000,O,17,52,0,10,1,,,,0,,99991231
20,Z33000000000000001000054590500000,O,17,52,0,10,1,,,,0,,99991231
20,Z40000000000000001000054591200000,O,17,52,0,10,1,,,,0,,99991231
20,Z40000000000000001000054591300000,O,17,52,0,10,1,,,,0,,99991231
20,Z40000000000000001000054591400000,O,17,52,0,10,1,,,,0,,99991231
20,Z40000000000000001000054591500000,O,17,52,0,10,1,,,,0,,99991231
20,Z40000000000000001000054591600000,O,17,52,0,10,1,,,,0,,99991231
20,Z40000000000000001000054591700000,O,17,52,0,10,1,,,,0,,99991231
20,Z33000000000000001000054591900000,O,17,52,0,10,1,,,,0,,99991231
20,Z33000000000000001000054592000000,O,17,52,0,10,1,,,,0,,99991231
20,Z33000000000000001000054592100000,O,17,52,0,10,1,,,,0,,99991231
20,Z33000000000000001000054592200000,O,17,52,0,10,1,,,,0,,99991231
20,Z33000000000000001000054592300000,O,17,52,0,10,1,,,,0,,99991231
20,Z33000000000000001000054592400000,O,17,52,0,10,1,,,,0,,99991231
20,Z33000000000000001000054592500000,O,17,52,0,10,1,,,,0,,99991231
20,Z33000000000000001000054592600000,O,17,52,0,10,1,,,,0,,99991231
20,Z33000000000000001000054592700000,O,17,52,0,10,1,,,,0,,99991231
20,Z33000000000000001000054592800000,O,17,52,0,10,1,,,,0,,99991231
20,Z33000000000000001000054592900000,O,17,52,0,10,1,,,,0,,99991231
20,Z33000000000000001000054593000000,O,17,52,0,10,1,,,,0,,99991231
20,Z33000000000000001000054593100000,O,17,52,0,10,1,,,,0,,99991231
20,Z33000000000000001000054593200000,O,17,52,0,10,1,,,,0,,99991231
20,Z33000000000000001000054593300000,O,17,52,0,10,1,,,,0,,99991231
20,Z33000000000000001000054593400000,O,17,52,0,10,1,,,,0,,99991231
20,Z33000000000000001000054593500000,O,17,52,0,10,1,,,,0,,99991231
20,Z33000000000000001000054593600000,O,17,52,0,10,1,,,,0,,99991231
20,Z33000000000000001000054593700000,O,17,52,0,10,1,,,,0,,99991231
20,Z33000000000000001000054593800000,O,17,52,0,10,1,,,,0,,99991231
20,Z33000000000000001000054593900000,O,17,52,0,10,1,,,,0,,99991231
20,Z33000000000000001000054594000000,O,17,52,0,10,1,,,,0,,99991231
20,Z33000000000000001000054594100000,O,17,52,0,10,1,,,,0,,99991231
20,Z33000000000000001000054594200000,O,17,52,0,10,1,,,,0,,99991231
20,Z33000000000000001000054594300000,O,17,52,0,10,1,,,,0,,99991231
20,Z33000000000000001000054594400000,O,17,52,0,10,1,,,,0,,99991231
20,Z33000000000000001000054594500000,O,17,52,0,10,1,,,,0,,99991231
20,Z33000000000000001000054594600000,O,17,52,0,10,1,,,,0,,99991231
20,Z33000000000000001000054594700000,O,17,52,0,10,1,,,,0,,99991231
20,Z33000000000000001000054594800000,O,17,52,0,10,1,,,,0,,99991231
20,Z33000000000000001000054594900000,O,17,52,0,10,1,,,,0,,99991231
20,Z33000000000000001000054595000000,O,17,52,0,10,1,,,,0,,99991231
20,Z33000000000000001000054595100000,O,17,52,0,10,1,,,,0,,99991231
20,Z33000000000000001000054595200000,O,17,52,0,10,1,,,,0,,99991231
20,Z33000000000000001000054595300000,O,17,52,0,10,1,,,,0,,99991231
20,Z33000000000000001000054595400000,O,17,52,0,10,1,,,,0,,99991231
20,Z40000000000000001000054597900000,O,17,52,0,10,1,,,,0,,99991231
20,Z40000000000000001000054598000000,O,17,52,0,10,1,,,,0,,99991231
20,Z40000000000000001000054598100000,O,17,52,0,10,1,,,,0,,99991231
20,Z40000000000000001000054598200000,O,17,52,0,10,1,,,,0,,99991231
20,Z40000000000000001000054598300000,O,17,52,0,10,1,,,,0,,99991231
20,Z40000000000000001000054598400000,O,17,52,0,10,1,,,,0,,99991231
20,Z40000000000000001000054598500000,O,17,52,0,10,1,,,,0,,99991231
20,Z40000000000000001000054599500000,O,17,52,0,10,1,,,,0,,99991231
20,Z40000000000000001000054599600000,O,17,52,0,10,1,,,,0,,99991231
20,Z40000000000000001000054599700000,O,17,52,0,10,1,,,,0,,99991231
20,Z40000000000000001000054599800000,O,17,52,0,10,1,,,,0,,99991231
20,Z40000000000000001000054599900000,O,17,52,0,10,1,,,,0,,99991231
20,Z40000000000000001000054600000000,O,17,52,0,10,1,,,,0,,99991231
20,Z40000000000000001000054600100000,O,17,52,0,10,1,,,,0,,99991231
20,Z33000000000000001000054617700000,O,17,52,0,10,1,,,,0,,99991231
20,Z33000000000000001000054617800000,O,17,52,0,10,1,,,,0,,99991231
20,Z33000000000000001000054617900000,O,17,52,0,10,1,,,,0,,99991231
20,Z33000000000000001000054618200000,O,17,52,0,10,1,,,,0,,99991231
20,Z33000000000000001000054618300000,O,17,52,0,10,1,,,,0,,99991231
20,Z40000000000000001000054619800000,O,17,52,0,10,1,,,,0,,99991231
20,Z40000000000000001000054619900000,O,17,52,0,10,1,,,,0,,99991231
20,Z33000000000000001000054620000000,O,17,52,0,10,1,,,,0,,99991231
20,Z33000000000000001000054620100000,O,17,52,0,10,1,,,,0,,99991231
20,Z33000000000000001000054620200000,O,17,52,0,10,1,,,,0,,99991231
20,Z33000000000000001000054620300000,O,17,52,0,10,1,,,,0,,99991231
20,Z33000000000000001000054620600000,O,17,52,0,10,1,,,,0,,99991231
20,Z33000000000000001000054620700000,O,17,52,0,10,1,,,,0,,99991231
20,Z33000000000000001000054620800000,O,17,52,0,10,1,,,,0,,99991231
20,Z33000000000000001000054621500000,O,17,52,0,10,1,,,,0,,99991231
20,Z33000000000000001000054621600000,O,17,52,0,10,1,,,,0,,99991231
20,Z33000000000000001000054621700000,O,17,52,0,10,1,,,,0,,99991231
20,Z33000000000000001000054621800000,O,17,52,0,10,1,,,,0,,99991231
20,Z33000000000000001000054621900000,O,17,52,0,10,1,,,,0,,99991231
20,Z33000000000000001000054622000000,O,17,52,0,10,1,,,,0,,99991231
20,Z33000000000000001000054622100000,O,17,52,0,10,1,,,,0,,99991231
20,Z33000000000000001000054622200000,O,17,52,0,10,1,,,,0,,99991231
20,Z33000000000000001000054622300000,O,17,52,0,10,1,,,,0,,99991231
20,Z33000000000000001000054622400000,O,17,52,0,10,1,,,,0,,99991231
20,Z33000000000000001000054622500000,O,17,52,0,10,1,,,,0,,99991231
20,Z40000000000000001000054622900000,O,17,52,0,10,1,,,,0,,99991231
20,Z40000000000000001000054623000000,O,17,52,0,10,1,,,,0,,99991231
20,Z40000000000000001000054623100000,O,17,52,0,10,1,,,,0,,99991231
20,Z40000000000000001000054623200000,O,17,52,0,10,1,,,,0,,99991231
20,Z29000000000000001000033580003000,O,17,52,0,10,1,,,,0,,99991231
20,Z33000000000000001000054623400000,O,17,52,0,10,1,,,,0,,99991231
20,Z33000000000000001000054623500000,O,17,52,0,10,1,,,,0,,99991231
20,Z33000000000000001000054623600000,O,17,52,0,10,1,,,,0,,99991231
20,Z33000000000000001000054623700000,O,17,52,0,10,1,,,,0,,99991231
20,Z33000000000000001000054623800000,O,17,52,0,10,1,,,,0,,99991231
20,Z33000000000000001000054623900000,O,17,52,0,10,1,,,,0,,99991231
20,Z33000000000000001000054624000000,O,17,52,0,10,1,,,,0,,99991231
20,Z33000000000000001000054624100000,O,17,52,0,10,1,,,,0,,99991231
20,Z33000000000000001000054624200000,O,17,52,0,10,1,,,,0,,99991231
20,Z33000000000000001000054624300000,O,17,52,0,10,1,,,,0,,99991231
20,Z33000000000000001000054624400000,O,17,52,0,10,1,,,,0,,99991231
20,Z33000000000000001000054624500000,O,17,52,0,10,1,,,,0,,99991231
20,Z33000000000000001000054624600000,O,17,52,0,10,1,,,,0,,99991231
20,Z33000000000000001000054624700000,O,17,52,0,10,1,,,,0,,99991231
20,Z33000000000000001000054624800000,O,17,52,0,10,1,,,,0,,99991231
20,Z33000000000000001000054625000000,O,17,52,0,10,1,,,,0,,99991231
20,Z33000000000000001000054625100000,O,17,52,0,10,1,,,,0,,99991231
20,Z33000000000000001000054625200000,O,17,52,0,10,1,,,,0,,99991231
20,Z40000000000000001000054842000000,O,17,52,0,10,1,,,,0,,99991231
20,Z40000000000000001000054842600000,O,17,52,0,10,1,,,,0,,99991231
20,Z40000000000000001000054842700000,O,17,52,0,10,1,,,,0,,99991231
20,Z40000000000000001000054842900000,O,17,52,0,10,1,,,,0,,99991231
20,Z40000000000000001000054843000000,O,17,52,0,10,1,,,,0,,99991231
20,Z40000000000000001000054846700000,O,17,52,0,10,1,,,,0,,99991231
20,Z40000000000000001000054846800000,O,17,52,0,10,1,,,,0,,99991231
20,Z40000000000000001000054847800000,O,17,52,0,10,1,,,,0,,99991231
20,Z40000000000000001000054847900000,O,17,52,0,10,1,,,,0,,99991231
20,Z40000000000000001000054848000000,O,17,52,0,10,1,,,,0,,99991231
20,Z40000000000000001000054848100000,O,17,52,0,10,1,,,,0,,99991231
20,Z40000000000000001000054848200000,O,17,52,0,10,1,,,,0,,99991231
20,Z40000000000000001000054857300000,O,17,52,0,10,1,,,,0,,99991231
20,Z40000000000000001000054857400000,O,17,52,0,10,1,,,,0,,99991231
20,Z40000000000000001000054866200000,O,17,52,0,10,1,,,,0,,99991231
20,Z40000000000000001000054866300000,O,17,52,0,10,1,,,,0,,99991231
20,Z40000000000000001000054866400000,O,17,52,0,10,1,,,,0,,99991231
20,Z40000000000000001000054866500000,O,17,52,0,10,1,,,,0,,99991231
20,Z40000000000000001000054875700000,O,17,52,0,10,1,,,,0,,99991231
20,Z40000000000000001000054875800000,O,17,52,0,10,1,,,,0,,99991231
20,Z40000000000000001000054875900000,O,17,52,0,10,1,,,,0,,99991231
20,Z40000000000000001000054876000000,O,17,52,0,10,1,,,,0,,99991231
20,Z40000000000000001000054876100000,O,17,52,0,10,1,,,,0,,99991231
20,Z40000000000000001000054876200000,O,17,52,0,10,1,,,,0,,99991231
20,Z40000000000000001000054876300000,O,17,52,0,10,1,,,,0,,99991231
20,Z40000000000000001000054876400000,O,17,52,0,10,1,,,,0,,99991231
20,Z40000000000000001000054876500000,O,17,52,0,10,1,,,,0,,99991231
20,Z40000000000000001000054876600000,O,17,52,0,10,1,,,,0,,99991231
20,Z40000000000000001000054876900000,O,17,52,0,10,1,,,,0,,99991231
20,Z40000000000000001000054877000000,O,17,52,0,10,1,,,,0,,99991231
20,Z40000000000000001000054877100000,O,17,52,0,10,1,,,,0,,99991231
20,Z40000000000000001000054877200000,O,17,52,0,10,1,,,,0,,99991231
20,Z40000000000000001000054877300000,O,17,52,0,10,1,,,,0,,99991231
20,Z40000000000000001000054904000000,O,17,52,0,10,1,,,,0,,99991231
20,Z40000000000000001000054904100000,O,17,52,0,10,1,,,,0,,99991231
20,Z40000000000000001000054904200000,O,17,52,0,10,1,,,,0,,99991231
20,Z40000000000000001000054904300000,O,17,52,0,10,1,,,,0,,99991231
20,Z40000000000000001000054904400000,O,17,52,0,10,1,,,,0,,99991231
20,Z40000000000000001000054908000000,O,17,52,0,10,1,,,,0,,99991231
20,Z40000000000000001000054908100000,O,17,52,0,10,1,,,,0,,99991231
20,Z40000000000000001000054908300000,O,17,52,0,10,1,,,,0,,99991231
20,Z40000000000000001000054908400000,O,17,52,0,10,1,,,,0,,99991231
20,Z40000000000000001000054908500000,O,17,52,0,10,1,,,,0,,99991231
20,Z40000000000000001000054908600000,O,17,52,0,10,1,,,,0,,99991231
20,Z33000000000000001000054914000000,O,17,52,0,10,1,,,,0,,99991231
20,Z33000000000000001000054914100000,O,17,52,0,10,1,,,,0,,99991231
20,Z33000000000000001000054914200000,O,17,52,0,10,1,,,,0,,99991231
20,Z40000000000000001000054914400000,O,17,52,0,10,1,,,,0,,99991231
20,Z40000000000000001000054914500000,O,17,52,0,10,1,,,,0,,99991231
20,Z40000000000000001000054914600000,O,17,52,0,10,1,,,,0,,99991231
20,Z40000000000000001000054914700000,O,17,52,0,10,1,,,,0,,99991231
20,Z40000000000000001000054914800000,O,17,52,0,10,1,,,,0,,99991231
20,Z40000000000000001000054914900000,O,17,52,0,10,1,,,,0,,99991231
20,Z40000000000000001000054917500000,O,17,52,0,10,1,,,,0,,99991231
20,Z40000000000000001000054917600000,O,17,52,0,10,1,,,,0,,99991231
20,Z40000000000000001000054917700000,O,17,52,0,10,1,,,,0,,99991231
20,Z40000000000000001000054917800000,O,17,52,0,10,1,,,,0,,99991231
20,Z33000000000000001000054919100000,O,17,52,0,10,1,,,,0,,99991231
20,Z33000000000000001000054919200000,O,17,52,0,10,1,,,,0,,99991231
20,Z40000000000000001000054919700000,O,17,52,0,10,1,,,,0,,99991231
20,Z40000000000000001000054919800000,O,17,52,0,10,1,,,,0,,99991231
20,Z40000000000000001000054919900000,O,17,52,0,10,1,,,,0,,99991231
20,Z40000000000000001000054920000000,O,17,52,0,10,1,,,,0,,99991231
20,Z40000000000000001000054920100000,O,17,52,0,10,1,,,,0,,99991231
20,Z40000000000000001000054920200000,O,17,52,0,10,1,,,,0,,99991231
20,Z40000000000000001000054920300000,O,17,52,0,10,1,,,,0,,99991231
20,Z40000000000000001000054920400000,O,17,52,0,10,1,,,,0,,99991231
20,Z40000000000000001000054920500000,O,17,52,0,10,1,,,,0,,99991231
20,Z33000000000000001000054920600000,O,17,52,0,10,1,,,,0,,99991231
20,Z33000000000000001000054920700000,O,17,52,0,10,1,,,,0,,99991231
20,Z33000000000000001000054920800000,O,17,52,0,10,1,,,,0,,99991231
20,Z33000000000000001000054920900000,O,17,52,0,10,1,,,,0,,99991231
20,Z33000000000000001000054922800000,O,17,52,0,10,1,,,,0,,99991231
20,Z33000000000000001000054922900000,O,17,52,0,10,1,,,,0,,99991231
20,Z33000000000000001000054927300000,O,17,52,0,10,1,,,,0,,99991231
20,Z33000000000000001000054927400000,O,17,52,0,10,1,,,,0,,99991231
20,Z33000000000000001000054927600000,O,17,52,0,10,1,,,,0,,99991231
20,Z33000000000000001000054927700000,O,17,52,0,10,1,,,,0,,99991231
20,Z33000000000000001000054927800000,O,17,52,0,10,1,,,,0,,99991231
20,Z40000000000000001000054929700000,O,17,52,0,10,1,,,,0,,99991231
20,Z40000000000000001000054929800000,O,17,52,0,10,1,,,,0,,99991231
20,Z40000000000000001000054929900000,O,17,52,0,10,1,,,,0,,99991231
20,Z40000000000000001000054930000000,O,17,52,0,10,1,,,,0,,99991231
20,Z40000000000000001000054930100000,O,17,52,0,10,1,,,,0,,99991231
20,Z33000000000000001000054931300000,O,17,52,0,10,1,,,,0,,99991231
20,Z33000000000000001000054931400000,O,17,52,0,10,1,,,,0,,99991231
20,Z33000000000000001000054931500000,O,17,52,0,10,1,,,,0,,99991231
20,Z33000000000000001000054931700000,O,17,52,0,10,1,,,,0,,99991231
20,Z33000000000000001000054931800000,O,17,52,0,10,1,,,,0,,99991231
20,Z33000000000000001000054932000000,O,17,52,0,10,1,,,,0,,99991231
20,Z33000000000000001000054932100000,O,17,52,0,10,1,,,,0,,99991231
20,Z33000000000000001000054932200000,O,17,52,0,10,1,,,,0,,99991231
20,Z33000000000000001000054932300000,O,17,52,0,10,1,,,,0,,99991231
20,Z33000000000000001000054932400000,O,17,52,0,10,1,,,,0,,99991231
20,Z33000000000000001000054933400000,O,17,52,0,10,1,,,,0,,99991231
20,Z33000000000000001000054933500000,O,17,52,0,10,1,,,,0,,99991231
20,Z40000000000000001000054933600000,O,17,52,0,10,1,,,,0,,99991231
20,Z40000000000000001000054933700000,O,17,52,0,10,1,,,,0,,99991231
20,Z33000000000000001000054933800000,O,17,52,0,10,1,,,,0,,99991231
20,Z33000000000000001000054933900000,O,17,52,0,10,1,,,,0,,99991231
20,Z33000000000000001000054934100000,O,17,52,0,10,1,,,,0,,99991231
20,Z33000000000000001000054934200000,O,17,52,0,10,1,,,,0,,99991231
20,Z33000000000000001000054934300000,O,17,52,0,10,1,,,,0,,99991231
20,Z33000000000000001000054935000000,O,17,52,0,10,1,,,,0,,99991231
20,Z33000000000000001000054935100000,O,17,52,0,10,1,,,,0,,99991231
20,Z33000000000000001000054935200000,O,17,52,0,10,1,,,,0,,99991231
20,Z33000000000000001000054935400000,O,17,52,0,10,1,,,,0,,99991231
20,Z33000000000000001000054935500000,O,17,52,0,10,1,,,,0,,99991231
20,Z33000000000000001000054936200000,O,17,52,0,10,1,,,,0,,99991231
20,Z33000000000000001000054936300000,O,17,52,0,10,1,,,,0,,99991231
20,Z33000000000000001000054936400000,O,17,52,0,10,1,,,,0,,99991231
20,Z33000000000000001000054936900000,O,17,52,0,10,1,,,,0,,99991231
20,Z33000000000000001000054937000000,O,17,52,0,10,1,,,,0,,99991231
20,Z33000000000000001000054937100000,O,17,52,0,10,1,,,,0,,99991231
20,Z40000000000000001000054937300000,O,17,52,0,10,1,,,,0,,99991231
20,Z40000000000000001000054937400000,O,17,52,0,10,1,,,,0,,99991231
20,Z40000000000000001000054937500000,O,17,52,0,10,1,,,,0,,99991231
20,Z40000000000000001000054937600000,O,17,52,0,10,1,,,,0,,99991231
20,Z40000000000000001000054937700000,O,17,52,0,10,1,,,,0,,99991231
20,Z40000000000000001000054937800000,O,17,52,0,10,1,,,,0,,99991231
20,Z40000000000000001000054937900000,O,17,52,0,10,1,,,,0,,99991231
20,Z33000000000000001000054938600000,O,17,52,0,10,1,,,,0,,99991231
20,Z33000000000000001000054938700000,O,17,52,0,10,1,,,,0,,99991231
20,Z33000000000000001000054938800000,O,17,52,0,10,1,,,,0,,99991231
20,Z33000000000000001000054939300000,O,17,52,0,10,1,,,,0,,99991231
20,Z33000000000000001000054939400000,O,17,52,0,10,1,,,,0,,99991231
20,Z33000000000000001000054939500000,O,17,52,0,10,1,,,,0,,99991231
20,Z33000000000000001000054939800000,O,17,52,0,10,1,,,,0,,99991231
20,Z33000000000000001000054939900000,O,17,52,0,10,1,,,,0,,99991231
20,Z33000000000000001000054940000000,O,17,52,0,10,1,,,,0,,99991231
20,Z33000000000000001000054941000000,O,17,52,0,10,1,,,,0,,99991231
20,Z33000000000000001000054941100000,O,17,52,0,10,1,,,,0,,99991231
20,Z33000000000000001000055257000000,O,17,52,0,10,1,,,,0,,99991231
20,Z33000000000000001000055257100000,O,17,52,0,10,1,,,,0,,99991231
20,Z33000000000000001000055257200000,O,17,52,0,10,1,,,,0,,99991231
20,Z33000000000000001000055257300000,O,17,52,0,10,1,,,,0,,99991231
20,Z33000000000000001000055257400000,O,17,52,0,10,1,,,,0,,99991231
20,Z33000000000000001000055257500000,O,17,52,0,10,1,,,,0,,99991231
20,Z33000000000000001000055257600000,O,17,52,0,10,1,,,,0,,99991231
20,Z33000000000000001000055257700000,O,17,52,0,10,1,,,,0,,99991231
20,Z33000000000000001000055257800000,O,17,52,0,10,1,,,,0,,99991231
20,Z33000000000000001000055257900000,O,17,52,0,10,1,,,,0,,99991231
20,Z33000000000000001000055258000000,O,17,52,0,10,1,,,,0,,99991231
20,Z33000000000000001000055258100000,O,17,52,0,10,1,,,,0,,99991231
20,Z33000000000000001000055258200000,O,17,52,0,10,1,,,,0,,99991231
20,Z33000000000000001000055258300000,O,17,52,0,10,1,,,,0,,99991231
20,Z33000000000000001000055258400000,O,17,52,0,10,1,,,,0,,99991231
20,Z33000000000000001000055258500000,O,17,52,0,10,1,,,,0,,99991231
20,Z33000000000000001000055258600000,O,17,52,0,10,1,,,,0,,99991231
20,Z33000000000000001000055258700000,O,17,52,0,10,1,,,,0,,99991231
20,Z33000000000000001000055258800000,O,17,52,0,10,1,,,,0,,99991231
20,Z33000000000000001000055258900000,O,17,52,0,10,1,,,,0,,99991231
20,Z33000000000000001000055259000000,O,17,52,0,10,1,,,,0,,99991231
20,Z33000000000000001000055259200000,O,17,52,0,10,1,,,,0,,99991231
20,Z33000000000000001000055259300000,O,17,52,0,10,1,,,,0,,99991231
20,Z33000000000000001000055259400000,O,17,52,0,10,1,,,,0,,99991231
20,Z33000000000000001000055259500000,O,17,52,0,10,1,,,,0,,99991231
20,Z33000000000000001000055259600000,O,17,52,0,10,1,,,,0,,99991231
20,Z33000000000000001000055259700000,O,17,52,0,10,1,,,,0,,99991231
20,Z33000000000000001000055259800000,O,17,52,0,10,1,,,,0,,99991231
20,Z33000000000000001000055259900000,O,17,52,0,10,1,,,,0,,99991231
20,Z33000000000000001000055260000000,O,17,52,0,10,1,,,,0,,99991231
20,Z33000000000000001000055260100000,O,17,52,0,10,1,,,,0,,99991231
20,Z33000000000000001000055260200000,O,17,52,0,10,1,,,,0,,99991231
20,Z33000000000000001000055260300000,O,17,52,0,10,1,,,,0,,99991231
20,Z33000000000000001000055260400000,O,17,52,0,10,1,,,,0,,99991231
20,Z33000000000000001000055260500000,O,17,52,0,10,1,,,,0,,99991231
20,Z33000000000000001000055260600000,O,17,52,0,10,1,,,,0,,99991231
20,Z33000000000000001000055260700000,O,17,52,0,10,1,,,,0,,99991231
20,Z33000000000000001000055260800000,O,17,52,0,10,1,,,,0,,99991231
20,Z40000000000000001000055260900000,O,17,52,0,10,1,,,,0,,99991231
20,Z40000000000000001000055261000000,O,17,52,0,10,1,,,,0,,99991231
20,Z40000000000000001000055261100000,O,17,52,0,10,1,,,,0,,99991231
20,Z40000000000000001000055261200000,O,17,52,0,10,1,,,,0,,99991231
20,Z40000000000000001000055261300000,O,17,52,0,10,1,,,,0,,99991231
20,Z40000000000000001000055261400000,O,17,52,0,10,1,,,,0,,99991231
20,Z40000000000000001000055261500000,O,17,52,0,10,1,,,,0,,99991231
20,Z33000000000000001000055261600000,O,17,52,0,10,1,,,,0,,99991231
20,Z33000000000000001000055261700000,O,17,52,0,10,1,,,,0,,99991231
20,Z33000000000000001000055261800000,O,17,52,0,10,1,,,,0,,99991231
20,Z33000000000000001000055261900000,O,17,52,0,10,1,,,,0,,99991231
20,Z33000000000000001000055262000000,O,17,52,0,10,1,,,,0,,99991231
20,Z33000000000000001000055262100000,O,17,52,0,10,1,,,,0,,99991231
20,Z33000000000000001000055262200000,O,17,52,0,10,1,,,,0,,99991231
20,Z33000000000000001000055262300000,O,17,52,0,10,1,,,,0,,99991231
20,Z33000000000000001000055262400000,O,17,52,0,10,1,,,,0,,99991231
20,Z33000000000000001000055262500000,O,17,52,0,10,1,,,,0,,99991231
20,Z33000000000000001000055262600000,O,17,52,0,10,1,,,,0,,99991231
20,Z33000000000000001000055262700000,O,17,52,0,10,1,,,,0,,99991231
20,Z33000000000000001000055262800000,O,17,52,0,10,1,,,,0,,99991231
20,Z33000000000000001000055262900000,O,17,52,0,10,1,,,,0,,99991231
20,Z33000000000000001000055263000000,O,17,52,0,10,1,,,,0,,99991231
20,Z33000000000000001000055263100000,O,17,52,0,10,1,,,,0,,99991231
20,Z33000000000000001000055263200000,O,17,52,0,10,1,,,,0,,99991231
20,Z33000000000000001000055263300000,O,17,52,0,10,1,,,,0,,99991231
20,Z33000000000000001000055263400000,O,17,52,0,10,1,,,,0,,99991231
20,Z33000000000000001000055263500000,O,17,52,0,10,1,,,,0,,99991231
20,Z33000000000000001000055263600000,O,17,52,0,10,1,,,,0,,99991231
20,Z33000000000000001000055263700000,O,17,52,0,10,1,,,,0,,99991231
20,Z33000000000000001000055263800000,O,17,52,0,10,1,,,,0,,99991231
20,Z33000000000000001000055263900000,O,17,52,0,10,1,,,,0,,99991231
20,Z33000000000000001000055264000000,O,17,52,0,10,1,,,,0,,99991231
20,Z33000000000000001000055264100000,O,17,52,0,10,1,,,,0,,99991231
20,Z33000000000000001000055264200000,O,17,52,0,10,1,,,,0,,99991231
20,Z33000000000000001000055264300000,O,17,52,0,10,1,,,,0,,99991231
20,Z33000000000000001000055264400000,O,17,52,0,10,1,,,,0,,99991231
20,Z33000000000000001000055264500000,O,17,52,0,10,1,,,,0,,99991231
20,Z33000000000000001000055264600000,O,17,52,0,10,1,,,,0,,99991231
20,Z33000000000000001000055264700000,O,17,52,0,10,1,,,,0,,99991231
20,Z33000000000000001000055264800000,O,17,52,0,10,1,,,,0,,99991231
20,Z33000000000000001000055264900000,O,17,52,0,10,1,,,,0,,99991231
20,Z33000000000000001000055265000000,O,17,52,0,10,1,,,,0,,99991231
20,Z33000000000000001000055265100000,O,17,52,0,10,1,,,,0,,99991231
20,Z33000000000000001000055265200000,O,17,52,0,10,1,,,,0,,99991231
20,Z33000000000000001000055265300000,O,17,52,0,10,1,,,,0,,99991231
20,Z33000000000000001000055265400000,O,17,52,0,10,1,,,,0,,99991231
20,Z33000000000000001000055265500000,O,17,52,0,10,1,,,,0,,99991231
20,Z33000000000000001000055265600000,O,17,52,0,10,1,,,,0,,99991231
20,Z33000000000000001000055265700000,O,17,52,0,10,1,,,,0,,99991231
20,Z33000000000000001000055265800000,O,17,52,0,10,1,,,,0,,99991231
20,Z33000000000000001000055265900000,O,17,52,0,10,1,,,,0,,99991231
20,Z33000000000000001000055266000000,O,17,52,0,10,1,,,,0,,99991231
20,Z33000000000000001000055266100000,O,17,52,0,10,1,,,,0,,99991231
20,Z33000000000000001000055266200000,O,17,52,0,10,1,,,,0,,99991231
20,Z33000000000000001000055266300000,O,17,52,0,10,1,,,,0,,99991231
20,Z33000000000000001000055266400000,O,17,52,0,10,1,,,,0,,99991231
20,Z40000000000000001000055266500000,O,17,52,0,10,1,,,,0,,99991231
20,Z40000000000000001000055266600000,O,17,52,0,10,1,,,,0,,99991231
20,Z40000000000000001000055266700000,O,17,52,0,10,1,,,,0,,99991231
20,Z40000000000000001000055266800000,O,17,52,0,10,1,,,,0,,99991231
20,Z40000000000000001000055266900000,O,17,52,0,10,1,,,,0,,99991231
20,Z40000000000000001000055267000000,O,17,52,0,10,1,,,,0,,99991231
20,Z40000000000000001000055267100000,O,17,52,0,10,1,,,,0,,99991231
20,Z40000000000000001000055267200000,O,17,52,0,10,1,,,,0,,99991231
20,Z40000000000000001000055267300000,O,17,52,0,10,1,,,,0,,99991231
20,Z33000000000000001000055267400000,O,17,52,0,10,1,,,,0,,99991231
20,Z33000000000000001000055267500000,O,17,52,0,10,1,,,,0,,99991231
20,Z33000000000000001000055267600000,O,17,52,0,10,1,,,,0,,99991231
20,Z33000000000000001000055267700000,O,17,52,0,10,1,,,,0,,99991231
20,Z33000000000000001000055267800000,O,17,52,0,10,1,,,,0,,99991231
20,Z33000000000000001000055267900000,O,17,52,0,10,1,,,,0,,99991231
20,Z33000000000000001000055268000000,O,17,52,0,10,1,,,,0,,99991231
20,Z33000000000000001000055268100000,O,17,52,0,10,1,,,,0,,99991231
20,Z33000000000000001000055268200000,O,17,52,0,10,1,,,,0,,99991231
20,Z33000000000000001000055268300000,O,17,52,0,10,1,,,,0,,99991231
20,Z33000000000000001000055268400000,O,17,52,0,10,1,,,,0,,99991231
20,Z33000000000000001000055268500000,O,17,52,0,10,1,,,,0,,99991231
20,Z33000000000000001000055268600000,O,17,52,0,10,1,,,,0,,99991231
20,Z33000000000000001000055268700000,O,17,52,0,10,1,,,,0,,99991231
20,Z33000000000000001000055268800000,O,17,52,0,10,1,,,,0,,99991231
20,Z33000000000000001000055268900000,O,17,52,0,10,1,,,,0,,99991231
20,Z33000000000000001000055269000000,O,17,52,0,10,1,,,,0,,99991231
20,Z33000000000000001000055269100000,O,17,52,0,10,1,,,,0,,99991231
20,Z33000000000000001000055269200000,O,17,52,0,10,1,,,,0,,99991231
20,Z33000000000000001000055269300000,O,17,52,0,10,1,,,,0,,99991231
20,Z33000000000000001000055269400000,O,17,52,0,10,1,,,,0,,99991231
20,Z33000000000000001000055269500000,O,17,52,0,10,1,,,,0,,99991231
20,Z33000000000000001000055269600000,O,17,52,0,10,1,,,,0,,99991231
20,Z33000000000000001000055269700000,O,17,52,0,10,1,,,,0,,99991231
20,Z33000000000000001000055269900000,O,17,52,0,10,1,,,,0,,99991231
20,Z33000000000000001000055270000000,O,17,52,0,10,1,,,,0,,99991231
20,Z33000000000000001000055270100000,O,17,52,0,10,1,,,,0,,99991231
20,Z33000000000000001000055270200000,O,17,52,0,10,1,,,,0,,99991231
20,Z33000000000000001000055270300000,O,17,52,0,10,1,,,,0,,99991231
20,Z33000000000000001000055508900000,O,17,52,0,10,1,,,,0,,99991231
20,Z33000000000000001000055509000000,O,17,52,0,10,1,,,,0,,99991231
20,Z33000000000000001000055509100000,O,17,52,0,10,1,,,,0,,99991231
20,Z33000000000000001000055509200000,O,17,52,0,10,1,,,,0,,99991231
20,Z33000000000000001000055509300000,O,17,52,0,10,1,,,,0,,99991231
20,Z33000000000000001000055509400000,O,17,52,0,10,1,,,,0,,99991231
20,Z33000000000000001000055509500000,O,17,52,0,10,1,,,,0,,99991231
20,Z33000000000000001000055509600000,O,17,52,0,10,1,,,,0,,99991231
20,Z33000000000000001000055509700000,O,17,52,0,10,1,,,,0,,99991231
20,Z33000000000000001000055509800000,O,17,52,0,10,1,,,,0,,99991231
20,Z33000000000000001000055509900000,O,17,52,0,10,1,,,,0,,99991231
20,Z33000000000000001000055510000000,O,17,52,0,10,1,,,,0,,99991231
20,Z33000000000000001000055510100000,O,17,52,0,10,1,,,,0,,99991231
20,Z33000000000000001000055510200000,O,17,52,0,10,1,,,,0,,99991231
20,Z33000000000000001000055510300000,O,17,52,0,10,1,,,,0,,99991231
20,Z33000000000000001000055510400000,O,17,52,0,10,1,,,,0,,99991231
20,Z33000000000000001000055510500000,O,17,52,0,10,1,,,,0,,99991231
20,Z33000000000000001000055510600000,O,17,52,0,10,1,,,,0,,99991231
20,Z33000000000000001000055510700000,O,17,52,0,10,1,,,,0,,99991231
20,Z33000000000000001000055510800000,O,17,52,0,10,1,,,,0,,99991231
20,Z33000000000000001000055510900000,O,17,52,0,10,1,,,,0,,99991231
20,Z33000000000000001000055511000000,O,17,52,0,10,1,,,,0,,99991231
20,Z33000000000000001000055511100000,O,17,52,0,10,1,,,,0,,99991231
20,Z40000000000000001000055514700000,O,17,52,0,10,1,,,,0,,99991231
20,Z40000000000000001000055514800000,O,17,52,0,10,1,,,,0,,99991231
20,Z40000000000000001000055514900000,O,17,52,0,10,1,,,,0,,99991231
20,Z40000000000000001000055515000000,O,17,52,0,10,1,,,,0,,99991231
20,Z33000000000000001000055526400000,O,17,52,0,10,1,,,,0,,99991231
20,Z33000000000000001000055526500000,O,17,52,0,10,1,,,,0,,99991231
20,Z33000000000000001000055526600000,O,17,52,0,10,1,,,,0,,99991231
20,Z33000000000000001000055526700000,O,17,52,0,10,1,,,,0,,99991231
20,Z33000000000000001000055526800000,O,17,52,0,10,1,,,,0,,99991231
20,Z33000000000000001000055526900000,O,17,52,0,10,1,,,,0,,99991231
20,Z33000000000000001000055527000000,O,17,52,0,10,1,,,,0,,99991231
20,Z33000000000000001000055527100000,O,17,52,0,10,1,,,,0,,99991231
20,Z33000000000000001000055527200000,O,17,52,0,10,1,,,,0,,99991231
20,Z33000000000000001000055527300000,O,17,52,0,10,1,,,,0,,99991231
20,Z33000000000000001000055527400000,O,17,52,0,10,1,,,,0,,99991231
20,Z33000000000000001000055527800000,O,17,52,0,10,1,,,,0,,99991231
20,Z33000000000000001000055527900000,O,17,52,0,10,1,,,,0,,99991231
20,Z33000000000000001000055528000000,O,17,52,0,10,1,,,,0,,99991231
20,Z33000000000000001000055528600000,O,17,52,0,10,1,,,,0,,99991231
20,Z33000000000000001000055528700000,O,17,52,0,10,1,,,,0,,99991231
20,Z33000000000000001000055528800000,O,17,52,0,10,1,,,,0,,99991231
20,Z38000000000000001000055530200000,O,17,52,0,10,1,,,,0,,99991231
20,Z38000000000000001000055530400000,O,17,52,0,10,1,,,,0,,99991231
20,Z38000000000000001000055530500000,O,17,52,0,10,1,,,,0,,99991231
20,Z38000000000000001000055530600000,O,17,52,0,10,1,,,,0,,99991231
20,Z38000000000000001000055530700000,O,17,52,0,10,1,,,,0,,99991231
20,Z38000000000000001000055530800000,O,17,52,0,10,1,,,,0,,99991231
20,Z38000000000000001000055530900000,O,17,52,0,10,1,,,,0,,99991231
20,Z38000000000000001000055531000000,O,17,52,0,10,1,,,,0,,99991231
20,Z38000000000000001000055531100000,O,17,52,0,10,1,,,,0,,99991231
20,Z38000000000000001000055531200000,O,17,52,0,10,1,,,,0,,99991231
20,Z38000000000000001000055531300000,O,17,52,0,10,1,,,,0,,99991231
20,Z38000000000000001000055531400000,O,17,52,0,10,1,,,,0,,99991231
20,Z38000000000000001000055531500000,O,17,52,0,10,1,,,,0,,99991231
20,Z38000000000000001000055531600000,O,17,52,0,10,1,,,,0,,99991231
20,Z38000000000000001000055531700000,O,17,52,0,10,1,,,,0,,99991231
20,Z38000000000000001000055531800000,O,17,52,0,10,1,,,,0,,99991231
20,Z38000000000000001000055531900000,O,17,52,0,10,1,,,,0,,99991231
20,Z38000000000000001000055532000000,O,17,52,0,10,1,,,,0,,99991231
20,Z38000000000000001000055532100000,O,17,52,0,10,1,,,,0,,99991231
20,Z38000000000000001000055532200000,O,17,52,0,10,1,,,,0,,99991231
20,Z38000000000000001000055532300000,O,17,52,0,10,1,,,,0,,99991231
20,Z38000000000000001000055532400000,O,17,52,0,10,1,,,,0,,99991231
20,Z38000000000000001000055532500000,O,17,52,0,10,1,,,,0,,99991231
20,Z38000000000000001000055532600000,O,17,52,0,10,1,,,,0,,99991231
20,Z38000000000000001000055532800000,O,17,52,0,10,1,,,,0,,99991231
20,Z38000000000000001000055532900000,O,17,52,0,10,1,,,,0,,99991231
20,Z38000000000000001000055533000000,O,17,52,0,10,1,,,,0,,99991231
20,Z33000000000000001000055536500000,O,17,52,0,10,1,,,,0,,99991231
20,Z33000000000000001000055536600000,O,17,52,0,10,1,,,,0,,99991231
20,Z33000000000000001000055536700000,O,17,52,0,10,1,,,,0,,99991231
20,Z33000000000000001000055536800000,O,17,52,0,10,1,,,,0,,99991231
20,Z33000000000000001000055536900000,O,17,52,0,10,1,,,,0,,99991231
20,Z33000000000000001000055537300000,O,17,52,0,10,1,,,,0,,99991231
20,Z33000000000000001000055537400000,O,17,52,0,10,1,,,,0,,99991231
20,Z33000000000000001000055537500000,O,17,52,0,10,1,,,,0,,99991231
20,Z33000000000000001000055537600000,O,17,52,0,10,1,,,,0,,99991231
20,Z33000000000000001000055537700000,O,17,52,0,10,1,,,,0,,99991231
20,Z33000000000000001000055538400000,O,17,52,0,10,1,,,,0,,99991231
20,Z33000000000000001000055538500000,O,17,52,0,10,1,,,,0,,99991231
20,Z33000000000000001000055538600000,O,17,52,0,10,1,,,,0,,99991231
20,Z33000000000000001000055538700000,O,17,52,0,10,1,,,,0,,99991231
20,Z33000000000000001000055538800000,O,17,52,0,10,1,,,,0,,99991231
20,Z33000000000000001000055538900000,O,17,52,0,10,1,,,,0,,99991231
20,Z40000000000000001000055555100000,O,17,52,0,10,1,,,,0,,99991231
20,Z40000000000000001000055555200000,O,17,52,0,10,1,,,,0,,99991231
20,Z40000000000000001000055555300000,O,17,52,0,10,1,,,,0,,99991231
20,Z40000000000000001000055555400000,O,17,52,0,10,1,,,,0,,99991231
20,Z40000000000000001000055555500000,O,17,52,0,10,1,,,,0,,99991231
20,Z40000000000000001000055555600000,O,17,52,0,10,1,,,,0,,99991231
20,Z40000000000000001000055555700000,O,17,52,0,10,1,,,,0,,99991231
20,Z40000000000000001000055555800000,O,17,52,0,10,1,,,,0,,99991231
20,Z40000000000000001000055562800000,O,17,52,0,10,1,,,,0,,99991231
20,Z40000000000000001000055562900000,O,17,52,0,10,1,,,,0,,99991231
20,Z40000000000000001000055564200000,O,17,52,0,10,1,,,,0,,99991231
20,Z40000000000000001000055564300000,O,17,52,0,10,1,,,,0,,99991231
20,Z40000000000000001000055564400000,O,17,52,0,10,1,,,,0,,99991231
20,Z40000000000000001000055564500000,O,17,52,0,10,1,,,,0,,99991231
20,Z40000000000000001000055565100000,O,17,52,0,10,1,,,,0,,99991231
20,Z40000000000000001000055565200000,O,17,52,0,10,1,,,,0,,99991231
20,Z40000000000000001000055565300000,O,17,52,0,10,1,,,,0,,99991231
20,Z40000000000000001000055565400000,O,17,52,0,10,1,,,,0,,99991231
20,Z40000000000000001000055565500000,O,17,52,0,10,1,,,,0,,99991231
20,Z40000000000000001000055565600000,O,17,52,0,10,1,,,,0,,99991231
20,Z33000000000000001000055570500000,O,17,52,0,10,1,,,,0,,99991231
20,Z33000000000000001000055570600000,O,17,52,0,10,1,,,,0,,99991231
20,Z33000000000000001000055573500000,O,17,52,0,10,1,,,,0,,99991231
20,Z33000000000000001000055573600000,O,17,52,0,10,1,,,,0,,99991231
20,Z33000000000000001000055579400000,O,17,52,0,10,1,,,,0,,99991231
20,Z33000000000000001000055579500000,O,17,52,0,10,1,,,,0,,99991231
20,Z33000000000000001000055580000000,O,17,52,0,10,1,,,,0,,99991231
20,Z33000000000000001000055580100000,O,17,52,0,10,1,,,,0,,99991231
20,Z33000000000000001000055580200000,O,17,52,0,10,1,,,,0,,99991231
20,Z33000000000000001000055580600000,O,17,52,0,10,1,,,,0,,99991231
20,Z33000000000000001000055580700000,O,17,52,0,10,1,,,,0,,99991231
20,Z33000000000000001000055581000000,O,17,52,0,10,1,,,,0,,99991231
20,Z33000000000000001000055581100000,O,17,52,0,10,1,,,,0,,99991231
20,Z40000000000000001000055581400000,O,17,52,0,10,1,,,,0,,99991231
20,Z40000000000000001000055581500000,O,17,52,0,10,1,,,,0,,99991231
20,Z40000000000000001000055581600000,O,17,52,0,10,1,,,,0,,99991231
20,Z40000000000000001000055581700000,O,17,52,0,10,1,,,,0,,99991231
20,Z40000000000000001000055581800000,O,17,52,0,10,1,,,,0,,99991231
20,Z33000000000000001000055582500000,O,17,52,0,10,1,,,,0,,99991231
20,Z33000000000000001000055582600000,O,17,52,0,10,1,,,,0,,99991231
20,Z33000000000000001000055583200000,O,17,52,0,10,1,,,,0,,99991231
20,Z33000000000000001000055583300000,O,17,52,0,10,1,,,,0,,99991231
20,Z40000000000000001000055584100000,O,17,52,0,10,1,,,,0,,99991231
20,Z40000000000000001000055584200000,O,17,52,0,10,1,,,,0,,99991231
20,Z33000000000000001000055584700000,O,17,52,0,10,1,,,,0,,99991231
20,Z38000000000000001000055801100000,O,17,52,0,10,1,,,,0,,99991231
20,Z38000000000000001000055801200000,O,17,52,0,10,1,,,,0,,99991231
20,Z38000000000000001000055801300000,O,17,52,0,10,1,,,,0,,99991231
20,Z38000000000000001000055801400000,O,17,52,0,10,1,,,,0,,99991231
20,Z38000000000000001000055801500000,O,17,52,0,10,1,,,,0,,99991231
20,Z38000000000000001000055801600000,O,17,52,0,10,1,,,,0,,99991231
20,Z38000000000000001000055801700000,O,17,52,0,10,1,,,,0,,99991231
20,Z38000000000000001000055801800000,O,17,52,0,10,1,,,,0,,99991231
20,Z38000000000000001000055801900000,O,17,52,0,10,1,,,,0,,99991231
20,Z38000000000000001000055802000000,O,17,52,0,10,1,,,,0,,99991231
20,Z38000000000000001000055802100000,O,17,52,0,10,1,,,,0,,99991231
20,Z38000000000000001000055802200000,O,17,52,0,10,1,,,,0,,99991231
20,Z38000000000000001000055802300000,O,17,52,0,10,1,,,,0,,99991231
20,Z38000000000000001000055802400000,O,17,52,0,10,1,,,,0,,99991231
20,Z38000000000000001000055802500000,O,17,52,0,10,1,,,,0,,99991231
20,Z38000000000000001000055802600000,O,17,52,0,10,1,,,,0,,99991231
20,Z38000000000000001000055802700000,O,17,52,0,10,1,,,,0,,99991231
20,Z38000000000000001000055802800000,O,17,52,0,10,1,,,,0,,99991231
20,Z38000000000000001000055802900000,O,17,52,0,10,1,,,,0,,99991231
20,Z38000000000000001000055803000000,O,17,52,0,10,1,,,,0,,99991231
20,Z38000000000000001000055803100000,O,17,52,0,10,1,,,,0,,99991231
20,Z38000000000000001000055803200000,O,17,52,0,10,1,,,,0,,99991231
20,Z38000000000000001000055803300000,O,17,52,0,10,1,,,,0,,99991231
20,Z38000000000000001000055803400000,O,17,52,0,10,1,,,,0,,99991231
20,Z38000000000000001000055803500000,O,17,52,0,10,1,,,,0,,99991231
20,Z38000000000000001000055803600000,O,17,52,0,10,1,,,,0,,99991231
20,Z38000000000000001000055803800000,O,17,52,0,10,1,,,,0,,99991231
20,Z38000000000000001000055803900000,O,17,52,0,10,1,,,,0,,99991231
20,Z38000000000000001000055804000000,O,17,52,0,10,1,,,,0,,99991231
20,Z38000000000000001000055804100000,O,17,52,0,10,1,,,,0,,99991231
20,Z38000000000000001000055804200000,O,17,52,0,10,1,,,,0,,99991231
20,Z38000000000000001000055804300000,O,17,52,0,10,1,,,,0,,99991231
20,Z38000000000000001000055804400000,O,17,52,0,10,1,,,,0,,99991231
20,Z38000000000000001000055804500000,O,17,52,0,10,1,,,,0,,99991231
20,Z38000000000000001000055804600000,O,17,52,0,10,1,,,,0,,99991231
20,Z38000000000000001000055804700000,O,17,52,0,10,1,,,,0,,99991231
20,Z38000000000000001000055804800000,O,17,52,0,10,1,,,,0,,99991231
20,Z38000000000000001000055805000000,O,17,52,0,10,1,,,,0,,99991231
20,Z38000000000000001000055805100000,O,17,52,0,10,1,,,,0,,99991231
20,Z38000000000000001000055805200000,O,17,52,0,10,1,,,,0,,99991231
20,Z38000000000000001000055805300000,O,17,52,0,10,1,,,,0,,99991231
20,Z38000000000000001000055805400000,O,17,52,0,10,1,,,,0,,99991231
20,Z38000000000000001000055805500000,O,17,52,0,10,1,,,,0,,99991231
20,Z38000000000000001000055805600000,O,17,52,0,10,1,,,,0,,99991231
20,Z38000000000000001000055805700000,O,17,52,0,10,1,,,,0,,99991231
20,Z38000000000000001000055805800000,O,17,52,0,10,1,,,,0,,99991231
20,Z38000000000000001000055805900000,O,17,52,0,10,1,,,,0,,99991231
20,Z38000000000000001000055806000000,O,17,52,0,10,1,,,,0,,99991231
20,Z38000000000000001000055806200000,O,17,52,0,10,1,,,,0,,99991231
20,Z38000000000000001000055806400000,O,17,52,0,10,1,,,,0,,99991231
20,Z38000000000000001000055806500000,O,17,52,0,10,1,,,,0,,99991231
20,Z38000000000000001000055806600000,O,17,52,0,10,1,,,,0,,99991231
20,Z38000000000000001000055806700000,O,17,52,0,10,1,,,,0,,99991231
20,Z38000000000000001000055806800000,O,17,52,0,10,1,,,,0,,99991231
20,Z38000000000000001000055806900000,O,17,52,0,10,1,,,,0,,99991231
20,Z38000000000000001000055807000000,O,17,52,0,10,1,,,,0,,99991231
20,Z38000000000000001000055807100000,O,17,52,0,10,1,,,,0,,99991231
20,Z38000000000000001000055807200000,O,17,52,0,10,1,,,,0,,99991231
20,Z38000000000000001000055807300000,O,17,52,0,10,1,,,,0,,99991231
20,Z38000000000000001000055807400000,O,17,52,0,10,1,,,,0,,99991231
20,Z38000000000000001000055807500000,O,17,52,0,10,1,,,,0,,99991231
20,Z38000000000000001000055807600000,O,17,52,0,10,1,,,,0,,99991231
20,Z38000000000000001000055807700000,O,17,52,0,10,1,,,,0,,99991231
20,Z38000000000000001000055807800000,O,17,52,0,10,1,,,,0,,99991231
20,Z38000000000000001000055807900000,O,17,52,0,10,1,,,,0,,99991231
20,Z38000000000000001000055808000000,O,17,52,0,10,1,,,,0,,99991231
20,Z38000000000000001000055808100000,O,17,52,0,10,1,,,,0,,99991231
20,Z38000000000000001000055808200000,O,17,52,0,10,1,,,,0,,99991231
20,Z38000000000000001000055808300000,O,17,52,0,10,1,,,,0,,99991231
20,Z38000000000000001000055808400000,O,17,52,0,10,1,,,,0,,99991231
20,Z38000000000000001000055808500000,O,17,52,0,10,1,,,,0,,99991231
20,Z38000000000000001000055808600000,O,17,52,0,10,1,,,,0,,99991231
20,Z38000000000000001000055808700000,O,17,52,0,10,1,,,,0,,99991231
20,Z38000000000000001000055808800000,O,17,52,0,10,1,,,,0,,99991231
20,Z38000000000000001000055808900000,O,17,52,0,10,1,,,,0,,99991231
20,Z38000000000000001000055809000000,O,17,52,0,10,1,,,,0,,99991231
20,Z38000000000000001000055809100000,O,17,52,0,10,1,,,,0,,99991231
20,Z38000000000000001000055809200000,O,17,52,0,10,1,,,,0,,99991231
20,Z38000000000000001000055809300000,O,17,52,0,10,1,,,,0,,99991231
20,Z38000000000000001000055809400000,O,17,52,0,10,1,,,,0,,99991231
20,Z38000000000000001000055809500000,O,17,52,0,10,1,,,,0,,99991231
20,Z38000000000000001000055809700000,O,17,52,0,10,1,,,,0,,99991231
20,Z38000000000000001000055809800000,O,17,52,0,10,1,,,,0,,99991231
20,Z38000000000000001000055809900000,O,17,52,0,10,1,,,,0,,99991231
20,Z38000000000000001000055810000000,O,17,52,0,10,1,,,,0,,99991231
20,Z38000000000000001000055810100000,O,17,52,0,10,1,,,,0,,99991231
20,Z38000000000000001000055810200000,O,17,52,0,10,1,,,,0,,99991231
20,Z38000000000000001000055810300000,O,17,52,0,10,1,,,,0,,99991231
20,Z38000000000000001000055810400000,O,17,52,0,10,1,,,,0,,99991231
20,Z38000000000000001000055810500000,O,17,52,0,10,1,,,,0,,99991231
20,Z38000000000000001000055810600000,O,17,52,0,10,1,,,,0,,99991231
20,Z38000000000000001000055810700000,O,17,52,0,10,1,,,,0,,99991231
20,Z38000000000000001000055810800000,O,17,52,0,10,1,,,,0,,99991231
20,Z38000000000000001000055810900000,O,17,52,0,10,1,,,,0,,99991231
20,Z38000000000000001000055811000000,O,17,52,0,10,1,,,,0,,99991231
20,Z38000000000000001000055811100000,O,17,52,0,10,1,,,,0,,99991231
20,Z38000000000000001000055811300000,O,17,52,0,10,1,,,,0,,99991231
20,Z38000000000000001000055811400000,O,17,52,0,10,1,,,,0,,99991231
20,Z38000000000000001000055811500000,O,17,52,0,10,1,,,,0,,99991231
20,Z38000000000000001000055811600000,O,17,52,0,10,1,,,,0,,99991231
20,Z38000000000000001000055811700000,O,17,52,0,10,1,,,,0,,99991231
20,Z38000000000000001000055811800000,O,17,52,0,10,1,,,,0,,99991231
20,Z38000000000000001000055811900000,O,17,52,0,10,1,,,,0,,99991231
20,Z38000000000000001000055812000000,O,17,52,0,10,1,,,,0,,99991231
20,Z38000000000000001000055812100000,O,17,52,0,10,1,,,,0,,99991231
20,Z38000000000000001000055812200000,O,17,52,0,10,1,,,,0,,99991231
20,Z38000000000000001000055812300000,O,17,52,0,10,1,,,,0,,99991231
20,Z33000000000000001000055813300000,O,17,52,0,10,1,,,,0,,99991231
20,Z33000000000000001000055813400000,O,17,52,0,10,1,,,,0,,99991231
20,Z33000000000000001000055813500000,O,17,52,0,10,1,,,,0,,99991231
20,Z33000000000000001000055813600000,O,17,52,0,10,1,,,,0,,99991231
20,Z33000000000000001000055813700000,O,17,52,0,10,1,,,,0,,99991231
20,Z33000000000000001000055813800000,O,17,52,0,10,1,,,,0,,99991231
20,Z33000000000000001000055813900000,O,17,52,0,10,1,,,,0,,99991231
20,Z33000000000000001000055814000000,O,17,52,0,10,1,,,,0,,99991231
20,Z38000000000000001000055814400000,O,17,52,0,10,1,,,,0,,99991231
20,Z38000000000000001000055814500000,O,17,52,0,10,1,,,,0,,99991231
20,Z38000000000000001000055814600000,O,17,52,0,10,1,,,,0,,99991231
20,Z38000000000000001000055814700000,O,17,52,0,10,1,,,,0,,99991231
20,Z38000000000000001000055814800000,O,17,52,0,10,1,,,,0,,99991231
20,Z38000000000000001000055814900000,O,17,52,0,10,1,,,,0,,99991231
20,Z38000000000000001000055815000000,O,17,52,0,10,1,,,,0,,99991231
20,Z38000000000000001000055815100000,O,17,52,0,10,1,,,,0,,99991231
20,Z38000000000000001000055815200000,O,17,52,0,10,1,,,,0,,99991231
20,Z38000000000000001000055815300000,O,17,52,0,10,1,,,,0,,99991231
20,Z38000000000000001000055815400000,O,17,52,0,10,1,,,,0,,99991231
20,Z38000000000000001000055815500000,O,17,52,0,10,1,,,,0,,99991231
20,Z38000000000000001000055815600000,O,17,52,0,10,1,,,,0,,99991231
20,Z38000000000000001000055815700000,O,17,52,0,10,1,,,,0,,99991231
20,Z38000000000000001000055815800000,O,17,52,0,10,1,,,,0,,99991231
20,Z38000000000000001000055815900000,O,17,52,0,10,1,,,,0,,99991231
20,Z38000000000000001000055816000000,O,17,52,0,10,1,,,,0,,99991231
20,Z40000000000000001000056257200000,O,17,52,0,10,1,,,,0,,99991231
20,Z40000000000000001000056257300000,O,17,52,0,10,1,,,,0,,99991231
20,Z40000000000000001000056257400000,O,17,52,0,10,1,,,,0,,99991231
20,Z40000000000000001000056257500000,O,17,52,0,10,1,,,,0,,99991231
20,Z40000000000000001000056264800000,O,17,52,0,10,1,,,,0,,99991231
20,Z40000000000000001000056273400000,O,17,52,0,10,1,,,,0,,99991231
20,Z40000000000000001000056273500000,O,17,52,0,10,1,,,,0,,99991231
20,Z40000000000000001000056273300000,O,17,52,0,10,1,,,,0,,99991231
20,Z40000000000000001000056273600000,O,17,52,0,10,1,,,,0,,99991231
20,Z40000000000000001000056273700000,O,17,52,0,10,1,,,,0,,99991231
20,Z40000000000000001000056273800000,O,17,52,0,10,1,,,,0,,99991231
20,Z40000000000000001000056273900000,O,17,52,0,10,1,,,,0,,99991231
20,Z40000000000000001000056274000000,O,17,52,0,10,1,,,,0,,99991231
20,Z29000000000000001000005504507000,O,17,52,0,10,1,,,,0,,99991231
20,Z29000000000000001000025735701000,O,17,52,0,10,1,,,,0,,99991231
20,Z29000000000000001000005504606000,O,17,52,0,10,1,,,,0,,99991231
20,Z40000000000000001000056276000000,O,17,52,0,10,1,,,,0,,99991231
20,Z40000000000000001000056276100000,O,17,52,0,10,1,,,,0,,99991231
20,Z40000000000000001000056276200000,O,17,52,0,10,1,,,,0,,99991231
20,Z40000000000000001000056276300000,O,17,52,0,10,1,,,,0,,99991231
20,Z40000000000000001000056276400000,O,17,52,0,10,1,,,,0,,99991231
20,Z40000000000000001000056276500000,O,17,52,0,10,1,,,,0,,99991231
20,Z40000000000000001000056276600000,O,17,52,0,10,1,,,,0,,99991231
20,Z40000000000000001000056276800000,O,17,52,0,10,1,,,,0,,99991231
20,Z40000000000000001000056277800000,O,17,52,0,10,1,,,,0,,99991231
20,Z40000000000000001000056277900000,O,17,52,0,10,1,,,,0,,99991231
20,Z40000000000000001000056278000000,O,17,52,0,10,1,,,,0,,99991231
20,Z40000000000000001000056278100000,O,17,52,0,10,1,,,,0,,99991231
20,Z40000000000000001000056278200000,O,17,52,0,10,1,,,,0,,99991231
20,Z40000000000000001000056278300000,O,17,52,0,10,1,,,,0,,99991231
20,Z40000000000000001000056279300000,O,17,52,0,10,1,,,,0,,99991231
20,Z40000000000000001000056279400000,O,17,52,0,10,1,,,,0,,99991231
20,Z40000000000000001000056279500000,O,17,52,0,10,1,,,,0,,99991231
20,Z40000000000000001000056279600000,O,17,52,0,10,1,,,,0,,99991231
20,Z40000000000000001000056285400000,O,17,52,0,10,1,,,,0,,99991231
20,Z40000000000000001000056285500000,O,17,52,0,10,1,,,,0,,99991231
20,Z40000000000000001000056285600000,O,17,52,0,10,1,,,,0,,99991231
20,Z40000000000000001000056289800000,O,17,52,0,10,1,,,,0,,99991231
20,Z40000000000000001000056289900000,O,17,52,0,10,1,,,,0,,99991231
20,Z40000000000000001000056290000000,O,17,52,0,10,1,,,,0,,99991231
20,Z40000000000000001000056290100000,O,17,52,0,10,1,,,,0,,99991231
20,Z40000000000000001000056291200000,O,17,52,0,10,1,,,,0,,99991231
20,Z40000000000000001000056291300000,O,17,52,0,10,1,,,,0,,99991231
20,Z40000000000000001000056291400000,O,17,52,0,10,1,,,,0,,99991231
20,Z40000000000000001000056291500000,O,17,52,0,10,1,,,,0,,99991231
20,Z40000000000000001000056291600000,O,17,52,0,10,1,,,,0,,99991231
20,Z40000000000000001000056291700000,O,17,52,0,10,1,,,,0,,99991231
20,Z40000000000000001000056291800000,O,17,52,0,10,1,,,,0,,99991231
20,Z40000000000000001000056294700000,O,17,52,0,10,1,,,,0,,99991231
20,Z40000000000000001000056294800000,O,17,52,0,10,1,,,,0,,99991231
20,Z40000000000000001000056294900000,O,17,52,0,10,1,,,,0,,99991231
20,Z40000000000000001000056314400000,O,17,52,0,10,1,,,,0,,99991231
20,Z40000000000000001000056314500000,O,17,52,0,10,1,,,,0,,99991231
20,Z40000000000000001000056314600000,O,17,52,0,10,1,,,,0,,99991231
20,Z40000000000000001000056314700000,O,17,52,0,10,1,,,,0,,99991231
20,Z40000000000000001000056316200000,O,17,52,0,10,1,,,,0,,99991231
20,Z40000000000000001000056316300000,O,17,52,0,10,1,,,,0,,99991231
20,Z40000000000000001000056316400000,O,17,52,0,10,1,,,,0,,99991231
20,Z40000000000000001000056316500000,O,17,52,0,10,1,,,,0,,99991231
20,Z40000000000000001000056316600000,O,17,52,0,10,1,,,,0,,99991231
20,Z40000000000000001000056317400000,O,17,52,0,10,1,,,,0,,99991231
20,Z40000000000000001000056317500000,O,17,52,0,10,1,,,,0,,99991231
20,Z40000000000000001000056317600000,O,17,52,0,10,1,,,,0,,99991231
20,Z40000000000000001000056317700000,O,17,52,0,10,1,,,,0,,99991231
20,Z40000000000000001000056317900000,O,17,52,0,10,1,,,,0,,99991231
20,Z40000000000000001000056318000000,O,17,52,0,10,1,,,,0,,99991231
20,Z40000000000000001000056318100000,O,17,52,0,10,1,,,,0,,99991231
20,Z40000000000000001000056318200000,O,17,52,0,10,1,,,,0,,99991231
20,Z40000000000000001000056318300000,O,17,52,0,10,1,,,,0,,99991231
20,Z40000000000000001000056318400000,O,17,52,0,10,1,,,,0,,99991231
20,Z40000000000000001000056318500000,O,17,52,0,10,1,,,,0,,99991231
20,Z40000000000000001000056320300000,O,17,52,0,10,1,,,,0,,99991231
20,Z40000000000000001000056320400000,O,17,52,0,10,1,,,,0,,99991231
20,Z40000000000000001000056320500000,O,17,52,0,10,1,,,,0,,99991231
20,Z40000000000000001000056320600000,O,17,52,0,10,1,,,,0,,99991231
20,Z40000000000000001000056320700000,O,17,52,0,10,1,,,,0,,99991231
20,Z40000000000000001000056320800000,O,17,52,0,10,1,,,,0,,99991231
20,Z40000000000000001000056321300000,O,17,52,0,10,1,,,,0,,99991231
20,Z40000000000000001000056321400000,O,17,52,0,10,1,,,,0,,99991231
20,Z40000000000000001000056321500000,O,17,52,0,10,1,,,,0,,99991231
20,Z40000000000000001000056321600000,O,17,52,0,10,1,,,,0,,99991231
20,Z40000000000000001000056323400000,O,17,52,0,10,1,,,,0,,99991231
20,Z40000000000000001000056323500000,O,17,52,0,10,1,,,,0,,99991231
20,Z40000000000000001000056323600000,O,17,52,0,10,1,,,,0,,99991231
20,Z40000000000000001000056323700000,O,17,52,0,10,1,,,,0,,99991231
20,Z40000000000000001000056323800000,O,17,52,0,10,1,,,,0,,99991231
20,Z40000000000000001000056323900000,O,17,52,0,10,1,,,,0,,99991231
20,Z40000000000000001000056324000000,O,17,52,0,10,1,,,,0,,99991231
20,Z40000000000000001000056324100000,O,17,52,0,10,1,,,,0,,99991231
20,Z33000000000000001000056324400000,O,17,52,0,10,1,,,,0,,99991231
20,Z33000000000000001000056324500000,O,17,52,0,10,1,,,,0,,99991231
20,Z33000000000000001000056324600000,O,17,52,0,10,1,,,,0,,99991231
20,Z40000000000000001000056326900000,O,17,52,0,10,1,,,,0,,99991231
20,Z40000000000000001000056327100000,O,17,52,0,10,1,,,,0,,99991231
20,Z40000000000000001000056327200000,O,17,52,0,10,1,,,,0,,99991231
20,Z40000000000000001000056327300000,O,17,52,0,10,1,,,,0,,99991231
20,Z33000000000000001000056327700000,O,17,52,0,10,1,,,,0,,99991231
20,Z33000000000000001000056327800000,O,17,52,0,10,1,,,,0,,99991231
20,Z33000000000000001000056327900000,O,17,52,0,10,1,,,,0,,99991231
20,Z33000000000000001000056328000000,O,17,52,0,10,1,,,,0,,99991231
20,Z33000000000000001000056328100000,O,17,52,0,10,1,,,,0,,99991231
20,Z33000000000000001000056328900000,O,17,52,0,10,1,,,,0,,99991231
20,Z33000000000000001000056329000000,O,17,52,0,10,1,,,,0,,99991231
20,Z40000000000000001000056329700000,O,17,52,0,10,1,,,,0,,99991231
20,Z40000000000000001000056329800000,O,17,52,0,10,1,,,,0,,99991231
20,Z40000000000000001000056329900000,O,17,52,0,10,1,,,,0,,99991231
20,Z33000000000000001000056330900000,O,17,52,0,10,1,,,,0,,99991231
20,Z33000000000000001000056331000000,O,17,52,0,10,1,,,,0,,99991231
20,Z33000000000000001000056331100000,O,17,52,0,10,1,,,,0,,99991231
20,Z33000000000000001000056331200000,O,17,52,0,10,1,,,,0,,99991231
20,Z33000000000000001000056331900000,O,17,52,0,10,1,,,,0,,99991231
20,Z33000000000000001000056332000000,O,17,52,0,10,1,,,,0,,99991231
20,Z33000000000000001000056332100000,O,17,52,0,10,1,,,,0,,99991231
20,Z33000000000000001000056332200000,O,17,52,0,10,1,,,,0,,99991231
20,Z33000000000000001000056332300000,O,17,52,0,10,1,,,,0,,99991231
20,Z33000000000000001000056333500000,O,17,52,0,10,1,,,,0,,99991231
20,Z33000000000000001000056333600000,O,17,52,0,10,1,,,,0,,99991231
20,Z33000000000000001000056333700000,O,17,52,0,10,1,,,,0,,99991231
20,Z33000000000000001000056333800000,O,17,52,0,10,1,,,,0,,99991231
20,Z33000000000000001000056333900000,O,17,52,0,10,1,,,,0,,99991231
20,Z33000000000000001000056334000000,O,17,52,0,10,1,,,,0,,99991231
20,Z33000000000000001000056334100000,O,17,52,0,10,1,,,,0,,99991231
20,Z33000000000000001000056334200000,O,17,52,0,10,1,,,,0,,99991231
20,Z33000000000000001000056334300000,O,17,52,0,10,1,,,,0,,99991231
20,Z33000000000000001000056334400000,O,17,52,0,10,1,,,,0,,99991231
20,Z33000000000000001000056334500000,O,17,52,0,10,1,,,,0,,99991231
20,Z33000000000000001000056334600000,O,17,52,0,10,1,,,,0,,99991231
20,Z33000000000000001000056334700000,O,17,52,0,10,1,,,,0,,99991231
20,Z33000000000000001000056334800000,O,17,52,0,10,1,,,,0,,99991231
20,Z33000000000000001000056334900000,O,17,52,0,10,1,,,,0,,99991231
20,Z33000000000000001000056335000000,O,17,52,0,10,1,,,,0,,99991231
20,Z33000000000000001000056335800000,O,17,52,0,10,1,,,,0,,99991231
20,Z33000000000000001000056491500000,O,17,52,0,10,1,,,,0,,99991231
20,Z33000000000000001000056491600000,O,17,52,0,10,1,,,,0,,99991231
20,Z33000000000000001000056491700000,O,17,52,0,10,1,,,,0,,99991231
20,Z33000000000000001000056491800000,O,17,52,0,10,1,,,,0,,99991231
20,Z33000000000000001000056491900000,O,17,52,0,10,1,,,,0,,99991231
20,Z33000000000000001000056492000000,O,17,52,0,10,1,,,,0,,99991231
20,Z33000000000000001000056492100000,O,17,52,0,10,1,,,,0,,99991231
20,Z33000000000000001000056492200000,O,17,52,0,10,1,,,,0,,99991231
20,Z33000000000000001000056492300000,O,17,52,0,10,1,,,,0,,99991231
20,Z33000000000000001000056492400000,O,17,52,0,10,1,,,,0,,99991231
20,Z33000000000000001000056492500000,O,17,52,0,10,1,,,,0,,99991231
20,Z33000000000000001000056492600000,O,17,52,0,10,1,,,,0,,99991231
20,Z33000000000000001000056492700000,O,17,52,0,10,1,,,,0,,99991231
20,Z33000000000000001000056492800000,O,17,52,0,10,1,,,,0,,99991231
20,Z33000000000000001000056492900000,O,17,52,0,10,1,,,,0,,99991231
20,Z33000000000000001000056493000000,O,17,52,0,10,1,,,,0,,99991231
20,Z33000000000000001000056493100000,O,17,52,0,10,1,,,,0,,99991231
20,Z33000000000000001000056493200000,O,17,52,0,10,1,,,,0,,99991231
20,Z33000000000000001000056493300000,O,17,52,0,10,1,,,,0,,99991231
20,Z33000000000000001000056493400000,O,17,52,0,10,1,,,,0,,99991231
20,Z33000000000000001000056493500000,O,17,52,0,10,1,,,,0,,99991231
20,Z33000000000000001000056493600000,O,17,52,0,10,1,,,,0,,99991231
20,Z33000000000000001000056493700000,O,17,52,0,10,1,,,,0,,99991231
20,Z33000000000000001000056493800000,O,17,52,0,10,1,,,,0,,99991231
20,Z33000000000000001000056493900000,O,17,52,0,10,1,,,,0,,99991231
20,Z33000000000000001000056494000000,O,17,52,0,10,1,,,,0,,99991231
20,Z33000000000000001000056494100000,O,17,52,0,10,1,,,,0,,99991231
20,Z33000000000000001000056494200000,O,17,52,0,10,1,,,,0,,99991231
20,Z33000000000000001000056494800000,O,17,52,0,10,1,,,,0,,99991231
20,Z33000000000000001000056494900000,O,17,52,0,10,1,,,,0,,99991231
20,Z33000000000000001000056495000000,O,17,52,0,10,1,,,,0,,99991231
20,Z33000000000000001000056495100000,O,17,52,0,10,1,,,,0,,99991231
20,Z33000000000000001000056495200000,O,17,52,0,10,1,,,,0,,99991231
20,Z33000000000000001000056495300000,O,17,52,0,10,1,,,,0,,99991231
20,Z33000000000000001000056495400000,O,17,52,0,10,1,,,,0,,99991231
20,Z33000000000000001000056495500000,O,17,52,0,10,1,,,,0,,99991231
20,Z33000000000000001000056495600000,O,17,52,0,10,1,,,,0,,99991231
20,Z33000000000000001000056495700000,O,17,52,0,10,1,,,,0,,99991231
20,Z33000000000000001000056495800000,O,17,52,0,10,1,,,,0,,99991231
20,Z33000000000000001000056495900000,O,17,52,0,10,1,,,,0,,99991231
20,Z33000000000000001000056496000000,O,17,52,0,10,1,,,,0,,99991231
20,Z33000000000000001000056496100000,O,17,52,0,10,1,,,,0,,99991231
20,Z40000000000000001000056497500000,O,17,52,0,10,1,,,,0,,99991231
20,Z40000000000000001000056497600000,O,17,52,0,10,1,,,,0,,99991231
20,Z40000000000000001000056497700000,O,17,52,0,10,1,,,,0,,99991231
20,Z33000000000000001000056498200000,O,17,52,0,10,1,,,,0,,99991231
20,Z33000000000000001000056498300000,O,17,52,0,10,1,,,,0,,99991231
20,Z33000000000000001000056498400000,O,17,52,0,10,1,,,,0,,99991231
20,Z33000000000000001000056498500000,O,17,52,0,10,1,,,,0,,99991231
20,Z33000000000000001000056498800000,O,17,52,0,10,1,,,,0,,99991231
20,Z33000000000000001000056498900000,O,17,52,0,10,1,,,,0,,99991231
20,Z33000000000000001000056499000000,O,17,52,0,10,1,,,,0,,99991231
20,Z33000000000000001000056499100000,O,17,52,0,10,1,,,,0,,99991231
20,Z33000000000000001000056499500000,O,17,52,0,10,1,,,,0,,99991231
20,Z33000000000000001000056499600000,O,17,52,0,10,1,,,,0,,99991231
20,Z33000000000000001000056500200000,O,17,52,0,10,1,,,,0,,99991231
20,Z33000000000000001000056500400000,O,17,52,0,10,1,,,,0,,99991231
20,Z33000000000000001000056500500000,O,17,52,0,10,1,,,,0,,99991231
20,Z33000000000000001000056501200000,O,17,52,0,10,1,,,,0,,99991231
20,Z33000000000000001000056501300000,O,17,52,0,10,1,,,,0,,99991231
20,Z33000000000000001000056501400000,O,17,52,0,10,1,,,,0,,99991231
20,Z33000000000000001000056501500000,O,17,52,0,10,1,,,,0,,99991231
20,Z33000000000000001000056501600000,O,17,52,0,10,1,,,,0,,99991231
20,Z33000000000000001000056501700000,O,17,52,0,10,1,,,,0,,99991231
20,Z33000000000000001000056501800000,O,17,52,0,10,1,,,,0,,99991231
20,Z33000000000000001000056501900000,O,17,52,0,10,1,,,,0,,99991231
20,Z33000000000000001000056502000000,O,17,52,0,10,1,,,,0,,99991231
20,Z33000000000000001000056502100000,O,17,52,0,10,1,,,,0,,99991231
20,Z33000000000000001000056502200000,O,17,52,0,10,1,,,,0,,99991231
20,Z33000000000000001000056503400000,O,17,52,0,10,1,,,,0,,99991231
20,Z33000000000000001000056503500000,O,17,52,0,10,1,,,,0,,99991231
20,Z33000000000000001000056503600000,O,17,52,0,10,1,,,,0,,99991231
20,Z33000000000000001000056503700000,O,17,52,0,10,1,,,,0,,99991231
20,Z33000000000000001000056503800000,O,17,52,0,10,1,,,,0,,99991231
20,Z33000000000000001000056503900000,O,17,52,0,10,1,,,,0,,99991231
20,Z33000000000000001000056504300000,O,17,52,0,10,1,,,,0,,99991231
20,Z33000000000000001000056504400000,O,17,52,0,10,1,,,,0,,99991231
20,Z33000000000000001000056504500000,O,17,52,0,10,1,,,,0,,99991231
20,Z33000000000000001000056505300000,O,17,52,0,10,1,,,,0,,99991231
20,Z33000000000000001000056505400000,O,17,52,0,10,1,,,,0,,99991231
20,Z33000000000000001000056505500000,O,17,52,0,10,1,,,,0,,99991231
20,Z33000000000000001000056505600000,O,17,52,0,10,1,,,,0,,99991231
20,Z33000000000000001000056505700000,O,17,52,0,10,1,,,,0,,99991231
20,Z33000000000000001000056505800000,O,17,52,0,10,1,,,,0,,99991231
20,Z33000000000000001000056505900000,O,17,52,0,10,1,,,,0,,99991231
20,Z33000000000000001000056506000000,O,17,52,0,10,1,,,,0,,99991231
20,Z33000000000000001000056506600000,O,17,52,0,10,1,,,,0,,99991231
20,Z33000000000000001000056506700000,O,17,52,0,10,1,,,,0,,99991231
20,Z33000000000000001000056507700000,O,17,52,0,10,1,,,,0,,99991231
20,Z33000000000000001000056507800000,O,17,52,0,10,1,,,,0,,99991231
20,Z33000000000000001000056508800000,O,17,52,0,10,1,,,,0,,99991231
20,Z33000000000000001000056508900000,O,17,52,0,10,1,,,,0,,99991231
20,Z33000000000000001000056509500000,O,17,52,0,10,1,,,,0,,99991231
20,Z33000000000000001000056509600000,O,17,52,0,10,1,,,,0,,99991231
20,Z33000000000000001000056510300000,O,17,52,0,10,1,,,,0,,99991231
20,Z33000000000000001000056510400000,O,17,52,0,10,1,,,,0,,99991231
20,Z33000000000000001000056511500000,O,17,52,0,10,1,,,,0,,99991231
20,Z33000000000000001000056511600000,O,17,52,0,10,1,,,,0,,99991231
20,Z40000000000000001000056512300000,O,17,52,0,10,1,,,,0,,99991231
20,Z40000000000000001000056512400000,O,17,52,0,10,1,,,,0,,99991231
20,Z40000000000000001000056512500000,O,17,52,0,10,1,,,,0,,99991231
20,Z40000000000000001000056512600000,O,17,52,0,10,1,,,,0,,99991231
20,Z40000000000000001000056514500000,O,17,52,0,10,1,,,,0,,99991231
20,Z40000000000000001000056514600000,O,17,52,0,10,1,,,,0,,99991231
20,Z40000000000000001000056514700000,O,17,52,0,10,1,,,,0,,99991231
20,Z40000000000000001000056514800000,O,17,52,0,10,1,,,,0,,99991231
20,Z40000000000000001000056514900000,O,17,52,0,10,1,,,,0,,99991231
20,Z40000000000000001000056515000000,O,17,52,0,10,1,,,,0,,99991231
20,Z40000000000000001000056515100000,O,17,52,0,10,1,,,,0,,99991231
20,Z33000000000000001000056515200000,O,17,52,0,10,1,,,,0,,99991231
20,Z33000000000000001000056515300000,O,17,52,0,10,1,,,,0,,99991231
20,Z33000000000000001000056517300000,O,17,52,0,10,1,,,,0,,99991231
20,Z33000000000000001000056517400000,O,17,52,0,10,1,,,,0,,99991231
20,Z33000000000000001000056518700000,O,17,52,0,10,1,,,,0,,99991231
20,Z33000000000000001000056518800000,O,17,52,0,10,1,,,,0,,99991231
20,Z33000000000000001000056518900000,O,17,52,0,10,1,,,,0,,99991231
20,Z33000000000000001000056519000000,O,17,52,0,10,1,,,,0,,99991231
20,Z33000000000000001000056519100000,O,17,52,0,10,1,,,,0,,99991231
20,Z33000000000000001000056519200000,O,17,52,0,10,1,,,,0,,99991231
20,Z33000000000000001000056519300000,O,17,52,0,10,1,,,,0,,99991231
20,Z33000000000000001000056519400000,O,17,52,0,10,1,,,,0,,99991231
20,Z33000000000000001000056519500000,O,17,52,0,10,1,,,,0,,99991231
20,Z33000000000000001000056519600000,O,17,52,0,10,1,,,,0,,99991231
20,Z33000000000000001000056519700000,O,17,52,0,10,1,,,,0,,99991231
20,Z33000000000000001000056519800000,O,17,52,0,10,1,,,,0,,99991231
20,Z33000000000000001000056519900000,O,17,52,0,10,1,,,,0,,99991231
20,Z33000000000000001000056521200000,O,17,52,0,10,1,,,,0,,99991231
20,Z33000000000000001000056521300000,O,17,52,0,10,1,,,,0,,99991231
20,Z33000000000000001000056521400000,O,17,52,0,10,1,,,,0,,99991231
20,Z33000000000000001000056521500000,O,17,52,0,10,1,,,,0,,99991231
20,Z33000000000000001000056521600000,O,17,52,0,10,1,,,,0,,99991231
20,Z33000000000000001000056521700000,O,17,52,0,10,1,,,,0,,99991231
20,Z38000000000000001000053682700000,O,17,52,0,10,1,,,,0,,99991231
20,Z38000000000000001000053682800000,O,17,52,0,10,1,,,,0,,99991231
20,Z38000000000000001000053682900000,O,17,52,0,10,1,,,,0,,99991231
20,Z38000000000000001000053683000000,O,17,52,0,10,1,,,,0,,99991231
20,Z38000000000000001000053683100000,O,17,52,0,10,1,,,,0,,99991231
20,Z38000000000000001000053683200000,O,17,52,0,10,1,,,,0,,99991231
20,Z38000000000000001000053683300000,O,17,52,0,10,1,,,,0,,99991231
20,Z38000000000000001000053683400000,O,17,52,0,10,1,,,,0,,99991231
20,Z38000000000000001000053683500000,O,17,52,0,10,1,,,,0,,99991231
20,Z38000000000000001000053683600000,O,17,52,0,10,1,,,,0,,99991231
20,Z38000000000000001000053683700000,O,17,52,0,10,1,,,,0,,99991231
20,Z38000000000000001000053683800000,O,17,52,0,10,1,,,,0,,99991231
20,Z38000000000000001000053683900000,O,17,52,0,10,1,,,,0,,99991231
20,Z38000000000000001000053684000000,O,17,52,0,10,1,,,,0,,99991231
20,Z38000000000000001000053684100000,O,17,52,0,10,1,,,,0,,99991231
20,Z38000000000000001000053684200000,O,17,52,0,10,1,,,,0,,99991231
20,Z38000000000000001000053684400000,O,17,52,0,10,1,,,,0,,99991231
20,Z38000000000000001000053684500000,O,17,52,0,10,1,,,,0,,99991231
20,Z38000000000000001000053684600000,O,17,52,0,10,1,,,,0,,99991231
20,Z38000000000000001000053684700000,O,17,52,0,10,1,,,,0,,99991231
20,Z38000000000000001000053684800000,O,17,52,0,10,1,,,,0,,99991231
20,Z38000000000000001000053684900000,O,17,52,0,10,1,,,,0,,99991231
20,Z38000000000000001000053685000000,O,17,52,0,10,1,,,,0,,99991231
20,Z38000000000000001000053685100000,O,17,52,0,10,1,,,,0,,99991231
20,Z38000000000000001000053685200000,O,17,52,0,10,1,,,,0,,99991231
20,Z38000000000000001000053685300000,O,17,52,0,10,1,,,,0,,99991231
20,Z38000000000000001000053685400000,O,17,52,0,10,1,,,,0,,99991231
20,Z38000000000000001000053685500000,O,17,52,0,10,1,,,,0,,99991231
20,Z38000000000000001000053685600000,O,17,52,0,10,1,,,,0,,99991231
20,Z38000000000000001000053685700000,O,17,52,0,10,1,,,,0,,99991231
20,Z38000000000000001000053685800000,O,17,52,0,10,1,,,,0,,99991231
20,Z38000000000000001000053685900000,O,17,52,0,10,1,,,,0,,99991231
20,Z38000000000000001000053686000000,O,17,52,0,10,1,,,,0,,99991231
20,Z38000000000000001000053686100000,O,17,52,0,10,1,,,,0,,99991231
20,Z38000000000000001000053686200000,O,17,52,0,10,1,,,,0,,99991231
20,Z38000000000000001000053686300000,O,17,52,0,10,1,,,,0,,99991231
20,Z38000000000000001000053686400000,O,17,52,0,10,1,,,,0,,99991231
20,Z38000000000000001000053686500000,O,17,52,0,10,1,,,,0,,99991231
20,Z38000000000000001000053686600000,O,17,52,0,10,1,,,,0,,99991231
20,Z38000000000000001000053686700000,O,17,52,0,10,1,,,,0,,99991231
20,Z38000000000000001000053686800000,O,17,52,0,10,1,,,,0,,99991231
20,Z38000000000000001000053686900000,O,17,52,0,10,1,,,,0,,99991231
20,Z38000000000000001000053687000000,O,17,52,0,10,1,,,,0,,99991231
20,Z38000000000000001000053687100000,O,17,52,0,10,1,,,,0,,99991231
20,Z38000000000000001000053687200000,O,17,52,0,10,1,,,,0,,99991231
20,Z38000000000000001000053687300000,O,17,52,0,10,1,,,,0,,99991231
20,Z38000000000000001000053687400000,O,17,52,0,10,1,,,,0,,99991231
20,Z38000000000000001000053687500000,O,17,52,0,10,1,,,,0,,99991231
20,Z38000000000000001000053687600000,O,17,52,0,10,1,,,,0,,99991231
20,Z38000000000000001000053687700000,O,17,52,0,10,1,,,,0,,99991231
20,Z38000000000000001000053687800000,O,17,52,0,10,1,,,,0,,99991231
20,Z38000000000000001000053687900000,O,17,52,0,10,1,,,,0,,99991231
20,Z38000000000000001000053688000000,O,17,52,0,10,1,,,,0,,99991231
20,Z38000000000000001000053688100000,O,17,52,0,10,1,,,,0,,99991231
20,Z38000000000000001000053688200000,O,17,52,0,10,1,,,,0,,99991231
20,Z38000000000000001000053688300000,O,17,52,0,10,1,,,,0,,99991231
20,Z38000000000000001000053688400000,O,17,52,0,10,1,,,,0,,99991231
20,Z38000000000000001000053688500000,O,17,52,0,10,1,,,,0,,99991231
20,Z38000000000000001000053688600000,O,17,52,0,10,1,,,,0,,99991231
20,Z38000000000000001000053688700000,O,17,52,0,10,1,,,,0,,99991231
20,Z38000000000000001000053688800000,O,17,52,0,10,1,,,,0,,99991231
20,Z38000000000000001000053688900000,O,17,52,0,10,1,,,,0,,99991231
20,Z38000000000000001000053689000000,O,17,52,0,10,1,,,,0,,99991231
20,Z38000000000000001000053689100000,O,17,52,0,10,1,,,,0,,99991231
20,Z38000000000000001000053689200000,O,17,52,0,10,1,,,,0,,99991231
20,Z38000000000000001000053689300000,O,17,52,0,10,1,,,,0,,99991231
20,Z38000000000000001000053689400000,O,17,52,0,10,1,,,,0,,99991231
20,Z38000000000000001000053689500000,O,17,52,0,10,1,,,,0,,99991231
20,Z38000000000000001000053689600000,O,17,52,0,10,1,,,,0,,99991231
20,Z38000000000000001000053689700000,O,17,52,0,10,1,,,,0,,99991231
20,Z38000000000000001000053689800000,O,17,52,0,10,1,,,,0,,99991231
20,Z38000000000000001000053689900000,O,17,52,0,10,1,,,,0,,99991231
20,Z38000000000000001000053690000000,O,17,52,0,10,1,,,,0,,99991231
20,Z38000000000000001000053690100000,O,17,52,0,10,1,,,,0,,99991231
20,Z38000000000000001000053690200000,O,17,52,0,10,1,,,,0,,99991231
20,Z38000000000000001000053690300000,O,17,52,0,10,1,,,,0,,99991231
20,Z38000000000000001000053690400000,O,17,52,0,10,1,,,,0,,99991231
20,Z38000000000000001000053690500000,O,17,52,0,10,1,,,,0,,99991231
20,Z38000000000000001000053690600000,O,17,52,0,10,1,,,,0,,99991231
20,Z38000000000000001000053690700000,O,17,52,0,10,1,,,,0,,99991231
20,Z38000000000000001000053690800000,O,17,52,0,10,1,,,,0,,99991231
20,Z38000000000000001000053690900000,O,17,52,0,10,1,,,,0,,99991231
20,Z38000000000000001000053691100000,O,17,52,0,10,1,,,,0,,99991231
20,Z38000000000000001000053691200000,O,17,52,0,10,1,,,,0,,99991231
20,Z38000000000000001000053691300000,O,17,52,0,10,1,,,,0,,99991231
20,Z38000000000000001000053691400000,O,17,52,0,10,1,,,,0,,99991231
20,Z38000000000000001000053691500000,O,17,52,0,10,1,,,,0,,99991231
20,Z38000000000000001000053691600000,O,17,52,0,10,1,,,,0,,99991231
20,Z38000000000000001000053691700000,O,17,52,0,10,1,,,,0,,99991231
20,Z38000000000000001000053691800000,O,17,52,0,10,1,,,,0,,99991231
20,Z38000000000000001000053691900000,O,17,52,0,10,1,,,,0,,99991231
20,Z38000000000000001000053692000000,O,17,52,0,10,1,,,,0,,99991231
20,Z38000000000000001000053692100000,O,17,52,0,10,1,,,,0,,99991231
20,Z38000000000000001000053692200000,O,17,52,0,10,1,,,,0,,99991231
20,Z38000000000000001000053692300000,O,17,52,0,10,1,,,,0,,99991231
20,Z38000000000000001000053692400000,O,17,52,0,10,1,,,,0,,99991231
20,Z38000000000000001000053692500000,O,17,52,0,10,1,,,,0,,99991231
20,Z38000000000000001000053692600000,O,17,52,0,10,1,,,,0,,99991231
20,Z38000000000000001000053692700000,O,17,52,0,10,1,,,,0,,99991231
20,Z38000000000000001000053692800000,O,17,52,0,10,1,,,,0,,99991231
20,Z38000000000000001000053692900000,O,17,52,0,10,1,,,,0,,99991231
20,Z38000000000000001000053693000000,O,17,52,0,10,1,,,,0,,99991231
20,Z38000000000000001000053693100000,O,17,52,0,10,1,,,,0,,99991231
20,Z38000000000000001000053693200000,O,17,52,0,10,1,,,,0,,99991231
20,Z38000000000000001000053693300000,O,17,52,0,10,1,,,,0,,99991231
20,Z38000000000000001000053693400000,O,17,52,0,10,1,,,,0,,99991231
20,Z38000000000000001000053693500000,O,17,52,0,10,1,,,,0,,99991231
20,Z38000000000000001000053693600000,O,17,52,0,10,1,,,,0,,99991231
20,Z38000000000000001000053693700000,O,17,52,0,10,1,,,,0,,99991231
20,Z38000000000000001000053693800000,O,17,52,0,10,1,,,,0,,99991231
20,Z38000000000000001000053693900000,O,17,52,0,10,1,,,,0,,99991231
20,Z38000000000000001000053694000000,O,17,52,0,10,1,,,,0,,99991231
20,Z38000000000000001000053694100000,O,17,52,0,10,1,,,,0,,99991231
20,Z38000000000000001000053694300000,O,17,52,0,10,1,,,,0,,99991231
20,Z38000000000000001000053694500000,O,17,52,0,10,1,,,,0,,99991231
20,Z38000000000000001000053694600000,O,17,52,0,10,1,,,,0,,99991231
20,Z38000000000000001000053694700000,O,17,52,0,10,1,,,,0,,99991231
20,Z38000000000000001000053694800000,O,17,52,0,10,1,,,,0,,99991231
20,Z38000000000000001000053694900000,O,17,52,0,10,1,,,,0,,99991231
20,Z38000000000000001000053695000000,O,17,52,0,10,1,,,,0,,99991231
20,Z38000000000000001000053695100000,O,17,52,0,10,1,,,,0,,99991231
20,Z38000000000000001000053695200000,O,17,52,0,10,1,,,,0,,99991231
20,Z38000000000000001000053695300000,O,17,52,0,10,1,,,,0,,99991231
20,Z38000000000000001000053695400000,O,17,52,0,10,1,,,,0,,99991231
20,Z38000000000000001000053695500000,O,17,52,0,10,1,,,,0,,99991231
20,Z38000000000000001000053695600000,O,17,52,0,10,1,,,,0,,99991231
20,Z38000000000000001000053695700000,O,17,52,0,10,1,,,,0,,99991231
20,Z38000000000000001000053695800000,O,17,52,0,10,1,,,,0,,99991231
20,Z38000000000000001000053696000000,O,17,52,0,10,1,,,,0,,99991231
20,Z38000000000000001000053696100000,O,17,52,0,10,1,,,,0,,99991231
20,Z38000000000000001000053696200000,O,17,52,0,10,1,,,,0,,99991231
20,Z38000000000000001000053696300000,O,17,52,0,10,1,,,,0,,99991231
20,Z33000000000000001000053791100000,O,17,52,0,10,1,,,,0,,99991231
20,Z33000000000000001000053791200000,O,17,52,0,10,1,,,,0,,99991231
20,Z33000000000000001000053791500000,O,17,52,0,10,1,,,,0,,99991231
20,Z33000000000000001000053791600000,O,17,52,0,10,1,,,,0,,99991231
20,Z33000000000000001000053791900000,O,17,52,0,10,1,,,,0,,99991231
20,Z33000000000000001000053792000000,O,17,52,0,10,1,,,,0,,99991231
20,Z33000000000000001000053792500000,O,17,52,0,10,1,,,,0,,99991231
20,Z33000000000000001000053792600000,O,17,52,0,10,1,,,,0,,99991231
20,Z33000000000000001000053792900000,O,17,52,0,10,1,,,,0,,99991231
20,Z33000000000000001000053793000000,O,17,52,0,10,1,,,,0,,99991231
20,Z33000000000000001000053793400000,O,17,52,0,10,1,,,,0,,99991231
20,Z33000000000000001000053793500000,O,17,52,0,10,1,,,,0,,99991231
20,Z33000000000000001000053793900000,O,17,52,0,10,1,,,,0,,99991231
20,Z33000000000000001000053794000000,O,17,52,0,10,1,,,,0,,99991231
20,Z33000000000000001000053794200000,O,17,52,0,10,1,,,,0,,99991231
20,Z33000000000000001000053794300000,O,17,52,0,10,1,,,,0,,99991231
20,Z40000000000000001000053795200000,O,17,52,0,10,1,,,,0,,99991231
20,Z40000000000000001000053795300000,O,17,52,0,10,1,,,,0,,99991231
20,Z33000000000000001000053800000000,O,17,52,0,10,1,,,,0,,99991231
20,Z33000000000000001000053800100000,O,17,52,0,10,1,,,,0,,99991231
20,Z33000000000000001000053800200000,O,17,52,0,10,1,,,,0,,99991231
20,Z33000000000000001000053800300000,O,17,52,0,10,1,,,,0,,99991231
20,Z33000000000000001000053800400000,O,17,52,0,10,1,,,,0,,99991231
20,Z33000000000000001000053800500000,O,17,52,0,10,1,,,,0,,99991231
20,Z33000000000000001000053800900000,O,17,52,0,10,1,,,,0,,99991231
20,Z33000000000000001000053801000000,O,17,52,0,10,1,,,,0,,99991231
20,Z33000000000000001000053801100000,O,17,52,0,10,1,,,,0,,99991231
20,Z33000000000000001000053801200000,O,17,52,0,10,1,,,,0,,99991231
20,Z33000000000000001000053801300000,O,17,52,0,10,1,,,,0,,99991231
20,Z33000000000000001000053801800000,O,17,52,0,10,1,,,,0,,99991231
20,Z33000000000000001000053801900000,O,17,52,0,10,1,,,,0,,99991231
20,Z33000000000000001000053802100000,O,17,52,0,10,1,,,,0,,99991231
20,Z33000000000000001000053802200000,O,17,52,0,10,1,,,,0,,99991231
20,Z33000000000000001000053802400000,O,17,52,0,10,1,,,,0,,99991231
20,Z33000000000000001000053802500000,O,17,52,0,10,1,,,,0,,99991231
20,Z33000000000000001000053802600000,O,17,52,0,10,1,,,,0,,99991231
20,Z33000000000000001000053802700000,O,17,52,0,10,1,,,,0,,99991231
20,Z33000000000000001000053802800000,O,17,52,0,10,1,,,,0,,99991231
20,Z33000000000000001000053802900000,O,17,52,0,10,1,,,,0,,99991231
20,Z33000000000000001000053803100000,O,17,52,0,10,1,,,,0,,99991231
20,Z33000000000000001000053803200000,O,17,52,0,10,1,,,,0,,99991231
20,Z33000000000000001000053803300000,O,17,52,0,10,1,,,,0,,99991231
20,Z33000000000000001000053803400000,O,17,52,0,10,1,,,,0,,99991231
20,Z33000000000000001000053803500000,O,17,52,0,10,1,,,,0,,99991231
20,Z33000000000000001000053803600000,O,17,52,0,10,1,,,,0,,99991231
20,Z33000000000000001000053806300000,O,17,52,0,10,1,,,,0,,99991231
20,Z33000000000000001000053806400000,O,17,52,0,10,1,,,,0,,99991231
20,Z33000000000000001000053806500000,O,17,52,0,10,1,,,,0,,99991231
20,Z33000000000000001000053806600000,O,17,52,0,10,1,,,,0,,99991231
20,Z33000000000000001000053806700000,O,17,52,0,10,1,,,,0,,99991231
20,Z33000000000000001000053806800000,O,17,52,0,10,1,,,,0,,99991231
20,Z33000000000000001000053806900000,O,17,52,0,10,1,,,,0,,99991231
20,Z33000000000000001000053807000000,O,17,52,0,10,1,,,,0,,99991231
20,Z33000000000000001000053807100000,O,17,52,0,10,1,,,,0,,99991231
20,Z33000000000000001000053807200000,O,17,52,0,10,1,,,,0,,99991231
20,Z33000000000000001000053807300000,O,17,52,0,10,1,,,,0,,99991231
20,Z33000000000000001000053807400000,O,17,52,0,10,1,,,,0,,99991231
20,Z33000000000000001000053807500000,O,17,52,0,10,1,,,,0,,99991231
20,Z33000000000000001000053807600000,O,17,52,0,10,1,,,,0,,99991231
20,Z33000000000000001000053807700000,O,17,52,0,10,1,,,,0,,99991231
20,Z33000000000000001000053807800000,O,17,52,0,10,1,,,,0,,99991231
20,Z33000000000000001000053807900000,O,17,52,0,10,1,,,,0,,99991231
20,Z33000000000000001000053808000000,O,17,52,0,10,1,,,,0,,99991231
20,Z33000000000000001000053808100000,O,17,52,0,10,1,,,,0,,99991231
20,Z33000000000000001000053808200000,O,17,52,0,10,1,,,,0,,99991231
20,Z33000000000000001000053808300000,O,17,52,0,10,1,,,,0,,99991231
20,Z33000000000000001000053808400000,O,17,52,0,10,1,,,,0,,99991231
20,Z33000000000000001000053808500000,O,17,52,0,10,1,,,,0,,99991231
20,Z33000000000000001000053808600000,O,17,52,0,10,1,,,,0,,99991231
20,Z33000000000000001000053808700000,O,17,52,0,10,1,,,,0,,99991231
20,Z33000000000000001000053808800000,O,17,52,0,10,1,,,,0,,99991231
20,Z33000000000000001000053808900000,O,17,52,0,10,1,,,,0,,99991231
20,Z33000000000000001000053809000000,O,17,52,0,10,1,,,,0,,99991231
20,Z33000000000000001000053809100000,O,17,52,0,10,1,,,,0,,99991231
20,Z33000000000000001000053809200000,O,17,52,0,10,1,,,,0,,99991231
20,Z33000000000000001000053809300000,O,17,52,0,10,1,,,,0,,99991231
20,Z33000000000000001000053809400000,O,17,52,0,10,1,,,,0,,99991231
20,Z33000000000000001000053809500000,O,17,52,0,10,1,,,,0,,99991231
20,Z33000000000000001000053809600000,O,17,52,0,10,1,,,,0,,99991231
20,Z33000000000000001000053809700000,O,17,52,0,10,1,,,,0,,99991231
20,Z33000000000000001000053809800000,O,17,52,0,10,1,,,,0,,99991231
20,Z33000000000000001000053809900000,O,17,52,0,10,1,,,,0,,99991231
20,Z33000000000000001000053810000000,O,17,52,0,10,1,,,,0,,99991231
20,Z33000000000000001000053810100000,O,17,52,0,10,1,,,,0,,99991231
20,Z33000000000000001000053810200000,O,17,52,0,10,1,,,,0,,99991231
20,Z33000000000000001000053810300000,O,17,52,0,10,1,,,,0,,99991231
20,Z33000000000000001000053810400000,O,17,52,0,10,1,,,,0,,99991231
20,Z33000000000000001000053810500000,O,17,52,0,10,1,,,,0,,99991231
20,Z33000000000000001000053810600000,O,17,52,0,10,1,,,,0,,99991231
20,Z33000000000000001000053810700000,O,17,52,0,10,1,,,,0,,99991231
20,Z33000000000000001000053810800000,O,17,52,0,10,1,,,,0,,99991231
20,Z33000000000000001000053810900000,O,17,52,0,10,1,,,,0,,99991231
20,Z40000000000000001000053862800000,O,17,52,0,10,1,,,,0,,99991231
20,Z40000000000000001000053862900000,O,17,52,0,10,1,,,,0,,99991231
20,Z40000000000000001000053863000000,O,17,52,0,10,1,,,,0,,99991231
20,Z40000000000000001000053863100000,O,17,52,0,10,1,,,,0,,99991231
20,Z40000000000000001000053863200000,O,17,52,0,10,1,,,,0,,99991231
20,Z40000000000000001000053863300000,O,17,52,0,10,1,,,,0,,99991231
20,Z40000000000000001000053863500000,O,17,52,0,10,1,,,,0,,99991231
20,Z40000000000000001000053863600000,O,17,52,0,10,1,,,,0,,99991231
20,Z40000000000000001000053863700000,O,17,52,0,10,1,,,,0,,99991231
20,Z40000000000000001000053863800000,O,17,52,0,10,1,,,,0,,99991231
20,Z40000000000000001000053873800000,O,17,52,0,10,1,,,,0,,99991231
20,Z40000000000000001000053873900000,O,17,52,0,10,1,,,,0,,99991231
20,Z40000000000000001000053874000000,O,17,52,0,10,1,,,,0,,99991231
20,Z40000000000000001000053874100000,O,17,52,0,10,1,,,,0,,99991231
20,Z40000000000000001000053874200000,O,17,52,0,10,1,,,,0,,99991231
20,Z40000000000000001000053874300000,O,17,52,0,10,1,,,,0,,99991231
20,Z40000000000000001000053874400000,O,17,52,0,10,1,,,,0,,99991231
20,Z40000000000000001000053874500000,O,17,52,0,10,1,,,,0,,99991231
20,Z40000000000000001000053874600000,O,17,52,0,10,1,,,,0,,99991231
20,Z40000000000000001000053874700000,O,17,52,0,10,1,,,,0,,99991231
20,Z40000000000000001000053874800000,O,17,52,0,10,1,,,,0,,99991231
20,Z40000000000000001000053874900000,O,17,52,0,10,1,,,,0,,99991231
20,Z40000000000000001000053875000000,O,17,52,0,10,1,,,,0,,99991231
20,Z40000000000000001000053875100000,O,17,52,0,10,1,,,,0,,99991231
20,Z40000000000000001000053875200000,O,17,52,0,10,1,,,,0,,99991231
20,Z40000000000000001000053875300000,O,17,52,0,10,1,,,,0,,99991231
20,Z40000000000000001000053875400000,O,17,52,0,10,1,,,,0,,99991231
20,Z40000000000000001000053875500000,O,17,52,0,10,1,,,,0,,99991231
20,Z40000000000000001000053875600000,O,17,52,0,10,1,,,,0,,99991231
20,Z40000000000000001000053875700000,O,17,52,0,10,1,,,,0,,99991231
20,Z40000000000000001000053875800000,O,17,52,0,10,1,,,,0,,99991231
20,Z40000000000000001000053875900000,O,17,52,0,10,1,,,,0,,99991231
20,Z40000000000000001000053876000000,O,17,52,0,10,1,,,,0,,99991231
20,Z40000000000000001000053876100000,O,17,52,0,10,1,,,,0,,99991231
20,Z40000000000000001000053876200000,O,17,52,0,10,1,,,,0,,99991231
20,Z40000000000000001000053876300000,O,17,52,0,10,1,,,,0,,99991231
20,Z40000000000000001000053876400000,O,17,52,0,10,1,,,,0,,99991231
20,Z40000000000000001000053876500000,O,17,52,0,10,1,,,,0,,99991231
20,Z40000000000000001000053876600000,O,17,52,0,10,1,,,,0,,99991231
20,Z40000000000000001000053876700000,O,17,52,0,10,1,,,,0,,99991231
20,Z33000000000000001000054017600000,O,17,52,0,10,1,,,,0,,99991231
20,Z33000000000000001000054017900000,O,17,52,0,10,1,,,,0,,99991231
20,Z33000000000000001000054018000000,O,17,52,0,10,1,,,,0,,99991231
20,Z33000000000000001000054018100000,O,17,52,0,10,1,,,,0,,99991231
20,Z33000000000000001000054018200000,O,17,52,0,10,1,,,,0,,99991231
20,Z33000000000000001000054018300000,O,17,52,0,10,1,,,,0,,99991231
20,Z33000000000000001000054018400000,O,17,52,0,10,1,,,,0,,99991231
20,Z33000000000000001000054018500000,O,17,52,0,10,1,,,,0,,99991231
20,Z33000000000000001000054018600000,O,17,52,0,10,1,,,,0,,99991231
20,Z33000000000000001000054018700000,O,17,52,0,10,1,,,,0,,99991231
20,Z33000000000000001000054018800000,O,17,52,0,10,1,,,,0,,99991231
20,Z33000000000000001000054018900000,O,17,52,0,10,1,,,,0,,99991231
20,Z33000000000000001000054019000000,O,17,52,0,10,1,,,,0,,99991231
20,Z33000000000000001000054019100000,O,17,52,0,10,1,,,,0,,99991231
20,Z33000000000000001000054019200000,O,17,52,0,10,1,,,,0,,99991231
20,Z33000000000000001000054019400000,O,17,52,0,10,1,,,,0,,99991231
20,Z33000000000000001000054019500000,O,17,52,0,10,1,,,,0,,99991231
20,Z33000000000000001000054020100000,O,17,52,0,10,1,,,,0,,99991231
20,Z33000000000000001000054020200000,O,17,52,0,10,1,,,,0,,99991231
20,Z33000000000000001000054020300000,O,17,52,0,10,1,,,,0,,99991231
20,Z33000000000000001000054020500000,O,17,52,0,10,1,,,,0,,99991231
20,Z33000000000000001000054020600000,O,17,52,0,10,1,,,,0,,99991231
20,Z33000000000000001000054020700000,O,17,52,0,10,1,,,,0,,99991231
20,Z33000000000000001000054020800000,O,17,52,0,10,1,,,,0,,99991231
20,Z33000000000000001000054021000000,O,17,52,0,10,1,,,,0,,99991231
20,Z33000000000000001000054021100000,O,17,52,0,10,1,,,,0,,99991231
20,Z33000000000000001000054021300000,O,17,52,0,10,1,,,,0,,99991231
20,Z33000000000000001000054021400000,O,17,52,0,10,1,,,,0,,99991231
20,Z33000000000000001000054021600000,O,17,52,0,10,1,,,,0,,99991231
20,Z33000000000000001000054021700000,O,17,52,0,10,1,,,,0,,99991231
20,Z33000000000000001000054021800000,O,17,52,0,10,1,,,,0,,99991231
20,Z33000000000000001000054021900000,O,17,52,0,10,1,,,,0,,99991231
20,Z33000000000000001000054022000000,O,17,52,0,10,1,,,,0,,99991231
20,Z33000000000000001000054022100000,O,17,52,0,10,1,,,,0,,99991231
20,Z33000000000000001000054022200000,O,17,52,0,10,1,,,,0,,99991231
20,Z33000000000000001000054022300000,O,17,52,0,10,1,,,,0,,99991231
20,Z33000000000000001000054022600000,O,17,52,0,10,1,,,,0,,99991231
20,Z33000000000000001000054022700000,O,17,52,0,10,1,,,,0,,99991231
20,Z33000000000000001000054022800000,O,17,52,0,10,1,,,,0,,99991231
20,Z33000000000000001000054022900000,O,17,52,0,10,1,,,,0,,99991231
20,Z33000000000000001000054023100000,O,17,52,0,10,1,,,,0,,99991231
20,Z33000000000000001000054023200000,O,17,52,0,10,1,,,,0,,99991231
20,Z33000000000000001000054023300000,O,17,52,0,10,1,,,,0,,99991231
20,Z33000000000000001000054024000000,O,17,52,0,10,1,,,,0,,99991231
20,Z33000000000000001000054024100000,O,17,52,0,10,1,,,,0,,99991231
20,Z33000000000000001000054024200000,O,17,52,0,10,1,,,,0,,99991231
20,Z33000000000000001000054024300000,O,17,52,0,10,1,,,,0,,99991231
20,Z33000000000000001000054024400000,O,17,52,0,10,1,,,,0,,99991231
20,Z33000000000000001000054024500000,O,17,52,0,10,1,,,,0,,99991231
20,Z33000000000000001000054024600000,O,17,52,0,10,1,,,,0,,99991231
20,Z33000000000000001000054024700000,O,17,52,0,10,1,,,,0,,99991231
20,Z33000000000000001000054024800000,O,17,52,0,10,1,,,,0,,99991231
20,Z29000000000000001000008727505000,O,17,52,0,10,1,,,,0,,99991231
20,Z33000000000000001000054025700000,O,17,52,0,10,1,,,,0,,99991231
20,Z33000000000000001000054025800000,O,17,52,0,10,1,,,,0,,99991231
20,Z33000000000000001000054025900000,O,17,52,0,10,1,,,,0,,99991231
20,Z33000000000000001000054026000000,O,17,52,0,10,1,,,,0,,99991231
20,Z33000000000000001000054026100000,O,17,52,0,10,1,,,,0,,99991231
20,Z33000000000000001000054026200000,O,17,52,0,10,1,,,,0,,99991231
20,Z33000000000000001000054026300000,O,17,52,0,10,1,,,,0,,99991231
20,Z33000000000000001000054026400000,O,17,52,0,10,1,,,,0,,99991231
20,Z33000000000000001000054026500000,O,17,52,0,10,1,,,,0,,99991231
20,Z33000000000000001000054026600000,O,17,52,0,10,1,,,,0,,99991231
20,Z33000000000000001000054026700000,O,17,52,0,10,1,,,,0,,99991231
20,Z33000000000000001000054026800000,O,17,52,0,10,1,,,,0,,99991231
20,Z33000000000000001000054026900000,O,17,52,0,10,1,,,,0,,99991231
20,Z33000000000000001000054027000000,O,17,52,0,10,1,,,,0,,99991231
20,Z33000000000000001000054027100000,O,17,52,0,10,1,,,,0,,99991231
20,Z33000000000000001000054027200000,O,17,52,0,10,1,,,,0,,99991231
20,Z33000000000000001000054027300000,O,17,52,0,10,1,,,,0,,99991231
20,Z33000000000000001000054027400000,O,17,52,0,10,1,,,,0,,99991231
20,Z29000000000000001000016549102000,O,17,52,0,10,1,,,,0,,99991231
20,Z29000000000000001000018448402000,O,17,52,0,10,1,,,,0,,99991231
20,Z33000000000000001000054027800000,O,17,52,0,10,1,,,,0,,99991231
20,Z33000000000000001000054027900000,O,17,52,0,10,1,,,,0,,99991231
20,Z29000000000000001000018448602000,O,17,52,0,10,1,,,,0,,99991231
20,Z33000000000000001000054028300000,O,17,52,0,10,1,,,,0,,99991231
20,Z33000000000000001000054028400000,O,17,52,0,10,1,,,,0,,99991231
20,Z33000000000000001000054029000000,O,17,52,0,10,1,,,,0,,99991231
20,Z33000000000000001000054029100000,O,17,52,0,10,1,,,,0,,99991231
20,Z29000000000000001000009353705000,O,17,52,0,10,1,,,,0,,99991231
20,Z33000000000000001000054030100000,O,17,52,0,10,1,,,,0,,99991231
20,Z33000000000000001000054030200000,O,17,52,0,10,1,,,,0,,99991231
20,Z33000000000000001000054030300000,O,17,52,0,10,1,,,,0,,99991231
20,Z33000000000000001000054030400000,O,17,52,0,10,1,,,,0,,99991231
20,Z33000000000000001000054030500000,O,17,52,0,10,1,,,,0,,99991231
20,Z29000000000000001000011124403000,O,17,52,0,10,1,,,,0,,99991231
20,Z29000000000000001000011646506000,O,17,52,0,10,1,,,,0,,99991231
20,Z33000000000000001000054032300000,O,17,52,0,10,1,,,,0,,99991231
20,Z33000000000000001000054032400000,O,17,52,0,10,1,,,,0,,99991231
20,Z33000000000000001000054032500000,O,17,52,0,10,1,,,,0,,99991231
20,Z33000000000000001000054032600000,O,17,52,0,10,1,,,,0,,99991231
20,Z33000000000000001000054032700000,O,17,52,0,10,1,,,,0,,99991231
20,Z33000000000000001000054032800000,O,17,52,0,10,1,,,,0,,99991231
20,Z29000000000000001000009388308000,O,17,52,0,10,1,,,,0,,99991231
20,Z29000000000000001000011124004000,O,17,52,0,10,1,,,,0,,99991231
20,Z29000000000000001000009388508000,O,17,52,0,10,1,,,,0,,99991231
20,Z33000000000000001000054034700000,O,17,52,0,10,1,,,,0,,99991231
20,Z33000000000000001000054034800000,O,17,52,0,10,1,,,,0,,99991231
20,Z33000000000000001000054034900000,O,17,52,0,10,1,,,,0,,99991231
20,Z33000000000000001000054035000000,O,17,52,0,10,1,,,,0,,99991231
20,Z33000000000000001000054035100000,O,17,52,0,10,1,,,,0,,99991231
20,Z33000000000000001000054035200000,O,17,52,0,10,1,,,,0,,99991231
20,Z33000000000000001000054035300000,O,17,52,0,10,1,,,,0,,99991231
20,Z33000000000000001000054035400000,O,17,52,0,10,1,,,,0,,99991231
20,Z33000000000000001000054035500000,O,17,52,0,10,1,,,,0,,99991231
20,Z33000000000000001000054035600000,O,17,52,0,10,1,,,,0,,99991231
20,Z33000000000000001000054035700000,O,17,52,0,10,1,,,,0,,99991231
20,Z29000000000000001000011124805000,O,17,52,0,10,1,,,,0,,99991231
20,Z29000000000000001000011648405000,O,17,52,0,10,1,,,,0,,99991231
20,Z33000000000000001000054037100000,O,17,52,0,10,1,,,,0,,99991231
20,Z33000000000000001000054037200000,O,17,52,0,10,1,,,,0,,99991231
20,Z33000000000000001000054037300000,O,17,52,0,10,1,,,,0,,99991231
20,Z33000000000000001000054037400000,O,17,52,0,10,1,,,,0,,99991231
20,Z33000000000000001000054037500000,O,17,52,0,10,1,,,,0,,99991231
20,Z33000000000000001000054037600000,O,17,52,0,10,1,,,,0,,99991231
20,Z33000000000000001000054037700000,O,17,52,0,10,1,,,,0,,99991231
20,Z33000000000000001000054037800000,O,17,52,0,10,1,,,,0,,99991231
20,Z33000000000000001000054037900000,O,17,52,0,10,1,,,,0,,99991231
20,Z33000000000000001000054038000000,O,17,52,0,10,1,,,,0,,99991231
20,Z33000000000000001000054038100000,O,17,52,0,10,1,,,,0,,99991231
20,Z33000000000000001000054038200000,O,17,52,0,10,1,,,,0,,99991231
20,Z33000000000000001000054038300000,O,17,52,0,10,1,,,,0,,99991231
20,Z33000000000000001000054038400000,O,17,52,0,10,1,,,,0,,99991231
20,Z33000000000000001000054038500000,O,17,52,0,10,1,,,,0,,99991231
20,Z33000000000000001000054038600000,O,17,52,0,10,1,,,,0,,99991231
20,Z33000000000000001000054038700000,O,17,52,0,10,1,,,,0,,99991231
20,Z33000000000000001000054038800000,O,17,52,0,10,1,,,,0,,99991231
20,Z33000000000000001000054038900000,O,17,52,0,10,1,,,,0,,99991231
20,Z33000000000000001000054039000000,O,17,52,0,10,1,,,,0,,99991231
20,Z33000000000000001000054039100000,O,17,52,0,10,1,,,,0,,99991231
20,Z33000000000000001000054039200000,O,17,52,0,10,1,,,,0,,99991231
20,Z33000000000000001000054625300000,O,17,52,0,10,1,,,,0,,99991231
20,Z33000000000000001000054625400000,O,17,52,0,10,1,,,,0,,99991231
20,Z33000000000000001000054625500000,O,17,52,0,10,1,,,,0,,99991231
20,Z33000000000000001000054625600000,O,17,52,0,10,1,,,,0,,99991231
20,Z33000000000000001000054625700000,O,17,52,0,10,1,,,,0,,99991231
20,Z33000000000000001000054625800000,O,17,52,0,10,1,,,,0,,99991231
20,Z33000000000000001000054625900000,O,17,52,0,10,1,,,,0,,99991231
20,Z33000000000000001000054626000000,O,17,52,0,10,1,,,,0,,99991231
20,Z33000000000000001000054627000000,O,17,52,0,10,1,,,,0,,99991231
20,Z33000000000000001000054627100000,O,17,52,0,10,1,,,,0,,99991231
20,Z33000000000000001000054627200000,O,17,52,0,10,1,,,,0,,99991231
20,Z33000000000000001000054627300000,O,17,52,0,10,1,,,,0,,99991231
20,Z33000000000000001000054627400000,O,17,52,0,10,1,,,,0,,99991231
20,Z33000000000000001000054627500000,O,17,52,0,10,1,,,,0,,99991231
20,Z33000000000000001000054627600000,O,17,52,0,10,1,,,,0,,99991231
20,Z33000000000000001000054627700000,O,17,52,0,10,1,,,,0,,99991231
20,Z33000000000000001000054627800000,O,17,52,0,10,1,,,,0,,99991231
20,Z33000000000000001000054627900000,O,17,52,0,10,1,,,,0,,99991231
20,Z33000000000000001000054628000000,O,17,52,0,10,1,,,,0,,99991231
20,Z33000000000000001000054628100000,O,17,52,0,10,1,,,,0,,99991231
20,Z33000000000000001000054628200000,O,17,52,0,10,1,,,,0,,99991231
20,Z33000000000000001000054628300000,O,17,52,0,10,1,,,,0,,99991231
20,Z33000000000000001000054628400000,O,17,52,0,10,1,,,,0,,99991231
20,Z33000000000000001000054628500000,O,17,52,0,10,1,,,,0,,99991231
20,Z33000000000000001000054628600000,O,17,52,0,10,1,,,,0,,99991231
20,Z33000000000000001000054628700000,O,17,52,0,10,1,,,,0,,99991231
20,Z33000000000000001000054628800000,O,17,52,0,10,1,,,,0,,99991231
20,Z33000000000000001000054628900000,O,17,52,0,10,1,,,,0,,99991231
20,Z33000000000000001000054629000000,O,17,52,0,10,1,,,,0,,99991231
20,Z33000000000000001000054629100000,O,17,52,0,10,1,,,,0,,99991231
20,Z33000000000000001000054629200000,O,17,52,0,10,1,,,,0,,99991231
20,Z33000000000000001000054629300000,O,17,52,0,10,1,,,,0,,99991231
20,Z33000000000000001000054629400000,O,17,52,0,10,1,,,,0,,99991231
20,Z33000000000000001000054629500000,O,17,52,0,10,1,,,,0,,99991231
20,Z33000000000000001000054629600000,O,17,52,0,10,1,,,,0,,99991231
20,Z33000000000000001000054629700000,O,17,52,0,10,1,,,,0,,99991231
20,Z33000000000000001000054629800000,O,17,52,0,10,1,,,,0,,99991231
20,Z33000000000000001000054629900000,O,17,52,0,10,1,,,,0,,99991231
20,Z33000000000000001000054630000000,O,17,52,0,10,1,,,,0,,99991231
20,Z33000000000000001000054630100000,O,17,52,0,10,1,,,,0,,99991231
20,Z33000000000000001000054630200000,O,17,52,0,10,1,,,,0,,99991231
20,Z33000000000000001000054630300000,O,17,52,0,10,1,,,,0,,99991231
20,Z33000000000000001000054630400000,O,17,52,0,10,1,,,,0,,99991231
20,Z33000000000000001000054630500000,O,17,52,0,10,1,,,,0,,99991231
20,Z33000000000000001000054630700000,O,17,52,0,10,1,,,,0,,99991231
20,Z33000000000000001000054630800000,O,17,52,0,10,1,,,,0,,99991231
20,Z33000000000000001000054630900000,O,17,52,0,10,1,,,,0,,99991231
20,Z33000000000000001000054631000000,O,17,52,0,10,1,,,,0,,99991231
20,Z33000000000000001000054631100000,O,17,52,0,10,1,,,,0,,99991231
20,Z33000000000000001000054631200000,O,17,52,0,10,1,,,,0,,99991231
20,Z33000000000000001000054631300000,O,17,52,0,10,1,,,,0,,99991231
20,Z33000000000000001000054631400000,O,17,52,0,10,1,,,,0,,99991231
20,Z33000000000000001000054631500000,O,17,52,0,10,1,,,,0,,99991231
20,Z33000000000000001000054631600000,O,17,52,0,10,1,,,,0,,99991231
20,Z33000000000000001000054631700000,O,17,52,0,10,1,,,,0,,99991231
20,Z40000000000000001000054632800000,O,17,52,0,10,1,,,,0,,99991231
20,Z40000000000000001000054632900000,O,17,52,0,10,1,,,,0,,99991231
20,Z40000000000000001000054633000000,O,17,52,0,10,1,,,,0,,99991231
20,Z33000000000000001000054633900000,O,17,52,0,10,1,,,,0,,99991231
20,Z33000000000000001000054634000000,O,17,52,0,10,1,,,,0,,99991231
20,Z33000000000000001000054634100000,O,17,52,0,10,1,,,,0,,99991231
20,Z33000000000000001000054634200000,O,17,52,0,10,1,,,,0,,99991231
20,Z33000000000000001000054634300000,O,17,52,0,10,1,,,,0,,99991231
20,Z33000000000000001000054634400000,O,17,52,0,10,1,,,,0,,99991231
20,Z33000000000000001000054634500000,O,17,52,0,10,1,,,,0,,99991231
20,Z33000000000000001000054634600000,O,17,52,0,10,1,,,,0,,99991231
20,Z33000000000000001000054634700000,O,17,52,0,10,1,,,,0,,99991231
20,Z33000000000000001000054634800000,O,17,52,0,10,1,,,,0,,99991231
20,Z33000000000000001000054634900000,O,17,52,0,10,1,,,,0,,99991231
20,Z33000000000000001000054635100000,O,17,52,0,10,1,,,,0,,99991231
20,Z33000000000000001000054635200000,O,17,52,0,10,1,,,,0,,99991231
20,Z33000000000000001000054635300000,O,17,52,0,10,1,,,,0,,99991231
20,Z33000000000000001000054635400000,O,17,52,0,10,1,,,,0,,99991231
20,Z33000000000000001000054635500000,O,17,52,0,10,1,,,,0,,99991231
20,Z33000000000000001000054635600000,O,17,52,0,10,1,,,,0,,99991231
20,Z33000000000000001000054635700000,O,17,52,0,10,1,,,,0,,99991231
20,Z33000000000000001000054635800000,O,17,52,0,10,1,,,,0,,99991231
20,Z33000000000000001000054635900000,O,17,52,0,10,1,,,,0,,99991231
20,Z33000000000000001000054636000000,O,17,52,0,10,1,,,,0,,99991231
20,Z33000000000000001000054636100000,O,17,52,0,10,1,,,,0,,99991231
20,Z33000000000000001000054636200000,O,17,52,0,10,1,,,,0,,99991231
20,Z33000000000000001000054636300000,O,17,52,0,10,1,,,,0,,99991231
20,Z33000000000000001000054636400000,O,17,52,0,10,1,,,,0,,99991231
20,Z33000000000000001000054636500000,O,17,52,0,10,1,,,,0,,99991231
20,Z33000000000000001000054636600000,O,17,52,0,10,1,,,,0,,99991231
20,Z33000000000000001000054636700000,O,17,52,0,10,1,,,,0,,99991231
20,Z33000000000000001000054636800000,O,17,52,0,10,1,,,,0,,99991231
20,Z33000000000000001000054636900000,O,17,52,0,10,1,,,,0,,99991231
20,Z33000000000000001000054637100000,O,17,52,0,10,1,,,,0,,99991231
20,Z33000000000000001000054637200000,O,17,52,0,10,1,,,,0,,99991231
20,Z33000000000000001000054637300000,O,17,52,0,10,1,,,,0,,99991231
20,Z33000000000000001000054637400000,O,17,52,0,10,1,,,,0,,99991231
20,Z33000000000000001000054637500000,O,17,52,0,10,1,,,,0,,99991231
20,Z33000000000000001000054637600000,O,17,52,0,10,1,,,,0,,99991231
20,Z33000000000000001000054637700000,O,17,52,0,10,1,,,,0,,99991231
20,Z33000000000000001000054637800000,O,17,52,0,10,1,,,,0,,99991231
20,Z33000000000000001000054637900000,O,17,52,0,10,1,,,,0,,99991231
20,Z33000000000000001000054638000000,O,17,52,0,10,1,,,,0,,99991231
20,Z33000000000000001000054638100000,O,17,52,0,10,1,,,,0,,99991231
20,Z33000000000000001000054638200000,O,17,52,0,10,1,,,,0,,99991231
20,Z33000000000000001000054638300000,O,17,52,0,10,1,,,,0,,99991231
20,Z33000000000000001000054638400000,O,17,52,0,10,1,,,,0,,99991231
20,Z33000000000000001000054638500000,O,17,52,0,10,1,,,,0,,99991231
20,Z33000000000000001000054638800000,O,17,52,0,10,1,,,,0,,99991231
20,Z33000000000000001000054638900000,O,17,52,0,10,1,,,,0,,99991231
20,Z33000000000000001000054639000000,O,17,52,0,10,1,,,,0,,99991231
20,Z33000000000000001000054639100000,O,17,52,0,10,1,,,,0,,99991231
20,Z33000000000000001000054639200000,O,17,52,0,10,1,,,,0,,99991231
20,Z33000000000000001000054639300000,O,17,52,0,10,1,,,,0,,99991231
20,Z33000000000000001000054639400000,O,17,52,0,10,1,,,,0,,99991231
20,Z33000000000000001000054639500000,O,17,52,0,10,1,,,,0,,99991231
20,Z33000000000000001000054639600000,O,17,52,0,10,1,,,,0,,99991231
20,Z33000000000000001000054639700000,O,17,52,0,10,1,,,,0,,99991231
20,Z33000000000000001000054639800000,O,17,52,0,10,1,,,,0,,99991231
20,Z33000000000000001000054640700000,O,17,52,0,10,1,,,,0,,99991231
20,Z33000000000000001000054640800000,O,17,52,0,10,1,,,,0,,99991231
20,Z33000000000000001000054640900000,O,17,52,0,10,1,,,,0,,99991231
20,Z33000000000000001000054641000000,O,17,52,0,10,1,,,,0,,99991231
20,Z33000000000000001000054641100000,O,17,52,0,10,1,,,,0,,99991231
20,Z33000000000000001000054641200000,O,17,52,0,10,1,,,,0,,99991231
20,Z33000000000000001000054641300000,O,17,52,0,10,1,,,,0,,99991231
20,Z33000000000000001000054641400000,O,17,52,0,10,1,,,,0,,99991231
20,Z33000000000000001000054641500000,O,17,52,0,10,1,,,,0,,99991231
20,Z33000000000000001000054641600000,O,17,52,0,10,1,,,,0,,99991231
20,Z33000000000000001000054641700000,O,17,52,0,10,1,,,,0,,99991231
20,Z33000000000000001000054641800000,O,17,52,0,10,1,,,,0,,99991231
20,Z33000000000000001000054641900000,O,17,52,0,10,1,,,,0,,99991231
20,Z33000000000000001000054642000000,O,17,52,0,10,1,,,,0,,99991231
20,Z33000000000000001000054642100000,O,17,52,0,10,1,,,,0,,99991231
20,Z33000000000000001000054642200000,O,17,52,0,10,1,,,,0,,99991231
20,Z33000000000000001000054642300000,O,17,52,0,10,1,,,,0,,99991231
20,Z33000000000000001000054642600000,O,17,52,0,10,1,,,,0,,99991231
20,Z33000000000000001000055102000000,O,17,52,0,10,1,,,,0,,99991231
20,Z33000000000000001000055102100000,O,17,52,0,10,1,,,,0,,99991231
20,Z33000000000000001000055102700000,O,17,52,0,10,1,,,,0,,99991231
20,Z33000000000000001000055102800000,O,17,52,0,10,1,,,,0,,99991231
20,Z33000000000000001000055103000000,O,17,52,0,10,1,,,,0,,99991231
20,Z33000000000000001000055103100000,O,17,52,0,10,1,,,,0,,99991231
20,Z33000000000000001000055103200000,O,17,52,0,10,1,,,,0,,99991231
20,Z40000000000000001000055105200000,O,17,52,0,10,1,,,,0,,99991231
20,Z40000000000000001000055105300000,O,17,52,0,10,1,,,,0,,99991231
20,Z40000000000000001000055105400000,O,17,52,0,10,1,,,,0,,99991231
20,Z40000000000000001000055105500000,O,17,52,0,10,1,,,,0,,99991231
20,Z40000000000000001000055105600000,O,17,52,0,10,1,,,,0,,99991231
20,Z33000000000000001000055106200000,O,17,52,0,10,1,,,,0,,99991231
20,Z33000000000000001000055106300000,O,17,52,0,10,1,,,,0,,99991231
20,Z33000000000000001000055106400000,O,17,52,0,10,1,,,,0,,99991231
20,Z40000000000000001000055106600000,O,17,52,0,10,1,,,,0,,99991231
20,Z40000000000000001000055106700000,O,17,52,0,10,1,,,,0,,99991231
20,Z40000000000000001000055106800000,O,17,52,0,10,1,,,,0,,99991231
20,Z40000000000000001000055106900000,O,17,52,0,10,1,,,,0,,99991231
20,Z40000000000000001000055107000000,O,17,52,0,10,1,,,,0,,99991231
20,Z33000000000000001000055107900000,O,17,52,0,10,1,,,,0,,99991231
20,Z33000000000000001000055108000000,O,17,52,0,10,1,,,,0,,99991231
20,Z33000000000000001000055108100000,O,17,52,0,10,1,,,,0,,99991231
20,Z33000000000000001000055108600000,O,17,52,0,10,1,,,,0,,99991231
20,Z33000000000000001000055108700000,O,17,52,0,10,1,,,,0,,99991231
20,Z33000000000000001000055109200000,O,17,52,0,10,1,,,,0,,99991231
20,Z33000000000000001000055109300000,O,17,52,0,10,1,,,,0,,99991231
20,Z33000000000000001000055109400000,O,17,52,0,10,1,,,,0,,99991231
20,Z33000000000000001000055109600000,O,17,52,0,10,1,,,,0,,99991231
20,Z33000000000000001000055109700000,O,17,52,0,10,1,,,,0,,99991231
20,Z33000000000000001000055109800000,O,17,52,0,10,1,,,,0,,99991231
20,Z33000000000000001000055109900000,O,17,52,0,10,1,,,,0,,99991231
20,Z33000000000000001000055110400000,O,17,52,0,10,1,,,,0,,99991231
20,Z33000000000000001000055110500000,O,17,52,0,10,1,,,,0,,99991231
20,Z33000000000000001000055112000000,O,17,52,0,10,1,,,,0,,99991231
20,Z33000000000000001000055112100000,O,17,52,0,10,1,,,,0,,99991231
20,Z40000000000000001000055114600000,O,17,52,0,10,1,,,,0,,99991231
20,Z40000000000000001000055114700000,O,17,52,0,10,1,,,,0,,99991231
20,Z40000000000000001000055114800000,O,17,52,0,10,1,,,,0,,99991231
20,Z40000000000000001000055114900000,O,17,52,0,10,1,,,,0,,99991231
20,Z40000000000000001000055115000000,O,17,52,0,10,1,,,,0,,99991231
20,Z40000000000000001000055115100000,O,17,52,0,10,1,,,,0,,99991231
20,Z40000000000000001000055118800000,O,17,52,0,10,1,,,,0,,99991231
20,Z40000000000000001000055118900000,O,17,52,0,10,1,,,,0,,99991231
20,Z40000000000000001000055119100000,O,17,52,0,10,1,,,,0,,99991231
20,Z40000000000000001000055119200000,O,17,52,0,10,1,,,,0,,99991231
20,Z40000000000000001000055119300000,O,17,52,0,10,1,,,,0,,99991231
20,Z40000000000000001000055119400000,O,17,52,0,10,1,,,,0,,99991231
20,Z40000000000000001000055119500000,O,17,52,0,10,1,,,,0,,99991231
20,Z40000000000000001000055119600000,O,17,52,0,10,1,,,,0,,99991231
20,Z29000000000000001000019195015000,O,17,52,0,10,1,,,,0,,99991231
20,Z40000000000000001000055121400000,O,17,52,0,10,1,,,,0,,99991231
20,Z40000000000000001000055121500000,O,17,52,0,10,1,,,,0,,99991231
20,Z40000000000000001000055121600000,O,17,52,0,10,1,,,,0,,99991231
20,Z40000000000000001000055121700000,O,17,52,0,10,1,,,,0,,99991231
20,Z40000000000000001000055121800000,O,17,52,0,10,1,,,,0,,99991231
20,Z40000000000000001000055121900000,O,17,52,0,10,1,,,,0,,99991231
20,Z40000000000000001000055125500000,O,17,52,0,10,1,,,,0,,99991231
20,Z40000000000000001000055125600000,O,17,52,0,10,1,,,,0,,99991231
20,Z40000000000000001000055125700000,O,17,52,0,10,1,,,,0,,99991231
20,Z40000000000000001000055125800000,O,17,52,0,10,1,,,,0,,99991231
20,Z40000000000000001000055125900000,O,17,52,0,10,1,,,,0,,99991231
20,Z40000000000000001000055126000000,O,17,52,0,10,1,,,,0,,99991231
20,Z40000000000000001000055126100000,O,17,52,0,10,1,,,,0,,99991231
20,Z40000000000000001000055129000000,O,17,52,0,10,1,,,,0,,99991231
20,Z40000000000000001000055129100000,O,17,52,0,10,1,,,,0,,99991231
20,Z40000000000000001000055129200000,O,17,52,0,10,1,,,,0,,99991231
20,Z40000000000000001000055129300000,O,17,52,0,10,1,,,,0,,99991231
20,Z40000000000000001000055129400000,O,17,52,0,10,1,,,,0,,99991231
20,Z40000000000000001000055129500000,O,17,52,0,10,1,,,,0,,99991231
20,Z40000000000000001000055129600000,O,17,52,0,10,1,,,,0,,99991231
20,Z40000000000000001000055131200000,O,17,52,0,10,1,,,,0,,99991231
20,Z40000000000000001000055131300000,O,17,52,0,10,1,,,,0,,99991231
20,Z40000000000000001000055131400000,O,17,52,0,10,1,,,,0,,99991231
20,Z40000000000000001000055131500000,O,17,52,0,10,1,,,,0,,99991231
20,Z40000000000000001000055131600000,O,17,52,0,10,1,,,,0,,99991231
20,Z29000000000000001000046929403000,O,17,52,0,10,1,,,,0,,99991231
20,Z29000000000000001000006208706000,O,17,52,0,10,1,,,,0,,99991231
20,Z29000000000000001000006208707000,O,17,52,0,10,1,,,,0,,99991231
20,Z40000000000000001000055156400000,O,17,52,0,10,1,,,,0,,99991231
20,Z40000000000000001000055156500000,O,17,52,0,10,1,,,,0,,99991231
20,Z40000000000000001000055156600000,O,17,52,0,10,1,,,,0,,99991231
20,Z40000000000000001000055156700000,O,17,52,0,10,1,,,,0,,99991231
20,Z40000000000000001000055156800000,O,17,52,0,10,1,,,,0,,99991231
20,Z40000000000000001000055156900000,O,17,52,0,10,1,,,,0,,99991231
20,Z40000000000000001000055157000000,O,17,52,0,10,1,,,,0,,99991231
20,Z40000000000000001000055161700000,O,17,52,0,10,1,,,,0,,99991231
20,Z40000000000000001000055161800000,O,17,52,0,10,1,,,,0,,99991231
20,Z40000000000000001000055161900000,O,17,52,0,10,1,,,,0,,99991231
20,Z40000000000000001000055162000000,O,17,52,0,10,1,,,,0,,99991231
20,Z40000000000000001000055162100000,O,17,52,0,10,1,,,,0,,99991231
20,Z40000000000000001000055162200000,O,17,52,0,10,1,,,,0,,99991231
20,Z40000000000000001000055162300000,O,17,52,0,10,1,,,,0,,99991231
20,Z40000000000000001000055167300000,O,17,52,0,10,1,,,,0,,99991231
20,Z40000000000000001000055167400000,O,17,52,0,10,1,,,,0,,99991231
20,Z40000000000000001000055167500000,O,17,52,0,10,1,,,,0,,99991231
20,Z40000000000000001000055167600000,O,17,52,0,10,1,,,,0,,99991231
20,Z40000000000000001000055167700000,O,17,52,0,10,1,,,,0,,99991231
20,Z40000000000000001000055167800000,O,17,52,0,10,1,,,,0,,99991231
20,Z40000000000000001000055172200000,O,17,52,0,10,1,,,,0,,99991231
20,Z40000000000000001000055172300000,O,17,52,0,10,1,,,,0,,99991231
20,Z40000000000000001000055172400000,O,17,52,0,10,1,,,,0,,99991231
20,Z40000000000000001000055172500000,O,17,52,0,10,1,,,,0,,99991231
20,Z40000000000000001000055172600000,O,17,52,0,10,1,,,,0,,99991231
20,Z40000000000000001000055172700000,O,17,52,0,10,1,,,,0,,99991231
20,Z40000000000000001000055172800000,O,17,52,0,10,1,,,,0,,99991231
20,Z40000000000000001000055177900000,O,17,52,0,10,1,,,,0,,99991231
20,Z40000000000000001000055178000000,O,17,52,0,10,1,,,,0,,99991231
20,Z40000000000000001000055178100000,O,17,52,0,10,1,,,,0,,99991231
20,Z40000000000000001000055178200000,O,17,52,0,10,1,,,,0,,99991231
20,Z40000000000000001000055178600000,O,17,52,0,10,1,,,,0,,99991231
20,Z40000000000000001000055178700000,O,17,52,0,10,1,,,,0,,99991231
20,Z40000000000000001000055180300000,O,17,52,0,10,1,,,,0,,99991231
20,Z40000000000000001000055180400000,O,17,52,0,10,1,,,,0,,99991231
20,Z40000000000000001000055180500000,O,17,52,0,10,1,,,,0,,99991231
20,Z40000000000000001000055180600000,O,17,52,0,10,1,,,,0,,99991231
20,Z40000000000000001000055185300000,O,17,52,0,10,1,,,,0,,99991231
20,Z40000000000000001000055185400000,O,17,52,0,10,1,,,,0,,99991231
20,Z40000000000000001000055191000000,O,17,52,0,10,1,,,,0,,99991231
20,Z40000000000000001000055191100000,O,17,52,0,10,1,,,,0,,99991231
20,Z40000000000000001000055191200000,O,17,52,0,10,1,,,,0,,99991231
20,Z40000000000000001000055191300000,O,17,52,0,10,1,,,,0,,99991231
20,Z40000000000000001000055191400000,O,17,52,0,10,1,,,,0,,99991231
20,Z40000000000000001000055191500000,O,17,52,0,10,1,,,,0,,99991231
20,Z33000000000000001000055223800000,O,17,52,0,10,1,,,,0,,99991231
20,Z33000000000000001000055223900000,O,17,52,0,10,1,,,,0,,99991231
20,Z33000000000000001000055224000000,O,17,52,0,10,1,,,,0,,99991231
20,Z33000000000000001000055224100000,O,17,52,0,10,1,,,,0,,99991231
20,Z33000000000000001000055224200000,O,17,52,0,10,1,,,,0,,99991231
20,Z33000000000000001000055224300000,O,17,52,0,10,1,,,,0,,99991231
20,Z33000000000000001000055224400000,O,17,52,0,10,1,,,,0,,99991231
20,Z33000000000000001000055224500000,O,17,52,0,10,1,,,,0,,99991231
20,Z33000000000000001000055285100000,O,17,52,0,10,1,,,,0,,99991231
20,Z33000000000000001000055285200000,O,17,52,0,10,1,,,,0,,99991231
20,Z33000000000000001000055285300000,O,17,52,0,10,1,,,,0,,99991231
20,Z33000000000000001000055285400000,O,17,52,0,10,1,,,,0,,99991231
20,Z33000000000000001000055285500000,O,17,52,0,10,1,,,,0,,99991231
20,Z33000000000000001000055285600000,O,17,52,0,10,1,,,,0,,99991231
20,Z33000000000000001000055285700000,O,17,52,0,10,1,,,,0,,99991231
20,Z33000000000000001000055285800000,O,17,52,0,10,1,,,,0,,99991231
20,Z33000000000000001000055286000000,O,17,52,0,10,1,,,,0,,99991231
20,Z33000000000000001000055286100000,O,17,52,0,10,1,,,,0,,99991231
20,Z33000000000000001000055286200000,O,17,52,0,10,1,,,,0,,99991231
20,Z33000000000000001000055286300000,O,17,52,0,10,1,,,,0,,99991231
20,Z33000000000000001000055286400000,O,17,52,0,10,1,,,,0,,99991231
20,Z33000000000000001000055286500000,O,17,52,0,10,1,,,,0,,99991231
20,Z33000000000000001000055286600000,O,17,52,0,10,1,,,,0,,99991231
20,Z33000000000000001000055286700000,O,17,52,0,10,1,,,,0,,99991231
20,Z33000000000000001000055286800000,O,17,52,0,10,1,,,,0,,99991231
20,Z33000000000000001000055286900000,O,17,52,0,10,1,,,,0,,99991231
20,Z33000000000000001000055287000000,O,17,52,0,10,1,,,,0,,99991231
20,Z33000000000000001000055287100000,O,17,52,0,10,1,,,,0,,99991231
20,Z33000000000000001000055287200000,O,17,52,0,10,1,,,,0,,99991231
20,Z33000000000000001000055287300000,O,17,52,0,10,1,,,,0,,99991231
20,Z33000000000000001000055287400000,O,17,52,0,10,1,,,,0,,99991231
20,Z33000000000000001000055287500000,O,17,52,0,10,1,,,,0,,99991231
20,Z33000000000000001000055287600000,O,17,52,0,10,1,,,,0,,99991231
20,Z33000000000000001000055287700000,O,17,52,0,10,1,,,,0,,99991231
20,Z33000000000000001000055287800000,O,17,52,0,10,1,,,,0,,99991231
20,Z33000000000000001000055287900000,O,17,52,0,10,1,,,,0,,99991231
20,Z33000000000000001000055288000000,O,17,52,0,10,1,,,,0,,99991231
20,Z33000000000000001000055288100000,O,17,52,0,10,1,,,,0,,99991231
20,Z33000000000000001000055288200000,O,17,52,0,10,1,,,,0,,99991231
20,Z33000000000000001000055288300000,O,17,52,0,10,1,,,,0,,99991231
20,Z33000000000000001000055288400000,O,17,52,0,10,1,,,,0,,99991231
20,Z33000000000000001000055288500000,O,17,52,0,10,1,,,,0,,99991231
20,Z33000000000000001000055288600000,O,17,52,0,10,1,,,,0,,99991231
20,Z33000000000000001000055288700000,O,17,52,0,10,1,,,,0,,99991231
20,Z33000000000000001000055288800000,O,17,52,0,10,1,,,,0,,99991231
20,Z33000000000000001000055288900000,O,17,52,0,10,1,,,,0,,99991231
20,Z33000000000000001000055289000000,O,17,52,0,10,1,,,,0,,99991231
20,Z33000000000000001000055289100000,O,17,52,0,10,1,,,,0,,99991231
20,Z33000000000000001000055289200000,O,17,52,0,10,1,,,,0,,99991231
20,Z33000000000000001000055289300000,O,17,52,0,10,1,,,,0,,99991231
20,Z33000000000000001000055289400000,O,17,52,0,10,1,,,,0,,99991231
20,Z33000000000000001000055289500000,O,17,52,0,10,1,,,,0,,99991231
20,Z33000000000000001000055289600000,O,17,52,0,10,1,,,,0,,99991231
20,Z33000000000000001000055289700000,O,17,52,0,10,1,,,,0,,99991231
20,Z33000000000000001000055289800000,O,17,52,0,10,1,,,,0,,99991231
20,Z33000000000000001000055289900000,O,17,52,0,10,1,,,,0,,99991231
20,Z33000000000000001000055290000000,O,17,52,0,10,1,,,,0,,99991231
20,Z33000000000000001000055290100000,O,17,52,0,10,1,,,,0,,99991231
20,Z33000000000000001000055290200000,O,17,52,0,10,1,,,,0,,99991231
20,Z33000000000000001000055290300000,O,17,52,0,10,1,,,,0,,99991231
20,Z33000000000000001000055290400000,O,17,52,0,10,1,,,,0,,99991231
20,Z33000000000000001000055290500000,O,17,52,0,10,1,,,,0,,99991231
20,Z33000000000000001000055290600000,O,17,52,0,10,1,,,,0,,99991231
20,Z33000000000000001000055290700000,O,17,52,0,10,1,,,,0,,99991231
20,Z33000000000000001000055290800000,O,17,52,0,10,1,,,,0,,99991231
20,Z33000000000000001000055290900000,O,17,52,0,10,1,,,,0,,99991231
20,Z33000000000000001000055291000000,O,17,52,0,10,1,,,,0,,99991231
20,Z33000000000000001000055291100000,O,17,52,0,10,1,,,,0,,99991231
20,Z33000000000000001000055291200000,O,17,52,0,10,1,,,,0,,99991231
20,Z33000000000000001000055291300000,O,17,52,0,10,1,,,,0,,99991231
20,Z33000000000000001000055291400000,O,17,52,0,10,1,,,,0,,99991231
20,Z33000000000000001000055291500000,O,17,52,0,10,1,,,,0,,99991231
20,Z33000000000000001000055291600000,O,17,52,0,10,1,,,,0,,99991231
20,Z33000000000000001000055291700000,O,17,52,0,10,1,,,,0,,99991231
20,Z33000000000000001000055291800000,O,17,52,0,10,1,,,,0,,99991231
20,Z33000000000000001000055291900000,O,17,52,0,10,1,,,,0,,99991231
20,Z33000000000000001000055292000000,O,17,52,0,10,1,,,,0,,99991231
20,Z33000000000000001000055292100000,O,17,52,0,10,1,,,,0,,99991231
20,Z33000000000000001000055292200000,O,17,52,0,10,1,,,,0,,99991231
20,Z33000000000000001000055292300000,O,17,52,0,10,1,,,,0,,99991231
20,Z33000000000000001000055292400000,O,17,52,0,10,1,,,,0,,99991231
20,Z33000000000000001000055292500000,O,17,52,0,10,1,,,,0,,99991231
20,Z33000000000000001000055292600000,O,17,52,0,10,1,,,,0,,99991231
20,Z33000000000000001000055292700000,O,17,52,0,10,1,,,,0,,99991231
20,Z33000000000000001000055292800000,O,17,52,0,10,1,,,,0,,99991231
20,Z33000000000000001000055293000000,O,17,52,0,10,1,,,,0,,99991231
20,Z33000000000000001000055293100000,O,17,52,0,10,1,,,,0,,99991231
20,Z33000000000000001000055293200000,O,17,52,0,10,1,,,,0,,99991231
20,Z33000000000000001000055293300000,O,17,52,0,10,1,,,,0,,99991231
20,Z33000000000000001000055293400000,O,17,52,0,10,1,,,,0,,99991231
20,Z33000000000000001000055293500000,O,17,52,0,10,1,,,,0,,99991231
20,Z33000000000000001000055293600000,O,17,52,0,10,1,,,,0,,99991231
20,Z33000000000000001000055293700000,O,17,52,0,10,1,,,,0,,99991231
20,Z33000000000000001000055293800000,O,17,52,0,10,1,,,,0,,99991231
20,Z33000000000000001000055293900000,O,17,52,0,10,1,,,,0,,99991231
20,Z33000000000000001000055294000000,O,17,52,0,10,1,,,,0,,99991231
20,Z33000000000000001000055294100000,O,17,52,0,10,1,,,,0,,99991231
20,Z33000000000000001000055294200000,O,17,52,0,10,1,,,,0,,99991231
20,Z33000000000000001000055294300000,O,17,52,0,10,1,,,,0,,99991231
20,Z33000000000000001000055294400000,O,17,52,0,10,1,,,,0,,99991231
20,Z33000000000000001000055294600000,O,17,52,0,10,1,,,,0,,99991231
20,Z33000000000000001000055294700000,O,17,52,0,10,1,,,,0,,99991231
20,Z33000000000000001000055294800000,O,17,52,0,10,1,,,,0,,99991231
20,Z33000000000000001000055294900000,O,17,52,0,10,1,,,,0,,99991231
20,Z33000000000000001000055295000000,O,17,52,0,10,1,,,,0,,99991231
20,Z33000000000000001000055295100000,O,17,52,0,10,1,,,,0,,99991231
20,Z33000000000000001000055295200000,O,17,52,0,10,1,,,,0,,99991231
20,Z33000000000000001000055295300000,O,17,52,0,10,1,,,,0,,99991231
20,Z33000000000000001000055295400000,O,17,52,0,10,1,,,,0,,99991231
20,Z33000000000000001000055295500000,O,17,52,0,10,1,,,,0,,99991231
20,Z33000000000000001000055295600000,O,17,52,0,10,1,,,,0,,99991231
20,Z33000000000000001000055295700000,O,17,52,0,10,1,,,,0,,99991231
20,Z33000000000000001000055295800000,O,17,52,0,10,1,,,,0,,99991231
20,Z33000000000000001000055295900000,O,17,52,0,10,1,,,,0,,99991231
20,Z33000000000000001000055296000000,O,17,52,0,10,1,,,,0,,99991231
20,Z33000000000000001000055296100000,O,17,52,0,10,1,,,,0,,99991231
20,Z33000000000000001000055296200000,O,17,52,0,10,1,,,,0,,99991231
20,Z33000000000000001000055296300000,O,17,52,0,10,1,,,,0,,99991231
20,Z33000000000000001000055296400000,O,17,52,0,10,1,,,,0,,99991231
20,Z33000000000000001000055296500000,O,17,52,0,10,1,,,,0,,99991231
20,Z33000000000000001000055296600000,O,17,52,0,10,1,,,,0,,99991231
20,Z33000000000000001000055296700000,O,17,52,0,10,1,,,,0,,99991231
20,Z33000000000000001000055296800000,O,17,52,0,10,1,,,,0,,99991231
20,Z33000000000000001000055296900000,O,17,52,0,10,1,,,,0,,99991231
20,Z33000000000000001000055297100000,O,17,52,0,10,1,,,,0,,99991231
20,Z33000000000000001000055297200000,O,17,52,0,10,1,,,,0,,99991231
20,Z33000000000000001000055297300000,O,17,52,0,10,1,,,,0,,99991231
20,Z33000000000000001000055297400000,O,17,52,0,10,1,,,,0,,99991231
20,Z33000000000000001000055297500000,O,17,52,0,10,1,,,,0,,99991231
20,Z33000000000000001000055297600000,O,17,52,0,10,1,,,,0,,99991231
20,Z33000000000000001000055297800000,O,17,52,0,10,1,,,,0,,99991231
20,Z33000000000000001000055297900000,O,17,52,0,10,1,,,,0,,99991231
20,Z29000000000000001000004224401000,O,17,52,0,10,1,,,,0,,99991231
20,Z29000000000000001000004231001000,O,17,52,0,10,1,,,,0,,99991231
20,Z29000000000000001000004224901000,O,17,52,0,10,1,,,,0,,99991231
20,Z29000000000000001000005709302000,O,17,52,0,10,1,,,,0,,99991231
20,Z29000000000000001000005709303000,O,17,52,0,10,1,,,,0,,99991231
20,Z29000000000000001000005709402000,O,17,52,0,10,1,,,,0,,99991231
20,Z29000000000000001000005709403000,O,17,52,0,10,1,,,,0,,99991231
20,Z29000000000000001000001436807000,O,17,52,0,10,1,,,,0,,99991231
20,Z40000000000000001000055933700000,O,17,52,0,10,1,,,,0,,99991231
20,Z40000000000000001000055933800000,O,17,52,0,10,1,,,,0,,99991231
20,Z40000000000000001000055934000000,O,17,52,0,10,1,,,,0,,99991231
20,Z29000000000000001000015799402000,O,17,52,0,10,1,,,,0,,99991231
20,Z29000000000000001000018455702000,O,17,52,0,10,1,,,,0,,99991231
20,Z40000000000000001000055959200000,O,17,52,0,10,1,,,,0,,99991231
20,Z40000000000000001000055959300000,O,17,52,0,10,1,,,,0,,99991231
20,Z40000000000000001000055959400000,O,17,52,0,10,1,,,,0,,99991231
20,Z40000000000000001000055959500000,O,17,52,0,10,1,,,,0,,99991231
20,Z40000000000000001000055959600000,O,17,52,0,10,1,,,,0,,99991231
20,Z40000000000000001000055959700000,O,17,52,0,10,1,,,,0,,99991231
20,Z40000000000000001000055959800000,O,17,52,0,10,1,,,,0,,99991231
20,Z40000000000000001000055959900000,O,17,52,0,10,1,,,,0,,99991231
20,Z40000000000000001000055960000000,O,17,52,0,10,1,,,,0,,99991231
20,Z40000000000000001000055960100000,O,17,52,0,10,1,,,,0,,99991231
20,Z29000000000000001000015886804000,O,17,52,0,10,1,,,,0,,99991231
20,Z29000000000000001000021645302000,O,17,52,0,10,1,,,,0,,99991231
20,Z29000000000000001000021657502000,O,17,52,0,10,1,,,,0,,99991231
20,Z33000000000000001000055960700000,O,17,52,0,10,1,,,,0,,99991231
20,Z33000000000000001000055960800000,O,17,52,0,10,1,,,,0,,99991231
20,Z33000000000000001000055960900000,O,17,52,0,10,1,,,,0,,99991231
20,Z33000000000000001000055961000000,O,17,52,0,10,1,,,,0,,99991231
20,Z29000000000000001000024920302000,O,17,52,0,10,1,,,,0,,99991231
20,Z33000000000000001000055963200000,O,17,52,0,10,1,,,,0,,99991231
20,Z33000000000000001000055963300000,O,17,52,0,10,1,,,,0,,99991231
20,Z29000000000000001000055958200000,O,17,52,0,10,1,,,,0,,99991231
20,Z33000000000000001000055964700000,O,17,52,0,10,1,,,,0,,99991231
20,Z33000000000000001000055964800000,O,17,52,0,10,1,,,,0,,99991231
20,Z33000000000000001000055964900000,O,17,52,0,10,1,,,,0,,99991231
20,Z33000000000000001000055965000000,O,17,52,0,10,1,,,,0,,99991231
20,Z33000000000000001000055965100000,O,17,52,0,10,1,,,,0,,99991231
20,Z33000000000000001000055965200000,O,17,52,0,10,1,,,,0,,99991231
20,Z33000000000000001000055965300000,O,17,52,0,10,1,,,,0,,99991231
20,Z33000000000000001000055965400000,O,17,52,0,10,1,,,,0,,99991231
20,Z33000000000000001000055965900000,O,17,52,0,10,1,,,,0,,99991231
20,Z33000000000000001000055966000000,O,17,52,0,10,1,,,,0,,99991231
20,Z33000000000000001000055966100000,O,17,52,0,10,1,,,,0,,99991231
20,Z33000000000000001000055966200000,O,17,52,0,10,1,,,,0,,99991231
20,Z40000000000000001000055966600000,O,17,52,0,10,1,,,,0,,99991231
20,Z40000000000000001000055966700000,O,17,52,0,10,1,,,,0,,99991231
20,Z40000000000000001000055966800000,O,17,52,0,10,1,,,,0,,99991231
20,Z33000000000000001000055967000000,O,17,52,0,10,1,,,,0,,99991231
20,Z33000000000000001000055967100000,O,17,52,0,10,1,,,,0,,99991231
20,Z33000000000000001000055967200000,O,17,52,0,10,1,,,,0,,99991231
20,Z33000000000000001000055967300000,O,17,52,0,10,1,,,,0,,99991231
20,Z33000000000000001000055967400000,O,17,52,0,10,1,,,,0,,99991231
20,Z33000000000000001000055967500000,O,17,52,0,10,1,,,,0,,99991231
20,Z33000000000000001000055967600000,O,17,52,0,10,1,,,,0,,99991231
20,Z33000000000000001000055967700000,O,17,52,0,10,1,,,,0,,99991231
20,Z33000000000000001000055967800000,O,17,52,0,10,1,,,,0,,99991231
20,Z33000000000000001000055967900000,O,17,52,0,10,1,,,,0,,99991231
20,Z40000000000000001000055968100000,O,17,52,0,10,1,,,,0,,99991231
20,Z40000000000000001000055971300000,O,17,52,0,10,1,,,,0,,99991231
20,Z40000000000000001000055971400000,O,17,52,0,10,1,,,,0,,99991231
20,Z40000000000000001000055971600000,O,17,52,0,10,1,,,,0,,99991231
20,Z40000000000000001000055971700000,O,17,52,0,10,1,,,,0,,99991231
20,Z40000000000000001000055971800000,O,17,52,0,10,1,,,,0,,99991231
20,Z40000000000000001000055971900000,O,17,52,0,10,1,,,,0,,99991231
20,Z40000000000000001000055972000000,O,17,52,0,10,1,,,,0,,99991231
20,Z40000000000000001000055972600000,O,17,52,0,10,1,,,,0,,99991231
20,Z40000000000000001000055972700000,O,17,52,0,10,1,,,,0,,99991231
20,Z40000000000000001000055974500000,O,17,52,0,10,1,,,,0,,99991231
20,Z40000000000000001000055974600000,O,17,52,0,10,1,,,,0,,99991231
20,Z40000000000000001000055974700000,O,17,52,0,10,1,,,,0,,99991231
20,Z40000000000000001000055974800000,O,17,52,0,10,1,,,,0,,99991231
20,Z40000000000000001000055974900000,O,17,52,0,10,1,,,,0,,99991231
20,Z40000000000000001000055975000000,O,17,52,0,10,1,,,,0,,99991231
20,Z40000000000000001000055975100000,O,17,52,0,10,1,,,,0,,99991231
20,Z40000000000000001000055975200000,O,17,52,0,10,1,,,,0,,99991231
20,Z40000000000000001000055975300000,O,17,52,0,10,1,,,,0,,99991231
20,Z40000000000000001000055977800000,O,17,52,0,10,1,,,,0,,99991231
20,Z40000000000000001000055979000000,O,17,52,0,10,1,,,,0,,99991231
20,Z29000000000000001000041606204000,O,17,52,0,10,1,,,,0,,99991231
20,Z29000000000000001000030064701000,O,17,52,0,10,1,,,,0,,99991231
20,Z29000000000000001000030065601000,O,17,52,0,10,1,,,,0,,99991231
20,Z40000000000000001000056026100000,O,17,52,0,10,1,,,,0,,99991231
20,Z40000000000000001000056026200000,O,17,52,0,10,1,,,,0,,99991231
20,Z40000000000000001000056026300000,O,17,52,0,10,1,,,,0,,99991231
20,Z40000000000000001000056026400000,O,17,52,0,10,1,,,,0,,99991231
20,Z40000000000000001000056026500000,O,17,52,0,10,1,,,,0,,99991231
20,Z40000000000000001000056026600000,O,17,52,0,10,1,,,,0,,99991231
20,Z40000000000000001000056031000000,O,17,52,0,10,1,,,,0,,99991231
20,Z40000000000000001000056031100000,O,17,52,0,10,1,,,,0,,99991231
20,Z40000000000000001000056035700000,O,17,52,0,10,1,,,,0,,99991231
20,Z40000000000000001000056039500000,O,17,52,0,10,1,,,,0,,99991231
20,Z40000000000000001000056039700000,O,17,52,0,10,1,,,,0,,99991231
20,Z40000000000000001000056039800000,O,17,52,0,10,1,,,,0,,99991231
20,Z40000000000000001000056039900000,O,17,52,0,10,1,,,,0,,99991231
20,Z40000000000000001000056040000000,O,17,52,0,10,1,,,,0,,99991231
20,Z40000000000000001000056046300000,O,17,52,0,10,1,,,,0,,99991231
20,Z40000000000000001000056046400000,O,17,52,0,10,1,,,,0,,99991231
20,Z40000000000000001000056046500000,O,17,52,0,10,1,,,,0,,99991231
20,Z40000000000000001000056046600000,O,17,52,0,10,1,,,,0,,99991231
20,Z40000000000000001000056046700000,O,17,52,0,10,1,,,,0,,99991231
20,Z40000000000000001000056046800000,O,17,52,0,10,1,,,,0,,99991231
20,Z40000000000000001000056046900000,O,17,52,0,10,1,,,,0,,99991231
20,Z40000000000000001000056047900000,O,17,52,0,10,1,,,,0,,99991231
20,Z40000000000000001000056048000000,O,17,52,0,10,1,,,,0,,99991231
20,Z40000000000000001000056048100000,O,17,52,0,10,1,,,,0,,99991231
20,Z40000000000000001000056048200000,O,17,52,0,10,1,,,,0,,99991231
20,Z40000000000000001000056048300000,O,17,52,0,10,1,,,,0,,99991231
20,Z33000000000000001000056055700000,O,17,52,0,10,1,,,,0,,99991231
20,Z33000000000000001000056055800000,O,17,52,0,10,1,,,,0,,99991231
20,Z33000000000000001000056055900000,O,17,52,0,10,1,,,,0,,99991231
20,Z33000000000000001000056056200000,O,17,52,0,10,1,,,,0,,99991231
20,Z33000000000000001000056056300000,O,17,52,0,10,1,,,,0,,99991231
20,Z33000000000000001000056056400000,O,17,52,0,10,1,,,,0,,99991231
20,Z33000000000000001000056056500000,O,17,52,0,10,1,,,,0,,99991231
20,Z33000000000000001000056056900000,O,17,52,0,10,1,,,,0,,99991231
20,Z33000000000000001000056057000000,O,17,52,0,10,1,,,,0,,99991231
20,Z33000000000000001000056057100000,O,17,52,0,10,1,,,,0,,99991231
20,Z40000000000000001000056058000000,O,17,52,0,10,1,,,,0,,99991231
20,Z40000000000000001000056058100000,O,17,52,0,10,1,,,,0,,99991231
20,Z40000000000000001000056058200000,O,17,52,0,10,1,,,,0,,99991231
20,Z40000000000000001000056058300000,O,17,52,0,10,1,,,,0,,99991231
20,Z40000000000000001000056058400000,O,17,52,0,10,1,,,,0,,99991231
20,Z40000000000000001000056059100000,O,17,52,0,10,1,,,,0,,99991231
20,Z40000000000000001000056059200000,O,17,52,0,10,1,,,,0,,99991231
20,Z33000000000000001000056063100000,O,17,52,0,10,1,,,,0,,99991231
20,Z33000000000000001000056063200000,O,17,52,0,10,1,,,,0,,99991231
20,Z33000000000000001000056063300000,O,17,52,0,10,1,,,,0,,99991231
20,Z33000000000000001000056063400000,O,17,52,0,10,1,,,,0,,99991231
20,Z33000000000000001000056063500000,O,17,52,0,10,1,,,,0,,99991231
20,Z33000000000000001000056065000000,O,17,52,0,10,1,,,,0,,99991231
20,Z33000000000000001000056065100000,O,17,52,0,10,1,,,,0,,99991231
20,Z33000000000000001000056065200000,O,17,52,0,10,1,,,,0,,99991231
20,Z33000000000000001000056065300000,O,17,52,0,10,1,,,,0,,99991231
20,Z33000000000000001000056065400000,O,17,52,0,10,1,,,,0,,99991231
20,Z33000000000000001000056065500000,O,17,52,0,10,1,,,,0,,99991231
20,Z33000000000000001000056065600000,O,17,52,0,10,1,,,,0,,99991231
20,Z33000000000000001000056065700000,O,17,52,0,10,1,,,,0,,99991231
20,Z33000000000000001000056065800000,O,17,52,0,10,1,,,,0,,99991231
20,Z33000000000000001000056394100000,O,17,52,0,10,1,,,,0,,99991231
20,Z33000000000000001000056394200000,O,17,52,0,10,1,,,,0,,99991231
20,Z40000000000000001000056394300000,O,17,52,0,10,1,,,,0,,99991231
20,Z40000000000000001000056394400000,O,17,52,0,10,1,,,,0,,99991231
20,Z40000000000000001000056394500000,O,17,52,0,10,1,,,,0,,99991231
20,Z40000000000000001000056394600000,O,17,52,0,10,1,,,,0,,99991231
20,Z40000000000000001000056394700000,O,17,52,0,10,1,,,,0,,99991231
20,Z40000000000000001000056394800000,O,17,52,0,10,1,,,,0,,99991231
20,Z40000000000000001000056394900000,O,17,52,0,10,1,,,,0,,99991231
20,Z40000000000000001000056395000000,O,17,52,0,10,1,,,,0,,99991231
20,Z33000000000000001000056395900000,O,17,52,0,10,1,,,,0,,99991231
20,Z33000000000000001000056396000000,O,17,52,0,10,1,,,,0,,99991231
20,Z33000000000000001000056396100000,O,17,52,0,10,1,,,,0,,99991231
20,Z33000000000000001000056396200000,O,17,52,0,10,1,,,,0,,99991231
20,Z33000000000000001000056396300000,O,17,52,0,10,1,,,,0,,99991231
20,Z33000000000000001000056396400000,O,17,52,0,10,1,,,,0,,99991231
20,Z33000000000000001000056396500000,O,17,52,0,10,1,,,,0,,99991231
20,Z33000000000000001000056396600000,O,17,52,0,10,1,,,,0,,99991231
20,Z33000000000000001000056396700000,O,17,52,0,10,1,,,,0,,99991231
20,Z33000000000000001000056396800000,O,17,52,0,10,1,,,,0,,99991231
20,Z33000000000000001000056396900000,O,17,52,0,10,1,,,,0,,99991231
20,Z33000000000000001000056397000000,O,17,52,0,10,1,,,,0,,99991231
20,Z33000000000000001000056397100000,O,17,52,0,10,1,,,,0,,99991231
20,Z33000000000000001000056397200000,O,17,52,0,10,1,,,,0,,99991231
20,Z33000000000000001000056397300000,O,17,52,0,10,1,,,,0,,99991231
20,Z33000000000000001000056397400000,O,17,52,0,10,1,,,,0,,99991231
20,Z33000000000000001000056397500000,O,17,52,0,10,1,,,,0,,99991231
20,Z33000000000000001000056397600000,O,17,52,0,10,1,,,,0,,99991231
20,Z40000000000000001000056398000000,O,17,52,0,10,1,,,,0,,99991231
20,Z40000000000000001000056398100000,O,17,52,0,10,1,,,,0,,99991231
20,Z40000000000000001000056398200000,O,17,52,0,10,1,,,,0,,99991231
20,Z33000000000000001000056398500000,O,17,52,0,10,1,,,,0,,99991231
20,Z33000000000000001000056398600000,O,17,52,0,10,1,,,,0,,99991231
20,Z33000000000000001000056398700000,O,17,52,0,10,1,,,,0,,99991231
20,Z33000000000000001000056398800000,O,17,52,0,10,1,,,,0,,99991231
20,Z33000000000000001000056398900000,O,17,52,0,10,1,,,,0,,99991231
20,Z33000000000000001000056399000000,O,17,52,0,10,1,,,,0,,99991231
20,Z33000000000000001000056399100000,O,17,52,0,10,1,,,,0,,99991231
20,Z33000000000000001000056399200000,O,17,52,0,10,1,,,,0,,99991231
20,Z33000000000000001000056399300000,O,17,52,0,10,1,,,,0,,99991231
20,Z33000000000000001000056399400000,O,17,52,0,10,1,,,,0,,99991231
20,Z33000000000000001000056399500000,O,17,52,0,10,1,,,,0,,99991231
20,Z33000000000000001000056399600000,O,17,52,0,10,1,,,,0,,99991231
20,Z33000000000000001000056399700000,O,17,52,0,10,1,,,,0,,99991231
20,Z33000000000000001000056399800000,O,17,52,0,10,1,,,,0,,99991231
20,Z33000000000000001000056399900000,O,17,52,0,10,1,,,,0,,99991231
20,Z33000000000000001000056400000000,O,17,52,0,10,1,,,,0,,99991231
20,Z33000000000000001000056400100000,O,17,52,0,10,1,,,,0,,99991231
20,Z33000000000000001000056400200000,O,17,52,0,10,1,,,,0,,99991231
20,Z33000000000000001000056400700000,O,17,52,0,10,1,,,,0,,99991231
20,Z33000000000000001000056400800000,O,17,52,0,10,1,,,,0,,99991231
20,Z33000000000000001000056400900000,O,17,52,0,10,1,,,,0,,99991231
20,Z33000000000000001000056401000000,O,17,52,0,10,1,,,,0,,99991231
20,Z33000000000000001000056401100000,O,17,52,0,10,1,,,,0,,99991231
20,Z33000000000000001000056401200000,O,17,52,0,10,1,,,,0,,99991231
20,Z33000000000000001000056401300000,O,17,52,0,10,1,,,,0,,99991231
20,Z33000000000000001000056401400000,O,17,52,0,10,1,,,,0,,99991231
20,Z33000000000000001000056401500000,O,17,52,0,10,1,,,,0,,99991231
20,Z33000000000000001000056401600000,O,17,52,0,10,1,,,,0,,99991231
20,Z33000000000000001000056401700000,O,17,52,0,10,1,,,,0,,99991231
20,Z33000000000000001000056401800000,O,17,52,0,10,1,,,,0,,99991231
20,Z33000000000000001000056401900000,O,17,52,0,10,1,,,,0,,99991231
20,Z33000000000000001000056402000000,O,17,52,0,10,1,,,,0,,99991231
20,Z33000000000000001000056402100000,O,17,52,0,10,1,,,,0,,99991231
20,Z33000000000000001000056402200000,O,17,52,0,10,1,,,,0,,99991231
20,Z33000000000000001000056402300000,O,17,52,0,10,1,,,,0,,99991231
20,Z33000000000000001000056402400000,O,17,52,0,10,1,,,,0,,99991231
20,Z33000000000000001000056402500000,O,17,52,0,10,1,,,,0,,99991231
20,Z33000000000000001000056402600000,O,17,52,0,10,1,,,,0,,99991231
20,Z33000000000000001000056402900000,O,17,52,0,10,1,,,,0,,99991231
20,Z33000000000000001000056403000000,O,17,52,0,10,1,,,,0,,99991231
20,Z33000000000000001000056403600000,O,17,52,0,10,1,,,,0,,99991231
20,Z33000000000000001000056403700000,O,17,52,0,10,1,,,,0,,99991231
20,Z33000000000000001000056403800000,O,17,52,0,10,1,,,,0,,99991231
20,Z33000000000000001000056403900000,O,17,52,0,10,1,,,,0,,99991231
20,Z33000000000000001000056404000000,O,17,52,0,10,1,,,,0,,99991231
20,Z33000000000000001000056404100000,O,17,52,0,10,1,,,,0,,99991231
20,Z33000000000000001000056404200000,O,17,52,0,10,1,,,,0,,99991231
20,Z33000000000000001000056404300000,O,17,52,0,10,1,,,,0,,99991231
20,Z33000000000000001000056404700000,O,17,52,0,10,1,,,,0,,99991231
20,Z33000000000000001000056404800000,O,17,52,0,10,1,,,,0,,99991231
20,Z33000000000000001000056404900000,O,17,52,0,10,1,,,,0,,99991231
20,Z33000000000000001000056405000000,O,17,52,0,10,1,,,,0,,99991231
20,Z33000000000000001000056405100000,O,17,52,0,10,1,,,,0,,99991231
20,Z33000000000000001000056405200000,O,17,52,0,10,1,,,,0,,99991231
20,Z33000000000000001000056405300000,O,17,52,0,10,1,,,,0,,99991231
20,Z33000000000000001000056405400000,O,17,52,0,10,1,,,,0,,99991231
20,Z33000000000000001000056405500000,O,17,52,0,10,1,,,,0,,99991231
20,Z33000000000000001000056405600000,O,17,52,0,10,1,,,,0,,99991231
20,Z33000000000000001000056405700000,O,17,52,0,10,1,,,,0,,99991231
20,Z33000000000000001000056405800000,O,17,52,0,10,1,,,,0,,99991231
20,Z33000000000000001000056405900000,O,17,52,0,10,1,,,,0,,99991231
20,Z33000000000000001000056406000000,O,17,52,0,10,1,,,,0,,99991231
20,Z33000000000000001000056406100000,O,17,52,0,10,1,,,,0,,99991231
20,Z33000000000000001000056406200000,O,17,52,0,10,1,,,,0,,99991231
20,Z33000000000000001000056406300000,O,17,52,0,10,1,,,,0,,99991231
20,Z33000000000000001000056406400000,O,17,52,0,10,1,,,,0,,99991231
20,Z33000000000000001000056406500000,O,17,52,0,10,1,,,,0,,99991231
20,Z33000000000000001000056406600000,O,17,52,0,10,1,,,,0,,99991231
20,Z33000000000000001000056406700000,O,17,52,0,10,1,,,,0,,99991231
20,Z33000000000000001000056407100000,O,17,52,0,10,1,,,,0,,99991231
20,Z33000000000000001000056407200000,O,17,52,0,10,1,,,,0,,99991231
20,Z33000000000000001000056407500000,O,17,52,0,10,1,,,,0,,99991231
20,Z33000000000000001000056407600000,O,17,52,0,10,1,,,,0,,99991231
20,Z33000000000000001000056407700000,O,17,52,0,10,1,,,,0,,99991231
20,Z33000000000000001000056407800000,O,17,52,0,10,1,,,,0,,99991231
20,Z33000000000000001000056407900000,O,17,52,0,10,1,,,,0,,99991231
20,Z33000000000000001000056408000000,O,17,52,0,10,1,,,,0,,99991231
20,Z33000000000000001000056408400000,O,17,52,0,10,1,,,,0,,99991231
20,Z33000000000000001000056408500000,O,17,52,0,10,1,,,,0,,99991231
20,Z33000000000000001000056408600000,O,17,52,0,10,1,,,,0,,99991231
20,Z33000000000000001000056408700000,O,17,52,0,10,1,,,,0,,99991231
20,Z33000000000000001000056408800000,O,17,52,0,10,1,,,,0,,99991231
20,Z33000000000000001000056408900000,O,17,52,0,10,1,,,,0,,99991231
20,Z33000000000000001000056409000000,O,17,52,0,10,1,,,,0,,99991231
20,Z33000000000000001000056409400000,O,17,52,0,10,1,,,,0,,99991231
20,Z33000000000000001000056409500000,O,17,52,0,10,1,,,,0,,99991231
20,Z33000000000000001000056409800000,O,17,52,0,10,1,,,,0,,99991231
20,Z33000000000000001000056409900000,O,17,52,0,10,1,,,,0,,99991231
20,Z40000000000000001000056410000000,O,17,52,0,10,1,,,,0,,99991231
20,Z40000000000000001000056410100000,O,17,52,0,10,1,,,,0,,99991231
20,Z40000000000000001000056410200000,O,17,52,0,10,1,,,,0,,99991231
20,Z33000000000000001000056410300000,O,17,52,0,10,1,,,,0,,99991231
20,Z33000000000000001000056410400000,O,17,52,0,10,1,,,,0,,99991231
20,Z33000000000000001000056410500000,O,17,52,0,10,1,,,,0,,99991231
20,Z33000000000000001000056411100000,O,17,52,0,10,1,,,,0,,99991231
20,Z33000000000000001000056411200000,O,17,52,0,10,1,,,,0,,99991231
20,Z33000000000000001000056411300000,O,17,52,0,10,1,,,,0,,99991231
20,Z33000000000000001000056411400000,O,17,52,0,10,1,,,,0,,99991231
20,Z33000000000000001000056411500000,O,17,52,0,10,1,,,,0,,99991231
20,Z33000000000000001000056411600000,O,17,52,0,10,1,,,,0,,99991231
20,Z33000000000000001000056411700000,O,17,52,0,10,1,,,,0,,99991231
20,Z38000000000000001000053696400000,O,17,52,0,10,1,,,,0,,99991231
20,Z38000000000000001000053696500000,O,17,52,0,10,1,,,,0,,99991231
20,Z38000000000000001000053696600000,O,17,52,0,10,1,,,,0,,99991231
20,Z38000000000000001000053696700000,O,17,52,0,10,1,,,,0,,99991231
20,Z38000000000000001000053696800000,O,17,52,0,10,1,,,,0,,99991231
20,Z38000000000000001000053696900000,O,17,52,0,10,1,,,,0,,99991231
20,Z38000000000000001000053697000000,O,17,52,0,10,1,,,,0,,99991231
20,Z38000000000000001000053697100000,O,17,52,0,10,1,,,,0,,99991231
20,Z38000000000000001000053697200000,O,17,52,0,10,1,,,,0,,99991231
20,Z38000000000000001000053697300000,O,17,52,0,10,1,,,,0,,99991231
20,Z38000000000000001000053697400000,O,17,52,0,10,1,,,,0,,99991231
20,Z38000000000000001000053697500000,O,17,52,0,10,1,,,,0,,99991231
20,Z38000000000000001000053697600000,O,17,52,0,10,1,,,,0,,99991231
20,Z38000000000000001000053697700000,O,17,52,0,10,1,,,,0,,99991231
20,Z38000000000000001000053697800000,O,17,52,0,10,1,,,,0,,99991231
20,Z40000000000000001000053697900000,O,17,52,0,10,1,,,,0,,99991231
20,Z40000000000000001000053698000000,O,17,52,0,10,1,,,,0,,99991231
20,Z40000000000000001000053698100000,O,17,52,0,10,1,,,,0,,99991231
20,Z40000000000000001000053698200000,O,17,52,0,10,1,,,,0,,99991231
20,Z40000000000000001000053698400000,O,17,52,0,10,1,,,,0,,99991231
20,Z38000000000000001000053698300000,O,17,52,0,10,1,,,,0,,99991231
20,Z40000000000000001000053698500000,O,17,52,0,10,1,,,,0,,99991231
20,Z40000000000000001000053698600000,O,17,52,0,10,1,,,,0,,99991231
20,Z40000000000000001000053698700000,O,17,52,0,10,1,,,,0,,99991231
20,Z40000000000000001000053698800000,O,17,52,0,10,1,,,,0,,99991231
20,Z38000000000000001000053698900000,O,17,52,0,10,1,,,,0,,99991231
20,Z40000000000000001000053699000000,O,17,52,0,10,1,,,,0,,99991231
20,Z38000000000000001000053699100000,O,17,52,0,10,1,,,,0,,99991231
20,Z38000000000000001000053699200000,O,17,52,0,10,1,,,,0,,99991231
20,Z38000000000000001000053699300000,O,17,52,0,10,1,,,,0,,99991231
20,Z38000000000000001000053699400000,O,17,52,0,10,1,,,,0,,99991231
20,Z38000000000000001000053699500000,O,17,52,0,10,1,,,,0,,99991231
20,Z38000000000000001000053699600000,O,17,52,0,10,1,,,,0,,99991231
20,Z38000000000000001000053699700000,O,17,52,0,10,1,,,,0,,99991231
20,Z38000000000000001000053699800000,O,17,52,0,10,1,,,,0,,99991231
20,Z38000000000000001000053699900000,O,17,52,0,10,1,,,,0,,99991231
20,Z38000000000000001000053700000000,O,17,52,0,10,1,,,,0,,99991231
20,Z38000000000000001000053700100000,O,17,52,0,10,1,,,,0,,99991231
20,Z38000000000000001000053700200000,O,17,52,0,10,1,,,,0,,99991231
20,Z38000000000000001000053700300000,O,17,52,0,10,1,,,,0,,99991231
20,Z38000000000000001000053700400000,O,17,52,0,10,1,,,,0,,99991231
20,Z38000000000000001000053700500000,O,17,52,0,10,1,,,,0,,99991231
20,Z38000000000000001000053700600000,O,17,52,0,10,1,,,,0,,99991231
20,Z38000000000000001000053700700000,O,17,52,0,10,1,,,,0,,99991231
20,Z38000000000000001000053700800000,O,17,52,0,10,1,,,,0,,99991231
20,Z38000000000000001000053700900000,O,17,52,0,10,1,,,,0,,99991231
20,Z38000000000000001000053701100000,O,17,52,0,10,1,,,,0,,99991231
20,Z38000000000000001000053701200000,O,17,52,0,10,1,,,,0,,99991231
20,Z38000000000000001000053701300000,O,17,52,0,10,1,,,,0,,99991231
20,Z38000000000000001000053701400000,O,17,52,0,10,1,,,,0,,99991231
20,Z38000000000000001000053701500000,O,17,52,0,10,1,,,,0,,99991231
20,Z38000000000000001000053701700000,O,17,52,0,10,1,,,,0,,99991231
20,Z38000000000000001000053701800000,O,17,52,0,10,1,,,,0,,99991231
20,Z38000000000000001000053701900000,O,17,52,0,10,1,,,,0,,99991231
20,Z38000000000000001000053702000000,O,17,52,0,10,1,,,,0,,99991231
20,Z38000000000000001000053702100000,O,17,52,0,10,1,,,,0,,99991231
20,Z38000000000000001000053702200000,O,17,52,0,10,1,,,,0,,99991231
20,Z38000000000000001000053702300000,O,17,52,0,10,1,,,,0,,99991231
20,Z38000000000000001000053702400000,O,17,52,0,10,1,,,,0,,99991231
20,Z38000000000000001000053702500000,O,17,52,0,10,1,,,,0,,99991231
20,Z38000000000000001000053702600000,O,17,52,0,10,1,,,,0,,99991231
20,Z38000000000000001000053702700000,O,17,52,0,10,1,,,,0,,99991231
20,Z38000000000000001000053702800000,O,17,52,0,10,1,,,,0,,99991231
20,Z38000000000000001000053702900000,O,17,52,0,10,1,,,,0,,99991231
20,Z38000000000000001000053703000000,O,17,52,0,10,1,,,,0,,99991231
20,Z38000000000000001000053703100000,O,17,52,0,10,1,,,,0,,99991231
20,Z38000000000000001000053703200000,O,17,52,0,10,1,,,,0,,99991231
20,Z38000000000000001000053703300000,O,17,52,0,10,1,,,,0,,99991231
20,Z38000000000000001000053703400000,O,17,52,0,10,1,,,,0,,99991231
20,Z38000000000000001000053703500000,O,17,52,0,10,1,,,,0,,99991231
20,Z38000000000000001000053703600000,O,17,52,0,10,1,,,,0,,99991231
20,Z38000000000000001000053703700000,O,17,52,0,10,1,,,,0,,99991231
20,Z38000000000000001000053703800000,O,17,52,0,10,1,,,,0,,99991231
20,Z38000000000000001000053703900000,O,17,52,0,10,1,,,,0,,99991231
20,Z38000000000000001000053704000000,O,17,52,0,10,1,,,,0,,99991231
20,Z38000000000000001000053704100000,O,17,52,0,10,1,,,,0,,99991231
20,Z38000000000000001000053704200000,O,17,52,0,10,1,,,,0,,99991231
20,Z38000000000000001000053704300000,O,17,52,0,10,1,,,,0,,99991231
20,Z38000000000000001000053704500000,O,17,52,0,10,1,,,,0,,99991231
20,Z38000000000000001000053704600000,O,17,52,0,10,1,,,,0,,99991231
20,Z38000000000000001000053704700000,O,17,52,0,10,1,,,,0,,99991231
20,Z38000000000000001000053704800000,O,17,52,0,10,1,,,,0,,99991231
20,Z38000000000000001000053704900000,O,17,52,0,10,1,,,,0,,99991231
20,Z38000000000000001000053705000000,O,17,52,0,10,1,,,,0,,99991231
20,Z38000000000000001000053705100000,O,17,52,0,10,1,,,,0,,99991231
20,Z38000000000000001000053705200000,O,17,52,0,10,1,,,,0,,99991231
20,Z38000000000000001000053705300000,O,17,52,0,10,1,,,,0,,99991231
20,Z38000000000000001000053705400000,O,17,52,0,10,1,,,,0,,99991231
20,Z38000000000000001000053705500000,O,17,52,0,10,1,,,,0,,99991231
20,Z38000000000000001000053705700000,O,17,52,0,10,1,,,,0,,99991231
20,Z38000000000000001000053705800000,O,17,52,0,10,1,,,,0,,99991231
20,Z38000000000000001000053705900000,O,17,52,0,10,1,,,,0,,99991231
20,Z38000000000000001000053706000000,O,17,52,0,10,1,,,,0,,99991231
20,Z38000000000000001000053706100000,O,17,52,0,10,1,,,,0,,99991231
20,Z38000000000000001000053706200000,O,17,52,0,10,1,,,,0,,99991231
20,Z38000000000000001000053706300000,O,17,52,0,10,1,,,,0,,99991231
20,Z38000000000000001000053706400000,O,17,52,0,10,1,,,,0,,99991231
20,Z38000000000000001000053706500000,O,17,52,0,10,1,,,,0,,99991231
20,Z38000000000000001000053706600000,O,17,52,0,10,1,,,,0,,99991231
20,Z38000000000000001000053706700000,O,17,52,0,10,1,,,,0,,99991231
20,Z38000000000000001000053706800000,O,17,52,0,10,1,,,,0,,99991231
20,Z38000000000000001000053706900000,O,17,52,0,10,1,,,,0,,99991231
20,Z38000000000000001000053707000000,O,17,52,0,10,1,,,,0,,99991231
20,Z38000000000000001000053707200000,O,17,52,0,10,1,,,,0,,99991231
20,Z38000000000000001000053707300000,O,17,52,0,10,1,,,,0,,99991231
20,Z38000000000000001000053707400000,O,17,52,0,10,1,,,,0,,99991231
20,Z38000000000000001000053707500000,O,17,52,0,10,1,,,,0,,99991231
20,Z38000000000000001000053707600000,O,17,52,0,10,1,,,,0,,99991231
20,Z38000000000000001000053707700000,O,17,52,0,10,1,,,,0,,99991231
20,Z38000000000000001000053707800000,O,17,52,0,10,1,,,,0,,99991231
20,Z38000000000000001000053707900000,O,17,52,0,10,1,,,,0,,99991231
20,Z38000000000000001000053708000000,O,17,52,0,10,1,,,,0,,99991231
20,Z38000000000000001000053708100000,O,17,52,0,10,1,,,,0,,99991231
20,Z38000000000000001000053708200000,O,17,52,0,10,1,,,,0,,99991231
20,Z38000000000000001000053708300000,O,17,52,0,10,1,,,,0,,99991231
20,Z38000000000000001000053708400000,O,17,52,0,10,1,,,,0,,99991231
20,Z38000000000000001000053708600000,O,17,52,0,10,1,,,,0,,99991231
20,Z38000000000000001000053708700000,O,17,52,0,10,1,,,,0,,99991231
20,Z38000000000000001000053708900000,O,17,52,0,10,1,,,,0,,99991231
20,Z38000000000000001000053709000000,O,17,52,0,10,1,,,,0,,99991231
20,Z38000000000000001000053709100000,O,17,52,0,10,1,,,,0,,99991231
20,Z38000000000000001000053709200000,O,17,52,0,10,1,,,,0,,99991231
20,Z38000000000000001000053709300000,O,17,52,0,10,1,,,,0,,99991231
20,Z38000000000000001000053709400000,O,17,52,0,10,1,,,,0,,99991231
20,Z38000000000000001000053709500000,O,17,52,0,10,1,,,,0,,99991231
20,Z38000000000000001000053709600000,O,17,52,0,10,1,,,,0,,99991231
20,Z38000000000000001000053709700000,O,17,52,0,10,1,,,,0,,99991231
20,Z38000000000000001000053709800000,O,17,52,0,10,1,,,,0,,99991231
20,Z38000000000000001000053709900000,O,17,52,0,10,1,,,,0,,99991231
20,Z38000000000000001000053710000000,O,17,52,0,10,1,,,,0,,99991231
20,Z38000000000000001000053710100000,O,17,52,0,10,1,,,,0,,99991231
20,Z38000000000000001000053710200000,O,17,52,0,10,1,,,,0,,99991231
20,Z33000000000000001000053728200000,O,17,52,0,10,1,,,,0,,99991231
20,Z33000000000000001000053729000000,O,17,52,0,10,1,,,,0,,99991231
20,Z33000000000000001000053729100000,O,17,52,0,10,1,,,,0,,99991231
20,Z33000000000000001000053729200000,O,17,52,0,10,1,,,,0,,99991231
20,Z33000000000000001000053730400000,O,17,52,0,10,1,,,,0,,99991231
20,Z33000000000000001000053730500000,O,17,52,0,10,1,,,,0,,99991231
20,Z33000000000000001000053731100000,O,17,52,0,10,1,,,,0,,99991231
20,Z33000000000000001000053731200000,O,17,52,0,10,1,,,,0,,99991231
20,Z33000000000000001000053731300000,O,17,52,0,10,1,,,,0,,99991231
20,Z38000000000000001000053731800000,O,17,52,0,10,1,,,,0,,99991231
20,Z38000000000000001000053731900000,O,17,52,0,10,1,,,,0,,99991231
20,Z38000000000000001000053732000000,O,17,52,0,10,1,,,,0,,99991231
20,Z38000000000000001000053732100000,O,17,52,0,10,1,,,,0,,99991231
20,Z38000000000000001000053732200000,O,17,52,0,10,1,,,,0,,99991231
20,Z38000000000000001000053732300000,O,17,52,0,10,1,,,,0,,99991231
20,Z38000000000000001000053732400000,O,17,52,0,10,1,,,,0,,99991231
20,Z38000000000000001000053732500000,O,17,52,0,10,1,,,,0,,99991231
20,Z38000000000000001000053732600000,O,17,52,0,10,1,,,,0,,99991231
20,Z38000000000000001000053732700000,O,17,52,0,10,1,,,,0,,99991231
20,Z38000000000000001000053732800000,O,17,52,0,10,1,,,,0,,99991231
20,Z38000000000000001000053732900000,O,17,52,0,10,1,,,,0,,99991231
20,Z38000000000000001000053733000000,O,17,52,0,10,1,,,,0,,99991231
20,Z38000000000000001000053733100000,O,17,52,0,10,1,,,,0,,99991231
20,Z38000000000000001000053733200000,O,17,52,0,10,1,,,,0,,99991231
20,Z38000000000000001000053733300000,O,17,52,0,10,1,,,,0,,99991231
20,Z38000000000000001000053733500000,O,17,52,0,10,1,,,,0,,99991231
20,Z38000000000000001000053733600000,O,17,52,0,10,1,,,,0,,99991231
20,Z38000000000000001000053733700000,O,17,52,0,10,1,,,,0,,99991231
20,Z38000000000000001000053733800000,O,17,52,0,10,1,,,,0,,99991231
20,Z38000000000000001000053733900000,O,17,52,0,10,1,,,,0,,99991231
20,Z38000000000000001000053734000000,O,17,52,0,10,1,,,,0,,99991231
20,Z38000000000000001000053734100000,O,17,52,0,10,1,,,,0,,99991231
20,Z38000000000000001000053734200000,O,17,52,0,10,1,,,,0,,99991231
20,Z38000000000000001000053734300000,O,17,52,0,10,1,,,,0,,99991231
20,Z38000000000000001000053734400000,O,17,52,0,10,1,,,,0,,99991231
20,Z38000000000000001000053734500000,O,17,52,0,10,1,,,,0,,99991231
20,Z38000000000000001000053734600000,O,17,52,0,10,1,,,,0,,99991231
20,Z38000000000000001000053734700000,O,17,52,0,10,1,,,,0,,99991231
20,Z38000000000000001000053734800000,O,17,52,0,10,1,,,,0,,99991231
20,Z38000000000000001000053734900000,O,17,52,0,10,1,,,,0,,99991231
20,Z38000000000000001000053735000000,O,17,52,0,10,1,,,,0,,99991231
20,Z38000000000000001000053735100000,O,17,52,0,10,1,,,,0,,99991231
20,Z38000000000000001000053735200000,O,17,52,0,10,1,,,,0,,99991231
20,Z38000000000000001000053735300000,O,17,52,0,10,1,,,,0,,99991231
20,Z33000000000000001000053735400000,O,17,52,0,10,1,,,,0,,99991231
20,Z33000000000000001000053735500000,O,17,52,0,10,1,,,,0,,99991231
20,Z33000000000000001000053736300000,O,17,52,0,10,1,,,,0,,99991231
20,Z33000000000000001000053736400000,O,17,52,0,10,1,,,,0,,99991231
20,Z33000000000000001000053737000000,O,17,52,0,10,1,,,,0,,99991231
20,Z33000000000000001000053737100000,O,17,52,0,10,1,,,,0,,99991231
20,Z33000000000000001000053737500000,O,17,52,0,10,1,,,,0,,99991231
20,Z33000000000000001000053737600000,O,17,52,0,10,1,,,,0,,99991231
20,Z33000000000000001000053738500000,O,17,52,0,10,1,,,,0,,99991231
20,Z33000000000000001000053738600000,O,17,52,0,10,1,,,,0,,99991231
20,Z40000000000000001000053738700000,O,17,52,0,10,1,,,,0,,99991231
20,Z33000000000000001000053738900000,O,17,52,0,10,1,,,,0,,99991231
20,Z33000000000000001000053739000000,O,17,52,0,10,1,,,,0,,99991231
20,Z33000000000000001000053739200000,O,17,52,0,10,1,,,,0,,99991231
20,Z33000000000000001000053739300000,O,17,52,0,10,1,,,,0,,99991231
20,Z33000000000000001000053739500000,O,17,52,0,10,1,,,,0,,99991231
20,Z33000000000000001000053739600000,O,17,52,0,10,1,,,,0,,99991231
20,Z33000000000000001000053739700000,O,17,52,0,10,1,,,,0,,99991231
20,Z40000000000000001000053740000000,O,17,52,0,10,1,,,,0,,99991231
20,Z33000000000000001000053740400000,O,17,52,0,10,1,,,,0,,99991231
20,Z33000000000000001000053740500000,O,17,52,0,10,1,,,,0,,99991231
20,Z33000000000000001000053740900000,O,17,52,0,10,1,,,,0,,99991231
20,Z33000000000000001000053741000000,O,17,52,0,10,1,,,,0,,99991231
20,Z33000000000000001000053741200000,O,17,52,0,10,1,,,,0,,99991231
20,Z33000000000000001000053741300000,O,17,52,0,10,1,,,,0,,99991231
20,Z33000000000000001000053741500000,O,17,52,0,10,1,,,,0,,99991231
20,Z33000000000000001000053741600000,O,17,52,0,10,1,,,,0,,99991231
20,Z33000000000000001000053741900000,O,17,52,0,10,1,,,,0,,99991231
20,Z33000000000000001000053742000000,O,17,52,0,10,1,,,,0,,99991231
20,Z40000000000000001000053742100000,O,17,52,0,10,1,,,,0,,99991231
20,Z40000000000000001000053742200000,O,17,52,0,10,1,,,,0,,99991231
20,Z40000000000000001000053742300000,O,17,52,0,10,1,,,,0,,99991231
20,Z40000000000000001000053742400000,O,17,52,0,10,1,,,,0,,99991231
20,Z40000000000000001000053742500000,O,17,52,0,10,1,,,,0,,99991231
20,Z40000000000000001000053742600000,O,17,52,0,10,1,,,,0,,99991231
20,Z40000000000000001000053742700000,O,17,52,0,10,1,,,,0,,99991231
20,Z40000000000000001000053742800000,O,17,52,0,10,1,,,,0,,99991231
20,Z40000000000000001000053742900000,O,17,52,0,10,1,,,,0,,99991231
20,Z33000000000000001000053743000000,O,17,52,0,10,1,,,,0,,99991231
20,Z33000000000000001000053743100000,O,17,52,0,10,1,,,,0,,99991231
20,Z33000000000000001000053743400000,O,17,52,0,10,1,,,,0,,99991231
20,Z33000000000000001000053743500000,O,17,52,0,10,1,,,,0,,99991231
20,Z33000000000000001000053743900000,O,17,52,0,10,1,,,,0,,99991231
20,Z33000000000000001000053744000000,O,17,52,0,10,1,,,,0,,99991231
20,Z33000000000000001000053744300000,O,17,52,0,10,1,,,,0,,99991231
20,Z33000000000000001000053744400000,O,17,52,0,10,1,,,,0,,99991231
20,Z33000000000000001000053744600000,O,17,52,0,10,1,,,,0,,99991231
20,Z33000000000000001000053744700000,O,17,52,0,10,1,,,,0,,99991231
20,Z33000000000000001000053744800000,O,17,52,0,10,1,,,,0,,99991231
20,Z33000000000000001000053744900000,O,17,52,0,10,1,,,,0,,99991231
20,Z33000000000000001000053745300000,O,17,52,0,10,1,,,,0,,99991231
20,Z33000000000000001000053745400000,O,17,52,0,10,1,,,,0,,99991231
20,Z33000000000000001000053746000000,O,17,52,0,10,1,,,,0,,99991231
20,Z33000000000000001000053746100000,O,17,52,0,10,1,,,,0,,99991231
20,Z33000000000000001000053746200000,O,17,52,0,10,1,,,,0,,99991231
20,Z33000000000000001000053746600000,O,17,52,0,10,1,,,,0,,99991231
20,Z33000000000000001000053746700000,O,17,52,0,10,1,,,,0,,99991231
20,Z33000000000000001000053747400000,O,17,52,0,10,1,,,,0,,99991231
20,Z33000000000000001000053747500000,O,17,52,0,10,1,,,,0,,99991231
20,Z33000000000000001000053747600000,O,17,52,0,10,1,,,,0,,99991231
20,Z33000000000000001000053747700000,O,17,52,0,10,1,,,,0,,99991231
20,Z33000000000000001000053747800000,O,17,52,0,10,1,,,,0,,99991231
20,Z33000000000000001000053748300000,O,17,52,0,10,1,,,,0,,99991231
20,Z33000000000000001000053748400000,O,17,52,0,10,1,,,,0,,99991231
20,Z33000000000000001000053748600000,O,17,52,0,10,1,,,,0,,99991231
20,Z33000000000000001000053748700000,O,17,52,0,10,1,,,,0,,99991231
20,Z33000000000000001000053749300000,O,17,52,0,10,1,,,,0,,99991231
20,Z33000000000000001000053749400000,O,17,52,0,10,1,,,,0,,99991231
20,Z33000000000000001000053749500000,O,17,52,0,10,1,,,,0,,99991231
20,Z33000000000000001000053749800000,O,17,52,0,10,1,,,,0,,99991231
20,Z33000000000000001000053749900000,O,17,52,0,10,1,,,,0,,99991231
20,Z33000000000000001000053750000000,O,17,52,0,10,1,,,,0,,99991231
20,Z33000000000000001000053750100000,O,17,52,0,10,1,,,,0,,99991231
20,Z33000000000000001000053750200000,O,17,52,0,10,1,,,,0,,99991231
20,Z33000000000000001000053750300000,O,17,52,0,10,1,,,,0,,99991231
20,Z33000000000000001000053750400000,O,17,52,0,10,1,,,,0,,99991231
20,Z33000000000000001000053750500000,O,17,52,0,10,1,,,,0,,99991231
20,Z33000000000000001000053750600000,O,17,52,0,10,1,,,,0,,99991231
20,Z33000000000000001000053750700000,O,17,52,0,10,1,,,,0,,99991231
20,Z33000000000000001000053750800000,O,17,52,0,10,1,,,,0,,99991231
20,Z33000000000000001000053750900000,O,17,52,0,10,1,,,,0,,99991231
20,Z33000000000000001000053751000000,O,17,52,0,10,1,,,,0,,99991231
20,Z33000000000000001000053751100000,O,17,52,0,10,1,,,,0,,99991231
20,Z33000000000000001000053751200000,O,17,52,0,10,1,,,,0,,99991231
20,Z33000000000000001000053751300000,O,17,52,0,10,1,,,,0,,99991231
20,Z33000000000000001000053751400000,O,17,52,0,10,1,,,,0,,99991231
20,Z33000000000000001000053751500000,O,17,52,0,10,1,,,,0,,99991231
20,Z33000000000000001000053751600000,O,17,52,0,10,1,,,,0,,99991231
20,Z33000000000000001000053751700000,O,17,52,0,10,1,,,,0,,99991231
20,Z33000000000000001000053751800000,O,17,52,0,10,1,,,,0,,99991231
20,Z33000000000000001000053751900000,O,17,52,0,10,1,,,,0,,99991231
20,Z33000000000000001000053752000000,O,17,52,0,10,1,,,,0,,99991231
20,Z33000000000000001000053752100000,O,17,52,0,10,1,,,,0,,99991231
20,Z33000000000000001000053752200000,O,17,52,0,10,1,,,,0,,99991231
20,Z33000000000000001000053752300000,O,17,52,0,10,1,,,,0,,99991231
20,Z33000000000000001000053752400000,O,17,52,0,10,1,,,,0,,99991231
20,Z33000000000000001000053752700000,O,17,52,0,10,1,,,,0,,99991231
20,Z33000000000000001000053752800000,O,17,52,0,10,1,,,,0,,99991231
20,Z33000000000000001000053753000000,O,17,52,0,10,1,,,,0,,99991231
20,Z33000000000000001000053753100000,O,17,52,0,10,1,,,,0,,99991231
20,Z33000000000000001000053753700000,O,17,52,0,10,1,,,,0,,99991231
20,Z33000000000000001000053753800000,O,17,52,0,10,1,,,,0,,99991231
20,Z33000000000000001000053753900000,O,17,52,0,10,1,,,,0,,99991231
20,Z33000000000000001000053754000000,O,17,52,0,10,1,,,,0,,99991231
20,Z33000000000000001000053754100000,O,17,52,0,10,1,,,,0,,99991231
20,Z33000000000000001000053754700000,O,17,52,0,10,1,,,,0,,99991231
20,Z33000000000000001000053754800000,O,17,52,0,10,1,,,,0,,99991231
20,Z33000000000000001000053755300000,O,17,52,0,10,1,,,,0,,99991231
20,Z33000000000000001000053755400000,O,17,52,0,10,1,,,,0,,99991231
20,Z40000000000000001000053757800000,O,17,52,0,10,1,,,,0,,99991231
20,Z40000000000000001000053757900000,O,17,52,0,10,1,,,,0,,99991231
20,Z40000000000000001000053758000000,O,17,52,0,10,1,,,,0,,99991231
20,Z40000000000000001000053758100000,O,17,52,0,10,1,,,,0,,99991231
20,Z40000000000000001000053758200000,O,17,52,0,10,1,,,,0,,99991231
20,Z40000000000000001000053758300000,O,17,52,0,10,1,,,,0,,99991231
20,Z40000000000000001000053758400000,O,17,52,0,10,1,,,,0,,99991231
20,Z40000000000000001000053758500000,O,17,52,0,10,1,,,,0,,99991231
20,Z33000000000000001000053761700000,O,17,52,0,10,1,,,,0,,99991231
20,Z33000000000000001000053761800000,O,17,52,0,10,1,,,,0,,99991231
20,Z33000000000000001000053761900000,O,17,52,0,10,1,,,,0,,99991231
20,Z33000000000000001000053762500000,O,17,52,0,10,1,,,,0,,99991231
20,Z33000000000000001000053762600000,O,17,52,0,10,1,,,,0,,99991231
20,Z33000000000000001000053763300000,O,17,52,0,10,1,,,,0,,99991231
20,Z33000000000000001000053763400000,O,17,52,0,10,1,,,,0,,99991231
20,Z40000000000000001000053763500000,O,17,52,0,10,1,,,,0,,99991231
20,Z40000000000000001000053763600000,O,17,52,0,10,1,,,,0,,99991231
20,Z40000000000000001000053763700000,O,17,52,0,10,1,,,,0,,99991231
20,Z40000000000000001000053763800000,O,17,52,0,10,1,,,,0,,99991231
20,Z40000000000000001000053763900000,O,17,52,0,10,1,,,,0,,99991231
20,Z40000000000000001000053764000000,O,17,52,0,10,1,,,,0,,99991231
20,Z40000000000000001000053764100000,O,17,52,0,10,1,,,,0,,99991231
20,Z40000000000000001000053764200000,O,17,52,0,10,1,,,,0,,99991231
20,Z40000000000000001000053764300000,O,17,52,0,10,1,,,,0,,99991231
20,Z33000000000000001000053764600000,O,17,52,0,10,1,,,,0,,99991231
20,Z33000000000000001000053764700000,O,17,52,0,10,1,,,,0,,99991231
20,Z33000000000000001000053765300000,O,17,52,0,10,1,,,,0,,99991231
20,Z33000000000000001000053765400000,O,17,52,0,10,1,,,,0,,99991231
20,Z33000000000000001000053765900000,O,17,52,0,10,1,,,,0,,99991231
20,Z33000000000000001000053766000000,O,17,52,0,10,1,,,,0,,99991231
20,Z33000000000000001000053766400000,O,17,52,0,10,1,,,,0,,99991231
20,Z33000000000000001000053766500000,O,17,52,0,10,1,,,,0,,99991231
20,Z33000000000000001000053766900000,O,17,52,0,10,1,,,,0,,99991231
20,Z33000000000000001000053767000000,O,17,52,0,10,1,,,,0,,99991231
20,Z33000000000000001000053767500000,O,17,52,0,10,1,,,,0,,99991231
20,Z33000000000000001000053767600000,O,17,52,0,10,1,,,,0,,99991231
20,Z33000000000000001000053768100000,O,17,52,0,10,1,,,,0,,99991231
20,Z33000000000000001000053768200000,O,17,52,0,10,1,,,,0,,99991231
20,Z33000000000000001000053768600000,O,17,52,0,10,1,,,,0,,99991231
20,Z33000000000000001000053768700000,O,17,52,0,10,1,,,,0,,99991231
20,Z33000000000000001000053770300000,O,17,52,0,10,1,,,,0,,99991231
20,Z33000000000000001000053770400000,O,17,52,0,10,1,,,,0,,99991231
20,Z33000000000000001000053770800000,O,17,52,0,10,1,,,,0,,99991231
20,Z33000000000000001000053770900000,O,17,52,0,10,1,,,,0,,99991231
20,Z33000000000000001000053771200000,O,17,52,0,10,1,,,,0,,99991231
20,Z33000000000000001000053771300000,O,17,52,0,10,1,,,,0,,99991231
20,Z33000000000000001000053771900000,O,17,52,0,10,1,,,,0,,99991231
20,Z33000000000000001000053772000000,O,17,52,0,10,1,,,,0,,99991231
20,Z33000000000000001000053772500000,O,17,52,0,10,1,,,,0,,99991231
20,Z33000000000000001000053772600000,O,17,52,0,10,1,,,,0,,99991231
20,Z33000000000000001000053773000000,O,17,52,0,10,1,,,,0,,99991231
20,Z33000000000000001000053773100000,O,17,52,0,10,1,,,,0,,99991231
20,Z33000000000000001000053774500000,O,17,52,0,10,1,,,,0,,99991231
20,Z33000000000000001000053774600000,O,17,52,0,10,1,,,,0,,99991231
20,Z33000000000000001000053775000000,O,17,52,0,10,1,,,,0,,99991231
20,Z33000000000000001000053775100000,O,17,52,0,10,1,,,,0,,99991231
20,Z33000000000000001000053775700000,O,17,52,0,10,1,,,,0,,99991231
20,Z33000000000000001000053775800000,O,17,52,0,10,1,,,,0,,99991231
20,Z33000000000000001000053776800000,O,17,52,0,10,1,,,,0,,99991231
20,Z33000000000000001000053776900000,O,17,52,0,10,1,,,,0,,99991231
20,Z33000000000000001000053777500000,O,17,52,0,10,1,,,,0,,99991231
20,Z33000000000000001000053777600000,O,17,52,0,10,1,,,,0,,99991231
20,Z33000000000000001000053778300000,O,17,52,0,10,1,,,,0,,99991231
20,Z33000000000000001000053778400000,O,17,52,0,10,1,,,,0,,99991231
20,Z33000000000000001000053779300000,O,17,52,0,10,1,,,,0,,99991231
20,Z33000000000000001000053779400000,O,17,52,0,10,1,,,,0,,99991231
20,Z33000000000000001000053779800000,O,17,52,0,10,1,,,,0,,99991231
20,Z33000000000000001000053779900000,O,17,52,0,10,1,,,,0,,99991231
20,Z33000000000000001000053780400000,O,17,52,0,10,1,,,,0,,99991231
20,Z33000000000000001000053780500000,O,17,52,0,10,1,,,,0,,99991231
20,Z33000000000000001000053780900000,O,17,52,0,10,1,,,,0,,99991231
20,Z33000000000000001000053781000000,O,17,52,0,10,1,,,,0,,99991231
20,Z33000000000000001000053781700000,O,17,52,0,10,1,,,,0,,99991231
20,Z33000000000000001000053781800000,O,17,52,0,10,1,,,,0,,99991231
20,Z33000000000000001000053782700000,O,17,52,0,10,1,,,,0,,99991231
20,Z33000000000000001000053782800000,O,17,52,0,10,1,,,,0,,99991231
20,Z33000000000000001000053782900000,O,17,52,0,10,1,,,,0,,99991231
20,Z33000000000000001000053784000000,O,17,52,0,10,1,,,,0,,99991231
20,Z33000000000000001000053784100000,O,17,52,0,10,1,,,,0,,99991231
20,Z33000000000000001000053784200000,O,17,52,0,10,1,,,,0,,99991231
20,Z38000000000000001000053784700000,O,17,52,0,10,1,,,,0,,99991231
20,Z38000000000000001000053784900000,O,17,52,0,10,1,,,,0,,99991231
20,Z38000000000000001000053785000000,O,17,52,0,10,1,,,,0,,99991231
20,Z38000000000000001000053785100000,O,17,52,0,10,1,,,,0,,99991231
20,Z33000000000000001000053785300000,O,17,52,0,10,1,,,,0,,99991231
20,Z33000000000000001000053785400000,O,17,52,0,10,1,,,,0,,99991231
20,Z38000000000000001000053785600000,O,17,52,0,10,1,,,,0,,99991231
20,Z38000000000000001000053785700000,O,17,52,0,10,1,,,,0,,99991231
20,Z38000000000000001000053785800000,O,17,52,0,10,1,,,,0,,99991231
20,Z38000000000000001000053785900000,O,17,52,0,10,1,,,,0,,99991231
20,Z38000000000000001000053786000000,O,17,52,0,10,1,,,,0,,99991231
20,Z38000000000000001000053786100000,O,17,52,0,10,1,,,,0,,99991231
20,Z38000000000000001000053786200000,O,17,52,0,10,1,,,,0,,99991231
20,Z38000000000000001000053786300000,O,17,52,0,10,1,,,,0,,99991231
20,Z33000000000000001000053787000000,O,17,52,0,10,1,,,,0,,99991231
20,Z33000000000000001000053787100000,O,17,52,0,10,1,,,,0,,99991231
20,Z33000000000000001000053788300000,O,17,52,0,10,1,,,,0,,99991231
20,Z33000000000000001000053788400000,O,17,52,0,10,1,,,,0,,99991231
20,Z33000000000000001000053788600000,O,17,52,0,10,1,,,,0,,99991231
20,Z33000000000000001000053788700000,O,17,52,0,10,1,,,,0,,99991231
20,Z40000000000000001000053788900000,O,17,52,0,10,1,,,,0,,99991231
20,Z40000000000000001000053789000000,O,17,52,0,10,1,,,,0,,99991231
20,Z33000000000000001000053789300000,O,17,52,0,10,1,,,,0,,99991231
20,Z33000000000000001000053789400000,O,17,52,0,10,1,,,,0,,99991231
20,Z33000000000000001000053789800000,O,17,52,0,10,1,,,,0,,99991231
20,Z33000000000000001000053789900000,O,17,52,0,10,1,,,,0,,99991231
20,Z33000000000000001000053790100000,O,17,52,0,10,1,,,,0,,99991231
20,Z33000000000000001000053790200000,O,17,52,0,10,1,,,,0,,99991231
20,Z33000000000000001000053790400000,O,17,52,0,10,1,,,,0,,99991231
20,Z33000000000000001000053790500000,O,17,52,0,10,1,,,,0,,99991231
20,Z40000000000000001000053790900000,O,17,52,0,10,1,,,,0,,99991231
20,Z33000000000000001000053961500000,O,17,52,0,10,1,,,,0,,99991231
20,Z33000000000000001000053961600000,O,17,52,0,10,1,,,,0,,99991231
20,Z33000000000000001000053961700000,O,17,52,0,10,1,,,,0,,99991231
20,Z33000000000000001000053961800000,O,17,52,0,10,1,,,,0,,99991231
20,Z33000000000000001000053962100000,O,17,52,0,10,1,,,,0,,99991231
20,Z33000000000000001000053962200000,O,17,52,0,10,1,,,,0,,99991231
20,Z33000000000000001000053962300000,O,17,52,0,10,1,,,,0,,99991231
20,Z33000000000000001000053962400000,O,17,52,0,10,1,,,,0,,99991231
20,Z33000000000000001000053962500000,O,17,52,0,10,1,,,,0,,99991231
20,Z33000000000000001000053962600000,O,17,52,0,10,1,,,,0,,99991231
20,Z40000000000000001000053962700000,O,17,52,0,10,1,,,,0,,99991231
20,Z40000000000000001000053962800000,O,17,52,0,10,1,,,,0,,99991231
20,Z40000000000000001000053962900000,O,17,52,0,10,1,,,,0,,99991231
20,Z40000000000000001000053963000000,O,17,52,0,10,1,,,,0,,99991231
20,Z40000000000000001000053963100000,O,17,52,0,10,1,,,,0,,99991231
20,Z33000000000000001000053967500000,O,17,52,0,10,1,,,,0,,99991231
20,Z33000000000000001000053967600000,O,17,52,0,10,1,,,,0,,99991231
20,Z33000000000000001000053967700000,O,17,52,0,10,1,,,,0,,99991231
20,Z40000000000000001000053968100000,O,17,52,0,10,1,,,,0,,99991231
20,Z40000000000000001000053968200000,O,17,52,0,10,1,,,,0,,99991231
20,Z40000000000000001000053968300000,O,17,52,0,10,1,,,,0,,99991231
20,Z40000000000000001000053968400000,O,17,52,0,10,1,,,,0,,99991231
20,Z40000000000000001000053968500000,O,17,52,0,10,1,,,,0,,99991231
20,Z40000000000000001000053968600000,O,17,52,0,10,1,,,,0,,99991231
20,Z40000000000000001000053968700000,O,17,52,0,10,1,,,,0,,99991231
20,Z33000000000000001000053969100000,O,17,52,0,10,1,,,,0,,99991231
20,Z33000000000000001000053969200000,O,17,52,0,10,1,,,,0,,99991231
20,Z33000000000000001000053969300000,O,17,52,0,10,1,,,,0,,99991231
20,Z33000000000000001000053969500000,O,17,52,0,10,1,,,,0,,99991231
20,Z33000000000000001000053969600000,O,17,52,0,10,1,,,,0,,99991231
20,Z33000000000000001000053969700000,O,17,52,0,10,1,,,,0,,99991231
20,Z33000000000000001000053969800000,O,17,52,0,10,1,,,,0,,99991231
20,Z33000000000000001000053969900000,O,17,52,0,10,1,,,,0,,99991231
20,Z33000000000000001000053970100000,O,17,52,0,10,1,,,,0,,99991231
20,Z33000000000000001000053970200000,O,17,52,0,10,1,,,,0,,99991231
20,Z33000000000000001000053970300000,O,17,52,0,10,1,,,,0,,99991231
20,Z33000000000000001000053970500000,O,17,52,0,10,1,,,,0,,99991231
20,Z33000000000000001000053970600000,O,17,52,0,10,1,,,,0,,99991231
20,Z33000000000000001000053970900000,O,17,52,0,10,1,,,,0,,99991231
20,Z33000000000000001000053971000000,O,17,52,0,10,1,,,,0,,99991231
20,Z33000000000000001000053971100000,O,17,52,0,10,1,,,,0,,99991231
20,Z33000000000000001000053971300000,O,17,52,0,10,1,,,,0,,99991231
20,Z33000000000000001000053971400000,O,17,52,0,10,1,,,,0,,99991231
20,Z33000000000000001000053971700000,O,17,52,0,10,1,,,,0,,99991231
20,Z33000000000000001000053971800000,O,17,52,0,10,1,,,,0,,99991231
20,Z40000000000000001000053971900000,O,17,52,0,10,1,,,,0,,99991231
20,Z40000000000000001000053972000000,O,17,52,0,10,1,,,,0,,99991231
20,Z40000000000000001000053972100000,O,17,52,0,10,1,,,,0,,99991231
20,Z40000000000000001000053972200000,O,17,52,0,10,1,,,,0,,99991231
20,Z40000000000000001000053972300000,O,17,52,0,10,1,,,,0,,99991231
20,Z33000000000000001000053972700000,O,17,52,0,10,1,,,,0,,99991231
20,Z33000000000000001000053972800000,O,17,52,0,10,1,,,,0,,99991231
20,Z33000000000000001000053973000000,O,17,52,0,10,1,,,,0,,99991231
20,Z33000000000000001000053973100000,O,17,52,0,10,1,,,,0,,99991231
20,Z33000000000000001000053973300000,O,17,52,0,10,1,,,,0,,99991231
20,Z33000000000000001000053973400000,O,17,52,0,10,1,,,,0,,99991231
20,Z33000000000000001000053973500000,O,17,52,0,10,1,,,,0,,99991231
20,Z33000000000000001000053973900000,O,17,52,0,10,1,,,,0,,99991231
20,Z33000000000000001000053974000000,O,17,52,0,10,1,,,,0,,99991231
20,Z33000000000000001000053974100000,O,17,52,0,10,1,,,,0,,99991231
20,Z33000000000000001000053974200000,O,17,52,0,10,1,,,,0,,99991231
20,Z40000000000000001000053974300000,O,17,52,0,10,1,,,,0,,99991231
20,Z40000000000000001000053974400000,O,17,52,0,10,1,,,,0,,99991231
20,Z40000000000000001000053974500000,O,17,52,0,10,1,,,,0,,99991231
20,Z40000000000000001000053974600000,O,17,52,0,10,1,,,,0,,99991231
20,Z40000000000000001000053974700000,O,17,52,0,10,1,,,,0,,99991231
20,Z40000000000000001000053974800000,O,17,52,0,10,1,,,,0,,99991231
20,Z40000000000000001000053974900000,O,17,52,0,10,1,,,,0,,99991231
20,Z33000000000000001000053975100000,O,17,52,0,10,1,,,,0,,99991231
20,Z33000000000000001000053975200000,O,17,52,0,10,1,,,,0,,99991231
20,Z33000000000000001000053975400000,O,17,52,0,10,1,,,,0,,99991231
20,Z33000000000000001000053975500000,O,17,52,0,10,1,,,,0,,99991231
20,Z33000000000000001000053975700000,O,17,52,0,10,1,,,,0,,99991231
20,Z33000000000000001000053975800000,O,17,52,0,10,1,,,,0,,99991231
20,Z33000000000000001000053976500000,O,17,52,0,10,1,,,,0,,99991231
20,Z33000000000000001000053976600000,O,17,52,0,10,1,,,,0,,99991231
20,Z33000000000000001000053976700000,O,17,52,0,10,1,,,,0,,99991231
20,Z33000000000000001000053976800000,O,17,52,0,10,1,,,,0,,99991231
20,Z33000000000000001000053976900000,O,17,52,0,10,1,,,,0,,99991231
20,Z33000000000000001000053977000000,O,17,52,0,10,1,,,,0,,99991231
20,Z33000000000000001000053977100000,O,17,52,0,10,1,,,,0,,99991231
20,Z33000000000000001000053977200000,O,17,52,0,10,1,,,,0,,99991231
20,Z33000000000000001000053977300000,O,17,52,0,10,1,,,,0,,99991231
20,Z33000000000000001000053977400000,O,17,52,0,10,1,,,,0,,99991231
20,Z33000000000000001000053977500000,O,17,52,0,10,1,,,,0,,99991231
20,Z33000000000000001000053977600000,O,17,52,0,10,1,,,,0,,99991231
20,Z33000000000000001000053978100000,O,17,52,0,10,1,,,,0,,99991231
20,Z33000000000000001000053978200000,O,17,52,0,10,1,,,,0,,99991231
20,Z33000000000000001000053978300000,O,17,52,0,10,1,,,,0,,99991231
20,Z33000000000000001000053978400000,O,17,52,0,10,1,,,,0,,99991231
20,Z33000000000000001000053978800000,O,17,52,0,10,1,,,,0,,99991231
20,Z33000000000000001000053978900000,O,17,52,0,10,1,,,,0,,99991231
20,Z33000000000000001000053979000000,O,17,52,0,10,1,,,,0,,99991231
20,Z33000000000000001000053979500000,O,17,52,0,10,1,,,,0,,99991231
20,Z33000000000000001000053979600000,O,17,52,0,10,1,,,,0,,99991231
20,Z33000000000000001000053980300000,O,17,52,0,10,1,,,,0,,99991231
20,Z33000000000000001000053980400000,O,17,52,0,10,1,,,,0,,99991231
20,Z33000000000000001000053980500000,O,17,52,0,10,1,,,,0,,99991231
20,Z33000000000000001000053981100000,O,17,52,0,10,1,,,,0,,99991231
20,Z33000000000000001000053981200000,O,17,52,0,10,1,,,,0,,99991231
20,Z33000000000000001000053981300000,O,17,52,0,10,1,,,,0,,99991231
20,Z33000000000000001000053981400000,O,17,52,0,10,1,,,,0,,99991231
20,Z33000000000000001000053981500000,O,17,52,0,10,1,,,,0,,99991231
20,Z33000000000000001000053981600000,O,17,52,0,10,1,,,,0,,99991231
20,Z33000000000000001000053982700000,O,17,52,0,10,1,,,,0,,99991231
20,Z33000000000000001000053982800000,O,17,52,0,10,1,,,,0,,99991231
20,Z33000000000000001000053982900000,O,17,52,0,10,1,,,,0,,99991231
20,Z33000000000000001000053983000000,O,17,52,0,10,1,,,,0,,99991231
20,Z33000000000000001000053983100000,O,17,52,0,10,1,,,,0,,99991231
20,Z33000000000000001000053983200000,O,17,52,0,10,1,,,,0,,99991231
20,Z33000000000000001000053983300000,O,17,52,0,10,1,,,,0,,99991231
20,Z33000000000000001000053983400000,O,17,52,0,10,1,,,,0,,99991231
20,Z33000000000000001000053983900000,O,17,52,0,10,1,,,,0,,99991231
20,Z33000000000000001000053984000000,O,17,52,0,10,1,,,,0,,99991231
20,Z33000000000000001000053984100000,O,17,52,0,10,1,,,,0,,99991231
20,Z33000000000000001000053984400000,O,17,52,0,10,1,,,,0,,99991231
20,Z33000000000000001000053984500000,O,17,52,0,10,1,,,,0,,99991231
20,Z33000000000000001000053984600000,O,17,52,0,10,1,,,,0,,99991231
20,Z33000000000000001000053984700000,O,17,52,0,10,1,,,,0,,99991231
20,Z33000000000000001000053984800000,O,17,52,0,10,1,,,,0,,99991231
20,Z33000000000000001000053986800000,O,17,52,0,10,1,,,,0,,99991231
20,Z33000000000000001000053986900000,O,17,52,0,10,1,,,,0,,99991231
20,Z33000000000000001000053987000000,O,17,52,0,10,1,,,,0,,99991231
20,Z33000000000000001000053987100000,O,17,52,0,10,1,,,,0,,99991231
20,Z33000000000000001000053987200000,O,17,52,0,10,1,,,,0,,99991231
20,Z33000000000000001000053987400000,O,17,52,0,10,1,,,,0,,99991231
20,Z33000000000000001000053987500000,O,17,52,0,10,1,,,,0,,99991231
20,Z33000000000000001000053987800000,O,17,52,0,10,1,,,,0,,99991231
20,Z33000000000000001000053987900000,O,17,52,0,10,1,,,,0,,99991231
20,Z33000000000000001000053988000000,O,17,52,0,10,1,,,,0,,99991231
20,Z33000000000000001000053988100000,O,17,52,0,10,1,,,,0,,99991231
20,Z40000000000000001000053988300000,O,17,52,0,10,1,,,,0,,99991231
20,Z40000000000000001000053988400000,O,17,52,0,10,1,,,,0,,99991231
20,Z40000000000000001000053988500000,O,17,52,0,10,1,,,,0,,99991231
20,Z40000000000000001000053988600000,O,17,52,0,10,1,,,,0,,99991231
20,Z40000000000000001000053988700000,O,17,52,0,10,1,,,,0,,99991231
20,Z40000000000000001000053988800000,O,17,52,0,10,1,,,,0,,99991231
20,Z40000000000000001000053988900000,O,17,52,0,10,1,,,,0,,99991231
20,Z33000000000000001000053989300000,O,17,52,0,10,1,,,,0,,99991231
20,Z33000000000000001000053989400000,O,17,52,0,10,1,,,,0,,99991231
20,Z33000000000000001000053989500000,O,17,52,0,10,1,,,,0,,99991231
20,Z33000000000000001000053989600000,O,17,52,0,10,1,,,,0,,99991231
20,Z33000000000000001000053989700000,O,17,52,0,10,1,,,,0,,99991231
20,Z33000000000000001000053990800000,O,17,52,0,10,1,,,,0,,99991231
20,Z33000000000000001000053990900000,O,17,52,0,10,1,,,,0,,99991231
20,Z33000000000000001000053991000000,O,17,52,0,10,1,,,,0,,99991231
20,Z33000000000000001000053991100000,O,17,52,0,10,1,,,,0,,99991231
20,Z33000000000000001000053992200000,O,17,52,0,10,1,,,,0,,99991231
20,Z33000000000000001000053992300000,O,17,52,0,10,1,,,,0,,99991231
20,Z33000000000000001000053992400000,O,17,52,0,10,1,,,,0,,99991231
20,Z33000000000000001000053992600000,O,17,52,0,10,1,,,,0,,99991231
20,Z33000000000000001000053992700000,O,17,52,0,10,1,,,,0,,99991231
20,Z33000000000000001000053993000000,O,17,52,0,10,1,,,,0,,99991231
20,Z33000000000000001000053993100000,O,17,52,0,10,1,,,,0,,99991231
20,Z33000000000000001000053993200000,O,17,52,0,10,1,,,,0,,99991231
20,Z33000000000000001000053993300000,O,17,52,0,10,1,,,,0,,99991231
20,Z40000000000000001000053993400000,O,17,52,0,10,1,,,,0,,99991231
20,Z40000000000000001000053993500000,O,17,52,0,10,1,,,,0,,99991231
20,Z40000000000000001000053993600000,O,17,52,0,10,1,,,,0,,99991231
20,Z40000000000000001000053993700000,O,17,52,0,10,1,,,,0,,99991231
20,Z40000000000000001000053993800000,O,17,52,0,10,1,,,,0,,99991231
20,Z33000000000000001000053994000000,O,17,52,0,10,1,,,,0,,99991231
20,Z33000000000000001000053994100000,O,17,52,0,10,1,,,,0,,99991231
20,Z33000000000000001000053994300000,O,17,52,0,10,1,,,,0,,99991231
20,Z33000000000000001000053994400000,O,17,52,0,10,1,,,,0,,99991231
20,Z33000000000000001000053994600000,O,17,52,0,10,1,,,,0,,99991231
20,Z33000000000000001000053994700000,O,17,52,0,10,1,,,,0,,99991231
20,Z33000000000000001000053994800000,O,17,52,0,10,1,,,,0,,99991231
20,Z33000000000000001000053994900000,O,17,52,0,10,1,,,,0,,99991231
20,Z33000000000000001000053995200000,O,17,52,0,10,1,,,,0,,99991231
20,Z33000000000000001000053995300000,O,17,52,0,10,1,,,,0,,99991231
20,Z33000000000000001000053995500000,O,17,52,0,10,1,,,,0,,99991231
20,Z33000000000000001000053995600000,O,17,52,0,10,1,,,,0,,99991231
20,Z33000000000000001000053995900000,O,17,52,0,10,1,,,,0,,99991231
20,Z33000000000000001000053996000000,O,17,52,0,10,1,,,,0,,99991231
20,Z33000000000000001000053996100000,O,17,52,0,10,1,,,,0,,99991231
20,Z33000000000000001000053996200000,O,17,52,0,10,1,,,,0,,99991231
20,Z33000000000000001000053996500000,O,17,52,0,10,1,,,,0,,99991231
20,Z33000000000000001000053996600000,O,17,52,0,10,1,,,,0,,99991231
20,Z33000000000000001000053996700000,O,17,52,0,10,1,,,,0,,99991231
20,Z33000000000000001000053996800000,O,17,52,0,10,1,,,,0,,99991231
20,Z33000000000000001000053996900000,O,17,52,0,10,1,,,,0,,99991231
20,Z33000000000000001000053997000000,O,17,52,0,10,1,,,,0,,99991231
20,Z33000000000000001000053997100000,O,17,52,0,10,1,,,,0,,99991231
20,Z33000000000000001000053997200000,O,17,52,0,10,1,,,,0,,99991231
20,Z33000000000000001000053997400000,O,17,52,0,10,1,,,,0,,99991231
20,Z33000000000000001000053997500000,O,17,52,0,10,1,,,,0,,99991231
20,Z33000000000000001000053997800000,O,17,52,0,10,1,,,,0,,99991231
20,Z33000000000000001000053997900000,O,17,52,0,10,1,,,,0,,99991231
20,Z33000000000000001000053998000000,O,17,52,0,10,1,,,,0,,99991231
20,Z33000000000000001000053998100000,O,17,52,0,10,1,,,,0,,99991231
20,Z33000000000000001000053998200000,O,17,52,0,10,1,,,,0,,99991231
20,Z33000000000000001000053998300000,O,17,52,0,10,1,,,,0,,99991231
20,Z33000000000000001000053998400000,O,17,52,0,10,1,,,,0,,99991231
20,Z33000000000000001000053998500000,O,17,52,0,10,1,,,,0,,99991231
20,Z33000000000000001000053998600000,O,17,52,0,10,1,,,,0,,99991231
20,Z33000000000000001000053998700000,O,17,52,0,10,1,,,,0,,99991231
20,Z33000000000000001000053998800000,O,17,52,0,10,1,,,,0,,99991231
20,Z29000000000000001000053727400000,O,17,52,0,10,1,,,,0,,99991231
20,Z29000000000000001000052913500000,O,17,52,0,10,1,,,,0,,99991231
20,Z29000000000000001000052913501000,O,17,52,0,10,1,,,,0,,99991231
20,Z40000000000000001000054008300000,O,17,52,0,10,1,,,,0,,99991231
20,Z40000000000000001000054008400000,O,17,52,0,10,1,,,,0,,99991231
20,Z40000000000000001000054008500000,O,17,52,0,10,1,,,,0,,99991231
20,Z40000000000000001000054008600000,O,17,52,0,10,1,,,,0,,99991231
20,Z40000000000000001000054008700000,O,17,52,0,10,1,,,,0,,99991231
20,Z40000000000000001000054008800000,O,17,52,0,10,1,,,,0,,99991231
20,Z33000000000000001000054010200000,O,17,52,0,10,1,,,,0,,99991231
20,Z33000000000000001000054010300000,O,17,52,0,10,1,,,,0,,99991231
20,Z33000000000000001000054010400000,O,17,52,0,10,1,,,,0,,99991231
20,Z33000000000000001000054010500000,O,17,52,0,10,1,,,,0,,99991231
20,Z33000000000000001000054010600000,O,17,52,0,10,1,,,,0,,99991231
20,Z33000000000000001000054010700000,O,17,52,0,10,1,,,,0,,99991231
20,Z33000000000000001000054010800000,O,17,52,0,10,1,,,,0,,99991231
20,Z33000000000000001000054010900000,O,17,52,0,10,1,,,,0,,99991231
20,Z33000000000000001000054011000000,O,17,52,0,10,1,,,,0,,99991231
20,Z33000000000000001000054011100000,O,17,52,0,10,1,,,,0,,99991231
20,Z33000000000000001000054011300000,O,17,52,0,10,1,,,,0,,99991231
20,Z33000000000000001000054011400000,O,17,52,0,10,1,,,,0,,99991231
20,Z33000000000000001000054011500000,O,17,52,0,10,1,,,,0,,99991231
20,Z33000000000000001000054012200000,O,17,52,0,10,1,,,,0,,99991231
20,Z33000000000000001000054012300000,O,17,52,0,10,1,,,,0,,99991231
20,Z33000000000000001000054012400000,O,17,52,0,10,1,,,,0,,99991231
20,Z33000000000000001000054012500000,O,17,52,0,10,1,,,,0,,99991231
20,Z40000000000000001000054012600000,O,17,52,0,10,1,,,,0,,99991231
20,Z40000000000000001000054012700000,O,17,52,0,10,1,,,,0,,99991231
20,Z40000000000000001000054012800000,O,17,52,0,10,1,,,,0,,99991231
20,Z40000000000000001000054012900000,O,17,52,0,10,1,,,,0,,99991231
20,Z40000000000000001000054013000000,O,17,52,0,10,1,,,,0,,99991231
20,Z40000000000000001000054013100000,O,17,52,0,10,1,,,,0,,99991231
20,Z33000000000000001000054013200000,O,17,52,0,10,1,,,,0,,99991231
20,Z33000000000000001000054013300000,O,17,52,0,10,1,,,,0,,99991231
20,Z33000000000000001000054014000000,O,17,52,0,10,1,,,,0,,99991231
20,Z33000000000000001000054014100000,O,17,52,0,10,1,,,,0,,99991231
20,Z33000000000000001000054014200000,O,17,52,0,10,1,,,,0,,99991231
20,Z33000000000000001000054014300000,O,17,52,0,10,1,,,,0,,99991231
20,Z33000000000000001000054014400000,O,17,52,0,10,1,,,,0,,99991231
20,Z33000000000000001000054014500000,O,17,52,0,10,1,,,,0,,99991231
20,Z33000000000000001000054014600000,O,17,52,0,10,1,,,,0,,99991231
20,Z33000000000000001000054014800000,O,17,52,0,10,1,,,,0,,99991231
20,Z33000000000000001000054014900000,O,17,52,0,10,1,,,,0,,99991231
20,Z33000000000000001000054015200000,O,17,52,0,10,1,,,,0,,99991231
20,Z33000000000000001000054015300000,O,17,52,0,10,1,,,,0,,99991231
20,Z33000000000000001000054015400000,O,17,52,0,10,1,,,,0,,99991231
20,Z33000000000000001000054015500000,O,17,52,0,10,1,,,,0,,99991231
20,Z33000000000000001000054015700000,O,17,52,0,10,1,,,,0,,99991231
20,Z33000000000000001000054015800000,O,17,52,0,10,1,,,,0,,99991231
20,Z33000000000000001000054015900000,O,17,52,0,10,1,,,,0,,99991231
20,Z33000000000000001000054016000000,O,17,52,0,10,1,,,,0,,99991231
20,Z33000000000000001000054016100000,O,17,52,0,10,1,,,,0,,99991231
20,Z33000000000000001000054016200000,O,17,52,0,10,1,,,,0,,99991231
20,Z33000000000000001000054016300000,O,17,52,0,10,1,,,,0,,99991231
20,Z33000000000000001000054016400000,O,17,52,0,10,1,,,,0,,99991231
20,Z33000000000000001000054016500000,O,17,52,0,10,1,,,,0,,99991231
20,Z33000000000000001000054016600000,O,17,52,0,10,1,,,,0,,99991231
20,Z33000000000000001000054016700000,O,17,52,0,10,1,,,,0,,99991231
20,Z33000000000000001000054016800000,O,17,52,0,10,1,,,,0,,99991231
20,Z33000000000000001000054016900000,O,17,52,0,10,1,,,,0,,99991231
20,Z33000000000000001000054017000000,O,17,52,0,10,1,,,,0,,99991231
20,Z33000000000000001000054017100000,O,17,52,0,10,1,,,,0,,99991231
20,Z33000000000000001000054017200000,O,17,52,0,10,1,,,,0,,99991231
20,Z33000000000000001000054017300000,O,17,52,0,10,1,,,,0,,99991231
20,Z33000000000000001000054017400000,O,17,52,0,10,1,,,,0,,99991231
20,Z33000000000000001000054017500000,O,17,52,0,10,1,,,,0,,99991231
20,Z33000000000000001000054039300000,O,17,52,0,10,1,,,,0,,99991231
20,Z33000000000000001000054039400000,O,17,52,0,10,1,,,,0,,99991231
20,Z33000000000000001000054040000000,O,17,52,0,10,1,,,,0,,99991231
20,Z33000000000000001000054040100000,O,17,52,0,10,1,,,,0,,99991231
20,Z33000000000000001000054040600000,O,17,52,0,10,1,,,,0,,99991231
20,Z33000000000000001000054040700000,O,17,52,0,10,1,,,,0,,99991231
20,Z33000000000000001000054040800000,O,17,52,0,10,1,,,,0,,99991231
20,Z33000000000000001000054040900000,O,17,52,0,10,1,,,,0,,99991231
20,Z40000000000000001000054041000000,O,17,52,0,10,1,,,,0,,99991231
20,Z40000000000000001000054041100000,O,17,52,0,10,1,,,,0,,99991231
20,Z40000000000000001000054041200000,O,17,52,0,10,1,,,,0,,99991231
20,Z40000000000000001000054041300000,O,17,52,0,10,1,,,,0,,99991231
20,Z40000000000000001000054041400000,O,17,52,0,10,1,,,,0,,99991231
20,Z40000000000000001000054041500000,O,17,52,0,10,1,,,,0,,99991231
20,Z33000000000000001000054042600000,O,17,52,0,10,1,,,,0,,99991231
20,Z33000000000000001000054042700000,O,17,52,0,10,1,,,,0,,99991231
20,Z33000000000000001000054042900000,O,17,52,0,10,1,,,,0,,99991231
20,Z33000000000000001000054043000000,O,17,52,0,10,1,,,,0,,99991231
20,Z33000000000000001000054043100000,O,17,52,0,10,1,,,,0,,99991231
20,Z29000000000000001000015910904000,O,17,52,0,10,1,,,,0,,99991231
20,Z29000000000000001000015909304000,O,17,52,0,10,1,,,,0,,99991231
20,Z33000000000000001000054044700000,O,17,52,0,10,1,,,,0,,99991231
20,Z33000000000000001000054044800000,O,17,52,0,10,1,,,,0,,99991231
20,Z33000000000000001000054045500000,O,17,52,0,10,1,,,,0,,99991231
20,Z33000000000000001000054045600000,O,17,52,0,10,1,,,,0,,99991231
20,Z29000000000000001000015909404000,O,17,52,0,10,1,,,,0,,99991231
20,Z33000000000000001000054046000000,O,17,52,0,10,1,,,,0,,99991231
20,Z33000000000000001000054046100000,O,17,52,0,10,1,,,,0,,99991231
20,Z33000000000000001000054046200000,O,17,52,0,10,1,,,,0,,99991231
20,Z33000000000000001000054046300000,O,17,52,0,10,1,,,,0,,99991231
20,Z33000000000000001000054046400000,O,17,52,0,10,1,,,,0,,99991231
20,Z33000000000000001000054046500000,O,17,52,0,10,1,,,,0,,99991231
20,Z33000000000000001000054046600000,O,17,52,0,10,1,,,,0,,99991231
20,Z33000000000000001000054046900000,O,17,52,0,10,1,,,,0,,99991231
20,Z33000000000000001000054047000000,O,17,52,0,10,1,,,,0,,99991231
20,Z33000000000000001000054047100000,O,17,52,0,10,1,,,,0,,99991231
20,Z33000000000000001000054047200000,O,17,52,0,10,1,,,,0,,99991231
20,Z33000000000000001000054047800000,O,17,52,0,10,1,,,,0,,99991231
20,Z33000000000000001000054047900000,O,17,52,0,10,1,,,,0,,99991231
20,Z33000000000000001000054048000000,O,17,52,0,10,1,,,,0,,99991231
20,Z33000000000000001000054048400000,O,17,52,0,10,1,,,,0,,99991231
20,Z33000000000000001000054048500000,O,17,52,0,10,1,,,,0,,99991231
20,Z33000000000000001000054048600000,O,17,52,0,10,1,,,,0,,99991231
20,Z33000000000000001000054048700000,O,17,52,0,10,1,,,,0,,99991231
20,Z33000000000000001000054049400000,O,17,52,0,10,1,,,,0,,99991231
20,Z33000000000000001000054049500000,O,17,52,0,10,1,,,,0,,99991231
20,Z33000000000000001000054049600000,O,17,52,0,10,1,,,,0,,99991231
20,Z33000000000000001000054049700000,O,17,52,0,10,1,,,,0,,99991231
20,Z33000000000000001000054049800000,O,17,52,0,10,1,,,,0,,99991231
20,Z33000000000000001000054049900000,O,17,52,0,10,1,,,,0,,99991231
20,Z33000000000000001000054050000000,O,17,52,0,10,1,,,,0,,99991231
20,Z33000000000000001000054050100000,O,17,52,0,10,1,,,,0,,99991231
20,Z33000000000000001000054050200000,O,17,52,0,10,1,,,,0,,99991231
20,Z33000000000000001000054050300000,O,17,52,0,10,1,,,,0,,99991231
20,Z33000000000000001000054050400000,O,17,52,0,10,1,,,,0,,99991231
20,Z33000000000000001000054050500000,O,17,52,0,10,1,,,,0,,99991231
20,Z33000000000000001000054050600000,O,17,52,0,10,1,,,,0,,99991231
20,Z33000000000000001000054050700000,O,17,52,0,10,1,,,,0,,99991231
20,Z33000000000000001000054050800000,O,17,52,0,10,1,,,,0,,99991231
20,Z33000000000000001000054050900000,O,17,52,0,10,1,,,,0,,99991231
20,Z33000000000000001000054051000000,O,17,52,0,10,1,,,,0,,99991231
20,Z33000000000000001000054051100000,O,17,52,0,10,1,,,,0,,99991231
20,Z33000000000000001000054051200000,O,17,52,0,10,1,,,,0,,99991231
20,Z33000000000000001000054051300000,O,17,52,0,10,1,,,,0,,99991231
20,Z33000000000000001000054051400000,O,17,52,0,10,1,,,,0,,99991231
20,Z33000000000000001000054051600000,O,17,52,0,10,1,,,,0,,99991231
20,Z33000000000000001000054051700000,O,17,52,0,10,1,,,,0,,99991231
20,Z33000000000000001000054052000000,O,17,52,0,10,1,,,,0,,99991231
20,Z33000000000000001000054052100000,O,17,52,0,10,1,,,,0,,99991231
20,Z33000000000000001000054052200000,O,17,52,0,10,1,,,,0,,99991231
20,Z33000000000000001000054052800000,O,17,52,0,10,1,,,,0,,99991231
20,Z33000000000000001000054052900000,O,17,52,0,10,1,,,,0,,99991231
20,Z40000000000000001000054059500000,O,17,52,0,10,1,,,,0,,99991231
20,Z40000000000000001000054059600000,O,17,52,0,10,1,,,,0,,99991231
20,Z40000000000000001000054059700000,O,17,52,0,10,1,,,,0,,99991231
20,Z40000000000000001000054059800000,O,17,52,0,10,1,,,,0,,99991231
20,Z40000000000000001000054059900000,O,17,52,0,10,1,,,,0,,99991231
20,Z40000000000000001000054060000000,O,17,52,0,10,1,,,,0,,99991231
20,Z40000000000000001000054060100000,O,17,52,0,10,1,,,,0,,99991231
20,Z40000000000000001000054060200000,O,17,52,0,10,1,,,,0,,99991231
20,Z33000000000000001000054061700000,O,17,52,0,10,1,,,,0,,99991231
20,Z33000000000000001000054061800000,O,17,52,0,10,1,,,,0,,99991231
20,Z33000000000000001000054061900000,O,17,52,0,10,1,,,,0,,99991231
20,Z33000000000000001000054062000000,O,17,52,0,10,1,,,,0,,99991231
20,Z33000000000000001000054062100000,O,17,52,0,10,1,,,,0,,99991231
20,Z33000000000000001000054062200000,O,17,52,0,10,1,,,,0,,99991231
20,Z33000000000000001000054062300000,O,17,52,0,10,1,,,,0,,99991231
20,Z33000000000000001000054062400000,O,17,52,0,10,1,,,,0,,99991231
20,Z33000000000000001000054062500000,O,17,52,0,10,1,,,,0,,99991231
20,Z33000000000000001000054063000000,O,17,52,0,10,1,,,,0,,99991231
20,Z33000000000000001000054063100000,O,17,52,0,10,1,,,,0,,99991231
20,Z33000000000000001000054063200000,O,17,52,0,10,1,,,,0,,99991231
20,Z33000000000000001000054064600000,O,17,52,0,10,1,,,,0,,99991231
20,Z33000000000000001000054064700000,O,17,52,0,10,1,,,,0,,99991231
20,Z33000000000000001000054064800000,O,17,52,0,10,1,,,,0,,99991231
20,Z33000000000000001000054064900000,O,17,52,0,10,1,,,,0,,99991231
20,Z33000000000000001000054065000000,O,17,52,0,10,1,,,,0,,99991231
20,Z33000000000000001000054065100000,O,17,52,0,10,1,,,,0,,99991231
20,Z33000000000000001000054065200000,O,17,52,0,10,1,,,,0,,99991231
20,Z33000000000000001000054065300000,O,17,52,0,10,1,,,,0,,99991231
20,Z33000000000000001000054065400000,O,17,52,0,10,1,,,,0,,99991231
20,Z33000000000000001000054065500000,O,17,52,0,10,1,,,,0,,99991231
20,Z33000000000000001000054065600000,O,17,52,0,10,1,,,,0,,99991231
20,Z33000000000000001000054065700000,O,17,52,0,10,1,,,,0,,99991231
20,Z33000000000000001000054065800000,O,17,52,0,10,1,,,,0,,99991231
20,Z33000000000000001000054065900000,O,17,52,0,10,1,,,,0,,99991231
20,Z33000000000000001000054066000000,O,17,52,0,10,1,,,,0,,99991231
20,Z33000000000000001000054066100000,O,17,52,0,10,1,,,,0,,99991231
20,Z33000000000000001000054066600000,O,17,52,0,10,1,,,,0,,99991231
20,Z33000000000000001000054066700000,O,17,52,0,10,1,,,,0,,99991231
20,Z33000000000000001000054066800000,O,17,52,0,10,1,,,,0,,99991231
20,Z33000000000000001000054066900000,O,17,52,0,10,1,,,,0,,99991231
20,Z33000000000000001000054068100000,O,17,52,0,10,1,,,,0,,99991231
20,Z33000000000000001000054068200000,O,17,52,0,10,1,,,,0,,99991231
20,Z33000000000000001000054068300000,O,17,52,0,10,1,,,,0,,99991231
20,Z33000000000000001000054068500000,O,17,52,0,10,1,,,,0,,99991231
20,Z33000000000000001000054068600000,O,17,52,0,10,1,,,,0,,99991231
20,Z33000000000000001000054068700000,O,17,52,0,10,1,,,,0,,99991231
20,Z33000000000000001000054069100000,O,17,52,0,10,1,,,,0,,99991231
20,Z33000000000000001000054069200000,O,17,52,0,10,1,,,,0,,99991231
20,Z33000000000000001000054069300000,O,17,52,0,10,1,,,,0,,99991231
20,Z40000000000000001000054073800000,O,17,52,0,10,1,,,,0,,99991231
20,Z40000000000000001000054073900000,O,17,52,0,10,1,,,,0,,99991231
20,Z40000000000000001000054074000000,O,17,52,0,10,1,,,,0,,99991231
20,Z40000000000000001000054074100000,O,17,52,0,10,1,,,,0,,99991231
20,Z40000000000000001000054074200000,O,17,52,0,10,1,,,,0,,99991231
20,Z40000000000000001000054074300000,O,17,52,0,10,1,,,,0,,99991231
20,Z40000000000000001000054074400000,O,17,52,0,10,1,,,,0,,99991231
20,Z40000000000000001000054074600000,O,17,52,0,10,1,,,,0,,99991231
20,Z40000000000000001000054076600000,O,17,52,0,10,1,,,,0,,99991231
20,Z40000000000000001000054076700000,O,17,52,0,10,1,,,,0,,99991231
20,Z40000000000000001000054077700000,O,17,52,0,10,1,,,,0,,99991231
20,Z33000000000000001000054141200000,O,17,52,0,10,1,,,,0,,99991231
20,Z33000000000000001000054142100000,O,17,52,0,10,1,,,,0,,99991231
20,Z33000000000000001000054142200000,O,17,52,0,10,1,,,,0,,99991231
20,Z33000000000000001000054142300000,O,17,52,0,10,1,,,,0,,99991231
20,Z33000000000000001000054142400000,O,17,52,0,10,1,,,,0,,99991231
20,Z33000000000000001000054142500000,O,17,52,0,10,1,,,,0,,99991231
20,Z33000000000000001000054142600000,O,17,52,0,10,1,,,,0,,99991231
20,Z33000000000000001000054142700000,O,17,52,0,10,1,,,,0,,99991231
20,Z33000000000000001000054142800000,O,17,52,0,10,1,,,,0,,99991231
20,Z33000000000000001000054142900000,O,17,52,0,10,1,,,,0,,99991231
20,Z33000000000000001000054143000000,O,17,52,0,10,1,,,,0,,99991231
20,Z33000000000000001000054143100000,O,17,52,0,10,1,,,,0,,99991231
20,Z33000000000000001000054143200000,O,17,52,0,10,1,,,,0,,99991231
20,Z33000000000000001000054143700000,O,17,52,0,10,1,,,,0,,99991231
20,Z33000000000000001000054143800000,O,17,52,0,10,1,,,,0,,99991231
20,Z40000000000000001000054155400000,O,17,52,0,10,1,,,,0,,99991231
20,Z40000000000000001000054155500000,O,17,52,0,10,1,,,,0,,99991231
20,Z40000000000000001000054155600000,O,17,52,0,10,1,,,,0,,99991231
20,Z40000000000000001000054155700000,O,17,52,0,10,1,,,,0,,99991231
20,Z40000000000000001000054155800000,O,17,52,0,10,1,,,,0,,99991231
20,Z40000000000000001000054155900000,O,17,52,0,10,1,,,,0,,99991231
20,Z40000000000000001000054156000000,O,17,52,0,10,1,,,,0,,99991231
20,Z40000000000000001000054159100000,O,17,52,0,10,1,,,,0,,99991231
20,Z40000000000000001000054159200000,O,17,52,0,10,1,,,,0,,99991231
20,Z40000000000000001000054159300000,O,17,52,0,10,1,,,,0,,99991231
20,Z40000000000000001000054159400000,O,17,52,0,10,1,,,,0,,99991231
20,Z40000000000000001000054159500000,O,17,52,0,10,1,,,,0,,99991231
20,Z40000000000000001000054160800000,O,17,52,0,10,1,,,,0,,99991231
20,Z40000000000000001000054160900000,O,17,52,0,10,1,,,,0,,99991231
20,Z33000000000000001000054161100000,O,17,52,0,10,1,,,,0,,99991231
20,Z33000000000000001000054161200000,O,17,52,0,10,1,,,,0,,99991231
20,Z33000000000000001000054161300000,O,17,52,0,10,1,,,,0,,99991231
20,Z33000000000000001000054161700000,O,17,52,0,10,1,,,,0,,99991231
20,Z33000000000000001000054161800000,O,17,52,0,10,1,,,,0,,99991231
20,Z33000000000000001000054162200000,O,17,52,0,10,1,,,,0,,99991231
20,Z33000000000000001000054162300000,O,17,52,0,10,1,,,,0,,99991231
20,Z40000000000000001000054162900000,O,17,52,0,10,1,,,,0,,99991231
20,Z40000000000000001000054163000000,O,17,52,0,10,1,,,,0,,99991231
20,Z33000000000000001000054164000000,O,17,52,0,10,1,,,,0,,99991231
20,Z33000000000000001000054164100000,O,17,52,0,10,1,,,,0,,99991231
20,Z33000000000000001000054164300000,O,17,52,0,10,1,,,,0,,99991231
20,Z33000000000000001000054164400000,O,17,52,0,10,1,,,,0,,99991231
20,Z33000000000000001000054165200000,O,17,52,0,10,1,,,,0,,99991231
20,Z33000000000000001000054165300000,O,17,52,0,10,1,,,,0,,99991231
20,Z33000000000000001000054165800000,O,17,52,0,10,1,,,,0,,99991231
20,Z33000000000000001000054165900000,O,17,52,0,10,1,,,,0,,99991231
20,Z33000000000000001000054166000000,O,17,52,0,10,1,,,,0,,99991231
20,Z33000000000000001000054166100000,O,17,52,0,10,1,,,,0,,99991231
20,Z33000000000000001000054166200000,O,17,52,0,10,1,,,,0,,99991231
20,Z33000000000000001000054166300000,O,17,52,0,10,1,,,,0,,99991231
20,Z33000000000000001000054166900000,O,17,52,0,10,1,,,,0,,99991231
20,Z33000000000000001000054167000000,O,17,52,0,10,1,,,,0,,99991231
20,Z33000000000000001000054167100000,O,17,52,0,10,1,,,,0,,99991231
20,Z33000000000000001000054167600000,O,17,52,0,10,1,,,,0,,99991231
20,Z33000000000000001000054167700000,O,17,52,0,10,1,,,,0,,99991231
20,Z33000000000000001000054167800000,O,17,52,0,10,1,,,,0,,99991231
20,Z33000000000000001000054167900000,O,17,52,0,10,1,,,,0,,99991231
20,Z33000000000000001000054168000000,O,17,52,0,10,1,,,,0,,99991231
20,Z33000000000000001000054168100000,O,17,52,0,10,1,,,,0,,99991231
20,Z33000000000000001000054168600000,O,17,52,0,10,1,,,,0,,99991231
20,Z33000000000000001000054168700000,O,17,52,0,10,1,,,,0,,99991231
20,Z33000000000000001000054168800000,O,17,52,0,10,1,,,,0,,99991231
20,Z33000000000000001000054168900000,O,17,52,0,10,1,,,,0,,99991231
20,Z33000000000000001000054169000000,O,17,52,0,10,1,,,,0,,99991231
20,Z33000000000000001000054169600000,O,17,52,0,10,1,,,,0,,99991231
20,Z33000000000000001000054169700000,O,17,52,0,10,1,,,,0,,99991231
20,Z33000000000000001000054169800000,O,17,52,0,10,1,,,,0,,99991231
20,Z33000000000000001000054170400000,O,17,52,0,10,1,,,,0,,99991231
20,Z33000000000000001000054170500000,O,17,52,0,10,1,,,,0,,99991231
20,Z33000000000000001000054170600000,O,17,52,0,10,1,,,,0,,99991231
20,Z33000000000000001000054171200000,O,17,52,0,10,1,,,,0,,99991231
20,Z33000000000000001000054171300000,O,17,52,0,10,1,,,,0,,99991231
20,Z33000000000000001000054171400000,O,17,52,0,10,1,,,,0,,99991231
20,Z33000000000000001000054172400000,O,17,52,0,10,1,,,,0,,99991231
20,Z33000000000000001000054172500000,O,17,52,0,10,1,,,,0,,99991231
20,Z33000000000000001000054172600000,O,17,52,0,10,1,,,,0,,99991231
20,Z33000000000000001000054173000000,O,17,52,0,10,1,,,,0,,99991231
20,Z33000000000000001000054173100000,O,17,52,0,10,1,,,,0,,99991231
20,Z33000000000000001000054173200000,O,17,52,0,10,1,,,,0,,99991231
20,Z33000000000000001000054173500000,O,17,52,0,10,1,,,,0,,99991231
20,Z33000000000000001000054173600000,O,17,52,0,10,1,,,,0,,99991231
20,Z33000000000000001000054173700000,O,17,52,0,10,1,,,,0,,99991231
20,Z33000000000000001000054174100000,O,17,52,0,10,1,,,,0,,99991231
20,Z33000000000000001000054174200000,O,17,52,0,10,1,,,,0,,99991231
20,Z33000000000000001000054174300000,O,17,52,0,10,1,,,,0,,99991231
20,Z33000000000000001000054174700000,O,17,52,0,10,1,,,,0,,99991231
20,Z33000000000000001000054174800000,O,17,52,0,10,1,,,,0,,99991231
20,Z33000000000000001000054174900000,O,17,52,0,10,1,,,,0,,99991231
20,Z33000000000000001000054175500000,O,17,52,0,10,1,,,,0,,99991231
20,Z33000000000000001000054175600000,O,17,52,0,10,1,,,,0,,99991231
20,Z33000000000000001000054175700000,O,17,52,0,10,1,,,,0,,99991231
20,Z33000000000000001000054176700000,O,17,52,0,10,1,,,,0,,99991231
20,Z33000000000000001000054176800000,O,17,52,0,10,1,,,,0,,99991231
20,Z33000000000000001000054176900000,O,17,52,0,10,1,,,,0,,99991231
20,Z40000000000000001000054177800000,O,17,52,0,10,1,,,,0,,99991231
20,Z40000000000000001000054178000000,O,17,52,0,10,1,,,,0,,99991231
20,Z40000000000000001000054178100000,O,17,52,0,10,1,,,,0,,99991231
20,Z40000000000000001000054178200000,O,17,52,0,10,1,,,,0,,99991231
20,Z40000000000000001000054178300000,O,17,52,0,10,1,,,,0,,99991231
20,Z40000000000000001000054178400000,O,17,52,0,10,1,,,,0,,99991231
20,Z40000000000000001000054178500000,O,17,52,0,10,1,,,,0,,99991231
20,Z40000000000000001000054178600000,O,17,52,0,10,1,,,,0,,99991231
20,Z40000000000000001000054178700000,O,17,52,0,10,1,,,,0,,99991231
20,Z33000000000000001000054179400000,O,17,52,0,10,1,,,,0,,99991231
20,Z33000000000000001000054179500000,O,17,52,0,10,1,,,,0,,99991231
20,Z33000000000000001000054179600000,O,17,52,0,10,1,,,,0,,99991231
20,Z33000000000000001000054180100000,O,17,52,0,10,1,,,,0,,99991231
20,Z33000000000000001000054180200000,O,17,52,0,10,1,,,,0,,99991231
20,Z33000000000000001000054180300000,O,17,52,0,10,1,,,,0,,99991231
20,Z33000000000000001000054181100000,O,17,52,0,10,1,,,,0,,99991231
20,Z33000000000000001000054181200000,O,17,52,0,10,1,,,,0,,99991231
20,Z33000000000000001000054181300000,O,17,52,0,10,1,,,,0,,99991231
20,Z33000000000000001000054182100000,O,17,52,0,10,1,,,,0,,99991231
20,Z33000000000000001000054182200000,O,17,52,0,10,1,,,,0,,99991231
20,Z33000000000000001000054182300000,O,17,52,0,10,1,,,,0,,99991231
20,Z33000000000000001000054182900000,O,17,52,0,10,1,,,,0,,99991231
20,Z33000000000000001000054183000000,O,17,52,0,10,1,,,,0,,99991231
20,Z33000000000000001000054183100000,O,17,52,0,10,1,,,,0,,99991231
20,Z33000000000000001000054183500000,O,17,52,0,10,1,,,,0,,99991231
20,Z33000000000000001000054183600000,O,17,52,0,10,1,,,,0,,99991231
20,Z33000000000000001000054183700000,O,17,52,0,10,1,,,,0,,99991231
20,Z33000000000000001000054183900000,O,17,52,0,10,1,,,,0,,99991231
20,Z33000000000000001000054184000000,O,17,52,0,10,1,,,,0,,99991231
20,Z33000000000000001000054184100000,O,17,52,0,10,1,,,,0,,99991231
20,Z40000000000000001000054184400000,O,17,52,0,10,1,,,,0,,99991231
20,Z40000000000000001000054184500000,O,17,52,0,10,1,,,,0,,99991231
20,Z40000000000000001000054184600000,O,17,52,0,10,1,,,,0,,99991231
20,Z40000000000000001000054184700000,O,17,52,0,10,1,,,,0,,99991231
20,Z40000000000000001000054184800000,O,17,52,0,10,1,,,,0,,99991231
20,Z40000000000000001000054184900000,O,17,52,0,10,1,,,,0,,99991231
20,Z40000000000000001000054185000000,O,17,52,0,10,1,,,,0,,99991231
20,Z33000000000000001000054185700000,O,17,52,0,10,1,,,,0,,99991231
20,Z29000000000000001000052646401000,O,17,52,0,10,1,,,,0,,99991231
20,Z33000000000000001000054205800000,O,17,52,0,10,1,,,,0,,99991231
20,Z33000000000000001000054205900000,O,17,52,0,10,1,,,,0,,99991231
20,Z33000000000000001000054206600000,O,17,52,0,10,1,,,,0,,99991231
20,Z33000000000000001000054206700000,O,17,52,0,10,1,,,,0,,99991231
20,Z33000000000000001000054206800000,O,17,52,0,10,1,,,,0,,99991231
20,Z33000000000000001000054206900000,O,17,52,0,10,1,,,,0,,99991231
20,Z33000000000000001000054207000000,O,17,52,0,10,1,,,,0,,99991231
20,Z33000000000000001000054207100000,O,17,52,0,10,1,,,,0,,99991231
20,Z33000000000000001000054207200000,O,17,52,0,10,1,,,,0,,99991231
20,Z33000000000000001000054207300000,O,17,52,0,10,1,,,,0,,99991231
20,Z33000000000000001000054207400000,O,17,52,0,10,1,,,,0,,99991231
20,Z33000000000000001000054207500000,O,17,52,0,10,1,,,,0,,99991231
20,Z33000000000000001000054207600000,O,17,52,0,10,1,,,,0,,99991231
20,Z33000000000000001000054207700000,O,17,52,0,10,1,,,,0,,99991231
20,Z33000000000000001000054207800000,O,17,52,0,10,1,,,,0,,99991231
20,Z33000000000000001000054207900000,O,17,52,0,10,1,,,,0,,99991231
20,Z33000000000000001000054208000000,O,17,52,0,10,1,,,,0,,99991231
20,Z33000000000000001000054208100000,O,17,52,0,10,1,,,,0,,99991231
20,Z33000000000000001000054208200000,O,17,52,0,10,1,,,,0,,99991231
20,Z33000000000000001000054208300000,O,17,52,0,10,1,,,,0,,99991231
20,Z33000000000000001000054208400000,O,17,52,0,10,1,,,,0,,99991231
20,Z33000000000000001000054208500000,O,17,52,0,10,1,,,,0,,99991231
20,Z33000000000000001000054208600000,O,17,52,0,10,1,,,,0,,99991231
20,Z33000000000000001000054208700000,O,17,52,0,10,1,,,,0,,99991231
20,Z33000000000000001000054208800000,O,17,52,0,10,1,,,,0,,99991231
20,Z33000000000000001000054208900000,O,17,52,0,10,1,,,,0,,99991231
20,Z33000000000000001000054209000000,O,17,52,0,10,1,,,,0,,99991231
20,Z40000000000000001000054209400000,O,17,52,0,10,1,,,,0,,99991231
20,Z40000000000000001000054209500000,O,17,52,0,10,1,,,,0,,99991231
20,Z40000000000000001000054209600000,O,17,52,0,10,1,,,,0,,99991231
20,Z40000000000000001000054209700000,O,17,52,0,10,1,,,,0,,99991231
20,Z40000000000000001000054209800000,O,17,52,0,10,1,,,,0,,99991231
20,Z29000000000000001000008317901000,O,17,52,0,10,1,,,,0,,99991231
20,Z29000000000000001000008318201000,O,17,52,0,10,1,,,,0,,99991231
20,Z29000000000000001000054211900000,O,17,52,0,10,1,,,,0,,99991231
20,Z29000000000000001000054212100000,O,17,52,0,10,1,,,,0,,99991231
20,Z33000000000000001000054212800000,O,17,52,0,10,1,,,,0,,99991231
20,Z33000000000000001000054212900000,O,17,52,0,10,1,,,,0,,99991231
20,Z33000000000000001000054213000000,O,17,52,0,10,1,,,,0,,99991231
20,Z33000000000000001000054213100000,O,17,52,0,10,1,,,,0,,99991231
20,Z33000000000000001000054213200000,O,17,52,0,10,1,,,,0,,99991231
20,Z33000000000000001000054213300000,O,17,52,0,10,1,,,,0,,99991231
20,Z33000000000000001000054213400000,O,17,52,0,10,1,,,,0,,99991231
20,Z33000000000000001000054213500000,O,17,52,0,10,1,,,,0,,99991231
20,Z29000000000000001000026562401000,O,17,52,0,10,1,,,,0,,99991231
20,Z33000000000000001000054214000000,O,17,52,0,10,1,,,,0,,99991231
20,Z33000000000000001000054214100000,O,17,52,0,10,1,,,,0,,99991231
20,Z40000000000000001000054214200000,O,17,52,0,10,1,,,,0,,99991231
20,Z40000000000000001000054214300000,O,17,52,0,10,1,,,,0,,99991231
20,Z40000000000000001000054214400000,O,17,52,0,10,1,,,,0,,99991231
20,Z40000000000000001000054214500000,O,17,52,0,10,1,,,,0,,99991231
20,Z40000000000000001000054214600000,O,17,52,0,10,1,,,,0,,99991231
20,Z40000000000000001000054214700000,O,17,52,0,10,1,,,,0,,99991231
20,Z40000000000000001000054214800000,O,17,52,0,10,1,,,,0,,99991231
20,Z40000000000000001000054214900000,O,17,52,0,10,1,,,,0,,99991231
20,Z29000000000000001000054215300000,O,17,52,0,10,1,,,,0,,99991231
20,Z33000000000000001000054215600000,O,17,52,0,10,1,,,,0,,99991231
20,Z29000000000000001000008092502000,O,17,52,0,10,1,,,,0,,99991231
20,Z33000000000000001000054217000000,O,17,52,0,10,1,,,,0,,99991231
20,Z40000000000000001000054217100000,O,17,52,0,10,1,,,,0,,99991231
20,Z40000000000000001000054217200000,O,17,52,0,10,1,,,,0,,99991231
20,Z40000000000000001000054217300000,O,17,52,0,10,1,,,,0,,99991231
20,Z40000000000000001000054217400000,O,17,52,0,10,1,,,,0,,99991231
20,Z40000000000000001000054217500000,O,17,52,0,10,1,,,,0,,99991231
20,Z40000000000000001000054217600000,O,17,52,0,10,1,,,,0,,99991231
20,Z29000000000000001000008092402000,O,17,52,0,10,1,,,,0,,99991231
20,Z33000000000000001000054225400000,O,17,52,0,10,1,,,,0,,99991231
20,Z33000000000000001000054225500000,O,17,52,0,10,1,,,,0,,99991231
20,Z33000000000000001000054225900000,O,17,52,0,10,1,,,,0,,99991231
20,Z33000000000000001000054226000000,O,17,52,0,10,1,,,,0,,99991231
20,Z33000000000000001000054226700000,O,17,52,0,10,1,,,,0,,99991231
20,Z33000000000000001000054226800000,O,17,52,0,10,1,,,,0,,99991231
20,Z33000000000000001000054227300000,O,17,52,0,10,1,,,,0,,99991231
20,Z33000000000000001000054227400000,O,17,52,0,10,1,,,,0,,99991231
20,Z33000000000000001000054227600000,O,17,52,0,10,1,,,,0,,99991231
20,Z33000000000000001000054227700000,O,17,52,0,10,1,,,,0,,99991231
20,Z33000000000000001000054228000000,O,17,52,0,10,1,,,,0,,99991231
20,Z33000000000000001000054228100000,O,17,52,0,10,1,,,,0,,99991231
20,Z40000000000000001000054228300000,O,17,52,0,10,1,,,,0,,99991231
20,Z40000000000000001000054228400000,O,17,52,0,10,1,,,,0,,99991231
20,Z40000000000000001000054228500000,O,17,52,0,10,1,,,,0,,99991231
20,Z40000000000000001000054228600000,O,17,52,0,10,1,,,,0,,99991231
20,Z40000000000000001000054228700000,O,17,52,0,10,1,,,,0,,99991231
20,Z40000000000000001000054228800000,O,17,52,0,10,1,,,,0,,99991231
20,Z40000000000000001000054228900000,O,17,52,0,10,1,,,,0,,99991231
20,Z33000000000000001000054229400000,O,17,52,0,10,1,,,,0,,99991231
20,Z33000000000000001000054229500000,O,17,52,0,10,1,,,,0,,99991231
20,Z33000000000000001000054229800000,O,17,52,0,10,1,,,,0,,99991231
20,Z33000000000000001000054229900000,O,17,52,0,10,1,,,,0,,99991231
20,Z33000000000000001000054230000000,O,17,52,0,10,1,,,,0,,99991231
20,Z33000000000000001000054230500000,O,17,52,0,10,1,,,,0,,99991231
20,Z33000000000000001000054230600000,O,17,52,0,10,1,,,,0,,99991231
20,Z33000000000000001000054231300000,O,17,52,0,10,1,,,,0,,99991231
20,Z33000000000000001000054231400000,O,17,52,0,10,1,,,,0,,99991231
20,Z33000000000000001000054232000000,O,17,52,0,10,1,,,,0,,99991231
20,Z33000000000000001000054232100000,O,17,52,0,10,1,,,,0,,99991231
20,Z40000000000000001000054236800000,O,17,52,0,10,1,,,,0,,99991231
20,Z40000000000000001000054236900000,O,17,52,0,10,1,,,,0,,99991231
20,Z40000000000000001000054237000000,O,17,52,0,10,1,,,,0,,99991231
20,Z40000000000000001000054237800000,O,17,52,0,10,1,,,,0,,99991231
20,Z40000000000000001000054237900000,O,17,52,0,10,1,,,,0,,99991231
20,Z40000000000000001000054238000000,O,17,52,0,10,1,,,,0,,99991231
20,Z40000000000000001000054238900000,O,17,52,0,10,1,,,,0,,99991231
20,Z40000000000000001000054239000000,O,17,52,0,10,1,,,,0,,99991231
20,Z40000000000000001000054239100000,O,17,52,0,10,1,,,,0,,99991231
20,Z40000000000000001000054239200000,O,17,52,0,10,1,,,,0,,99991231
20,Z40000000000000001000054239300000,O,17,52,0,10,1,,,,0,,99991231
20,Z40000000000000001000054239400000,O,17,52,0,10,1,,,,0,,99991231
20,Z40000000000000001000054239500000,O,17,52,0,10,1,,,,0,,99991231
20,Z40000000000000001000054239600000,O,17,52,0,10,1,,,,0,,99991231
20,Z40000000000000001000054241200000,O,17,52,0,10,1,,,,0,,99991231
20,Z40000000000000001000054241300000,O,17,52,0,10,1,,,,0,,99991231
20,Z40000000000000001000054241400000,O,17,52,0,10,1,,,,0,,99991231
20,Z40000000000000001000054243700000,O,17,52,0,10,1,,,,0,,99991231
20,Z40000000000000001000054243800000,O,17,52,0,10,1,,,,0,,99991231
20,Z40000000000000001000054243900000,O,17,52,0,10,1,,,,0,,99991231
20,Z40000000000000001000054244000000,O,17,52,0,10,1,,,,0,,99991231
20,Z40000000000000001000054244100000,O,17,52,0,10,1,,,,0,,99991231
20,Z40000000000000001000054244200000,O,17,52,0,10,1,,,,0,,99991231
20,Z40000000000000001000054244300000,O,17,52,0,10,1,,,,0,,99991231
20,Z40000000000000001000054244400000,O,17,52,0,10,1,,,,0,,99991231
20,Z40000000000000001000054244500000,O,17,52,0,10,1,,,,0,,99991231
20,Z40000000000000001000054247200000,O,17,52,0,10,1,,,,0,,99991231
20,Z40000000000000001000054247300000,O,17,52,0,10,1,,,,0,,99991231
20,Z40000000000000001000054247400000,O,17,52,0,10,1,,,,0,,99991231
20,Z40000000000000001000054247500000,O,17,52,0,10,1,,,,0,,99991231
20,Z40000000000000001000054247600000,O,17,52,0,10,1,,,,0,,99991231
20,Z40000000000000001000054247700000,O,17,52,0,10,1,,,,0,,99991231
20,Z40000000000000001000054247800000,O,17,52,0,10,1,,,,0,,99991231
20,Z40000000000000001000054247900000,O,17,52,0,10,1,,,,0,,99991231
20,Z40000000000000001000054254100000,O,17,52,0,10,1,,,,0,,99991231
20,Z40000000000000001000054561400000,O,17,52,0,10,1,,,,0,,99991231
20,Z40000000000000001000054561500000,O,17,52,0,10,1,,,,0,,99991231
20,Z40000000000000001000054561600000,O,17,52,0,10,1,,,,0,,99991231
20,Z40000000000000001000054561700000,O,17,52,0,10,1,,,,0,,99991231
20,Z40000000000000001000054561800000,O,17,52,0,10,1,,,,0,,99991231
20,Z40000000000000001000054561900000,O,17,52,0,10,1,,,,0,,99991231
20,Z40000000000000001000054562600000,O,17,52,0,10,1,,,,0,,99991231
20,Z40000000000000001000054562700000,O,17,52,0,10,1,,,,0,,99991231
20,Z40000000000000001000054562800000,O,17,52,0,10,1,,,,0,,99991231
20,Z40000000000000001000054562900000,O,17,52,0,10,1,,,,0,,99991231
20,Z40000000000000001000054563000000,O,17,52,0,10,1,,,,0,,99991231
20,Z40000000000000001000054563100000,O,17,52,0,10,1,,,,0,,99991231
20,Z40000000000000001000054563200000,O,17,52,0,10,1,,,,0,,99991231
20,Z40000000000000001000054563500000,O,17,52,0,10,1,,,,0,,99991231
20,Z40000000000000001000054563600000,O,17,52,0,10,1,,,,0,,99991231
20,Z40000000000000001000054563700000,O,17,52,0,10,1,,,,0,,99991231
20,Z40000000000000001000054563800000,O,17,52,0,10,1,,,,0,,99991231
20,Z40000000000000001000054563900000,O,17,52,0,10,1,,,,0,,99991231
20,Z40000000000000001000054564000000,O,17,52,0,10,1,,,,0,,99991231
20,Z40000000000000001000054565500000,O,17,52,0,10,1,,,,0,,99991231
20,Z40000000000000001000054565600000,O,17,52,0,10,1,,,,0,,99991231
20,Z40000000000000001000054565700000,O,17,52,0,10,1,,,,0,,99991231
20,Z40000000000000001000054565800000,O,17,52,0,10,1,,,,0,,99991231
20,Z40000000000000001000054565900000,O,17,52,0,10,1,,,,0,,99991231
20,Z40000000000000001000054566000000,O,17,52,0,10,1,,,,0,,99991231
20,Z40000000000000001000054566100000,O,17,52,0,10,1,,,,0,,99991231
20,Z40000000000000001000054566200000,O,17,52,0,10,1,,,,0,,99991231
20,Z40000000000000001000054566300000,O,17,52,0,10,1,,,,0,,99991231
20,Z40000000000000001000054566400000,O,17,52,0,10,1,,,,0,,99991231
20,Z40000000000000001000054566500000,O,17,52,0,10,1,,,,0,,99991231
20,Z40000000000000001000054566600000,O,17,52,0,10,1,,,,0,,99991231
20,Z40000000000000001000054567200000,O,17,52,0,10,1,,,,0,,99991231
20,Z40000000000000001000054567300000,O,17,52,0,10,1,,,,0,,99991231
20,Z40000000000000001000054567400000,O,17,52,0,10,1,,,,0,,99991231
20,Z40000000000000001000054567500000,O,17,52,0,10,1,,,,0,,99991231
20,Z40000000000000001000054567600000,O,17,52,0,10,1,,,,0,,99991231
20,Z40000000000000001000054567700000,O,17,52,0,10,1,,,,0,,99991231
20,Z40000000000000001000054570200000,O,17,52,0,10,1,,,,0,,99991231
20,Z40000000000000001000054570300000,O,17,52,0,10,1,,,,0,,99991231
20,Z40000000000000001000054570400000,O,17,52,0,10,1,,,,0,,99991231
20,Z40000000000000001000054570500000,O,17,52,0,10,1,,,,0,,99991231
20,Z40000000000000001000054570600000,O,17,52,0,10,1,,,,0,,99991231
20,Z40000000000000001000054570700000,O,17,52,0,10,1,,,,0,,99991231
20,Z40000000000000001000054572300000,O,17,52,0,10,1,,,,0,,99991231
20,Z40000000000000001000054572400000,O,17,52,0,10,1,,,,0,,99991231
20,Z40000000000000001000054572500000,O,17,52,0,10,1,,,,0,,99991231
20,Z40000000000000001000054572600000,O,17,52,0,10,1,,,,0,,99991231
20,Z40000000000000001000054572700000,O,17,52,0,10,1,,,,0,,99991231
20,Z40000000000000001000054572800000,O,17,52,0,10,1,,,,0,,99991231
20,Z40000000000000001000054573800000,O,17,52,0,10,1,,,,0,,99991231
20,Z40000000000000001000054573900000,O,17,52,0,10,1,,,,0,,99991231
20,Z40000000000000001000054574000000,O,17,52,0,10,1,,,,0,,99991231
20,Z40000000000000001000054574100000,O,17,52,0,10,1,,,,0,,99991231
20,Z40000000000000001000054574200000,O,17,52,0,10,1,,,,0,,99991231
20,Z40000000000000001000054574300000,O,17,52,0,10,1,,,,0,,99991231
20,Z40000000000000001000054574400000,O,17,52,0,10,1,,,,0,,99991231
20,Z40000000000000001000054574500000,O,17,52,0,10,1,,,,0,,99991231
20,Z40000000000000001000054574600000,O,17,52,0,10,1,,,,0,,99991231
20,Z40000000000000001000054575000000,O,17,52,0,10,1,,,,0,,99991231
20,Z40000000000000001000054575100000,O,17,52,0,10,1,,,,0,,99991231
20,Z40000000000000001000054575200000,O,17,52,0,10,1,,,,0,,99991231
20,Z40000000000000001000054575300000,O,17,52,0,10,1,,,,0,,99991231
20,Z40000000000000001000054575400000,O,17,52,0,10,1,,,,0,,99991231
20,Z40000000000000001000054575500000,O,17,52,0,10,1,,,,0,,99991231
20,Z40000000000000001000054576600000,O,17,52,0,10,1,,,,0,,99991231
20,Z40000000000000001000054576700000,O,17,52,0,10,1,,,,0,,99991231
20,Z40000000000000001000054576800000,O,17,52,0,10,1,,,,0,,99991231
20,Z40000000000000001000054576900000,O,17,52,0,10,1,,,,0,,99991231
20,Z40000000000000001000054577000000,O,17,52,0,10,1,,,,0,,99991231
20,Z40000000000000001000054577100000,O,17,52,0,10,1,,,,0,,99991231
20,Z33000000000000001000054577500000,O,17,52,0,10,1,,,,0,,99991231
20,Z33000000000000001000054577600000,O,17,52,0,10,1,,,,0,,99991231
20,Z33000000000000001000054577700000,O,17,52,0,10,1,,,,0,,99991231
20,Z33000000000000001000054577800000,O,17,52,0,10,1,,,,0,,99991231
20,Z33000000000000001000054578000000,O,17,52,0,10,1,,,,0,,99991231
20,Z33000000000000001000054578100000,O,17,52,0,10,1,,,,0,,99991231
20,Z33000000000000001000054578300000,O,17,52,0,10,1,,,,0,,99991231
20,Z33000000000000001000054578400000,O,17,52,0,10,1,,,,0,,99991231
20,Z33000000000000001000054578600000,O,17,52,0,10,1,,,,0,,99991231
20,Z33000000000000001000054578700000,O,17,52,0,10,1,,,,0,,99991231
20,Z40000000000000001000054578800000,O,17,52,0,10,1,,,,0,,99991231
20,Z40000000000000001000054578900000,O,17,52,0,10,1,,,,0,,99991231
20,Z40000000000000001000054579000000,O,17,52,0,10,1,,,,0,,99991231
20,Z40000000000000001000054579100000,O,17,52,0,10,1,,,,0,,99991231
20,Z40000000000000001000054579200000,O,17,52,0,10,1,,,,0,,99991231
20,Z40000000000000001000054579300000,O,17,52,0,10,1,,,,0,,99991231
20,Z33000000000000001000054579600000,O,17,52,0,10,1,,,,0,,99991231
20,Z33000000000000001000054579700000,O,17,52,0,10,1,,,,0,,99991231
20,Z33000000000000001000054579900000,O,17,52,0,10,1,,,,0,,99991231
20,Z33000000000000001000054580000000,O,17,52,0,10,1,,,,0,,99991231
20,Z40000000000000001000054581900000,O,17,52,0,10,1,,,,0,,99991231
20,Z40000000000000001000054582000000,O,17,52,0,10,1,,,,0,,99991231
20,Z40000000000000001000054582100000,O,17,52,0,10,1,,,,0,,99991231
20,Z40000000000000001000054582200000,O,17,52,0,10,1,,,,0,,99991231
20,Z40000000000000001000054582300000,O,17,52,0,10,1,,,,0,,99991231
20,Z40000000000000001000054582400000,O,17,52,0,10,1,,,,0,,99991231
20,Z33000000000000001000054582800000,O,17,52,0,10,1,,,,0,,99991231
20,Z33000000000000001000054582900000,O,17,52,0,10,1,,,,0,,99991231
20,Z33000000000000001000054583000000,O,17,52,0,10,1,,,,0,,99991231
20,Z33000000000000001000054583100000,O,17,52,0,10,1,,,,0,,99991231
20,Z33000000000000001000054583200000,O,17,52,0,10,1,,,,0,,99991231
20,Z33000000000000001000054583300000,O,17,52,0,10,1,,,,0,,99991231
20,Z33000000000000001000054583400000,O,17,52,0,10,1,,,,0,,99991231
20,Z33000000000000001000054583500000,O,17,52,0,10,1,,,,0,,99991231
20,Z33000000000000001000054583600000,O,17,52,0,10,1,,,,0,,99991231
20,Z33000000000000001000054583700000,O,17,52,0,10,1,,,,0,,99991231
20,Z33000000000000001000054583800000,O,17,52,0,10,1,,,,0,,99991231
20,Z33000000000000001000054583900000,O,17,52,0,10,1,,,,0,,99991231
20,Z33000000000000001000054584000000,O,17,52,0,10,1,,,,0,,99991231
20,Z33000000000000001000054584100000,O,17,52,0,10,1,,,,0,,99991231
20,Z33000000000000001000054584200000,O,17,52,0,10,1,,,,0,,99991231
20,Z33000000000000001000054584800000,O,17,52,0,10,1,,,,0,,99991231
20,Z33000000000000001000054584900000,O,17,52,0,10,1,,,,0,,99991231
20,Z33000000000000001000054585000000,O,17,52,0,10,1,,,,0,,99991231
20,Z33000000000000001000054585200000,O,17,52,0,10,1,,,,0,,99991231
20,Z33000000000000001000054585300000,O,17,52,0,10,1,,,,0,,99991231
20,Z33000000000000001000054585400000,O,17,52,0,10,1,,,,0,,99991231
20,Z33000000000000001000054585500000,O,17,52,0,10,1,,,,0,,99991231
20,Z40000000000000001000054586000000,O,17,52,0,10,1,,,,0,,99991231
20,Z40000000000000001000054586100000,O,17,52,0,10,1,,,,0,,99991231
20,Z40000000000000001000054586200000,O,17,52,0,10,1,,,,0,,99991231
20,Z40000000000000001000054586300000,O,17,52,0,10,1,,,,0,,99991231
20,Z40000000000000001000054586400000,O,17,52,0,10,1,,,,0,,99991231
20,Z40000000000000001000054586500000,O,17,52,0,10,1,,,,0,,99991231
20,Z33000000000000001000054586700000,O,17,52,0,10,1,,,,0,,99991231
20,Z33000000000000001000054586800000,O,17,52,0,10,1,,,,0,,99991231
20,Z33000000000000001000054586900000,O,17,52,0,10,1,,,,0,,99991231
20,Z33000000000000001000054587000000,O,17,52,0,10,1,,,,0,,99991231
20,Z33000000000000001000054587100000,O,17,52,0,10,1,,,,0,,99991231
20,Z33000000000000001000054587200000,O,17,52,0,10,1,,,,0,,99991231
20,Z33000000000000001000054587300000,O,17,52,0,10,1,,,,0,,99991231
20,Z33000000000000001000054587400000,O,17,52,0,10,1,,,,0,,99991231
20,Z33000000000000001000054642700000,O,17,52,0,10,1,,,,0,,99991231
20,Z33000000000000001000054642800000,O,17,52,0,10,1,,,,0,,99991231
20,Z33000000000000001000054642900000,O,17,52,0,10,1,,,,0,,99991231
20,Z33000000000000001000054643000000,O,17,52,0,10,1,,,,0,,99991231
20,Z33000000000000001000054643100000,O,17,52,0,10,1,,,,0,,99991231
20,Z33000000000000001000054643200000,O,17,52,0,10,1,,,,0,,99991231
20,Z33000000000000001000054643300000,O,17,52,0,10,1,,,,0,,99991231
20,Z33000000000000001000054643400000,O,17,52,0,10,1,,,,0,,99991231
20,Z33000000000000001000054643500000,O,17,52,0,10,1,,,,0,,99991231
20,Z33000000000000001000054643600000,O,17,52,0,10,1,,,,0,,99991231
20,Z33000000000000001000054643700000,O,17,52,0,10,1,,,,0,,99991231
20,Z33000000000000001000054643800000,O,17,52,0,10,1,,,,0,,99991231
20,Z33000000000000001000054643900000,O,17,52,0,10,1,,,,0,,99991231
20,Z33000000000000001000054644000000,O,17,52,0,10,1,,,,0,,99991231
20,Z33000000000000001000054644100000,O,17,52,0,10,1,,,,0,,99991231
20,Z33000000000000001000054644200000,O,17,52,0,10,1,,,,0,,99991231
20,Z33000000000000001000054645200000,O,17,52,0,10,1,,,,0,,99991231
20,Z33000000000000001000054645300000,O,17,52,0,10,1,,,,0,,99991231
20,Z33000000000000001000054645400000,O,17,52,0,10,1,,,,0,,99991231
20,Z33000000000000001000054645500000,O,17,52,0,10,1,,,,0,,99991231
20,Z33000000000000001000054645600000,O,17,52,0,10,1,,,,0,,99991231
20,Z33000000000000001000054645700000,O,17,52,0,10,1,,,,0,,99991231
20,Z33000000000000001000054645800000,O,17,52,0,10,1,,,,0,,99991231
20,Z33000000000000001000054645900000,O,17,52,0,10,1,,,,0,,99991231
20,Z33000000000000001000054646000000,O,17,52,0,10,1,,,,0,,99991231
20,Z33000000000000001000054646100000,O,17,52,0,10,1,,,,0,,99991231
20,Z33000000000000001000054646200000,O,17,52,0,10,1,,,,0,,99991231
20,Z33000000000000001000054646300000,O,17,52,0,10,1,,,,0,,99991231
20,Z33000000000000001000054646400000,O,17,52,0,10,1,,,,0,,99991231
20,Z33000000000000001000054646500000,O,17,52,0,10,1,,,,0,,99991231
20,Z33000000000000001000054646600000,O,17,52,0,10,1,,,,0,,99991231
20,Z33000000000000001000054646700000,O,17,52,0,10,1,,,,0,,99991231
20,Z33000000000000001000054646800000,O,17,52,0,10,1,,,,0,,99991231
20,Z33000000000000001000054646900000,O,17,52,0,10,1,,,,0,,99991231
20,Z33000000000000001000054647000000,O,17,52,0,10,1,,,,0,,99991231
20,Z33000000000000001000054647600000,O,17,52,0,10,1,,,,0,,99991231
20,Z33000000000000001000054647700000,O,17,52,0,10,1,,,,0,,99991231
20,Z33000000000000001000054647800000,O,17,52,0,10,1,,,,0,,99991231
20,Z33000000000000001000054647900000,O,17,52,0,10,1,,,,0,,99991231
20,Z33000000000000001000054648000000,O,17,52,0,10,1,,,,0,,99991231
20,Z33000000000000001000054648100000,O,17,52,0,10,1,,,,0,,99991231
20,Z33000000000000001000054648200000,O,17,52,0,10,1,,,,0,,99991231
20,Z33000000000000001000054648300000,O,17,52,0,10,1,,,,0,,99991231
20,Z33000000000000001000054648400000,O,17,52,0,10,1,,,,0,,99991231
20,Z33000000000000001000054648600000,O,17,52,0,10,1,,,,0,,99991231
20,Z33000000000000001000054648700000,O,17,52,0,10,1,,,,0,,99991231
20,Z33000000000000001000054648800000,O,17,52,0,10,1,,,,0,,99991231
20,Z33000000000000001000054648900000,O,17,52,0,10,1,,,,0,,99991231
20,Z33000000000000001000054649000000,O,17,52,0,10,1,,,,0,,99991231
20,Z33000000000000001000054649300000,O,17,52,0,10,1,,,,0,,99991231
20,Z33000000000000001000054649400000,O,17,52,0,10,1,,,,0,,99991231
20,Z33000000000000001000054649500000,O,17,52,0,10,1,,,,0,,99991231
20,Z33000000000000001000054649600000,O,17,52,0,10,1,,,,0,,99991231
20,Z29000000000000001000033585001000,O,17,52,0,10,1,,,,0,,99991231
20,Z33000000000000001000054650900000,O,17,52,0,10,1,,,,0,,99991231
20,Z33000000000000001000054651000000,O,17,52,0,10,1,,,,0,,99991231
20,Z33000000000000001000054651100000,O,17,52,0,10,1,,,,0,,99991231
20,Z33000000000000001000054651200000,O,17,52,0,10,1,,,,0,,99991231
20,Z33000000000000001000054651300000,O,17,52,0,10,1,,,,0,,99991231
20,Z33000000000000001000054651400000,O,17,52,0,10,1,,,,0,,99991231
20,Z33000000000000001000054651500000,O,17,52,0,10,1,,,,0,,99991231
20,Z33000000000000001000054651600000,O,17,52,0,10,1,,,,0,,99991231
20,Z33000000000000001000054652400000,O,17,52,0,10,1,,,,0,,99991231
20,Z33000000000000001000054652500000,O,17,52,0,10,1,,,,0,,99991231
20,Z33000000000000001000054653300000,O,17,52,0,10,1,,,,0,,99991231
20,Z33000000000000001000054653400000,O,17,52,0,10,1,,,,0,,99991231
20,Z33000000000000001000054653500000,O,17,52,0,10,1,,,,0,,99991231
20,Z33000000000000001000054653700000,O,17,52,0,10,1,,,,0,,99991231
20,Z33000000000000001000054653800000,O,17,52,0,10,1,,,,0,,99991231
20,Z33000000000000001000054653900000,O,17,52,0,10,1,,,,0,,99991231
20,Z33000000000000001000054654100000,O,17,52,0,10,1,,,,0,,99991231
20,Z33000000000000001000054654200000,O,17,52,0,10,1,,,,0,,99991231
20,Z33000000000000001000054654400000,O,17,52,0,10,1,,,,0,,99991231
20,Z33000000000000001000054654500000,O,17,52,0,10,1,,,,0,,99991231
20,Z33000000000000001000054654600000,O,17,52,0,10,1,,,,0,,99991231
20,Z33000000000000001000054654700000,O,17,52,0,10,1,,,,0,,99991231
20,Z33000000000000001000054654800000,O,17,52,0,10,1,,,,0,,99991231
20,Z33000000000000001000054654900000,O,17,52,0,10,1,,,,0,,99991231
20,Z33000000000000001000054655000000,O,17,52,0,10,1,,,,0,,99991231
20,Z33000000000000001000054655100000,O,17,52,0,10,1,,,,0,,99991231
20,Z33000000000000001000054655200000,O,17,52,0,10,1,,,,0,,99991231
20,Z33000000000000001000054655300000,O,17,52,0,10,1,,,,0,,99991231
20,Z33000000000000001000054656000000,O,17,52,0,10,1,,,,0,,99991231
20,Z33000000000000001000054656100000,O,17,52,0,10,1,,,,0,,99991231
20,Z33000000000000001000054656400000,O,17,52,0,10,1,,,,0,,99991231
20,Z33000000000000001000054656500000,O,17,52,0,10,1,,,,0,,99991231
20,Z33000000000000001000054657100000,O,17,52,0,10,1,,,,0,,99991231
20,Z33000000000000001000054657200000,O,17,52,0,10,1,,,,0,,99991231
20,Z33000000000000001000054657500000,O,17,52,0,10,1,,,,0,,99991231
20,Z33000000000000001000054657600000,O,17,52,0,10,1,,,,0,,99991231
20,Z33000000000000001000054657800000,O,17,52,0,10,1,,,,0,,99991231
20,Z33000000000000001000054657900000,O,17,52,0,10,1,,,,0,,99991231
20,Z33000000000000001000054658100000,O,17,52,0,10,1,,,,0,,99991231
20,Z33000000000000001000054658200000,O,17,52,0,10,1,,,,0,,99991231
20,Z33000000000000001000054658300000,O,17,52,0,10,1,,,,0,,99991231
20,Z33000000000000001000054658800000,O,17,52,0,10,1,,,,0,,99991231
20,Z33000000000000001000054658900000,O,17,52,0,10,1,,,,0,,99991231
20,Z33000000000000001000054659000000,O,17,52,0,10,1,,,,0,,99991231
20,Z33000000000000001000054659100000,O,17,52,0,10,1,,,,0,,99991231
20,Z33000000000000001000054659200000,O,17,52,0,10,1,,,,0,,99991231
20,Z33000000000000001000054659300000,O,17,52,0,10,1,,,,0,,99991231
20,Z29000000000000001000054659400000,O,17,52,0,10,1,,,,0,,99991231
20,Z33000000000000001000054659600000,O,17,52,0,10,1,,,,0,,99991231
20,Z33000000000000001000054659700000,O,17,52,0,10,1,,,,0,,99991231
20,Z33000000000000001000054659900000,O,17,52,0,10,1,,,,0,,99991231
20,Z33000000000000001000054660000000,O,17,52,0,10,1,,,,0,,99991231
20,Z33000000000000001000054660200000,O,17,52,0,10,1,,,,0,,99991231
20,Z33000000000000001000054660400000,O,17,52,0,10,1,,,,0,,99991231
20,Z29000000000000001000054660300000,O,17,52,0,10,1,,,,0,,99991231
20,Z29000000000000001000054660600000,O,17,52,0,10,1,,,,0,,99991231
20,Z33000000000000001000054660800000,O,17,52,0,10,1,,,,0,,99991231
20,Z33000000000000001000054660900000,O,17,52,0,10,1,,,,0,,99991231
20,Z33000000000000001000054661000000,O,17,52,0,10,1,,,,0,,99991231
20,Z33000000000000001000054661100000,O,17,52,0,10,1,,,,0,,99991231
20,Z33000000000000001000054661200000,O,17,52,0,10,1,,,,0,,99991231
20,Z33000000000000001000054661300000,O,17,52,0,10,1,,,,0,,99991231
20,Z33000000000000001000054661400000,O,17,52,0,10,1,,,,0,,99991231
20,Z33000000000000001000054661500000,O,17,52,0,10,1,,,,0,,99991231
20,Z33000000000000001000054661600000,O,17,52,0,10,1,,,,0,,99991231
20,Z33000000000000001000054661700000,O,17,52,0,10,1,,,,0,,99991231
20,Z33000000000000001000054662000000,O,17,52,0,10,1,,,,0,,99991231
20,Z33000000000000001000054662100000,O,17,52,0,10,1,,,,0,,99991231
20,Z33000000000000001000054662400000,O,17,52,0,10,1,,,,0,,99991231
20,Z33000000000000001000054662500000,O,17,52,0,10,1,,,,0,,99991231
20,Z33000000000000001000054662800000,O,17,52,0,10,1,,,,0,,99991231
20,Z33000000000000001000054662900000,O,17,52,0,10,1,,,,0,,99991231
20,Z33000000000000001000054664100000,O,17,52,0,10,1,,,,0,,99991231
20,Z33000000000000001000054664200000,O,17,52,0,10,1,,,,0,,99991231
20,Z33000000000000001000054664300000,O,17,52,0,10,1,,,,0,,99991231
20,Z33000000000000001000054664400000,O,17,52,0,10,1,,,,0,,99991231
20,Z33000000000000001000054664500000,O,17,52,0,10,1,,,,0,,99991231
20,Z33000000000000001000054664800000,O,17,52,0,10,1,,,,0,,99991231
20,Z33000000000000001000054717400000,O,17,52,0,10,1,,,,0,,99991231
20,Z33000000000000001000054717500000,O,17,52,0,10,1,,,,0,,99991231
20,Z33000000000000001000054717700000,O,17,52,0,10,1,,,,0,,99991231
20,Z33000000000000001000054717800000,O,17,52,0,10,1,,,,0,,99991231
20,Z33000000000000001000054717900000,O,17,52,0,10,1,,,,0,,99991231
20,Z33000000000000001000054719600000,O,17,52,0,10,1,,,,0,,99991231
20,Z33000000000000001000054719700000,O,17,52,0,10,1,,,,0,,99991231
20,Z33000000000000001000054719800000,O,17,52,0,10,1,,,,0,,99991231
20,Z33000000000000001000054719900000,O,17,52,0,10,1,,,,0,,99991231
20,Z33000000000000001000054720100000,O,17,52,0,10,1,,,,0,,99991231
20,Z33000000000000001000054720200000,O,17,52,0,10,1,,,,0,,99991231
20,Z29000000000000001000054721000000,O,17,52,0,10,1,,,,0,,99991231
20,Z33000000000000001000054721100000,O,17,52,0,10,1,,,,0,,99991231
20,Z33000000000000001000054721200000,O,17,52,0,10,1,,,,0,,99991231
20,Z33000000000000001000054721300000,O,17,52,0,10,1,,,,0,,99991231
20,Z33000000000000001000054721400000,O,17,52,0,10,1,,,,0,,99991231
20,Z33000000000000001000054721600000,O,17,52,0,10,1,,,,0,,99991231
20,Z29000000000000001000054721700000,O,17,52,0,10,1,,,,0,,99991231
20,Z33000000000000001000054722000000,O,17,52,0,10,1,,,,0,,99991231
20,Z33000000000000001000054722100000,O,17,52,0,10,1,,,,0,,99991231
20,Z29000000000000001000054722200000,O,17,52,0,10,1,,,,0,,99991231
20,Z33000000000000001000054722600000,O,17,52,0,10,1,,,,0,,99991231
20,Z33000000000000001000054722700000,O,17,52,0,10,1,,,,0,,99991231
20,Z33000000000000001000054723500000,O,17,52,0,10,1,,,,0,,99991231
20,Z33000000000000001000054723600000,O,17,52,0,10,1,,,,0,,99991231
20,Z33000000000000001000054723700000,O,17,52,0,10,1,,,,0,,99991231
20,Z33000000000000001000054724400000,O,17,52,0,10,1,,,,0,,99991231
20,Z33000000000000001000054724500000,O,17,52,0,10,1,,,,0,,99991231
20,Z33000000000000001000054724600000,O,17,52,0,10,1,,,,0,,99991231
20,Z33000000000000001000054724700000,O,17,52,0,10,1,,,,0,,99991231
20,Z33000000000000001000054725000000,O,17,52,0,10,1,,,,0,,99991231
20,Z33000000000000001000054725100000,O,17,52,0,10,1,,,,0,,99991231
20,Z33000000000000001000054725200000,O,17,52,0,10,1,,,,0,,99991231
20,Z40000000000000001000054725300000,O,17,52,0,10,1,,,,0,,99991231
20,Z40000000000000001000054725400000,O,17,52,0,10,1,,,,0,,99991231
20,Z40000000000000001000054725500000,O,17,52,0,10,1,,,,0,,99991231
20,Z40000000000000001000054725600000,O,17,52,0,10,1,,,,0,,99991231
20,Z33000000000000001000054727100000,O,17,52,0,10,1,,,,0,,99991231
20,Z33000000000000001000054727200000,O,17,52,0,10,1,,,,0,,99991231
20,Z33000000000000001000054727300000,O,17,52,0,10,1,,,,0,,99991231
20,Z33000000000000001000054727400000,O,17,52,0,10,1,,,,0,,99991231
20,Z33000000000000001000054727500000,O,17,52,0,10,1,,,,0,,99991231
20,Z33000000000000001000054727600000,O,17,52,0,10,1,,,,0,,99991231
20,Z33000000000000001000054727700000,O,17,52,0,10,1,,,,0,,99991231
20,Z33000000000000001000054727800000,O,17,52,0,10,1,,,,0,,99991231
20,Z33000000000000001000054727900000,O,17,52,0,10,1,,,,0,,99991231
20,Z33000000000000001000054728000000,O,17,52,0,10,1,,,,0,,99991231
20,Z33000000000000001000054728100000,O,17,52,0,10,1,,,,0,,99991231
20,Z33000000000000001000054728200000,O,17,52,0,10,1,,,,0,,99991231
20,Z33000000000000001000054728300000,O,17,52,0,10,1,,,,0,,99991231
20,Z33000000000000001000054728400000,O,17,52,0,10,1,,,,0,,99991231
20,Z33000000000000001000054728500000,O,17,52,0,10,1,,,,0,,99991231
20,Z33000000000000001000054728600000,O,17,52,0,10,1,,,,0,,99991231
20,Z33000000000000001000054728700000,O,17,52,0,10,1,,,,0,,99991231
20,Z33000000000000001000054728800000,O,17,52,0,10,1,,,,0,,99991231
20,Z33000000000000001000054728900000,O,17,52,0,10,1,,,,0,,99991231
20,Z33000000000000001000054729000000,O,17,52,0,10,1,,,,0,,99991231
20,Z33000000000000001000054729100000,O,17,52,0,10,1,,,,0,,99991231
20,Z33000000000000001000054729200000,O,17,52,0,10,1,,,,0,,99991231
20,Z33000000000000001000054729300000,O,17,52,0,10,1,,,,0,,99991231
20,Z33000000000000001000054729400000,O,17,52,0,10,1,,,,0,,99991231
20,Z33000000000000001000054729500000,O,17,52,0,10,1,,,,0,,99991231
20,Z33000000000000001000054729600000,O,17,52,0,10,1,,,,0,,99991231
20,Z33000000000000001000054729700000,O,17,52,0,10,1,,,,0,,99991231
20,Z33000000000000001000054729800000,O,17,52,0,10,1,,,,0,,99991231
20,Z33000000000000001000054729900000,O,17,52,0,10,1,,,,0,,99991231
20,Z33000000000000001000054730000000,O,17,52,0,10,1,,,,0,,99991231
20,Z33000000000000001000054730100000,O,17,52,0,10,1,,,,0,,99991231
20,Z33000000000000001000054730200000,O,17,52,0,10,1,,,,0,,99991231
20,Z33000000000000001000054730300000,O,17,52,0,10,1,,,,0,,99991231
20,Z33000000000000001000054730400000,O,17,52,0,10,1,,,,0,,99991231
20,Z33000000000000001000054730500000,O,17,52,0,10,1,,,,0,,99991231
20,Z33000000000000001000054730600000,O,17,52,0,10,1,,,,0,,99991231
20,Z33000000000000001000054730700000,O,17,52,0,10,1,,,,0,,99991231
20,Z33000000000000001000054730800000,O,17,52,0,10,1,,,,0,,99991231
20,Z33000000000000001000054730900000,O,17,52,0,10,1,,,,0,,99991231
20,Z33000000000000001000054731000000,O,17,52,0,10,1,,,,0,,99991231
20,Z33000000000000001000054731100000,O,17,52,0,10,1,,,,0,,99991231
20,Z33000000000000001000054731200000,O,17,52,0,10,1,,,,0,,99991231
20,Z33000000000000001000054731300000,O,17,52,0,10,1,,,,0,,99991231
20,Z33000000000000001000054731400000,O,17,52,0,10,1,,,,0,,99991231
20,Z33000000000000001000054731500000,O,17,52,0,10,1,,,,0,,99991231
20,Z33000000000000001000054731600000,O,17,52,0,10,1,,,,0,,99991231
20,Z33000000000000001000054731700000,O,17,52,0,10,1,,,,0,,99991231
20,Z33000000000000001000054731800000,O,17,52,0,10,1,,,,0,,99991231
20,Z33000000000000001000054731900000,O,17,52,0,10,1,,,,0,,99991231
20,Z33000000000000001000054732000000,O,17,52,0,10,1,,,,0,,99991231
20,Z33000000000000001000054732100000,O,17,52,0,10,1,,,,0,,99991231
20,Z33000000000000001000054732200000,O,17,52,0,10,1,,,,0,,99991231
20,Z33000000000000001000054732300000,O,17,52,0,10,1,,,,0,,99991231
20,Z33000000000000001000054732400000,O,17,52,0,10,1,,,,0,,99991231
20,Z33000000000000001000054732500000,O,17,52,0,10,1,,,,0,,99991231
20,Z40000000000000001000054732600000,O,17,52,0,10,1,,,,0,,99991231
20,Z40000000000000001000054732700000,O,17,52,0,10,1,,,,0,,99991231
20,Z40000000000000001000054732800000,O,17,52,0,10,1,,,,0,,99991231
20,Z33000000000000001000054733700000,O,17,52,0,10,1,,,,0,,99991231
20,Z33000000000000001000054733800000,O,17,52,0,10,1,,,,0,,99991231
20,Z33000000000000001000054734600000,O,17,52,0,10,1,,,,0,,99991231
20,Z33000000000000001000054734700000,O,17,52,0,10,1,,,,0,,99991231
20,Z33000000000000001000054735000000,O,17,52,0,10,1,,,,0,,99991231
20,Z33000000000000001000054735100000,O,17,52,0,10,1,,,,0,,99991231
20,Z33000000000000001000054735300000,O,17,52,0,10,1,,,,0,,99991231
20,Z33000000000000001000054735400000,O,17,52,0,10,1,,,,0,,99991231
20,Z40000000000000001000054735600000,O,17,52,0,10,1,,,,0,,99991231
20,Z40000000000000001000054735700000,O,17,52,0,10,1,,,,0,,99991231
20,Z33000000000000001000054736400000,O,17,52,0,10,1,,,,0,,99991231
20,Z33000000000000001000054736500000,O,17,52,0,10,1,,,,0,,99991231
20,Z33000000000000001000054737200000,O,17,52,0,10,1,,,,0,,99991231
20,Z33000000000000001000054737300000,O,17,52,0,10,1,,,,0,,99991231
20,Z33000000000000001000054739000000,O,17,52,0,10,1,,,,0,,99991231
20,Z33000000000000001000054739100000,O,17,52,0,10,1,,,,0,,99991231
20,Z33000000000000001000054739600000,O,17,52,0,10,1,,,,0,,99991231
20,Z33000000000000001000054739700000,O,17,52,0,10,1,,,,0,,99991231
20,Z33000000000000001000054740100000,O,17,52,0,10,1,,,,0,,99991231
20,Z33000000000000001000054740200000,O,17,52,0,10,1,,,,0,,99991231
20,Z33000000000000001000054740500000,O,17,52,0,10,1,,,,0,,99991231
20,Z33000000000000001000054740600000,O,17,52,0,10,1,,,,0,,99991231
20,Z33000000000000001000054741300000,O,17,52,0,10,1,,,,0,,99991231
20,Z33000000000000001000054741400000,O,17,52,0,10,1,,,,0,,99991231
20,Z33000000000000001000054742100000,O,17,52,0,10,1,,,,0,,99991231
20,Z33000000000000001000054742200000,O,17,52,0,10,1,,,,0,,99991231
20,Z33000000000000001000054742400000,O,17,52,0,10,1,,,,0,,99991231
20,Z33000000000000001000054742500000,O,17,52,0,10,1,,,,0,,99991231
20,Z29000000000000001000054720700000,O,17,52,0,10,1,,,,0,,99991231
20,Z40000000000000001000054748300000,O,17,52,0,10,1,,,,0,,99991231
20,Z40000000000000001000054748400000,O,17,52,0,10,1,,,,0,,99991231
20,Z40000000000000001000054748500000,O,17,52,0,10,1,,,,0,,99991231
20,Z40000000000000001000054748600000,O,17,52,0,10,1,,,,0,,99991231
20,Z40000000000000001000054751900000,O,17,52,0,10,1,,,,0,,99991231
20,Z40000000000000001000054752000000,O,17,52,0,10,1,,,,0,,99991231
20,Z40000000000000001000054752200000,O,17,52,0,10,1,,,,0,,99991231
20,Z40000000000000001000054752300000,O,17,52,0,10,1,,,,0,,99991231
20,Z33000000000000001000054941200000,O,17,52,0,10,1,,,,0,,99991231
20,Z33000000000000001000054941300000,O,17,52,0,10,1,,,,0,,99991231
20,Z33000000000000001000054941400000,O,17,52,0,10,1,,,,0,,99991231
20,Z33000000000000001000054941500000,O,17,52,0,10,1,,,,0,,99991231
20,Z40000000000000001000054942100000,O,17,52,0,10,1,,,,0,,99991231
20,Z40000000000000001000054942200000,O,17,52,0,10,1,,,,0,,99991231
20,Z29000000000000001000054942400000,O,17,52,0,10,1,,,,0,,99991231
20,Z33000000000000001000054942600000,O,17,52,0,10,1,,,,0,,99991231
20,Z33000000000000001000054942700000,O,17,52,0,10,1,,,,0,,99991231
20,Z40000000000000001000054944800000,O,17,52,0,10,1,,,,0,,99991231
20,Z40000000000000001000054944900000,O,17,52,0,10,1,,,,0,,99991231
20,Z40000000000000001000054945000000,O,17,52,0,10,1,,,,0,,99991231
20,Z40000000000000001000054945100000,O,17,52,0,10,1,,,,0,,99991231
20,Z40000000000000001000054945200000,O,17,52,0,10,1,,,,0,,99991231
20,Z40000000000000001000054945300000,O,17,52,0,10,1,,,,0,,99991231
20,Z40000000000000001000054947800000,O,17,52,0,10,1,,,,0,,99991231
20,Z40000000000000001000054947900000,O,17,52,0,10,1,,,,0,,99991231
20,Z40000000000000001000054948000000,O,17,52,0,10,1,,,,0,,99991231
20,Z40000000000000001000054948100000,O,17,52,0,10,1,,,,0,,99991231
20,Z40000000000000001000054948200000,O,17,52,0,10,1,,,,0,,99991231
20,Z40000000000000001000054948300000,O,17,52,0,10,1,,,,0,,99991231
20,Z33000000000000001000054949700000,O,17,52,0,10,1,,,,0,,99991231
20,Z33000000000000001000054949800000,O,17,52,0,10,1,,,,0,,99991231
20,Z33000000000000001000054949900000,O,17,52,0,10,1,,,,0,,99991231
20,Z33000000000000001000054950000000,O,17,52,0,10,1,,,,0,,99991231
20,Z40000000000000001000054951200000,O,17,52,0,10,1,,,,0,,99991231
20,Z40000000000000001000054951300000,O,17,52,0,10,1,,,,0,,99991231
20,Z40000000000000001000054951400000,O,17,52,0,10,1,,,,0,,99991231
20,Z40000000000000001000054951500000,O,17,52,0,10,1,,,,0,,99991231
20,Z40000000000000001000054951600000,O,17,52,0,10,1,,,,0,,99991231
20,Z33000000000000001000054952400000,O,17,52,0,10,1,,,,0,,99991231
20,Z33000000000000001000054952500000,O,17,52,0,10,1,,,,0,,99991231
20,Z33000000000000001000054952600000,O,17,52,0,10,1,,,,0,,99991231
20,Z33000000000000001000054953400000,O,17,52,0,10,1,,,,0,,99991231
20,Z33000000000000001000054953500000,O,17,52,0,10,1,,,,0,,99991231
20,Z33000000000000001000054953600000,O,17,52,0,10,1,,,,0,,99991231
20,Z33000000000000001000054953700000,O,17,52,0,10,1,,,,0,,99991231
20,Z33000000000000001000054953800000,O,17,52,0,10,1,,,,0,,99991231
20,Z33000000000000001000054953900000,O,17,52,0,10,1,,,,0,,99991231
20,Z33000000000000001000054954000000,O,17,52,0,10,1,,,,0,,99991231
20,Z33000000000000001000054954100000,O,17,52,0,10,1,,,,0,,99991231
20,Z33000000000000001000054954200000,O,17,52,0,10,1,,,,0,,99991231
20,Z33000000000000001000054954300000,O,17,52,0,10,1,,,,0,,99991231
20,Z33000000000000001000054954400000,O,17,52,0,10,1,,,,0,,99991231
20,Z33000000000000001000054954500000,O,17,52,0,10,1,,,,0,,99991231
20,Z33000000000000001000054954600000,O,17,52,0,10,1,,,,0,,99991231
20,Z33000000000000001000054954700000,O,17,52,0,10,1,,,,0,,99991231
20,Z33000000000000001000054955500000,O,17,52,0,10,1,,,,0,,99991231
20,Z33000000000000001000054955600000,O,17,52,0,10,1,,,,0,,99991231
20,Z33000000000000001000054955700000,O,17,52,0,10,1,,,,0,,99991231
20,Z33000000000000001000054955800000,O,17,52,0,10,1,,,,0,,99991231
20,Z33000000000000001000054955900000,O,17,52,0,10,1,,,,0,,99991231
20,Z33000000000000001000054956000000,O,17,52,0,10,1,,,,0,,99991231
20,Z33000000000000001000054956100000,O,17,52,0,10,1,,,,0,,99991231
20,Z33000000000000001000054956200000,O,17,52,0,10,1,,,,0,,99991231
20,Z33000000000000001000054956300000,O,17,52,0,10,1,,,,0,,99991231
20,Z33000000000000001000054956400000,O,17,52,0,10,1,,,,0,,99991231
20,Z33000000000000001000054956500000,O,17,52,0,10,1,,,,0,,99991231
20,Z33000000000000001000054956600000,O,17,52,0,10,1,,,,0,,99991231
20,Z33000000000000001000054956700000,O,17,52,0,10,1,,,,0,,99991231
20,Z33000000000000001000054959300000,O,17,52,0,10,1,,,,0,,99991231
20,Z33000000000000001000054959400000,O,17,52,0,10,1,,,,0,,99991231
20,Z33000000000000001000054959800000,O,17,52,0,10,1,,,,0,,99991231
20,Z33000000000000001000054959900000,O,17,52,0,10,1,,,,0,,99991231
20,Z33000000000000001000054966300000,O,17,52,0,10,1,,,,0,,99991231
20,Z33000000000000001000054966400000,O,17,52,0,10,1,,,,0,,99991231
20,Z33000000000000001000054966500000,O,17,52,0,10,1,,,,0,,99991231
20,Z33000000000000001000054966900000,O,17,52,0,10,1,,,,0,,99991231
20,Z33000000000000001000054967000000,O,17,52,0,10,1,,,,0,,99991231
20,Z40000000000000001000054967300000,O,17,52,0,10,1,,,,0,,99991231
20,Z40000000000000001000054967400000,O,17,52,0,10,1,,,,0,,99991231
20,Z40000000000000001000054967500000,O,17,52,0,10,1,,,,0,,99991231
20,Z40000000000000001000054967600000,O,17,52,0,10,1,,,,0,,99991231
20,Z33000000000000001000054968000000,O,17,52,0,10,1,,,,0,,99991231
20,Z33000000000000001000054968100000,O,17,52,0,10,1,,,,0,,99991231
20,Z33000000000000001000054968200000,O,17,52,0,10,1,,,,0,,99991231
20,Z33000000000000001000054975000000,O,17,52,0,10,1,,,,0,,99991231
20,Z33000000000000001000054975100000,O,17,52,0,10,1,,,,0,,99991231
20,Z33000000000000001000054975200000,O,17,52,0,10,1,,,,0,,99991231
20,Z33000000000000001000054975600000,O,17,52,0,10,1,,,,0,,99991231
20,Z33000000000000001000054975700000,O,17,52,0,10,1,,,,0,,99991231
20,Z33000000000000001000054976100000,O,17,52,0,10,1,,,,0,,99991231
20,Z33000000000000001000054976200000,O,17,52,0,10,1,,,,0,,99991231
20,Z33000000000000001000054976700000,O,17,52,0,10,1,,,,0,,99991231
20,Z33000000000000001000054976800000,O,17,52,0,10,1,,,,0,,99991231
20,Z33000000000000001000054977000000,O,17,52,0,10,1,,,,0,,99991231
20,Z33000000000000001000054977100000,O,17,52,0,10,1,,,,0,,99991231
20,Z29000000000000001000019195014000,O,17,52,0,10,1,,,,0,,99991231
20,Z33000000000000001000054986700000,O,17,52,0,10,1,,,,0,,99991231
20,Z33000000000000001000054986800000,O,17,52,0,10,1,,,,0,,99991231
20,Z33000000000000001000054986900000,O,17,52,0,10,1,,,,0,,99991231
20,Z33000000000000001000054987000000,O,17,52,0,10,1,,,,0,,99991231
20,Z33000000000000001000054987100000,O,17,52,0,10,1,,,,0,,99991231
20,Z33000000000000001000054987200000,O,17,52,0,10,1,,,,0,,99991231
20,Z33000000000000001000054987300000,O,17,52,0,10,1,,,,0,,99991231
20,Z33000000000000001000054987400000,O,17,52,0,10,1,,,,0,,99991231
20,Z33000000000000001000054987500000,O,17,52,0,10,1,,,,0,,99991231
20,Z33000000000000001000054987600000,O,17,52,0,10,1,,,,0,,99991231
20,Z33000000000000001000054987700000,O,17,52,0,10,1,,,,0,,99991231
20,Z33000000000000001000054987800000,O,17,52,0,10,1,,,,0,,99991231
20,Z33000000000000001000054987900000,O,17,52,0,10,1,,,,0,,99991231
20,Z33000000000000001000054988000000,O,17,52,0,10,1,,,,0,,99991231
20,Z33000000000000001000054988100000,O,17,52,0,10,1,,,,0,,99991231
20,Z33000000000000001000054988200000,O,17,52,0,10,1,,,,0,,99991231
20,Z33000000000000001000054988300000,O,17,52,0,10,1,,,,0,,99991231
20,Z33000000000000001000054988400000,O,17,52,0,10,1,,,,0,,99991231
20,Z33000000000000001000054988500000,O,17,52,0,10,1,,,,0,,99991231
20,Z33000000000000001000054988600000,O,17,52,0,10,1,,,,0,,99991231
20,Z33000000000000001000054988700000,O,17,52,0,10,1,,,,0,,99991231
20,Z33000000000000001000054988800000,O,17,52,0,10,1,,,,0,,99991231
20,Z33000000000000001000054988900000,O,17,52,0,10,1,,,,0,,99991231
20,Z33000000000000001000054989100000,O,17,52,0,10,1,,,,0,,99991231
20,Z33000000000000001000054989200000,O,17,52,0,10,1,,,,0,,99991231
20,Z33000000000000001000054989300000,O,17,52,0,10,1,,,,0,,99991231
20,Z33000000000000001000054989400000,O,17,52,0,10,1,,,,0,,99991231
20,Z33000000000000001000054989500000,O,17,52,0,10,1,,,,0,,99991231
20,Z33000000000000001000054989600000,O,17,52,0,10,1,,,,0,,99991231
20,Z33000000000000001000054989700000,O,17,52,0,10,1,,,,0,,99991231
20,Z33000000000000001000054989800000,O,17,52,0,10,1,,,,0,,99991231
20,Z33000000000000001000054989900000,O,17,52,0,10,1,,,,0,,99991231
20,Z33000000000000001000054990000000,O,17,52,0,10,1,,,,0,,99991231
20,Z33000000000000001000054990100000,O,17,52,0,10,1,,,,0,,99991231
20,Z33000000000000001000054990200000,O,17,52,0,10,1,,,,0,,99991231
20,Z33000000000000001000054990300000,O,17,52,0,10,1,,,,0,,99991231
20,Z33000000000000001000054990400000,O,17,52,0,10,1,,,,0,,99991231
20,Z33000000000000001000054990500000,O,17,52,0,10,1,,,,0,,99991231
20,Z33000000000000001000054990600000,O,17,52,0,10,1,,,,0,,99991231
20,Z33000000000000001000054990700000,O,17,52,0,10,1,,,,0,,99991231
20,Z33000000000000001000054990800000,O,17,52,0,10,1,,,,0,,99991231
20,Z33000000000000001000054990900000,O,17,52,0,10,1,,,,0,,99991231
20,Z33000000000000001000054991000000,O,17,52,0,10,1,,,,0,,99991231
20,Z33000000000000001000054991100000,O,17,52,0,10,1,,,,0,,99991231
20,Z33000000000000001000054991200000,O,17,52,0,10,1,,,,0,,99991231
20,Z33000000000000001000054991300000,O,17,52,0,10,1,,,,0,,99991231
20,Z33000000000000001000054991400000,O,17,52,0,10,1,,,,0,,99991231
20,Z33000000000000001000054991500000,O,17,52,0,10,1,,,,0,,99991231
20,Z33000000000000001000054991600000,O,17,52,0,10,1,,,,0,,99991231
20,Z33000000000000001000054991700000,O,17,52,0,10,1,,,,0,,99991231
20,Z33000000000000001000054991800000,O,17,52,0,10,1,,,,0,,99991231
20,Z33000000000000001000054991900000,O,17,52,0,10,1,,,,0,,99991231
20,Z29000000000000001000054996600000,O,17,52,0,10,1,,,,0,,99991231
20,Z29000000000000001000054997600000,O,17,52,0,10,1,,,,0,,99991231
20,Z29000000000000001000054998800000,O,17,52,0,10,1,,,,0,,99991231
20,Z33000000000000001000054999400000,O,17,52,0,10,1,,,,0,,99991231
20,Z33000000000000001000054999500000,O,17,52,0,10,1,,,,0,,99991231
20,Z29000000000000001000054999600000,O,17,52,0,10,1,,,,0,,99991231
20,Z33000000000000001000054999700000,O,17,52,0,10,1,,,,0,,99991231
20,Z33000000000000001000054999800000,O,17,52,0,10,1,,,,0,,99991231
20,Z40000000000000001000055005200000,O,17,52,0,10,1,,,,0,,99991231
20,Z40000000000000001000055005300000,O,17,52,0,10,1,,,,0,,99991231
20,Z40000000000000001000055005400000,O,17,52,0,10,1,,,,0,,99991231
20,Z40000000000000001000055005500000,O,17,52,0,10,1,,,,0,,99991231
20,Z40000000000000001000055005600000,O,17,52,0,10,1,,,,0,,99991231
20,Z33000000000000001000055012600000,O,17,52,0,10,1,,,,0,,99991231
20,Z33000000000000001000055012700000,O,17,52,0,10,1,,,,0,,99991231
20,Z33000000000000001000055012800000,O,17,52,0,10,1,,,,0,,99991231
20,Z33000000000000001000055012900000,O,17,52,0,10,1,,,,0,,99991231
20,Z33000000000000001000055013000000,O,17,52,0,10,1,,,,0,,99991231
20,Z33000000000000001000055013100000,O,17,52,0,10,1,,,,0,,99991231
20,Z33000000000000001000055013200000,O,17,52,0,10,1,,,,0,,99991231
20,Z33000000000000001000055013300000,O,17,52,0,10,1,,,,0,,99991231
20,Z33000000000000001000055013400000,O,17,52,0,10,1,,,,0,,99991231
20,Z33000000000000001000055013500000,O,17,52,0,10,1,,,,0,,99991231
20,Z40000000000000001000055030800000,O,17,52,0,10,1,,,,0,,99991231
20,Z40000000000000001000055039200000,O,17,52,0,10,1,,,,0,,99991231
20,Z33000000000000001000055039500000,O,17,52,0,10,1,,,,0,,99991231
20,Z33000000000000001000055039600000,O,17,52,0,10,1,,,,0,,99991231
20,Z33000000000000001000055039700000,O,17,52,0,10,1,,,,0,,99991231
20,Z33000000000000001000055039800000,O,17,52,0,10,1,,,,0,,99991231
20,Z33000000000000001000055039900000,O,17,52,0,10,1,,,,0,,99991231
20,Z33000000000000001000055040000000,O,17,52,0,10,1,,,,0,,99991231
20,Z33000000000000001000055040100000,O,17,52,0,10,1,,,,0,,99991231
20,Z33000000000000001000055040200000,O,17,52,0,10,1,,,,0,,99991231
20,Z33000000000000001000055040300000,O,17,52,0,10,1,,,,0,,99991231
20,Z33000000000000001000055040400000,O,17,52,0,10,1,,,,0,,99991231
20,Z33000000000000001000055040500000,O,17,52,0,10,1,,,,0,,99991231
20,Z33000000000000001000055040600000,O,17,52,0,10,1,,,,0,,99991231
20,Z33000000000000001000055040700000,O,17,52,0,10,1,,,,0,,99991231
20,Z33000000000000001000055040800000,O,17,52,0,10,1,,,,0,,99991231
20,Z33000000000000001000055040900000,O,17,52,0,10,1,,,,0,,99991231
20,Z33000000000000001000055041000000,O,17,52,0,10,1,,,,0,,99991231
20,Z33000000000000001000055041100000,O,17,52,0,10,1,,,,0,,99991231
20,Z33000000000000001000055041200000,O,17,52,0,10,1,,,,0,,99991231
20,Z33000000000000001000055041300000,O,17,52,0,10,1,,,,0,,99991231
20,Z40000000000000001000055057700000,O,17,52,0,10,1,,,,0,,99991231
20,Z40000000000000001000055057800000,O,17,52,0,10,1,,,,0,,99991231
20,Z40000000000000001000055057900000,O,17,52,0,10,1,,,,0,,99991231
20,Z40000000000000001000055058100000,O,17,52,0,10,1,,,,0,,99991231
20,Z40000000000000001000055058200000,O,17,52,0,10,1,,,,0,,99991231
20,Z40000000000000001000055058300000,O,17,52,0,10,1,,,,0,,99991231
20,Z40000000000000001000055058400000,O,17,52,0,10,1,,,,0,,99991231
20,Z29000000000000001000001562202000,O,17,52,0,10,1,,,,0,,99991231
20,Z29000000000000001000001867004000,O,17,52,0,10,1,,,,0,,99991231
20,Z40000000000000001000055087900000,O,17,52,0,10,1,,,,0,,99991231
20,Z40000000000000001000055088000000,O,17,52,0,10,1,,,,0,,99991231
20,Z40000000000000001000055088100000,O,17,52,0,10,1,,,,0,,99991231
20,Z40000000000000001000055088200000,O,17,52,0,10,1,,,,0,,99991231
20,Z40000000000000001000055088300000,O,17,52,0,10,1,,,,0,,99991231
20,Z40000000000000001000055088400000,O,17,52,0,10,1,,,,0,,99991231
20,Z40000000000000001000055088500000,O,17,52,0,10,1,,,,0,,99991231
20,Z40000000000000001000055088600000,O,17,52,0,10,1,,,,0,,99991231
20,Z29000000000000001000018463401000,O,17,52,0,10,1,,,,0,,99991231
20,Z40000000000000001000070584200000,O,17,52,0,10,1,,,,0,,99991231
20,Z40000000000000001000055090900000,O,17,52,0,10,1,,,,0,,99991231
20,Z40000000000000001000055091000000,O,17,52,0,10,1,,,,0,,99991231
20,Z40000000000000001000055091100000,O,17,52,0,10,1,,,,0,,99991231
20,Z40000000000000001000055091200000,O,17,52,0,10,1,,,,0,,99991231
20,Z40000000000000001000055091300000,O,17,52,0,10,1,,,,0,,99991231
20,Z40000000000000001000055091400000,O,17,52,0,10,1,,,,0,,99991231
20,Z29000000000000001000007335403000,O,17,52,0,10,1,,,,0,,99991231
20,Z33000000000000001000055091800000,O,17,52,0,10,1,,,,0,,99991231
20,Z33000000000000001000055091900000,O,17,52,0,10,1,,,,0,,99991231
20,Z33000000000000001000055092000000,O,17,52,0,10,1,,,,0,,99991231
20,Z33000000000000001000055092300000,O,17,52,0,10,1,,,,0,,99991231
20,Z33000000000000001000055092400000,O,17,52,0,10,1,,,,0,,99991231
20,Z33000000000000001000055092500000,O,17,52,0,10,1,,,,0,,99991231
20,Z33000000000000001000055093200000,O,17,52,0,10,1,,,,0,,99991231
20,Z33000000000000001000055093300000,O,17,52,0,10,1,,,,0,,99991231
20,Z33000000000000001000055093400000,O,17,52,0,10,1,,,,0,,99991231
20,Z33000000000000001000055093900000,O,17,52,0,10,1,,,,0,,99991231
20,Z33000000000000001000055094000000,O,17,52,0,10,1,,,,0,,99991231
20,Z33000000000000001000055094100000,O,17,52,0,10,1,,,,0,,99991231
20,Z33000000000000001000055094500000,O,17,52,0,10,1,,,,0,,99991231
20,Z33000000000000001000055094600000,O,17,52,0,10,1,,,,0,,99991231
20,Z33000000000000001000055094700000,O,17,52,0,10,1,,,,0,,99991231
20,Z33000000000000001000055095100000,O,17,52,0,10,1,,,,0,,99991231
20,Z33000000000000001000055095200000,O,17,52,0,10,1,,,,0,,99991231
20,Z33000000000000001000055095300000,O,17,52,0,10,1,,,,0,,99991231
20,Z40000000000000001000055095400000,O,17,52,0,10,1,,,,0,,99991231
20,Z40000000000000001000055095500000,O,17,52,0,10,1,,,,0,,99991231
20,Z40000000000000001000055095600000,O,17,52,0,10,1,,,,0,,99991231
20,Z40000000000000001000055095700000,O,17,52,0,10,1,,,,0,,99991231
20,Z40000000000000001000055095800000,O,17,52,0,10,1,,,,0,,99991231
20,Z40000000000000001000055095900000,O,17,52,0,10,1,,,,0,,99991231
20,Z40000000000000001000055096000000,O,17,52,0,10,1,,,,0,,99991231
20,Z40000000000000001000055096100000,O,17,52,0,10,1,,,,0,,99991231
20,Z40000000000000001000055096200000,O,17,52,0,10,1,,,,0,,99991231
20,Z33000000000000001000055096400000,O,17,52,0,10,1,,,,0,,99991231
20,Z33000000000000001000055096500000,O,17,52,0,10,1,,,,0,,99991231
20,Z33000000000000001000055096600000,O,17,52,0,10,1,,,,0,,99991231
20,Z33000000000000001000055096800000,O,17,52,0,10,1,,,,0,,99991231
20,Z33000000000000001000055096900000,O,17,52,0,10,1,,,,0,,99991231
20,Z33000000000000001000055097000000,O,17,52,0,10,1,,,,0,,99991231
20,Z33000000000000001000055097300000,O,17,52,0,10,1,,,,0,,99991231
20,Z33000000000000001000055097400000,O,17,52,0,10,1,,,,0,,99991231
20,Z29000000000000001000006149401000,O,17,52,0,10,1,,,,0,,99991231
20,Z33000000000000001000055098100000,O,17,52,0,10,1,,,,0,,99991231
20,Z33000000000000001000055098200000,O,17,52,0,10,1,,,,0,,99991231
20,Z33000000000000001000055098900000,O,17,52,0,10,1,,,,0,,99991231
20,Z33000000000000001000055099000000,O,17,52,0,10,1,,,,0,,99991231
20,Z33000000000000001000055099400000,O,17,52,0,10,1,,,,0,,99991231
20,Z33000000000000001000055099500000,O,17,52,0,10,1,,,,0,,99991231
20,Z33000000000000001000055099900000,O,17,52,0,10,1,,,,0,,99991231
20,Z33000000000000001000055100000000,O,17,52,0,10,1,,,,0,,99991231
20,Z33000000000000001000055100200000,O,17,52,0,10,1,,,,0,,99991231
20,Z33000000000000001000055100300000,O,17,52,0,10,1,,,,0,,99991231
20,Z40000000000000001000055100600000,O,17,52,0,10,1,,,,0,,99991231
20,Z40000000000000001000055100700000,O,17,52,0,10,1,,,,0,,99991231
20,Z40000000000000001000055100800000,O,17,52,0,10,1,,,,0,,99991231
20,Z40000000000000001000055100900000,O,17,52,0,10,1,,,,0,,99991231
20,Z40000000000000001000055101000000,O,17,52,0,10,1,,,,0,,99991231
20,Z33000000000000001000055101200000,O,17,52,0,10,1,,,,0,,99991231
20,Z33000000000000001000055101300000,O,17,52,0,10,1,,,,0,,99991231
20,Z29000000000000001000053749200000,O,17,52,0,10,1,,,,0,,99991231
20,Z40000000000000001000055241100000,O,17,52,0,10,1,,,,0,,99991231
20,Z33000000000000001000055241900000,O,17,52,0,10,1,,,,0,,99991231
20,Z33000000000000001000055242000000,O,17,52,0,10,1,,,,0,,99991231
20,Z33000000000000001000055242100000,O,17,52,0,10,1,,,,0,,99991231
20,Z33000000000000001000055242200000,O,17,52,0,10,1,,,,0,,99991231
20,Z33000000000000001000055242300000,O,17,52,0,10,1,,,,0,,99991231
20,Z33000000000000001000055242400000,O,17,52,0,10,1,,,,0,,99991231
20,Z33000000000000001000055242500000,O,17,52,0,10,1,,,,0,,99991231
20,Z33000000000000001000055242600000,O,17,52,0,10,1,,,,0,,99991231
20,Z33000000000000001000055242700000,O,17,52,0,10,1,,,,0,,99991231
20,Z33000000000000001000055242800000,O,17,52,0,10,1,,,,0,,99991231
20,Z33000000000000001000055242900000,O,17,52,0,10,1,,,,0,,99991231
20,Z33000000000000001000055243000000,O,17,52,0,10,1,,,,0,,99991231
20,Z33000000000000001000055243100000,O,17,52,0,10,1,,,,0,,99991231
20,Z33000000000000001000055243200000,O,17,52,0,10,1,,,,0,,99991231
20,Z33000000000000001000055243300000,O,17,52,0,10,1,,,,0,,99991231
20,Z33000000000000001000055243400000,O,17,52,0,10,1,,,,0,,99991231
20,Z33000000000000001000055243500000,O,17,52,0,10,1,,,,0,,99991231
20,Z33000000000000001000055243600000,O,17,52,0,10,1,,,,0,,99991231
20,Z33000000000000001000055243700000,O,17,52,0,10,1,,,,0,,99991231
20,Z33000000000000001000055243800000,O,17,52,0,10,1,,,,0,,99991231
20,Z33000000000000001000055243900000,O,17,52,0,10,1,,,,0,,99991231
20,Z33000000000000001000055244000000,O,17,52,0,10,1,,,,0,,99991231
20,Z40000000000000001000055244700000,O,17,52,0,10,1,,,,0,,99991231
20,Z40000000000000001000055244800000,O,17,52,0,10,1,,,,0,,99991231
20,Z40000000000000001000055244900000,O,17,52,0,10,1,,,,0,,99991231
20,Z40000000000000001000055245000000,O,17,52,0,10,1,,,,0,,99991231
20,Z40000000000000001000055245100000,O,17,52,0,10,1,,,,0,,99991231
20,Z40000000000000001000055245200000,O,17,52,0,10,1,,,,0,,99991231
20,Z40000000000000001000055245300000,O,17,52,0,10,1,,,,0,,99991231
20,Z33000000000000001000055245600000,O,17,52,0,10,1,,,,0,,99991231
20,Z33000000000000001000055245700000,O,17,52,0,10,1,,,,0,,99991231
20,Z33000000000000001000055245800000,O,17,52,0,10,1,,,,0,,99991231
20,Z33000000000000001000055245900000,O,17,52,0,10,1,,,,0,,99991231
20,Z33000000000000001000055246000000,O,17,52,0,10,1,,,,0,,99991231
20,Z33000000000000001000055246100000,O,17,52,0,10,1,,,,0,,99991231
20,Z33000000000000001000055246200000,O,17,52,0,10,1,,,,0,,99991231
20,Z33000000000000001000055246300000,O,17,52,0,10,1,,,,0,,99991231
20,Z33000000000000001000055246400000,O,17,52,0,10,1,,,,0,,99991231
20,Z33000000000000001000055246500000,O,17,52,0,10,1,,,,0,,99991231
20,Z33000000000000001000055246600000,O,17,52,0,10,1,,,,0,,99991231
20,Z33000000000000001000055246700000,O,17,52,0,10,1,,,,0,,99991231
20,Z33000000000000001000055246800000,O,17,52,0,10,1,,,,0,,99991231
20,Z33000000000000001000055246900000,O,17,52,0,10,1,,,,0,,99991231
20,Z33000000000000001000055247000000,O,17,52,0,10,1,,,,0,,99991231
20,Z33000000000000001000055247200000,O,17,52,0,10,1,,,,0,,99991231
20,Z33000000000000001000055247300000,O,17,52,0,10,1,,,,0,,99991231
20,Z33000000000000001000055247400000,O,17,52,0,10,1,,,,0,,99991231
20,Z33000000000000001000055247500000,O,17,52,0,10,1,,,,0,,99991231
20,Z33000000000000001000055247600000,O,17,52,0,10,1,,,,0,,99991231
20,Z33000000000000001000055247700000,O,17,52,0,10,1,,,,0,,99991231
20,Z33000000000000001000055247800000,O,17,52,0,10,1,,,,0,,99991231
20,Z33000000000000001000055247900000,O,17,52,0,10,1,,,,0,,99991231
20,Z33000000000000001000055248000000,O,17,52,0,10,1,,,,0,,99991231
20,Z33000000000000001000055248100000,O,17,52,0,10,1,,,,0,,99991231
20,Z33000000000000001000055248200000,O,17,52,0,10,1,,,,0,,99991231
20,Z33000000000000001000055248300000,O,17,52,0,10,1,,,,0,,99991231
20,Z33000000000000001000055248400000,O,17,52,0,10,1,,,,0,,99991231
20,Z33000000000000001000055248500000,O,17,52,0,10,1,,,,0,,99991231
20,Z33000000000000001000055248600000,O,17,52,0,10,1,,,,0,,99991231
20,Z33000000000000001000055248700000,O,17,52,0,10,1,,,,0,,99991231
20,Z33000000000000001000055248800000,O,17,52,0,10,1,,,,0,,99991231
20,Z33000000000000001000055248900000,O,17,52,0,10,1,,,,0,,99991231
20,Z33000000000000001000055249000000,O,17,52,0,10,1,,,,0,,99991231
20,Z33000000000000001000055249100000,O,17,52,0,10,1,,,,0,,99991231
20,Z33000000000000001000055249200000,O,17,52,0,10,1,,,,0,,99991231
20,Z33000000000000001000055249300000,O,17,52,0,10,1,,,,0,,99991231
20,Z33000000000000001000055249400000,O,17,52,0,10,1,,,,0,,99991231
20,Z33000000000000001000055249500000,O,17,52,0,10,1,,,,0,,99991231
20,Z33000000000000001000055249800000,O,17,52,0,10,1,,,,0,,99991231
20,Z33000000000000001000055249900000,O,17,52,0,10,1,,,,0,,99991231
20,Z33000000000000001000055250000000,O,17,52,0,10,1,,,,0,,99991231
20,Z33000000000000001000055250100000,O,17,52,0,10,1,,,,0,,99991231
20,Z33000000000000001000055250200000,O,17,52,0,10,1,,,,0,,99991231
20,Z33000000000000001000055250300000,O,17,52,0,10,1,,,,0,,99991231
20,Z33000000000000001000055250400000,O,17,52,0,10,1,,,,0,,99991231
20,Z33000000000000001000055250500000,O,17,52,0,10,1,,,,0,,99991231
20,Z33000000000000001000055250600000,O,17,52,0,10,1,,,,0,,99991231
20,Z33000000000000001000055250700000,O,17,52,0,10,1,,,,0,,99991231
20,Z33000000000000001000055250800000,O,17,52,0,10,1,,,,0,,99991231
20,Z33000000000000001000055250900000,O,17,52,0,10,1,,,,0,,99991231
20,Z33000000000000001000055251000000,O,17,52,0,10,1,,,,0,,99991231
20,Z33000000000000001000055251100000,O,17,52,0,10,1,,,,0,,99991231
20,Z33000000000000001000055251200000,O,17,52,0,10,1,,,,0,,99991231
20,Z33000000000000001000055251300000,O,17,52,0,10,1,,,,0,,99991231
20,Z33000000000000001000055251400000,O,17,52,0,10,1,,,,0,,99991231
20,Z33000000000000001000055251500000,O,17,52,0,10,1,,,,0,,99991231
20,Z33000000000000001000055251600000,O,17,52,0,10,1,,,,0,,99991231
20,Z33000000000000001000055251700000,O,17,52,0,10,1,,,,0,,99991231
20,Z40000000000000001000055252100000,O,17,52,0,10,1,,,,0,,99991231
20,Z40000000000000001000055252200000,O,17,52,0,10,1,,,,0,,99991231
20,Z40000000000000001000055252300000,O,17,52,0,10,1,,,,0,,99991231
20,Z40000000000000001000055252400000,O,17,52,0,10,1,,,,0,,99991231
20,Z40000000000000001000055252500000,O,17,52,0,10,1,,,,0,,99991231
20,Z40000000000000001000055252600000,O,17,52,0,10,1,,,,0,,99991231
20,Z40000000000000001000055252700000,O,17,52,0,10,1,,,,0,,99991231
20,Z40000000000000001000055252800000,O,17,52,0,10,1,,,,0,,99991231
20,Z40000000000000001000055252900000,O,17,52,0,10,1,,,,0,,99991231
20,Z40000000000000001000055253500000,O,17,52,0,10,1,,,,0,,99991231
20,Z40000000000000001000055253600000,O,17,52,0,10,1,,,,0,,99991231
20,Z40000000000000001000055253700000,O,17,52,0,10,1,,,,0,,99991231
20,Z40000000000000001000055253800000,O,17,52,0,10,1,,,,0,,99991231
20,Z40000000000000001000055253900000,O,17,52,0,10,1,,,,0,,99991231
20,Z40000000000000001000055254000000,O,17,52,0,10,1,,,,0,,99991231
20,Z40000000000000001000055254100000,O,17,52,0,10,1,,,,0,,99991231
20,Z40000000000000001000055254200000,O,17,52,0,10,1,,,,0,,99991231
20,Z40000000000000001000055254300000,O,17,52,0,10,1,,,,0,,99991231
20,Z40000000000000001000055254500000,O,17,52,0,10,1,,,,0,,99991231
20,Z40000000000000001000055254600000,O,17,52,0,10,1,,,,0,,99991231
20,Z40000000000000001000055254700000,O,17,52,0,10,1,,,,0,,99991231
20,Z40000000000000001000055254800000,O,17,52,0,10,1,,,,0,,99991231
20,Z40000000000000001000055254900000,O,17,52,0,10,1,,,,0,,99991231
20,Z40000000000000001000055255000000,O,17,52,0,10,1,,,,0,,99991231
20,Z40000000000000001000055255100000,O,17,52,0,10,1,,,,0,,99991231
20,Z40000000000000001000055255200000,O,17,52,0,10,1,,,,0,,99991231
20,Z40000000000000001000055255300000,O,17,52,0,10,1,,,,0,,99991231
20,Z40000000000000001000055255400000,O,17,52,0,10,1,,,,0,,99991231
20,Z40000000000000001000055255500000,O,17,52,0,10,1,,,,0,,99991231
20,Z40000000000000001000055255600000,O,17,52,0,10,1,,,,0,,99991231
20,Z40000000000000001000055255700000,O,17,52,0,10,1,,,,0,,99991231
20,Z40000000000000001000055255800000,O,17,52,0,10,1,,,,0,,99991231
20,Z40000000000000001000055255900000,O,17,52,0,10,1,,,,0,,99991231
20,Z33000000000000001000055256000000,O,17,52,0,10,1,,,,0,,99991231
20,Z33000000000000001000055256100000,O,17,52,0,10,1,,,,0,,99991231
20,Z33000000000000001000055256200000,O,17,52,0,10,1,,,,0,,99991231
20,Z33000000000000001000055256300000,O,17,52,0,10,1,,,,0,,99991231
20,Z33000000000000001000055256400000,O,17,52,0,10,1,,,,0,,99991231
20,Z33000000000000001000055256500000,O,17,52,0,10,1,,,,0,,99991231
20,Z33000000000000001000055256600000,O,17,52,0,10,1,,,,0,,99991231
20,Z33000000000000001000055256700000,O,17,52,0,10,1,,,,0,,99991231
20,Z33000000000000001000055256800000,O,17,52,0,10,1,,,,0,,99991231
20,Z33000000000000001000055256900000,O,17,52,0,10,1,,,,0,,99991231
20,Z40000000000000001000055270500000,O,17,52,0,10,1,,,,0,,99991231
20,Z40000000000000001000055270600000,O,17,52,0,10,1,,,,0,,99991231
20,Z40000000000000001000055270700000,O,17,52,0,10,1,,,,0,,99991231
20,Z40000000000000001000055270800000,O,17,52,0,10,1,,,,0,,99991231
20,Z40000000000000001000055270900000,O,17,52,0,10,1,,,,0,,99991231
20,Z40000000000000001000055271000000,O,17,52,0,10,1,,,,0,,99991231
20,Z40000000000000001000055271100000,O,17,52,0,10,1,,,,0,,99991231
20,Z33000000000000001000055271300000,O,17,52,0,10,1,,,,0,,99991231
20,Z33000000000000001000055271400000,O,17,52,0,10,1,,,,0,,99991231
20,Z33000000000000001000055271500000,O,17,52,0,10,1,,,,0,,99991231
20,Z33000000000000001000055271600000,O,17,52,0,10,1,,,,0,,99991231
20,Z33000000000000001000055271700000,O,17,52,0,10,1,,,,0,,99991231
20,Z33000000000000001000055271800000,O,17,52,0,10,1,,,,0,,99991231
20,Z33000000000000001000055271900000,O,17,52,0,10,1,,,,0,,99991231
20,Z33000000000000001000055272000000,O,17,52,0,10,1,,,,0,,99991231
20,Z33000000000000001000055272100000,O,17,52,0,10,1,,,,0,,99991231
20,Z33000000000000001000055272200000,O,17,52,0,10,1,,,,0,,99991231
20,Z33000000000000001000055272300000,O,17,52,0,10,1,,,,0,,99991231
20,Z33000000000000001000055272400000,O,17,52,0,10,1,,,,0,,99991231
20,Z33000000000000001000055272500000,O,17,52,0,10,1,,,,0,,99991231
20,Z33000000000000001000055272600000,O,17,52,0,10,1,,,,0,,99991231
20,Z33000000000000001000055272700000,O,17,52,0,10,1,,,,0,,99991231
20,Z33000000000000001000055272800000,O,17,52,0,10,1,,,,0,,99991231
20,Z33000000000000001000055272900000,O,17,52,0,10,1,,,,0,,99991231
20,Z33000000000000001000055273000000,O,17,52,0,10,1,,,,0,,99991231
20,Z33000000000000001000055273100000,O,17,52,0,10,1,,,,0,,99991231
20,Z33000000000000001000055273200000,O,17,52,0,10,1,,,,0,,99991231
20,Z33000000000000001000055273300000,O,17,52,0,10,1,,,,0,,99991231
20,Z33000000000000001000055273400000,O,17,52,0,10,1,,,,0,,99991231
20,Z33000000000000001000055273500000,O,17,52,0,10,1,,,,0,,99991231
20,Z33000000000000001000055273600000,O,17,52,0,10,1,,,,0,,99991231
20,Z33000000000000001000055273700000,O,17,52,0,10,1,,,,0,,99991231
20,Z33000000000000001000055273800000,O,17,52,0,10,1,,,,0,,99991231
20,Z33000000000000001000055273900000,O,17,52,0,10,1,,,,0,,99991231
20,Z33000000000000001000055274000000,O,17,52,0,10,1,,,,0,,99991231
20,Z33000000000000001000055274100000,O,17,52,0,10,1,,,,0,,99991231
20,Z33000000000000001000055274300000,O,17,52,0,10,1,,,,0,,99991231
20,Z33000000000000001000055274400000,O,17,52,0,10,1,,,,0,,99991231
20,Z33000000000000001000055274500000,O,17,52,0,10,1,,,,0,,99991231
20,Z33000000000000001000055274600000,O,17,52,0,10,1,,,,0,,99991231
20,Z33000000000000001000055274700000,O,17,52,0,10,1,,,,0,,99991231
20,Z33000000000000001000055274800000,O,17,52,0,10,1,,,,0,,99991231
20,Z33000000000000001000055274900000,O,17,52,0,10,1,,,,0,,99991231
20,Z33000000000000001000055275000000,O,17,52,0,10,1,,,,0,,99991231
20,Z33000000000000001000055275100000,O,17,52,0,10,1,,,,0,,99991231
20,Z33000000000000001000055275200000,O,17,52,0,10,1,,,,0,,99991231
20,Z33000000000000001000055275300000,O,17,52,0,10,1,,,,0,,99991231
20,Z33000000000000001000055275400000,O,17,52,0,10,1,,,,0,,99991231
20,Z33000000000000001000055275500000,O,17,52,0,10,1,,,,0,,99991231
20,Z33000000000000001000055275600000,O,17,52,0,10,1,,,,0,,99991231
20,Z33000000000000001000055275700000,O,17,52,0,10,1,,,,0,,99991231
20,Z33000000000000001000055275800000,O,17,52,0,10,1,,,,0,,99991231
20,Z33000000000000001000055275900000,O,17,52,0,10,1,,,,0,,99991231
20,Z33000000000000001000055276000000,O,17,52,0,10,1,,,,0,,99991231
20,Z33000000000000001000055276100000,O,17,52,0,10,1,,,,0,,99991231
20,Z33000000000000001000055276200000,O,17,52,0,10,1,,,,0,,99991231
20,Z33000000000000001000055276300000,O,17,52,0,10,1,,,,0,,99991231
20,Z33000000000000001000055276400000,O,17,52,0,10,1,,,,0,,99991231
20,Z33000000000000001000055276500000,O,17,52,0,10,1,,,,0,,99991231
20,Z33000000000000001000055276600000,O,17,52,0,10,1,,,,0,,99991231
20,Z33000000000000001000055276700000,O,17,52,0,10,1,,,,0,,99991231
20,Z33000000000000001000055276800000,O,17,52,0,10,1,,,,0,,99991231
20,Z33000000000000001000055276900000,O,17,52,0,10,1,,,,0,,99991231
20,Z33000000000000001000055277000000,O,17,52,0,10,1,,,,0,,99991231
20,Z33000000000000001000055277100000,O,17,52,0,10,1,,,,0,,99991231
20,Z33000000000000001000055277200000,O,17,52,0,10,1,,,,0,,99991231
20,Z33000000000000001000055277300000,O,17,52,0,10,1,,,,0,,99991231
20,Z33000000000000001000055277400000,O,17,52,0,10,1,,,,0,,99991231
20,Z33000000000000001000055277500000,O,17,52,0,10,1,,,,0,,99991231
20,Z33000000000000001000055277600000,O,17,52,0,10,1,,,,0,,99991231
20,Z33000000000000001000055277700000,O,17,52,0,10,1,,,,0,,99991231
20,Z33000000000000001000055277800000,O,17,52,0,10,1,,,,0,,99991231
20,Z33000000000000001000055277900000,O,17,52,0,10,1,,,,0,,99991231
20,Z33000000000000001000055278000000,O,17,52,0,10,1,,,,0,,99991231
20,Z33000000000000001000055278100000,O,17,52,0,10,1,,,,0,,99991231
20,Z33000000000000001000055278200000,O,17,52,0,10,1,,,,0,,99991231
20,Z33000000000000001000055278300000,O,17,52,0,10,1,,,,0,,99991231
20,Z33000000000000001000055278400000,O,17,52,0,10,1,,,,0,,99991231
20,Z33000000000000001000055278500000,O,17,52,0,10,1,,,,0,,99991231
20,Z33000000000000001000055278600000,O,17,52,0,10,1,,,,0,,99991231
20,Z33000000000000001000055278700000,O,17,52,0,10,1,,,,0,,99991231
20,Z33000000000000001000055278800000,O,17,52,0,10,1,,,,0,,99991231
20,Z33000000000000001000055278900000,O,17,52,0,10,1,,,,0,,99991231
20,Z33000000000000001000055279000000,O,17,52,0,10,1,,,,0,,99991231
20,Z33000000000000001000055279100000,O,17,52,0,10,1,,,,0,,99991231
20,Z33000000000000001000055279200000,O,17,52,0,10,1,,,,0,,99991231
20,Z33000000000000001000055279300000,O,17,52,0,10,1,,,,0,,99991231
20,Z33000000000000001000055279400000,O,17,52,0,10,1,,,,0,,99991231
20,Z33000000000000001000055279500000,O,17,52,0,10,1,,,,0,,99991231
20,Z33000000000000001000055279600000,O,17,52,0,10,1,,,,0,,99991231
20,Z33000000000000001000055279700000,O,17,52,0,10,1,,,,0,,99991231
20,Z33000000000000001000055279800000,O,17,52,0,10,1,,,,0,,99991231
20,Z33000000000000001000055279900000,O,17,52,0,10,1,,,,0,,99991231
20,Z33000000000000001000055280000000,O,17,52,0,10,1,,,,0,,99991231
20,Z33000000000000001000055280300000,O,17,52,0,10,1,,,,0,,99991231
20,Z33000000000000001000055280400000,O,17,52,0,10,1,,,,0,,99991231
20,Z33000000000000001000055280500000,O,17,52,0,10,1,,,,0,,99991231
20,Z33000000000000001000055280600000,O,17,52,0,10,1,,,,0,,99991231
20,Z33000000000000001000055280700000,O,17,52,0,10,1,,,,0,,99991231
20,Z33000000000000001000055280800000,O,17,52,0,10,1,,,,0,,99991231
20,Z33000000000000001000055280900000,O,17,52,0,10,1,,,,0,,99991231
20,Z33000000000000001000055281000000,O,17,52,0,10,1,,,,0,,99991231
20,Z33000000000000001000055281100000,O,17,52,0,10,1,,,,0,,99991231
20,Z33000000000000001000055281200000,O,17,52,0,10,1,,,,0,,99991231
20,Z33000000000000001000055281300000,O,17,52,0,10,1,,,,0,,99991231
20,Z33000000000000001000055281400000,O,17,52,0,10,1,,,,0,,99991231
20,Z33000000000000001000055282000000,O,17,52,0,10,1,,,,0,,99991231
20,Z33000000000000001000055282100000,O,17,52,0,10,1,,,,0,,99991231
20,Z33000000000000001000055282200000,O,17,52,0,10,1,,,,0,,99991231
20,Z33000000000000001000055282300000,O,17,52,0,10,1,,,,0,,99991231
20,Z33000000000000001000055282400000,O,17,52,0,10,1,,,,0,,99991231
20,Z33000000000000001000055282500000,O,17,52,0,10,1,,,,0,,99991231
20,Z33000000000000001000055283000000,O,17,52,0,10,1,,,,0,,99991231
20,Z33000000000000001000055283100000,O,17,52,0,10,1,,,,0,,99991231
20,Z33000000000000001000055283200000,O,17,52,0,10,1,,,,0,,99991231
20,Z33000000000000001000055283300000,O,17,52,0,10,1,,,,0,,99991231
20,Z33000000000000001000055283400000,O,17,52,0,10,1,,,,0,,99991231
20,Z33000000000000001000055283500000,O,17,52,0,10,1,,,,0,,99991231
20,Z33000000000000001000055283600000,O,17,52,0,10,1,,,,0,,99991231
20,Z33000000000000001000055283700000,O,17,52,0,10,1,,,,0,,99991231
20,Z33000000000000001000055283800000,O,17,52,0,10,1,,,,0,,99991231
20,Z33000000000000001000055283900000,O,17,52,0,10,1,,,,0,,99991231
20,Z33000000000000001000055284000000,O,17,52,0,10,1,,,,0,,99991231
20,Z33000000000000001000055284100000,O,17,52,0,10,1,,,,0,,99991231
20,Z33000000000000001000055284300000,O,17,52,0,10,1,,,,0,,99991231
20,Z33000000000000001000055284400000,O,17,52,0,10,1,,,,0,,99991231
20,Z33000000000000001000055284500000,O,17,52,0,10,1,,,,0,,99991231
20,Z33000000000000001000055284600000,O,17,52,0,10,1,,,,0,,99991231
20,Z33000000000000001000055284700000,O,17,52,0,10,1,,,,0,,99991231
20,Z33000000000000001000055284800000,O,17,52,0,10,1,,,,0,,99991231
20,Z33000000000000001000055284900000,O,17,52,0,10,1,,,,0,,99991231
20,Z33000000000000001000055285000000,O,17,52,0,10,1,,,,0,,99991231
20,Z29000000000000001000001436808000,O,17,52,0,10,1,,,,0,,99991231
20,Z29000000000000001000001436906000,O,17,52,0,10,1,,,,0,,99991231
20,Z29000000000000001000001505608000,O,17,52,0,10,1,,,,0,,99991231
20,Z29000000000000001000001505609000,O,17,52,0,10,1,,,,0,,99991231
20,Z40000000000000001000055343100000,O,17,52,0,10,1,,,,0,,99991231
20,Z40000000000000001000055343200000,O,17,52,0,10,1,,,,0,,99991231
20,Z40000000000000001000055343400000,O,17,52,0,10,1,,,,0,,99991231
20,Z40000000000000001000055343300000,O,17,52,0,10,1,,,,0,,99991231
20,Z40000000000000001000055343500000,O,17,52,0,10,1,,,,0,,99991231
20,Z40000000000000001000055343600000,O,17,52,0,10,1,,,,0,,99991231
20,Z40000000000000001000055343700000,O,17,52,0,10,1,,,,0,,99991231
20,Z40000000000000001000055343800000,O,17,52,0,10,1,,,,0,,99991231
20,Z40000000000000001000055343900000,O,17,52,0,10,1,,,,0,,99991231
20,Z40000000000000001000055344400000,O,17,52,0,10,1,,,,0,,99991231
20,Z40000000000000001000055344500000,O,17,52,0,10,1,,,,0,,99991231
20,Z40000000000000001000055344600000,O,17,52,0,10,1,,,,0,,99991231
20,Z40000000000000001000055344700000,O,17,52,0,10,1,,,,0,,99991231
20,Z40000000000000001000055344800000,O,17,52,0,10,1,,,,0,,99991231
20,Z40000000000000001000055344900000,O,17,52,0,10,1,,,,0,,99991231
20,Z40000000000000001000055345000000,O,17,52,0,10,1,,,,0,,99991231
20,Z40000000000000001000055345500000,O,17,52,0,10,1,,,,0,,99991231
20,Z40000000000000001000055345600000,O,17,52,0,10,1,,,,0,,99991231
20,Z40000000000000001000055345700000,O,17,52,0,10,1,,,,0,,99991231
20,Z40000000000000001000055345800000,O,17,52,0,10,1,,,,0,,99991231
20,Z40000000000000001000055345900000,O,17,52,0,10,1,,,,0,,99991231
20,Z40000000000000001000055346000000,O,17,52,0,10,1,,,,0,,99991231
20,Z40000000000000001000055346100000,O,17,52,0,10,1,,,,0,,99991231
20,Z40000000000000001000055346200000,O,17,52,0,10,1,,,,0,,99991231
20,Z40000000000000001000055346300000,O,17,52,0,10,1,,,,0,,99991231
20,Z40000000000000001000055349600000,O,17,52,0,10,1,,,,0,,99991231
20,Z40000000000000001000055349700000,O,17,52,0,10,1,,,,0,,99991231
20,Z40000000000000001000055351100000,O,17,52,0,10,1,,,,0,,99991231
20,Z40000000000000001000055351200000,O,17,52,0,10,1,,,,0,,99991231
20,Z40000000000000001000055351300000,O,17,52,0,10,1,,,,0,,99991231
20,Z40000000000000001000055351400000,O,17,52,0,10,1,,,,0,,99991231
20,Z40000000000000001000055351500000,O,17,52,0,10,1,,,,0,,99991231
20,Z40000000000000001000055351600000,O,17,52,0,10,1,,,,0,,99991231
20,Z29000000000000001000009059701000,O,17,52,0,10,1,,,,0,,99991231
20,Z40000000000000001000055356700000,O,17,52,0,10,1,,,,0,,99991231
20,Z40000000000000001000055356800000,O,17,52,0,10,1,,,,0,,99991231
20,Z40000000000000001000055360600000,O,17,52,0,10,1,,,,0,,99991231
20,Z40000000000000001000055360700000,O,17,52,0,10,1,,,,0,,99991231
20,Z40000000000000001000055360800000,O,17,52,0,10,1,,,,0,,99991231
20,Z40000000000000001000055360900000,O,17,52,0,10,1,,,,0,,99991231
20,Z40000000000000001000055361000000,O,17,52,0,10,1,,,,0,,99991231
20,Z40000000000000001000055362600000,O,17,52,0,10,1,,,,0,,99991231
20,Z40000000000000001000055362700000,O,17,52,0,10,1,,,,0,,99991231
20,Z29000000000000001000055365900000,O,17,52,0,10,1,,,,0,,99991231
20,Z40000000000000001000055367500000,O,17,52,0,10,1,,,,0,,99991231
20,Z40000000000000001000055367600000,O,17,52,0,10,1,,,,0,,99991231
20,Z40000000000000001000055369000000,O,17,52,0,10,1,,,,0,,99991231
20,Z40000000000000001000055369100000,O,17,52,0,10,1,,,,0,,99991231
20,Z40000000000000001000055369200000,O,17,52,0,10,1,,,,0,,99991231
20,Z40000000000000001000055369300000,O,17,52,0,10,1,,,,0,,99991231
20,Z40000000000000001000055369400000,O,17,52,0,10,1,,,,0,,99991231
20,Z40000000000000001000055369500000,O,17,52,0,10,1,,,,0,,99991231
20,Z40000000000000001000055369600000,O,17,52,0,10,1,,,,0,,99991231
20,Z33000000000000001000055404000000,O,17,52,0,10,1,,,,0,,99991231
20,Z33000000000000001000055404100000,O,17,52,0,10,1,,,,0,,99991231
20,Z33000000000000001000055404200000,O,17,52,0,10,1,,,,0,,99991231
20,Z33000000000000001000055404300000,O,17,52,0,10,1,,,,0,,99991231
20,Z33000000000000001000055404400000,O,17,52,0,10,1,,,,0,,99991231
20,Z33000000000000001000055404500000,O,17,52,0,10,1,,,,0,,99991231
20,Z33000000000000001000055404600000,O,17,52,0,10,1,,,,0,,99991231
20,Z33000000000000001000055404700000,O,17,52,0,10,1,,,,0,,99991231
20,Z33000000000000001000055404800000,O,17,52,0,10,1,,,,0,,99991231
20,Z33000000000000001000055404900000,O,17,52,0,10,1,,,,0,,99991231
20,Z33000000000000001000055405000000,O,17,52,0,10,1,,,,0,,99991231
20,Z33000000000000001000055405100000,O,17,52,0,10,1,,,,0,,99991231
20,Z33000000000000001000055405200000,O,17,52,0,10,1,,,,0,,99991231
20,Z33000000000000001000055405300000,O,17,52,0,10,1,,,,0,,99991231
20,Z33000000000000001000055405400000,O,17,52,0,10,1,,,,0,,99991231
20,Z33000000000000001000055405500000,O,17,52,0,10,1,,,,0,,99991231
20,Z33000000000000001000055405600000,O,17,52,0,10,1,,,,0,,99991231
20,Z33000000000000001000055405700000,O,17,52,0,10,1,,,,0,,99991231
20,Z33000000000000001000055405800000,O,17,52,0,10,1,,,,0,,99991231
20,Z33000000000000001000055405900000,O,17,52,0,10,1,,,,0,,99991231
20,Z33000000000000001000055406000000,O,17,52,0,10,1,,,,0,,99991231
20,Z33000000000000001000055406100000,O,17,52,0,10,1,,,,0,,99991231
20,Z33000000000000001000055406200000,O,17,52,0,10,1,,,,0,,99991231
20,Z33000000000000001000055406300000,O,17,52,0,10,1,,,,0,,99991231
20,Z33000000000000001000055406400000,O,17,52,0,10,1,,,,0,,99991231
20,Z33000000000000001000055406500000,O,17,52,0,10,1,,,,0,,99991231
20,Z33000000000000001000055406600000,O,17,52,0,10,1,,,,0,,99991231
20,Z33000000000000001000055406700000,O,17,52,0,10,1,,,,0,,99991231
20,Z33000000000000001000055406800000,O,17,52,0,10,1,,,,0,,99991231
20,Z33000000000000001000055406900000,O,17,52,0,10,1,,,,0,,99991231
20,Z33000000000000001000055407000000,O,17,52,0,10,1,,,,0,,99991231
20,Z33000000000000001000055407100000,O,17,52,0,10,1,,,,0,,99991231
20,Z33000000000000001000055407200000,O,17,52,0,10,1,,,,0,,99991231
20,Z33000000000000001000055413700000,O,17,52,0,10,1,,,,0,,99991231
20,Z33000000000000001000055413800000,O,17,52,0,10,1,,,,0,,99991231
20,Z33000000000000001000055414000000,O,17,52,0,10,1,,,,0,,99991231
20,Z33000000000000001000055414100000,O,17,52,0,10,1,,,,0,,99991231
20,Z33000000000000001000055416500000,O,17,52,0,10,1,,,,0,,99991231
20,Z33000000000000001000055416600000,O,17,52,0,10,1,,,,0,,99991231
20,Z33000000000000001000055416700000,O,17,52,0,10,1,,,,0,,99991231
20,Z33000000000000001000055416800000,O,17,52,0,10,1,,,,0,,99991231
20,Z40000000000000001000055416900000,O,17,52,0,10,1,,,,0,,99991231
20,Z40000000000000001000055417000000,O,17,52,0,10,1,,,,0,,99991231
20,Z40000000000000001000055417100000,O,17,52,0,10,1,,,,0,,99991231
20,Z40000000000000001000055417200000,O,17,52,0,10,1,,,,0,,99991231
20,Z33000000000000001000055417400000,O,17,52,0,10,1,,,,0,,99991231
20,Z33000000000000001000055417500000,O,17,52,0,10,1,,,,0,,99991231
20,Z33000000000000001000055417600000,O,17,52,0,10,1,,,,0,,99991231
20,Z33000000000000001000055418100000,O,17,52,0,10,1,,,,0,,99991231
20,Z33000000000000001000055418200000,O,17,52,0,10,1,,,,0,,99991231
20,Z40000000000000001000055420000000,O,17,52,0,10,1,,,,0,,99991231
20,Z40000000000000001000055420100000,O,17,52,0,10,1,,,,0,,99991231
20,Z40000000000000001000055420200000,O,17,52,0,10,1,,,,0,,99991231
20,Z40000000000000001000055420300000,O,17,52,0,10,1,,,,0,,99991231
20,Z40000000000000001000055420400000,O,17,52,0,10,1,,,,0,,99991231
20,Z40000000000000001000055420500000,O,17,52,0,10,1,,,,0,,99991231
20,Z40000000000000001000055420800000,O,17,52,0,10,1,,,,0,,99991231
20,Z40000000000000001000055421100000,O,17,52,0,10,1,,,,0,,99991231
20,Z38000000000000001000055421600000,O,17,52,0,10,1,,,,0,,99991231
20,Z38000000000000001000055421700000,O,17,52,0,10,1,,,,0,,99991231
20,Z38000000000000001000055421800000,O,17,52,0,10,1,,,,0,,99991231
20,Z38000000000000001000055421900000,O,17,52,0,10,1,,,,0,,99991231
20,Z38000000000000001000055422000000,O,17,52,0,10,1,,,,0,,99991231
20,Z38000000000000001000055422100000,O,17,52,0,10,1,,,,0,,99991231
20,Z38000000000000001000055422200000,O,17,52,0,10,1,,,,0,,99991231
20,Z38000000000000001000055422300000,O,17,52,0,10,1,,,,0,,99991231
20,Z38000000000000001000055422400000,O,17,52,0,10,1,,,,0,,99991231
20,Z38000000000000001000055422500000,O,17,52,0,10,1,,,,0,,99991231
20,Z38000000000000001000055422600000,O,17,52,0,10,1,,,,0,,99991231
20,Z38000000000000001000055422700000,O,17,52,0,10,1,,,,0,,99991231
20,Z38000000000000001000055422800000,O,17,52,0,10,1,,,,0,,99991231
20,Z38000000000000001000055422900000,O,17,52,0,10,1,,,,0,,99991231
20,Z38000000000000001000055423000000,O,17,52,0,10,1,,,,0,,99991231
20,Z38000000000000001000055423100000,O,17,52,0,10,1,,,,0,,99991231
20,Z38000000000000001000055423200000,O,17,52,0,10,1,,,,0,,99991231
20,Z40000000000000001000055460400000,O,17,52,0,10,1,,,,0,,99991231
20,Z40000000000000001000055460500000,O,17,52,0,10,1,,,,0,,99991231
20,Z40000000000000001000055460600000,O,17,52,0,10,1,,,,0,,99991231
20,Z40000000000000001000055460700000,O,17,52,0,10,1,,,,0,,99991231
20,Z40000000000000001000055460800000,O,17,52,0,10,1,,,,0,,99991231
20,Z40000000000000001000055460900000,O,17,52,0,10,1,,,,0,,99991231
20,Z40000000000000001000055461000000,O,17,52,0,10,1,,,,0,,99991231
20,Z40000000000000001000055461100000,O,17,52,0,10,1,,,,0,,99991231
20,Z29000000000000001000001314401000,O,17,52,0,10,1,,,,0,,99991231
20,Z33000000000000001000055496500000,O,17,52,0,10,1,,,,0,,99991231
20,Z33000000000000001000055496600000,O,17,52,0,10,1,,,,0,,99991231
20,Z33000000000000001000055496700000,O,17,52,0,10,1,,,,0,,99991231
20,Z33000000000000001000055496800000,O,17,52,0,10,1,,,,0,,99991231
20,Z33000000000000001000055496900000,O,17,52,0,10,1,,,,0,,99991231
20,Z33000000000000001000055497000000,O,17,52,0,10,1,,,,0,,99991231
20,Z33000000000000001000055497100000,O,17,52,0,10,1,,,,0,,99991231
20,Z33000000000000001000055497200000,O,17,52,0,10,1,,,,0,,99991231
20,Z33000000000000001000055497300000,O,17,52,0,10,1,,,,0,,99991231
20,Z33000000000000001000055497400000,O,17,52,0,10,1,,,,0,,99991231
20,Z33000000000000001000055497500000,O,17,52,0,10,1,,,,0,,99991231
20,Z33000000000000001000055497600000,O,17,52,0,10,1,,,,0,,99991231
20,Z33000000000000001000055497700000,O,17,52,0,10,1,,,,0,,99991231
20,Z33000000000000001000055497800000,O,17,52,0,10,1,,,,0,,99991231
20,Z33000000000000001000055497900000,O,17,52,0,10,1,,,,0,,99991231
20,Z33000000000000001000055498000000,O,17,52,0,10,1,,,,0,,99991231
20,Z33000000000000001000055498100000,O,17,52,0,10,1,,,,0,,99991231
20,Z33000000000000001000055498200000,O,17,52,0,10,1,,,,0,,99991231
20,Z33000000000000001000055498300000,O,17,52,0,10,1,,,,0,,99991231
20,Z33000000000000001000055498400000,O,17,52,0,10,1,,,,0,,99991231
20,Z33000000000000001000055498500000,O,17,52,0,10,1,,,,0,,99991231
20,Z33000000000000001000055498600000,O,17,52,0,10,1,,,,0,,99991231
20,Z33000000000000001000055498700000,O,17,52,0,10,1,,,,0,,99991231
20,Z33000000000000001000055498800000,O,17,52,0,10,1,,,,0,,99991231
20,Z33000000000000001000055498900000,O,17,52,0,10,1,,,,0,,99991231
20,Z33000000000000001000055499000000,O,17,52,0,10,1,,,,0,,99991231
20,Z33000000000000001000055499100000,O,17,52,0,10,1,,,,0,,99991231
20,Z33000000000000001000055499200000,O,17,52,0,10,1,,,,0,,99991231
20,Z33000000000000001000055499300000,O,17,52,0,10,1,,,,0,,99991231
20,Z33000000000000001000055499400000,O,17,52,0,10,1,,,,0,,99991231
20,Z33000000000000001000055499500000,O,17,52,0,10,1,,,,0,,99991231
20,Z33000000000000001000055499600000,O,17,52,0,10,1,,,,0,,99991231
20,Z33000000000000001000055499700000,O,17,52,0,10,1,,,,0,,99991231
20,Z33000000000000001000055499800000,O,17,52,0,10,1,,,,0,,99991231
20,Z33000000000000001000055499900000,O,17,52,0,10,1,,,,0,,99991231
20,Z33000000000000001000055500000000,O,17,52,0,10,1,,,,0,,99991231
20,Z33000000000000001000055500100000,O,17,52,0,10,1,,,,0,,99991231
20,Z33000000000000001000055500200000,O,17,52,0,10,1,,,,0,,99991231
20,Z33000000000000001000055500300000,O,17,52,0,10,1,,,,0,,99991231
20,Z33000000000000001000055500400000,O,17,52,0,10,1,,,,0,,99991231
20,Z33000000000000001000055500500000,O,17,52,0,10,1,,,,0,,99991231
20,Z33000000000000001000055500600000,O,17,52,0,10,1,,,,0,,99991231
20,Z33000000000000001000055500700000,O,17,52,0,10,1,,,,0,,99991231
20,Z33000000000000001000055500800000,O,17,52,0,10,1,,,,0,,99991231
20,Z33000000000000001000055500900000,O,17,52,0,10,1,,,,0,,99991231
20,Z33000000000000001000055501000000,O,17,52,0,10,1,,,,0,,99991231
20,Z33000000000000001000055501100000,O,17,52,0,10,1,,,,0,,99991231
20,Z33000000000000001000055501200000,O,17,52,0,10,1,,,,0,,99991231
20,Z33000000000000001000055501300000,O,17,52,0,10,1,,,,0,,99991231
20,Z33000000000000001000055501400000,O,17,52,0,10,1,,,,0,,99991231
20,Z33000000000000001000055501500000,O,17,52,0,10,1,,,,0,,99991231
20,Z33000000000000001000055501600000,O,17,52,0,10,1,,,,0,,99991231
20,Z33000000000000001000055501700000,O,17,52,0,10,1,,,,0,,99991231
20,Z33000000000000001000055501800000,O,17,52,0,10,1,,,,0,,99991231
20,Z33000000000000001000055501900000,O,17,52,0,10,1,,,,0,,99991231
20,Z33000000000000001000055502000000,O,17,52,0,10,1,,,,0,,99991231
20,Z33000000000000001000055502100000,O,17,52,0,10,1,,,,0,,99991231
20,Z33000000000000001000055502200000,O,17,52,0,10,1,,,,0,,99991231
20,Z33000000000000001000055502300000,O,17,52,0,10,1,,,,0,,99991231
20,Z33000000000000001000055502400000,O,17,52,0,10,1,,,,0,,99991231
20,Z33000000000000001000055502500000,O,17,52,0,10,1,,,,0,,99991231
20,Z33000000000000001000055502600000,O,17,52,0,10,1,,,,0,,99991231
20,Z33000000000000001000055502700000,O,17,52,0,10,1,,,,0,,99991231
20,Z33000000000000001000055502800000,O,17,52,0,10,1,,,,0,,99991231
20,Z33000000000000001000055502900000,O,17,52,0,10,1,,,,0,,99991231
20,Z33000000000000001000055503000000,O,17,52,0,10,1,,,,0,,99991231
20,Z33000000000000001000055503100000,O,17,52,0,10,1,,,,0,,99991231
20,Z33000000000000001000055503200000,O,17,52,0,10,1,,,,0,,99991231
20,Z33000000000000001000055503300000,O,17,52,0,10,1,,,,0,,99991231
20,Z33000000000000001000055503400000,O,17,52,0,10,1,,,,0,,99991231
20,Z33000000000000001000055503500000,O,17,52,0,10,1,,,,0,,99991231
20,Z33000000000000001000055503600000,O,17,52,0,10,1,,,,0,,99991231
20,Z33000000000000001000055503700000,O,17,52,0,10,1,,,,0,,99991231
20,Z33000000000000001000055503800000,O,17,52,0,10,1,,,,0,,99991231
20,Z33000000000000001000055503900000,O,17,52,0,10,1,,,,0,,99991231
20,Z33000000000000001000055504000000,O,17,52,0,10,1,,,,0,,99991231
20,Z33000000000000001000055504100000,O,17,52,0,10,1,,,,0,,99991231
20,Z33000000000000001000055504200000,O,17,52,0,10,1,,,,0,,99991231
20,Z33000000000000001000055504300000,O,17,52,0,10,1,,,,0,,99991231
20,Z33000000000000001000055504400000,O,17,52,0,10,1,,,,0,,99991231
20,Z33000000000000001000055504500000,O,17,52,0,10,1,,,,0,,99991231
20,Z33000000000000001000055504600000,O,17,52,0,10,1,,,,0,,99991231
20,Z33000000000000001000055504700000,O,17,52,0,10,1,,,,0,,99991231
20,Z33000000000000001000055504800000,O,17,52,0,10,1,,,,0,,99991231
20,Z33000000000000001000055504900000,O,17,52,0,10,1,,,,0,,99991231
20,Z33000000000000001000055505000000,O,17,52,0,10,1,,,,0,,99991231
20,Z33000000000000001000055505100000,O,17,52,0,10,1,,,,0,,99991231
20,Z33000000000000001000055505200000,O,17,52,0,10,1,,,,0,,99991231
20,Z33000000000000001000055505300000,O,17,52,0,10,1,,,,0,,99991231
20,Z33000000000000001000055505500000,O,17,52,0,10,1,,,,0,,99991231
20,Z33000000000000001000055505600000,O,17,52,0,10,1,,,,0,,99991231
20,Z33000000000000001000055505700000,O,17,52,0,10,1,,,,0,,99991231
20,Z33000000000000001000055505800000,O,17,52,0,10,1,,,,0,,99991231
20,Z33000000000000001000055505900000,O,17,52,0,10,1,,,,0,,99991231
20,Z33000000000000001000055506000000,O,17,52,0,10,1,,,,0,,99991231
20,Z33000000000000001000055506100000,O,17,52,0,10,1,,,,0,,99991231
20,Z33000000000000001000055506200000,O,17,52,0,10,1,,,,0,,99991231
20,Z33000000000000001000055506300000,O,17,52,0,10,1,,,,0,,99991231
20,Z33000000000000001000055506400000,O,17,52,0,10,1,,,,0,,99991231
20,Z33000000000000001000055506500000,O,17,52,0,10,1,,,,0,,99991231
20,Z33000000000000001000055506600000,O,17,52,0,10,1,,,,0,,99991231
20,Z33000000000000001000055506700000,O,17,52,0,10,1,,,,0,,99991231
20,Z33000000000000001000055506800000,O,17,52,0,10,1,,,,0,,99991231
20,Z33000000000000001000055506900000,O,17,52,0,10,1,,,,0,,99991231
20,Z33000000000000001000055507000000,O,17,52,0,10,1,,,,0,,99991231
20,Z33000000000000001000055507100000,O,17,52,0,10,1,,,,0,,99991231
20,Z33000000000000001000055507200000,O,17,52,0,10,1,,,,0,,99991231
20,Z33000000000000001000055507300000,O,17,52,0,10,1,,,,0,,99991231
20,Z33000000000000001000055507400000,O,17,52,0,10,1,,,,0,,99991231
20,Z33000000000000001000055507500000,O,17,52,0,10,1,,,,0,,99991231
20,Z33000000000000001000055507600000,O,17,52,0,10,1,,,,0,,99991231
20,Z33000000000000001000055507700000,O,17,52,0,10,1,,,,0,,99991231
20,Z33000000000000001000055507800000,O,17,52,0,10,1,,,,0,,99991231
20,Z33000000000000001000055507900000,O,17,52,0,10,1,,,,0,,99991231
20,Z33000000000000001000055508000000,O,17,52,0,10,1,,,,0,,99991231
20,Z33000000000000001000055508100000,O,17,52,0,10,1,,,,0,,99991231
20,Z33000000000000001000055508200000,O,17,52,0,10,1,,,,0,,99991231
20,Z33000000000000001000055508300000,O,17,52,0,10,1,,,,0,,99991231
20,Z33000000000000001000055508400000,O,17,52,0,10,1,,,,0,,99991231
20,Z33000000000000001000055508500000,O,17,52,0,10,1,,,,0,,99991231
20,Z33000000000000001000055508600000,O,17,52,0,10,1,,,,0,,99991231
20,Z33000000000000001000055508700000,O,17,52,0,10,1,,,,0,,99991231
20,Z33000000000000001000055508800000,O,17,52,0,10,1,,,,0,,99991231
20,Z33000000000000001000055584800000,O,17,52,0,10,1,,,,0,,99991231
20,Z33000000000000001000055585300000,O,17,52,0,10,1,,,,0,,99991231
20,Z33000000000000001000055585400000,O,17,52,0,10,1,,,,0,,99991231
20,Z33000000000000001000055585500000,O,17,52,0,10,1,,,,0,,99991231
20,Z33000000000000001000055586000000,O,17,52,0,10,1,,,,0,,99991231
20,Z33000000000000001000055586100000,O,17,52,0,10,1,,,,0,,99991231
20,Z33000000000000001000055586600000,O,17,52,0,10,1,,,,0,,99991231
20,Z33000000000000001000055586700000,O,17,52,0,10,1,,,,0,,99991231
20,Z40000000000000001000055586900000,O,17,52,0,10,1,,,,0,,99991231
20,Z40000000000000001000055587000000,O,17,52,0,10,1,,,,0,,99991231
20,Z40000000000000001000055587100000,O,17,52,0,10,1,,,,0,,99991231
20,Z40000000000000001000055587200000,O,17,52,0,10,1,,,,0,,99991231
20,Z40000000000000001000055587300000,O,17,52,0,10,1,,,,0,,99991231
20,Z40000000000000001000055587400000,O,17,52,0,10,1,,,,0,,99991231
20,Z40000000000000001000055587500000,O,17,52,0,10,1,,,,0,,99991231
20,Z40000000000000001000055587600000,O,17,52,0,10,1,,,,0,,99991231
20,Z40000000000000001000055587700000,O,17,52,0,10,1,,,,0,,99991231
20,Z40000000000000001000055587800000,O,17,52,0,10,1,,,,0,,99991231
20,Z33000000000000001000055598400000,O,17,52,0,10,1,,,,0,,99991231
20,Z33000000000000001000055598500000,O,17,52,0,10,1,,,,0,,99991231
20,Z33000000000000001000055598600000,O,17,52,0,10,1,,,,0,,99991231
20,Z33000000000000001000055598700000,O,17,52,0,10,1,,,,0,,99991231
20,Z33000000000000001000055598800000,O,17,52,0,10,1,,,,0,,99991231
20,Z33000000000000001000055598900000,O,17,52,0,10,1,,,,0,,99991231
20,Z33000000000000001000055599000000,O,17,52,0,10,1,,,,0,,99991231
20,Z33000000000000001000055599100000,O,17,52,0,10,1,,,,0,,99991231
20,Z33000000000000001000055599200000,O,17,52,0,10,1,,,,0,,99991231
20,Z33000000000000001000055599300000,O,17,52,0,10,1,,,,0,,99991231
20,Z33000000000000001000055599400000,O,17,52,0,10,1,,,,0,,99991231
20,Z33000000000000001000055599500000,O,17,52,0,10,1,,,,0,,99991231
20,Z33000000000000001000055599600000,O,17,52,0,10,1,,,,0,,99991231
20,Z33000000000000001000055599700000,O,17,52,0,10,1,,,,0,,99991231
20,Z33000000000000001000055599800000,O,17,52,0,10,1,,,,0,,99991231
20,Z33000000000000001000055599900000,O,17,52,0,10,1,,,,0,,99991231
20,Z33000000000000001000055600000000,O,17,52,0,10,1,,,,0,,99991231
20,Z33000000000000001000055600100000,O,17,52,0,10,1,,,,0,,99991231
20,Z33000000000000001000055600200000,O,17,52,0,10,1,,,,0,,99991231
20,Z33000000000000001000055600300000,O,17,52,0,10,1,,,,0,,99991231
20,Z33000000000000001000055600400000,O,17,52,0,10,1,,,,0,,99991231
20,Z33000000000000001000055600500000,O,17,52,0,10,1,,,,0,,99991231
20,Z33000000000000001000055600600000,O,17,52,0,10,1,,,,0,,99991231
20,Z33000000000000001000055600700000,O,17,52,0,10,1,,,,0,,99991231
20,Z33000000000000001000055600800000,O,17,52,0,10,1,,,,0,,99991231
20,Z33000000000000001000055600900000,O,17,52,0,10,1,,,,0,,99991231
20,Z33000000000000001000055601000000,O,17,52,0,10,1,,,,0,,99991231
20,Z33000000000000001000055601100000,O,17,52,0,10,1,,,,0,,99991231
20,Z33000000000000001000055601200000,O,17,52,0,10,1,,,,0,,99991231
20,Z33000000000000001000055601300000,O,17,52,0,10,1,,,,0,,99991231
20,Z33000000000000001000055601400000,O,17,52,0,10,1,,,,0,,99991231
20,Z33000000000000001000055601500000,O,17,52,0,10,1,,,,0,,99991231
20,Z33000000000000001000055601600000,O,17,52,0,10,1,,,,0,,99991231
20,Z33000000000000001000055601700000,O,17,52,0,10,1,,,,0,,99991231
20,Z33000000000000001000055601800000,O,17,52,0,10,1,,,,0,,99991231
20,Z33000000000000001000055601900000,O,17,52,0,10,1,,,,0,,99991231
20,Z40000000000000001000055603400000,O,17,52,0,10,1,,,,0,,99991231
20,Z40000000000000001000055603500000,O,17,52,0,10,1,,,,0,,99991231
20,Z40000000000000001000055603600000,O,17,52,0,10,1,,,,0,,99991231
20,Z40000000000000001000055603700000,O,17,52,0,10,1,,,,0,,99991231
20,Z40000000000000001000055603800000,O,17,52,0,10,1,,,,0,,99991231
20,Z40000000000000001000055603900000,O,17,52,0,10,1,,,,0,,99991231
20,Z40000000000000001000055604000000,O,17,52,0,10,1,,,,0,,99991231
20,Z40000000000000001000055604200000,O,17,52,0,10,1,,,,0,,99991231
20,Z40000000000000001000055604300000,O,17,52,0,10,1,,,,0,,99991231
20,Z33000000000000001000055606200000,O,17,52,0,10,1,,,,0,,99991231
20,Z33000000000000001000055606300000,O,17,52,0,10,1,,,,0,,99991231
20,Z33000000000000001000055606400000,O,17,52,0,10,1,,,,0,,99991231
20,Z33000000000000001000055606500000,O,17,52,0,10,1,,,,0,,99991231
20,Z33000000000000001000055606600000,O,17,52,0,10,1,,,,0,,99991231
20,Z33000000000000001000055606700000,O,17,52,0,10,1,,,,0,,99991231
20,Z33000000000000001000055606800000,O,17,52,0,10,1,,,,0,,99991231
20,Z33000000000000001000055606900000,O,17,52,0,10,1,,,,0,,99991231
20,Z33000000000000001000055607000000,O,17,52,0,10,1,,,,0,,99991231
20,Z33000000000000001000055607100000,O,17,52,0,10,1,,,,0,,99991231
20,Z33000000000000001000055607200000,O,17,52,0,10,1,,,,0,,99991231
20,Z33000000000000001000055607300000,O,17,52,0,10,1,,,,0,,99991231
20,Z33000000000000001000055607400000,O,17,52,0,10,1,,,,0,,99991231
20,Z33000000000000001000055607500000,O,17,52,0,10,1,,,,0,,99991231
20,Z33000000000000001000055607600000,O,17,52,0,10,1,,,,0,,99991231
20,Z33000000000000001000055607700000,O,17,52,0,10,1,,,,0,,99991231
20,Z33000000000000001000055607800000,O,17,52,0,10,1,,,,0,,99991231
20,Z33000000000000001000055607900000,O,17,52,0,10,1,,,,0,,99991231
20,Z33000000000000001000055608000000,O,17,52,0,10,1,,,,0,,99991231
20,Z33000000000000001000055608100000,O,17,52,0,10,1,,,,0,,99991231
20,Z33000000000000001000055608200000,O,17,52,0,10,1,,,,0,,99991231
20,Z33000000000000001000055608300000,O,17,52,0,10,1,,,,0,,99991231
20,Z33000000000000001000055608400000,O,17,52,0,10,1,,,,0,,99991231
20,Z33000000000000001000055608500000,O,17,52,0,10,1,,,,0,,99991231
20,Z33000000000000001000055608600000,O,17,52,0,10,1,,,,0,,99991231
20,Z33000000000000001000055608700000,O,17,52,0,10,1,,,,0,,99991231
20,Z33000000000000001000055608800000,O,17,52,0,10,1,,,,0,,99991231
20,Z33000000000000001000055608900000,O,17,52,0,10,1,,,,0,,99991231
20,Z33000000000000001000055609000000,O,17,52,0,10,1,,,,0,,99991231
20,Z33000000000000001000055609100000,O,17,52,0,10,1,,,,0,,99991231
20,Z33000000000000001000055609200000,O,17,52,0,10,1,,,,0,,99991231
20,Z33000000000000001000055609300000,O,17,52,0,10,1,,,,0,,99991231
20,Z33000000000000001000055609400000,O,17,52,0,10,1,,,,0,,99991231
20,Z33000000000000001000055609500000,O,17,52,0,10,1,,,,0,,99991231
20,Z33000000000000001000055609700000,O,17,52,0,10,1,,,,0,,99991231
20,Z33000000000000001000055609900000,O,17,52,0,10,1,,,,0,,99991231
20,Z33000000000000001000055610000000,O,17,52,0,10,1,,,,0,,99991231
20,Z40000000000000001000055623600000,O,17,52,0,10,1,,,,0,,99991231
20,Z40000000000000001000055623700000,O,17,52,0,10,1,,,,0,,99991231
20,Z33000000000000001000055624800000,O,17,52,0,10,1,,,,0,,99991231
20,Z33000000000000001000055624900000,O,17,52,0,10,1,,,,0,,99991231
20,Z33000000000000001000055625000000,O,17,52,0,10,1,,,,0,,99991231
20,Z33000000000000001000055625100000,O,17,52,0,10,1,,,,0,,99991231
20,Z33000000000000001000055625200000,O,17,52,0,10,1,,,,0,,99991231
20,Z33000000000000001000055625300000,O,17,52,0,10,1,,,,0,,99991231
20,Z33000000000000001000055625400000,O,17,52,0,10,1,,,,0,,99991231
20,Z33000000000000001000055625500000,O,17,52,0,10,1,,,,0,,99991231
20,Z33000000000000001000055625600000,O,17,52,0,10,1,,,,0,,99991231
20,Z33000000000000001000055625700000,O,17,52,0,10,1,,,,0,,99991231
20,Z33000000000000001000055625800000,O,17,52,0,10,1,,,,0,,99991231
20,Z33000000000000001000055625900000,O,17,52,0,10,1,,,,0,,99991231
20,Z33000000000000001000055626000000,O,17,52,0,10,1,,,,0,,99991231
20,Z33000000000000001000055626100000,O,17,52,0,10,1,,,,0,,99991231
20,Z33000000000000001000055626300000,O,17,52,0,10,1,,,,0,,99991231
20,Z33000000000000001000055626400000,O,17,52,0,10,1,,,,0,,99991231
20,Z33000000000000001000055626500000,O,17,52,0,10,1,,,,0,,99991231
20,Z33000000000000001000055626600000,O,17,52,0,10,1,,,,0,,99991231
20,Z33000000000000001000055626700000,O,17,52,0,10,1,,,,0,,99991231
20,Z33000000000000001000055627200000,O,17,52,0,10,1,,,,0,,99991231
20,Z33000000000000001000055627300000,O,17,52,0,10,1,,,,0,,99991231
20,Z33000000000000001000055627400000,O,17,52,0,10,1,,,,0,,99991231
20,Z33000000000000001000055627500000,O,17,52,0,10,1,,,,0,,99991231
20,Z33000000000000001000055627600000,O,17,52,0,10,1,,,,0,,99991231
20,Z33000000000000001000055627700000,O,17,52,0,10,1,,,,0,,99991231
20,Z33000000000000001000055627800000,O,17,52,0,10,1,,,,0,,99991231
20,Z33000000000000001000055627900000,O,17,52,0,10,1,,,,0,,99991231
20,Z33000000000000001000055628000000,O,17,52,0,10,1,,,,0,,99991231
20,Z33000000000000001000055628100000,O,17,52,0,10,1,,,,0,,99991231
20,Z33000000000000001000055628200000,O,17,52,0,10,1,,,,0,,99991231
20,Z29000000000000001000054541500000,O,17,52,0,10,1,,,,0,,99991231
20,Z29000000000000001000054744100000,O,17,52,0,10,1,,,,0,,99991231
20,Z40000000000000001000055628500000,O,17,52,0,10,1,,,,0,,99991231
20,Z40000000000000001000055628600000,O,17,52,0,10,1,,,,0,,99991231
20,Z40000000000000001000055628700000,O,17,52,0,10,1,,,,0,,99991231
20,Z40000000000000001000055628800000,O,17,52,0,10,1,,,,0,,99991231
20,Z40000000000000001000055628900000,O,17,52,0,10,1,,,,0,,99991231
20,Z40000000000000001000055629000000,O,17,52,0,10,1,,,,0,,99991231
20,Z40000000000000001000055629100000,O,17,52,0,10,1,,,,0,,99991231
20,Z40000000000000001000055629200000,O,17,52,0,10,1,,,,0,,99991231
20,Z40000000000000001000055629300000,O,17,52,0,10,1,,,,0,,99991231
20,Z29000000000000001000054743100000,O,17,52,0,10,1,,,,0,,99991231
20,Z40000000000000001000055629500000,O,17,52,0,10,1,,,,0,,99991231
20,Z40000000000000001000055629600000,O,17,52,0,10,1,,,,0,,99991231
20,Z40000000000000001000055629700000,O,17,52,0,10,1,,,,0,,99991231
20,Z40000000000000001000055629800000,O,17,52,0,10,1,,,,0,,99991231
20,Z40000000000000001000055629900000,O,17,52,0,10,1,,,,0,,99991231
20,Z40000000000000001000055630000000,O,17,52,0,10,1,,,,0,,99991231
20,Z40000000000000001000055630100000,O,17,52,0,10,1,,,,0,,99991231
20,Z33000000000000001000055630200000,O,17,52,0,10,1,,,,0,,99991231
20,Z33000000000000001000055630300000,O,17,52,0,10,1,,,,0,,99991231
20,Z33000000000000001000055630400000,O,17,52,0,10,1,,,,0,,99991231
20,Z33000000000000001000055630500000,O,17,52,0,10,1,,,,0,,99991231
20,Z33000000000000001000055630600000,O,17,52,0,10,1,,,,0,,99991231
20,Z33000000000000001000055630700000,O,17,52,0,10,1,,,,0,,99991231
20,Z33000000000000001000055630800000,O,17,52,0,10,1,,,,0,,99991231
20,Z33000000000000001000055641200000,O,17,52,0,10,1,,,,0,,99991231
20,Z33000000000000001000055641300000,O,17,52,0,10,1,,,,0,,99991231
20,Z33000000000000001000055641400000,O,17,52,0,10,1,,,,0,,99991231
20,Z33000000000000001000055641500000,O,17,52,0,10,1,,,,0,,99991231
20,Z33000000000000001000055641600000,O,17,52,0,10,1,,,,0,,99991231
20,Z33000000000000001000055641700000,O,17,52,0,10,1,,,,0,,99991231
20,Z40000000000000001000055648000000,O,17,52,0,10,1,,,,0,,99991231
20,Z40000000000000001000055648100000,O,17,52,0,10,1,,,,0,,99991231
20,Z33000000000000001000055664000000,O,17,52,0,10,1,,,,0,,99991231
20,Z33000000000000001000055664100000,O,17,52,0,10,1,,,,0,,99991231
20,Z33000000000000001000055664500000,O,17,52,0,10,1,,,,0,,99991231
20,Z33000000000000001000055664600000,O,17,52,0,10,1,,,,0,,99991231
20,Z29000000000000001000005709504000,O,17,52,0,10,1,,,,0,,99991231
20,Z29000000000000001000055665100000,O,17,52,0,10,1,,,,0,,99991231
20,Z29000000000000001000005709505000,O,17,52,0,10,1,,,,0,,99991231
20,Z29000000000000001000023576704000,O,17,52,0,10,1,,,,0,,99991231
20,Z40000000000000001000055666500000,O,17,52,0,10,1,,,,0,,99991231
20,Z40000000000000001000055666600000,O,17,52,0,10,1,,,,0,,99991231
20,Z40000000000000001000055666700000,O,17,52,0,10,1,,,,0,,99991231
20,Z40000000000000001000055666800000,O,17,52,0,10,1,,,,0,,99991231
20,Z29000000000000001000023576705000,O,17,52,0,10,1,,,,0,,99991231
20,Z40000000000000001000055667700000,O,17,52,0,10,1,,,,0,,99991231
20,Z40000000000000001000055667800000,O,17,52,0,10,1,,,,0,,99991231
20,Z40000000000000001000055667900000,O,17,52,0,10,1,,,,0,,99991231
20,Z40000000000000001000055668000000,O,17,52,0,10,1,,,,0,,99991231
20,Z40000000000000001000055668500000,O,17,52,0,10,1,,,,0,,99991231
20,Z40000000000000001000055668600000,O,17,52,0,10,1,,,,0,,99991231
20,Z40000000000000001000055668700000,O,17,52,0,10,1,,,,0,,99991231
20,Z33000000000000001000055669400000,O,17,52,0,10,1,,,,0,,99991231
20,Z33000000000000001000055669500000,O,17,52,0,10,1,,,,0,,99991231
20,Z33000000000000001000055669600000,O,17,52,0,10,1,,,,0,,99991231
20,Z33000000000000001000055669700000,O,17,52,0,10,1,,,,0,,99991231
20,Z33000000000000001000055669800000,O,17,52,0,10,1,,,,0,,99991231
20,Z33000000000000001000055669900000,O,17,52,0,10,1,,,,0,,99991231
20,Z33000000000000001000055670000000,O,17,52,0,10,1,,,,0,,99991231
20,Z33000000000000001000055670100000,O,17,52,0,10,1,,,,0,,99991231
20,Z33000000000000001000055670200000,O,17,52,0,10,1,,,,0,,99991231
20,Z33000000000000001000055670300000,O,17,52,0,10,1,,,,0,,99991231
20,Z33000000000000001000055670400000,O,17,52,0,10,1,,,,0,,99991231
20,Z33000000000000001000055670500000,O,17,52,0,10,1,,,,0,,99991231
20,Z33000000000000001000055670600000,O,17,52,0,10,1,,,,0,,99991231
20,Z29000000000000001000055671400000,O,17,52,0,10,1,,,,0,,99991231
20,Z29000000000000001000055671800000,O,17,52,0,10,1,,,,0,,99991231
20,Z29000000000000001000055672200000,O,17,52,0,10,1,,,,0,,99991231
20,Z29000000000000001000055672600000,O,17,52,0,10,1,,,,0,,99991231
20,Z29000000000000001000055673100000,O,17,52,0,10,1,,,,0,,99991231
20,Z40000000000000001000055674000000,O,17,52,0,10,1,,,,0,,99991231
20,Z40000000000000001000055674100000,O,17,52,0,10,1,,,,0,,99991231
20,Z40000000000000001000055674200000,O,17,52,0,10,1,,,,0,,99991231
20,Z40000000000000001000055674300000,O,17,52,0,10,1,,,,0,,99991231
20,Z29000000000000001000004021305000,O,17,52,0,10,1,,,,0,,99991231
20,Z29000000000000001000001689012000,O,17,52,0,10,1,,,,0,,99991231
20,Z40000000000000001000055717200000,O,17,52,0,10,1,,,,0,,99991231
20,Z40000000000000001000055717300000,O,17,52,0,10,1,,,,0,,99991231
20,Z40000000000000001000055717400000,O,17,52,0,10,1,,,,0,,99991231
20,Z40000000000000001000055717500000,O,17,52,0,10,1,,,,0,,99991231
20,Z40000000000000001000055717600000,O,17,52,0,10,1,,,,0,,99991231
20,Z40000000000000001000055718700000,O,17,52,0,10,1,,,,0,,99991231
20,Z40000000000000001000055718800000,O,17,52,0,10,1,,,,0,,99991231
20,Z40000000000000001000055718900000,O,17,52,0,10,1,,,,0,,99991231
20,Z40000000000000001000055719000000,O,17,52,0,10,1,,,,0,,99991231
20,Z40000000000000001000055719100000,O,17,52,0,10,1,,,,0,,99991231
20,Z40000000000000001000055724900000,O,17,52,0,10,1,,,,0,,99991231
20,Z40000000000000001000055725000000,O,17,52,0,10,1,,,,0,,99991231
20,Z40000000000000001000055725100000,O,17,52,0,10,1,,,,0,,99991231
20,Z40000000000000001000055725200000,O,17,52,0,10,1,,,,0,,99991231
20,Z40000000000000001000055725300000,O,17,52,0,10,1,,,,0,,99991231
20,Z40000000000000001000055731400000,O,17,52,0,10,1,,,,0,,99991231
20,Z40000000000000001000055731600000,O,17,52,0,10,1,,,,0,,99991231
20,Z40000000000000001000055731700000,O,17,52,0,10,1,,,,0,,99991231
20,Z40000000000000001000055731800000,O,17,52,0,10,1,,,,0,,99991231
20,Z40000000000000001000055731900000,O,17,52,0,10,1,,,,0,,99991231
20,Z40000000000000001000055732000000,O,17,52,0,10,1,,,,0,,99991231
20,Z40000000000000001000055740400000,O,17,52,0,10,1,,,,0,,99991231
20,Z40000000000000001000055740500000,O,17,52,0,10,1,,,,0,,99991231
20,Z40000000000000001000055740600000,O,17,52,0,10,1,,,,0,,99991231
20,Z33000000000000001000055752500000,O,17,52,0,10,1,,,,0,,99991231
20,Z33000000000000001000055752600000,O,17,52,0,10,1,,,,0,,99991231
20,Z33000000000000001000055752700000,O,17,52,0,10,1,,,,0,,99991231
20,Z33000000000000001000055752800000,O,17,52,0,10,1,,,,0,,99991231
20,Z33000000000000001000055752900000,O,17,52,0,10,1,,,,0,,99991231
20,Z33000000000000001000055753000000,O,17,52,0,10,1,,,,0,,99991231
20,Z33000000000000001000055754200000,O,17,52,0,10,1,,,,0,,99991231
20,Z33000000000000001000055754300000,O,17,52,0,10,1,,,,0,,99991231
20,Z33000000000000001000055754400000,O,17,52,0,10,1,,,,0,,99991231
20,Z33000000000000001000055754500000,O,17,52,0,10,1,,,,0,,99991231
20,Z33000000000000001000055754600000,O,17,52,0,10,1,,,,0,,99991231
20,Z33000000000000001000055754700000,O,17,52,0,10,1,,,,0,,99991231
20,Z33000000000000001000055754800000,O,17,52,0,10,1,,,,0,,99991231
20,Z33000000000000001000055754900000,O,17,52,0,10,1,,,,0,,99991231
20,Z33000000000000001000055755000000,O,17,52,0,10,1,,,,0,,99991231
20,Z33000000000000001000055755100000,O,17,52,0,10,1,,,,0,,99991231
20,Z33000000000000001000055755200000,O,17,52,0,10,1,,,,0,,99991231
20,Z33000000000000001000055755300000,O,17,52,0,10,1,,,,0,,99991231
20,Z33000000000000001000055755400000,O,17,52,0,10,1,,,,0,,99991231
20,Z33000000000000001000055755500000,O,17,52,0,10,1,,,,0,,99991231
20,Z33000000000000001000055755600000,O,17,52,0,10,1,,,,0,,99991231
20,Z33000000000000001000055755700000,O,17,52,0,10,1,,,,0,,99991231
20,Z33000000000000001000055755800000,O,17,52,0,10,1,,,,0,,99991231
20,Z33000000000000001000055755900000,O,17,52,0,10,1,,,,0,,99991231
20,Z33000000000000001000055756000000,O,17,52,0,10,1,,,,0,,99991231
20,Z33000000000000001000055756100000,O,17,52,0,10,1,,,,0,,99991231
20,Z33000000000000001000055756200000,O,17,52,0,10,1,,,,0,,99991231
20,Z33000000000000001000055756300000,O,17,52,0,10,1,,,,0,,99991231
20,Z33000000000000001000055756400000,O,17,52,0,10,1,,,,0,,99991231
20,Z33000000000000001000055756500000,O,17,52,0,10,1,,,,0,,99991231
20,Z38000000000000001000055787600000,O,17,52,0,10,1,,,,0,,99991231
20,Z38000000000000001000055787700000,O,17,52,0,10,1,,,,0,,99991231
20,Z38000000000000001000055787800000,O,17,52,0,10,1,,,,0,,99991231
20,Z38000000000000001000055787900000,O,17,52,0,10,1,,,,0,,99991231
20,Z38000000000000001000055788000000,O,17,52,0,10,1,,,,0,,99991231
20,Z38000000000000001000055788100000,O,17,52,0,10,1,,,,0,,99991231
20,Z38000000000000001000055788200000,O,17,52,0,10,1,,,,0,,99991231
20,Z38000000000000001000055788300000,O,17,52,0,10,1,,,,0,,99991231
20,Z38000000000000001000055788400000,O,17,52,0,10,1,,,,0,,99991231
20,Z38000000000000001000055788500000,O,17,52,0,10,1,,,,0,,99991231
20,Z38000000000000001000055788600000,O,17,52,0,10,1,,,,0,,99991231
20,Z38000000000000001000055788700000,O,17,52,0,10,1,,,,0,,99991231
20,Z38000000000000001000055788800000,O,17,52,0,10,1,,,,0,,99991231
20,Z38000000000000001000055788900000,O,17,52,0,10,1,,,,0,,99991231
20,Z38000000000000001000055789000000,O,17,52,0,10,1,,,,0,,99991231
20,Z38000000000000001000055789100000,O,17,52,0,10,1,,,,0,,99991231
20,Z38000000000000001000055789200000,O,17,52,0,10,1,,,,0,,99991231
20,Z38000000000000001000055789300000,O,17,52,0,10,1,,,,0,,99991231
20,Z38000000000000001000055789400000,O,17,52,0,10,1,,,,0,,99991231
20,Z38000000000000001000055789500000,O,17,52,0,10,1,,,,0,,99991231
20,Z38000000000000001000055789600000,O,17,52,0,10,1,,,,0,,99991231
20,Z38000000000000001000055789700000,O,17,52,0,10,1,,,,0,,99991231
20,Z38000000000000001000055789800000,O,17,52,0,10,1,,,,0,,99991231
20,Z38000000000000001000055789900000,O,17,52,0,10,1,,,,0,,99991231
20,Z38000000000000001000055790000000,O,17,52,0,10,1,,,,0,,99991231
20,Z38000000000000001000055790100000,O,17,52,0,10,1,,,,0,,99991231
20,Z38000000000000001000055790200000,O,17,52,0,10,1,,,,0,,99991231
20,Z38000000000000001000055790300000,O,17,52,0,10,1,,,,0,,99991231
20,Z38000000000000001000055790400000,O,17,52,0,10,1,,,,0,,99991231
20,Z38000000000000001000055790500000,O,17,52,0,10,1,,,,0,,99991231
20,Z38000000000000001000055790600000,O,17,52,0,10,1,,,,0,,99991231
20,Z38000000000000001000055790700000,O,17,52,0,10,1,,,,0,,99991231
20,Z38000000000000001000055790800000,O,17,52,0,10,1,,,,0,,99991231
20,Z38000000000000001000055790900000,O,17,52,0,10,1,,,,0,,99991231
20,Z38000000000000001000055791000000,O,17,52,0,10,1,,,,0,,99991231
20,Z38000000000000001000055791100000,O,17,52,0,10,1,,,,0,,99991231
20,Z38000000000000001000055791200000,O,17,52,0,10,1,,,,0,,99991231
20,Z38000000000000001000055791300000,O,17,52,0,10,1,,,,0,,99991231
20,Z38000000000000001000055791400000,O,17,52,0,10,1,,,,0,,99991231
20,Z38000000000000001000055791500000,O,17,52,0,10,1,,,,0,,99991231
20,Z38000000000000001000055791600000,O,17,52,0,10,1,,,,0,,99991231
20,Z38000000000000001000055791700000,O,17,52,0,10,1,,,,0,,99991231
20,Z38000000000000001000055791900000,O,17,52,0,10,1,,,,0,,99991231
20,Z38000000000000001000055792000000,O,17,52,0,10,1,,,,0,,99991231
20,Z38000000000000001000055792100000,O,17,52,0,10,1,,,,0,,99991231
20,Z38000000000000001000055792200000,O,17,52,0,10,1,,,,0,,99991231
20,Z38000000000000001000055792300000,O,17,52,0,10,1,,,,0,,99991231
20,Z38000000000000001000055792400000,O,17,52,0,10,1,,,,0,,99991231
20,Z38000000000000001000055792500000,O,17,52,0,10,1,,,,0,,99991231
20,Z38000000000000001000055792600000,O,17,52,0,10,1,,,,0,,99991231
20,Z38000000000000001000055792700000,O,17,52,0,10,1,,,,0,,99991231
20,Z38000000000000001000055792800000,O,17,52,0,10,1,,,,0,,99991231
20,Z38000000000000001000055792900000,O,17,52,0,10,1,,,,0,,99991231
20,Z38000000000000001000055793000000,O,17,52,0,10,1,,,,0,,99991231
20,Z38000000000000001000055793100000,O,17,52,0,10,1,,,,0,,99991231
20,Z38000000000000001000055793200000,O,17,52,0,10,1,,,,0,,99991231
20,Z38000000000000001000055793300000,O,17,52,0,10,1,,,,0,,99991231
20,Z38000000000000001000055793400000,O,17,52,0,10,1,,,,0,,99991231
20,Z38000000000000001000055793500000,O,17,52,0,10,1,,,,0,,99991231
20,Z38000000000000001000055793600000,O,17,52,0,10,1,,,,0,,99991231
20,Z38000000000000001000055793700000,O,17,52,0,10,1,,,,0,,99991231
20,Z38000000000000001000055793800000,O,17,52,0,10,1,,,,0,,99991231
20,Z38000000000000001000055793900000,O,17,52,0,10,1,,,,0,,99991231
20,Z38000000000000001000055794000000,O,17,52,0,10,1,,,,0,,99991231
20,Z38000000000000001000055794100000,O,17,52,0,10,1,,,,0,,99991231
20,Z38000000000000001000055794200000,O,17,52,0,10,1,,,,0,,99991231
20,Z38000000000000001000055794300000,O,17,52,0,10,1,,,,0,,99991231
20,Z38000000000000001000055794400000,O,17,52,0,10,1,,,,0,,99991231
20,Z38000000000000001000055794500000,O,17,52,0,10,1,,,,0,,99991231
20,Z38000000000000001000055794600000,O,17,52,0,10,1,,,,0,,99991231
20,Z38000000000000001000055794700000,O,17,52,0,10,1,,,,0,,99991231
20,Z38000000000000001000055794800000,O,17,52,0,10,1,,,,0,,99991231
20,Z38000000000000001000055795000000,O,17,52,0,10,1,,,,0,,99991231
20,Z38000000000000001000055795100000,O,17,52,0,10,1,,,,0,,99991231
20,Z38000000000000001000055795200000,O,17,52,0,10,1,,,,0,,99991231
20,Z38000000000000001000055795300000,O,17,52,0,10,1,,,,0,,99991231
20,Z38000000000000001000055795400000,O,17,52,0,10,1,,,,0,,99991231
20,Z38000000000000001000055795500000,O,17,52,0,10,1,,,,0,,99991231
20,Z38000000000000001000055795600000,O,17,52,0,10,1,,,,0,,99991231
20,Z38000000000000001000055795700000,O,17,52,0,10,1,,,,0,,99991231
20,Z38000000000000001000055795800000,O,17,52,0,10,1,,,,0,,99991231
20,Z38000000000000001000055795900000,O,17,52,0,10,1,,,,0,,99991231
20,Z38000000000000001000055796000000,O,17,52,0,10,1,,,,0,,99991231
20,Z38000000000000001000055796100000,O,17,52,0,10,1,,,,0,,99991231
20,Z38000000000000001000055796200000,O,17,52,0,10,1,,,,0,,99991231
20,Z38000000000000001000055796300000,O,17,52,0,10,1,,,,0,,99991231
20,Z38000000000000001000055796400000,O,17,52,0,10,1,,,,0,,99991231
20,Z38000000000000001000055796500000,O,17,52,0,10,1,,,,0,,99991231
20,Z38000000000000001000055796600000,O,17,52,0,10,1,,,,0,,99991231
20,Z38000000000000001000055796700000,O,17,52,0,10,1,,,,0,,99991231
20,Z38000000000000001000055796800000,O,17,52,0,10,1,,,,0,,99991231
20,Z38000000000000001000055796900000,O,17,52,0,10,1,,,,0,,99991231
20,Z38000000000000001000055797000000,O,17,52,0,10,1,,,,0,,99991231
20,Z38000000000000001000055797100000,O,17,52,0,10,1,,,,0,,99991231
20,Z38000000000000001000055797200000,O,17,52,0,10,1,,,,0,,99991231
20,Z38000000000000001000055797300000,O,17,52,0,10,1,,,,0,,99991231
20,Z38000000000000001000055797400000,O,17,52,0,10,1,,,,0,,99991231
20,Z38000000000000001000055797500000,O,17,52,0,10,1,,,,0,,99991231
20,Z38000000000000001000055797600000,O,17,52,0,10,1,,,,0,,99991231
20,Z38000000000000001000055797700000,O,17,52,0,10,1,,,,0,,99991231
20,Z38000000000000001000055797800000,O,17,52,0,10,1,,,,0,,99991231
20,Z38000000000000001000055797900000,O,17,52,0,10,1,,,,0,,99991231
20,Z38000000000000001000055798000000,O,17,52,0,10,1,,,,0,,99991231
20,Z38000000000000001000055798100000,O,17,52,0,10,1,,,,0,,99991231
20,Z38000000000000001000055798200000,O,17,52,0,10,1,,,,0,,99991231
20,Z38000000000000001000055798300000,O,17,52,0,10,1,,,,0,,99991231
20,Z38000000000000001000055798400000,O,17,52,0,10,1,,,,0,,99991231
20,Z38000000000000001000055798500000,O,17,52,0,10,1,,,,0,,99991231
20,Z38000000000000001000055798600000,O,17,52,0,10,1,,,,0,,99991231
20,Z38000000000000001000055798700000,O,17,52,0,10,1,,,,0,,99991231
20,Z38000000000000001000055798800000,O,17,52,0,10,1,,,,0,,99991231
20,Z38000000000000001000055798900000,O,17,52,0,10,1,,,,0,,99991231
20,Z38000000000000001000055799000000,O,17,52,0,10,1,,,,0,,99991231
20,Z38000000000000001000055799100000,O,17,52,0,10,1,,,,0,,99991231
20,Z38000000000000001000055799200000,O,17,52,0,10,1,,,,0,,99991231
20,Z38000000000000001000055799300000,O,17,52,0,10,1,,,,0,,99991231
20,Z38000000000000001000055799400000,O,17,52,0,10,1,,,,0,,99991231
20,Z38000000000000001000055799500000,O,17,52,0,10,1,,,,0,,99991231
20,Z38000000000000001000055799600000,O,17,52,0,10,1,,,,0,,99991231
20,Z38000000000000001000055799700000,O,17,52,0,10,1,,,,0,,99991231
20,Z38000000000000001000055799800000,O,17,52,0,10,1,,,,0,,99991231
20,Z38000000000000001000055799900000,O,17,52,0,10,1,,,,0,,99991231
20,Z38000000000000001000055800000000,O,17,52,0,10,1,,,,0,,99991231
20,Z38000000000000001000055800100000,O,17,52,0,10,1,,,,0,,99991231
20,Z38000000000000001000055800200000,O,17,52,0,10,1,,,,0,,99991231
20,Z38000000000000001000055800300000,O,17,52,0,10,1,,,,0,,99991231
20,Z38000000000000001000055800400000,O,17,52,0,10,1,,,,0,,99991231
20,Z38000000000000001000055800600000,O,17,52,0,10,1,,,,0,,99991231
20,Z38000000000000001000055800700000,O,17,52,0,10,1,,,,0,,99991231
20,Z38000000000000001000055800800000,O,17,52,0,10,1,,,,0,,99991231
20,Z38000000000000001000055800900000,O,17,52,0,10,1,,,,0,,99991231
20,Z38000000000000001000055801000000,O,17,52,0,10,1,,,,0,,99991231
20,Z40000000000000001000055819600000,O,17,52,0,10,1,,,,0,,99991231
20,Z40000000000000001000055819700000,O,17,52,0,10,1,,,,0,,99991231
20,Z40000000000000001000055821800000,O,17,52,0,10,1,,,,0,,99991231
20,Z40000000000000001000055821900000,O,17,52,0,10,1,,,,0,,99991231
20,Z40000000000000001000055822000000,O,17,52,0,10,1,,,,0,,99991231
20,Z40000000000000001000055822100000,O,17,52,0,10,1,,,,0,,99991231
20,Z40000000000000001000055822200000,O,17,52,0,10,1,,,,0,,99991231
20,Z40000000000000001000055822300000,O,17,52,0,10,1,,,,0,,99991231
20,Z40000000000000001000055825800000,O,17,52,0,10,1,,,,0,,99991231
20,Z40000000000000001000055825900000,O,17,52,0,10,1,,,,0,,99991231
20,Z40000000000000001000055826000000,O,17,52,0,10,1,,,,0,,99991231
20,Z40000000000000001000055826100000,O,17,52,0,10,1,,,,0,,99991231
20,Z40000000000000001000055826200000,O,17,52,0,10,1,,,,0,,99991231
20,Z40000000000000001000055828000000,O,17,52,0,10,1,,,,0,,99991231
20,Z40000000000000001000055828100000,O,17,52,0,10,1,,,,0,,99991231
20,Z40000000000000001000055828200000,O,17,52,0,10,1,,,,0,,99991231
20,Z40000000000000001000055828300000,O,17,52,0,10,1,,,,0,,99991231
20,Z40000000000000001000055828400000,O,17,52,0,10,1,,,,0,,99991231
20,Z40000000000000001000055828500000,O,17,52,0,10,1,,,,0,,99991231
20,Z40000000000000001000055828600000,O,17,52,0,10,1,,,,0,,99991231
20,Z40000000000000001000055835500000,O,17,52,0,10,1,,,,0,,99991231
20,Z40000000000000001000055835600000,O,17,52,0,10,1,,,,0,,99991231
20,Z40000000000000001000055835700000,O,17,52,0,10,1,,,,0,,99991231
20,Z40000000000000001000055835800000,O,17,52,0,10,1,,,,0,,99991231
20,Z40000000000000001000055835900000,O,17,52,0,10,1,,,,0,,99991231
20,Z40000000000000001000055836000000,O,17,52,0,10,1,,,,0,,99991231
20,Z40000000000000001000055837900000,O,17,52,0,10,1,,,,0,,99991231
20,Z40000000000000001000055838000000,O,17,52,0,10,1,,,,0,,99991231
20,Z40000000000000001000055838100000,O,17,52,0,10,1,,,,0,,99991231
20,Z40000000000000001000055838200000,O,17,52,0,10,1,,,,0,,99991231
20,Z40000000000000001000055838300000,O,17,52,0,10,1,,,,0,,99991231
20,Z40000000000000001000055838400000,O,17,52,0,10,1,,,,0,,99991231
20,Z33000000000000001000055848400000,O,17,52,0,10,1,,,,0,,99991231
20,Z33000000000000001000055848500000,O,17,52,0,10,1,,,,0,,99991231
20,Z33000000000000001000055848600000,O,17,52,0,10,1,,,,0,,99991231
20,Z33000000000000001000055848700000,O,17,52,0,10,1,,,,0,,99991231
20,Z33000000000000001000055848800000,O,17,52,0,10,1,,,,0,,99991231
20,Z33000000000000001000055848900000,O,17,52,0,10,1,,,,0,,99991231
20,Z40000000000000001000055857400000,O,17,52,0,10,1,,,,0,,99991231
20,Z40000000000000001000055857500000,O,17,52,0,10,1,,,,0,,99991231
20,Z40000000000000001000055857600000,O,17,52,0,10,1,,,,0,,99991231
20,Z40000000000000001000055857700000,O,17,52,0,10,1,,,,0,,99991231
20,Z40000000000000001000055857900000,O,17,52,0,10,1,,,,0,,99991231
20,Z40000000000000001000055858000000,O,17,52,0,10,1,,,,0,,99991231
20,Z40000000000000001000055858100000,O,17,52,0,10,1,,,,0,,99991231
20,Z29000000000000001000029808101000,O,17,52,0,10,1,,,,0,,99991231
20,Z29000000000000001000029808401000,O,17,52,0,10,1,,,,0,,99991231
20,Z29000000000000001000029808601000,O,17,52,0,10,1,,,,0,,99991231
20,Z29000000000000001000030066701000,O,17,52,0,10,1,,,,0,,99991231
20,Z40000000000000001000055876000000,O,17,52,0,10,1,,,,0,,99991231
20,Z40000000000000001000055876100000,O,17,52,0,10,1,,,,0,,99991231
20,Z40000000000000001000055876200000,O,17,52,0,10,1,,,,0,,99991231
20,Z40000000000000001000055876300000,O,17,52,0,10,1,,,,0,,99991231
20,Z40000000000000001000055876400000,O,17,52,0,10,1,,,,0,,99991231
20,Z40000000000000001000055876500000,O,17,52,0,10,1,,,,0,,99991231
20,Z40000000000000001000055876600000,O,17,52,0,10,1,,,,0,,99991231
20,Z40000000000000001000055876900000,O,17,52,0,10,1,,,,0,,99991231
20,Z40000000000000001000055877000000,O,17,52,0,10,1,,,,0,,99991231
20,Z40000000000000001000055877100000,O,17,52,0,10,1,,,,0,,99991231
20,Z40000000000000001000055878500000,O,17,52,0,10,1,,,,0,,99991231
20,Z40000000000000001000055878600000,O,17,52,0,10,1,,,,0,,99991231
20,Z40000000000000001000055878700000,O,17,52,0,10,1,,,,0,,99991231
20,Z40000000000000001000055878800000,O,17,52,0,10,1,,,,0,,99991231
20,Z40000000000000001000055879900000,O,17,52,0,10,1,,,,0,,99991231
20,Z40000000000000001000055880000000,O,17,52,0,10,1,,,,0,,99991231
20,Z40000000000000001000055880100000,O,17,52,0,10,1,,,,0,,99991231
20,Z40000000000000001000055880200000,O,17,52,0,10,1,,,,0,,99991231
20,Z40000000000000001000055880300000,O,17,52,0,10,1,,,,0,,99991231
20,Z40000000000000001000055880400000,O,17,52,0,10,1,,,,0,,99991231
20,Z40000000000000001000055880500000,O,17,52,0,10,1,,,,0,,99991231
20,Z40000000000000001000055880600000,O,17,52,0,10,1,,,,0,,99991231
20,Z40000000000000001000055883200000,O,17,52,0,10,1,,,,0,,99991231
20,Z40000000000000001000055883300000,O,17,52,0,10,1,,,,0,,99991231
20,Z40000000000000001000055883400000,O,17,52,0,10,1,,,,0,,99991231
20,Z33000000000000001000055883800000,O,17,52,0,10,1,,,,0,,99991231
20,Z33000000000000001000055883900000,O,17,52,0,10,1,,,,0,,99991231
20,Z33000000000000001000055884000000,O,17,52,0,10,1,,,,0,,99991231
20,Z33000000000000001000055884100000,O,17,52,0,10,1,,,,0,,99991231
20,Z33000000000000001000055884200000,O,17,52,0,10,1,,,,0,,99991231
20,Z33000000000000001000055884300000,O,17,52,0,10,1,,,,0,,99991231
20,Z33000000000000001000055884400000,O,17,52,0,10,1,,,,0,,99991231
20,Z33000000000000001000055885800000,O,17,52,0,10,1,,,,0,,99991231
20,Z33000000000000001000055885900000,O,17,52,0,10,1,,,,0,,99991231
20,Z33000000000000001000055886000000,O,17,52,0,10,1,,,,0,,99991231
20,Z33000000000000001000055886100000,O,17,52,0,10,1,,,,0,,99991231
20,Z33000000000000001000055886200000,O,17,52,0,10,1,,,,0,,99991231
20,Z33000000000000001000055886300000,O,17,52,0,10,1,,,,0,,99991231
20,Z33000000000000001000055886400000,O,17,52,0,10,1,,,,0,,99991231
20,Z33000000000000001000055886500000,O,17,52,0,10,1,,,,0,,99991231
20,Z33000000000000001000055886600000,O,17,52,0,10,1,,,,0,,99991231
20,Z33000000000000001000055886700000,O,17,52,0,10,1,,,,0,,99991231
20,Z33000000000000001000055886800000,O,17,52,0,10,1,,,,0,,99991231
20,Z33000000000000001000055886900000,O,17,52,0,10,1,,,,0,,99991231
20,Z33000000000000001000055887000000,O,17,52,0,10,1,,,,0,,99991231
20,Z33000000000000001000055887100000,O,17,52,0,10,1,,,,0,,99991231
20,Z33000000000000001000055887200000,O,17,52,0,10,1,,,,0,,99991231
20,Z33000000000000001000055887300000,O,17,52,0,10,1,,,,0,,99991231
20,Z33000000000000001000055887400000,O,17,52,0,10,1,,,,0,,99991231
20,Z33000000000000001000055887500000,O,17,52,0,10,1,,,,0,,99991231
20,Z33000000000000001000055887600000,O,17,52,0,10,1,,,,0,,99991231
20,Z33000000000000001000055887700000,O,17,52,0,10,1,,,,0,,99991231
20,Z33000000000000001000055887800000,O,17,52,0,10,1,,,,0,,99991231
20,Z33000000000000001000055887900000,O,17,52,0,10,1,,,,0,,99991231
20,Z40000000000000001000055895500000,O,17,52,0,10,1,,,,0,,99991231
20,Z40000000000000001000055895600000,O,17,52,0,10,1,,,,0,,99991231
20,Z40000000000000001000055895700000,O,17,52,0,10,1,,,,0,,99991231
20,Z40000000000000001000055895800000,O,17,52,0,10,1,,,,0,,99991231
20,Z40000000000000001000055895900000,O,17,52,0,10,1,,,,0,,99991231
20,Z40000000000000001000055896000000,O,17,52,0,10,1,,,,0,,99991231
20,Z40000000000000001000055906800000,O,17,52,0,10,1,,,,0,,99991231
20,Z40000000000000001000055906900000,O,17,52,0,10,1,,,,0,,99991231
20,Z40000000000000001000055907000000,O,17,52,0,10,1,,,,0,,99991231
20,Z40000000000000001000055907100000,O,17,52,0,10,1,,,,0,,99991231
20,Z40000000000000001000055907200000,O,17,52,0,10,1,,,,0,,99991231
20,Z40000000000000001000055907300000,O,17,52,0,10,1,,,,0,,99991231
20,Z40000000000000001000055907400000,O,17,52,0,10,1,,,,0,,99991231
20,Z40000000000000001000055907500000,O,17,52,0,10,1,,,,0,,99991231
20,Z40000000000000001000055909500000,O,17,52,0,10,1,,,,0,,99991231
20,Z40000000000000001000055909600000,O,17,52,0,10,1,,,,0,,99991231
20,Z40000000000000001000055909700000,O,17,52,0,10,1,,,,0,,99991231
20,Z40000000000000001000055916400000,O,17,52,0,10,1,,,,0,,99991231
20,Z40000000000000001000055916500000,O,17,52,0,10,1,,,,0,,99991231
20,Z40000000000000001000055916600000,O,17,52,0,10,1,,,,0,,99991231
20,Z40000000000000001000055916700000,O,17,52,0,10,1,,,,0,,99991231
20,Z40000000000000001000055916800000,O,17,52,0,10,1,,,,0,,99991231
20,Z40000000000000001000055916900000,O,17,52,0,10,1,,,,0,,99991231
20,Z40000000000000001000055917000000,O,17,52,0,10,1,,,,0,,99991231
20,Z40000000000000001000055931100000,O,17,52,0,10,1,,,,0,,99991231
20,Z40000000000000001000055931200000,O,17,52,0,10,1,,,,0,,99991231
20,Z40000000000000001000055931300000,O,17,52,0,10,1,,,,0,,99991231
20,Z40000000000000001000055933500000,O,17,52,0,10,1,,,,0,,99991231
20,Z40000000000000001000055933600000,O,17,52,0,10,1,,,,0,,99991231
20,Z40000000000000001000056071400000,O,17,52,0,10,1,,,,0,,99991231
20,Z40000000000000001000056071500000,O,17,52,0,10,1,,,,0,,99991231
20,Z40000000000000001000056071600000,O,17,52,0,10,1,,,,0,,99991231
20,Z40000000000000001000056071700000,O,17,52,0,10,1,,,,0,,99991231
20,Z40000000000000001000056071800000,O,17,52,0,10,1,,,,0,,99991231
20,Z40000000000000001000056074900000,O,17,52,0,10,1,,,,0,,99991231
20,Z40000000000000001000056075000000,O,17,52,0,10,1,,,,0,,99991231
20,Z40000000000000001000056075100000,O,17,52,0,10,1,,,,0,,99991231
20,Z40000000000000001000056075200000,O,17,52,0,10,1,,,,0,,99991231
20,Z40000000000000001000056075300000,O,17,52,0,10,1,,,,0,,99991231
20,Z40000000000000001000056075400000,O,17,52,0,10,1,,,,0,,99991231
20,Z40000000000000001000056075500000,O,17,52,0,10,1,,,,0,,99991231
20,Z40000000000000001000056078100000,O,17,52,0,10,1,,,,0,,99991231
20,Z40000000000000001000056078200000,O,17,52,0,10,1,,,,0,,99991231
20,Z29000000000000001000001436907000,O,17,52,0,10,1,,,,0,,99991231
20,Z40000000000000001000056092200000,O,17,52,0,10,1,,,,0,,99991231
20,Z40000000000000001000056092300000,O,17,52,0,10,1,,,,0,,99991231
20,Z40000000000000001000056092400000,O,17,52,0,10,1,,,,0,,99991231
20,Z40000000000000001000056092500000,O,17,52,0,10,1,,,,0,,99991231
20,Z40000000000000001000056092600000,O,17,52,0,10,1,,,,0,,99991231
20,Z29000000000000001000002841906000,O,17,52,0,10,1,,,,0,,99991231
20,Z29000000000000001000002841907000,O,17,52,0,10,1,,,,0,,99991231
20,Z29000000000000001000002115504000,O,17,52,0,10,1,,,,0,,99991231
20,Z29000000000000001000002115505000,O,17,52,0,10,1,,,,0,,99991231
20,Z29000000000000001000004230401000,O,17,52,0,10,1,,,,0,,99991231
20,Z29000000000000001000004230501000,O,17,52,0,10,1,,,,0,,99991231
20,Z29000000000000001000004223801000,O,17,52,0,10,1,,,,0,,99991231
20,Z29000000000000001000004230601000,O,17,52,0,10,1,,,,0,,99991231
20,Z29000000000000001000004230701000,O,17,52,0,10,1,,,,0,,99991231
20,Z29000000000000001000004230801000,O,17,52,0,10,1,,,,0,,99991231
20,Z29000000000000001000004223901000,O,17,52,0,10,1,,,,0,,99991231
20,Z29000000000000001000004224001000,O,17,52,0,10,1,,,,0,,99991231
20,Z29000000000000001000004224101000,O,17,52,0,10,1,,,,0,,99991231
20,Z29000000000000001000004230901000,O,17,52,0,10,1,,,,0,,99991231
20,Z40000000000000001000056123400000,O,17,52,0,10,1,,,,0,,99991231
20,Z40000000000000001000056123500000,O,17,52,0,10,1,,,,0,,99991231
20,Z40000000000000001000056123600000,O,17,52,0,10,1,,,,0,,99991231
20,Z40000000000000001000056123700000,O,17,52,0,10,1,,,,0,,99991231
20,Z40000000000000001000056123800000,O,17,52,0,10,1,,,,0,,99991231
20,Z40000000000000001000056123900000,O,17,52,0,10,1,,,,0,,99991231
20,Z40000000000000001000056124000000,O,17,52,0,10,1,,,,0,,99991231
20,Z40000000000000001000056124100000,O,17,52,0,10,1,,,,0,,99991231
20,Z40000000000000001000056124200000,O,17,52,0,10,1,,,,0,,99991231
20,Z35000000000000001000039939601000,O,17,52,0,10,1,,,,0,,99991231
20,Z33000000000000001000056125100000,O,17,52,0,10,1,,,,0,,99991231
20,Z33000000000000001000056125200000,O,17,52,0,10,1,,,,0,,99991231
20,Z33000000000000001000056125300000,O,17,52,0,10,1,,,,0,,99991231
20,Z33000000000000001000056125600000,O,17,52,0,10,1,,,,0,,99991231
20,Z33000000000000001000056125700000,O,17,52,0,10,1,,,,0,,99991231
20,Z33000000000000001000056125900000,O,17,52,0,10,1,,,,0,,99991231
20,Z33000000000000001000056126000000,O,17,52,0,10,1,,,,0,,99991231
20,Z33000000000000001000056126300000,O,17,52,0,10,1,,,,0,,99991231
20,Z33000000000000001000056126400000,O,17,52,0,10,1,,,,0,,99991231
20,Z33000000000000001000056127000000,O,17,52,0,10,1,,,,0,,99991231
20,Z33000000000000001000056127100000,O,17,52,0,10,1,,,,0,,99991231
20,Z33000000000000001000056127200000,O,17,52,0,10,1,,,,0,,99991231
20,Z33000000000000001000056127300000,O,17,52,0,10,1,,,,0,,99991231
20,Z33000000000000001000056127400000,O,17,52,0,10,1,,,,0,,99991231
20,Z33000000000000001000056127500000,O,17,52,0,10,1,,,,0,,99991231
20,Z33000000000000001000056127600000,O,17,52,0,10,1,,,,0,,99991231
20,Z33000000000000001000056127700000,O,17,52,0,10,1,,,,0,,99991231
20,Z33000000000000001000056127800000,O,17,52,0,10,1,,,,0,,99991231
20,Z40000000000000001000056135600000,O,17,52,0,10,1,,,,0,,99991231
20,Z40000000000000001000056135700000,O,17,52,0,10,1,,,,0,,99991231
20,Z40000000000000001000056135800000,O,17,52,0,10,1,,,,0,,99991231
20,Z40000000000000001000056138400000,O,17,52,0,10,1,,,,0,,99991231
20,Z40000000000000001000056138500000,O,17,52,0,10,1,,,,0,,99991231
20,Z40000000000000001000056139000000,O,17,52,0,10,1,,,,0,,99991231
20,Z40000000000000001000056139100000,O,17,52,0,10,1,,,,0,,99991231
20,Z40000000000000001000056139200000,O,17,52,0,10,1,,,,0,,99991231
20,Z40000000000000001000056139300000,O,17,52,0,10,1,,,,0,,99991231
20,Z40000000000000001000056139400000,O,17,52,0,10,1,,,,0,,99991231
20,Z40000000000000001000056139500000,O,17,52,0,10,1,,,,0,,99991231
20,Z40000000000000001000056139600000,O,17,52,0,10,1,,,,0,,99991231
20,Z40000000000000001000056140600000,O,17,52,0,10,1,,,,0,,99991231
20,Z40000000000000001000056140700000,O,17,52,0,10,1,,,,0,,99991231
20,Z40000000000000001000056147100000,O,17,52,0,10,1,,,,0,,99991231
20,Z40000000000000001000056147200000,O,17,52,0,10,1,,,,0,,99991231
20,Z40000000000000001000056147300000,O,17,52,0,10,1,,,,0,,99991231
20,Z40000000000000001000056147400000,O,17,52,0,10,1,,,,0,,99991231
20,Z40000000000000001000056147500000,O,17,52,0,10,1,,,,0,,99991231
20,Z29000000000000001000008695404000,O,17,52,0,10,1,,,,0,,99991231
20,Z29000000000000001000008695405000,O,17,52,0,10,1,,,,0,,99991231
20,Z29000000000000001000008695504000,O,17,52,0,10,1,,,,0,,99991231
20,Z29000000000000001000008695505000,O,17,52,0,10,1,,,,0,,99991231
20,Z29000000000000001000001645606000,O,17,52,0,10,1,,,,0,,99991231
20,Z29000000000000001000001645607000,O,17,52,0,10,1,,,,0,,99991231
20,Z40000000000000001000056148800000,O,17,52,0,10,1,,,,0,,99991231
20,Z40000000000000001000056148900000,O,17,52,0,10,1,,,,0,,99991231
20,Z40000000000000001000056149000000,O,17,52,0,10,1,,,,0,,99991231
20,Z40000000000000001000056149100000,O,17,52,0,10,1,,,,0,,99991231
20,Z40000000000000001000056149200000,O,17,52,0,10,1,,,,0,,99991231
20,Z29000000000000001000024916102000,O,17,52,0,10,1,,,,0,,99991231
20,Z29000000000000001000026500504000,O,17,52,0,10,1,,,,0,,99991231
20,Z40000000000000001000056150300000,O,17,52,0,10,1,,,,0,,99991231
20,Z40000000000000001000056150400000,O,17,52,0,10,1,,,,0,,99991231
20,Z40000000000000001000056150500000,O,17,52,0,10,1,,,,0,,99991231
20,Z40000000000000001000056150600000,O,17,52,0,10,1,,,,0,,99991231
20,Z40000000000000001000056150700000,O,17,52,0,10,1,,,,0,,99991231
20,Z40000000000000001000056150800000,O,17,52,0,10,1,,,,0,,99991231
20,Z40000000000000001000056150900000,O,17,52,0,10,1,,,,0,,99991231
20,Z40000000000000001000056151000000,O,17,52,0,10,1,,,,0,,99991231
20,Z40000000000000001000056151100000,O,17,52,0,10,1,,,,0,,99991231
20,Z29000000000000001000026500505000,O,17,52,0,10,1,,,,0,,99991231
20,Z29000000000000001000026501404000,O,17,52,0,10,1,,,,0,,99991231
20,Z29000000000000001000026501405000,O,17,52,0,10,1,,,,0,,99991231
20,Z40000000000000001000056152700000,O,17,52,0,10,1,,,,0,,99991231
20,Z40000000000000001000056152800000,O,17,52,0,10,1,,,,0,,99991231
20,Z40000000000000001000056153000000,O,17,52,0,10,1,,,,0,,99991231
20,Z40000000000000001000056153100000,O,17,52,0,10,1,,,,0,,99991231
20,Z40000000000000001000056157100000,O,17,52,0,10,1,,,,0,,99991231
20,Z40000000000000001000056157200000,O,17,52,0,10,1,,,,0,,99991231
20,Z40000000000000001000056162300000,O,17,52,0,10,1,,,,0,,99991231
20,Z40000000000000001000056162400000,O,17,52,0,10,1,,,,0,,99991231
20,Z40000000000000001000056162500000,O,17,52,0,10,1,,,,0,,99991231
20,Z40000000000000001000056162600000,O,17,52,0,10,1,,,,0,,99991231
20,Z29000000000000001000003943401000,O,17,52,0,10,1,,,,0,,99991231
20,Z29000000000000001000003943601000,O,17,52,0,10,1,,,,0,,99991231
20,Z29000000000000001000003943801000,O,17,52,0,10,1,,,,0,,99991231
20,Z29000000000000001000003944001000,O,17,52,0,10,1,,,,0,,99991231
20,Z29000000000000001000003944301000,O,17,52,0,10,1,,,,0,,99991231
20,Z29000000000000001000003944402000,O,17,52,0,10,1,,,,0,,99991231
20,Z29000000000000001000003944502000,O,17,52,0,10,1,,,,0,,99991231
20,Z29000000000000001000003944801000,O,17,52,0,10,1,,,,0,,99991231
20,Z29000000000000001000045530401000,O,17,52,0,10,1,,,,0,,99991231
20,Z29000000000000001000014157301000,O,17,52,0,10,1,,,,0,,99991231
20,Z29000000000000001000014157401000,O,17,52,0,10,1,,,,0,,99991231
20,Z29000000000000001000014157602000,O,17,52,0,10,1,,,,0,,99991231
20,Z29000000000000001000014157701000,O,17,52,0,10,1,,,,0,,99991231
20,Z29000000000000001000014157801000,O,17,52,0,10,1,,,,0,,99991231
20,Z29000000000000001000014157901000,O,17,52,0,10,1,,,,0,,99991231
20,Z29000000000000001000013974301000,O,17,52,0,10,1,,,,0,,99991231
20,Z33000000000000001000056335900000,O,17,52,0,10,1,,,,0,,99991231
20,Z33000000000000001000056337700000,O,17,52,0,10,1,,,,0,,99991231
20,Z33000000000000001000056337800000,O,17,52,0,10,1,,,,0,,99991231
20,Z33000000000000001000056337900000,O,17,52,0,10,1,,,,0,,99991231
20,Z33000000000000001000056338000000,O,17,52,0,10,1,,,,0,,99991231
20,Z33000000000000001000056338100000,O,17,52,0,10,1,,,,0,,99991231
20,Z33000000000000001000056338900000,O,17,52,0,10,1,,,,0,,99991231
20,Z33000000000000001000056339000000,O,17,52,0,10,1,,,,0,,99991231
20,Z33000000000000001000056339100000,O,17,52,0,10,1,,,,0,,99991231
20,Z33000000000000001000056339200000,O,17,52,0,10,1,,,,0,,99991231
20,Z33000000000000001000056339300000,O,17,52,0,10,1,,,,0,,99991231
20,Z33000000000000001000056339400000,O,17,52,0,10,1,,,,0,,99991231
20,Z33000000000000001000056339500000,O,17,52,0,10,1,,,,0,,99991231
20,Z33000000000000001000056340300000,O,17,52,0,10,1,,,,0,,99991231
20,Z33000000000000001000056340400000,O,17,52,0,10,1,,,,0,,99991231
20,Z33000000000000001000056340500000,O,17,52,0,10,1,,,,0,,99991231
20,Z33000000000000001000056340600000,O,17,52,0,10,1,,,,0,,99991231
20,Z33000000000000001000056340700000,O,17,52,0,10,1,,,,0,,99991231
20,Z33000000000000001000056340900000,O,17,52,0,10,1,,,,0,,99991231
20,Z33000000000000001000056341000000,O,17,52,0,10,1,,,,0,,99991231
20,Z33000000000000001000056341100000,O,17,52,0,10,1,,,,0,,99991231
20,Z33000000000000001000056341200000,O,17,52,0,10,1,,,,0,,99991231
20,Z33000000000000001000056341300000,O,17,52,0,10,1,,,,0,,99991231
20,Z33000000000000001000056341600000,O,17,52,0,10,1,,,,0,,99991231
20,Z33000000000000001000056341700000,O,17,52,0,10,1,,,,0,,99991231
20,Z33000000000000001000056341800000,O,17,52,0,10,1,,,,0,,99991231
20,Z33000000000000001000056341900000,O,17,52,0,10,1,,,,0,,99991231
20,Z33000000000000001000056342000000,O,17,52,0,10,1,,,,0,,99991231
20,Z33000000000000001000056342200000,O,17,52,0,10,1,,,,0,,99991231
20,Z33000000000000001000056342300000,O,17,52,0,10,1,,,,0,,99991231
20,Z33000000000000001000056342400000,O,17,52,0,10,1,,,,0,,99991231
20,Z33000000000000001000056342500000,O,17,52,0,10,1,,,,0,,99991231
20,Z33000000000000001000056342600000,O,17,52,0,10,1,,,,0,,99991231
20,Z33000000000000001000056342800000,O,17,52,0,10,1,,,,0,,99991231
20,Z33000000000000001000056342900000,O,17,52,0,10,1,,,,0,,99991231
20,Z33000000000000001000056343000000,O,17,52,0,10,1,,,,0,,99991231
20,Z33000000000000001000056343100000,O,17,52,0,10,1,,,,0,,99991231
20,Z33000000000000001000056343200000,O,17,52,0,10,1,,,,0,,99991231
20,Z33000000000000001000056344400000,O,17,52,0,10,1,,,,0,,99991231
20,Z33000000000000001000056344500000,O,17,52,0,10,1,,,,0,,99991231
20,Z33000000000000001000056344600000,O,17,52,0,10,1,,,,0,,99991231
20,Z33000000000000001000056344700000,O,17,52,0,10,1,,,,0,,99991231
20,Z33000000000000001000056344800000,O,17,52,0,10,1,,,,0,,99991231
20,Z33000000000000001000056345400000,O,17,52,0,10,1,,,,0,,99991231
20,Z33000000000000001000056345500000,O,17,52,0,10,1,,,,0,,99991231
20,Z40000000000000001000056347200000,O,17,52,0,10,1,,,,0,,99991231
20,Z40000000000000001000056347300000,O,17,52,0,10,1,,,,0,,99991231
20,Z40000000000000001000056347400000,O,17,52,0,10,1,,,,0,,99991231
20,Z40000000000000001000056347500000,O,17,52,0,10,1,,,,0,,99991231
20,Z40000000000000001000056347600000,O,17,52,0,10,1,,,,0,,99991231
20,Z40000000000000001000056347700000,O,17,52,0,10,1,,,,0,,99991231
20,Z40000000000000001000056347800000,O,17,52,0,10,1,,,,0,,99991231
20,Z33000000000000001000056348000000,O,17,52,0,10,1,,,,0,,99991231
20,Z33000000000000001000056348100000,O,17,52,0,10,1,,,,0,,99991231
20,Z33000000000000001000056348200000,O,17,52,0,10,1,,,,0,,99991231
20,Z33000000000000001000056348300000,O,17,52,0,10,1,,,,0,,99991231
20,Z33000000000000001000056348400000,O,17,52,0,10,1,,,,0,,99991231
20,Z33000000000000001000056348500000,O,17,52,0,10,1,,,,0,,99991231
20,Z33000000000000001000056348600000,O,17,52,0,10,1,,,,0,,99991231
20,Z40000000000000001000056350200000,O,17,52,0,10,1,,,,0,,99991231
20,Z40000000000000001000056350300000,O,17,52,0,10,1,,,,0,,99991231
20,Z40000000000000001000056350400000,O,17,52,0,10,1,,,,0,,99991231
20,Z40000000000000001000056350500000,O,17,52,0,10,1,,,,0,,99991231
20,Z33000000000000001000056351700000,O,17,52,0,10,1,,,,0,,99991231
20,Z33000000000000001000056351800000,O,17,52,0,10,1,,,,0,,99991231
20,Z33000000000000001000056351900000,O,17,52,0,10,1,,,,0,,99991231
20,Z33000000000000001000056352000000,O,17,52,0,10,1,,,,0,,99991231
20,Z33000000000000001000056352100000,O,17,52,0,10,1,,,,0,,99991231
20,Z33000000000000001000056352600000,O,17,52,0,10,1,,,,0,,99991231
20,Z33000000000000001000056352700000,O,17,52,0,10,1,,,,0,,99991231
20,Z33000000000000001000056352800000,O,17,52,0,10,1,,,,0,,99991231
20,Z40000000000000001000056353300000,O,17,52,0,10,1,,,,0,,99991231
20,Z40000000000000001000056353400000,O,17,52,0,10,1,,,,0,,99991231
20,Z40000000000000001000056353500000,O,17,52,0,10,1,,,,0,,99991231
20,Z40000000000000001000056353600000,O,17,52,0,10,1,,,,0,,99991231
20,Z40000000000000001000056353700000,O,17,52,0,10,1,,,,0,,99991231
20,Z33000000000000001000056353900000,O,17,52,0,10,1,,,,0,,99991231
20,Z33000000000000001000056354000000,O,17,52,0,10,1,,,,0,,99991231
20,Z33000000000000001000056354100000,O,17,52,0,10,1,,,,0,,99991231
20,Z40000000000000001000056354900000,O,17,52,0,10,1,,,,0,,99991231
20,Z40000000000000001000056355000000,O,17,52,0,10,1,,,,0,,99991231
20,Z40000000000000001000056355100000,O,17,52,0,10,1,,,,0,,99991231
20,Z40000000000000001000056355200000,O,17,52,0,10,1,,,,0,,99991231
20,Z33000000000000001000056355600000,O,17,52,0,10,1,,,,0,,99991231
20,Z33000000000000001000056355700000,O,17,52,0,10,1,,,,0,,99991231
20,Z40000000000000001000056356000000,O,17,52,0,10,1,,,,0,,99991231
20,Z40000000000000001000056356100000,O,17,52,0,10,1,,,,0,,99991231
20,Z40000000000000001000056356200000,O,17,52,0,10,1,,,,0,,99991231
20,Z40000000000000001000056356300000,O,17,52,0,10,1,,,,0,,99991231
20,Z40000000000000001000056356400000,O,17,52,0,10,1,,,,0,,99991231
20,Z40000000000000001000056356500000,O,17,52,0,10,1,,,,0,,99991231
20,Z40000000000000001000056356600000,O,17,52,0,10,1,,,,0,,99991231
20,Z33000000000000001000056357700000,O,17,52,0,10,1,,,,0,,99991231
20,Z33000000000000001000056357800000,O,17,52,0,10,1,,,,0,,99991231
20,Z33000000000000001000056357900000,O,17,52,0,10,1,,,,0,,99991231
20,Z33000000000000001000056358400000,O,17,52,0,10,1,,,,0,,99991231
20,Z33000000000000001000056358500000,O,17,52,0,10,1,,,,0,,99991231
20,Z33000000000000001000056358600000,O,17,52,0,10,1,,,,0,,99991231
20,Z33000000000000001000056358900000,O,17,52,0,10,1,,,,0,,99991231
20,Z33000000000000001000056359000000,O,17,52,0,10,1,,,,0,,99991231
20,Z33000000000000001000056359100000,O,17,52,0,10,1,,,,0,,99991231
20,Z33000000000000001000056359200000,O,17,52,0,10,1,,,,0,,99991231
20,Z33000000000000001000056359300000,O,17,52,0,10,1,,,,0,,99991231
20,Z40000000000000001000056359400000,O,17,52,0,10,1,,,,0,,99991231
20,Z40000000000000001000056359500000,O,17,52,0,10,1,,,,0,,99991231
20,Z40000000000000001000056359600000,O,17,52,0,10,1,,,,0,,99991231
20,Z40000000000000001000056359700000,O,17,52,0,10,1,,,,0,,99991231
20,Z40000000000000001000056359800000,O,17,52,0,10,1,,,,0,,99991231
20,Z40000000000000001000056359900000,O,17,52,0,10,1,,,,0,,99991231
20,Z40000000000000001000056360000000,O,17,52,0,10,1,,,,0,,99991231
20,Z33000000000000001000056360700000,O,17,52,0,10,1,,,,0,,99991231
20,Z33000000000000001000056360800000,O,17,52,0,10,1,,,,0,,99991231
20,Z33000000000000001000056360900000,O,17,52,0,10,1,,,,0,,99991231
20,Z33000000000000001000056361000000,O,17,52,0,10,1,,,,0,,99991231
20,Z33000000000000001000056361100000,O,17,52,0,10,1,,,,0,,99991231
20,Z33000000000000001000056361300000,O,17,52,0,10,1,,,,0,,99991231
20,Z33000000000000001000056361400000,O,17,52,0,10,1,,,,0,,99991231
20,Z33000000000000001000056361500000,O,17,52,0,10,1,,,,0,,99991231
20,Z33000000000000001000056362000000,O,17,52,0,10,1,,,,0,,99991231
20,Z33000000000000001000056362100000,O,17,52,0,10,1,,,,0,,99991231
20,Z33000000000000001000056362200000,O,17,52,0,10,1,,,,0,,99991231
20,Z33000000000000001000056362300000,O,17,52,0,10,1,,,,0,,99991231
20,Z33000000000000001000056362400000,O,17,52,0,10,1,,,,0,,99991231
20,Z33000000000000001000056365700000,O,17,52,0,10,1,,,,0,,99991231
20,Z33000000000000001000056365800000,O,17,52,0,10,1,,,,0,,99991231
20,Z33000000000000001000056365900000,O,17,52,0,10,1,,,,0,,99991231
20,Z33000000000000001000056366000000,O,17,52,0,10,1,,,,0,,99991231
20,Z33000000000000001000056366100000,O,17,52,0,10,1,,,,0,,99991231
20,Z33000000000000001000056366200000,O,17,52,0,10,1,,,,0,,99991231
20,Z33000000000000001000056366300000,O,17,52,0,10,1,,,,0,,99991231
20,Z33000000000000001000056366400000,O,17,52,0,10,1,,,,0,,99991231
20,Z33000000000000001000056366500000,O,17,52,0,10,1,,,,0,,99991231
20,Z33000000000000001000056366600000,O,17,52,0,10,1,,,,0,,99991231
20,Z33000000000000001000056366700000,O,17,52,0,10,1,,,,0,,99991231
20,Z33000000000000001000056366800000,O,17,52,0,10,1,,,,0,,99991231
20,Z33000000000000001000056366900000,O,17,52,0,10,1,,,,0,,99991231
20,Z33000000000000001000056367000000,O,17,52,0,10,1,,,,0,,99991231
20,Z33000000000000001000056367100000,O,17,52,0,10,1,,,,0,,99991231
20,Z33000000000000001000056367200000,O,17,52,0,10,1,,,,0,,99991231
20,Z33000000000000001000056367300000,O,17,52,0,10,1,,,,0,,99991231
20,Z33000000000000001000056367400000,O,17,52,0,10,1,,,,0,,99991231
20,Z33000000000000001000056367500000,O,17,52,0,10,1,,,,0,,99991231
20,Z33000000000000001000056367600000,O,17,52,0,10,1,,,,0,,99991231
20,Z33000000000000001000056368000000,O,17,52,0,10,1,,,,0,,99991231
20,Z33000000000000001000056368100000,O,17,52,0,10,1,,,,0,,99991231
20,Z33000000000000001000056368200000,O,17,52,0,10,1,,,,0,,99991231
20,Z33000000000000001000056368300000,O,17,52,0,10,1,,,,0,,99991231
20,Z33000000000000001000056368400000,O,17,52,0,10,1,,,,0,,99991231
20,Z33000000000000001000056368500000,O,17,52,0,10,1,,,,0,,99991231
20,Z33000000000000001000056368600000,O,17,52,0,10,1,,,,0,,99991231
20,Z33000000000000001000056369300000,O,17,52,0,10,1,,,,0,,99991231
20,Z33000000000000001000056369400000,O,17,52,0,10,1,,,,0,,99991231
20,Z33000000000000001000056369500000,O,17,52,0,10,1,,,,0,,99991231
20,Z33000000000000001000056369600000,O,17,52,0,10,1,,,,0,,99991231
20,Z33000000000000001000056369700000,O,17,52,0,10,1,,,,0,,99991231
20,Z40000000000000001000056378100000,O,17,52,0,10,1,,,,0,,99991231
20,Z40000000000000001000056378200000,O,17,52,0,10,1,,,,0,,99991231
20,Z40000000000000001000056378300000,O,17,52,0,10,1,,,,0,,99991231
20,Z40000000000000001000056378400000,O,17,52,0,10,1,,,,0,,99991231
20,Z40000000000000001000056378500000,O,17,52,0,10,1,,,,0,,99991231
20,Z40000000000000001000056378600000,O,17,52,0,10,1,,,,0,,99991231
20,Z40000000000000001000056378700000,O,17,52,0,10,1,,,,0,,99991231
20,Z40000000000000001000056379100000,O,17,52,0,10,1,,,,0,,99991231
20,Z40000000000000001000056379200000,O,17,52,0,10,1,,,,0,,99991231
20,Z40000000000000001000056379300000,O,17,52,0,10,1,,,,0,,99991231
20,Z40000000000000001000056379400000,O,17,52,0,10,1,,,,0,,99991231
20,Z40000000000000001000056379500000,O,17,52,0,10,1,,,,0,,99991231
20,Z33000000000000001000056379700000,O,17,52,0,10,1,,,,0,,99991231
20,Z33000000000000001000056379800000,O,17,52,0,10,1,,,,0,,99991231
20,Z33000000000000001000056379900000,O,17,52,0,10,1,,,,0,,99991231
20,Z33000000000000001000056380000000,O,17,52,0,10,1,,,,0,,99991231
20,Z33000000000000001000056380100000,O,17,52,0,10,1,,,,0,,99991231
20,Z33000000000000001000056380300000,O,17,52,0,10,1,,,,0,,99991231
20,Z33000000000000001000056380400000,O,17,52,0,10,1,,,,0,,99991231
20,Z33000000000000001000056380500000,O,17,52,0,10,1,,,,0,,99991231
20,Z33000000000000001000056380600000,O,17,52,0,10,1,,,,0,,99991231
20,Z33000000000000001000056380700000,O,17,52,0,10,1,,,,0,,99991231
20,Z33000000000000001000056381200000,O,17,52,0,10,1,,,,0,,99991231
20,Z33000000000000001000056381300000,O,17,52,0,10,1,,,,0,,99991231
20,Z33000000000000001000056381400000,O,17,52,0,10,1,,,,0,,99991231
20,Z33000000000000001000056381500000,O,17,52,0,10,1,,,,0,,99991231
20,Z33000000000000001000056381600000,O,17,52,0,10,1,,,,0,,99991231
20,Z33000000000000001000056381800000,O,17,52,0,10,1,,,,0,,99991231
20,Z33000000000000001000056381900000,O,17,52,0,10,1,,,,0,,99991231
20,Z40000000000000001000056382100000,O,17,52,0,10,1,,,,0,,99991231
20,Z40000000000000001000056382200000,O,17,52,0,10,1,,,,0,,99991231
20,Z40000000000000001000056382300000,O,17,52,0,10,1,,,,0,,99991231
20,Z40000000000000001000056382400000,O,17,52,0,10,1,,,,0,,99991231
20,Z40000000000000001000056382500000,O,17,52,0,10,1,,,,0,,99991231
20,Z40000000000000001000056382600000,O,17,52,0,10,1,,,,0,,99991231
20,Z33000000000000001000056382800000,O,17,52,0,10,1,,,,0,,99991231
20,Z33000000000000001000056382900000,O,17,52,0,10,1,,,,0,,99991231
20,Z33000000000000001000056383500000,O,17,52,0,10,1,,,,0,,99991231
20,Z33000000000000001000056383600000,O,17,52,0,10,1,,,,0,,99991231
20,Z40000000000000001000056383700000,O,17,52,0,10,1,,,,0,,99991231
20,Z40000000000000001000056383800000,O,17,52,0,10,1,,,,0,,99991231
20,Z40000000000000001000056383900000,O,17,52,0,10,1,,,,0,,99991231
20,Z40000000000000001000056384000000,O,17,52,0,10,1,,,,0,,99991231
20,Z40000000000000001000056384100000,O,17,52,0,10,1,,,,0,,99991231
20,Z33000000000000001000056384500000,O,17,52,0,10,1,,,,0,,99991231
20,Z33000000000000001000056384600000,O,17,52,0,10,1,,,,0,,99991231
20,Z33000000000000001000056384700000,O,17,52,0,10,1,,,,0,,99991231
20,Z33000000000000001000056384800000,O,17,52,0,10,1,,,,0,,99991231
20,Z33000000000000001000056384900000,O,17,52,0,10,1,,,,0,,99991231
20,Z33000000000000001000056385400000,O,17,52,0,10,1,,,,0,,99991231
20,Z33000000000000001000056385500000,O,17,52,0,10,1,,,,0,,99991231
20,Z33000000000000001000056385600000,O,17,52,0,10,1,,,,0,,99991231
20,Z33000000000000001000056385900000,O,17,52,0,10,1,,,,0,,99991231
20,Z33000000000000001000056386000000,O,17,52,0,10,1,,,,0,,99991231
20,Z33000000000000001000056386700000,O,17,52,0,10,1,,,,0,,99991231
20,Z33000000000000001000056386800000,O,17,52,0,10,1,,,,0,,99991231
20,Z33000000000000001000056386900000,O,17,52,0,10,1,,,,0,,99991231
20,Z33000000000000001000056387200000,O,17,52,0,10,1,,,,0,,99991231
20,Z33000000000000001000056387300000,O,17,52,0,10,1,,,,0,,99991231
20,Z33000000000000001000056387400000,O,17,52,0,10,1,,,,0,,99991231
20,Z33000000000000001000056387500000,O,17,52,0,10,1,,,,0,,99991231
20,Z33000000000000001000056387600000,O,17,52,0,10,1,,,,0,,99991231
20,Z33000000000000001000056387700000,O,17,52,0,10,1,,,,0,,99991231
20,Z33000000000000001000056387800000,O,17,52,0,10,1,,,,0,,99991231
20,Z40000000000000001000056388000000,O,17,52,0,10,1,,,,0,,99991231
20,Z40000000000000001000056388100000,O,17,52,0,10,1,,,,0,,99991231
20,Z40000000000000001000056388200000,O,17,52,0,10,1,,,,0,,99991231
20,Z40000000000000001000056388300000,O,17,52,0,10,1,,,,0,,99991231
20,Z40000000000000001000056388400000,O,17,52,0,10,1,,,,0,,99991231
20,Z40000000000000001000056388500000,O,17,52,0,10,1,,,,0,,99991231
20,Z33000000000000001000056388600000,O,17,52,0,10,1,,,,0,,99991231
20,Z33000000000000001000056388700000,O,17,52,0,10,1,,,,0,,99991231
20,Z33000000000000001000056388800000,O,17,52,0,10,1,,,,0,,99991231
20,Z33000000000000001000056389200000,O,17,52,0,10,1,,,,0,,99991231
20,Z33000000000000001000056389300000,O,17,52,0,10,1,,,,0,,99991231
20,Z33000000000000001000056389400000,O,17,52,0,10,1,,,,0,,99991231
20,Z33000000000000001000056389500000,O,17,52,0,10,1,,,,0,,99991231
20,Z33000000000000001000056389600000,O,17,52,0,10,1,,,,0,,99991231
20,Z33000000000000001000056389700000,O,17,52,0,10,1,,,,0,,99991231
20,Z33000000000000001000056389800000,O,17,52,0,10,1,,,,0,,99991231
20,Z33000000000000001000056390100000,O,17,52,0,10,1,,,,0,,99991231
20,Z33000000000000001000056390200000,O,17,52,0,10,1,,,,0,,99991231
20,Z33000000000000001000056390300000,O,17,52,0,10,1,,,,0,,99991231
20,Z33000000000000001000056390600000,O,17,52,0,10,1,,,,0,,99991231
20,Z33000000000000001000056390700000,O,17,52,0,10,1,,,,0,,99991231
20,Z40000000000000001000056390900000,O,17,52,0,10,1,,,,0,,99991231
20,Z40000000000000001000056391000000,O,17,52,0,10,1,,,,0,,99991231
20,Z40000000000000001000056391100000,O,17,52,0,10,1,,,,0,,99991231
20,Z33000000000000001000056391200000,O,17,52,0,10,1,,,,0,,99991231
20,Z33000000000000001000056391300000,O,17,52,0,10,1,,,,0,,99991231
20,Z33000000000000001000056391400000,O,17,52,0,10,1,,,,0,,99991231
20,Z33000000000000001000056391500000,O,17,52,0,10,1,,,,0,,99991231
20,Z33000000000000001000056391600000,O,17,52,0,10,1,,,,0,,99991231
20,Z33000000000000001000056391700000,O,17,52,0,10,1,,,,0,,99991231
20,Z33000000000000001000056391800000,O,17,52,0,10,1,,,,0,,99991231
20,Z33000000000000001000056391900000,O,17,52,0,10,1,,,,0,,99991231
20,Z40000000000000001000056392100000,O,17,52,0,10,1,,,,0,,99991231
20,Z40000000000000001000056392200000,O,17,52,0,10,1,,,,0,,99991231
20,Z40000000000000001000056392300000,O,17,52,0,10,1,,,,0,,99991231
20,Z40000000000000001000056392400000,O,17,52,0,10,1,,,,0,,99991231
20,Z33000000000000001000056392700000,O,17,52,0,10,1,,,,0,,99991231
20,Z33000000000000001000056392800000,O,17,52,0,10,1,,,,0,,99991231
20,Z33000000000000001000056392900000,O,17,52,0,10,1,,,,0,,99991231
20,Z33000000000000001000056393200000,O,17,52,0,10,1,,,,0,,99991231
20,Z33000000000000001000056393300000,O,17,52,0,10,1,,,,0,,99991231
20,Z33000000000000001000056393400000,O,17,52,0,10,1,,,,0,,99991231
20,Z33000000000000001000056393800000,O,17,52,0,10,1,,,,0,,99991231
20,Z33000000000000001000056393900000,O,17,52,0,10,1,,,,0,,99991231
20,Z33000000000000001000056394000000,O,17,52,0,10,1,,,,0,,99991231
20,Z33000000000000001000056471700000,O,17,52,0,10,1,,,,0,,99991231
20,Z33000000000000001000056471800000,O,17,52,0,10,1,,,,0,,99991231
20,Z33000000000000001000056471900000,O,17,52,0,10,1,,,,0,,99991231
20,Z33000000000000001000056472000000,O,17,52,0,10,1,,,,0,,99991231
20,Z33000000000000001000056472100000,O,17,52,0,10,1,,,,0,,99991231
20,Z33000000000000001000056472200000,O,17,52,0,10,1,,,,0,,99991231
20,Z33000000000000001000056472300000,O,17,52,0,10,1,,,,0,,99991231
20,Z33000000000000001000056472400000,O,17,52,0,10,1,,,,0,,99991231
20,Z33000000000000001000056472500000,O,17,52,0,10,1,,,,0,,99991231
20,Z33000000000000001000056472600000,O,17,52,0,10,1,,,,0,,99991231
20,Z33000000000000001000056472700000,O,17,52,0,10,1,,,,0,,99991231
20,Z33000000000000001000056472800000,O,17,52,0,10,1,,,,0,,99991231
20,Z33000000000000001000056472900000,O,17,52,0,10,1,,,,0,,99991231
20,Z33000000000000001000056473000000,O,17,52,0,10,1,,,,0,,99991231
20,Z33000000000000001000056473100000,O,17,52,0,10,1,,,,0,,99991231
20,Z33000000000000001000056473200000,O,17,52,0,10,1,,,,0,,99991231
20,Z33000000000000001000056473300000,O,17,52,0,10,1,,,,0,,99991231
20,Z33000000000000001000056473800000,O,17,52,0,10,1,,,,0,,99991231
20,Z33000000000000001000056473900000,O,17,52,0,10,1,,,,0,,99991231
20,Z33000000000000001000056474000000,O,17,52,0,10,1,,,,0,,99991231
20,Z33000000000000001000056474100000,O,17,52,0,10,1,,,,0,,99991231
20,Z33000000000000001000056474200000,O,17,52,0,10,1,,,,0,,99991231
20,Z33000000000000001000056474300000,O,17,52,0,10,1,,,,0,,99991231
20,Z33000000000000001000056474400000,O,17,52,0,10,1,,,,0,,99991231
20,Z33000000000000001000056474500000,O,17,52,0,10,1,,,,0,,99991231
20,Z33000000000000001000056474600000,O,17,52,0,10,1,,,,0,,99991231
20,Z33000000000000001000056474700000,O,17,52,0,10,1,,,,0,,99991231
20,Z33000000000000001000056474800000,O,17,52,0,10,1,,,,0,,99991231
20,Z33000000000000001000056474900000,O,17,52,0,10,1,,,,0,,99991231
20,Z33000000000000001000056475000000,O,17,52,0,10,1,,,,0,,99991231
20,Z33000000000000001000056475100000,O,17,52,0,10,1,,,,0,,99991231
20,Z33000000000000001000056475200000,O,17,52,0,10,1,,,,0,,99991231
20,Z33000000000000001000056475300000,O,17,52,0,10,1,,,,0,,99991231
20,Z33000000000000001000056475400000,O,17,52,0,10,1,,,,0,,99991231
20,Z33000000000000001000056476200000,O,17,52,0,10,1,,,,0,,99991231
20,Z33000000000000001000056476300000,O,17,52,0,10,1,,,,0,,99991231
20,Z33000000000000001000056476400000,O,17,52,0,10,1,,,,0,,99991231
20,Z33000000000000001000056476500000,O,17,52,0,10,1,,,,0,,99991231
20,Z33000000000000001000056478100000,O,17,52,0,10,1,,,,0,,99991231
20,Z33000000000000001000056478200000,O,17,52,0,10,1,,,,0,,99991231
20,Z33000000000000001000056478600000,O,17,52,0,10,1,,,,0,,99991231
20,Z33000000000000001000056478700000,O,17,52,0,10,1,,,,0,,99991231
20,Z33000000000000001000056478800000,O,17,52,0,10,1,,,,0,,99991231
20,Z33000000000000001000056478900000,O,17,52,0,10,1,,,,0,,99991231
20,Z33000000000000001000056479000000,O,17,52,0,10,1,,,,0,,99991231
20,Z40000000000000001000056479200000,O,17,52,0,10,1,,,,0,,99991231
20,Z40000000000000001000056479300000,O,17,52,0,10,1,,,,0,,99991231
20,Z40000000000000001000056479400000,O,17,52,0,10,1,,,,0,,99991231
20,Z33000000000000001000056479800000,O,17,52,0,10,1,,,,0,,99991231
20,Z33000000000000001000056479900000,O,17,52,0,10,1,,,,0,,99991231
20,Z33000000000000001000056480000000,O,17,52,0,10,1,,,,0,,99991231
20,Z33000000000000001000056480100000,O,17,52,0,10,1,,,,0,,99991231
20,Z33000000000000001000056480200000,O,17,52,0,10,1,,,,0,,99991231
20,Z33000000000000001000056480300000,O,17,52,0,10,1,,,,0,,99991231
20,Z40000000000000001000056481300000,O,17,52,0,10,1,,,,0,,99991231
20,Z40000000000000001000056481400000,O,17,52,0,10,1,,,,0,,99991231
20,Z40000000000000001000056481500000,O,17,52,0,10,1,,,,0,,99991231
20,Z40000000000000001000056481600000,O,17,52,0,10,1,,,,0,,99991231
20,Z40000000000000001000056481700000,O,17,52,0,10,1,,,,0,,99991231
20,Z40000000000000001000056481800000,O,17,52,0,10,1,,,,0,,99991231
20,Z33000000000000001000056482300000,O,17,52,0,10,1,,,,0,,99991231
20,Z33000000000000001000056482400000,O,17,52,0,10,1,,,,0,,99991231
20,Z33000000000000001000056482500000,O,17,52,0,10,1,,,,0,,99991231
20,Z33000000000000001000056482600000,O,17,52,0,10,1,,,,0,,99991231
20,Z33000000000000001000056482700000,O,17,52,0,10,1,,,,0,,99991231
20,Z33000000000000001000056482800000,O,17,52,0,10,1,,,,0,,99991231
20,Z33000000000000001000056482900000,O,17,52,0,10,1,,,,0,,99991231
20,Z33000000000000001000056483000000,O,17,52,0,10,1,,,,0,,99991231
20,Z33000000000000001000056483100000,O,17,52,0,10,1,,,,0,,99991231
20,Z33000000000000001000056483200000,O,17,52,0,10,1,,,,0,,99991231
20,Z33000000000000001000056483300000,O,17,52,0,10,1,,,,0,,99991231
20,Z33000000000000001000056483400000,O,17,52,0,10,1,,,,0,,99991231
20,Z33000000000000001000056483500000,O,17,52,0,10,1,,,,0,,99991231
20,Z33000000000000001000056483600000,O,17,52,0,10,1,,,,0,,99991231
20,Z33000000000000001000056483700000,O,17,52,0,10,1,,,,0,,99991231
20,Z33000000000000001000056483800000,O,17,52,0,10,1,,,,0,,99991231
20,Z33000000000000001000056483900000,O,17,52,0,10,1,,,,0,,99991231
20,Z33000000000000001000056484000000,O,17,52,0,10,1,,,,0,,99991231
20,Z33000000000000001000056484100000,O,17,52,0,10,1,,,,0,,99991231
20,Z33000000000000001000056484200000,O,17,52,0,10,1,,,,0,,99991231
20,Z33000000000000001000056484300000,O,17,52,0,10,1,,,,0,,99991231
20,Z33000000000000001000056484400000,O,17,52,0,10,1,,,,0,,99991231
20,Z33000000000000001000056484500000,O,17,52,0,10,1,,,,0,,99991231
20,Z33000000000000001000056484600000,O,17,52,0,10,1,,,,0,,99991231
20,Z33000000000000001000056484700000,O,17,52,0,10,1,,,,0,,99991231
20,Z33000000000000001000056484800000,O,17,52,0,10,1,,,,0,,99991231
20,Z33000000000000001000056484900000,O,17,52,0,10,1,,,,0,,99991231
20,Z33000000000000001000056485000000,O,17,52,0,10,1,,,,0,,99991231
20,Z33000000000000001000056485100000,O,17,52,0,10,1,,,,0,,99991231
20,Z33000000000000001000056486500000,O,17,52,0,10,1,,,,0,,99991231
20,Z33000000000000001000056486600000,O,17,52,0,10,1,,,,0,,99991231
20,Z33000000000000001000056486700000,O,17,52,0,10,1,,,,0,,99991231
20,Z33000000000000001000056486800000,O,17,52,0,10,1,,,,0,,99991231
20,Z33000000000000001000056486900000,O,17,52,0,10,1,,,,0,,99991231
20,Z33000000000000001000056487000000,O,17,52,0,10,1,,,,0,,99991231
20,Z33000000000000001000056487100000,O,17,52,0,10,1,,,,0,,99991231
20,Z33000000000000001000056487200000,O,17,52,0,10,1,,,,0,,99991231
20,Z33000000000000001000056487300000,O,17,52,0,10,1,,,,0,,99991231
20,Z33000000000000001000056487400000,O,17,52,0,10,1,,,,0,,99991231
20,Z33000000000000001000056487500000,O,17,52,0,10,1,,,,0,,99991231
20,Z33000000000000001000056487600000,O,17,52,0,10,1,,,,0,,99991231
20,Z33000000000000001000056487700000,O,17,52,0,10,1,,,,0,,99991231
20,Z33000000000000001000056487800000,O,17,52,0,10,1,,,,0,,99991231
20,Z33000000000000001000056487900000,O,17,52,0,10,1,,,,0,,99991231
20,Z33000000000000001000056488000000,O,17,52,0,10,1,,,,0,,99991231
20,Z33000000000000001000056488100000,O,17,52,0,10,1,,,,0,,99991231
20,Z33000000000000001000056488200000,O,17,52,0,10,1,,,,0,,99991231
20,Z33000000000000001000056488300000,O,17,52,0,10,1,,,,0,,99991231
20,Z33000000000000001000056488400000,O,17,52,0,10,1,,,,0,,99991231
20,Z33000000000000001000056488500000,O,17,52,0,10,1,,,,0,,99991231
20,Z33000000000000001000056488600000,O,17,52,0,10,1,,,,0,,99991231
20,Z33000000000000001000056488700000,O,17,52,0,10,1,,,,0,,99991231
20,Z33000000000000001000056488800000,O,17,52,0,10,1,,,,0,,99991231
20,Z33000000000000001000056488900000,O,17,52,0,10,1,,,,0,,99991231
20,Z33000000000000001000056489000000,O,17,52,0,10,1,,,,0,,99991231
20,Z33000000000000001000056489100000,O,17,52,0,10,1,,,,0,,99991231
20,Z33000000000000001000056489200000,O,17,52,0,10,1,,,,0,,99991231
20,Z33000000000000001000056489600000,O,17,52,0,10,1,,,,0,,99991231
20,Z33000000000000001000056489700000,O,17,52,0,10,1,,,,0,,99991231
20,Z33000000000000001000056489800000,O,17,52,0,10,1,,,,0,,99991231
20,Z33000000000000001000056489900000,O,17,52,0,10,1,,,,0,,99991231
20,Z33000000000000001000056490000000,O,17,52,0,10,1,,,,0,,99991231
20,Z33000000000000001000056490100000,O,17,52,0,10,1,,,,0,,99991231
20,Z33000000000000001000056490200000,O,17,52,0,10,1,,,,0,,99991231
20,Z33000000000000001000056490300000,O,17,52,0,10,1,,,,0,,99991231
20,Z33000000000000001000056490400000,O,17,52,0,10,1,,,,0,,99991231
20,Z33000000000000001000056490500000,O,17,52,0,10,1,,,,0,,99991231
20,Z33000000000000001000056490600000,O,17,52,0,10,1,,,,0,,99991231
20,Z33000000000000001000056490700000,O,17,52,0,10,1,,,,0,,99991231
20,Z33000000000000001000056490800000,O,17,52,0,10,1,,,,0,,99991231
20,Z33000000000000001000056490900000,O,17,52,0,10,1,,,,0,,99991231
20,Z33000000000000001000056491000000,O,17,52,0,10,1,,,,0,,99991231
20,Z33000000000000001000056521800000,O,17,52,0,10,1,,,,0,,99991231
20,Z33000000000000001000056521900000,O,17,52,0,10,1,,,,0,,99991231
20,Z33000000000000001000056522000000,O,17,52,0,10,1,,,,0,,99991231
20,Z33000000000000001000056522100000,O,17,52,0,10,1,,,,0,,99991231
20,Z33000000000000001000056522200000,O,17,52,0,10,1,,,,0,,99991231
20,Z33000000000000001000056522300000,O,17,52,0,10,1,,,,0,,99991231
20,Z33000000000000001000056522400000,O,17,52,0,10,1,,,,0,,99991231
20,Z33000000000000001000056522500000,O,17,52,0,10,1,,,,0,,99991231
20,Z33000000000000001000056522600000,O,17,52,0,10,1,,,,0,,99991231
20,Z33000000000000001000056523100000,O,17,52,0,10,1,,,,0,,99991231
20,Z33000000000000001000056523200000,O,17,52,0,10,1,,,,0,,99991231
20,Z33000000000000001000056523900000,O,17,52,0,10,1,,,,0,,99991231
20,Z33000000000000001000056524000000,O,17,52,0,10,1,,,,0,,99991231
20,Z33000000000000001000056525000000,O,17,52,0,10,1,,,,0,,99991231
20,Z33000000000000001000056525100000,O,17,52,0,10,1,,,,0,,99991231
20,Z33000000000000001000056526200000,O,17,52,0,10,1,,,,0,,99991231
20,Z33000000000000001000056526300000,O,17,52,0,10,1,,,,0,,99991231
20,Z33000000000000001000056526500000,O,17,52,0,10,1,,,,0,,99991231
20,Z33000000000000001000056526600000,O,17,52,0,10,1,,,,0,,99991231
20,Z33000000000000001000056526700000,O,17,52,0,10,1,,,,0,,99991231
20,Z33000000000000001000056526800000,O,17,52,0,10,1,,,,0,,99991231
20,Z33000000000000001000056526900000,O,17,52,0,10,1,,,,0,,99991231
20,Z33000000000000001000056527000000,O,17,52,0,10,1,,,,0,,99991231
20,Z33000000000000001000056527100000,O,17,52,0,10,1,,,,0,,99991231
20,Z33000000000000001000056527600000,O,17,52,0,10,1,,,,0,,99991231
20,Z33000000000000001000056527700000,O,17,52,0,10,1,,,,0,,99991231
20,Z33000000000000001000056528100000,O,17,52,0,10,1,,,,0,,99991231
20,Z33000000000000001000056528200000,O,17,52,0,10,1,,,,0,,99991231
20,Z40000000000000001000056528600000,O,17,52,0,10,1,,,,0,,99991231
20,Z40000000000000001000056528700000,O,17,52,0,10,1,,,,0,,99991231
20,Z40000000000000001000056528800000,O,17,52,0,10,1,,,,0,,99991231
20,Z40000000000000001000056528900000,O,17,52,0,10,1,,,,0,,99991231
20,Z40000000000000001000056529000000,O,17,52,0,10,1,,,,0,,99991231
20,Z33000000000000001000056530400000,O,17,52,0,10,1,,,,0,,99991231
20,Z33000000000000001000056530500000,O,17,52,0,10,1,,,,0,,99991231
20,Z33000000000000001000056530600000,O,17,52,0,10,1,,,,0,,99991231
20,Z33000000000000001000056530700000,O,17,52,0,10,1,,,,0,,99991231
20,Z33000000000000001000056530800000,O,17,52,0,10,1,,,,0,,99991231
20,Z33000000000000001000056530900000,O,17,52,0,10,1,,,,0,,99991231
20,Z33000000000000001000056531000000,O,17,52,0,10,1,,,,0,,99991231
20,Z33000000000000001000056531100000,O,17,52,0,10,1,,,,0,,99991231
20,Z33000000000000001000056531200000,O,17,52,0,10,1,,,,0,,99991231
20,Z33000000000000001000056531300000,O,17,52,0,10,1,,,,0,,99991231
20,Z33000000000000001000056531400000,O,17,52,0,10,1,,,,0,,99991231
20,Z33000000000000001000056533100000,O,17,52,0,10,1,,,,0,,99991231
20,Z33000000000000001000056533200000,O,17,52,0,10,1,,,,0,,99991231
20,Z33000000000000001000056533300000,O,17,52,0,10,1,,,,0,,99991231
20,Z33000000000000001000056533400000,O,17,52,0,10,1,,,,0,,99991231
20,Z33000000000000001000056533500000,O,17,52,0,10,1,,,,0,,99991231
20,Z33000000000000001000056533600000,O,17,52,0,10,1,,,,0,,99991231
20,Z33000000000000001000056533700000,O,17,52,0,10,1,,,,0,,99991231
20,Z33000000000000001000056533800000,O,17,52,0,10,1,,,,0,,99991231
20,Z33000000000000001000056533900000,O,17,52,0,10,1,,,,0,,99991231
20,Z33000000000000001000056534000000,O,17,52,0,10,1,,,,0,,99991231
20,Z33000000000000001000056534100000,O,17,52,0,10,1,,,,0,,99991231
20,Z33000000000000001000056534200000,O,17,52,0,10,1,,,,0,,99991231
20,Z33000000000000001000056536400000,O,17,52,0,10,1,,,,0,,99991231
20,Z33000000000000001000056536500000,O,17,52,0,10,1,,,,0,,99991231
20,Z33000000000000001000056536600000,O,17,52,0,10,1,,,,0,,99991231
20,Z33000000000000001000056536700000,O,17,52,0,10,1,,,,0,,99991231
20,Z33000000000000001000056536800000,O,17,52,0,10,1,,,,0,,99991231
20,Z33000000000000001000056536900000,O,17,52,0,10,1,,,,0,,99991231
20,Z33000000000000001000056537000000,O,17,52,0,10,1,,,,0,,99991231
20,Z33000000000000001000056537100000,O,17,52,0,10,1,,,,0,,99991231
20,Z33000000000000001000056537200000,O,17,52,0,10,1,,,,0,,99991231
20,Z33000000000000001000056537300000,O,17,52,0,10,1,,,,0,,99991231
20,Z33000000000000001000056538400000,O,17,52,0,10,1,,,,0,,99991231
20,Z33000000000000001000056538500000,O,17,52,0,10,1,,,,0,,99991231
20,Z33000000000000001000056538600000,O,17,52,0,10,1,,,,0,,99991231
20,Z33000000000000001000056538700000,O,17,52,0,10,1,,,,0,,99991231
20,Z33000000000000001000056538800000,O,17,52,0,10,1,,,,0,,99991231
20,Z33000000000000001000056538900000,O,17,52,0,10,1,,,,0,,99991231
20,Z33000000000000001000056539000000,O,17,52,0,10,1,,,,0,,99991231
20,Z33000000000000001000056539100000,O,17,52,0,10,1,,,,0,,99991231
20,Z33000000000000001000056540200000,O,17,52,0,10,1,,,,0,,99991231
20,Z33000000000000001000056540300000,O,17,52,0,10,1,,,,0,,99991231
20,Z33000000000000001000056540400000,O,17,52,0,10,1,,,,0,,99991231
20,Z33000000000000001000056540500000,O,17,52,0,10,1,,,,0,,99991231
20,Z33000000000000001000056540800000,O,17,52,0,10,1,,,,0,,99991231
20,Z33000000000000001000056540900000,O,17,52,0,10,1,,,,0,,99991231
20,Z40000000000000001000056541100000,O,17,52,0,10,1,,,,0,,99991231
20,Z40000000000000001000056541200000,O,17,52,0,10,1,,,,0,,99991231
20,Z40000000000000001000056541300000,O,17,52,0,10,1,,,,0,,99991231
20,Z40000000000000001000056541400000,O,17,52,0,10,1,,,,0,,99991231
20,Z40000000000000001000056541500000,O,17,52,0,10,1,,,,0,,99991231
20,Z40000000000000001000056541600000,O,17,52,0,10,1,,,,0,,99991231
20,Z33000000000000001000056542100000,O,17,52,0,10,1,,,,0,,99991231
20,Z33000000000000001000056542200000,O,17,52,0,10,1,,,,0,,99991231
20,Z33000000000000001000056542300000,O,17,52,0,10,1,,,,0,,99991231
20,Z33000000000000001000056542500000,O,17,52,0,10,1,,,,0,,99991231
20,Z33000000000000001000056542600000,O,17,52,0,10,1,,,,0,,99991231
20,Z33000000000000001000056542700000,O,17,52,0,10,1,,,,0,,99991231
20,Z33000000000000001000056543100000,O,17,52,0,10,1,,,,0,,99991231
20,Z33000000000000001000056543200000,O,17,52,0,10,1,,,,0,,99991231
20,Z33000000000000001000056543400000,O,17,52,0,10,1,,,,0,,99991231
20,Z33000000000000001000056543500000,O,17,52,0,10,1,,,,0,,99991231
20,Z33000000000000001000056544200000,O,17,52,0,10,1,,,,0,,99991231
20,Z33000000000000001000056544300000,O,17,52,0,10,1,,,,0,,99991231
20,Z40000000000000001000056544400000,O,17,52,0,10,1,,,,0,,99991231
20,Z40000000000000001000056544500000,O,17,52,0,10,1,,,,0,,99991231
20,Z40000000000000001000056544600000,O,17,52,0,10,1,,,,0,,99991231
20,Z40000000000000001000056544700000,O,17,52,0,10,1,,,,0,,99991231
20,Z40000000000000001000056544800000,O,17,52,0,10,1,,,,0,,99991231
20,Z40000000000000001000056544900000,O,17,52,0,10,1,,,,0,,99991231
20,Z40000000000000001000056545000000,O,17,52,0,10,1,,,,0,,99991231
20,Z33000000000000001000056545300000,O,17,52,0,10,1,,,,0,,99991231
20,Z33000000000000001000056545400000,O,17,52,0,10,1,,,,0,,99991231
20,Z33000000000000001000056545800000,O,17,52,0,10,1,,,,0,,99991231
20,Z33000000000000001000056545900000,O,17,52,0,10,1,,,,0,,99991231
20,Z33000000000000001000056546000000,O,17,52,0,10,1,,,,0,,99991231
20,Z33000000000000001000056546100000,O,17,52,0,10,1,,,,0,,99991231
20,Z33000000000000001000056546500000,O,17,52,0,10,1,,,,0,,99991231
20,Z33000000000000001000056546600000,O,17,52,0,10,1,,,,0,,99991231
20,Z33000000000000001000056546700000,O,17,52,0,10,1,,,,0,,99991231
20,Z33000000000000001000056546800000,O,17,52,0,10,1,,,,0,,99991231
20,Z33000000000000001000056547100000,O,17,52,0,10,1,,,,0,,99991231
20,Z33000000000000001000056547200000,O,17,52,0,10,1,,,,0,,99991231
20,Z33000000000000001000056547900000,O,17,52,0,10,1,,,,0,,99991231
20,Z33000000000000001000056548000000,O,17,52,0,10,1,,,,0,,99991231
20,Z33000000000000001000056548100000,O,17,52,0,10,1,,,,0,,99991231
20,Z33000000000000001000056548500000,O,17,52,0,10,1,,,,0,,99991231
20,Z33000000000000001000056548400000,O,17,52,0,10,1,,,,0,,99991231
20,Z29000000000000001000056532000000,O,17,52,0,10,1,,,,0,,99991231
20,Z33000000000000001000056549100000,O,17,52,0,10,1,,,,0,,99991231
20,Z33000000000000001000056549200000,O,17,52,0,10,1,,,,0,,99991231
20,Z33000000000000001000056549400000,O,17,52,0,10,1,,,,0,,99991231
20,Z33000000000000001000056549500000,O,17,52,0,10,1,,,,0,,99991231
20,Z33000000000000001000056549300000,O,17,52,0,10,1,,,,0,,99991231
20,Z33000000000000001000056549800000,O,17,52,0,10,1,,,,0,,99991231
20,Z33000000000000001000056549900000,O,17,52,0,10,1,,,,0,,99991231
20,Z40000000000000001000056556500000,O,17,52,0,10,1,,,,0,,99991231
20,Z40000000000000001000056556600000,O,17,52,0,10,1,,,,0,,99991231
20,Z33000000000000001000053630300000,O,17,52,0,10,1,,,,0,,99991231
20,Z33000000000000001000053630400000,O,17,52,0,10,1,,,,0,,99991231
20,Z33000000000000001000053630500000,O,17,52,0,10,1,,,,0,,99991231
20,Z33000000000000001000053630600000,O,17,52,0,10,1,,,,0,,99991231
20,Z33000000000000001000053630700000,O,17,52,0,10,1,,,,0,,99991231
20,Z33000000000000001000053630800000,O,17,52,0,10,1,,,,0,,99991231
20,Z33000000000000001000053630900000,O,17,52,0,10,1,,,,0,,99991231
20,Z33000000000000001000053631000000,O,17,52,0,10,1,,,,0,,99991231
20,Z33000000000000001000053631100000,O,17,52,0,10,1,,,,0,,99991231
20,Z33000000000000001000053631200000,O,17,52,0,10,1,,,,0,,99991231
20,Z40000000000000001000053631300000,O,17,52,0,10,1,,,,0,,99991231
20,Z33000000000000001000053631400000,O,17,52,0,10,1,,,,0,,99991231
20,Z40000000000000001000053631500000,O,17,52,0,10,1,,,,0,,99991231
20,Z33000000000000001000053631600000,O,17,52,0,10,1,,,,0,,99991231
20,Z33000000000000001000053631700000,O,17,52,0,10,1,,,,0,,99991231
20,Z33000000000000001000053631900000,O,17,52,0,10,1,,,,0,,99991231
20,Z33000000000000001000053632000000,O,17,52,0,10,1,,,,0,,99991231
20,Z33000000000000001000053632100000,O,17,52,0,10,1,,,,0,,99991231
20,Z33000000000000001000053632200000,O,17,52,0,10,1,,,,0,,99991231
20,Z33000000000000001000053632500000,O,17,52,0,10,1,,,,0,,99991231
20,Z33000000000000001000053632600000,O,17,52,0,10,1,,,,0,,99991231
20,Z40000000000000001000053632700000,O,17,52,0,10,1,,,,0,,99991231
20,Z40000000000000001000053632800000,O,17,52,0,10,1,,,,0,,99991231
20,Z40000000000000001000053632900000,O,17,52,0,10,1,,,,0,,99991231
20,Z33000000000000001000053634400000,O,17,52,0,10,1,,,,0,,99991231
20,Z33000000000000001000053634500000,O,17,52,0,10,1,,,,0,,99991231
20,Z33000000000000001000053634600000,O,17,52,0,10,1,,,,0,,99991231
20,Z33000000000000001000053634700000,O,17,52,0,10,1,,,,0,,99991231
20,Z40000000000000001000053634900000,O,17,52,0,10,1,,,,0,,99991231
20,Z40000000000000001000053635000000,O,17,52,0,10,1,,,,0,,99991231
20,Z40000000000000001000053635100000,O,17,52,0,10,1,,,,0,,99991231
20,Z40000000000000001000053635200000,O,17,52,0,10,1,,,,0,,99991231
20,Z33000000000000001000053635300000,O,17,52,0,10,1,,,,0,,99991231
20,Z33000000000000001000053635400000,O,17,52,0,10,1,,,,0,,99991231
20,Z40000000000000001000053635900000,O,17,52,0,10,1,,,,0,,99991231
20,Z40000000000000001000053636000000,O,17,52,0,10,1,,,,0,,99991231
20,Z40000000000000001000053636100000,O,17,52,0,10,1,,,,0,,99991231
20,Z40000000000000001000053636200000,O,17,52,0,10,1,,,,0,,99991231
20,Z33000000000000001000053636500000,O,17,52,0,10,1,,,,0,,99991231
20,Z33000000000000001000053636600000,O,17,52,0,10,1,,,,0,,99991231
20,Z33000000000000001000053636700000,O,17,52,0,10,1,,,,0,,99991231
20,Z33000000000000001000053636800000,O,17,52,0,10,1,,,,0,,99991231
20,Z33000000000000001000053636900000,O,17,52,0,10,1,,,,0,,99991231
20,Z33000000000000001000053637000000,O,17,52,0,10,1,,,,0,,99991231
20,Z33000000000000001000053637100000,O,17,52,0,10,1,,,,0,,99991231
20,Z33000000000000001000053637200000,O,17,52,0,10,1,,,,0,,99991231
20,Z33000000000000001000053637300000,O,17,52,0,10,1,,,,0,,99991231
20,Z33000000000000001000053637400000,O,17,52,0,10,1,,,,0,,99991231
20,Z33000000000000001000053637500000,O,17,52,0,10,1,,,,0,,99991231
20,Z33000000000000001000053637600000,O,17,52,0,10,1,,,,0,,99991231
20,Z33000000000000001000053637700000,O,17,52,0,10,1,,,,0,,99991231
20,Z33000000000000001000053637800000,O,17,52,0,10,1,,,,0,,99991231
20,Z33000000000000001000053637900000,O,17,52,0,10,1,,,,0,,99991231
20,Z33000000000000001000053638000000,O,17,52,0,10,1,,,,0,,99991231
20,Z33000000000000001000053638100000,O,17,52,0,10,1,,,,0,,99991231
20,Z33000000000000001000053638200000,O,17,52,0,10,1,,,,0,,99991231
20,Z33000000000000001000053638500000,O,17,52,0,10,1,,,,0,,99991231
20,Z33000000000000001000053638600000,O,17,52,0,10,1,,,,0,,99991231
20,Z33000000000000001000053639400000,O,17,52,0,10,1,,,,0,,99991231
20,Z33000000000000001000053639500000,O,17,52,0,10,1,,,,0,,99991231
20,Z40000000000000001000053639800000,O,17,52,0,10,1,,,,0,,99991231
20,Z40000000000000001000053639900000,O,17,52,0,10,1,,,,0,,99991231
20,Z40000000000000001000053640000000,O,17,52,0,10,1,,,,0,,99991231
20,Z40000000000000001000053640100000,O,17,52,0,10,1,,,,0,,99991231
20,Z40000000000000001000053641400000,O,17,52,0,10,1,,,,0,,99991231
20,Z40000000000000001000053641500000,O,17,52,0,10,1,,,,0,,99991231
20,Z33000000000000001000053641800000,O,17,52,0,10,1,,,,0,,99991231
20,Z33000000000000001000053641900000,O,17,52,0,10,1,,,,0,,99991231
20,Z33000000000000001000053642000000,O,17,52,0,10,1,,,,0,,99991231
20,Z33000000000000001000053642100000,O,17,52,0,10,1,,,,0,,99991231
20,Z33000000000000001000053642200000,O,17,52,0,10,1,,,,0,,99991231
20,Z33000000000000001000053642300000,O,17,52,0,10,1,,,,0,,99991231
20,Z33000000000000001000053642400000,O,17,52,0,10,1,,,,0,,99991231
20,Z33000000000000001000053642500000,O,17,52,0,10,1,,,,0,,99991231
20,Z33000000000000001000053642600000,O,17,52,0,10,1,,,,0,,99991231
20,Z33000000000000001000053642700000,O,17,52,0,10,1,,,,0,,99991231
20,Z33000000000000001000053642800000,O,17,52,0,10,1,,,,0,,99991231
20,Z33000000000000001000053642900000,O,17,52,0,10,1,,,,0,,99991231
20,Z33000000000000001000053643000000,O,17,52,0,10,1,,,,0,,99991231
20,Z33000000000000001000053643100000,O,17,52,0,10,1,,,,0,,99991231
20,Z33000000000000001000053643200000,O,17,52,0,10,1,,,,0,,99991231
20,Z33000000000000001000053643300000,O,17,52,0,10,1,,,,0,,99991231
20,Z33000000000000001000053643400000,O,17,52,0,10,1,,,,0,,99991231
20,Z33000000000000001000053643500000,O,17,52,0,10,1,,,,0,,99991231
20,Z33000000000000001000053643600000,O,17,52,0,10,1,,,,0,,99991231
20,Z33000000000000001000053643700000,O,17,52,0,10,1,,,,0,,99991231
20,Z33000000000000001000053643800000,O,17,52,0,10,1,,,,0,,99991231
20,Z33000000000000001000053643900000,O,17,52,0,10,1,,,,0,,99991231
20,Z33000000000000001000053644000000,O,17,52,0,10,1,,,,0,,99991231
20,Z33000000000000001000053644200000,O,17,52,0,10,1,,,,0,,99991231
20,Z33000000000000001000053644300000,O,17,52,0,10,1,,,,0,,99991231
20,Z33000000000000001000053644400000,O,17,52,0,10,1,,,,0,,99991231
20,Z33000000000000001000053644500000,O,17,52,0,10,1,,,,0,,99991231
20,Z33000000000000001000053644600000,O,17,52,0,10,1,,,,0,,99991231
20,Z33000000000000001000053644700000,O,17,52,0,10,1,,,,0,,99991231
20,Z33000000000000001000053644800000,O,17,52,0,10,1,,,,0,,99991231
20,Z33000000000000001000053644900000,O,17,52,0,10,1,,,,0,,99991231
20,Z33000000000000001000053645000000,O,17,52,0,10,1,,,,0,,99991231
20,Z33000000000000001000053645100000,O,17,52,0,10,1,,,,0,,99991231
20,Z33000000000000001000053645200000,O,17,52,0,10,1,,,,0,,99991231
20,Z33000000000000001000053645600000,O,17,52,0,10,1,,,,0,,99991231
20,Z33000000000000001000053645700000,O,17,52,0,10,1,,,,0,,99991231
20,Z40000000000000001000053646600000,O,17,52,0,10,1,,,,0,,99991231
20,Z40000000000000001000053646700000,O,17,52,0,10,1,,,,0,,99991231
20,Z33000000000000001000053646800000,O,17,52,0,10,1,,,,0,,99991231
20,Z33000000000000001000053646900000,O,17,52,0,10,1,,,,0,,99991231
20,Z33000000000000001000053647000000,O,17,52,0,10,1,,,,0,,99991231
20,Z33000000000000001000053647200000,O,17,52,0,10,1,,,,0,,99991231
20,Z33000000000000001000053647300000,O,17,52,0,10,1,,,,0,,99991231
20,Z33000000000000001000053647600000,O,17,52,0,10,1,,,,0,,99991231
20,Z33000000000000001000053647700000,O,17,52,0,10,1,,,,0,,99991231
20,Z40000000000000001000053648900000,O,17,52,0,10,1,,,,0,,99991231
20,Z40000000000000001000053649000000,O,17,52,0,10,1,,,,0,,99991231
20,Z33000000000000001000053649900000,O,17,52,0,10,1,,,,0,,99991231
20,Z33000000000000001000053650000000,O,17,52,0,10,1,,,,0,,99991231
20,Z33000000000000001000053650100000,O,17,52,0,10,1,,,,0,,99991231
20,Z40000000000000001000053650400000,O,17,52,0,10,1,,,,0,,99991231
20,Z33000000000000001000053650800000,O,17,52,0,10,1,,,,0,,99991231
20,Z33000000000000001000053650900000,O,17,52,0,10,1,,,,0,,99991231
20,Z33000000000000001000053651000000,O,17,52,0,10,1,,,,0,,99991231
20,Z33000000000000001000053652300000,O,17,52,0,10,1,,,,0,,99991231
20,Z33000000000000001000053652400000,O,17,52,0,10,1,,,,0,,99991231
20,Z33000000000000001000053652500000,O,17,52,0,10,1,,,,0,,99991231
20,Z33000000000000001000053652600000,O,17,52,0,10,1,,,,0,,99991231
20,Z33000000000000001000053652700000,O,17,52,0,10,1,,,,0,,99991231
20,Z33000000000000001000053652800000,O,17,52,0,10,1,,,,0,,99991231
20,Z33000000000000001000053652900000,O,17,52,0,10,1,,,,0,,99991231
20,Z33000000000000001000053653100000,O,17,52,0,10,1,,,,0,,99991231
20,Z33000000000000001000053653200000,O,17,52,0,10,1,,,,0,,99991231
20,Z33000000000000001000053653300000,O,17,52,0,10,1,,,,0,,99991231
20,Z33000000000000001000053653400000,O,17,52,0,10,1,,,,0,,99991231
20,Z33000000000000001000053653700000,O,17,52,0,10,1,,,,0,,99991231
20,Z40000000000000001000053940600000,O,17,52,0,10,1,,,,0,,99991231
20,Z40000000000000001000053940700000,O,17,52,0,10,1,,,,0,,99991231
20,Z40000000000000001000053940800000,O,17,52,0,10,1,,,,0,,99991231
20,Z33000000000000001000053941100000,O,17,52,0,10,1,,,,0,,99991231
20,Z33000000000000001000053941200000,O,17,52,0,10,1,,,,0,,99991231
20,Z33000000000000001000053941300000,O,17,52,0,10,1,,,,0,,99991231
20,Z33000000000000001000053941400000,O,17,52,0,10,1,,,,0,,99991231
20,Z33000000000000001000053941500000,O,17,52,0,10,1,,,,0,,99991231
20,Z33000000000000001000053941600000,O,17,52,0,10,1,,,,0,,99991231
20,Z33000000000000001000053941700000,O,17,52,0,10,1,,,,0,,99991231
20,Z33000000000000001000053941800000,O,17,52,0,10,1,,,,0,,99991231
20,Z33000000000000001000053941900000,O,17,52,0,10,1,,,,0,,99991231
20,Z33000000000000001000053942000000,O,17,52,0,10,1,,,,0,,99991231
20,Z33000000000000001000053942100000,O,17,52,0,10,1,,,,0,,99991231
20,Z33000000000000001000053942200000,O,17,52,0,10,1,,,,0,,99991231
20,Z33000000000000001000053942900000,O,17,52,0,10,1,,,,0,,99991231
20,Z33000000000000001000053943000000,O,17,52,0,10,1,,,,0,,99991231
20,Z33000000000000001000053943100000,O,17,52,0,10,1,,,,0,,99991231
20,Z33000000000000001000053943200000,O,17,52,0,10,1,,,,0,,99991231
20,Z33000000000000001000053943300000,O,17,52,0,10,1,,,,0,,99991231
20,Z33000000000000001000053943400000,O,17,52,0,10,1,,,,0,,99991231
20,Z33000000000000001000053943500000,O,17,52,0,10,1,,,,0,,99991231
20,Z33000000000000001000053943600000,O,17,52,0,10,1,,,,0,,99991231
20,Z33000000000000001000053943700000,O,17,52,0,10,1,,,,0,,99991231
20,Z33000000000000001000053943800000,O,17,52,0,10,1,,,,0,,99991231
20,Z33000000000000001000053943900000,O,17,52,0,10,1,,,,0,,99991231
20,Z33000000000000001000053944100000,O,17,52,0,10,1,,,,0,,99991231
20,Z33000000000000001000053944000000,O,17,52,0,10,1,,,,0,,99991231
20,Z40000000000000001000053944200000,O,17,52,0,10,1,,,,0,,99991231
20,Z40000000000000001000053944300000,O,17,52,0,10,1,,,,0,,99991231
20,Z40000000000000001000053944400000,O,17,52,0,10,1,,,,0,,99991231
20,Z40000000000000001000053944500000,O,17,52,0,10,1,,,,0,,99991231
20,Z40000000000000001000053944600000,O,17,52,0,10,1,,,,0,,99991231
20,Z40000000000000001000053944700000,O,17,52,0,10,1,,,,0,,99991231
20,Z33000000000000001000053944900000,O,17,52,0,10,1,,,,0,,99991231
20,Z33000000000000001000053945000000,O,17,52,0,10,1,,,,0,,99991231
20,Z33000000000000001000053945100000,O,17,52,0,10,1,,,,0,,99991231
20,Z33000000000000001000053945200000,O,17,52,0,10,1,,,,0,,99991231
20,Z33000000000000001000053945300000,O,17,52,0,10,1,,,,0,,99991231
20,Z33000000000000001000053945400000,O,17,52,0,10,1,,,,0,,99991231
20,Z33000000000000001000053945500000,O,17,52,0,10,1,,,,0,,99991231
20,Z33000000000000001000053945600000,O,17,52,0,10,1,,,,0,,99991231
20,Z33000000000000001000053945700000,O,17,52,0,10,1,,,,0,,99991231
20,Z33000000000000001000053945800000,O,17,52,0,10,1,,,,0,,99991231
20,Z33000000000000001000053945900000,O,17,52,0,10,1,,,,0,,99991231
20,Z33000000000000001000053946000000,O,17,52,0,10,1,,,,0,,99991231
20,Z40000000000000001000053946300000,O,17,52,0,10,1,,,,0,,99991231
20,Z40000000000000001000053946400000,O,17,52,0,10,1,,,,0,,99991231
20,Z40000000000000001000053946500000,O,17,52,0,10,1,,,,0,,99991231
20,Z40000000000000001000053946600000,O,17,52,0,10,1,,,,0,,99991231
20,Z40000000000000001000053946700000,O,17,52,0,10,1,,,,0,,99991231
20,Z40000000000000001000053946800000,O,17,52,0,10,1,,,,0,,99991231
20,Z40000000000000001000053946900000,O,17,52,0,10,1,,,,0,,99991231
20,Z40000000000000001000053947000000,O,17,52,0,10,1,,,,0,,99991231
20,Z33000000000000001000053947100000,O,17,52,0,10,1,,,,0,,99991231
20,Z33000000000000001000053947200000,O,17,52,0,10,1,,,,0,,99991231
20,Z33000000000000001000053947300000,O,17,52,0,10,1,,,,0,,99991231
20,Z33000000000000001000053948200000,O,17,52,0,10,1,,,,0,,99991231
20,Z33000000000000001000053948300000,O,17,52,0,10,1,,,,0,,99991231
20,Z33000000000000001000053948400000,O,17,52,0,10,1,,,,0,,99991231
20,Z33000000000000001000053948500000,O,17,52,0,10,1,,,,0,,99991231
20,Z33000000000000001000053948600000,O,17,52,0,10,1,,,,0,,99991231
20,Z33000000000000001000053948700000,O,17,52,0,10,1,,,,0,,99991231
20,Z33000000000000001000053948800000,O,17,52,0,10,1,,,,0,,99991231
20,Z33000000000000001000053948900000,O,17,52,0,10,1,,,,0,,99991231
20,Z40000000000000001000053949100000,O,17,52,0,10,1,,,,0,,99991231
20,Z33000000000000001000053949200000,O,17,52,0,10,1,,,,0,,99991231
20,Z33000000000000001000053949300000,O,17,52,0,10,1,,,,0,,99991231
20,Z33000000000000001000053949400000,O,17,52,0,10,1,,,,0,,99991231
20,Z40000000000000001000053950000000,O,17,52,0,10,1,,,,0,,99991231
20,Z40000000000000001000053950100000,O,17,52,0,10,1,,,,0,,99991231
20,Z40000000000000001000053950200000,O,17,52,0,10,1,,,,0,,99991231
20,Z33000000000000001000053950400000,O,17,52,0,10,1,,,,0,,99991231
20,Z33000000000000001000053950500000,O,17,52,0,10,1,,,,0,,99991231
20,Z33000000000000001000053950900000,O,17,52,0,10,1,,,,0,,99991231
20,Z33000000000000001000053951000000,O,17,52,0,10,1,,,,0,,99991231
20,Z40000000000000001000053951200000,O,17,52,0,10,1,,,,0,,99991231
20,Z33000000000000001000053951500000,O,17,52,0,10,1,,,,0,,99991231
20,Z33000000000000001000053951600000,O,17,52,0,10,1,,,,0,,99991231
20,Z33000000000000001000053951700000,O,17,52,0,10,1,,,,0,,99991231
20,Z33000000000000001000053951800000,O,17,52,0,10,1,,,,0,,99991231
20,Z33000000000000001000053952200000,O,17,52,0,10,1,,,,0,,99991231
20,Z33000000000000001000053952300000,O,17,52,0,10,1,,,,0,,99991231
20,Z33000000000000001000053952400000,O,17,52,0,10,1,,,,0,,99991231
20,Z33000000000000001000053952500000,O,17,52,0,10,1,,,,0,,99991231
20,Z33000000000000001000053952600000,O,17,52,0,10,1,,,,0,,99991231
20,Z33000000000000001000053952900000,O,17,52,0,10,1,,,,0,,99991231
20,Z33000000000000001000053953000000,O,17,52,0,10,1,,,,0,,99991231
20,Z40000000000000001000053953400000,O,17,52,0,10,1,,,,0,,99991231
20,Z40000000000000001000053953500000,O,17,52,0,10,1,,,,0,,99991231
20,Z40000000000000001000053953600000,O,17,52,0,10,1,,,,0,,99991231
20,Z40000000000000001000053953700000,O,17,52,0,10,1,,,,0,,99991231
20,Z40000000000000001000053953800000,O,17,52,0,10,1,,,,0,,99991231
20,Z40000000000000001000053953900000,O,17,52,0,10,1,,,,0,,99991231
20,Z40000000000000001000053954100000,O,17,52,0,10,1,,,,0,,99991231
20,Z33000000000000001000053954200000,O,17,52,0,10,1,,,,0,,99991231
20,Z33000000000000001000053954300000,O,17,52,0,10,1,,,,0,,99991231
20,Z33000000000000001000053954600000,O,17,52,0,10,1,,,,0,,99991231
20,Z33000000000000001000053954700000,O,17,52,0,10,1,,,,0,,99991231
20,Z33000000000000001000053954900000,O,17,52,0,10,1,,,,0,,99991231
20,Z33000000000000001000053955000000,O,17,52,0,10,1,,,,0,,99991231
20,Z33000000000000001000053955200000,O,17,52,0,10,1,,,,0,,99991231
20,Z33000000000000001000053955300000,O,17,52,0,10,1,,,,0,,99991231
20,Z33000000000000001000053955900000,O,17,52,0,10,1,,,,0,,99991231
20,Z33000000000000001000053956000000,O,17,52,0,10,1,,,,0,,99991231
20,Z33000000000000001000053956500000,O,17,52,0,10,1,,,,0,,99991231
20,Z33000000000000001000053956600000,O,17,52,0,10,1,,,,0,,99991231
20,Z33000000000000001000053956900000,O,17,52,0,10,1,,,,0,,99991231
20,Z33000000000000001000053957000000,O,17,52,0,10,1,,,,0,,99991231
20,Z33000000000000001000053957500000,O,17,52,0,10,1,,,,0,,99991231
20,Z33000000000000001000053957600000,O,17,52,0,10,1,,,,0,,99991231
20,Z33000000000000001000053957800000,O,17,52,0,10,1,,,,0,,99991231
20,Z33000000000000001000053957900000,O,17,52,0,10,1,,,,0,,99991231
20,Z40000000000000001000053958100000,O,17,52,0,10,1,,,,0,,99991231
20,Z33000000000000001000053958700000,O,17,52,0,10,1,,,,0,,99991231
20,Z33000000000000001000053958800000,O,17,52,0,10,1,,,,0,,99991231
20,Z40000000000000001000053959300000,O,17,52,0,10,1,,,,0,,99991231
20,Z40000000000000001000053959400000,O,17,52,0,10,1,,,,0,,99991231
20,Z40000000000000001000053959500000,O,17,52,0,10,1,,,,0,,99991231
20,Z40000000000000001000053959600000,O,17,52,0,10,1,,,,0,,99991231
20,Z40000000000000001000053959700000,O,17,52,0,10,1,,,,0,,99991231
20,Z40000000000000001000053959800000,O,17,52,0,10,1,,,,0,,99991231
20,Z40000000000000001000053959900000,O,17,52,0,10,1,,,,0,,99991231
20,Z40000000000000001000053960000000,O,17,52,0,10,1,,,,0,,99991231
20,Z40000000000000001000053960400000,O,17,52,0,10,1,,,,0,,99991231
20,Z40000000000000001000053960600000,O,17,52,0,10,1,,,,0,,99991231
20,Z40000000000000001000053960700000,O,17,52,0,10,1,,,,0,,99991231
20,Z40000000000000001000053960800000,O,17,52,0,10,1,,,,0,,99991231
20,Z40000000000000001000053960900000,O,17,52,0,10,1,,,,0,,99991231
20,Z40000000000000001000053961000000,O,17,52,0,10,1,,,,0,,99991231
20,Z33000000000000001000053961200000,O,17,52,0,10,1,,,,0,,99991231
20,Z33000000000000001000053961300000,O,17,52,0,10,1,,,,0,,99991231
20,Z40000000000000001000054077800000,O,17,52,0,10,1,,,,0,,99991231
20,Z40000000000000001000054077900000,O,17,52,0,10,1,,,,0,,99991231
20,Z40000000000000001000054078000000,O,17,52,0,10,1,,,,0,,99991231
20,Z40000000000000001000054078100000,O,17,52,0,10,1,,,,0,,99991231
20,Z40000000000000001000054082200000,O,17,52,0,10,1,,,,0,,99991231
20,Z40000000000000001000054082300000,O,17,52,0,10,1,,,,0,,99991231
20,Z40000000000000001000054082400000,O,17,52,0,10,1,,,,0,,99991231
20,Z40000000000000001000054082500000,O,17,52,0,10,1,,,,0,,99991231
20,Z40000000000000001000054082600000,O,17,52,0,10,1,,,,0,,99991231
20,Z40000000000000001000054082700000,O,17,52,0,10,1,,,,0,,99991231
20,Z40000000000000001000054089800000,O,17,52,0,10,1,,,,0,,99991231
20,Z40000000000000001000054089900000,O,17,52,0,10,1,,,,0,,99991231
20,Z40000000000000001000054090000000,O,17,52,0,10,1,,,,0,,99991231
20,Z40000000000000001000054090100000,O,17,52,0,10,1,,,,0,,99991231
20,Z40000000000000001000054090200000,O,17,52,0,10,1,,,,0,,99991231
20,Z40000000000000001000054090300000,O,17,52,0,10,1,,,,0,,99991231
20,Z40000000000000001000054090700000,O,17,52,0,10,1,,,,0,,99991231
20,Z40000000000000001000054090800000,O,17,52,0,10,1,,,,0,,99991231
20,Z40000000000000001000054090900000,O,17,52,0,10,1,,,,0,,99991231
20,Z40000000000000001000054091000000,O,17,52,0,10,1,,,,0,,99991231
20,Z40000000000000001000054091100000,O,17,52,0,10,1,,,,0,,99991231
20,Z40000000000000001000054091200000,O,17,52,0,10,1,,,,0,,99991231
20,Z40000000000000001000054091300000,O,17,52,0,10,1,,,,0,,99991231
20,Z33000000000000001000054093100000,O,17,52,0,10,1,,,,0,,99991231
20,Z33000000000000001000054093200000,O,17,52,0,10,1,,,,0,,99991231
20,Z33000000000000001000054093300000,O,17,52,0,10,1,,,,0,,99991231
20,Z33000000000000001000054093400000,O,17,52,0,10,1,,,,0,,99991231
20,Z33000000000000001000054093500000,O,17,52,0,10,1,,,,0,,99991231
20,Z33000000000000001000054093600000,O,17,52,0,10,1,,,,0,,99991231
20,Z33000000000000001000054093700000,O,17,52,0,10,1,,,,0,,99991231
20,Z33000000000000001000054093800000,O,17,52,0,10,1,,,,0,,99991231
20,Z33000000000000001000054093900000,O,17,52,0,10,1,,,,0,,99991231
20,Z33000000000000001000054094000000,O,17,52,0,10,1,,,,0,,99991231
20,Z33000000000000001000054094100000,O,17,52,0,10,1,,,,0,,99991231
20,Z33000000000000001000054094300000,O,17,52,0,10,1,,,,0,,99991231
20,Z33000000000000001000054094200000,O,17,52,0,10,1,,,,0,,99991231
20,Z33000000000000001000054094400000,O,17,52,0,10,1,,,,0,,99991231
20,Z33000000000000001000054094500000,O,17,52,0,10,1,,,,0,,99991231
20,Z40000000000000001000054094800000,O,17,52,0,10,1,,,,0,,99991231
20,Z40000000000000001000054094900000,O,17,52,0,10,1,,,,0,,99991231
20,Z40000000000000001000054095000000,O,17,52,0,10,1,,,,0,,99991231
20,Z40000000000000001000054095100000,O,17,52,0,10,1,,,,0,,99991231
20,Z40000000000000001000054095200000,O,17,52,0,10,1,,,,0,,99991231
20,Z33000000000000001000054095700000,O,17,52,0,10,1,,,,0,,99991231
20,Z33000000000000001000054095800000,O,17,52,0,10,1,,,,0,,99991231
20,Z33000000000000001000054095900000,O,17,52,0,10,1,,,,0,,99991231
20,Z33000000000000001000054096000000,O,17,52,0,10,1,,,,0,,99991231
20,Z33000000000000001000054096100000,O,17,52,0,10,1,,,,0,,99991231
20,Z33000000000000001000054096200000,O,17,52,0,10,1,,,,0,,99991231
20,Z33000000000000001000054096300000,O,17,52,0,10,1,,,,0,,99991231
20,Z33000000000000001000054096400000,O,17,52,0,10,1,,,,0,,99991231
20,Z33000000000000001000054096500000,O,17,52,0,10,1,,,,0,,99991231
20,Z33000000000000001000054096600000,O,17,52,0,10,1,,,,0,,99991231
20,Z33000000000000001000054096700000,O,17,52,0,10,1,,,,0,,99991231
20,Z33000000000000001000054096800000,O,17,52,0,10,1,,,,0,,99991231
20,Z33000000000000001000054096900000,O,17,52,0,10,1,,,,0,,99991231
20,Z33000000000000001000054097000000,O,17,52,0,10,1,,,,0,,99991231
20,Z33000000000000001000054097100000,O,17,52,0,10,1,,,,0,,99991231
20,Z33000000000000001000054097200000,O,17,52,0,10,1,,,,0,,99991231
20,Z33000000000000001000054097300000,O,17,52,0,10,1,,,,0,,99991231
20,Z33000000000000001000054097400000,O,17,52,0,10,1,,,,0,,99991231
20,Z33000000000000001000054097500000,O,17,52,0,10,1,,,,0,,99991231
20,Z33000000000000001000054097600000,O,17,52,0,10,1,,,,0,,99991231
20,Z33000000000000001000054097700000,O,17,52,0,10,1,,,,0,,99991231
20,Z33000000000000001000054097800000,O,17,52,0,10,1,,,,0,,99991231
20,Z33000000000000001000054099000000,O,17,52,0,10,1,,,,0,,99991231
20,Z33000000000000001000054099100000,O,17,52,0,10,1,,,,0,,99991231
20,Z33000000000000001000054099200000,O,17,52,0,10,1,,,,0,,99991231
20,Z33000000000000001000054099800000,O,17,52,0,10,1,,,,0,,99991231
20,Z33000000000000001000054099900000,O,17,52,0,10,1,,,,0,,99991231
20,Z33000000000000001000054100000000,O,17,52,0,10,1,,,,0,,99991231
20,Z33000000000000001000054100100000,O,17,52,0,10,1,,,,0,,99991231
20,Z33000000000000001000054100500000,O,17,52,0,10,1,,,,0,,99991231
20,Z33000000000000001000054100600000,O,17,52,0,10,1,,,,0,,99991231
20,Z33000000000000001000054101700000,O,17,52,0,10,1,,,,0,,99991231
20,Z33000000000000001000054101800000,O,17,52,0,10,1,,,,0,,99991231
20,Z33000000000000001000054101900000,O,17,52,0,10,1,,,,0,,99991231
20,Z33000000000000001000054102000000,O,17,52,0,10,1,,,,0,,99991231
20,Z33000000000000001000054102100000,O,17,52,0,10,1,,,,0,,99991231
20,Z33000000000000001000054102200000,O,17,52,0,10,1,,,,0,,99991231
20,Z33000000000000001000054102300000,O,17,52,0,10,1,,,,0,,99991231
20,Z33000000000000001000054102400000,O,17,52,0,10,1,,,,0,,99991231
20,Z33000000000000001000054102500000,O,17,52,0,10,1,,,,0,,99991231
20,Z33000000000000001000054102600000,O,17,52,0,10,1,,,,0,,99991231
20,Z33000000000000001000054102700000,O,17,52,0,10,1,,,,0,,99991231
20,Z33000000000000001000054102800000,O,17,52,0,10,1,,,,0,,99991231
20,Z33000000000000001000054102900000,O,17,52,0,10,1,,,,0,,99991231
20,Z33000000000000001000054103000000,O,17,52,0,10,1,,,,0,,99991231
20,Z33000000000000001000054103100000,O,17,52,0,10,1,,,,0,,99991231
20,Z33000000000000001000054103200000,O,17,52,0,10,1,,,,0,,99991231
20,Z33000000000000001000054103300000,O,17,52,0,10,1,,,,0,,99991231
20,Z33000000000000001000054103400000,O,17,52,0,10,1,,,,0,,99991231
20,Z33000000000000001000054103500000,O,17,52,0,10,1,,,,0,,99991231
20,Z33000000000000001000054103600000,O,17,52,0,10,1,,,,0,,99991231
20,Z33000000000000001000054103700000,O,17,52,0,10,1,,,,0,,99991231
20,Z33000000000000001000054103800000,O,17,52,0,10,1,,,,0,,99991231
20,Z33000000000000001000054103900000,O,17,52,0,10,1,,,,0,,99991231
20,Z33000000000000001000054104000000,O,17,52,0,10,1,,,,0,,99991231
20,Z33000000000000001000054104100000,O,17,52,0,10,1,,,,0,,99991231
20,Z33000000000000001000054104200000,O,17,52,0,10,1,,,,0,,99991231
20,Z33000000000000001000054104700000,O,17,52,0,10,1,,,,0,,99991231
20,Z33000000000000001000054104800000,O,17,52,0,10,1,,,,0,,99991231
20,Z33000000000000001000054105300000,O,17,52,0,10,1,,,,0,,99991231
20,Z33000000000000001000054105400000,O,17,52,0,10,1,,,,0,,99991231
20,Z33000000000000001000054105500000,O,17,52,0,10,1,,,,0,,99991231
20,Z33000000000000001000054105600000,O,17,52,0,10,1,,,,0,,99991231
20,Z33000000000000001000054105700000,O,17,52,0,10,1,,,,0,,99991231
20,Z33000000000000001000054105800000,O,17,52,0,10,1,,,,0,,99991231
20,Z33000000000000001000054105900000,O,17,52,0,10,1,,,,0,,99991231
20,Z33000000000000001000054106000000,O,17,52,0,10,1,,,,0,,99991231
20,Z33000000000000001000054106100000,O,17,52,0,10,1,,,,0,,99991231
20,Z33000000000000001000054106200000,O,17,52,0,10,1,,,,0,,99991231
20,Z33000000000000001000054106300000,O,17,52,0,10,1,,,,0,,99991231
20,Z33000000000000001000054106400000,O,17,52,0,10,1,,,,0,,99991231
20,Z33000000000000001000054106500000,O,17,52,0,10,1,,,,0,,99991231
20,Z33000000000000001000054106600000,O,17,52,0,10,1,,,,0,,99991231
20,Z33000000000000001000054106700000,O,17,52,0,10,1,,,,0,,99991231
20,Z33000000000000001000054106800000,O,17,52,0,10,1,,,,0,,99991231
20,Z33000000000000001000054106900000,O,17,52,0,10,1,,,,0,,99991231
20,Z33000000000000001000054107000000,O,17,52,0,10,1,,,,0,,99991231
20,Z33000000000000001000054107100000,O,17,52,0,10,1,,,,0,,99991231
20,Z33000000000000001000054107200000,O,17,52,0,10,1,,,,0,,99991231
20,Z33000000000000001000054107300000,O,17,52,0,10,1,,,,0,,99991231
20,Z40000000000000001000054107700000,O,17,52,0,10,1,,,,0,,99991231
20,Z40000000000000001000054107800000,O,17,52,0,10,1,,,,0,,99991231
20,Z40000000000000001000054107900000,O,17,52,0,10,1,,,,0,,99991231
20,Z40000000000000001000054108000000,O,17,52,0,10,1,,,,0,,99991231
20,Z40000000000000001000054108100000,O,17,52,0,10,1,,,,0,,99991231
20,Z33000000000000001000054108300000,O,17,52,0,10,1,,,,0,,99991231
20,Z33000000000000001000054108400000,O,17,52,0,10,1,,,,0,,99991231
20,Z33000000000000001000054108500000,O,17,52,0,10,1,,,,0,,99991231
20,Z33000000000000001000054109800000,O,17,52,0,10,1,,,,0,,99991231
20,Z40000000000000001000054524900000,O,17,52,0,10,1,,,,0,,99991231
20,Z40000000000000001000054525000000,O,17,52,0,10,1,,,,0,,99991231
20,Z40000000000000001000054526400000,O,17,52,0,10,1,,,,0,,99991231
20,Z40000000000000001000054526500000,O,17,52,0,10,1,,,,0,,99991231
20,Z40000000000000001000054526600000,O,17,52,0,10,1,,,,0,,99991231
20,Z40000000000000001000054526700000,O,17,52,0,10,1,,,,0,,99991231
20,Z40000000000000001000054526800000,O,17,52,0,10,1,,,,0,,99991231
20,Z40000000000000001000054526900000,O,17,52,0,10,1,,,,0,,99991231
20,Z40000000000000001000054527000000,O,17,52,0,10,1,,,,0,,99991231
20,Z40000000000000001000054527100000,O,17,52,0,10,1,,,,0,,99991231
20,Z40000000000000001000054527900000,O,17,52,0,10,1,,,,0,,99991231
20,Z40000000000000001000054528000000,O,17,52,0,10,1,,,,0,,99991231
20,Z40000000000000001000054528100000,O,17,52,0,10,1,,,,0,,99991231
20,Z40000000000000001000054528200000,O,17,52,0,10,1,,,,0,,99991231
20,Z40000000000000001000054528300000,O,17,52,0,10,1,,,,0,,99991231
20,Z40000000000000001000054528400000,O,17,52,0,10,1,,,,0,,99991231
20,Z40000000000000001000054528500000,O,17,52,0,10,1,,,,0,,99991231
20,Z40000000000000001000054528600000,O,17,52,0,10,1,,,,0,,99991231
20,Z40000000000000001000054530800000,O,17,52,0,10,1,,,,0,,99991231
20,Z40000000000000001000054530900000,O,17,52,0,10,1,,,,0,,99991231
20,Z40000000000000001000054531000000,O,17,52,0,10,1,,,,0,,99991231
20,Z40000000000000001000054531100000,O,17,52,0,10,1,,,,0,,99991231
20,Z40000000000000001000054531200000,O,17,52,0,10,1,,,,0,,99991231
20,Z40000000000000001000054531300000,O,17,52,0,10,1,,,,0,,99991231
20,Z40000000000000001000054531400000,O,17,52,0,10,1,,,,0,,99991231
20,Z40000000000000001000054531500000,O,17,52,0,10,1,,,,0,,99991231
20,Z40000000000000001000054532800000,O,17,52,0,10,1,,,,0,,99991231
20,Z40000000000000001000054532900000,O,17,52,0,10,1,,,,0,,99991231
20,Z40000000000000001000054533000000,O,17,52,0,10,1,,,,0,,99991231
20,Z40000000000000001000054533100000,O,17,52,0,10,1,,,,0,,99991231
20,Z40000000000000001000054533200000,O,17,52,0,10,1,,,,0,,99991231
20,Z40000000000000001000054533300000,O,17,52,0,10,1,,,,0,,99991231
20,Z40000000000000001000054533400000,O,17,52,0,10,1,,,,0,,99991231
20,Z40000000000000001000054533500000,O,17,52,0,10,1,,,,0,,99991231
20,Z40000000000000001000054533900000,O,17,52,0,10,1,,,,0,,99991231
20,Z40000000000000001000054534000000,O,17,52,0,10,1,,,,0,,99991231
20,Z40000000000000001000054534100000,O,17,52,0,10,1,,,,0,,99991231
20,Z40000000000000001000054534200000,O,17,52,0,10,1,,,,0,,99991231
20,Z40000000000000001000054534300000,O,17,52,0,10,1,,,,0,,99991231
20,Z40000000000000001000054534400000,O,17,52,0,10,1,,,,0,,99991231
20,Z40000000000000001000054534500000,O,17,52,0,10,1,,,,0,,99991231
20,Z40000000000000001000054534600000,O,17,52,0,10,1,,,,0,,99991231
20,Z40000000000000001000054535000000,O,17,52,0,10,1,,,,0,,99991231
20,Z40000000000000001000054535100000,O,17,52,0,10,1,,,,0,,99991231
20,Z40000000000000001000054535200000,O,17,52,0,10,1,,,,0,,99991231
20,Z40000000000000001000054535300000,O,17,52,0,10,1,,,,0,,99991231
20,Z40000000000000001000054535400000,O,17,52,0,10,1,,,,0,,99991231
20,Z40000000000000001000054535500000,O,17,52,0,10,1,,,,0,,99991231
20,Z40000000000000001000054535600000,O,17,52,0,10,1,,,,0,,99991231
20,Z40000000000000001000054536400000,O,17,52,0,10,1,,,,0,,99991231
20,Z40000000000000001000054536500000,O,17,52,0,10,1,,,,0,,99991231
20,Z40000000000000001000054536600000,O,17,52,0,10,1,,,,0,,99991231
20,Z40000000000000001000054536700000,O,17,52,0,10,1,,,,0,,99991231
20,Z40000000000000001000054536800000,O,17,52,0,10,1,,,,0,,99991231
20,Z40000000000000001000054536900000,O,17,52,0,10,1,,,,0,,99991231
20,Z40000000000000001000054537000000,O,17,52,0,10,1,,,,0,,99991231
20,Z40000000000000001000054537100000,O,17,52,0,10,1,,,,0,,99991231
20,Z29000000000000001000054537600000,O,17,52,0,10,1,,,,0,,99991231
20,Z29000000000000001000054537800000,O,17,52,0,10,1,,,,0,,99991231
20,Z29000000000000001000039730301000,O,17,52,0,10,1,,,,0,,99991231
20,Z29000000000000001000039730901000,O,17,52,0,10,1,,,,0,,99991231
20,Z29000000000000001000039731901000,O,17,52,0,10,1,,,,0,,99991231
20,Z29000000000000001000039732301000,O,17,52,0,10,1,,,,0,,99991231
20,Z40000000000000001000054541600000,O,17,52,0,10,1,,,,0,,99991231
20,Z40000000000000001000054541700000,O,17,52,0,10,1,,,,0,,99991231
20,Z40000000000000001000054541800000,O,17,52,0,10,1,,,,0,,99991231
20,Z40000000000000001000054541900000,O,17,52,0,10,1,,,,0,,99991231
20,Z40000000000000001000054542000000,O,17,52,0,10,1,,,,0,,99991231
20,Z40000000000000001000054542100000,O,17,52,0,10,1,,,,0,,99991231
20,Z40000000000000001000054542200000,O,17,52,0,10,1,,,,0,,99991231
20,Z29000000000000001000052339601000,O,17,52,0,10,1,,,,0,,99991231
20,Z40000000000000001000054542800000,O,17,52,0,10,1,,,,0,,99991231
20,Z40000000000000001000054542900000,O,17,52,0,10,1,,,,0,,99991231
20,Z40000000000000001000054543000000,O,17,52,0,10,1,,,,0,,99991231
20,Z29000000000000001000054543100000,O,17,52,0,10,1,,,,0,,99991231
20,Z40000000000000001000054543900000,O,17,52,0,10,1,,,,0,,99991231
20,Z40000000000000001000054544000000,O,17,52,0,10,1,,,,0,,99991231
20,Z40000000000000001000054544100000,O,17,52,0,10,1,,,,0,,99991231
20,Z40000000000000001000054544200000,O,17,52,0,10,1,,,,0,,99991231
20,Z40000000000000001000054544300000,O,17,52,0,10,1,,,,0,,99991231
20,Z40000000000000001000054551700000,O,17,52,0,10,1,,,,0,,99991231
20,Z40000000000000001000054551800000,O,17,52,0,10,1,,,,0,,99991231
20,Z40000000000000001000054551900000,O,17,52,0,10,1,,,,0,,99991231
20,Z40000000000000001000054552000000,O,17,52,0,10,1,,,,0,,99991231
20,Z40000000000000001000054552100000,O,17,52,0,10,1,,,,0,,99991231
20,Z40000000000000001000054552200000,O,17,52,0,10,1,,,,0,,99991231
20,Z40000000000000001000054552300000,O,17,52,0,10,1,,,,0,,99991231
20,Z40000000000000001000054552400000,O,17,52,0,10,1,,,,0,,99991231
20,Z40000000000000001000054552500000,O,17,52,0,10,1,,,,0,,99991231
20,Z40000000000000001000054552600000,O,17,52,0,10,1,,,,0,,99991231
20,Z40000000000000001000054552700000,O,17,52,0,10,1,,,,0,,99991231
20,Z40000000000000001000054552800000,O,17,52,0,10,1,,,,0,,99991231
20,Z40000000000000001000054552900000,O,17,52,0,10,1,,,,0,,99991231
20,Z40000000000000001000054553000000,O,17,52,0,10,1,,,,0,,99991231
20,Z40000000000000001000054553100000,O,17,52,0,10,1,,,,0,,99991231
20,Z40000000000000001000054553200000,O,17,52,0,10,1,,,,0,,99991231
20,Z40000000000000001000054553500000,O,17,52,0,10,1,,,,0,,99991231
20,Z40000000000000001000054553600000,O,17,52,0,10,1,,,,0,,99991231
20,Z40000000000000001000054553700000,O,17,52,0,10,1,,,,0,,99991231
20,Z40000000000000001000054553800000,O,17,52,0,10,1,,,,0,,99991231
20,Z40000000000000001000054553900000,O,17,52,0,10,1,,,,0,,99991231
20,Z40000000000000001000054554000000,O,17,52,0,10,1,,,,0,,99991231
20,Z40000000000000001000054554100000,O,17,52,0,10,1,,,,0,,99991231
20,Z40000000000000001000054554200000,O,17,52,0,10,1,,,,0,,99991231
20,Z40000000000000001000054554300000,O,17,52,0,10,1,,,,0,,99991231
20,Z40000000000000001000054554400000,O,17,52,0,10,1,,,,0,,99991231
20,Z40000000000000001000054554500000,O,17,52,0,10,1,,,,0,,99991231
20,Z40000000000000001000054554600000,O,17,52,0,10,1,,,,0,,99991231
20,Z40000000000000001000054554700000,O,17,52,0,10,1,,,,0,,99991231
20,Z40000000000000001000054554800000,O,17,52,0,10,1,,,,0,,99991231
20,Z40000000000000001000054554900000,O,17,52,0,10,1,,,,0,,99991231
20,Z40000000000000001000054555000000,O,17,52,0,10,1,,,,0,,99991231
20,Z40000000000000001000054555100000,O,17,52,0,10,1,,,,0,,99991231
20,Z40000000000000001000054555200000,O,17,52,0,10,1,,,,0,,99991231
20,Z40000000000000001000054555300000,O,17,52,0,10,1,,,,0,,99991231
20,Z40000000000000001000054555400000,O,17,52,0,10,1,,,,0,,99991231
20,Z40000000000000001000054555500000,O,17,52,0,10,1,,,,0,,99991231
20,Z40000000000000001000054555600000,O,17,52,0,10,1,,,,0,,99991231
20,Z40000000000000001000054555700000,O,17,52,0,10,1,,,,0,,99991231
20,Z40000000000000001000054555800000,O,17,52,0,10,1,,,,0,,99991231
20,Z40000000000000001000054556400000,O,17,52,0,10,1,,,,0,,99991231
20,Z40000000000000001000054556500000,O,17,52,0,10,1,,,,0,,99991231
20,Z40000000000000001000054556600000,O,17,52,0,10,1,,,,0,,99991231
20,Z40000000000000001000054556700000,O,17,52,0,10,1,,,,0,,99991231
20,Z40000000000000001000054556800000,O,17,52,0,10,1,,,,0,,99991231
20,Z40000000000000001000054556900000,O,17,52,0,10,1,,,,0,,99991231
20,Z40000000000000001000054557000000,O,17,52,0,10,1,,,,0,,99991231
20,Z40000000000000001000054557100000,O,17,52,0,10,1,,,,0,,99991231
20,Z40000000000000001000054557200000,O,17,52,0,10,1,,,,0,,99991231
20,Z40000000000000001000054557300000,O,17,52,0,10,1,,,,0,,99991231
20,Z40000000000000001000054557400000,O,17,52,0,10,1,,,,0,,99991231
20,Z29000000000000001000054558800000,O,17,52,0,10,1,,,,0,,99991231
20,Z33000000000000001000054664900000,O,17,52,0,10,1,,,,0,,99991231
20,Z33000000000000001000054665000000,O,17,52,0,10,1,,,,0,,99991231
20,Z33000000000000001000054665900000,O,17,52,0,10,1,,,,0,,99991231
20,Z33000000000000001000054666000000,O,17,52,0,10,1,,,,0,,99991231
20,Z33000000000000001000054666800000,O,17,52,0,10,1,,,,0,,99991231
20,Z33000000000000001000054666900000,O,17,52,0,10,1,,,,0,,99991231
20,Z33000000000000001000054667000000,O,17,52,0,10,1,,,,0,,99991231
20,Z33000000000000001000054667100000,O,17,52,0,10,1,,,,0,,99991231
20,Z33000000000000001000054667200000,O,17,52,0,10,1,,,,0,,99991231
20,Z33000000000000001000054667300000,O,17,52,0,10,1,,,,0,,99991231
20,Z33000000000000001000054668000000,O,17,52,0,10,1,,,,0,,99991231
20,Z33000000000000001000054668100000,O,17,52,0,10,1,,,,0,,99991231
20,Z33000000000000001000054668200000,O,17,52,0,10,1,,,,0,,99991231
20,Z33000000000000001000054668300000,O,17,52,0,10,1,,,,0,,99991231
20,Z33000000000000001000054668400000,O,17,52,0,10,1,,,,0,,99991231
20,Z33000000000000001000054668600000,O,17,52,0,10,1,,,,0,,99991231
20,Z33000000000000001000054668700000,O,17,52,0,10,1,,,,0,,99991231
20,Z33000000000000001000054668800000,O,17,52,0,10,1,,,,0,,99991231
20,Z33000000000000001000054668900000,O,17,52,0,10,1,,,,0,,99991231
20,Z33000000000000001000054669000000,O,17,52,0,10,1,,,,0,,99991231
20,Z33000000000000001000054669100000,O,17,52,0,10,1,,,,0,,99991231
20,Z33000000000000001000054670900000,O,17,52,0,10,1,,,,0,,99991231
20,Z33000000000000001000054671000000,O,17,52,0,10,1,,,,0,,99991231
20,Z33000000000000001000054671100000,O,17,52,0,10,1,,,,0,,99991231
20,Z33000000000000001000054671200000,O,17,52,0,10,1,,,,0,,99991231
20,Z33000000000000001000054671300000,O,17,52,0,10,1,,,,0,,99991231
20,Z33000000000000001000054671400000,O,17,52,0,10,1,,,,0,,99991231
20,Z33000000000000001000054671500000,O,17,52,0,10,1,,,,0,,99991231
20,Z33000000000000001000054671600000,O,17,52,0,10,1,,,,0,,99991231
20,Z33000000000000001000054671700000,O,17,52,0,10,1,,,,0,,99991231
20,Z33000000000000001000054671800000,O,17,52,0,10,1,,,,0,,99991231
20,Z33000000000000001000054671900000,O,17,52,0,10,1,,,,0,,99991231
20,Z33000000000000001000054672000000,O,17,52,0,10,1,,,,0,,99991231
20,Z33000000000000001000054672100000,O,17,52,0,10,1,,,,0,,99991231
20,Z33000000000000001000054672200000,O,17,52,0,10,1,,,,0,,99991231
20,Z33000000000000001000054672300000,O,17,52,0,10,1,,,,0,,99991231
20,Z33000000000000001000054672400000,O,17,52,0,10,1,,,,0,,99991231
20,Z33000000000000001000054672500000,O,17,52,0,10,1,,,,0,,99991231
20,Z33000000000000001000054672600000,O,17,52,0,10,1,,,,0,,99991231
20,Z33000000000000001000054672700000,O,17,52,0,10,1,,,,0,,99991231
20,Z33000000000000001000054672800000,O,17,52,0,10,1,,,,0,,99991231
20,Z33000000000000001000054672900000,O,17,52,0,10,1,,,,0,,99991231
20,Z33000000000000001000054673000000,O,17,52,0,10,1,,,,0,,99991231
20,Z33000000000000001000054673100000,O,17,52,0,10,1,,,,0,,99991231
20,Z33000000000000001000054673200000,O,17,52,0,10,1,,,,0,,99991231
20,Z33000000000000001000054673300000,O,17,52,0,10,1,,,,0,,99991231
20,Z33000000000000001000054673400000,O,17,52,0,10,1,,,,0,,99991231
20,Z33000000000000001000054673500000,O,17,52,0,10,1,,,,0,,99991231
20,Z33000000000000001000054675200000,O,17,52,0,10,1,,,,0,,99991231
20,Z33000000000000001000054675300000,O,17,52,0,10,1,,,,0,,99991231
20,Z33000000000000001000054675400000,O,17,52,0,10,1,,,,0,,99991231
20,Z33000000000000001000054675500000,O,17,52,0,10,1,,,,0,,99991231
20,Z33000000000000001000054675600000,O,17,52,0,10,1,,,,0,,99991231
20,Z33000000000000001000054675700000,O,17,52,0,10,1,,,,0,,99991231
20,Z33000000000000001000054675800000,O,17,52,0,10,1,,,,0,,99991231
20,Z33000000000000001000054675900000,O,17,52,0,10,1,,,,0,,99991231
20,Z33000000000000001000054676000000,O,17,52,0,10,1,,,,0,,99991231
20,Z33000000000000001000054676100000,O,17,52,0,10,1,,,,0,,99991231
20,Z33000000000000001000054676200000,O,17,52,0,10,1,,,,0,,99991231
20,Z33000000000000001000054676300000,O,17,52,0,10,1,,,,0,,99991231
20,Z33000000000000001000054676400000,O,17,52,0,10,1,,,,0,,99991231
20,Z33000000000000001000054676500000,O,17,52,0,10,1,,,,0,,99991231
20,Z33000000000000001000054676600000,O,17,52,0,10,1,,,,0,,99991231
20,Z33000000000000001000054676700000,O,17,52,0,10,1,,,,0,,99991231
20,Z33000000000000001000054676800000,O,17,52,0,10,1,,,,0,,99991231
20,Z33000000000000001000054676900000,O,17,52,0,10,1,,,,0,,99991231
20,Z33000000000000001000054677000000,O,17,52,0,10,1,,,,0,,99991231
20,Z33000000000000001000054677100000,O,17,52,0,10,1,,,,0,,99991231
20,Z33000000000000001000054677200000,O,17,52,0,10,1,,,,0,,99991231
20,Z33000000000000001000054677300000,O,17,52,0,10,1,,,,0,,99991231
20,Z33000000000000001000054677400000,O,17,52,0,10,1,,,,0,,99991231
20,Z33000000000000001000054677500000,O,17,52,0,10,1,,,,0,,99991231
20,Z40000000000000001000054706100000,O,17,52,0,10,1,,,,0,,99991231
20,Z40000000000000001000054706200000,O,17,52,0,10,1,,,,0,,99991231
20,Z40000000000000001000054706300000,O,17,52,0,10,1,,,,0,,99991231
20,Z40000000000000001000054706400000,O,17,52,0,10,1,,,,0,,99991231
20,Z40000000000000001000054706500000,O,17,52,0,10,1,,,,0,,99991231
20,Z40000000000000001000054706600000,O,17,52,0,10,1,,,,0,,99991231
20,Z40000000000000001000054706700000,O,17,52,0,10,1,,,,0,,99991231
20,Z33000000000000001000054709500000,O,17,52,0,10,1,,,,0,,99991231
20,Z33000000000000001000054709600000,O,17,52,0,10,1,,,,0,,99991231
20,Z33000000000000001000054709700000,O,17,52,0,10,1,,,,0,,99991231
20,Z33000000000000001000054709800000,O,17,52,0,10,1,,,,0,,99991231
20,Z33000000000000001000054709900000,O,17,52,0,10,1,,,,0,,99991231
20,Z33000000000000001000054710000000,O,17,52,0,10,1,,,,0,,99991231
20,Z33000000000000001000054710100000,O,17,52,0,10,1,,,,0,,99991231
20,Z33000000000000001000054710200000,O,17,52,0,10,1,,,,0,,99991231
20,Z33000000000000001000054710300000,O,17,52,0,10,1,,,,0,,99991231
20,Z33000000000000001000054710400000,O,17,52,0,10,1,,,,0,,99991231
20,Z33000000000000001000054710500000,O,17,52,0,10,1,,,,0,,99991231
20,Z33000000000000001000054710600000,O,17,52,0,10,1,,,,0,,99991231
20,Z33000000000000001000054710700000,O,17,52,0,10,1,,,,0,,99991231
20,Z33000000000000001000054710800000,O,17,52,0,10,1,,,,0,,99991231
20,Z33000000000000001000054710900000,O,17,52,0,10,1,,,,0,,99991231
20,Z33000000000000001000054711000000,O,17,52,0,10,1,,,,0,,99991231
20,Z33000000000000001000054711100000,O,17,52,0,10,1,,,,0,,99991231
20,Z33000000000000001000054711200000,O,17,52,0,10,1,,,,0,,99991231
20,Z33000000000000001000054711300000,O,17,52,0,10,1,,,,0,,99991231
20,Z33000000000000001000054711400000,O,17,52,0,10,1,,,,0,,99991231
20,Z33000000000000001000054711500000,O,17,52,0,10,1,,,,0,,99991231
20,Z33000000000000001000054711600000,O,17,52,0,10,1,,,,0,,99991231
20,Z33000000000000001000054711900000,O,17,52,0,10,1,,,,0,,99991231
20,Z33000000000000001000054712000000,O,17,52,0,10,1,,,,0,,99991231
20,Z33000000000000001000054712100000,O,17,52,0,10,1,,,,0,,99991231
20,Z33000000000000001000054712200000,O,17,52,0,10,1,,,,0,,99991231
20,Z33000000000000001000054713300000,O,17,52,0,10,1,,,,0,,99991231
20,Z33000000000000001000054713400000,O,17,52,0,10,1,,,,0,,99991231
20,Z33000000000000001000054713500000,O,17,52,0,10,1,,,,0,,99991231
20,Z33000000000000001000054713600000,O,17,52,0,10,1,,,,0,,99991231
20,Z33000000000000001000054713700000,O,17,52,0,10,1,,,,0,,99991231
20,Z33000000000000001000054713800000,O,17,52,0,10,1,,,,0,,99991231
20,Z33000000000000001000054713900000,O,17,52,0,10,1,,,,0,,99991231
20,Z33000000000000001000054714000000,O,17,52,0,10,1,,,,0,,99991231
20,Z33000000000000001000054714100000,O,17,52,0,10,1,,,,0,,99991231
20,Z33000000000000001000054714200000,O,17,52,0,10,1,,,,0,,99991231
20,Z33000000000000001000054714500000,O,17,52,0,10,1,,,,0,,99991231
20,Z33000000000000001000054714600000,O,17,52,0,10,1,,,,0,,99991231
20,Z33000000000000001000054714900000,O,17,52,0,10,1,,,,0,,99991231
20,Z33000000000000001000054715000000,O,17,52,0,10,1,,,,0,,99991231
20,Z33000000000000001000054715300000,O,17,52,0,10,1,,,,0,,99991231
20,Z33000000000000001000054715400000,O,17,52,0,10,1,,,,0,,99991231
20,Z33000000000000001000054715500000,O,17,52,0,10,1,,,,0,,99991231
20,Z33000000000000001000054715900000,O,17,52,0,10,1,,,,0,,99991231
20,Z33000000000000001000054716000000,O,17,52,0,10,1,,,,0,,99991231
20,Z33000000000000001000054716400000,O,17,52,0,10,1,,,,0,,99991231
20,Z33000000000000001000054716500000,O,17,52,0,10,1,,,,0,,99991231
20,Z33000000000000001000054716600000,O,17,52,0,10,1,,,,0,,99991231
20,Z33000000000000001000054716700000,O,17,52,0,10,1,,,,0,,99991231
20,Z33000000000000001000054716800000,O,17,52,0,10,1,,,,0,,99991231
20,Z33000000000000001000054717100000,O,17,52,0,10,1,,,,0,,99991231
20,Z33000000000000001000054717200000,O,17,52,0,10,1,,,,0,,99991231
20,Z33000000000000001000054717300000,O,17,52,0,10,1,,,,0,,99991231
20,Z38000000000000001000055437100000,O,17,52,0,10,1,,,,0,,99991231
20,Z38000000000000001000055437200000,O,17,52,0,10,1,,,,0,,99991231
20,Z38000000000000001000055437300000,O,17,52,0,10,1,,,,0,,99991231
20,Z38000000000000001000055437400000,O,17,52,0,10,1,,,,0,,99991231
20,Z38000000000000001000055437500000,O,17,52,0,10,1,,,,0,,99991231
20,Z38000000000000001000055437600000,O,17,52,0,10,1,,,,0,,99991231
20,Z38000000000000001000055437700000,O,17,52,0,10,1,,,,0,,99991231
20,Z38000000000000001000055437800000,O,17,52,0,10,1,,,,0,,99991231
20,Z38000000000000001000055437900000,O,17,52,0,10,1,,,,0,,99991231
20,Z38000000000000001000055438000000,O,17,52,0,10,1,,,,0,,99991231
20,Z38000000000000001000055438100000,O,17,52,0,10,1,,,,0,,99991231
20,Z38000000000000001000055438200000,O,17,52,0,10,1,,,,0,,99991231
20,Z38000000000000001000055438300000,O,17,52,0,10,1,,,,0,,99991231
20,Z40000000000000001000055438400000,O,17,52,0,10,1,,,,0,,99991231
20,Z40000000000000001000055438500000,O,17,52,0,10,1,,,,0,,99991231
20,Z40000000000000001000055438600000,O,17,52,0,10,1,,,,0,,99991231
20,Z40000000000000001000055438700000,O,17,52,0,10,1,,,,0,,99991231
20,Z40000000000000001000055438900000,O,17,52,0,10,1,,,,0,,99991231
20,Z38000000000000001000055438800000,O,17,52,0,10,1,,,,0,,99991231
20,Z40000000000000001000055439000000,O,17,52,0,10,1,,,,0,,99991231
20,Z40000000000000001000055439100000,O,17,52,0,10,1,,,,0,,99991231
20,Z38000000000000001000055439200000,O,17,52,0,10,1,,,,0,,99991231
20,Z38000000000000001000055439300000,O,17,52,0,10,1,,,,0,,99991231
20,Z38000000000000001000055439400000,O,17,52,0,10,1,,,,0,,99991231
20,Z38000000000000001000055439500000,O,17,52,0,10,1,,,,0,,99991231
20,Z38000000000000001000055439600000,O,17,52,0,10,1,,,,0,,99991231
20,Z38000000000000001000055439700000,O,17,52,0,10,1,,,,0,,99991231
20,Z38000000000000001000055439800000,O,17,52,0,10,1,,,,0,,99991231
20,Z38000000000000001000055439900000,O,17,52,0,10,1,,,,0,,99991231
20,Z38000000000000001000055440000000,O,17,52,0,10,1,,,,0,,99991231
20,Z38000000000000001000055440200000,O,17,52,0,10,1,,,,0,,99991231
20,Z38000000000000001000055440300000,O,17,52,0,10,1,,,,0,,99991231
20,Z38000000000000001000055440400000,O,17,52,0,10,1,,,,0,,99991231
20,Z38000000000000001000055440500000,O,17,52,0,10,1,,,,0,,99991231
20,Z38000000000000001000055440600000,O,17,52,0,10,1,,,,0,,99991231
20,Z38000000000000001000055440700000,O,17,52,0,10,1,,,,0,,99991231
20,Z38000000000000001000055440900000,O,17,52,0,10,1,,,,0,,99991231
20,Z38000000000000001000055441000000,O,17,52,0,10,1,,,,0,,99991231
20,Z38000000000000001000055441100000,O,17,52,0,10,1,,,,0,,99991231
20,Z38000000000000001000055441200000,O,17,52,0,10,1,,,,0,,99991231
20,Z38000000000000001000055441300000,O,17,52,0,10,1,,,,0,,99991231
20,Z38000000000000001000055441400000,O,17,52,0,10,1,,,,0,,99991231
20,Z38000000000000001000055441500000,O,17,52,0,10,1,,,,0,,99991231
20,Z38000000000000001000055441600000,O,17,52,0,10,1,,,,0,,99991231
20,Z38000000000000001000055441700000,O,17,52,0,10,1,,,,0,,99991231
20,Z38000000000000001000055441800000,O,17,52,0,10,1,,,,0,,99991231
20,Z38000000000000001000055441900000,O,17,52,0,10,1,,,,0,,99991231
20,Z38000000000000001000055442000000,O,17,52,0,10,1,,,,0,,99991231
20,Z38000000000000001000055442100000,O,17,52,0,10,1,,,,0,,99991231
20,Z38000000000000001000055442200000,O,17,52,0,10,1,,,,0,,99991231
20,Z38000000000000001000055442300000,O,17,52,0,10,1,,,,0,,99991231
20,Z38000000000000001000055442400000,O,17,52,0,10,1,,,,0,,99991231
20,Z38000000000000001000055442500000,O,17,52,0,10,1,,,,0,,99991231
20,Z38000000000000001000055442600000,O,17,52,0,10,1,,,,0,,99991231
20,Z38000000000000001000055442700000,O,17,52,0,10,1,,,,0,,99991231
20,Z38000000000000001000055442800000,O,17,52,0,10,1,,,,0,,99991231
20,Z38000000000000001000055442900000,O,17,52,0,10,1,,,,0,,99991231
20,Z38000000000000001000055443000000,O,17,52,0,10,1,,,,0,,99991231
20,Z38000000000000001000055443100000,O,17,52,0,10,1,,,,0,,99991231
20,Z38000000000000001000055443200000,O,17,52,0,10,1,,,,0,,99991231
20,Z38000000000000001000055443300000,O,17,52,0,10,1,,,,0,,99991231
20,Z38000000000000001000055443400000,O,17,52,0,10,1,,,,0,,99991231
20,Z38000000000000001000055443500000,O,17,52,0,10,1,,,,0,,99991231
20,Z38000000000000001000055443600000,O,17,52,0,10,1,,,,0,,99991231
20,Z38000000000000001000055443700000,O,17,52,0,10,1,,,,0,,99991231
20,Z38000000000000001000055443800000,O,17,52,0,10,1,,,,0,,99991231
20,Z38000000000000001000055443900000,O,17,52,0,10,1,,,,0,,99991231
20,Z38000000000000001000055444000000,O,17,52,0,10,1,,,,0,,99991231
20,Z38000000000000001000055444100000,O,17,52,0,10,1,,,,0,,99991231
20,Z38000000000000001000055444200000,O,17,52,0,10,1,,,,0,,99991231
20,Z38000000000000001000055444300000,O,17,52,0,10,1,,,,0,,99991231
20,Z38000000000000001000055444400000,O,17,52,0,10,1,,,,0,,99991231
20,Z38000000000000001000055444500000,O,17,52,0,10,1,,,,0,,99991231
20,Z38000000000000001000055444600000,O,17,52,0,10,1,,,,0,,99991231
20,Z38000000000000001000055444700000,O,17,52,0,10,1,,,,0,,99991231
20,Z38000000000000001000055444800000,O,17,52,0,10,1,,,,0,,99991231
20,Z38000000000000001000055444900000,O,17,52,0,10,1,,,,0,,99991231
20,Z38000000000000001000055445100000,O,17,52,0,10,1,,,,0,,99991231
20,Z38000000000000001000055445300000,O,17,52,0,10,1,,,,0,,99991231
20,Z38000000000000001000055445400000,O,17,52,0,10,1,,,,0,,99991231
20,Z38000000000000001000055445500000,O,17,52,0,10,1,,,,0,,99991231
20,Z38000000000000001000055445600000,O,17,52,0,10,1,,,,0,,99991231
20,Z38000000000000001000055445700000,O,17,52,0,10,1,,,,0,,99991231
20,Z40000000000000001000055446700000,O,17,52,0,10,1,,,,0,,99991231
20,Z40000000000000001000055446800000,O,17,52,0,10,1,,,,0,,99991231
20,Z40000000000000001000055446900000,O,17,52,0,10,1,,,,0,,99991231
20,Z40000000000000001000055447000000,O,17,52,0,10,1,,,,0,,99991231
20,Z40000000000000001000055447100000,O,17,52,0,10,1,,,,0,,99991231
20,Z40000000000000001000055447200000,O,17,52,0,10,1,,,,0,,99991231
20,Z40000000000000001000055448400000,O,17,52,0,10,1,,,,0,,99991231
20,Z40000000000000001000055448500000,O,17,52,0,10,1,,,,0,,99991231
20,Z40000000000000001000055448600000,O,17,52,0,10,1,,,,0,,99991231
20,Z40000000000000001000055448700000,O,17,52,0,10,1,,,,0,,99991231
20,Z40000000000000001000055448800000,O,17,52,0,10,1,,,,0,,99991231
20,Z40000000000000001000055449000000,O,17,52,0,10,1,,,,0,,99991231
20,Z40000000000000001000055449100000,O,17,52,0,10,1,,,,0,,99991231
20,Z33000000000000001000055449200000,O,17,52,0,10,1,,,,0,,99991231
20,Z33000000000000001000055449300000,O,17,52,0,10,1,,,,0,,99991231
20,Z33000000000000001000055449500000,O,17,52,0,10,1,,,,0,,99991231
20,Z33000000000000001000055449600000,O,17,52,0,10,1,,,,0,,99991231
20,Z33000000000000001000055449700000,O,17,52,0,10,1,,,,0,,99991231
20,Z33000000000000001000055449800000,O,17,52,0,10,1,,,,0,,99991231
20,Z33000000000000001000055449900000,O,17,52,0,10,1,,,,0,,99991231
20,Z33000000000000001000055450000000,O,17,52,0,10,1,,,,0,,99991231
20,Z33000000000000001000055450100000,O,17,52,0,10,1,,,,0,,99991231
20,Z33000000000000001000055450200000,O,17,52,0,10,1,,,,0,,99991231
20,Z33000000000000001000055450300000,O,17,52,0,10,1,,,,0,,99991231
20,Z33000000000000001000055450500000,O,17,52,0,10,1,,,,0,,99991231
20,Z33000000000000001000055450600000,O,17,52,0,10,1,,,,0,,99991231
20,Z33000000000000001000055450700000,O,17,52,0,10,1,,,,0,,99991231
20,Z33000000000000001000055450800000,O,17,52,0,10,1,,,,0,,99991231
20,Z40000000000000001000055453900000,O,17,52,0,10,1,,,,0,,99991231
20,Z40000000000000001000055454000000,O,17,52,0,10,1,,,,0,,99991231
20,Z38000000000000001000055456200000,O,17,52,0,10,1,,,,0,,99991231
20,Z38000000000000001000055456300000,O,17,52,0,10,1,,,,0,,99991231
20,Z38000000000000001000055456400000,O,17,52,0,10,1,,,,0,,99991231
20,Z38000000000000001000055456500000,O,17,52,0,10,1,,,,0,,99991231
20,Z38000000000000001000055456600000,O,17,52,0,10,1,,,,0,,99991231
20,Z38000000000000001000055456700000,O,17,52,0,10,1,,,,0,,99991231
20,Z38000000000000001000055456800000,O,17,52,0,10,1,,,,0,,99991231
20,Z38000000000000001000055457000000,O,17,52,0,10,1,,,,0,,99991231
20,Z38000000000000001000055457100000,O,17,52,0,10,1,,,,0,,99991231
20,Z38000000000000001000055457200000,O,17,52,0,10,1,,,,0,,99991231
20,Z38000000000000001000055457300000,O,17,52,0,10,1,,,,0,,99991231
20,Z38000000000000001000055457400000,O,17,52,0,10,1,,,,0,,99991231
20,Z38000000000000001000055457500000,O,17,52,0,10,1,,,,0,,99991231
20,Z38000000000000001000055457600000,O,17,52,0,10,1,,,,0,,99991231
20,Z38000000000000001000055457700000,O,17,52,0,10,1,,,,0,,99991231
20,Z38000000000000001000055457800000,O,17,52,0,10,1,,,,0,,99991231
20,Z38000000000000001000055457900000,O,17,52,0,10,1,,,,0,,99991231
20,Z38000000000000001000055458000000,O,17,52,0,10,1,,,,0,,99991231
20,Z38000000000000001000055458100000,O,17,52,0,10,1,,,,0,,99991231
20,Z33000000000000001000055756600000,O,17,52,0,10,1,,,,0,,99991231
20,Z33000000000000001000055756700000,O,17,52,0,10,1,,,,0,,99991231
20,Z33000000000000001000055756800000,O,17,52,0,10,1,,,,0,,99991231
20,Z33000000000000001000055756900000,O,17,52,0,10,1,,,,0,,99991231
20,Z33000000000000001000055757000000,O,17,52,0,10,1,,,,0,,99991231
20,Z33000000000000001000055757100000,O,17,52,0,10,1,,,,0,,99991231
20,Z33000000000000001000055757200000,O,17,52,0,10,1,,,,0,,99991231
20,Z33000000000000001000055757300000,O,17,52,0,10,1,,,,0,,99991231
20,Z33000000000000001000055757400000,O,17,52,0,10,1,,,,0,,99991231
20,Z33000000000000001000055757500000,O,17,52,0,10,1,,,,0,,99991231
20,Z33000000000000001000055757600000,O,17,52,0,10,1,,,,0,,99991231
20,Z33000000000000001000055757800000,O,17,52,0,10,1,,,,0,,99991231
20,Z33000000000000001000055757900000,O,17,52,0,10,1,,,,0,,99991231
20,Z33000000000000001000055758000000,O,17,52,0,10,1,,,,0,,99991231
20,Z33000000000000001000055758100000,O,17,52,0,10,1,,,,0,,99991231
20,Z33000000000000001000055758200000,O,17,52,0,10,1,,,,0,,99991231
20,Z33000000000000001000055758300000,O,17,52,0,10,1,,,,0,,99991231
20,Z33000000000000001000055758400000,O,17,52,0,10,1,,,,0,,99991231
20,Z33000000000000001000055758500000,O,17,52,0,10,1,,,,0,,99991231
20,Z33000000000000001000055758600000,O,17,52,0,10,1,,,,0,,99991231
20,Z33000000000000001000055758700000,O,17,52,0,10,1,,,,0,,99991231
20,Z33000000000000001000055758800000,O,17,52,0,10,1,,,,0,,99991231
20,Z33000000000000001000055758900000,O,17,52,0,10,1,,,,0,,99991231
20,Z33000000000000001000055759000000,O,17,52,0,10,1,,,,0,,99991231
20,Z33000000000000001000055759200000,O,17,52,0,10,1,,,,0,,99991231
20,Z40000000000000001000055760500000,O,17,52,0,10,1,,,,0,,99991231
20,Z40000000000000001000055760600000,O,17,52,0,10,1,,,,0,,99991231
20,Z40000000000000001000055760700000,O,17,52,0,10,1,,,,0,,99991231
20,Z33000000000000001000055761100000,O,17,52,0,10,1,,,,0,,99991231
20,Z33000000000000001000055761200000,O,17,52,0,10,1,,,,0,,99991231
20,Z33000000000000001000055761300000,O,17,52,0,10,1,,,,0,,99991231
20,Z33000000000000001000055761400000,O,17,52,0,10,1,,,,0,,99991231
20,Z33000000000000001000055761500000,O,17,52,0,10,1,,,,0,,99991231
20,Z33000000000000001000055761600000,O,17,52,0,10,1,,,,0,,99991231
20,Z33000000000000001000055761700000,O,17,52,0,10,1,,,,0,,99991231
20,Z33000000000000001000055761800000,O,17,52,0,10,1,,,,0,,99991231
20,Z33000000000000001000055761900000,O,17,52,0,10,1,,,,0,,99991231
20,Z33000000000000001000055762000000,O,17,52,0,10,1,,,,0,,99991231
20,Z33000000000000001000055762100000,O,17,52,0,10,1,,,,0,,99991231
20,Z33000000000000001000055762200000,O,17,52,0,10,1,,,,0,,99991231
20,Z33000000000000001000055762300000,O,17,52,0,10,1,,,,0,,99991231
20,Z33000000000000001000055762400000,O,17,52,0,10,1,,,,0,,99991231
20,Z33000000000000001000055762500000,O,17,52,0,10,1,,,,0,,99991231
20,Z33000000000000001000055762600000,O,17,52,0,10,1,,,,0,,99991231
20,Z33000000000000001000055762700000,O,17,52,0,10,1,,,,0,,99991231
20,Z33000000000000001000055762800000,O,17,52,0,10,1,,,,0,,99991231
20,Z33000000000000001000055762900000,O,17,52,0,10,1,,,,0,,99991231
20,Z33000000000000001000055763100000,O,17,52,0,10,1,,,,0,,99991231
20,Z33000000000000001000055763200000,O,17,52,0,10,1,,,,0,,99991231
20,Z33000000000000001000055763300000,O,17,52,0,10,1,,,,0,,99991231
20,Z33000000000000001000055765100000,O,17,52,0,10,1,,,,0,,99991231
20,Z33000000000000001000055765200000,O,17,52,0,10,1,,,,0,,99991231
20,Z33000000000000001000055765300000,O,17,52,0,10,1,,,,0,,99991231
20,Z33000000000000001000055765400000,O,17,52,0,10,1,,,,0,,99991231
20,Z33000000000000001000055765500000,O,17,52,0,10,1,,,,0,,99991231
20,Z33000000000000001000055765600000,O,17,52,0,10,1,,,,0,,99991231
20,Z33000000000000001000055765700000,O,17,52,0,10,1,,,,0,,99991231
20,Z33000000000000001000055765800000,O,17,52,0,10,1,,,,0,,99991231
20,Z33000000000000001000055765900000,O,17,52,0,10,1,,,,0,,99991231
20,Z33000000000000001000055766000000,O,17,52,0,10,1,,,,0,,99991231
20,Z33000000000000001000055766100000,O,17,52,0,10,1,,,,0,,99991231
20,Z33000000000000001000055766200000,O,17,52,0,10,1,,,,0,,99991231
20,Z33000000000000001000055766300000,O,17,52,0,10,1,,,,0,,99991231
20,Z33000000000000001000055766400000,O,17,52,0,10,1,,,,0,,99991231
20,Z33000000000000001000055766500000,O,17,52,0,10,1,,,,0,,99991231
20,Z33000000000000001000055766600000,O,17,52,0,10,1,,,,0,,99991231
20,Z33000000000000001000055766700000,O,17,52,0,10,1,,,,0,,99991231
20,Z33000000000000001000055770100000,O,17,52,0,10,1,,,,0,,99991231
20,Z33000000000000001000055770200000,O,17,52,0,10,1,,,,0,,99991231
20,Z33000000000000001000055770300000,O,17,52,0,10,1,,,,0,,99991231
20,Z33000000000000001000055771500000,O,17,52,0,10,1,,,,0,,99991231
20,Z33000000000000001000055771600000,O,17,52,0,10,1,,,,0,,99991231
20,Z33000000000000001000055771700000,O,17,52,0,10,1,,,,0,,99991231
20,Z33000000000000001000055771800000,O,17,52,0,10,1,,,,0,,99991231
20,Z33000000000000001000055771900000,O,17,52,0,10,1,,,,0,,99991231
20,Z33000000000000001000055772000000,O,17,52,0,10,1,,,,0,,99991231
20,Z33000000000000001000055772100000,O,17,52,0,10,1,,,,0,,99991231
20,Z33000000000000001000055772200000,O,17,52,0,10,1,,,,0,,99991231
20,Z40000000000000001000055772400000,O,17,52,0,10,1,,,,0,,99991231
20,Z40000000000000001000055772600000,O,17,52,0,10,1,,,,0,,99991231
20,Z40000000000000001000055772500000,O,17,52,0,10,1,,,,0,,99991231
20,Z40000000000000001000055772700000,O,17,52,0,10,1,,,,0,,99991231
20,Z40000000000000001000055772800000,O,17,52,0,10,1,,,,0,,99991231
20,Z40000000000000001000055772900000,O,17,52,0,10,1,,,,0,,99991231
20,Z40000000000000001000055775200000,O,17,52,0,10,1,,,,0,,99991231
20,Z40000000000000001000055775300000,O,17,52,0,10,1,,,,0,,99991231
20,Z40000000000000001000055775400000,O,17,52,0,10,1,,,,0,,99991231
20,Z40000000000000001000055775600000,O,17,52,0,10,1,,,,0,,99991231
20,Z40000000000000001000055775500000,O,17,52,0,10,1,,,,0,,99991231
20,Z40000000000000001000055775700000,O,17,52,0,10,1,,,,0,,99991231
20,Z40000000000000001000055775800000,O,17,52,0,10,1,,,,0,,99991231
20,Z33000000000000001000055778700000,O,17,52,0,10,1,,,,0,,99991231
20,Z33000000000000001000055778800000,O,17,52,0,10,1,,,,0,,99991231
20,Z33000000000000001000055778900000,O,17,52,0,10,1,,,,0,,99991231
20,Z33000000000000001000055779000000,O,17,52,0,10,1,,,,0,,99991231
20,Z33000000000000001000055779100000,O,17,52,0,10,1,,,,0,,99991231
20,Z33000000000000001000055779200000,O,17,52,0,10,1,,,,0,,99991231
20,Z33000000000000001000055779300000,O,17,52,0,10,1,,,,0,,99991231
20,Z33000000000000001000055779400000,O,17,52,0,10,1,,,,0,,99991231
20,Z33000000000000001000055779500000,O,17,52,0,10,1,,,,0,,99991231
20,Z33000000000000001000055779700000,O,17,52,0,10,1,,,,0,,99991231
20,Z33000000000000001000055779800000,O,17,52,0,10,1,,,,0,,99991231
20,Z33000000000000001000055779900000,O,17,52,0,10,1,,,,0,,99991231
20,Z33000000000000001000055780000000,O,17,52,0,10,1,,,,0,,99991231
20,Z40000000000000001000055783000000,O,17,52,0,10,1,,,,0,,99991231
20,Z40000000000000001000055783100000,O,17,52,0,10,1,,,,0,,99991231
20,Z40000000000000001000055783200000,O,17,52,0,10,1,,,,0,,99991231
20,Z40000000000000001000055783300000,O,17,52,0,10,1,,,,0,,99991231
20,Z40000000000000001000055783400000,O,17,52,0,10,1,,,,0,,99991231
20,Z40000000000000001000055783500000,O,17,52,0,10,1,,,,0,,99991231
20,Z40000000000000001000055784300000,O,17,52,0,10,1,,,,0,,99991231
20,Z40000000000000001000055784400000,O,17,52,0,10,1,,,,0,,99991231
20,Z40000000000000001000055784500000,O,17,52,0,10,1,,,,0,,99991231
20,Z40000000000000001000055784600000,O,17,52,0,10,1,,,,0,,99991231
20,Z40000000000000001000055784700000,O,17,52,0,10,1,,,,0,,99991231
20,Z40000000000000001000055784800000,O,17,52,0,10,1,,,,0,,99991231
20,Z33000000000000001000055785500000,O,17,52,0,10,1,,,,0,,99991231
20,Z33000000000000001000055785600000,O,17,52,0,10,1,,,,0,,99991231
20,Z33000000000000001000055785700000,O,17,52,0,10,1,,,,0,,99991231
20,Z33000000000000001000055785800000,O,17,52,0,10,1,,,,0,,99991231
20,Z33000000000000001000055785900000,O,17,52,0,10,1,,,,0,,99991231
20,Z33000000000000001000055786000000,O,17,52,0,10,1,,,,0,,99991231
20,Z33000000000000001000055786100000,O,17,52,0,10,1,,,,0,,99991231
20,Z40000000000000001000055786200000,O,17,52,0,10,1,,,,0,,99991231
20,Z40000000000000001000055786300000,O,17,52,0,10,1,,,,0,,99991231
20,Z40000000000000001000055786400000,O,17,52,0,10,1,,,,0,,99991231
20,Z40000000000000001000055786500000,O,17,52,0,10,1,,,,0,,99991231
20,Z40000000000000001000055786600000,O,17,52,0,10,1,,,,0,,99991231
20,Z40000000000000001000055786700000,O,17,52,0,10,1,,,,0,,99991231
20,Z33000000000000001000055787100000,O,17,52,0,10,1,,,,0,,99991231
20,Z33000000000000001000055787200000,O,17,52,0,10,1,,,,0,,99991231
20,Z38000000000000001000055787400000,O,17,52,0,10,1,,,,0,,99991231
20,Z29000000000000001000014153101000,O,17,52,0,10,1,,,,0,,99991231
20,Z29000000000000001000014153202000,O,17,52,0,10,1,,,,0,,99991231
20,Z29000000000000001000014153301000,O,17,52,0,10,1,,,,0,,99991231
20,Z29000000000000001000014153401000,O,17,52,0,10,1,,,,0,,99991231
20,Z29000000000000001000014153501000,O,17,52,0,10,1,,,,0,,99991231
20,Z29000000000000001000001662105000,O,17,52,0,10,1,,,,0,,99991231
20,Z29000000000000001000001662106000,O,17,52,0,10,1,,,,0,,99991231
20,Z29000000000000001000001662204000,O,17,52,0,10,1,,,,0,,99991231
20,Z29000000000000001000001662205000,O,17,52,0,10,1,,,,0,,99991231
20,Z29000000000000001000001545910000,O,17,52,0,10,1,,,,0,,99991231
20,Z29000000000000001000001545911000,O,17,52,0,10,1,,,,0,,99991231
20,Z40000000000000001000056167800000,O,17,52,0,10,1,,,,0,,99991231
20,Z40000000000000001000056167900000,O,17,52,0,10,1,,,,0,,99991231
20,Z40000000000000001000056168000000,O,17,52,0,10,1,,,,0,,99991231
20,Z40000000000000001000056168100000,O,17,52,0,10,1,,,,0,,99991231
20,Z40000000000000001000056168200000,O,17,52,0,10,1,,,,0,,99991231
20,Z40000000000000001000056202200000,O,17,52,0,10,1,,,,0,,99991231
20,Z40000000000000001000056202300000,O,17,52,0,10,1,,,,0,,99991231
20,Z40000000000000001000056202400000,O,17,52,0,10,1,,,,0,,99991231
20,Z40000000000000001000056202500000,O,17,52,0,10,1,,,,0,,99991231
20,Z40000000000000001000056202600000,O,17,52,0,10,1,,,,0,,99991231
20,Z40000000000000001000056202700000,O,17,52,0,10,1,,,,0,,99991231
20,Z40000000000000001000056203700000,O,17,52,0,10,1,,,,0,,99991231
20,Z40000000000000001000056203800000,O,17,52,0,10,1,,,,0,,99991231
20,Z40000000000000001000056203900000,O,17,52,0,10,1,,,,0,,99991231
20,Z40000000000000001000056204000000,O,17,52,0,10,1,,,,0,,99991231
20,Z40000000000000001000056204100000,O,17,52,0,10,1,,,,0,,99991231
20,Z40000000000000001000056204200000,O,17,52,0,10,1,,,,0,,99991231
20,Z40000000000000001000056204300000,O,17,52,0,10,1,,,,0,,99991231
20,Z33000000000000001000056206300000,O,17,52,0,10,1,,,,0,,99991231
20,Z33000000000000001000056206400000,O,17,52,0,10,1,,,,0,,99991231
20,Z33000000000000001000056206500000,O,17,52,0,10,1,,,,0,,99991231
20,Z33000000000000001000056206800000,O,17,52,0,10,1,,,,0,,99991231
20,Z33000000000000001000056206900000,O,17,52,0,10,1,,,,0,,99991231
20,Z33000000000000001000056207000000,O,17,52,0,10,1,,,,0,,99991231
20,Z33000000000000001000056207100000,O,17,52,0,10,1,,,,0,,99991231
20,Z33000000000000001000056207200000,O,17,52,0,10,1,,,,0,,99991231
20,Z33000000000000001000056207300000,O,17,52,0,10,1,,,,0,,99991231
20,Z33000000000000001000056208600000,O,17,52,0,10,1,,,,0,,99991231
20,Z33000000000000001000056208700000,O,17,52,0,10,1,,,,0,,99991231
20,Z33000000000000001000056208800000,O,17,52,0,10,1,,,,0,,99991231
20,Z33000000000000001000056209300000,O,17,52,0,10,1,,,,0,,99991231
20,Z33000000000000001000056209400000,O,17,52,0,10,1,,,,0,,99991231
20,Z33000000000000001000056209500000,O,17,52,0,10,1,,,,0,,99991231
20,Z33000000000000001000056209600000,O,17,52,0,10,1,,,,0,,99991231
20,Z33000000000000001000056209700000,O,17,52,0,10,1,,,,0,,99991231
20,Z33000000000000001000056210700000,O,17,52,0,10,1,,,,0,,99991231
20,Z33000000000000001000056210800000,O,17,52,0,10,1,,,,0,,99991231
20,Z33000000000000001000056210900000,O,17,52,0,10,1,,,,0,,99991231
20,Z33000000000000001000056211400000,O,17,52,0,10,1,,,,0,,99991231
20,Z33000000000000001000056211500000,O,17,52,0,10,1,,,,0,,99991231
20,Z33000000000000001000056211600000,O,17,52,0,10,1,,,,0,,99991231
20,Z33000000000000001000056212300000,O,17,52,0,10,1,,,,0,,99991231
20,Z33000000000000001000056212400000,O,17,52,0,10,1,,,,0,,99991231
20,Z33000000000000001000056212500000,O,17,52,0,10,1,,,,0,,99991231
20,Z33000000000000001000056212900000,O,17,52,0,10,1,,,,0,,99991231
20,Z33000000000000001000056213000000,O,17,52,0,10,1,,,,0,,99991231
20,Z33000000000000001000056213100000,O,17,52,0,10,1,,,,0,,99991231
20,Z29000000000000001000036664202000,O,17,52,0,10,1,,,,0,,99991231
20,Z29000000000000001000036663701000,O,17,52,0,10,1,,,,0,,99991231
20,Z29000000000000001000036663601000,O,17,52,0,10,1,,,,0,,99991231
20,Z33000000000000001000056214000000,O,17,52,0,10,1,,,,0,,99991231
20,Z33000000000000001000056214100000,O,17,52,0,10,1,,,,0,,99991231
20,Z29000000000000001000056214900000,O,17,52,0,10,1,,,,0,,99991231
20,Z40000000000000001000056215300000,O,17,52,0,10,1,,,,0,,99991231
20,Z40000000000000001000056215400000,O,17,52,0,10,1,,,,0,,99991231
20,Z40000000000000001000056215500000,O,17,52,0,10,1,,,,0,,99991231
20,Z40000000000000001000056215600000,O,17,52,0,10,1,,,,0,,99991231
20,Z40000000000000001000056215700000,O,17,52,0,10,1,,,,0,,99991231
20,Z40000000000000001000056215800000,O,17,52,0,10,1,,,,0,,99991231
20,Z40000000000000001000056215900000,O,17,52,0,10,1,,,,0,,99991231
20,Z33000000000000001000056216000000,O,17,52,0,10,1,,,,0,,99991231
20,Z33000000000000001000056216100000,O,17,52,0,10,1,,,,0,,99991231
20,Z29000000000000001000056216300000,O,17,52,0,10,1,,,,0,,99991231
20,Z33000000000000001000056217000000,O,17,52,0,10,1,,,,0,,99991231
20,Z33000000000000001000056217100000,O,17,52,0,10,1,,,,0,,99991231
20,Z40000000000000001000056217400000,O,17,52,0,10,1,,,,0,,99991231
20,Z40000000000000001000056217500000,O,17,52,0,10,1,,,,0,,99991231
20,Z33000000000000001000056217900000,O,17,52,0,10,1,,,,0,,99991231
20,Z33000000000000001000056218000000,O,17,52,0,10,1,,,,0,,99991231
20,Z33000000000000001000056218300000,O,17,52,0,10,1,,,,0,,99991231
20,Z33000000000000001000056218400000,O,17,52,0,10,1,,,,0,,99991231
20,Z33000000000000001000056218800000,O,17,52,0,10,1,,,,0,,99991231
20,Z33000000000000001000056218900000,O,17,52,0,10,1,,,,0,,99991231
20,Z33000000000000001000056220200000,O,17,52,0,10,1,,,,0,,99991231
20,Z33000000000000001000056220300000,O,17,52,0,10,1,,,,0,,99991231
20,Z33000000000000001000056220800000,O,17,52,0,10,1,,,,0,,99991231
20,Z33000000000000001000056220900000,O,17,52,0,10,1,,,,0,,99991231
20,Z33000000000000001000056222000000,O,17,52,0,10,1,,,,0,,99991231
20,Z33000000000000001000056222100000,O,17,52,0,10,1,,,,0,,99991231
20,Z33000000000000001000056222800000,O,17,52,0,10,1,,,,0,,99991231
20,Z33000000000000001000056222900000,O,17,52,0,10,1,,,,0,,99991231
20,Z33000000000000001000056223400000,O,17,52,0,10,1,,,,0,,99991231
20,Z33000000000000001000056223500000,O,17,52,0,10,1,,,,0,,99991231
20,Z33000000000000001000056223600000,O,17,52,0,10,1,,,,0,,99991231
20,Z40000000000000001000056224400000,O,17,52,0,10,1,,,,0,,99991231
20,Z40000000000000001000056224500000,O,17,52,0,10,1,,,,0,,99991231
20,Z40000000000000001000056224600000,O,17,52,0,10,1,,,,0,,99991231
20,Z40000000000000001000056224700000,O,17,52,0,10,1,,,,0,,99991231
20,Z40000000000000001000056224800000,O,17,52,0,10,1,,,,0,,99991231
20,Z40000000000000001000056224900000,O,17,52,0,10,1,,,,0,,99991231
20,Z40000000000000001000056225900000,O,17,52,0,10,1,,,,0,,99991231
20,Z40000000000000001000056228200000,O,17,52,0,10,1,,,,0,,99991231
20,Z40000000000000001000056228300000,O,17,52,0,10,1,,,,0,,99991231
20,Z40000000000000001000056229000000,O,17,52,0,10,1,,,,0,,99991231
20,Z40000000000000001000056229100000,O,17,52,0,10,1,,,,0,,99991231
20,Z40000000000000001000056229200000,O,17,52,0,10,1,,,,0,,99991231
20,Z40000000000000001000056229300000,O,17,52,0,10,1,,,,0,,99991231
20,Z40000000000000001000056229400000,O,17,52,0,10,1,,,,0,,99991231
20,Z40000000000000001000056229500000,O,17,52,0,10,1,,,,0,,99991231
20,Z40000000000000001000056229600000,O,17,52,0,10,1,,,,0,,99991231
20,Z40000000000000001000056233400000,O,17,52,0,10,1,,,,0,,99991231
20,Z40000000000000001000056233500000,O,17,52,0,10,1,,,,0,,99991231
20,Z40000000000000001000056233600000,O,17,52,0,10,1,,,,0,,99991231
20,Z40000000000000001000056233700000,O,17,52,0,10,1,,,,0,,99991231
20,Z40000000000000001000056233800000,O,17,52,0,10,1,,,,0,,99991231
20,Z40000000000000001000056233900000,O,17,52,0,10,1,,,,0,,99991231
20,Z40000000000000001000056234000000,O,17,52,0,10,1,,,,0,,99991231
20,Z40000000000000001000056234900000,O,17,52,0,10,1,,,,0,,99991231
20,Z40000000000000001000056236100000,O,17,52,0,10,1,,,,0,,99991231
20,Z40000000000000001000056252500000,O,17,52,0,10,1,,,,0,,99991231
20,Z40000000000000001000056252600000,O,17,52,0,10,1,,,,0,,99991231
20,Z40000000000000001000056252700000,O,17,52,0,10,1,,,,0,,99991231
20,Z40000000000000001000056252800000,O,17,52,0,10,1,,,,0,,99991231
20,Z40000000000000001000056252900000,O,17,52,0,10,1,,,,0,,99991231
20,Z40000000000000001000056253000000,O,17,52,0,10,1,,,,0,,99991231
20,Z40000000000000001000056253100000,O,17,52,0,10,1,,,,0,,99991231
20,Z40000000000000001000056253200000,O,17,52,0,10,1,,,,0,,99991231
20,Z40000000000000001000056255900000,O,17,52,0,10,1,,,,0,,99991231
20,Z40000000000000001000056256900000,O,17,52,0,10,1,,,,0,,99991231
20,Z40000000000000001000056257000000,O,17,52,0,10,1,,,,0,,99991231
20,Z40000000000000001000056257100000,O,17,52,0,10,1,,,,0,,99991231
20,Z33000000000000001000056411800000,O,17,52,0,10,1,,,,0,,99991231
20,Z33000000000000001000056412800000,O,17,52,0,10,1,,,,0,,99991231
20,Z33000000000000001000056412900000,O,17,52,0,10,1,,,,0,,99991231
20,Z33000000000000001000056413000000,O,17,52,0,10,1,,,,0,,99991231
20,Z33000000000000001000056413100000,O,17,52,0,10,1,,,,0,,99991231
20,Z33000000000000001000056413200000,O,17,52,0,10,1,,,,0,,99991231
20,Z33000000000000001000056413300000,O,17,52,0,10,1,,,,0,,99991231
20,Z33000000000000001000056413400000,O,17,52,0,10,1,,,,0,,99991231
20,Z33000000000000001000056413500000,O,17,52,0,10,1,,,,0,,99991231
20,Z33000000000000001000056413600000,O,17,52,0,10,1,,,,0,,99991231
20,Z33000000000000001000056413700000,O,17,52,0,10,1,,,,0,,99991231
20,Z33000000000000001000056413800000,O,17,52,0,10,1,,,,0,,99991231
20,Z33000000000000001000056413900000,O,17,52,0,10,1,,,,0,,99991231
20,Z33000000000000001000056414000000,O,17,52,0,10,1,,,,0,,99991231
20,Z33000000000000001000056414100000,O,17,52,0,10,1,,,,0,,99991231
20,Z33000000000000001000056414200000,O,17,52,0,10,1,,,,0,,99991231
20,Z33000000000000001000056414300000,O,17,52,0,10,1,,,,0,,99991231
20,Z33000000000000001000056414400000,O,17,52,0,10,1,,,,0,,99991231
20,Z33000000000000001000056414500000,O,17,52,0,10,1,,,,0,,99991231
20,Z33000000000000001000056414700000,O,17,52,0,10,1,,,,0,,99991231
20,Z33000000000000001000056414800000,O,17,52,0,10,1,,,,0,,99991231
20,Z33000000000000001000056415100000,O,17,52,0,10,1,,,,0,,99991231
20,Z33000000000000001000056415200000,O,17,52,0,10,1,,,,0,,99991231
20,Z33000000000000001000056415800000,O,17,52,0,10,1,,,,0,,99991231
20,Z33000000000000001000056415900000,O,17,52,0,10,1,,,,0,,99991231
20,Z33000000000000001000056416000000,O,17,52,0,10,1,,,,0,,99991231
20,Z33000000000000001000056416100000,O,17,52,0,10,1,,,,0,,99991231
20,Z33000000000000001000056416200000,O,17,52,0,10,1,,,,0,,99991231
20,Z33000000000000001000056416300000,O,17,52,0,10,1,,,,0,,99991231
20,Z33000000000000001000056416400000,O,17,52,0,10,1,,,,0,,99991231
20,Z33000000000000001000056416500000,O,17,52,0,10,1,,,,0,,99991231
20,Z33000000000000001000056416600000,O,17,52,0,10,1,,,,0,,99991231
20,Z33000000000000001000056416700000,O,17,52,0,10,1,,,,0,,99991231
20,Z33000000000000001000056416800000,O,17,52,0,10,1,,,,0,,99991231
20,Z33000000000000001000056416900000,O,17,52,0,10,1,,,,0,,99991231
20,Z33000000000000001000056417000000,O,17,52,0,10,1,,,,0,,99991231
20,Z33000000000000001000056418400000,O,17,52,0,10,1,,,,0,,99991231
20,Z33000000000000001000056418500000,O,17,52,0,10,1,,,,0,,99991231
20,Z33000000000000001000056418800000,O,17,52,0,10,1,,,,0,,99991231
20,Z33000000000000001000056418900000,O,17,52,0,10,1,,,,0,,99991231
20,Z33000000000000001000056419000000,O,17,52,0,10,1,,,,0,,99991231
20,Z33000000000000001000056419100000,O,17,52,0,10,1,,,,0,,99991231
20,Z33000000000000001000056419200000,O,17,52,0,10,1,,,,0,,99991231
20,Z33000000000000001000056419900000,O,17,52,0,10,1,,,,0,,99991231
20,Z33000000000000001000056420000000,O,17,52,0,10,1,,,,0,,99991231
20,Z33000000000000001000056420100000,O,17,52,0,10,1,,,,0,,99991231
20,Z33000000000000001000056420200000,O,17,52,0,10,1,,,,0,,99991231
20,Z33000000000000001000056420300000,O,17,52,0,10,1,,,,0,,99991231
20,Z40000000000000001000056424300000,O,17,52,0,10,1,,,,0,,99991231
20,Z40000000000000001000056424400000,O,17,52,0,10,1,,,,0,,99991231
20,Z33000000000000001000056431200000,O,17,52,0,10,1,,,,0,,99991231
20,Z33000000000000001000056431300000,O,17,52,0,10,1,,,,0,,99991231
20,Z33000000000000001000056431400000,O,17,52,0,10,1,,,,0,,99991231
20,Z33000000000000001000056431600000,O,17,52,0,10,1,,,,0,,99991231
20,Z33000000000000001000056431700000,O,17,52,0,10,1,,,,0,,99991231
20,Z33000000000000001000056431900000,O,17,52,0,10,1,,,,0,,99991231
20,Z33000000000000001000056432000000,O,17,52,0,10,1,,,,0,,99991231
20,Z33000000000000001000056432300000,O,17,52,0,10,1,,,,0,,99991231
20,Z33000000000000001000056432400000,O,17,52,0,10,1,,,,0,,99991231
20,Z33000000000000001000056432600000,O,17,52,0,10,1,,,,0,,99991231
20,Z33000000000000001000056432700000,O,17,52,0,10,1,,,,0,,99991231
20,Z33000000000000001000056432800000,O,17,52,0,10,1,,,,0,,99991231
20,Z33000000000000001000056432900000,O,17,52,0,10,1,,,,0,,99991231
20,Z33000000000000001000056433300000,O,17,52,0,10,1,,,,0,,99991231
20,Z33000000000000001000056433400000,O,17,52,0,10,1,,,,0,,99991231
20,Z33000000000000001000056433500000,O,17,52,0,10,1,,,,0,,99991231
20,Z33000000000000001000056433600000,O,17,52,0,10,1,,,,0,,99991231
20,Z33000000000000001000056433700000,O,17,52,0,10,1,,,,0,,99991231
20,Z33000000000000001000056433800000,O,17,52,0,10,1,,,,0,,99991231
20,Z33000000000000001000056433900000,O,17,52,0,10,1,,,,0,,99991231
20,Z33000000000000001000056434300000,O,17,52,0,10,1,,,,0,,99991231
20,Z33000000000000001000056434400000,O,17,52,0,10,1,,,,0,,99991231
20,Z33000000000000001000056434900000,O,17,52,0,10,1,,,,0,,99991231
20,Z33000000000000001000056435000000,O,17,52,0,10,1,,,,0,,99991231
20,Z33000000000000001000056435100000,O,17,52,0,10,1,,,,0,,99991231
20,Z33000000000000001000056435200000,O,17,52,0,10,1,,,,0,,99991231
20,Z33000000000000001000056435300000,O,17,52,0,10,1,,,,0,,99991231
20,Z33000000000000001000056435400000,O,17,52,0,10,1,,,,0,,99991231
20,Z33000000000000001000056435600000,O,17,52,0,10,1,,,,0,,99991231
20,Z33000000000000001000056435700000,O,17,52,0,10,1,,,,0,,99991231
20,Z33000000000000001000056435800000,O,17,52,0,10,1,,,,0,,99991231
20,Z33000000000000001000056436100000,O,17,52,0,10,1,,,,0,,99991231
20,Z33000000000000001000056436200000,O,17,52,0,10,1,,,,0,,99991231
20,Z33000000000000001000056436300000,O,17,52,0,10,1,,,,0,,99991231
20,Z33000000000000001000056437200000,O,17,52,0,10,1,,,,0,,99991231
20,Z33000000000000001000056437300000,O,17,52,0,10,1,,,,0,,99991231
20,Z33000000000000001000056437600000,O,17,52,0,10,1,,,,0,,99991231
20,Z33000000000000001000056437700000,O,17,52,0,10,1,,,,0,,99991231
20,Z33000000000000001000056437900000,O,17,52,0,10,1,,,,0,,99991231
20,Z33000000000000001000056438000000,O,17,52,0,10,1,,,,0,,99991231
20,Z33000000000000001000056438300000,O,17,52,0,10,1,,,,0,,99991231
20,Z33000000000000001000056438400000,O,17,52,0,10,1,,,,0,,99991231
20,Z33000000000000001000056438700000,O,17,52,0,10,1,,,,0,,99991231
20,Z33000000000000001000056438800000,O,17,52,0,10,1,,,,0,,99991231
20,Z33000000000000001000056439300000,O,17,52,0,10,1,,,,0,,99991231
20,Z33000000000000001000056439400000,O,17,52,0,10,1,,,,0,,99991231
20,Z33000000000000001000056439500000,O,17,52,0,10,1,,,,0,,99991231
20,Z33000000000000001000056439800000,O,17,52,0,10,1,,,,0,,99991231
20,Z33000000000000001000056439900000,O,17,52,0,10,1,,,,0,,99991231
20,Z33000000000000001000056440200000,O,17,52,0,10,1,,,,0,,99991231
20,Z33000000000000001000056440300000,O,17,52,0,10,1,,,,0,,99991231
20,Z33000000000000001000056440400000,O,17,52,0,10,1,,,,0,,99991231
20,Z33000000000000001000056440500000,O,17,52,0,10,1,,,,0,,99991231
20,Z33000000000000001000056440800000,O,17,52,0,10,1,,,,0,,99991231
20,Z33000000000000001000056440900000,O,17,52,0,10,1,,,,0,,99991231
20,Z40000000000000001000056441800000,O,17,52,0,10,1,,,,0,,99991231
20,Z40000000000000001000056441900000,O,17,52,0,10,1,,,,0,,99991231
20,Z40000000000000001000056442000000,O,17,52,0,10,1,,,,0,,99991231
20,Z40000000000000001000056442100000,O,17,52,0,10,1,,,,0,,99991231
20,Z40000000000000001000056442200000,O,17,52,0,10,1,,,,0,,99991231
20,Z40000000000000001000056442500000,O,17,52,0,10,1,,,,0,,99991231
20,Z40000000000000001000056442600000,O,17,52,0,10,1,,,,0,,99991231
20,Z40000000000000001000056442700000,O,17,52,0,10,1,,,,0,,99991231
20,Z40000000000000001000056442800000,O,17,52,0,10,1,,,,0,,99991231
20,Z40000000000000001000056442900000,O,17,52,0,10,1,,,,0,,99991231
20,Z40000000000000001000056443000000,O,17,52,0,10,1,,,,0,,99991231
20,Z40000000000000001000056462900000,O,17,52,0,10,1,,,,0,,99991231
20,Z40000000000000001000056463000000,O,17,52,0,10,1,,,,0,,99991231
20,Z40000000000000001000056463100000,O,17,52,0,10,1,,,,0,,99991231
20,Z40000000000000001000056463200000,O,17,52,0,10,1,,,,0,,99991231
20,Z40000000000000001000056463300000,O,17,52,0,10,1,,,,0,,99991231
20,Z40000000000000001000056468900000,O,17,52,0,10,1,,,,0,,99991231
20,Z40000000000000001000056469000000,O,17,52,0,10,1,,,,0,,99991231
20,Z40000000000000001000056469100000,O,17,52,0,10,1,,,,0,,99991231
20,Z40000000000000001000056469600000,O,17,52,0,10,1,,,,0,,99991231
20,Z40000000000000001000056469700000,O,17,52,0,10,1,,,,0,,99991231
20,Z40000000000000001000056469800000,O,17,52,0,10,1,,,,0,,99991231
20,Z40000000000000001000056469900000,O,17,52,0,10,1,,,,0,,99991231
20,Z40000000000000001000056470000000,O,17,52,0,10,1,,,,0,,99991231
20,Z40000000000000001000056470100000,O,17,52,0,10,1,,,,0,,99991231
20,Z40000000000000001000056470200000,O,17,52,0,10,1,,,,0,,99991231
20,Z33000000000000001000056471600000,O,17,52,0,10,1,,,,0,,99991231
20,Z33000000000000001000056885000000,O,17,52,0,10,1,,,,0,,99991231
20,Z33000000000000001000056885700000,O,17,52,0,10,1,,,,0,,99991231
20,Z33000000000000001000056885800000,O,17,52,0,10,1,,,,0,,99991231
20,Z33000000000000001000056885900000,O,17,52,0,10,1,,,,0,,99991231
20,Z33000000000000001000056886000000,O,17,52,0,10,1,,,,0,,99991231
20,Z33000000000000001000056886100000,O,17,52,0,10,1,,,,0,,99991231
20,Z33000000000000001000056886200000,O,17,52,0,10,1,,,,0,,99991231
20,Z33000000000000001000056886300000,O,17,52,0,10,1,,,,0,,99991231
20,Z33000000000000001000056886400000,O,17,52,0,10,1,,,,0,,99991231
20,Z33000000000000001000056886500000,O,17,52,0,10,1,,,,0,,99991231
20,Z33000000000000001000056886600000,O,17,52,0,10,1,,,,0,,99991231
20,Z33000000000000001000056886700000,O,17,52,0,10,1,,,,0,,99991231
20,Z33000000000000001000056886800000,O,17,52,0,10,1,,,,0,,99991231
20,Z33000000000000001000056886900000,O,17,52,0,10,1,,,,0,,99991231
20,Z33000000000000001000056887000000,O,17,52,0,10,1,,,,0,,99991231
20,Z33000000000000001000056887100000,O,17,52,0,10,1,,,,0,,99991231
20,Z33000000000000001000056887200000,O,17,52,0,10,1,,,,0,,99991231
20,Z33000000000000001000056887300000,O,17,52,0,10,1,,,,0,,99991231
20,Z33000000000000001000056887400000,O,17,52,0,10,1,,,,0,,99991231
20,Z33000000000000001000056887800000,O,17,52,0,10,1,,,,0,,99991231
20,Z33000000000000001000056887900000,O,17,52,0,10,1,,,,0,,99991231
20,Z33000000000000001000056888000000,O,17,52,0,10,1,,,,0,,99991231
20,Z33000000000000001000056888100000,O,17,52,0,10,1,,,,0,,99991231
20,Z33000000000000001000056888200000,O,17,52,0,10,1,,,,0,,99991231
20,Z33000000000000001000056888300000,O,17,52,0,10,1,,,,0,,99991231
20,Z33000000000000001000056888400000,O,17,52,0,10,1,,,,0,,99991231
20,Z33000000000000001000056888500000,O,17,52,0,10,1,,,,0,,99991231
20,Z33000000000000001000056888600000,O,17,52,0,10,1,,,,0,,99991231
20,Z33000000000000001000056888700000,O,17,52,0,10,1,,,,0,,99991231
20,Z33000000000000001000056888800000,O,17,52,0,10,1,,,,0,,99991231
20,Z33000000000000001000056888900000,O,17,52,0,10,1,,,,0,,99991231
20,Z33000000000000001000056889000000,O,17,52,0,10,1,,,,0,,99991231
20,Z33000000000000001000056889800000,O,17,52,0,10,1,,,,0,,99991231
20,Z33000000000000001000056889900000,O,17,52,0,10,1,,,,0,,99991231
20,Z33000000000000001000056890000000,O,17,52,0,10,1,,,,0,,99991231
20,Z33000000000000001000056890100000,O,17,52,0,10,1,,,,0,,99991231
20,Z33000000000000001000056890400000,O,17,52,0,10,1,,,,0,,99991231
20,Z33000000000000001000056890500000,O,17,52,0,10,1,,,,0,,99991231
20,Z33000000000000001000056890600000,O,17,52,0,10,1,,,,0,,99991231
20,Z40000000000000001000056899800000,O,17,52,0,10,1,,,,0,,99991231
20,Z40000000000000001000056899900000,O,17,52,0,10,1,,,,0,,99991231
20,Z40000000000000001000056900000000,O,17,52,0,10,1,,,,0,,99991231
20,Z40000000000000001000056910700000,O,17,52,0,10,1,,,,0,,99991231
20,Z40000000000000001000056910800000,O,17,52,0,10,1,,,,0,,99991231
20,Z40000000000000001000056910900000,O,17,52,0,10,1,,,,0,,99991231
20,Z40000000000000001000056911000000,O,17,52,0,10,1,,,,0,,99991231
20,Z40000000000000001000056911100000,O,17,52,0,10,1,,,,0,,99991231
20,Z40000000000000001000056911200000,O,17,52,0,10,1,,,,0,,99991231
20,Z40000000000000001000056911300000,O,17,52,0,10,1,,,,0,,99991231
20,Z29000000000000001000001320207000,O,17,52,0,10,1,,,,0,,99991231
20,Z40000000000000001000056914900000,O,17,52,0,10,1,,,,0,,99991231
20,Z40000000000000001000056915000000,O,17,52,0,10,1,,,,0,,99991231
20,Z40000000000000001000056915100000,O,17,52,0,10,1,,,,0,,99991231
20,Z40000000000000001000056915200000,O,17,52,0,10,1,,,,0,,99991231
20,Z40000000000000001000056915300000,O,17,52,0,10,1,,,,0,,99991231
20,Z40000000000000001000056915400000,O,17,52,0,10,1,,,,0,,99991231
20,Z40000000000000001000056915500000,O,17,52,0,10,1,,,,0,,99991231
20,Z29000000000000001000001320208000,O,17,52,0,10,1,,,,0,,99991231
20,Z29000000000000001000001411703000,O,17,52,0,10,1,,,,0,,99991231
20,Z29000000000000001000001411704000,O,17,52,0,10,1,,,,0,,99991231
20,Z40000000000000001000056922700000,O,17,52,0,10,1,,,,0,,99991231
20,Z40000000000000001000056922800000,O,17,52,0,10,1,,,,0,,99991231
20,Z40000000000000001000056922900000,O,17,52,0,10,1,,,,0,,99991231
20,Z40000000000000001000056923000000,O,17,52,0,10,1,,,,0,,99991231
20,Z33000000000000001000056923100000,O,17,52,0,10,1,,,,0,,99991231
20,Z33000000000000001000056923200000,O,17,52,0,10,1,,,,0,,99991231
20,Z33000000000000001000056923300000,O,17,52,0,10,1,,,,0,,99991231
20,Z33000000000000001000056923400000,O,17,52,0,10,1,,,,0,,99991231
20,Z33000000000000001000056923500000,O,17,52,0,10,1,,,,0,,99991231
20,Z33000000000000001000056923600000,O,17,52,0,10,1,,,,0,,99991231
20,Z33000000000000001000056923700000,O,17,52,0,10,1,,,,0,,99991231
20,Z33000000000000001000056923800000,O,17,52,0,10,1,,,,0,,99991231
20,Z33000000000000001000056923900000,O,17,52,0,10,1,,,,0,,99991231
20,Z33000000000000001000056924000000,O,17,52,0,10,1,,,,0,,99991231
20,Z33000000000000001000056924100000,O,17,52,0,10,1,,,,0,,99991231
20,Z29000000000000001000056926000000,O,17,52,0,10,1,,,,0,,99991231
20,Z29000000000000001000001547305000,O,17,52,0,10,1,,,,0,,99991231
20,Z40000000000000001000056932800000,O,17,52,0,10,1,,,,0,,99991231
20,Z40000000000000001000056932900000,O,17,52,0,10,1,,,,0,,99991231
20,Z40000000000000001000056933000000,O,17,52,0,10,1,,,,0,,99991231
20,Z40000000000000001000056933100000,O,17,52,0,10,1,,,,0,,99991231
20,Z40000000000000001000056933200000,O,17,52,0,10,1,,,,0,,99991231
20,Z40000000000000001000056933300000,O,17,52,0,10,1,,,,0,,99991231
20,Z40000000000000001000056933400000,O,17,52,0,10,1,,,,0,,99991231
20,Z29000000000000001000001547405000,O,17,52,0,10,1,,,,0,,99991231
20,Z29000000000000001000001547406000,O,17,52,0,10,1,,,,0,,99991231
20,Z40000000000000001000056950700000,O,17,52,0,10,1,,,,0,,99991231
20,Z40000000000000001000056950800000,O,17,52,0,10,1,,,,0,,99991231
20,Z40000000000000001000056950900000,O,17,52,0,10,1,,,,0,,99991231
20,Z40000000000000001000056951000000,O,17,52,0,10,1,,,,0,,99991231
20,Z40000000000000001000056951100000,O,17,52,0,10,1,,,,0,,99991231
20,Z40000000000000001000056951200000,O,17,52,0,10,1,,,,0,,99991231
20,Z40000000000000001000056951300000,O,17,52,0,10,1,,,,0,,99991231
20,Z40000000000000001000056951800000,O,17,52,0,10,1,,,,0,,99991231
20,Z40000000000000001000056951900000,O,17,52,0,10,1,,,,0,,99991231
20,Z40000000000000001000056952000000,O,17,52,0,10,1,,,,0,,99991231
20,Z40000000000000001000056952100000,O,17,52,0,10,1,,,,0,,99991231
20,Z40000000000000001000056952200000,O,17,52,0,10,1,,,,0,,99991231
20,Z40000000000000001000056952300000,O,17,52,0,10,1,,,,0,,99991231
20,Z40000000000000001000056952400000,O,17,52,0,10,1,,,,0,,99991231
20,Z40000000000000001000056952500000,O,17,52,0,10,1,,,,0,,99991231
20,Z40000000000000001000056952600000,O,17,52,0,10,1,,,,0,,99991231
20,Z40000000000000001000056952700000,O,17,52,0,10,1,,,,0,,99991231
20,Z40000000000000001000056952800000,O,17,52,0,10,1,,,,0,,99991231
20,Z40000000000000001000056952900000,O,17,52,0,10,1,,,,0,,99991231
20,Z40000000000000001000056953000000,O,17,52,0,10,1,,,,0,,99991231
20,Z40000000000000001000056953100000,O,17,52,0,10,1,,,,0,,99991231
20,Z40000000000000001000056953200000,O,17,52,0,10,1,,,,0,,99991231
20,Z40000000000000001000056953300000,O,17,52,0,10,1,,,,0,,99991231
20,Z40000000000000001000056953400000,O,17,52,0,10,1,,,,0,,99991231
20,Z40000000000000001000056953500000,O,17,52,0,10,1,,,,0,,99991231
20,Z40000000000000001000056953600000,O,17,52,0,10,1,,,,0,,99991231
20,Z40000000000000001000056953700000,O,17,52,0,10,1,,,,0,,99991231
20,Z40000000000000001000056953800000,O,17,52,0,10,1,,,,0,,99991231
20,Z40000000000000001000056958700000,O,17,52,0,10,1,,,,0,,99991231
20,Z40000000000000001000056958800000,O,17,52,0,10,1,,,,0,,99991231
20,Z40000000000000001000056958900000,O,17,52,0,10,1,,,,0,,99991231
20,Z40000000000000001000056959000000,O,17,52,0,10,1,,,,0,,99991231
20,Z40000000000000001000056959100000,O,17,52,0,10,1,,,,0,,99991231
20,Z40000000000000001000056959200000,O,17,52,0,10,1,,,,0,,99991231
20,Z40000000000000001000056959300000,O,17,52,0,10,1,,,,0,,99991231
20,Z40000000000000001000056962700000,O,17,52,0,10,1,,,,0,,99991231
20,Z40000000000000001000056962800000,O,17,52,0,10,1,,,,0,,99991231
20,Z40000000000000001000056962900000,O,17,52,0,10,1,,,,0,,99991231
20,Z40000000000000001000056963000000,O,17,52,0,10,1,,,,0,,99991231
20,Z40000000000000001000056963100000,O,17,52,0,10,1,,,,0,,99991231
20,Z40000000000000001000056963200000,O,17,52,0,10,1,,,,0,,99991231
20,Z40000000000000001000056963300000,O,17,52,0,10,1,,,,0,,99991231
20,Z29000000000000001000056964000000,O,17,52,0,10,1,,,,0,,99991231
20,Z29000000000000001000056926001000,O,17,52,0,10,1,,,,0,,99991231
20,Z40000000000000001000056976900000,O,17,52,0,10,1,,,,0,,99991231
20,Z40000000000000001000056977000000,O,17,52,0,10,1,,,,0,,99991231
20,Z33000000000000001000056578400000,O,17,52,0,10,1,,,,0,,99991231
20,Z33000000000000001000056578500000,O,17,52,0,10,1,,,,0,,99991231
20,Z40000000000000001000056578700000,O,17,52,0,10,1,,,,0,,99991231
20,Z33000000000000001000056580700000,O,17,52,0,10,1,,,,0,,99991231
20,Z33000000000000001000056580800000,O,17,52,0,10,1,,,,0,,99991231
20,Z33000000000000001000056580900000,O,17,52,0,10,1,,,,0,,99991231
20,Z33000000000000001000056581000000,O,17,52,0,10,1,,,,0,,99991231
20,Z40000000000000001000056583900000,O,17,52,0,10,1,,,,0,,99991231
20,Z40000000000000001000056584000000,O,17,52,0,10,1,,,,0,,99991231
20,Z40000000000000001000056584100000,O,17,52,0,10,1,,,,0,,99991231
20,Z40000000000000001000056584200000,O,17,52,0,10,1,,,,0,,99991231
20,Z40000000000000001000056584300000,O,17,52,0,10,1,,,,0,,99991231
20,Z40000000000000001000056584400000,O,17,52,0,10,1,,,,0,,99991231
20,Z40000000000000001000056584500000,O,17,52,0,10,1,,,,0,,99991231
20,Z40000000000000001000056584600000,O,17,52,0,10,1,,,,0,,99991231
20,Z40000000000000001000056584800000,O,17,52,0,10,1,,,,0,,99991231
20,Z33000000000000001000056591800000,O,17,52,0,10,1,,,,0,,99991231
20,Z33000000000000001000056591900000,O,17,52,0,10,1,,,,0,,99991231
20,Z33000000000000001000056592000000,O,17,52,0,10,1,,,,0,,99991231
20,Z33000000000000001000056592200000,O,17,52,0,10,1,,,,0,,99991231
20,Z33000000000000001000056592300000,O,17,52,0,10,1,,,,0,,99991231
20,Z33000000000000001000056592400000,O,17,52,0,10,1,,,,0,,99991231
20,Z33000000000000001000056592700000,O,17,52,0,10,1,,,,0,,99991231
20,Z33000000000000001000056592800000,O,17,52,0,10,1,,,,0,,99991231
20,Z33000000000000001000056592900000,O,17,52,0,10,1,,,,0,,99991231
20,Z33000000000000001000056593000000,O,17,52,0,10,1,,,,0,,99991231
20,Z33000000000000001000056593100000,O,17,52,0,10,1,,,,0,,99991231
20,Z33000000000000001000056593300000,O,17,52,0,10,1,,,,0,,99991231
20,Z33000000000000001000056593400000,O,17,52,0,10,1,,,,0,,99991231
20,Z33000000000000001000056593700000,O,17,52,0,10,1,,,,0,,99991231
20,Z33000000000000001000056593800000,O,17,52,0,10,1,,,,0,,99991231
20,Z33000000000000001000056594000000,O,17,52,0,10,1,,,,0,,99991231
20,Z33000000000000001000056594100000,O,17,52,0,10,1,,,,0,,99991231
20,Z33000000000000001000056594200000,O,17,52,0,10,1,,,,0,,99991231
20,Z33000000000000001000056594300000,O,17,52,0,10,1,,,,0,,99991231
20,Z33000000000000001000056594800000,O,17,52,0,10,1,,,,0,,99991231
20,Z33000000000000001000056594900000,O,17,52,0,10,1,,,,0,,99991231
20,Z29000000000000001000017412902000,O,17,52,0,10,1,,,,0,,99991231
20,Z33000000000000001000056596200000,O,17,52,0,10,1,,,,0,,99991231
20,Z33000000000000001000056596300000,O,17,52,0,10,1,,,,0,,99991231
20,Z33000000000000001000056596900000,O,17,52,0,10,1,,,,0,,99991231
20,Z33000000000000001000056597000000,O,17,52,0,10,1,,,,0,,99991231
20,Z33000000000000001000056598000000,O,17,52,0,10,1,,,,0,,99991231
20,Z33000000000000001000056598100000,O,17,52,0,10,1,,,,0,,99991231
20,Z35000000000000001000039945303000,O,17,52,0,10,1,,,,0,,99991231
20,Z40000000000000001000056599400000,O,17,52,0,10,1,,,,0,,99991231
20,Z40000000000000001000056599500000,O,17,52,0,10,1,,,,0,,99991231
20,Z40000000000000001000056599600000,O,17,52,0,10,1,,,,0,,99991231
20,Z40000000000000001000056599700000,O,17,52,0,10,1,,,,0,,99991231
20,Z40000000000000001000056599800000,O,17,52,0,10,1,,,,0,,99991231
20,Z40000000000000001000056599900000,O,17,52,0,10,1,,,,0,,99991231
20,Z40000000000000001000056600000000,O,17,52,0,10,1,,,,0,,99991231
20,Z29000000000000001000008054104000,O,17,52,0,10,1,,,,0,,99991231
20,Z29000000000000001000056601100000,O,17,52,0,10,1,,,,0,,99991231
20,Z29000000000000001000008054105000,O,17,52,0,10,1,,,,0,,99991231
20,Z29000000000000001000056601300000,O,17,52,0,10,1,,,,0,,99991231
20,Z29000000000000001000056601700000,O,17,52,0,10,1,,,,0,,99991231
20,Z29000000000000001000031552102000,O,17,52,0,10,1,,,,0,,99991231
20,Z29000000000000001000031552103000,O,17,52,0,10,1,,,,0,,99991231
20,Z40000000000000001000056603000000,O,17,52,0,10,1,,,,0,,99991231
20,Z40000000000000001000056603100000,O,17,52,0,10,1,,,,0,,99991231
20,Z40000000000000001000056603200000,O,17,52,0,10,1,,,,0,,99991231
20,Z40000000000000001000056603300000,O,17,52,0,10,1,,,,0,,99991231
20,Z40000000000000001000056603400000,O,17,52,0,10,1,,,,0,,99991231
20,Z40000000000000001000056603500000,O,17,52,0,10,1,,,,0,,99991231
20,Z40000000000000001000056603600000,O,17,52,0,10,1,,,,0,,99991231
20,Z33000000000000001000056607400000,O,17,52,0,10,1,,,,0,,99991231
20,Z33000000000000001000056607500000,O,17,52,0,10,1,,,,0,,99991231
20,Z29000000000000001000016824604000,O,17,52,0,10,1,,,,0,,99991231
20,Z40000000000000001000056609400000,O,17,52,0,10,1,,,,0,,99991231
20,Z40000000000000001000056609500000,O,17,52,0,10,1,,,,0,,99991231
20,Z40000000000000001000056609600000,O,17,52,0,10,1,,,,0,,99991231
20,Z40000000000000001000056609700000,O,17,52,0,10,1,,,,0,,99991231
20,Z40000000000000001000056609800000,O,17,52,0,10,1,,,,0,,99991231
20,Z40000000000000001000056609900000,O,17,52,0,10,1,,,,0,,99991231
20,Z40000000000000001000056610000000,O,17,52,0,10,1,,,,0,,99991231
20,Z29000000000000001000001545912000,O,17,52,0,10,1,,,,0,,99991231
20,Z29000000000000001000001545913000,O,17,52,0,10,1,,,,0,,99991231
20,Z33000000000000001000056613500000,O,17,52,0,10,1,,,,0,,99991231
20,Z33000000000000001000056613600000,O,17,52,0,10,1,,,,0,,99991231
20,Z33000000000000001000056614400000,O,17,52,0,10,1,,,,0,,99991231
20,Z33000000000000001000056614500000,O,17,52,0,10,1,,,,0,,99991231
20,Z33000000000000001000056615200000,O,17,52,0,10,1,,,,0,,99991231
20,Z33000000000000001000056615300000,O,17,52,0,10,1,,,,0,,99991231
20,Z33000000000000001000056616100000,O,17,52,0,10,1,,,,0,,99991231
20,Z33000000000000001000056616200000,O,17,52,0,10,1,,,,0,,99991231
20,Z33000000000000001000056616800000,O,17,52,0,10,1,,,,0,,99991231
20,Z33000000000000001000056616900000,O,17,52,0,10,1,,,,0,,99991231
20,Z33000000000000001000056617500000,O,17,52,0,10,1,,,,0,,99991231
20,Z33000000000000001000056617600000,O,17,52,0,10,1,,,,0,,99991231
20,Z29000000000000001000001545914000,O,17,52,0,10,1,,,,0,,99991231
20,Z33000000000000001000056619200000,O,17,52,0,10,1,,,,0,,99991231
20,Z33000000000000001000056619300000,O,17,52,0,10,1,,,,0,,99991231
20,Z33000000000000001000056619400000,O,17,52,0,10,1,,,,0,,99991231
20,Z29000000000000001000001427503000,O,17,52,0,10,1,,,,0,,99991231
20,Z33000000000000001000056620300000,O,17,52,0,10,1,,,,0,,99991231
20,Z33000000000000001000056620400000,O,17,52,0,10,1,,,,0,,99991231
20,Z33000000000000001000056620500000,O,17,52,0,10,1,,,,0,,99991231
20,Z33000000000000001000056620900000,O,17,52,0,10,1,,,,0,,99991231
20,Z33000000000000001000056621000000,O,17,52,0,10,1,,,,0,,99991231
20,Z33000000000000001000056621100000,O,17,52,0,10,1,,,,0,,99991231
20,Z29000000000000001000001427504000,O,17,52,0,10,1,,,,0,,99991231
20,Z33000000000000001000056621300000,O,17,52,0,10,1,,,,0,,99991231
20,Z33000000000000001000056621400000,O,17,52,0,10,1,,,,0,,99991231
20,Z33000000000000001000056621500000,O,17,52,0,10,1,,,,0,,99991231
20,Z33000000000000001000056621800000,O,17,52,0,10,1,,,,0,,99991231
20,Z33000000000000001000056621900000,O,17,52,0,10,1,,,,0,,99991231
20,Z33000000000000001000056622000000,O,17,52,0,10,1,,,,0,,99991231
20,Z33000000000000001000056622100000,O,17,52,0,10,1,,,,0,,99991231
20,Z33000000000000001000056622400000,O,17,52,0,10,1,,,,0,,99991231
20,Z33000000000000001000056622500000,O,17,52,0,10,1,,,,0,,99991231
20,Z33000000000000001000056622600000,O,17,52,0,10,1,,,,0,,99991231
20,Z33000000000000001000056623400000,O,17,52,0,10,1,,,,0,,99991231
20,Z33000000000000001000056623500000,O,17,52,0,10,1,,,,0,,99991231
20,Z33000000000000001000056623600000,O,17,52,0,10,1,,,,0,,99991231
20,Z33000000000000001000056624700000,O,17,52,0,10,1,,,,0,,99991231
20,Z33000000000000001000056624800000,O,17,52,0,10,1,,,,0,,99991231
20,Z33000000000000001000056624900000,O,17,52,0,10,1,,,,0,,99991231
20,Z33000000000000001000056626300000,O,17,52,0,10,1,,,,0,,99991231
20,Z33000000000000001000056626400000,O,17,52,0,10,1,,,,0,,99991231
20,Z33000000000000001000056626800000,O,17,52,0,10,1,,,,0,,99991231
20,Z33000000000000001000056626900000,O,17,52,0,10,1,,,,0,,99991231
20,Z29000000000000001000026456901000,O,17,52,0,10,1,,,,0,,99991231
20,Z29000000000000001000026457201000,O,17,52,0,10,1,,,,0,,99991231
20,Z29000000000000001000026457701000,O,17,52,0,10,1,,,,0,,99991231
20,Z29000000000000001000026458101000,O,17,52,0,10,1,,,,0,,99991231
20,Z33000000000000001000056631400000,O,17,52,0,10,1,,,,0,,99991231
20,Z33000000000000001000056631500000,O,17,52,0,10,1,,,,0,,99991231
20,Z33000000000000001000056632300000,O,17,52,0,10,1,,,,0,,99991231
20,Z33000000000000001000056632400000,O,17,52,0,10,1,,,,0,,99991231
20,Z33000000000000001000056632500000,O,17,52,0,10,1,,,,0,,99991231
20,Z33000000000000001000056632600000,O,17,52,0,10,1,,,,0,,99991231
20,Z33000000000000001000056840400000,O,17,52,0,10,1,,,,0,,99991231
20,Z33000000000000001000056840500000,O,17,52,0,10,1,,,,0,,99991231
20,Z33000000000000001000056840600000,O,17,52,0,10,1,,,,0,,99991231
20,Z33000000000000001000056840700000,O,17,52,0,10,1,,,,0,,99991231
20,Z33000000000000001000056840800000,O,17,52,0,10,1,,,,0,,99991231
20,Z33000000000000001000056840900000,O,17,52,0,10,1,,,,0,,99991231
20,Z33000000000000001000056841000000,O,17,52,0,10,1,,,,0,,99991231
20,Z33000000000000001000056841100000,O,17,52,0,10,1,,,,0,,99991231
20,Z33000000000000001000056841200000,O,17,52,0,10,1,,,,0,,99991231
20,Z33000000000000001000056841300000,O,17,52,0,10,1,,,,0,,99991231
20,Z33000000000000001000056841400000,O,17,52,0,10,1,,,,0,,99991231
20,Z33000000000000001000056841500000,O,17,52,0,10,1,,,,0,,99991231
20,Z33000000000000001000056841600000,O,17,52,0,10,1,,,,0,,99991231
20,Z33000000000000001000056841700000,O,17,52,0,10,1,,,,0,,99991231
20,Z33000000000000001000056841900000,O,17,52,0,10,1,,,,0,,99991231
20,Z33000000000000001000056842000000,O,17,52,0,10,1,,,,0,,99991231
20,Z33000000000000001000056842100000,O,17,52,0,10,1,,,,0,,99991231
20,Z33000000000000001000056842200000,O,17,52,0,10,1,,,,0,,99991231
20,Z33000000000000001000056842300000,O,17,52,0,10,1,,,,0,,99991231
20,Z33000000000000001000056842400000,O,17,52,0,10,1,,,,0,,99991231
20,Z33000000000000001000056842500000,O,17,52,0,10,1,,,,0,,99991231
20,Z33000000000000001000056842600000,O,17,52,0,10,1,,,,0,,99991231
20,Z33000000000000001000056842700000,O,17,52,0,10,1,,,,0,,99991231
20,Z33000000000000001000056842800000,O,17,52,0,10,1,,,,0,,99991231
20,Z33000000000000001000056842900000,O,17,52,0,10,1,,,,0,,99991231
20,Z33000000000000001000056843000000,O,17,52,0,10,1,,,,0,,99991231
20,Z33000000000000001000056843100000,O,17,52,0,10,1,,,,0,,99991231
20,Z33000000000000001000056843200000,O,17,52,0,10,1,,,,0,,99991231
20,Z33000000000000001000056843300000,O,17,52,0,10,1,,,,0,,99991231
20,Z33000000000000001000056843400000,O,17,52,0,10,1,,,,0,,99991231
20,Z33000000000000001000056843500000,O,17,52,0,10,1,,,,0,,99991231
20,Z33000000000000001000056843600000,O,17,52,0,10,1,,,,0,,99991231
20,Z33000000000000001000056843700000,O,17,52,0,10,1,,,,0,,99991231
20,Z33000000000000001000056843800000,O,17,52,0,10,1,,,,0,,99991231
20,Z33000000000000001000056843900000,O,17,52,0,10,1,,,,0,,99991231
20,Z33000000000000001000056844000000,O,17,52,0,10,1,,,,0,,99991231
20,Z33000000000000001000056844100000,O,17,52,0,10,1,,,,0,,99991231
20,Z33000000000000001000056844200000,O,17,52,0,10,1,,,,0,,99991231
20,Z33000000000000001000056844300000,O,17,52,0,10,1,,,,0,,99991231
20,Z33000000000000001000056844400000,O,17,52,0,10,1,,,,0,,99991231
20,Z33000000000000001000056844500000,O,17,52,0,10,1,,,,0,,99991231
20,Z33000000000000001000056844600000,O,17,52,0,10,1,,,,0,,99991231
20,Z33000000000000001000056844700000,O,17,52,0,10,1,,,,0,,99991231
20,Z33000000000000001000056844800000,O,17,52,0,10,1,,,,0,,99991231
20,Z33000000000000001000056844900000,O,17,52,0,10,1,,,,0,,99991231
20,Z33000000000000001000056845000000,O,17,52,0,10,1,,,,0,,99991231
20,Z33000000000000001000056845100000,O,17,52,0,10,1,,,,0,,99991231
20,Z33000000000000001000056845200000,O,17,52,0,10,1,,,,0,,99991231
20,Z33000000000000001000056845300000,O,17,52,0,10,1,,,,0,,99991231
20,Z33000000000000001000056845400000,O,17,52,0,10,1,,,,0,,99991231
20,Z33000000000000001000056845500000,O,17,52,0,10,1,,,,0,,99991231
20,Z33000000000000001000056845600000,O,17,52,0,10,1,,,,0,,99991231
20,Z33000000000000001000056845700000,O,17,52,0,10,1,,,,0,,99991231
20,Z33000000000000001000056845800000,O,17,52,0,10,1,,,,0,,99991231
20,Z33000000000000001000056845900000,O,17,52,0,10,1,,,,0,,99991231
20,Z33000000000000001000056846000000,O,17,52,0,10,1,,,,0,,99991231
20,Z33000000000000001000056846100000,O,17,52,0,10,1,,,,0,,99991231
20,Z33000000000000001000056846200000,O,17,52,0,10,1,,,,0,,99991231
20,Z33000000000000001000056846300000,O,17,52,0,10,1,,,,0,,99991231
20,Z33000000000000001000056846400000,O,17,52,0,10,1,,,,0,,99991231
20,Z33000000000000001000056846500000,O,17,52,0,10,1,,,,0,,99991231
20,Z33000000000000001000056846600000,O,17,52,0,10,1,,,,0,,99991231
20,Z33000000000000001000056846700000,O,17,52,0,10,1,,,,0,,99991231
20,Z33000000000000001000056846800000,O,17,52,0,10,1,,,,0,,99991231
20,Z33000000000000001000056846900000,O,17,52,0,10,1,,,,0,,99991231
20,Z33000000000000001000056847000000,O,17,52,0,10,1,,,,0,,99991231
20,Z33000000000000001000056847100000,O,17,52,0,10,1,,,,0,,99991231
20,Z33000000000000001000056847200000,O,17,52,0,10,1,,,,0,,99991231
20,Z33000000000000001000056847300000,O,17,52,0,10,1,,,,0,,99991231
20,Z33000000000000001000056847400000,O,17,52,0,10,1,,,,0,,99991231
20,Z33000000000000001000056847500000,O,17,52,0,10,1,,,,0,,99991231
20,Z33000000000000001000056847600000,O,17,52,0,10,1,,,,0,,99991231
20,Z33000000000000001000056847700000,O,17,52,0,10,1,,,,0,,99991231
20,Z33000000000000001000056847800000,O,17,52,0,10,1,,,,0,,99991231
20,Z33000000000000001000056847900000,O,17,52,0,10,1,,,,0,,99991231
20,Z33000000000000001000056848000000,O,17,52,0,10,1,,,,0,,99991231
20,Z33000000000000001000056848100000,O,17,52,0,10,1,,,,0,,99991231
20,Z33000000000000001000056848200000,O,17,52,0,10,1,,,,0,,99991231
20,Z33000000000000001000056848300000,O,17,52,0,10,1,,,,0,,99991231
20,Z33000000000000001000056848400000,O,17,52,0,10,1,,,,0,,99991231
20,Z33000000000000001000056848500000,O,17,52,0,10,1,,,,0,,99991231
20,Z33000000000000001000056848600000,O,17,52,0,10,1,,,,0,,99991231
20,Z33000000000000001000056848700000,O,17,52,0,10,1,,,,0,,99991231
20,Z33000000000000001000056848800000,O,17,52,0,10,1,,,,0,,99991231
20,Z33000000000000001000056848900000,O,17,52,0,10,1,,,,0,,99991231
20,Z33000000000000001000056849000000,O,17,52,0,10,1,,,,0,,99991231
20,Z33000000000000001000056849100000,O,17,52,0,10,1,,,,0,,99991231
20,Z33000000000000001000056849700000,O,17,52,0,10,1,,,,0,,99991231
20,Z33000000000000001000056849800000,O,17,52,0,10,1,,,,0,,99991231
20,Z33000000000000001000056849900000,O,17,52,0,10,1,,,,0,,99991231
20,Z33000000000000001000056850000000,O,17,52,0,10,1,,,,0,,99991231
20,Z33000000000000001000056851500000,O,17,52,0,10,1,,,,0,,99991231
20,Z33000000000000001000056851600000,O,17,52,0,10,1,,,,0,,99991231
20,Z33000000000000001000056851700000,O,17,52,0,10,1,,,,0,,99991231
20,Z33000000000000001000056851800000,O,17,52,0,10,1,,,,0,,99991231
20,Z33000000000000001000056851900000,O,17,52,0,10,1,,,,0,,99991231
20,Z33000000000000001000056852000000,O,17,52,0,10,1,,,,0,,99991231
20,Z33000000000000001000056852100000,O,17,52,0,10,1,,,,0,,99991231
20,Z33000000000000001000056852200000,O,17,52,0,10,1,,,,0,,99991231
20,Z33000000000000001000056852300000,O,17,52,0,10,1,,,,0,,99991231
20,Z33000000000000001000056852400000,O,17,52,0,10,1,,,,0,,99991231
20,Z33000000000000001000056852500000,O,17,52,0,10,1,,,,0,,99991231
20,Z33000000000000001000056852600000,O,17,52,0,10,1,,,,0,,99991231
20,Z33000000000000001000056852700000,O,17,52,0,10,1,,,,0,,99991231
20,Z33000000000000001000056853000000,O,17,52,0,10,1,,,,0,,99991231
20,Z33000000000000001000056853100000,O,17,52,0,10,1,,,,0,,99991231
20,Z33000000000000001000056853200000,O,17,52,0,10,1,,,,0,,99991231
20,Z33000000000000001000056853300000,O,17,52,0,10,1,,,,0,,99991231
20,Z33000000000000001000056853400000,O,17,52,0,10,1,,,,0,,99991231
20,Z33000000000000001000056853500000,O,17,52,0,10,1,,,,0,,99991231
20,Z33000000000000001000056853600000,O,17,52,0,10,1,,,,0,,99991231
20,Z33000000000000001000056853700000,O,17,52,0,10,1,,,,0,,99991231
20,Z33000000000000001000056853800000,O,17,52,0,10,1,,,,0,,99991231
20,Z33000000000000001000056853900000,O,17,52,0,10,1,,,,0,,99991231
20,Z33000000000000001000056854000000,O,17,52,0,10,1,,,,0,,99991231
20,Z33000000000000001000056854100000,O,17,52,0,10,1,,,,0,,99991231
20,Z33000000000000001000056854400000,O,17,52,0,10,1,,,,0,,99991231
20,Z33000000000000001000056854300000,O,17,52,0,10,1,,,,0,,99991231
20,Z33000000000000001000056854500000,O,17,52,0,10,1,,,,0,,99991231
20,Z33000000000000001000056854600000,O,17,52,0,10,1,,,,0,,99991231
20,Z33000000000000001000056854700000,O,17,52,0,10,1,,,,0,,99991231
20,Z33000000000000001000056854800000,O,17,52,0,10,1,,,,0,,99991231
20,Z33000000000000001000056855000000,O,17,52,0,10,1,,,,0,,99991231
20,Z33000000000000001000056855100000,O,17,52,0,10,1,,,,0,,99991231
20,Z33000000000000001000056855200000,O,17,52,0,10,1,,,,0,,99991231
20,Z33000000000000001000056855600000,O,17,52,0,10,1,,,,0,,99991231
20,Z33000000000000001000056855700000,O,17,52,0,10,1,,,,0,,99991231
20,Z33000000000000001000056855800000,O,17,52,0,10,1,,,,0,,99991231
20,Z33000000000000001000056856200000,O,17,52,0,10,1,,,,0,,99991231
20,Z33000000000000001000056856300000,O,17,52,0,10,1,,,,0,,99991231
20,Z33000000000000001000056856400000,O,17,52,0,10,1,,,,0,,99991231
20,Z33000000000000001000056856500000,O,17,52,0,10,1,,,,0,,99991231
20,Z40000000000000001000057281500000,O,17,52,0,10,1,,,,0,,99991231
20,Z40000000000000001000057281600000,O,17,52,0,10,1,,,,0,,99991231
20,Z40000000000000001000057281700000,O,17,52,0,10,1,,,,0,,99991231
20,Z40000000000000001000057281800000,O,17,52,0,10,1,,,,0,,99991231
20,Z40000000000000001000057281900000,O,17,52,0,10,1,,,,0,,99991231
20,Z40000000000000001000057282000000,O,17,52,0,10,1,,,,0,,99991231
20,Z40000000000000001000057282100000,O,17,52,0,10,1,,,,0,,99991231
20,Z33000000000000001000057282500000,O,17,52,0,10,1,,,,0,,99991231
20,Z33000000000000001000057282600000,O,17,52,0,10,1,,,,0,,99991231
20,Z33000000000000001000057282700000,O,17,52,0,10,1,,,,0,,99991231
20,Z33000000000000001000057282800000,O,17,52,0,10,1,,,,0,,99991231
20,Z33000000000000001000057282900000,O,17,52,0,10,1,,,,0,,99991231
20,Z33000000000000001000057283000000,O,17,52,0,10,1,,,,0,,99991231
20,Z33000000000000001000057283100000,O,17,52,0,10,1,,,,0,,99991231
20,Z33000000000000001000057283200000,O,17,52,0,10,1,,,,0,,99991231
20,Z33000000000000001000057283300000,O,17,52,0,10,1,,,,0,,99991231
20,Z33000000000000001000057283400000,O,17,52,0,10,1,,,,0,,99991231
20,Z33000000000000001000057283500000,O,17,52,0,10,1,,,,0,,99991231
20,Z33000000000000001000057283600000,O,17,52,0,10,1,,,,0,,99991231
20,Z33000000000000001000057283700000,O,17,52,0,10,1,,,,0,,99991231
20,Z33000000000000001000057283800000,O,17,52,0,10,1,,,,0,,99991231
20,Z33000000000000001000057283900000,O,17,52,0,10,1,,,,0,,99991231
20,Z33000000000000001000057284000000,O,17,52,0,10,1,,,,0,,99991231
20,Z33000000000000001000057284100000,O,17,52,0,10,1,,,,0,,99991231
20,Z33000000000000001000057284200000,O,17,52,0,10,1,,,,0,,99991231
20,Z33000000000000001000057284300000,O,17,52,0,10,1,,,,0,,99991231
20,Z33000000000000001000057284400000,O,17,52,0,10,1,,,,0,,99991231
20,Z33000000000000001000057284500000,O,17,52,0,10,1,,,,0,,99991231
20,Z33000000000000001000057284600000,O,17,52,0,10,1,,,,0,,99991231
20,Z33000000000000001000057284700000,O,17,52,0,10,1,,,,0,,99991231
20,Z33000000000000001000057284800000,O,17,52,0,10,1,,,,0,,99991231
20,Z33000000000000001000057284900000,O,17,52,0,10,1,,,,0,,99991231
20,Z33000000000000001000057285000000,O,17,52,0,10,1,,,,0,,99991231
20,Z33000000000000001000057285100000,O,17,52,0,10,1,,,,0,,99991231
20,Z33000000000000001000057285200000,O,17,52,0,10,1,,,,0,,99991231
20,Z33000000000000001000057285300000,O,17,52,0,10,1,,,,0,,99991231
20,Z33000000000000001000057285400000,O,17,52,0,10,1,,,,0,,99991231
20,Z33000000000000001000057285500000,O,17,52,0,10,1,,,,0,,99991231
20,Z33000000000000001000057285600000,O,17,52,0,10,1,,,,0,,99991231
20,Z33000000000000001000057285700000,O,17,52,0,10,1,,,,0,,99991231
20,Z33000000000000001000057285800000,O,17,52,0,10,1,,,,0,,99991231
20,Z33000000000000001000057285900000,O,17,52,0,10,1,,,,0,,99991231
20,Z33000000000000001000057286000000,O,17,52,0,10,1,,,,0,,99991231
20,Z33000000000000001000057286100000,O,17,52,0,10,1,,,,0,,99991231
20,Z33000000000000001000057286200000,O,17,52,0,10,1,,,,0,,99991231
20,Z33000000000000001000057286300000,O,17,52,0,10,1,,,,0,,99991231
20,Z33000000000000001000057286400000,O,17,52,0,10,1,,,,0,,99991231
20,Z33000000000000001000057286500000,O,17,52,0,10,1,,,,0,,99991231
20,Z33000000000000001000057286600000,O,17,52,0,10,1,,,,0,,99991231
20,Z33000000000000001000057286700000,O,17,52,0,10,1,,,,0,,99991231
20,Z33000000000000001000057286800000,O,17,52,0,10,1,,,,0,,99991231
20,Z33000000000000001000057286900000,O,17,52,0,10,1,,,,0,,99991231
20,Z33000000000000001000057287000000,O,17,52,0,10,1,,,,0,,99991231
20,Z33000000000000001000057287100000,O,17,52,0,10,1,,,,0,,99991231
20,Z33000000000000001000057287200000,O,17,52,0,10,1,,,,0,,99991231
20,Z33000000000000001000057287300000,O,17,52,0,10,1,,,,0,,99991231
20,Z33000000000000001000057287400000,O,17,52,0,10,1,,,,0,,99991231
20,Z33000000000000001000057287500000,O,17,52,0,10,1,,,,0,,99991231
20,Z33000000000000001000057287600000,O,17,52,0,10,1,,,,0,,99991231
20,Z33000000000000001000057287700000,O,17,52,0,10,1,,,,0,,99991231
20,Z33000000000000001000057287800000,O,17,52,0,10,1,,,,0,,99991231
20,Z33000000000000001000057287900000,O,17,52,0,10,1,,,,0,,99991231
20,Z33000000000000001000057288000000,O,17,52,0,10,1,,,,0,,99991231
20,Z33000000000000001000057288100000,O,17,52,0,10,1,,,,0,,99991231
20,Z33000000000000001000057288200000,O,17,52,0,10,1,,,,0,,99991231
20,Z33000000000000001000057288300000,O,17,52,0,10,1,,,,0,,99991231
20,Z33000000000000001000057288400000,O,17,52,0,10,1,,,,0,,99991231
20,Z33000000000000001000057288500000,O,17,52,0,10,1,,,,0,,99991231
20,Z33000000000000001000057288600000,O,17,52,0,10,1,,,,0,,99991231
20,Z33000000000000001000057288700000,O,17,52,0,10,1,,,,0,,99991231
20,Z33000000000000001000057288800000,O,17,52,0,10,1,,,,0,,99991231
20,Z33000000000000001000057288900000,O,17,52,0,10,1,,,,0,,99991231
20,Z33000000000000001000057289000000,O,17,52,0,10,1,,,,0,,99991231
20,Z33000000000000001000057289100000,O,17,52,0,10,1,,,,0,,99991231
20,Z33000000000000001000057289200000,O,17,52,0,10,1,,,,0,,99991231
20,Z33000000000000001000057289300000,O,17,52,0,10,1,,,,0,,99991231
20,Z33000000000000001000057289400000,O,17,52,0,10,1,,,,0,,99991231
20,Z33000000000000001000057289500000,O,17,52,0,10,1,,,,0,,99991231
20,Z33000000000000001000057289600000,O,17,52,0,10,1,,,,0,,99991231
20,Z33000000000000001000057289700000,O,17,52,0,10,1,,,,0,,99991231
20,Z40000000000000001000057291500000,O,17,52,0,10,1,,,,0,,99991231
20,Z40000000000000001000057291600000,O,17,52,0,10,1,,,,0,,99991231
20,Z40000000000000001000057291700000,O,17,52,0,10,1,,,,0,,99991231
20,Z40000000000000001000057291800000,O,17,52,0,10,1,,,,0,,99991231
20,Z40000000000000001000057291900000,O,17,52,0,10,1,,,,0,,99991231
20,Z40000000000000001000057292000000,O,17,52,0,10,1,,,,0,,99991231
20,Z40000000000000001000057292100000,O,17,52,0,10,1,,,,0,,99991231
20,Z33000000000000001000057292700000,O,17,52,0,10,1,,,,0,,99991231
20,Z33000000000000001000057292800000,O,17,52,0,10,1,,,,0,,99991231
20,Z33000000000000001000057292900000,O,17,52,0,10,1,,,,0,,99991231
20,Z33000000000000001000057293000000,O,17,52,0,10,1,,,,0,,99991231
20,Z33000000000000001000057293100000,O,17,52,0,10,1,,,,0,,99991231
20,Z33000000000000001000057293200000,O,17,52,0,10,1,,,,0,,99991231
20,Z33000000000000001000057293300000,O,17,52,0,10,1,,,,0,,99991231
20,Z33000000000000001000057293400000,O,17,52,0,10,1,,,,0,,99991231
20,Z33000000000000001000057293500000,O,17,52,0,10,1,,,,0,,99991231
20,Z33000000000000001000057293600000,O,17,52,0,10,1,,,,0,,99991231
20,Z33000000000000001000057293700000,O,17,52,0,10,1,,,,0,,99991231
20,Z33000000000000001000057294300000,O,17,52,0,10,1,,,,0,,99991231
20,Z33000000000000001000057294400000,O,17,52,0,10,1,,,,0,,99991231
20,Z33000000000000001000057294900000,O,17,52,0,10,1,,,,0,,99991231
20,Z33000000000000001000057295000000,O,17,52,0,10,1,,,,0,,99991231
20,Z33000000000000001000057295300000,O,17,52,0,10,1,,,,0,,99991231
20,Z33000000000000001000057295400000,O,17,52,0,10,1,,,,0,,99991231
20,Z33000000000000001000057295800000,O,17,52,0,10,1,,,,0,,99991231
20,Z33000000000000001000057295900000,O,17,52,0,10,1,,,,0,,99991231
20,Z40000000000000001000057296000000,O,17,52,0,10,1,,,,0,,99991231
20,Z40000000000000001000057296100000,O,17,52,0,10,1,,,,0,,99991231
20,Z40000000000000001000057296200000,O,17,52,0,10,1,,,,0,,99991231
20,Z40000000000000001000057296300000,O,17,52,0,10,1,,,,0,,99991231
20,Z33000000000000001000057296400000,O,17,52,0,10,1,,,,0,,99991231
20,Z33000000000000001000057296500000,O,17,52,0,10,1,,,,0,,99991231
20,Z33000000000000001000057296800000,O,17,52,0,10,1,,,,0,,99991231
20,Z33000000000000001000057296900000,O,17,52,0,10,1,,,,0,,99991231
20,Z40000000000000001000057302100000,O,17,52,0,10,1,,,,0,,99991231
20,Z40000000000000001000057302200000,O,17,52,0,10,1,,,,0,,99991231
20,Z40000000000000001000057302300000,O,17,52,0,10,1,,,,0,,99991231
20,Z40000000000000001000057302400000,O,17,52,0,10,1,,,,0,,99991231
20,Z40000000000000001000057302500000,O,17,52,0,10,1,,,,0,,99991231
20,Z40000000000000001000057302600000,O,17,52,0,10,1,,,,0,,99991231
20,Z40000000000000001000057302700000,O,17,52,0,10,1,,,,0,,99991231
20,Z33000000000000001000057305900000,O,17,52,0,10,1,,,,0,,99991231
20,Z33000000000000001000057306000000,O,17,52,0,10,1,,,,0,,99991231
20,Z33000000000000001000057306100000,O,17,52,0,10,1,,,,0,,99991231
20,Z33000000000000001000057306200000,O,17,52,0,10,1,,,,0,,99991231
20,Z33000000000000001000057306300000,O,17,52,0,10,1,,,,0,,99991231
20,Z33000000000000001000057306400000,O,17,52,0,10,1,,,,0,,99991231
20,Z33000000000000001000057306500000,O,17,52,0,10,1,,,,0,,99991231
20,Z33000000000000001000057306600000,O,17,52,0,10,1,,,,0,,99991231
20,Z33000000000000001000057306700000,O,17,52,0,10,1,,,,0,,99991231
20,Z33000000000000001000057306800000,O,17,52,0,10,1,,,,0,,99991231
20,Z33000000000000001000057306900000,O,17,52,0,10,1,,,,0,,99991231
20,Z33000000000000001000056763300000,O,17,52,0,10,1,,,,0,,99991231
20,Z33000000000000001000056763700000,O,17,52,0,10,1,,,,0,,99991231
20,Z33000000000000001000056763800000,O,17,52,0,10,1,,,,0,,99991231
20,Z33000000000000001000056763900000,O,17,52,0,10,1,,,,0,,99991231
20,Z40000000000000001000056766400000,O,17,52,0,10,1,,,,0,,99991231
20,Z40000000000000001000056766500000,O,17,52,0,10,1,,,,0,,99991231
20,Z40000000000000001000056766600000,O,17,52,0,10,1,,,,0,,99991231
20,Z40000000000000001000056766700000,O,17,52,0,10,1,,,,0,,99991231
20,Z40000000000000001000056766800000,O,17,52,0,10,1,,,,0,,99991231
20,Z40000000000000001000056766900000,O,17,52,0,10,1,,,,0,,99991231
20,Z40000000000000001000056767000000,O,17,52,0,10,1,,,,0,,99991231
20,Z29000000000000001000056768700000,O,17,52,0,10,1,,,,0,,99991231
20,Z40000000000000001000056770400000,O,17,52,0,10,1,,,,0,,99991231
20,Z40000000000000001000056770500000,O,17,52,0,10,1,,,,0,,99991231
20,Z40000000000000001000056770600000,O,17,52,0,10,1,,,,0,,99991231
20,Z40000000000000001000056770700000,O,17,52,0,10,1,,,,0,,99991231
20,Z40000000000000001000056770800000,O,17,52,0,10,1,,,,0,,99991231
20,Z40000000000000001000056771300000,O,17,52,0,10,1,,,,0,,99991231
20,Z40000000000000001000056771400000,O,17,52,0,10,1,,,,0,,99991231
20,Z40000000000000001000056771500000,O,17,52,0,10,1,,,,0,,99991231
20,Z33000000000000001000056772800000,O,17,52,0,10,1,,,,0,,99991231
20,Z33000000000000001000056772900000,O,17,52,0,10,1,,,,0,,99991231
20,Z33000000000000001000056773000000,O,17,52,0,10,1,,,,0,,99991231
20,Z33000000000000001000056773100000,O,17,52,0,10,1,,,,0,,99991231
20,Z33000000000000001000056773200000,O,17,52,0,10,1,,,,0,,99991231
20,Z33000000000000001000056773300000,O,17,52,0,10,1,,,,0,,99991231
20,Z33000000000000001000056773400000,O,17,52,0,10,1,,,,0,,99991231
20,Z33000000000000001000056773500000,O,17,52,0,10,1,,,,0,,99991231
20,Z33000000000000001000056773600000,O,17,52,0,10,1,,,,0,,99991231
20,Z33000000000000001000056773700000,O,17,52,0,10,1,,,,0,,99991231
20,Z33000000000000001000056773800000,O,17,52,0,10,1,,,,0,,99991231
20,Z33000000000000001000056773900000,O,17,52,0,10,1,,,,0,,99991231
20,Z33000000000000001000056774000000,O,17,52,0,10,1,,,,0,,99991231
20,Z33000000000000001000056774100000,O,17,52,0,10,1,,,,0,,99991231
20,Z33000000000000001000056774200000,O,17,52,0,10,1,,,,0,,99991231
20,Z33000000000000001000056774300000,O,17,52,0,10,1,,,,0,,99991231
20,Z33000000000000001000056774400000,O,17,52,0,10,1,,,,0,,99991231
20,Z33000000000000001000056774500000,O,17,52,0,10,1,,,,0,,99991231
20,Z33000000000000001000056774600000,O,17,52,0,10,1,,,,0,,99991231
20,Z33000000000000001000056774700000,O,17,52,0,10,1,,,,0,,99991231
20,Z33000000000000001000056774800000,O,17,52,0,10,1,,,,0,,99991231
20,Z33000000000000001000056774900000,O,17,52,0,10,1,,,,0,,99991231
20,Z33000000000000001000056775000000,O,17,52,0,10,1,,,,0,,99991231
20,Z33000000000000001000056775100000,O,17,52,0,10,1,,,,0,,99991231
20,Z33000000000000001000056775200000,O,17,52,0,10,1,,,,0,,99991231
20,Z33000000000000001000056775300000,O,17,52,0,10,1,,,,0,,99991231
20,Z33000000000000001000056775400000,O,17,52,0,10,1,,,,0,,99991231
20,Z33000000000000001000056775500000,O,17,52,0,10,1,,,,0,,99991231
20,Z33000000000000001000056775600000,O,17,52,0,10,1,,,,0,,99991231
20,Z33000000000000001000056775700000,O,17,52,0,10,1,,,,0,,99991231
20,Z33000000000000001000056775800000,O,17,52,0,10,1,,,,0,,99991231
20,Z33000000000000001000056775900000,O,17,52,0,10,1,,,,0,,99991231
20,Z33000000000000001000056776000000,O,17,52,0,10,1,,,,0,,99991231
20,Z33000000000000001000056776100000,O,17,52,0,10,1,,,,0,,99991231
20,Z33000000000000001000056776200000,O,17,52,0,10,1,,,,0,,99991231
20,Z33000000000000001000056776300000,O,17,52,0,10,1,,,,0,,99991231
20,Z33000000000000001000056776400000,O,17,52,0,10,1,,,,0,,99991231
20,Z33000000000000001000056776500000,O,17,52,0,10,1,,,,0,,99991231
20,Z33000000000000001000056776600000,O,17,52,0,10,1,,,,0,,99991231
20,Z33000000000000001000056776700000,O,17,52,0,10,1,,,,0,,99991231
20,Z33000000000000001000056776800000,O,17,52,0,10,1,,,,0,,99991231
20,Z33000000000000001000056776900000,O,17,52,0,10,1,,,,0,,99991231
20,Z33000000000000001000056777000000,O,17,52,0,10,1,,,,0,,99991231
20,Z33000000000000001000056777100000,O,17,52,0,10,1,,,,0,,99991231
20,Z33000000000000001000056777200000,O,17,52,0,10,1,,,,0,,99991231
20,Z33000000000000001000056777300000,O,17,52,0,10,1,,,,0,,99991231
20,Z33000000000000001000056777400000,O,17,52,0,10,1,,,,0,,99991231
20,Z33000000000000001000056777500000,O,17,52,0,10,1,,,,0,,99991231
20,Z33000000000000001000056777600000,O,17,52,0,10,1,,,,0,,99991231
20,Z33000000000000001000056777700000,O,17,52,0,10,1,,,,0,,99991231
20,Z33000000000000001000056777800000,O,17,52,0,10,1,,,,0,,99991231
20,Z33000000000000001000056777900000,O,17,52,0,10,1,,,,0,,99991231
20,Z33000000000000001000056778000000,O,17,52,0,10,1,,,,0,,99991231
20,Z29000000000000001000003004102000,O,17,52,0,10,1,,,,0,,99991231
20,Z29000000000000001000003004103000,O,17,52,0,10,1,,,,0,,99991231
20,Z40000000000000001000056785600000,O,17,52,0,10,1,,,,0,,99991231
20,Z40000000000000001000056785700000,O,17,52,0,10,1,,,,0,,99991231
20,Z40000000000000001000056785800000,O,17,52,0,10,1,,,,0,,99991231
20,Z40000000000000001000056785900000,O,17,52,0,10,1,,,,0,,99991231
20,Z40000000000000001000056786000000,O,17,52,0,10,1,,,,0,,99991231
20,Z40000000000000001000056786100000,O,17,52,0,10,1,,,,0,,99991231
20,Z40000000000000001000056786200000,O,17,52,0,10,1,,,,0,,99991231
20,Z33000000000000001000056787400000,O,17,52,0,10,1,,,,0,,99991231
20,Z33000000000000001000056787300000,O,17,52,0,10,1,,,,0,,99991231
20,Z33000000000000001000056788700000,O,17,52,0,10,1,,,,0,,99991231
20,Z33000000000000001000056788800000,O,17,52,0,10,1,,,,0,,99991231
20,Z33000000000000001000056789200000,O,17,52,0,10,1,,,,0,,99991231
20,Z33000000000000001000056789300000,O,17,52,0,10,1,,,,0,,99991231
20,Z29000000000000001000002948301000,O,17,52,0,10,1,,,,0,,99991231
20,Z33000000000000001000056789500000,O,17,52,0,10,1,,,,0,,99991231
20,Z33000000000000001000056789600000,O,17,52,0,10,1,,,,0,,99991231
20,Z29000000000000001000002948401000,O,17,52,0,10,1,,,,0,,99991231
20,Z33000000000000001000056789800000,O,17,52,0,10,1,,,,0,,99991231
20,Z33000000000000001000056789900000,O,17,52,0,10,1,,,,0,,99991231
20,Z29000000000000001000002948501000,O,17,52,0,10,1,,,,0,,99991231
20,Z33000000000000001000056790300000,O,17,52,0,10,1,,,,0,,99991231
20,Z33000000000000001000056790400000,O,17,52,0,10,1,,,,0,,99991231
20,Z29000000000000001000002948601000,O,17,52,0,10,1,,,,0,,99991231
20,Z33000000000000001000056790500000,O,17,52,0,10,1,,,,0,,99991231
20,Z33000000000000001000056790600000,O,17,52,0,10,1,,,,0,,99991231
20,Z33000000000000001000056791300000,O,17,52,0,10,1,,,,0,,99991231
20,Z33000000000000001000056791400000,O,17,52,0,10,1,,,,0,,99991231
20,Z33000000000000001000056793200000,O,17,52,0,10,1,,,,0,,99991231
20,Z33000000000000001000056793300000,O,17,52,0,10,1,,,,0,,99991231
20,Z33000000000000001000056793600000,O,17,52,0,10,1,,,,0,,99991231
20,Z33000000000000001000056793700000,O,17,52,0,10,1,,,,0,,99991231
20,Z33000000000000001000056793900000,O,17,52,0,10,1,,,,0,,99991231
20,Z33000000000000001000056794000000,O,17,52,0,10,1,,,,0,,99991231
20,Z33000000000000001000056794300000,O,17,52,0,10,1,,,,0,,99991231
20,Z33000000000000001000056794400000,O,17,52,0,10,1,,,,0,,99991231
20,Z33000000000000001000056795500000,O,17,52,0,10,1,,,,0,,99991231
20,Z33000000000000001000056795600000,O,17,52,0,10,1,,,,0,,99991231
20,Z40000000000000001000056806300000,O,17,52,0,10,1,,,,0,,99991231
20,Z40000000000000001000056806400000,O,17,52,0,10,1,,,,0,,99991231
20,Z40000000000000001000056806500000,O,17,52,0,10,1,,,,0,,99991231
20,Z40000000000000001000056807800000,O,17,52,0,10,1,,,,0,,99991231
20,Z40000000000000001000056807900000,O,17,52,0,10,1,,,,0,,99991231
20,Z40000000000000001000056808000000,O,17,52,0,10,1,,,,0,,99991231
20,Z40000000000000001000056808100000,O,17,52,0,10,1,,,,0,,99991231
20,Z40000000000000001000056808200000,O,17,52,0,10,1,,,,0,,99991231
20,Z40000000000000001000056811800000,O,17,52,0,10,1,,,,0,,99991231
20,Z40000000000000001000056811900000,O,17,52,0,10,1,,,,0,,99991231
20,Z40000000000000001000056812000000,O,17,52,0,10,1,,,,0,,99991231
20,Z33000000000000001000056817900000,O,17,52,0,10,1,,,,0,,99991231
20,Z33000000000000001000056818000000,O,17,52,0,10,1,,,,0,,99991231
20,Z33000000000000001000056818100000,O,17,52,0,10,1,,,,0,,99991231
20,Z33000000000000001000056819800000,O,17,52,0,10,1,,,,0,,99991231
20,Z33000000000000001000056819900000,O,17,52,0,10,1,,,,0,,99991231
20,Z33000000000000001000056820000000,O,17,52,0,10,1,,,,0,,99991231
20,Z33000000000000001000056820100000,O,17,52,0,10,1,,,,0,,99991231
20,Z33000000000000001000056820200000,O,17,52,0,10,1,,,,0,,99991231
20,Z33000000000000001000056820300000,O,17,52,0,10,1,,,,0,,99991231
20,Z40000000000000001000057060700000,O,17,52,0,10,1,,,,0,,99991231
20,Z40000000000000001000057060800000,O,17,52,0,10,1,,,,0,,99991231
20,Z40000000000000001000057060900000,O,17,52,0,10,1,,,,0,,99991231
20,Z40000000000000001000057061000000,O,17,52,0,10,1,,,,0,,99991231
20,Z40000000000000001000057061100000,O,17,52,0,10,1,,,,0,,99991231
20,Z40000000000000001000057061200000,O,17,52,0,10,1,,,,0,,99991231
20,Z40000000000000001000057061300000,O,17,52,0,10,1,,,,0,,99991231
20,Z40000000000000001000057061400000,O,17,52,0,10,1,,,,0,,99991231
20,Z40000000000000001000057061500000,O,17,52,0,10,1,,,,0,,99991231
20,Z40000000000000001000057061600000,O,17,52,0,10,1,,,,0,,99991231
20,Z40000000000000001000057065200000,O,17,52,0,10,1,,,,0,,99991231
20,Z40000000000000001000057065300000,O,17,52,0,10,1,,,,0,,99991231
20,Z40000000000000001000057065400000,O,17,52,0,10,1,,,,0,,99991231
20,Z40000000000000001000057065500000,O,17,52,0,10,1,,,,0,,99991231
20,Z40000000000000001000057065600000,O,17,52,0,10,1,,,,0,,99991231
20,Z40000000000000001000057067100000,O,17,52,0,10,1,,,,0,,99991231
20,Z40000000000000001000057067300000,O,17,52,0,10,1,,,,0,,99991231
20,Z40000000000000001000057067200000,O,17,52,0,10,1,,,,0,,99991231
20,Z40000000000000001000057067400000,O,17,52,0,10,1,,,,0,,99991231
20,Z40000000000000001000057067500000,O,17,52,0,10,1,,,,0,,99991231
20,Z40000000000000001000057068800000,O,17,52,0,10,1,,,,0,,99991231
20,Z40000000000000001000057068900000,O,17,52,0,10,1,,,,0,,99991231
20,Z40000000000000001000057069000000,O,17,52,0,10,1,,,,0,,99991231
20,Z40000000000000001000057069100000,O,17,52,0,10,1,,,,0,,99991231
20,Z40000000000000001000057069800000,O,17,52,0,10,1,,,,0,,99991231
20,Z40000000000000001000057069900000,O,17,52,0,10,1,,,,0,,99991231
20,Z40000000000000001000057070000000,O,17,52,0,10,1,,,,0,,99991231
20,Z40000000000000001000057070100000,O,17,52,0,10,1,,,,0,,99991231
20,Z40000000000000001000057070200000,O,17,52,0,10,1,,,,0,,99991231
20,Z40000000000000001000057070300000,O,17,52,0,10,1,,,,0,,99991231
20,Z40000000000000001000057070400000,O,17,52,0,10,1,,,,0,,99991231
20,Z40000000000000001000057072100000,O,17,52,0,10,1,,,,0,,99991231
20,Z40000000000000001000057072200000,O,17,52,0,10,1,,,,0,,99991231
20,Z40000000000000001000057072300000,O,17,52,0,10,1,,,,0,,99991231
20,Z40000000000000001000057072400000,O,17,52,0,10,1,,,,0,,99991231
20,Z40000000000000001000057072500000,O,17,52,0,10,1,,,,0,,99991231
20,Z40000000000000001000057072600000,O,17,52,0,10,1,,,,0,,99991231
20,Z40000000000000001000057072700000,O,17,52,0,10,1,,,,0,,99991231
20,Z40000000000000001000057081800000,O,17,52,0,10,1,,,,0,,99991231
20,Z40000000000000001000057081900000,O,17,52,0,10,1,,,,0,,99991231
20,Z40000000000000001000057082000000,O,17,52,0,10,1,,,,0,,99991231
20,Z40000000000000001000057082100000,O,17,52,0,10,1,,,,0,,99991231
20,Z40000000000000001000057082200000,O,17,52,0,10,1,,,,0,,99991231
20,Z40000000000000001000057082300000,O,17,52,0,10,1,,,,0,,99991231
20,Z40000000000000001000057082400000,O,17,52,0,10,1,,,,0,,99991231
20,Z40000000000000001000057082500000,O,17,52,0,10,1,,,,0,,99991231
20,Z40000000000000001000057082600000,O,17,52,0,10,1,,,,0,,99991231
20,Z40000000000000001000057086800000,O,17,52,0,10,1,,,,0,,99991231
20,Z40000000000000001000057086900000,O,17,52,0,10,1,,,,0,,99991231
20,Z40000000000000001000057087000000,O,17,52,0,10,1,,,,0,,99991231
20,Z40000000000000001000057087100000,O,17,52,0,10,1,,,,0,,99991231
20,Z40000000000000001000057087200000,O,17,52,0,10,1,,,,0,,99991231
20,Z40000000000000001000057087300000,O,17,52,0,10,1,,,,0,,99991231
20,Z40000000000000001000057087400000,O,17,52,0,10,1,,,,0,,99991231
20,Z40000000000000001000057087500000,O,17,52,0,10,1,,,,0,,99991231
20,Z40000000000000001000057095300000,O,17,52,0,10,1,,,,0,,99991231
20,Z40000000000000001000057095400000,O,17,52,0,10,1,,,,0,,99991231
20,Z40000000000000001000057095500000,O,17,52,0,10,1,,,,0,,99991231
20,Z40000000000000001000057095600000,O,17,52,0,10,1,,,,0,,99991231
20,Z40000000000000001000057095700000,O,17,52,0,10,1,,,,0,,99991231
20,Z40000000000000001000057095800000,O,17,52,0,10,1,,,,0,,99991231
20,Z40000000000000001000057095900000,O,17,52,0,10,1,,,,0,,99991231
20,Z40000000000000001000057096000000,O,17,52,0,10,1,,,,0,,99991231
20,Z40000000000000001000057097600000,O,17,52,0,10,1,,,,0,,99991231
20,Z40000000000000001000057097700000,O,17,52,0,10,1,,,,0,,99991231
20,Z40000000000000001000057097800000,O,17,52,0,10,1,,,,0,,99991231
20,Z40000000000000001000057097900000,O,17,52,0,10,1,,,,0,,99991231
20,Z40000000000000001000057098000000,O,17,52,0,10,1,,,,0,,99991231
20,Z40000000000000001000057098100000,O,17,52,0,10,1,,,,0,,99991231
20,Z40000000000000001000057098200000,O,17,52,0,10,1,,,,0,,99991231
20,Z40000000000000001000057099800000,O,17,52,0,10,1,,,,0,,99991231
20,Z40000000000000001000057099900000,O,17,52,0,10,1,,,,0,,99991231
20,Z40000000000000001000057100000000,O,17,52,0,10,1,,,,0,,99991231
20,Z40000000000000001000057100100000,O,17,52,0,10,1,,,,0,,99991231
20,Z40000000000000001000057100200000,O,17,52,0,10,1,,,,0,,99991231
20,Z40000000000000001000057100300000,O,17,52,0,10,1,,,,0,,99991231
20,Z40000000000000001000057100400000,O,17,52,0,10,1,,,,0,,99991231
20,Z40000000000000001000057100500000,O,17,52,0,10,1,,,,0,,99991231
20,Z40000000000000001000057100600000,O,17,52,0,10,1,,,,0,,99991231
20,Z40000000000000001000057100700000,O,17,52,0,10,1,,,,0,,99991231
20,Z40000000000000001000057100800000,O,17,52,0,10,1,,,,0,,99991231
20,Z40000000000000001000057100900000,O,17,52,0,10,1,,,,0,,99991231
20,Z40000000000000001000057101000000,O,17,52,0,10,1,,,,0,,99991231
20,Z40000000000000001000057101100000,O,17,52,0,10,1,,,,0,,99991231
20,Z40000000000000001000057106500000,O,17,52,0,10,1,,,,0,,99991231
20,Z40000000000000001000057106600000,O,17,52,0,10,1,,,,0,,99991231
20,Z40000000000000001000057106700000,O,17,52,0,10,1,,,,0,,99991231
20,Z40000000000000001000057106800000,O,17,52,0,10,1,,,,0,,99991231
20,Z40000000000000001000057106900000,O,17,52,0,10,1,,,,0,,99991231
20,Z40000000000000001000057107000000,O,17,52,0,10,1,,,,0,,99991231
20,Z40000000000000001000057109500000,O,17,52,0,10,1,,,,0,,99991231
20,Z40000000000000001000057109600000,O,17,52,0,10,1,,,,0,,99991231
20,Z40000000000000001000057109700000,O,17,52,0,10,1,,,,0,,99991231
20,Z40000000000000001000057109800000,O,17,52,0,10,1,,,,0,,99991231
20,Z40000000000000001000057109900000,O,17,52,0,10,1,,,,0,,99991231
20,Z40000000000000001000057110000000,O,17,52,0,10,1,,,,0,,99991231
20,Z40000000000000001000057110100000,O,17,52,0,10,1,,,,0,,99991231
20,Z40000000000000001000057110200000,O,17,52,0,10,1,,,,0,,99991231
20,Z40000000000000001000057114600000,O,17,52,0,10,1,,,,0,,99991231
20,Z40000000000000001000057114800000,O,17,52,0,10,1,,,,0,,99991231
20,Z40000000000000001000057114900000,O,17,52,0,10,1,,,,0,,99991231
20,Z40000000000000001000057115000000,O,17,52,0,10,1,,,,0,,99991231
20,Z40000000000000001000057115100000,O,17,52,0,10,1,,,,0,,99991231
20,Z40000000000000001000057117900000,O,17,52,0,10,1,,,,0,,99991231
20,Z40000000000000001000057118000000,O,17,52,0,10,1,,,,0,,99991231
20,Z40000000000000001000057120300000,O,17,52,0,10,1,,,,0,,99991231
20,Z40000000000000001000057120400000,O,17,52,0,10,1,,,,0,,99991231
20,Z40000000000000001000057129700000,O,17,52,0,10,1,,,,0,,99991231
20,Z40000000000000001000057129800000,O,17,52,0,10,1,,,,0,,99991231
20,Z40000000000000001000057130200000,O,17,52,0,10,1,,,,0,,99991231
20,Z40000000000000001000057130300000,O,17,52,0,10,1,,,,0,,99991231
20,Z40000000000000001000057130500000,O,17,52,0,10,1,,,,0,,99991231
20,Z40000000000000001000057130600000,O,17,52,0,10,1,,,,0,,99991231
20,Z40000000000000001000057130900000,O,17,52,0,10,1,,,,0,,99991231
20,Z40000000000000001000057131000000,O,17,52,0,10,1,,,,0,,99991231
20,Z40000000000000001000057131100000,O,17,52,0,10,1,,,,0,,99991231
20,Z40000000000000001000057131200000,O,17,52,0,10,1,,,,0,,99991231
20,Z40000000000000001000057131300000,O,17,52,0,10,1,,,,0,,99991231
20,Z40000000000000001000057138800000,O,17,52,0,10,1,,,,0,,99991231
20,Z40000000000000001000057138900000,O,17,52,0,10,1,,,,0,,99991231
20,Z40000000000000001000057139000000,O,17,52,0,10,1,,,,0,,99991231
20,Z40000000000000001000057139100000,O,17,52,0,10,1,,,,0,,99991231
20,Z40000000000000001000057139200000,O,17,52,0,10,1,,,,0,,99991231
20,Z40000000000000001000057139300000,O,17,52,0,10,1,,,,0,,99991231
20,Z40000000000000001000057139400000,O,17,52,0,10,1,,,,0,,99991231
20,Z40000000000000001000057140200000,O,17,52,0,10,1,,,,0,,99991231
20,Z40000000000000001000057142300000,O,17,52,0,10,1,,,,0,,99991231
20,Z40000000000000001000057143100000,O,17,52,0,10,1,,,,0,,99991231
20,Z40000000000000001000057143200000,O,17,52,0,10,1,,,,0,,99991231
20,Z40000000000000001000057143300000,O,17,52,0,10,1,,,,0,,99991231
20,Z40000000000000001000057143400000,O,17,52,0,10,1,,,,0,,99991231
20,Z40000000000000001000057143500000,O,17,52,0,10,1,,,,0,,99991231
20,Z33000000000000001000056673100000,O,17,52,0,10,1,,,,0,,99991231
20,Z33000000000000001000056673200000,O,17,52,0,10,1,,,,0,,99991231
20,Z33000000000000001000056673300000,O,17,52,0,10,1,,,,0,,99991231
20,Z33000000000000001000056673700000,O,17,52,0,10,1,,,,0,,99991231
20,Z33000000000000001000056673800000,O,17,52,0,10,1,,,,0,,99991231
20,Z33000000000000001000056673900000,O,17,52,0,10,1,,,,0,,99991231
20,Z33000000000000001000056674000000,O,17,52,0,10,1,,,,0,,99991231
20,Z33000000000000001000056674100000,O,17,52,0,10,1,,,,0,,99991231
20,Z33000000000000001000056674300000,O,17,52,0,10,1,,,,0,,99991231
20,Z33000000000000001000056674400000,O,17,52,0,10,1,,,,0,,99991231
20,Z33000000000000001000056674600000,O,17,52,0,10,1,,,,0,,99991231
20,Z33000000000000001000056674700000,O,17,52,0,10,1,,,,0,,99991231
20,Z33000000000000001000056674800000,O,17,52,0,10,1,,,,0,,99991231
20,Z40000000000000001000056674900000,O,17,52,0,10,1,,,,0,,99991231
20,Z40000000000000001000056675000000,O,17,52,0,10,1,,,,0,,99991231
20,Z40000000000000001000056675100000,O,17,52,0,10,1,,,,0,,99991231
20,Z40000000000000001000056675200000,O,17,52,0,10,1,,,,0,,99991231
20,Z40000000000000001000056675300000,O,17,52,0,10,1,,,,0,,99991231
20,Z40000000000000001000056675400000,O,17,52,0,10,1,,,,0,,99991231
20,Z33000000000000001000056676000000,O,17,52,0,10,1,,,,0,,99991231
20,Z33000000000000001000056676100000,O,17,52,0,10,1,,,,0,,99991231
20,Z33000000000000001000056676200000,O,17,52,0,10,1,,,,0,,99991231
20,Z33000000000000001000056676300000,O,17,52,0,10,1,,,,0,,99991231
20,Z33000000000000001000056676400000,O,17,52,0,10,1,,,,0,,99991231
20,Z33000000000000001000056676500000,O,17,52,0,10,1,,,,0,,99991231
20,Z33000000000000001000056676600000,O,17,52,0,10,1,,,,0,,99991231
20,Z33000000000000001000056676700000,O,17,52,0,10,1,,,,0,,99991231
20,Z33000000000000001000056676800000,O,17,52,0,10,1,,,,0,,99991231
20,Z33000000000000001000056676900000,O,17,52,0,10,1,,,,0,,99991231
20,Z33000000000000001000056677000000,O,17,52,0,10,1,,,,0,,99991231
20,Z33000000000000001000056677100000,O,17,52,0,10,1,,,,0,,99991231
20,Z33000000000000001000056677200000,O,17,52,0,10,1,,,,0,,99991231
20,Z33000000000000001000056677300000,O,17,52,0,10,1,,,,0,,99991231
20,Z33000000000000001000056677400000,O,17,52,0,10,1,,,,0,,99991231
20,Z33000000000000001000056677500000,O,17,52,0,10,1,,,,0,,99991231
20,Z33000000000000001000056677600000,O,17,52,0,10,1,,,,0,,99991231
20,Z33000000000000001000056677700000,O,17,52,0,10,1,,,,0,,99991231
20,Z33000000000000001000056677800000,O,17,52,0,10,1,,,,0,,99991231
20,Z33000000000000001000056677900000,O,17,52,0,10,1,,,,0,,99991231
20,Z33000000000000001000056678000000,O,17,52,0,10,1,,,,0,,99991231
20,Z33000000000000001000056678100000,O,17,52,0,10,1,,,,0,,99991231
20,Z33000000000000001000056678800000,O,17,52,0,10,1,,,,0,,99991231
20,Z33000000000000001000056678900000,O,17,52,0,10,1,,,,0,,99991231
20,Z33000000000000001000056679100000,O,17,52,0,10,1,,,,0,,99991231
20,Z33000000000000001000056679200000,O,17,52,0,10,1,,,,0,,99991231
20,Z33000000000000001000056679300000,O,17,52,0,10,1,,,,0,,99991231
20,Z33000000000000001000056679400000,O,17,52,0,10,1,,,,0,,99991231
20,Z33000000000000001000056679800000,O,17,52,0,10,1,,,,0,,99991231
20,Z33000000000000001000056679900000,O,17,52,0,10,1,,,,0,,99991231
20,Z33000000000000001000056682200000,O,17,52,0,10,1,,,,0,,99991231
20,Z33000000000000001000056682300000,O,17,52,0,10,1,,,,0,,99991231
20,Z33000000000000001000056682400000,O,17,52,0,10,1,,,,0,,99991231
20,Z33000000000000001000056682500000,O,17,52,0,10,1,,,,0,,99991231
20,Z33000000000000001000056682600000,O,17,52,0,10,1,,,,0,,99991231
20,Z33000000000000001000056682700000,O,17,52,0,10,1,,,,0,,99991231
20,Z33000000000000001000056682800000,O,17,52,0,10,1,,,,0,,99991231
20,Z29000000000000001000018297608000,O,17,52,0,10,1,,,,0,,99991231
20,Z33000000000000001000056684400000,O,17,52,0,10,1,,,,0,,99991231
20,Z33000000000000001000056684500000,O,17,52,0,10,1,,,,0,,99991231
20,Z33000000000000001000056684600000,O,17,52,0,10,1,,,,0,,99991231
20,Z33000000000000001000056684700000,O,17,52,0,10,1,,,,0,,99991231
20,Z33000000000000001000056684800000,O,17,52,0,10,1,,,,0,,99991231
20,Z33000000000000001000056684900000,O,17,52,0,10,1,,,,0,,99991231
20,Z33000000000000001000056685000000,O,17,52,0,10,1,,,,0,,99991231
20,Z33000000000000001000056685100000,O,17,52,0,10,1,,,,0,,99991231
20,Z33000000000000001000056685200000,O,17,52,0,10,1,,,,0,,99991231
20,Z33000000000000001000056685300000,O,17,52,0,10,1,,,,0,,99991231
20,Z33000000000000001000056685400000,O,17,52,0,10,1,,,,0,,99991231
20,Z33000000000000001000056685500000,O,17,52,0,10,1,,,,0,,99991231
20,Z33000000000000001000056685600000,O,17,52,0,10,1,,,,0,,99991231
20,Z33000000000000001000056685700000,O,17,52,0,10,1,,,,0,,99991231
20,Z33000000000000001000056685800000,O,17,52,0,10,1,,,,0,,99991231
20,Z33000000000000001000056686300000,O,17,52,0,10,1,,,,0,,99991231
20,Z33000000000000001000056686400000,O,17,52,0,10,1,,,,0,,99991231
20,Z33000000000000001000056687100000,O,17,52,0,10,1,,,,0,,99991231
20,Z33000000000000001000056687200000,O,17,52,0,10,1,,,,0,,99991231
20,Z33000000000000001000056689400000,O,17,52,0,10,1,,,,0,,99991231
20,Z33000000000000001000056689500000,O,17,52,0,10,1,,,,0,,99991231
20,Z33000000000000001000056689600000,O,17,52,0,10,1,,,,0,,99991231
20,Z33000000000000001000056689700000,O,17,52,0,10,1,,,,0,,99991231
20,Z33000000000000001000056690100000,O,17,52,0,10,1,,,,0,,99991231
20,Z33000000000000001000056690200000,O,17,52,0,10,1,,,,0,,99991231
20,Z33000000000000001000056690300000,O,17,52,0,10,1,,,,0,,99991231
20,Z40000000000000001000056690500000,O,17,52,0,10,1,,,,0,,99991231
20,Z40000000000000001000056690600000,O,17,52,0,10,1,,,,0,,99991231
20,Z40000000000000001000056690700000,O,17,52,0,10,1,,,,0,,99991231
20,Z40000000000000001000056690800000,O,17,52,0,10,1,,,,0,,99991231
20,Z40000000000000001000056690900000,O,17,52,0,10,1,,,,0,,99991231
20,Z40000000000000001000056691000000,O,17,52,0,10,1,,,,0,,99991231
20,Z40000000000000001000056691100000,O,17,52,0,10,1,,,,0,,99991231
20,Z40000000000000001000056691200000,O,17,52,0,10,1,,,,0,,99991231
20,Z33000000000000001000056691800000,O,17,52,0,10,1,,,,0,,99991231
20,Z33000000000000001000056691900000,O,17,52,0,10,1,,,,0,,99991231
20,Z33000000000000001000056692600000,O,17,52,0,10,1,,,,0,,99991231
20,Z33000000000000001000056692700000,O,17,52,0,10,1,,,,0,,99991231
20,Z33000000000000001000056693300000,O,17,52,0,10,1,,,,0,,99991231
20,Z33000000000000001000056693400000,O,17,52,0,10,1,,,,0,,99991231
20,Z40000000000000001000056694000000,O,17,52,0,10,1,,,,0,,99991231
20,Z40000000000000001000056694100000,O,17,52,0,10,1,,,,0,,99991231
20,Z40000000000000001000056694200000,O,17,52,0,10,1,,,,0,,99991231
20,Z40000000000000001000056694300000,O,17,52,0,10,1,,,,0,,99991231
20,Z40000000000000001000056694400000,O,17,52,0,10,1,,,,0,,99991231
20,Z40000000000000001000056694500000,O,17,52,0,10,1,,,,0,,99991231
20,Z40000000000000001000056694600000,O,17,52,0,10,1,,,,0,,99991231
20,Z33000000000000001000056695500000,O,17,52,0,10,1,,,,0,,99991231
20,Z33000000000000001000056695600000,O,17,52,0,10,1,,,,0,,99991231
20,Z33000000000000001000056696300000,O,17,52,0,10,1,,,,0,,99991231
20,Z33000000000000001000056696400000,O,17,52,0,10,1,,,,0,,99991231
20,Z33000000000000001000056696500000,O,17,52,0,10,1,,,,0,,99991231
20,Z33000000000000001000056697100000,O,17,52,0,10,1,,,,0,,99991231
20,Z33000000000000001000056697200000,O,17,52,0,10,1,,,,0,,99991231
20,Z33000000000000001000056699500000,O,17,52,0,10,1,,,,0,,99991231
20,Z33000000000000001000056699600000,O,17,52,0,10,1,,,,0,,99991231
20,Z33000000000000001000056699700000,O,17,52,0,10,1,,,,0,,99991231
20,Z33000000000000001000056700300000,O,17,52,0,10,1,,,,0,,99991231
20,Z33000000000000001000056700400000,O,17,52,0,10,1,,,,0,,99991231
20,Z33000000000000001000056700500000,O,17,52,0,10,1,,,,0,,99991231
20,Z33000000000000001000056703100000,O,17,52,0,10,1,,,,0,,99991231
20,Z33000000000000001000056703200000,O,17,52,0,10,1,,,,0,,99991231
20,Z33000000000000001000056704600000,O,17,52,0,10,1,,,,0,,99991231
20,Z33000000000000001000056704700000,O,17,52,0,10,1,,,,0,,99991231
20,Z33000000000000001000056704800000,O,17,52,0,10,1,,,,0,,99991231
20,Z33000000000000001000056705200000,O,17,52,0,10,1,,,,0,,99991231
20,Z33000000000000001000056705300000,O,17,52,0,10,1,,,,0,,99991231
20,Z33000000000000001000056705700000,O,17,52,0,10,1,,,,0,,99991231
20,Z33000000000000001000056705800000,O,17,52,0,10,1,,,,0,,99991231
20,Z33000000000000001000056706400000,O,17,52,0,10,1,,,,0,,99991231
20,Z33000000000000001000056706500000,O,17,52,0,10,1,,,,0,,99991231
20,Z33000000000000001000056709200000,O,17,52,0,10,1,,,,0,,99991231
20,Z33000000000000001000056709300000,O,17,52,0,10,1,,,,0,,99991231
20,Z33000000000000001000056709400000,O,17,52,0,10,1,,,,0,,99991231
20,Z29000000000000001000056706000000,O,17,52,0,10,1,,,,0,,99991231
20,Z40000000000000001000057143700000,O,17,52,0,10,1,,,,0,,99991231
20,Z40000000000000001000057144400000,O,17,52,0,10,1,,,,0,,99991231
20,Z40000000000000001000057144500000,O,17,52,0,10,1,,,,0,,99991231
20,Z40000000000000001000057144600000,O,17,52,0,10,1,,,,0,,99991231
20,Z40000000000000001000057144700000,O,17,52,0,10,1,,,,0,,99991231
20,Z40000000000000001000057144800000,O,17,52,0,10,1,,,,0,,99991231
20,Z40000000000000001000057144900000,O,17,52,0,10,1,,,,0,,99991231
20,Z40000000000000001000057145000000,O,17,52,0,10,1,,,,0,,99991231
20,Z40000000000000001000057145200000,O,17,52,0,10,1,,,,0,,99991231
20,Z40000000000000001000057145300000,O,17,52,0,10,1,,,,0,,99991231
20,Z40000000000000001000057145400000,O,17,52,0,10,1,,,,0,,99991231
20,Z40000000000000001000057145500000,O,17,52,0,10,1,,,,0,,99991231
20,Z40000000000000001000057145600000,O,17,52,0,10,1,,,,0,,99991231
20,Z40000000000000001000057145700000,O,17,52,0,10,1,,,,0,,99991231
20,Z40000000000000001000057147400000,O,17,52,0,10,1,,,,0,,99991231
20,Z40000000000000001000057147500000,O,17,52,0,10,1,,,,0,,99991231
20,Z40000000000000001000057147600000,O,17,52,0,10,1,,,,0,,99991231
20,Z40000000000000001000057147700000,O,17,52,0,10,1,,,,0,,99991231
20,Z40000000000000001000057147800000,O,17,52,0,10,1,,,,0,,99991231
20,Z40000000000000001000057149800000,O,17,52,0,10,1,,,,0,,99991231
20,Z40000000000000001000057149900000,O,17,52,0,10,1,,,,0,,99991231
20,Z40000000000000001000057150000000,O,17,52,0,10,1,,,,0,,99991231
20,Z40000000000000001000057150100000,O,17,52,0,10,1,,,,0,,99991231
20,Z40000000000000001000057150200000,O,17,52,0,10,1,,,,0,,99991231
20,Z40000000000000001000057152200000,O,17,52,0,10,1,,,,0,,99991231
20,Z40000000000000001000057152300000,O,17,52,0,10,1,,,,0,,99991231
20,Z40000000000000001000057152400000,O,17,52,0,10,1,,,,0,,99991231
20,Z40000000000000001000057152500000,O,17,52,0,10,1,,,,0,,99991231
20,Z40000000000000001000057157400000,O,17,52,0,10,1,,,,0,,99991231
20,Z40000000000000001000057157500000,O,17,52,0,10,1,,,,0,,99991231
20,Z40000000000000001000057157600000,O,17,52,0,10,1,,,,0,,99991231
20,Z40000000000000001000057163200000,O,17,52,0,10,1,,,,0,,99991231
20,Z40000000000000001000057163300000,O,17,52,0,10,1,,,,0,,99991231
20,Z40000000000000001000057163400000,O,17,52,0,10,1,,,,0,,99991231
20,Z40000000000000001000057163500000,O,17,52,0,10,1,,,,0,,99991231
20,Z40000000000000001000057163600000,O,17,52,0,10,1,,,,0,,99991231
20,Z40000000000000001000057163700000,O,17,52,0,10,1,,,,0,,99991231
20,Z40000000000000001000057163800000,O,17,52,0,10,1,,,,0,,99991231
20,Z40000000000000001000057167900000,O,17,52,0,10,1,,,,0,,99991231
20,Z40000000000000001000057168000000,O,17,52,0,10,1,,,,0,,99991231
20,Z40000000000000001000057168100000,O,17,52,0,10,1,,,,0,,99991231
20,Z40000000000000001000057185600000,O,17,52,0,10,1,,,,0,,99991231
20,Z40000000000000001000057185700000,O,17,52,0,10,1,,,,0,,99991231
20,Z40000000000000001000057185800000,O,17,52,0,10,1,,,,0,,99991231
20,Z40000000000000001000057185900000,O,17,52,0,10,1,,,,0,,99991231
20,Z40000000000000001000057186000000,O,17,52,0,10,1,,,,0,,99991231
20,Z40000000000000001000057186100000,O,17,52,0,10,1,,,,0,,99991231
20,Z40000000000000001000057186200000,O,17,52,0,10,1,,,,0,,99991231
20,Z29000000000000001000056926700000,O,17,52,0,10,1,,,,0,,99991231
20,Z40000000000000001000057200300000,O,17,52,0,10,1,,,,0,,99991231
20,Z40000000000000001000057200400000,O,17,52,0,10,1,,,,0,,99991231
20,Z40000000000000001000057200500000,O,17,52,0,10,1,,,,0,,99991231
20,Z40000000000000001000057200600000,O,17,52,0,10,1,,,,0,,99991231
20,Z40000000000000001000057200700000,O,17,52,0,10,1,,,,0,,99991231
20,Z40000000000000001000057200800000,O,17,52,0,10,1,,,,0,,99991231
20,Z40000000000000001000057200900000,O,17,52,0,10,1,,,,0,,99991231
20,Z40000000000000001000057201800000,O,17,52,0,10,1,,,,0,,99991231
20,Z40000000000000001000057201900000,O,17,52,0,10,1,,,,0,,99991231
20,Z40000000000000001000057202000000,O,17,52,0,10,1,,,,0,,99991231
20,Z40000000000000001000057202100000,O,17,52,0,10,1,,,,0,,99991231
20,Z40000000000000001000057202200000,O,17,52,0,10,1,,,,0,,99991231
20,Z40000000000000001000057202300000,O,17,52,0,10,1,,,,0,,99991231
20,Z40000000000000001000057202400000,O,17,52,0,10,1,,,,0,,99991231
20,Z40000000000000001000057203600000,O,17,52,0,10,1,,,,0,,99991231
20,Z40000000000000001000057203700000,O,17,52,0,10,1,,,,0,,99991231
20,Z40000000000000001000057203800000,O,17,52,0,10,1,,,,0,,99991231
20,Z40000000000000001000057203900000,O,17,52,0,10,1,,,,0,,99991231
20,Z40000000000000001000057204000000,O,17,52,0,10,1,,,,0,,99991231
20,Z40000000000000001000057204100000,O,17,52,0,10,1,,,,0,,99991231
20,Z40000000000000001000057204200000,O,17,52,0,10,1,,,,0,,99991231
20,Z40000000000000001000057206300000,O,17,52,0,10,1,,,,0,,99991231
20,Z40000000000000001000057206400000,O,17,52,0,10,1,,,,0,,99991231
20,Z40000000000000001000057206500000,O,17,52,0,10,1,,,,0,,99991231
20,Z40000000000000001000057206600000,O,17,52,0,10,1,,,,0,,99991231
20,Z40000000000000001000057206700000,O,17,52,0,10,1,,,,0,,99991231
20,Z40000000000000001000057206800000,O,17,52,0,10,1,,,,0,,99991231
20,Z40000000000000001000057206900000,O,17,52,0,10,1,,,,0,,99991231
20,Z40000000000000001000057207000000,O,17,52,0,10,1,,,,0,,99991231
20,Z40000000000000001000057208900000,O,17,52,0,10,1,,,,0,,99991231
20,Z40000000000000001000057209000000,O,17,52,0,10,1,,,,0,,99991231
20,Z40000000000000001000057209100000,O,17,52,0,10,1,,,,0,,99991231
20,Z40000000000000001000057209200000,O,17,52,0,10,1,,,,0,,99991231
20,Z40000000000000001000057209300000,O,17,52,0,10,1,,,,0,,99991231
20,Z40000000000000001000057209400000,O,17,52,0,10,1,,,,0,,99991231
20,Z29000000000000001000006501101000,O,17,52,0,10,1,,,,0,,99991231
20,Z29000000000000001000057212300000,O,17,52,0,10,1,,,,0,,99991231
20,Z29000000000000001000057212400000,O,17,52,0,10,1,,,,0,,99991231
20,Z40000000000000001000057212500000,O,17,52,0,10,1,,,,0,,99991231
20,Z40000000000000001000057212600000,O,17,52,0,10,1,,,,0,,99991231
20,Z40000000000000001000057212700000,O,17,52,0,10,1,,,,0,,99991231
20,Z40000000000000001000057212800000,O,17,52,0,10,1,,,,0,,99991231
20,Z40000000000000001000057212900000,O,17,52,0,10,1,,,,0,,99991231
20,Z40000000000000001000057213000000,O,17,52,0,10,1,,,,0,,99991231
20,Z40000000000000001000057213100000,O,17,52,0,10,1,,,,0,,99991231
20,Z29000000000000001000057213300000,O,17,52,0,10,1,,,,0,,99991231
20,Z29000000000000001000057213600000,O,17,52,0,10,1,,,,0,,99991231
20,Z29000000000000001000057213900000,O,17,52,0,10,1,,,,0,,99991231
20,Z29000000000000001000057215000000,O,17,52,0,10,1,,,,0,,99991231
20,Z29000000000000001000026719201000,O,17,52,0,10,1,,,,0,,99991231
20,Z29000000000000001000026719001000,O,17,52,0,10,1,,,,0,,99991231
20,Z40000000000000001000057217200000,O,17,52,0,10,1,,,,0,,99991231
20,Z40000000000000001000057217300000,O,17,52,0,10,1,,,,0,,99991231
20,Z29000000000000001000001371211000,O,17,52,0,10,1,,,,0,,99991231
20,Z40000000000000001000057217600000,O,17,52,0,10,1,,,,0,,99991231
20,Z40000000000000001000057217700000,O,17,52,0,10,1,,,,0,,99991231
20,Z40000000000000001000057217800000,O,17,52,0,10,1,,,,0,,99991231
20,Z40000000000000001000057217900000,O,17,52,0,10,1,,,,0,,99991231
20,Z40000000000000001000057218000000,O,17,52,0,10,1,,,,0,,99991231
20,Z40000000000000001000057219100000,O,17,52,0,10,1,,,,0,,99991231
20,Z40000000000000001000057219200000,O,17,52,0,10,1,,,,0,,99991231
20,Z40000000000000001000057219600000,O,17,52,0,10,1,,,,0,,99991231
20,Z40000000000000001000057219700000,O,17,52,0,10,1,,,,0,,99991231
20,Z40000000000000001000057220000000,O,17,52,0,10,1,,,,0,,99991231
20,Z40000000000000001000057220100000,O,17,52,0,10,1,,,,0,,99991231
20,Z29000000000000001000001371212000,O,17,52,0,10,1,,,,0,,99991231
20,Z40000000000000001000057221700000,O,17,52,0,10,1,,,,0,,99991231
20,Z40000000000000001000057221800000,O,17,52,0,10,1,,,,0,,99991231
20,Z40000000000000001000057221900000,O,17,52,0,10,1,,,,0,,99991231
20,Z40000000000000001000057222000000,O,17,52,0,10,1,,,,0,,99991231
20,Z40000000000000001000057222100000,O,17,52,0,10,1,,,,0,,99991231
20,Z40000000000000001000057222200000,O,17,52,0,10,1,,,,0,,99991231
20,Z40000000000000001000057223800000,O,17,52,0,10,1,,,,0,,99991231
20,Z40000000000000001000057223900000,O,17,52,0,10,1,,,,0,,99991231
20,Z40000000000000001000057224200000,O,17,52,0,10,1,,,,0,,99991231
20,Z40000000000000001000057224300000,O,17,52,0,10,1,,,,0,,99991231
20,Z40000000000000001000057224400000,O,17,52,0,10,1,,,,0,,99991231
20,Z40000000000000001000057224500000,O,17,52,0,10,1,,,,0,,99991231
20,Z40000000000000001000057224600000,O,17,52,0,10,1,,,,0,,99991231
20,Z40000000000000001000057224900000,O,17,52,0,10,1,,,,0,,99991231
20,Z40000000000000001000057225000000,O,17,52,0,10,1,,,,0,,99991231
20,Z40000000000000001000057225100000,O,17,52,0,10,1,,,,0,,99991231
20,Z40000000000000001000057225200000,O,17,52,0,10,1,,,,0,,99991231
20,Z38000000000000001000053710300000,O,17,52,0,10,1,,,,0,,99991231
20,Z38000000000000001000053710400000,O,17,52,0,10,1,,,,0,,99991231
20,Z38000000000000001000053710500000,O,17,52,0,10,1,,,,0,,99991231
20,Z38000000000000001000053710600000,O,17,52,0,10,1,,,,0,,99991231
20,Z38000000000000001000053710700000,O,17,52,0,10,1,,,,0,,99991231
20,Z38000000000000001000053710800000,O,17,52,0,10,1,,,,0,,99991231
20,Z38000000000000001000053710900000,O,17,52,0,10,1,,,,0,,99991231
20,Z38000000000000001000053711000000,O,17,52,0,10,1,,,,0,,99991231
20,Z38000000000000001000053711100000,O,17,52,0,10,1,,,,0,,99991231
20,Z38000000000000001000053711200000,O,17,52,0,10,1,,,,0,,99991231
20,Z38000000000000001000053711300000,O,17,52,0,10,1,,,,0,,99991231
20,Z38000000000000001000053711400000,O,17,52,0,10,1,,,,0,,99991231
20,Z38000000000000001000053711600000,O,17,52,0,10,1,,,,0,,99991231
20,Z38000000000000001000053711700000,O,17,52,0,10,1,,,,0,,99991231
20,Z38000000000000001000053711800000,O,17,52,0,10,1,,,,0,,99991231
20,Z38000000000000001000053711900000,O,17,52,0,10,1,,,,0,,99991231
20,Z38000000000000001000053712000000,O,17,52,0,10,1,,,,0,,99991231
20,Z38000000000000001000053712100000,O,17,52,0,10,1,,,,0,,99991231
20,Z38000000000000001000053712200000,O,17,52,0,10,1,,,,0,,99991231
20,Z38000000000000001000053712300000,O,17,52,0,10,1,,,,0,,99991231
20,Z38000000000000001000053712400000,O,17,52,0,10,1,,,,0,,99991231
20,Z38000000000000001000053712500000,O,17,52,0,10,1,,,,0,,99991231
20,Z38000000000000001000053712600000,O,17,52,0,10,1,,,,0,,99991231
20,Z38000000000000001000053712700000,O,17,52,0,10,1,,,,0,,99991231
20,Z38000000000000001000053712800000,O,17,52,0,10,1,,,,0,,99991231
20,Z38000000000000001000053712900000,O,17,52,0,10,1,,,,0,,99991231
20,Z38000000000000001000053713000000,O,17,52,0,10,1,,,,0,,99991231
20,Z38000000000000001000053713100000,O,17,52,0,10,1,,,,0,,99991231
20,Z38000000000000001000053713200000,O,17,52,0,10,1,,,,0,,99991231
20,Z38000000000000001000053713300000,O,17,52,0,10,1,,,,0,,99991231
20,Z38000000000000001000053713400000,O,17,52,0,10,1,,,,0,,99991231
20,Z38000000000000001000053713500000,O,17,52,0,10,1,,,,0,,99991231
20,Z38000000000000001000053713600000,O,17,52,0,10,1,,,,0,,99991231
20,Z38000000000000001000053713700000,O,17,52,0,10,1,,,,0,,99991231
20,Z38000000000000001000053713800000,O,17,52,0,10,1,,,,0,,99991231
20,Z38000000000000001000053713900000,O,17,52,0,10,1,,,,0,,99991231
20,Z38000000000000001000053714000000,O,17,52,0,10,1,,,,0,,99991231
20,Z38000000000000001000053714100000,O,17,52,0,10,1,,,,0,,99991231
20,Z38000000000000001000053714200000,O,17,52,0,10,1,,,,0,,99991231
20,Z38000000000000001000053714300000,O,17,52,0,10,1,,,,0,,99991231
20,Z33000000000000001000053715700000,O,17,52,0,10,1,,,,0,,99991231
20,Z33000000000000001000053715800000,O,17,52,0,10,1,,,,0,,99991231
20,Z40000000000000001000053716300000,O,17,52,0,10,1,,,,0,,99991231
20,Z40000000000000001000053716400000,O,17,52,0,10,1,,,,0,,99991231
20,Z40000000000000001000053716500000,O,17,52,0,10,1,,,,0,,99991231
20,Z40000000000000001000053716600000,O,17,52,0,10,1,,,,0,,99991231
20,Z40000000000000001000053716700000,O,17,52,0,10,1,,,,0,,99991231
20,Z40000000000000001000053716800000,O,17,52,0,10,1,,,,0,,99991231
20,Z40000000000000001000053716900000,O,17,52,0,10,1,,,,0,,99991231
20,Z40000000000000001000053717000000,O,17,52,0,10,1,,,,0,,99991231
20,Z40000000000000001000053717100000,O,17,52,0,10,1,,,,0,,99991231
20,Z38000000000000001000053717600000,O,17,52,0,10,1,,,,0,,99991231
20,Z38000000000000001000053717700000,O,17,52,0,10,1,,,,0,,99991231
20,Z38000000000000001000053717800000,O,17,52,0,10,1,,,,0,,99991231
20,Z38000000000000001000053717900000,O,17,52,0,10,1,,,,0,,99991231
20,Z38000000000000001000053718000000,O,17,52,0,10,1,,,,0,,99991231
20,Z38000000000000001000053718100000,O,17,52,0,10,1,,,,0,,99991231
20,Z38000000000000001000053718200000,O,17,52,0,10,1,,,,0,,99991231
20,Z38000000000000001000053718300000,O,17,52,0,10,1,,,,0,,99991231
20,Z38000000000000001000053718400000,O,17,52,0,10,1,,,,0,,99991231
20,Z38000000000000001000053718500000,O,17,52,0,10,1,,,,0,,99991231
20,Z38000000000000001000053718600000,O,17,52,0,10,1,,,,0,,99991231
20,Z38000000000000001000053718700000,O,17,52,0,10,1,,,,0,,99991231
20,Z38000000000000001000053718800000,O,17,52,0,10,1,,,,0,,99991231
20,Z38000000000000001000053718900000,O,17,52,0,10,1,,,,0,,99991231
20,Z38000000000000001000053719000000,O,17,52,0,10,1,,,,0,,99991231
20,Z38000000000000001000053719100000,O,17,52,0,10,1,,,,0,,99991231
20,Z38000000000000001000053719200000,O,17,52,0,10,1,,,,0,,99991231
20,Z38000000000000001000053719300000,O,17,52,0,10,1,,,,0,,99991231
20,Z38000000000000001000053719400000,O,17,52,0,10,1,,,,0,,99991231
20,Z38000000000000001000053719500000,O,17,52,0,10,1,,,,0,,99991231
20,Z38000000000000001000053719600000,O,17,52,0,10,1,,,,0,,99991231
20,Z38000000000000001000053719700000,O,17,52,0,10,1,,,,0,,99991231
20,Z38000000000000001000053719800000,O,17,52,0,10,1,,,,0,,99991231
20,Z38000000000000001000053719900000,O,17,52,0,10,1,,,,0,,99991231
20,Z38000000000000001000053720000000,O,17,52,0,10,1,,,,0,,99991231
20,Z38000000000000001000053720100000,O,17,52,0,10,1,,,,0,,99991231
20,Z38000000000000001000053720200000,O,17,52,0,10,1,,,,0,,99991231
20,Z38000000000000001000053720300000,O,17,52,0,10,1,,,,0,,99991231
20,Z38000000000000001000053720400000,O,17,52,0,10,1,,,,0,,99991231
20,Z38000000000000001000053720500000,O,17,52,0,10,1,,,,0,,99991231
20,Z33000000000000001000053720700000,O,17,52,0,10,1,,,,0,,99991231
20,Z33000000000000001000053720800000,O,17,52,0,10,1,,,,0,,99991231
20,Z33000000000000001000053720900000,O,17,52,0,10,1,,,,0,,99991231
20,Z33000000000000001000053721000000,O,17,52,0,10,1,,,,0,,99991231
20,Z33000000000000001000053721100000,O,17,52,0,10,1,,,,0,,99991231
20,Z33000000000000001000053721200000,O,17,52,0,10,1,,,,0,,99991231
20,Z33000000000000001000053721300000,O,17,52,0,10,1,,,,0,,99991231
20,Z33000000000000001000053721400000,O,17,52,0,10,1,,,,0,,99991231
20,Z33000000000000001000053721500000,O,17,52,0,10,1,,,,0,,99991231
20,Z33000000000000001000053721600000,O,17,52,0,10,1,,,,0,,99991231
20,Z33000000000000001000053721700000,O,17,52,0,10,1,,,,0,,99991231
20,Z33000000000000001000053721800000,O,17,52,0,10,1,,,,0,,99991231
20,Z33000000000000001000053721900000,O,17,52,0,10,1,,,,0,,99991231
20,Z33000000000000001000053722000000,O,17,52,0,10,1,,,,0,,99991231
20,Z33000000000000001000053722100000,O,17,52,0,10,1,,,,0,,99991231
20,Z33000000000000001000053722200000,O,17,52,0,10,1,,,,0,,99991231
20,Z33000000000000001000053722300000,O,17,52,0,10,1,,,,0,,99991231
20,Z33000000000000001000053722400000,O,17,52,0,10,1,,,,0,,99991231
20,Z33000000000000001000053722500000,O,17,52,0,10,1,,,,0,,99991231
20,Z33000000000000001000053722600000,O,17,52,0,10,1,,,,0,,99991231
20,Z33000000000000001000053722700000,O,17,52,0,10,1,,,,0,,99991231
20,Z33000000000000001000053722800000,O,17,52,0,10,1,,,,0,,99991231
20,Z33000000000000001000053722900000,O,17,52,0,10,1,,,,0,,99991231
20,Z33000000000000001000053723000000,O,17,52,0,10,1,,,,0,,99991231
20,Z33000000000000001000053723100000,O,17,52,0,10,1,,,,0,,99991231
20,Z33000000000000001000053723200000,O,17,52,0,10,1,,,,0,,99991231
20,Z33000000000000001000053723300000,O,17,52,0,10,1,,,,0,,99991231
20,Z33000000000000001000053723400000,O,17,52,0,10,1,,,,0,,99991231
20,Z33000000000000001000053723500000,O,17,52,0,10,1,,,,0,,99991231
20,Z33000000000000001000053723600000,O,17,52,0,10,1,,,,0,,99991231
20,Z33000000000000001000053723700000,O,17,52,0,10,1,,,,0,,99991231
20,Z33000000000000001000053723800000,O,17,52,0,10,1,,,,0,,99991231
20,Z33000000000000001000053723900000,O,17,52,0,10,1,,,,0,,99991231
20,Z33000000000000001000053724000000,O,17,52,0,10,1,,,,0,,99991231
20,Z33000000000000001000053724100000,O,17,52,0,10,1,,,,0,,99991231
20,Z33000000000000001000053724200000,O,17,52,0,10,1,,,,0,,99991231
20,Z33000000000000001000053724400000,O,17,52,0,10,1,,,,0,,99991231
20,Z33000000000000001000053725700000,O,17,52,0,10,1,,,,0,,99991231
20,Z33000000000000001000053725800000,O,17,52,0,10,1,,,,0,,99991231
20,Z33000000000000001000053725900000,O,17,52,0,10,1,,,,0,,99991231
20,Z33000000000000001000053726000000,O,17,52,0,10,1,,,,0,,99991231
20,Z33000000000000001000053726100000,O,17,52,0,10,1,,,,0,,99991231
20,Z33000000000000001000053726200000,O,17,52,0,10,1,,,,0,,99991231
20,Z33000000000000001000053726300000,O,17,52,0,10,1,,,,0,,99991231
20,Z33000000000000001000053726700000,O,17,52,0,10,1,,,,0,,99991231
20,Z33000000000000001000053726800000,O,17,52,0,10,1,,,,0,,99991231
20,Z33000000000000001000053726900000,O,17,52,0,10,1,,,,0,,99991231
20,Z33000000000000001000053727800000,O,17,52,0,10,1,,,,0,,99991231
20,Z33000000000000001000053727900000,O,17,52,0,10,1,,,,0,,99991231
20,Z33000000000000001000053728000000,O,17,52,0,10,1,,,,0,,99991231
20,Z33000000000000001000053728100000,O,17,52,0,10,1,,,,0,,99991231
20,Z33000000000000001000054109900000,O,17,52,0,10,1,,,,0,,99991231
20,Z33000000000000001000054110000000,O,17,52,0,10,1,,,,0,,99991231
20,Z33000000000000001000054110200000,O,17,52,0,10,1,,,,0,,99991231
20,Z33000000000000001000054110300000,O,17,52,0,10,1,,,,0,,99991231
20,Z33000000000000001000054110400000,O,17,52,0,10,1,,,,0,,99991231
20,Z33000000000000001000054110500000,O,17,52,0,10,1,,,,0,,99991231
20,Z33000000000000001000054110600000,O,17,52,0,10,1,,,,0,,99991231
20,Z33000000000000001000054110900000,O,17,52,0,10,1,,,,0,,99991231
20,Z33000000000000001000054111000000,O,17,52,0,10,1,,,,0,,99991231
20,Z33000000000000001000054111600000,O,17,52,0,10,1,,,,0,,99991231
20,Z33000000000000001000054111700000,O,17,52,0,10,1,,,,0,,99991231
20,Z33000000000000001000054113600000,O,17,52,0,10,1,,,,0,,99991231
20,Z33000000000000001000054113700000,O,17,52,0,10,1,,,,0,,99991231
20,Z33000000000000001000054114000000,O,17,52,0,10,1,,,,0,,99991231
20,Z33000000000000001000054114100000,O,17,52,0,10,1,,,,0,,99991231
20,Z33000000000000001000054114200000,O,17,52,0,10,1,,,,0,,99991231
20,Z33000000000000001000054114700000,O,17,52,0,10,1,,,,0,,99991231
20,Z33000000000000001000054114800000,O,17,52,0,10,1,,,,0,,99991231
20,Z33000000000000001000054114900000,O,17,52,0,10,1,,,,0,,99991231
20,Z33000000000000001000054115000000,O,17,52,0,10,1,,,,0,,99991231
20,Z33000000000000001000054115200000,O,17,52,0,10,1,,,,0,,99991231
20,Z33000000000000001000054115300000,O,17,52,0,10,1,,,,0,,99991231
20,Z33000000000000001000054115500000,O,17,52,0,10,1,,,,0,,99991231
20,Z33000000000000001000054115600000,O,17,52,0,10,1,,,,0,,99991231
20,Z40000000000000001000054115700000,O,17,52,0,10,1,,,,0,,99991231
20,Z40000000000000001000054115800000,O,17,52,0,10,1,,,,0,,99991231
20,Z40000000000000001000054115900000,O,17,52,0,10,1,,,,0,,99991231
20,Z40000000000000001000054116000000,O,17,52,0,10,1,,,,0,,99991231
20,Z40000000000000001000054116100000,O,17,52,0,10,1,,,,0,,99991231
20,Z40000000000000001000054116200000,O,17,52,0,10,1,,,,0,,99991231
20,Z33000000000000001000054116300000,O,17,52,0,10,1,,,,0,,99991231
20,Z33000000000000001000054116400000,O,17,52,0,10,1,,,,0,,99991231
20,Z33000000000000001000054116500000,O,17,52,0,10,1,,,,0,,99991231
20,Z33000000000000001000054116900000,O,17,52,0,10,1,,,,0,,99991231
20,Z33000000000000001000054117000000,O,17,52,0,10,1,,,,0,,99991231
20,Z33000000000000001000054117700000,O,17,52,0,10,1,,,,0,,99991231
20,Z33000000000000001000054117800000,O,17,52,0,10,1,,,,0,,99991231
20,Z33000000000000001000054119100000,O,17,52,0,10,1,,,,0,,99991231
20,Z33000000000000001000054119200000,O,17,52,0,10,1,,,,0,,99991231
20,Z33000000000000001000054120700000,O,17,52,0,10,1,,,,0,,99991231
20,Z33000000000000001000054120800000,O,17,52,0,10,1,,,,0,,99991231
20,Z33000000000000001000054121300000,O,17,52,0,10,1,,,,0,,99991231
20,Z33000000000000001000054121400000,O,17,52,0,10,1,,,,0,,99991231
20,Z33000000000000001000054121500000,O,17,52,0,10,1,,,,0,,99991231
20,Z33000000000000001000054122600000,O,17,52,0,10,1,,,,0,,99991231
20,Z33000000000000001000054122700000,O,17,52,0,10,1,,,,0,,99991231
20,Z33000000000000001000054122900000,O,17,52,0,10,1,,,,0,,99991231
20,Z33000000000000001000054123300000,O,17,52,0,10,1,,,,0,,99991231
20,Z33000000000000001000054123400000,O,17,52,0,10,1,,,,0,,99991231
20,Z33000000000000001000054123700000,O,17,52,0,10,1,,,,0,,99991231
20,Z33000000000000001000054123800000,O,17,52,0,10,1,,,,0,,99991231
20,Z33000000000000001000054124000000,O,17,52,0,10,1,,,,0,,99991231
20,Z33000000000000001000054124100000,O,17,52,0,10,1,,,,0,,99991231
20,Z33000000000000001000054124800000,O,17,52,0,10,1,,,,0,,99991231
20,Z33000000000000001000054124900000,O,17,52,0,10,1,,,,0,,99991231
20,Z33000000000000001000054125400000,O,17,52,0,10,1,,,,0,,99991231
20,Z33000000000000001000054125500000,O,17,52,0,10,1,,,,0,,99991231
20,Z33000000000000001000054126200000,O,17,52,0,10,1,,,,0,,99991231
20,Z33000000000000001000054126300000,O,17,52,0,10,1,,,,0,,99991231
20,Z40000000000000001000054126400000,O,17,52,0,10,1,,,,0,,99991231
20,Z40000000000000001000054126500000,O,17,52,0,10,1,,,,0,,99991231
20,Z40000000000000001000054126600000,O,17,52,0,10,1,,,,0,,99991231
20,Z40000000000000001000054126700000,O,17,52,0,10,1,,,,0,,99991231
20,Z40000000000000001000054126800000,O,17,52,0,10,1,,,,0,,99991231
20,Z33000000000000001000054127500000,O,17,52,0,10,1,,,,0,,99991231
20,Z33000000000000001000054127600000,O,17,52,0,10,1,,,,0,,99991231
20,Z33000000000000001000054127700000,O,17,52,0,10,1,,,,0,,99991231
20,Z33000000000000001000054127800000,O,17,52,0,10,1,,,,0,,99991231
20,Z33000000000000001000054127900000,O,17,52,0,10,1,,,,0,,99991231
20,Z33000000000000001000054128000000,O,17,52,0,10,1,,,,0,,99991231
20,Z33000000000000001000054129900000,O,17,52,0,10,1,,,,0,,99991231
20,Z33000000000000001000054130000000,O,17,52,0,10,1,,,,0,,99991231
20,Z33000000000000001000054130800000,O,17,52,0,10,1,,,,0,,99991231
20,Z33000000000000001000054130900000,O,17,52,0,10,1,,,,0,,99991231
20,Z33000000000000001000054131000000,O,17,52,0,10,1,,,,0,,99991231
20,Z33000000000000001000054131100000,O,17,52,0,10,1,,,,0,,99991231
20,Z33000000000000001000054131200000,O,17,52,0,10,1,,,,0,,99991231
20,Z33000000000000001000054131300000,O,17,52,0,10,1,,,,0,,99991231
20,Z33000000000000001000054131600000,O,17,52,0,10,1,,,,0,,99991231
20,Z33000000000000001000054131700000,O,17,52,0,10,1,,,,0,,99991231
20,Z33000000000000001000054132000000,O,17,52,0,10,1,,,,0,,99991231
20,Z33000000000000001000054132100000,O,17,52,0,10,1,,,,0,,99991231
20,Z33000000000000001000054132200000,O,17,52,0,10,1,,,,0,,99991231
20,Z33000000000000001000054132800000,O,17,52,0,10,1,,,,0,,99991231
20,Z33000000000000001000054132900000,O,17,52,0,10,1,,,,0,,99991231
20,Z33000000000000001000054133000000,O,17,52,0,10,1,,,,0,,99991231
20,Z33000000000000001000054133100000,O,17,52,0,10,1,,,,0,,99991231
20,Z33000000000000001000054133200000,O,17,52,0,10,1,,,,0,,99991231
20,Z33000000000000001000054133300000,O,17,52,0,10,1,,,,0,,99991231
20,Z33000000000000001000054133400000,O,17,52,0,10,1,,,,0,,99991231
20,Z33000000000000001000054133800000,O,17,52,0,10,1,,,,0,,99991231
20,Z33000000000000001000054133900000,O,17,52,0,10,1,,,,0,,99991231
20,Z33000000000000001000054134000000,O,17,52,0,10,1,,,,0,,99991231
20,Z33000000000000001000054134700000,O,17,52,0,10,1,,,,0,,99991231
20,Z33000000000000001000054134800000,O,17,52,0,10,1,,,,0,,99991231
20,Z33000000000000001000054135500000,O,17,52,0,10,1,,,,0,,99991231
20,Z33000000000000001000054135600000,O,17,52,0,10,1,,,,0,,99991231
20,Z33000000000000001000054136200000,O,17,52,0,10,1,,,,0,,99991231
20,Z33000000000000001000054136300000,O,17,52,0,10,1,,,,0,,99991231
20,Z33000000000000001000054136700000,O,17,52,0,10,1,,,,0,,99991231
20,Z33000000000000001000054136800000,O,17,52,0,10,1,,,,0,,99991231
20,Z33000000000000001000054137200000,O,17,52,0,10,1,,,,0,,99991231
20,Z33000000000000001000054137300000,O,17,52,0,10,1,,,,0,,99991231
20,Z33000000000000001000054137500000,O,17,52,0,10,1,,,,0,,99991231
20,Z33000000000000001000054137600000,O,17,52,0,10,1,,,,0,,99991231
20,Z33000000000000001000054137700000,O,17,52,0,10,1,,,,0,,99991231
20,Z33000000000000001000054137800000,O,17,52,0,10,1,,,,0,,99991231
20,Z33000000000000001000054137900000,O,17,52,0,10,1,,,,0,,99991231
20,Z33000000000000001000054138000000,O,17,52,0,10,1,,,,0,,99991231
20,Z33000000000000001000054138100000,O,17,52,0,10,1,,,,0,,99991231
20,Z33000000000000001000054138200000,O,17,52,0,10,1,,,,0,,99991231
20,Z33000000000000001000054138300000,O,17,52,0,10,1,,,,0,,99991231
20,Z33000000000000001000054138400000,O,17,52,0,10,1,,,,0,,99991231
20,Z33000000000000001000054138500000,O,17,52,0,10,1,,,,0,,99991231
20,Z33000000000000001000054138600000,O,17,52,0,10,1,,,,0,,99991231
20,Z33000000000000001000054138700000,O,17,52,0,10,1,,,,0,,99991231
20,Z33000000000000001000054138800000,O,17,52,0,10,1,,,,0,,99991231
20,Z33000000000000001000054138900000,O,17,52,0,10,1,,,,0,,99991231
20,Z33000000000000001000054139000000,O,17,52,0,10,1,,,,0,,99991231
20,Z33000000000000001000054139100000,O,17,52,0,10,1,,,,0,,99991231
20,Z33000000000000001000054139200000,O,17,52,0,10,1,,,,0,,99991231
20,Z33000000000000001000054139300000,O,17,52,0,10,1,,,,0,,99991231
20,Z33000000000000001000054139400000,O,17,52,0,10,1,,,,0,,99991231
20,Z33000000000000001000054139500000,O,17,52,0,10,1,,,,0,,99991231
20,Z33000000000000001000054139600000,O,17,52,0,10,1,,,,0,,99991231
20,Z33000000000000001000054140100000,O,17,52,0,10,1,,,,0,,99991231
20,Z33000000000000001000054140200000,O,17,52,0,10,1,,,,0,,99991231
20,Z33000000000000001000054140600000,O,17,52,0,10,1,,,,0,,99991231
20,Z33000000000000001000054140700000,O,17,52,0,10,1,,,,0,,99991231
20,Z33000000000000001000054140800000,O,17,52,0,10,1,,,,0,,99991231
20,Z33000000000000001000054141000000,O,17,52,0,10,1,,,,0,,99991231
20,Z33000000000000001000054141100000,O,17,52,0,10,1,,,,0,,99991231
20,Z40000000000000001000054254200000,O,17,52,0,10,1,,,,0,,99991231
20,Z40000000000000001000054254300000,O,17,52,0,10,1,,,,0,,99991231
20,Z40000000000000001000054254400000,O,17,52,0,10,1,,,,0,,99991231
20,Z40000000000000001000054254500000,O,17,52,0,10,1,,,,0,,99991231
20,Z40000000000000001000054254600000,O,17,52,0,10,1,,,,0,,99991231
20,Z40000000000000001000054254700000,O,17,52,0,10,1,,,,0,,99991231
20,Z40000000000000001000054254800000,O,17,52,0,10,1,,,,0,,99991231
20,Z40000000000000001000054254900000,O,17,52,0,10,1,,,,0,,99991231
20,Z40000000000000001000054255000000,O,17,52,0,10,1,,,,0,,99991231
20,Z40000000000000001000054268300000,O,17,52,0,10,1,,,,0,,99991231
20,Z40000000000000001000054268400000,O,17,52,0,10,1,,,,0,,99991231
20,Z40000000000000001000054268500000,O,17,52,0,10,1,,,,0,,99991231
20,Z40000000000000001000054271200000,O,17,52,0,10,1,,,,0,,99991231
20,Z40000000000000001000054271300000,O,17,52,0,10,1,,,,0,,99991231
20,Z40000000000000001000054271400000,O,17,52,0,10,1,,,,0,,99991231
20,Z40000000000000001000054274500000,O,17,52,0,10,1,,,,0,,99991231
20,Z40000000000000001000054274600000,O,17,52,0,10,1,,,,0,,99991231
20,Z40000000000000001000054274700000,O,17,52,0,10,1,,,,0,,99991231
20,Z40000000000000001000054275800000,O,17,52,0,10,1,,,,0,,99991231
20,Z40000000000000001000054275900000,O,17,52,0,10,1,,,,0,,99991231
20,Z40000000000000001000054276000000,O,17,52,0,10,1,,,,0,,99991231
20,Z29000000000000001000008311602000,O,17,52,0,10,1,,,,0,,99991231
20,Z29000000000000001000008311702000,O,17,52,0,10,1,,,,0,,99991231
20,Z40000000000000001000054282800000,O,17,52,0,10,1,,,,0,,99991231
20,Z40000000000000001000054282900000,O,17,52,0,10,1,,,,0,,99991231
20,Z40000000000000001000054283000000,O,17,52,0,10,1,,,,0,,99991231
20,Z40000000000000001000054283100000,O,17,52,0,10,1,,,,0,,99991231
20,Z40000000000000001000054283200000,O,17,52,0,10,1,,,,0,,99991231
20,Z29000000000000001000028200401000,O,17,52,0,10,1,,,,0,,99991231
20,Z29000000000000001000049262001000,O,17,52,0,10,1,,,,0,,99991231
20,Z29000000000000001000049262201000,O,17,52,0,10,1,,,,0,,99991231
20,Z29000000000000001000028200501000,O,17,52,0,10,1,,,,0,,99991231
20,Z29000000000000001000028200701000,O,17,52,0,10,1,,,,0,,99991231
20,Z40000000000000001000054334600000,O,17,52,0,10,1,,,,0,,99991231
20,Z40000000000000001000054334700000,O,17,52,0,10,1,,,,0,,99991231
20,Z40000000000000001000054334900000,O,17,52,0,10,1,,,,0,,99991231
20,Z40000000000000001000054335000000,O,17,52,0,10,1,,,,0,,99991231
20,Z40000000000000001000054335100000,O,17,52,0,10,1,,,,0,,99991231
20,Z40000000000000001000054342400000,O,17,52,0,10,1,,,,0,,99991231
20,Z40000000000000001000054342500000,O,17,52,0,10,1,,,,0,,99991231
20,Z40000000000000001000054346200000,O,17,52,0,10,1,,,,0,,99991231
20,Z40000000000000001000054346300000,O,17,52,0,10,1,,,,0,,99991231
20,Z29000000000000001000008311402000,O,17,52,0,10,1,,,,0,,99991231
20,Z29000000000000001000008311502000,O,17,52,0,10,1,,,,0,,99991231
20,Z29000000000000001000007109902000,O,17,52,0,10,1,,,,0,,99991231
20,Z40000000000000001000054351500000,O,17,52,0,10,1,,,,0,,99991231
20,Z40000000000000001000054351600000,O,17,52,0,10,1,,,,0,,99991231
20,Z40000000000000001000054351700000,O,17,52,0,10,1,,,,0,,99991231
20,Z40000000000000001000054351800000,O,17,52,0,10,1,,,,0,,99991231
20,Z40000000000000001000054353400000,O,17,52,0,10,1,,,,0,,99991231
20,Z40000000000000001000054353500000,O,17,52,0,10,1,,,,0,,99991231
20,Z40000000000000001000054361200000,O,17,52,0,10,1,,,,0,,99991231
20,Z40000000000000001000054361300000,O,17,52,0,10,1,,,,0,,99991231
20,Z40000000000000001000054381400000,O,17,52,0,10,1,,,,0,,99991231
20,Z40000000000000001000054381500000,O,17,52,0,10,1,,,,0,,99991231
20,Z40000000000000001000054381600000,O,17,52,0,10,1,,,,0,,99991231
20,Z40000000000000001000054382200000,O,17,52,0,10,1,,,,0,,99991231
20,Z40000000000000001000054383600000,O,17,52,0,10,1,,,,0,,99991231
20,Z40000000000000001000054383900000,O,17,52,0,10,1,,,,0,,99991231
20,Z40000000000000001000054384000000,O,17,52,0,10,1,,,,0,,99991231
20,Z40000000000000001000054384100000,O,17,52,0,10,1,,,,0,,99991231
20,Z40000000000000001000054384200000,O,17,52,0,10,1,,,,0,,99991231
20,Z29000000000000001000028200801000,O,17,52,0,10,1,,,,0,,99991231
20,Z29000000000000001000028200901000,O,17,52,0,10,1,,,,0,,99991231
20,Z29000000000000001000028201001000,O,17,52,0,10,1,,,,0,,99991231
20,Z29000000000000001000028201201000,O,17,52,0,10,1,,,,0,,99991231
20,Z40000000000000001000054419200000,O,17,52,0,10,1,,,,0,,99991231
20,Z40000000000000001000054419300000,O,17,52,0,10,1,,,,0,,99991231
20,Z40000000000000001000054419400000,O,17,52,0,10,1,,,,0,,99991231
20,Z40000000000000001000054419500000,O,17,52,0,10,1,,,,0,,99991231
20,Z40000000000000001000054420500000,O,17,52,0,10,1,,,,0,,99991231
20,Z40000000000000001000054420600000,O,17,52,0,10,1,,,,0,,99991231
20,Z40000000000000001000054420700000,O,17,52,0,10,1,,,,0,,99991231
20,Z40000000000000001000054420800000,O,17,52,0,10,1,,,,0,,99991231
20,Z40000000000000001000054420900000,O,17,52,0,10,1,,,,0,,99991231
20,Z40000000000000001000054421000000,O,17,52,0,10,1,,,,0,,99991231
20,Z40000000000000001000054421100000,O,17,52,0,10,1,,,,0,,99991231
20,Z40000000000000001000054452300000,O,17,52,0,10,1,,,,0,,99991231
20,Z40000000000000001000054452400000,O,17,52,0,10,1,,,,0,,99991231
20,Z40000000000000001000054452500000,O,17,52,0,10,1,,,,0,,99991231
20,Z40000000000000001000054452600000,O,17,52,0,10,1,,,,0,,99991231
20,Z40000000000000001000054452700000,O,17,52,0,10,1,,,,0,,99991231
20,Z40000000000000001000054452800000,O,17,52,0,10,1,,,,0,,99991231
20,Z40000000000000001000054452900000,O,17,52,0,10,1,,,,0,,99991231
20,Z40000000000000001000054453000000,O,17,52,0,10,1,,,,0,,99991231
20,Z40000000000000001000054453100000,O,17,52,0,10,1,,,,0,,99991231
20,Z40000000000000001000054453200000,O,17,52,0,10,1,,,,0,,99991231
20,Z40000000000000001000054453300000,O,17,52,0,10,1,,,,0,,99991231
20,Z40000000000000001000054453400000,O,17,52,0,10,1,,,,0,,99991231
20,Z29000000000000001000054450500000,O,17,52,0,10,1,,,,0,,99991231
20,Z40000000000000001000054458500000,O,17,52,0,10,1,,,,0,,99991231
20,Z40000000000000001000054458600000,O,17,52,0,10,1,,,,0,,99991231
20,Z40000000000000001000054461600000,O,17,52,0,10,1,,,,0,,99991231
20,Z40000000000000001000054461700000,O,17,52,0,10,1,,,,0,,99991231
20,Z40000000000000001000054471900000,O,17,52,0,10,1,,,,0,,99991231
20,Z40000000000000001000054472000000,O,17,52,0,10,1,,,,0,,99991231
20,Z40000000000000001000054475600000,O,17,52,0,10,1,,,,0,,99991231
20,Z40000000000000001000054475700000,O,17,52,0,10,1,,,,0,,99991231
20,Z40000000000000001000054475800000,O,17,52,0,10,1,,,,0,,99991231
20,Z40000000000000001000054475900000,O,17,52,0,10,1,,,,0,,99991231
20,Z40000000000000001000054476000000,O,17,52,0,10,1,,,,0,,99991231
20,Z40000000000000001000054492500000,O,17,52,0,10,1,,,,0,,99991231
20,Z40000000000000001000054492600000,O,17,52,0,10,1,,,,0,,99991231
20,Z40000000000000001000054492700000,O,17,52,0,10,1,,,,0,,99991231
20,Z40000000000000001000054492800000,O,17,52,0,10,1,,,,0,,99991231
20,Z40000000000000001000054492900000,O,17,52,0,10,1,,,,0,,99991231
20,Z40000000000000001000054493000000,O,17,52,0,10,1,,,,0,,99991231
20,Z40000000000000001000054493100000,O,17,52,0,10,1,,,,0,,99991231
20,Z40000000000000001000054518200000,O,17,52,0,10,1,,,,0,,99991231
20,Z40000000000000001000054518300000,O,17,52,0,10,1,,,,0,,99991231
20,Z40000000000000001000054518400000,O,17,52,0,10,1,,,,0,,99991231
20,Z40000000000000001000054518500000,O,17,52,0,10,1,,,,0,,99991231
20,Z40000000000000001000054518600000,O,17,52,0,10,1,,,,0,,99991231
20,Z40000000000000001000054518700000,O,17,52,0,10,1,,,,0,,99991231
20,Z40000000000000001000054518800000,O,17,52,0,10,1,,,,0,,99991231
20,Z40000000000000001000054518900000,O,17,52,0,10,1,,,,0,,99991231
20,Z40000000000000001000054519000000,O,17,52,0,10,1,,,,0,,99991231
20,Z40000000000000001000054519100000,O,17,52,0,10,1,,,,0,,99991231
20,Z40000000000000001000054522600000,O,17,52,0,10,1,,,,0,,99991231
20,Z40000000000000001000054522700000,O,17,52,0,10,1,,,,0,,99991231
20,Z40000000000000001000054523500000,O,17,52,0,10,1,,,,0,,99991231
20,Z40000000000000001000054523600000,O,17,52,0,10,1,,,,0,,99991231
20,Z40000000000000001000054523700000,O,17,52,0,10,1,,,,0,,99991231
20,Z40000000000000001000054523800000,O,17,52,0,10,1,,,,0,,99991231
20,Z40000000000000001000054523900000,O,17,52,0,10,1,,,,0,,99991231
20,Z40000000000000001000054524000000,O,17,52,0,10,1,,,,0,,99991231
20,Z40000000000000001000054524100000,O,17,52,0,10,1,,,,0,,99991231
20,Z40000000000000001000054524400000,O,17,52,0,10,1,,,,0,,99991231
20,Z40000000000000001000054524500000,O,17,52,0,10,1,,,,0,,99991231
20,Z40000000000000001000054524600000,O,17,52,0,10,1,,,,0,,99991231
20,Z40000000000000001000054524700000,O,17,52,0,10,1,,,,0,,99991231
20,Z40000000000000001000054524800000,O,17,52,0,10,1,,,,0,,99991231
20,Z40000000000000001000054752400000,O,17,52,0,10,1,,,,0,,99991231
20,Z40000000000000001000054752500000,O,17,52,0,10,1,,,,0,,99991231
20,Z40000000000000001000054752600000,O,17,52,0,10,1,,,,0,,99991231
20,Z40000000000000001000054764600000,O,17,52,0,10,1,,,,0,,99991231
20,Z40000000000000001000054764700000,O,17,52,0,10,1,,,,0,,99991231
20,Z33000000000000001000054768400000,O,17,52,0,10,1,,,,0,,99991231
20,Z33000000000000001000054768500000,O,17,52,0,10,1,,,,0,,99991231
20,Z33000000000000001000054768600000,O,17,52,0,10,1,,,,0,,99991231
20,Z33000000000000001000054768900000,O,17,52,0,10,1,,,,0,,99991231
20,Z33000000000000001000054769000000,O,17,52,0,10,1,,,,0,,99991231
20,Z33000000000000001000054769100000,O,17,52,0,10,1,,,,0,,99991231
20,Z40000000000000001000054769500000,O,17,52,0,10,1,,,,0,,99991231
20,Z40000000000000001000054769600000,O,17,52,0,10,1,,,,0,,99991231
20,Z40000000000000001000054769700000,O,17,52,0,10,1,,,,0,,99991231
20,Z40000000000000001000054769800000,O,17,52,0,10,1,,,,0,,99991231
20,Z40000000000000001000054769900000,O,17,52,0,10,1,,,,0,,99991231
20,Z40000000000000001000054770000000,O,17,52,0,10,1,,,,0,,99991231
20,Z33000000000000001000054770200000,O,17,52,0,10,1,,,,0,,99991231
20,Z33000000000000001000054770300000,O,17,52,0,10,1,,,,0,,99991231
20,Z33000000000000001000054770400000,O,17,52,0,10,1,,,,0,,99991231
20,Z33000000000000001000054770500000,O,17,52,0,10,1,,,,0,,99991231
20,Z33000000000000001000054770600000,O,17,52,0,10,1,,,,0,,99991231
20,Z33000000000000001000054771100000,O,17,52,0,10,1,,,,0,,99991231
20,Z33000000000000001000054771200000,O,17,52,0,10,1,,,,0,,99991231
20,Z33000000000000001000054772300000,O,17,52,0,10,1,,,,0,,99991231
20,Z33000000000000001000054772400000,O,17,52,0,10,1,,,,0,,99991231
20,Z33000000000000001000054772500000,O,17,52,0,10,1,,,,0,,99991231
20,Z33000000000000001000054772600000,O,17,52,0,10,1,,,,0,,99991231
20,Z33000000000000001000054772700000,O,17,52,0,10,1,,,,0,,99991231
20,Z33000000000000001000054772800000,O,17,52,0,10,1,,,,0,,99991231
20,Z33000000000000001000054772900000,O,17,52,0,10,1,,,,0,,99991231
20,Z33000000000000001000054773000000,O,17,52,0,10,1,,,,0,,99991231
20,Z33000000000000001000054773100000,O,17,52,0,10,1,,,,0,,99991231
20,Z33000000000000001000054773200000,O,17,52,0,10,1,,,,0,,99991231
20,Z33000000000000001000054773300000,O,17,52,0,10,1,,,,0,,99991231
20,Z33000000000000001000054773400000,O,17,52,0,10,1,,,,0,,99991231
20,Z33000000000000001000054773500000,O,17,52,0,10,1,,,,0,,99991231
20,Z33000000000000001000054773600000,O,17,52,0,10,1,,,,0,,99991231
20,Z33000000000000001000054773700000,O,17,52,0,10,1,,,,0,,99991231
20,Z33000000000000001000054773800000,O,17,52,0,10,1,,,,0,,99991231
20,Z33000000000000001000054773900000,O,17,52,0,10,1,,,,0,,99991231
20,Z33000000000000001000054774100000,O,17,52,0,10,1,,,,0,,99991231
20,Z33000000000000001000054774200000,O,17,52,0,10,1,,,,0,,99991231
20,Z33000000000000001000054774300000,O,17,52,0,10,1,,,,0,,99991231
20,Z33000000000000001000054775800000,O,17,52,0,10,1,,,,0,,99991231
20,Z33000000000000001000054775900000,O,17,52,0,10,1,,,,0,,99991231
20,Z33000000000000001000054776000000,O,17,52,0,10,1,,,,0,,99991231
20,Z33000000000000001000054776100000,O,17,52,0,10,1,,,,0,,99991231
20,Z33000000000000001000054776200000,O,17,52,0,10,1,,,,0,,99991231
20,Z33000000000000001000054777000000,O,17,52,0,10,1,,,,0,,99991231
20,Z33000000000000001000054777100000,O,17,52,0,10,1,,,,0,,99991231
20,Z33000000000000001000054777400000,O,17,52,0,10,1,,,,0,,99991231
20,Z33000000000000001000054777500000,O,17,52,0,10,1,,,,0,,99991231
20,Z33000000000000001000054777800000,O,17,52,0,10,1,,,,0,,99991231
20,Z33000000000000001000054777900000,O,17,52,0,10,1,,,,0,,99991231
20,Z33000000000000001000054778000000,O,17,52,0,10,1,,,,0,,99991231
20,Z33000000000000001000054778100000,O,17,52,0,10,1,,,,0,,99991231
20,Z33000000000000001000054778200000,O,17,52,0,10,1,,,,0,,99991231
20,Z33000000000000001000054778300000,O,17,52,0,10,1,,,,0,,99991231
20,Z33000000000000001000054779200000,O,17,52,0,10,1,,,,0,,99991231
20,Z33000000000000001000054779300000,O,17,52,0,10,1,,,,0,,99991231
20,Z33000000000000001000054779400000,O,17,52,0,10,1,,,,0,,99991231
20,Z33000000000000001000054780000000,O,17,52,0,10,1,,,,0,,99991231
20,Z33000000000000001000054780100000,O,17,52,0,10,1,,,,0,,99991231
20,Z33000000000000001000054780200000,O,17,52,0,10,1,,,,0,,99991231
20,Z33000000000000001000054780700000,O,17,52,0,10,1,,,,0,,99991231
20,Z33000000000000001000054780800000,O,17,52,0,10,1,,,,0,,99991231
20,Z33000000000000001000054780900000,O,17,52,0,10,1,,,,0,,99991231
20,Z40000000000000001000054781200000,O,17,52,0,10,1,,,,0,,99991231
20,Z40000000000000001000054781300000,O,17,52,0,10,1,,,,0,,99991231
20,Z40000000000000001000054784100000,O,17,52,0,10,1,,,,0,,99991231
20,Z40000000000000001000054784200000,O,17,52,0,10,1,,,,0,,99991231
20,Z40000000000000001000054786900000,O,17,52,0,10,1,,,,0,,99991231
20,Z40000000000000001000054787000000,O,17,52,0,10,1,,,,0,,99991231
20,Z33000000000000001000054795500000,O,17,52,0,10,1,,,,0,,99991231
20,Z33000000000000001000054795600000,O,17,52,0,10,1,,,,0,,99991231
20,Z33000000000000001000054795700000,O,17,52,0,10,1,,,,0,,99991231
20,Z33000000000000001000054797400000,O,17,52,0,10,1,,,,0,,99991231
20,Z33000000000000001000054797500000,O,17,52,0,10,1,,,,0,,99991231
20,Z33000000000000001000054797600000,O,17,52,0,10,1,,,,0,,99991231
20,Z33000000000000001000054797700000,O,17,52,0,10,1,,,,0,,99991231
20,Z33000000000000001000054797800000,O,17,52,0,10,1,,,,0,,99991231
20,Z33000000000000001000054797900000,O,17,52,0,10,1,,,,0,,99991231
20,Z33000000000000001000054798000000,O,17,52,0,10,1,,,,0,,99991231
20,Z33000000000000001000054798100000,O,17,52,0,10,1,,,,0,,99991231
20,Z33000000000000001000054798300000,O,17,52,0,10,1,,,,0,,99991231
20,Z33000000000000001000054798400000,O,17,52,0,10,1,,,,0,,99991231
20,Z33000000000000001000054798900000,O,17,52,0,10,1,,,,0,,99991231
20,Z33000000000000001000054799000000,O,17,52,0,10,1,,,,0,,99991231
20,Z33000000000000001000054799600000,O,17,52,0,10,1,,,,0,,99991231
20,Z33000000000000001000054799700000,O,17,52,0,10,1,,,,0,,99991231
20,Z33000000000000001000054800500000,O,17,52,0,10,1,,,,0,,99991231
20,Z33000000000000001000054800600000,O,17,52,0,10,1,,,,0,,99991231
20,Z33000000000000001000054800800000,O,17,52,0,10,1,,,,0,,99991231
20,Z33000000000000001000054800900000,O,17,52,0,10,1,,,,0,,99991231
20,Z40000000000000001000054801200000,O,17,52,0,10,1,,,,0,,99991231
20,Z40000000000000001000054801300000,O,17,52,0,10,1,,,,0,,99991231
20,Z40000000000000001000054801400000,O,17,52,0,10,1,,,,0,,99991231
20,Z40000000000000001000054801500000,O,17,52,0,10,1,,,,0,,99991231
20,Z40000000000000001000054801600000,O,17,52,0,10,1,,,,0,,99991231
20,Z40000000000000001000054801700000,O,17,52,0,10,1,,,,0,,99991231
20,Z40000000000000001000054801800000,O,17,52,0,10,1,,,,0,,99991231
20,Z33000000000000001000054802000000,O,17,52,0,10,1,,,,0,,99991231
20,Z33000000000000001000054802100000,O,17,52,0,10,1,,,,0,,99991231
20,Z33000000000000001000054802400000,O,17,52,0,10,1,,,,0,,99991231
20,Z33000000000000001000054802500000,O,17,52,0,10,1,,,,0,,99991231
20,Z33000000000000001000054802900000,O,17,52,0,10,1,,,,0,,99991231
20,Z33000000000000001000054803000000,O,17,52,0,10,1,,,,0,,99991231
20,Z33000000000000001000054803400000,O,17,52,0,10,1,,,,0,,99991231
20,Z33000000000000001000054803500000,O,17,52,0,10,1,,,,0,,99991231
20,Z33000000000000001000054803600000,O,17,52,0,10,1,,,,0,,99991231
20,Z40000000000000001000054803900000,O,17,52,0,10,1,,,,0,,99991231
20,Z40000000000000001000054804000000,O,17,52,0,10,1,,,,0,,99991231
20,Z40000000000000001000054804100000,O,17,52,0,10,1,,,,0,,99991231
20,Z40000000000000001000054804200000,O,17,52,0,10,1,,,,0,,99991231
20,Z40000000000000001000054804300000,O,17,52,0,10,1,,,,0,,99991231
20,Z40000000000000001000054804400000,O,17,52,0,10,1,,,,0,,99991231
20,Z33000000000000001000054804600000,O,17,52,0,10,1,,,,0,,99991231
20,Z33000000000000001000054804700000,O,17,52,0,10,1,,,,0,,99991231
20,Z33000000000000001000054805100000,O,17,52,0,10,1,,,,0,,99991231
20,Z33000000000000001000054805200000,O,17,52,0,10,1,,,,0,,99991231
20,Z33000000000000001000054805500000,O,17,52,0,10,1,,,,0,,99991231
20,Z33000000000000001000054805600000,O,17,52,0,10,1,,,,0,,99991231
20,Z40000000000000001000054808500000,O,17,52,0,10,1,,,,0,,99991231
20,Z40000000000000001000054808600000,O,17,52,0,10,1,,,,0,,99991231
20,Z29000000000000001000054837500000,O,17,52,0,10,1,,,,0,,99991231
20,Z29000000000000001000054837600000,O,17,52,0,10,1,,,,0,,99991231
20,Z29000000000000001000054837700000,O,17,52,0,10,1,,,,0,,99991231
20,Z29000000000000001000054837900000,O,17,52,0,10,1,,,,0,,99991231
20,Z29000000000000001000054838100000,O,17,52,0,10,1,,,,0,,99991231
20,Z29000000000000001000054838200000,O,17,52,0,10,1,,,,0,,99991231
20,Z40000000000000001000054841900000,O,17,52,0,10,1,,,,0,,99991231
20,Z33000000000000001000055224600000,O,17,52,0,10,1,,,,0,,99991231
20,Z33000000000000001000055224700000,O,17,52,0,10,1,,,,0,,99991231
20,Z33000000000000001000055224800000,O,17,52,0,10,1,,,,0,,99991231
20,Z33000000000000001000055224900000,O,17,52,0,10,1,,,,0,,99991231
20,Z33000000000000001000055225000000,O,17,52,0,10,1,,,,0,,99991231
20,Z33000000000000001000055225100000,O,17,52,0,10,1,,,,0,,99991231
20,Z33000000000000001000055225200000,O,17,52,0,10,1,,,,0,,99991231
20,Z33000000000000001000055225300000,O,17,52,0,10,1,,,,0,,99991231
20,Z33000000000000001000055225400000,O,17,52,0,10,1,,,,0,,99991231
20,Z33000000000000001000055225500000,O,17,52,0,10,1,,,,0,,99991231
20,Z33000000000000001000055225600000,O,17,52,0,10,1,,,,0,,99991231
20,Z33000000000000001000055225700000,O,17,52,0,10,1,,,,0,,99991231
20,Z33000000000000001000055225800000,O,17,52,0,10,1,,,,0,,99991231
20,Z33000000000000001000055225900000,O,17,52,0,10,1,,,,0,,99991231
20,Z33000000000000001000055226000000,O,17,52,0,10,1,,,,0,,99991231
20,Z33000000000000001000055226100000,O,17,52,0,10,1,,,,0,,99991231
20,Z33000000000000001000055226200000,O,17,52,0,10,1,,,,0,,99991231
20,Z33000000000000001000055226300000,O,17,52,0,10,1,,,,0,,99991231
20,Z33000000000000001000055226400000,O,17,52,0,10,1,,,,0,,99991231
20,Z33000000000000001000055226500000,O,17,52,0,10,1,,,,0,,99991231
20,Z33000000000000001000055226600000,O,17,52,0,10,1,,,,0,,99991231
20,Z33000000000000001000055226700000,O,17,52,0,10,1,,,,0,,99991231
20,Z33000000000000001000055226800000,O,17,52,0,10,1,,,,0,,99991231
20,Z33000000000000001000055226900000,O,17,52,0,10,1,,,,0,,99991231
20,Z33000000000000001000055227000000,O,17,52,0,10,1,,,,0,,99991231
20,Z33000000000000001000055227200000,O,17,52,0,10,1,,,,0,,99991231
20,Z33000000000000001000055227300000,O,17,52,0,10,1,,,,0,,99991231
20,Z33000000000000001000055227500000,O,17,52,0,10,1,,,,0,,99991231
20,Z33000000000000001000055227600000,O,17,52,0,10,1,,,,0,,99991231
20,Z33000000000000001000055227700000,O,17,52,0,10,1,,,,0,,99991231
20,Z33000000000000001000055227800000,O,17,52,0,10,1,,,,0,,99991231
20,Z33000000000000001000055227900000,O,17,52,0,10,1,,,,0,,99991231
20,Z33000000000000001000055228000000,O,17,52,0,10,1,,,,0,,99991231
20,Z33000000000000001000055228200000,O,17,52,0,10,1,,,,0,,99991231
20,Z33000000000000001000055228300000,O,17,52,0,10,1,,,,0,,99991231
20,Z33000000000000001000055228400000,O,17,52,0,10,1,,,,0,,99991231
20,Z33000000000000001000055228500000,O,17,52,0,10,1,,,,0,,99991231
20,Z33000000000000001000055228600000,O,17,52,0,10,1,,,,0,,99991231
20,Z33000000000000001000055228700000,O,17,52,0,10,1,,,,0,,99991231
20,Z33000000000000001000055228900000,O,17,52,0,10,1,,,,0,,99991231
20,Z33000000000000001000055229000000,O,17,52,0,10,1,,,,0,,99991231
20,Z33000000000000001000055229100000,O,17,52,0,10,1,,,,0,,99991231
20,Z33000000000000001000055229200000,O,17,52,0,10,1,,,,0,,99991231
20,Z33000000000000001000055229300000,O,17,52,0,10,1,,,,0,,99991231
20,Z33000000000000001000055229500000,O,17,52,0,10,1,,,,0,,99991231
20,Z33000000000000001000055229600000,O,17,52,0,10,1,,,,0,,99991231
20,Z33000000000000001000055229700000,O,17,52,0,10,1,,,,0,,99991231
20,Z33000000000000001000055229800000,O,17,52,0,10,1,,,,0,,99991231
20,Z33000000000000001000055229900000,O,17,52,0,10,1,,,,0,,99991231
20,Z33000000000000001000055230100000,O,17,52,0,10,1,,,,0,,99991231
20,Z33000000000000001000055230200000,O,17,52,0,10,1,,,,0,,99991231
20,Z33000000000000001000055230300000,O,17,52,0,10,1,,,,0,,99991231
20,Z33000000000000001000055230400000,O,17,52,0,10,1,,,,0,,99991231
20,Z33000000000000001000055230600000,O,17,52,0,10,1,,,,0,,99991231
20,Z33000000000000001000055230700000,O,17,52,0,10,1,,,,0,,99991231
20,Z33000000000000001000055230800000,O,17,52,0,10,1,,,,0,,99991231
20,Z33000000000000001000055230900000,O,17,52,0,10,1,,,,0,,99991231
20,Z33000000000000001000055231100000,O,17,52,0,10,1,,,,0,,99991231
20,Z33000000000000001000055231200000,O,17,52,0,10,1,,,,0,,99991231
20,Z33000000000000001000055231300000,O,17,52,0,10,1,,,,0,,99991231
20,Z33000000000000001000055231400000,O,17,52,0,10,1,,,,0,,99991231
20,Z33000000000000001000055231500000,O,17,52,0,10,1,,,,0,,99991231
20,Z33000000000000001000055231600000,O,17,52,0,10,1,,,,0,,99991231
20,Z33000000000000001000055231700000,O,17,52,0,10,1,,,,0,,99991231
20,Z33000000000000001000055231800000,O,17,52,0,10,1,,,,0,,99991231
20,Z33000000000000001000055231900000,O,17,52,0,10,1,,,,0,,99991231
20,Z33000000000000001000055232000000,O,17,52,0,10,1,,,,0,,99991231
20,Z33000000000000001000055232100000,O,17,52,0,10,1,,,,0,,99991231
20,Z33000000000000001000055232200000,O,17,52,0,10,1,,,,0,,99991231
20,Z33000000000000001000055232300000,O,17,52,0,10,1,,,,0,,99991231
20,Z33000000000000001000055232400000,O,17,52,0,10,1,,,,0,,99991231
20,Z33000000000000001000055232500000,O,17,52,0,10,1,,,,0,,99991231
20,Z33000000000000001000055232600000,O,17,52,0,10,1,,,,0,,99991231
20,Z33000000000000001000055232700000,O,17,52,0,10,1,,,,0,,99991231
20,Z33000000000000001000055232800000,O,17,52,0,10,1,,,,0,,99991231
20,Z33000000000000001000055232900000,O,17,52,0,10,1,,,,0,,99991231
20,Z33000000000000001000055233000000,O,17,52,0,10,1,,,,0,,99991231
20,Z33000000000000001000055233100000,O,17,52,0,10,1,,,,0,,99991231
20,Z33000000000000001000055233200000,O,17,52,0,10,1,,,,0,,99991231
20,Z33000000000000001000055233300000,O,17,52,0,10,1,,,,0,,99991231
20,Z33000000000000001000055233400000,O,17,52,0,10,1,,,,0,,99991231
20,Z33000000000000001000055233500000,O,17,52,0,10,1,,,,0,,99991231
20,Z33000000000000001000055233600000,O,17,52,0,10,1,,,,0,,99991231
20,Z33000000000000001000055233700000,O,17,52,0,10,1,,,,0,,99991231
20,Z33000000000000001000055233800000,O,17,52,0,10,1,,,,0,,99991231
20,Z33000000000000001000055233900000,O,17,52,0,10,1,,,,0,,99991231
20,Z33000000000000001000055234000000,O,17,52,0,10,1,,,,0,,99991231
20,Z33000000000000001000055234100000,O,17,52,0,10,1,,,,0,,99991231
20,Z33000000000000001000055234200000,O,17,52,0,10,1,,,,0,,99991231
20,Z33000000000000001000055234300000,O,17,52,0,10,1,,,,0,,99991231
20,Z33000000000000001000055234400000,O,17,52,0,10,1,,,,0,,99991231
20,Z33000000000000001000055234500000,O,17,52,0,10,1,,,,0,,99991231
20,Z33000000000000001000055234600000,O,17,52,0,10,1,,,,0,,99991231
20,Z33000000000000001000055234700000,O,17,52,0,10,1,,,,0,,99991231
20,Z33000000000000001000055234800000,O,17,52,0,10,1,,,,0,,99991231
20,Z33000000000000001000055234900000,O,17,52,0,10,1,,,,0,,99991231
20,Z40000000000000001000055235200000,O,17,52,0,10,1,,,,0,,99991231
20,Z40000000000000001000055235300000,O,17,52,0,10,1,,,,0,,99991231
20,Z40000000000000001000055235400000,O,17,52,0,10,1,,,,0,,99991231
20,Z40000000000000001000055235500000,O,17,52,0,10,1,,,,0,,99991231
20,Z40000000000000001000055235600000,O,17,52,0,10,1,,,,0,,99991231
20,Z40000000000000001000055235700000,O,17,52,0,10,1,,,,0,,99991231
20,Z40000000000000001000055235800000,O,17,52,0,10,1,,,,0,,99991231
20,Z40000000000000001000055235900000,O,17,52,0,10,1,,,,0,,99991231
20,Z33000000000000001000055236100000,O,17,52,0,10,1,,,,0,,99991231
20,Z33000000000000001000055236200000,O,17,52,0,10,1,,,,0,,99991231
20,Z33000000000000001000055236300000,O,17,52,0,10,1,,,,0,,99991231
20,Z33000000000000001000055236400000,O,17,52,0,10,1,,,,0,,99991231
20,Z33000000000000001000055236500000,O,17,52,0,10,1,,,,0,,99991231
20,Z33000000000000001000055236600000,O,17,52,0,10,1,,,,0,,99991231
20,Z33000000000000001000055236700000,O,17,52,0,10,1,,,,0,,99991231
20,Z33000000000000001000055236800000,O,17,52,0,10,1,,,,0,,99991231
20,Z33000000000000001000055236900000,O,17,52,0,10,1,,,,0,,99991231
20,Z33000000000000001000055237000000,O,17,52,0,10,1,,,,0,,99991231
20,Z33000000000000001000055237100000,O,17,52,0,10,1,,,,0,,99991231
20,Z33000000000000001000055237200000,O,17,52,0,10,1,,,,0,,99991231
20,Z33000000000000001000055237300000,O,17,52,0,10,1,,,,0,,99991231
20,Z33000000000000001000055237400000,O,17,52,0,10,1,,,,0,,99991231
20,Z33000000000000001000055237500000,O,17,52,0,10,1,,,,0,,99991231
20,Z33000000000000001000055237600000,O,17,52,0,10,1,,,,0,,99991231
20,Z33000000000000001000055237700000,O,17,52,0,10,1,,,,0,,99991231
20,Z33000000000000001000055237800000,O,17,52,0,10,1,,,,0,,99991231
20,Z33000000000000001000055237900000,O,17,52,0,10,1,,,,0,,99991231
20,Z33000000000000001000055238000000,O,17,52,0,10,1,,,,0,,99991231
20,Z33000000000000001000055238100000,O,17,52,0,10,1,,,,0,,99991231
20,Z33000000000000001000055238200000,O,17,52,0,10,1,,,,0,,99991231
20,Z40000000000000001000055240500000,O,17,52,0,10,1,,,,0,,99991231
20,Z40000000000000001000055240600000,O,17,52,0,10,1,,,,0,,99991231
20,Z40000000000000001000055240700000,O,17,52,0,10,1,,,,0,,99991231
20,Z40000000000000001000055240800000,O,17,52,0,10,1,,,,0,,99991231
20,Z40000000000000001000055240900000,O,17,52,0,10,1,,,,0,,99991231
20,Z40000000000000001000055241000000,O,17,52,0,10,1,,,,0,,99991231
20,Z38000000000000001000055423300000,O,17,52,0,10,1,,,,0,,99991231
20,Z38000000000000001000055423400000,O,17,52,0,10,1,,,,0,,99991231
20,Z38000000000000001000055423500000,O,17,52,0,10,1,,,,0,,99991231
20,Z38000000000000001000055423600000,O,17,52,0,10,1,,,,0,,99991231
20,Z38000000000000001000055423700000,O,17,52,0,10,1,,,,0,,99991231
20,Z38000000000000001000055423800000,O,17,52,0,10,1,,,,0,,99991231
20,Z38000000000000001000055423900000,O,17,52,0,10,1,,,,0,,99991231
20,Z38000000000000001000055424000000,O,17,52,0,10,1,,,,0,,99991231
20,Z38000000000000001000055424100000,O,17,52,0,10,1,,,,0,,99991231
20,Z38000000000000001000055424200000,O,17,52,0,10,1,,,,0,,99991231
20,Z38000000000000001000055424400000,O,17,52,0,10,1,,,,0,,99991231
20,Z38000000000000001000055424500000,O,17,52,0,10,1,,,,0,,99991231
20,Z38000000000000001000055424600000,O,17,52,0,10,1,,,,0,,99991231
20,Z38000000000000001000055424700000,O,17,52,0,10,1,,,,0,,99991231
20,Z38000000000000001000055424800000,O,17,52,0,10,1,,,,0,,99991231
20,Z38000000000000001000055424900000,O,17,52,0,10,1,,,,0,,99991231
20,Z38000000000000001000055425000000,O,17,52,0,10,1,,,,0,,99991231
20,Z38000000000000001000055425100000,O,17,52,0,10,1,,,,0,,99991231
20,Z38000000000000001000055425200000,O,17,52,0,10,1,,,,0,,99991231
20,Z38000000000000001000055425300000,O,17,52,0,10,1,,,,0,,99991231
20,Z38000000000000001000055425400000,O,17,52,0,10,1,,,,0,,99991231
20,Z38000000000000001000055425600000,O,17,52,0,10,1,,,,0,,99991231
20,Z38000000000000001000055425700000,O,17,52,0,10,1,,,,0,,99991231
20,Z38000000000000001000055425800000,O,17,52,0,10,1,,,,0,,99991231
20,Z38000000000000001000055425900000,O,17,52,0,10,1,,,,0,,99991231
20,Z38000000000000001000055426000000,O,17,52,0,10,1,,,,0,,99991231
20,Z38000000000000001000055426100000,O,17,52,0,10,1,,,,0,,99991231
20,Z38000000000000001000055426200000,O,17,52,0,10,1,,,,0,,99991231
20,Z38000000000000001000055426300000,O,17,52,0,10,1,,,,0,,99991231
20,Z38000000000000001000055426400000,O,17,52,0,10,1,,,,0,,99991231
20,Z38000000000000001000055426500000,O,17,52,0,10,1,,,,0,,99991231
20,Z38000000000000001000055426600000,O,17,52,0,10,1,,,,0,,99991231
20,Z38000000000000001000055426800000,O,17,52,0,10,1,,,,0,,99991231
20,Z38000000000000001000055426900000,O,17,52,0,10,1,,,,0,,99991231
20,Z38000000000000001000055427000000,O,17,52,0,10,1,,,,0,,99991231
20,Z38000000000000001000055427100000,O,17,52,0,10,1,,,,0,,99991231
20,Z38000000000000001000055427300000,O,17,52,0,10,1,,,,0,,99991231
20,Z38000000000000001000055427400000,O,17,52,0,10,1,,,,0,,99991231
20,Z38000000000000001000055427500000,O,17,52,0,10,1,,,,0,,99991231
20,Z38000000000000001000055427600000,O,17,52,0,10,1,,,,0,,99991231
20,Z38000000000000001000055427700000,O,17,52,0,10,1,,,,0,,99991231
20,Z38000000000000001000055427800000,O,17,52,0,10,1,,,,0,,99991231
20,Z38000000000000001000055427900000,O,17,52,0,10,1,,,,0,,99991231
20,Z38000000000000001000055428000000,O,17,52,0,10,1,,,,0,,99991231
20,Z38000000000000001000055428100000,O,17,52,0,10,1,,,,0,,99991231
20,Z38000000000000001000055428200000,O,17,52,0,10,1,,,,0,,99991231
20,Z38000000000000001000055428300000,O,17,52,0,10,1,,,,0,,99991231
20,Z38000000000000001000055428400000,O,17,52,0,10,1,,,,0,,99991231
20,Z38000000000000001000055428500000,O,17,52,0,10,1,,,,0,,99991231
20,Z38000000000000001000055428600000,O,17,52,0,10,1,,,,0,,99991231
20,Z38000000000000001000055428700000,O,17,52,0,10,1,,,,0,,99991231
20,Z38000000000000001000055428800000,O,17,52,0,10,1,,,,0,,99991231
20,Z38000000000000001000055428900000,O,17,52,0,10,1,,,,0,,99991231
20,Z38000000000000001000055429000000,O,17,52,0,10,1,,,,0,,99991231
20,Z38000000000000001000055429100000,O,17,52,0,10,1,,,,0,,99991231
20,Z38000000000000001000055429200000,O,17,52,0,10,1,,,,0,,99991231
20,Z38000000000000001000055429300000,O,17,52,0,10,1,,,,0,,99991231
20,Z38000000000000001000055429400000,O,17,52,0,10,1,,,,0,,99991231
20,Z38000000000000001000055429500000,O,17,52,0,10,1,,,,0,,99991231
20,Z38000000000000001000055429600000,O,17,52,0,10,1,,,,0,,99991231
20,Z38000000000000001000055429700000,O,17,52,0,10,1,,,,0,,99991231
20,Z38000000000000001000055429800000,O,17,52,0,10,1,,,,0,,99991231
20,Z38000000000000001000055429900000,O,17,52,0,10,1,,,,0,,99991231
20,Z38000000000000001000055430000000,O,17,52,0,10,1,,,,0,,99991231
20,Z38000000000000001000055430100000,O,17,52,0,10,1,,,,0,,99991231
20,Z38000000000000001000055430200000,O,17,52,0,10,1,,,,0,,99991231
20,Z38000000000000001000055430300000,O,17,52,0,10,1,,,,0,,99991231
20,Z38000000000000001000055430400000,O,17,52,0,10,1,,,,0,,99991231
20,Z38000000000000001000055430500000,O,17,52,0,10,1,,,,0,,99991231
20,Z38000000000000001000055430600000,O,17,52,0,10,1,,,,0,,99991231
20,Z38000000000000001000055430700000,O,17,52,0,10,1,,,,0,,99991231
20,Z38000000000000001000055430800000,O,17,52,0,10,1,,,,0,,99991231
20,Z38000000000000001000055430900000,O,17,52,0,10,1,,,,0,,99991231
20,Z38000000000000001000055431000000,O,17,52,0,10,1,,,,0,,99991231
20,Z38000000000000001000055431100000,O,17,52,0,10,1,,,,0,,99991231
20,Z38000000000000001000055431200000,O,17,52,0,10,1,,,,0,,99991231
20,Z38000000000000001000055431300000,O,17,52,0,10,1,,,,0,,99991231
20,Z38000000000000001000055431400000,O,17,52,0,10,1,,,,0,,99991231
20,Z38000000000000001000055431600000,O,17,52,0,10,1,,,,0,,99991231
20,Z38000000000000001000055431700000,O,17,52,0,10,1,,,,0,,99991231
20,Z38000000000000001000055431800000,O,17,52,0,10,1,,,,0,,99991231
20,Z38000000000000001000055431900000,O,17,52,0,10,1,,,,0,,99991231
20,Z38000000000000001000055432000000,O,17,52,0,10,1,,,,0,,99991231
20,Z38000000000000001000055432100000,O,17,52,0,10,1,,,,0,,99991231
20,Z38000000000000001000055432200000,O,17,52,0,10,1,,,,0,,99991231
20,Z38000000000000001000055432300000,O,17,52,0,10,1,,,,0,,99991231
20,Z38000000000000001000055432400000,O,17,52,0,10,1,,,,0,,99991231
20,Z38000000000000001000055432500000,O,17,52,0,10,1,,,,0,,99991231
20,Z38000000000000001000055432600000,O,17,52,0,10,1,,,,0,,99991231
20,Z38000000000000001000055432700000,O,17,52,0,10,1,,,,0,,99991231
20,Z38000000000000001000055432800000,O,17,52,0,10,1,,,,0,,99991231
20,Z38000000000000001000055432900000,O,17,52,0,10,1,,,,0,,99991231
20,Z38000000000000001000055433000000,O,17,52,0,10,1,,,,0,,99991231
20,Z38000000000000001000055433100000,O,17,52,0,10,1,,,,0,,99991231
20,Z38000000000000001000055433200000,O,17,52,0,10,1,,,,0,,99991231
20,Z38000000000000001000055433300000,O,17,52,0,10,1,,,,0,,99991231
20,Z38000000000000001000055433400000,O,17,52,0,10,1,,,,0,,99991231
20,Z38000000000000001000055433500000,O,17,52,0,10,1,,,,0,,99991231
20,Z38000000000000001000055433600000,O,17,52,0,10,1,,,,0,,99991231
20,Z38000000000000001000055433700000,O,17,52,0,10,1,,,,0,,99991231
20,Z38000000000000001000055433800000,O,17,52,0,10,1,,,,0,,99991231
20,Z38000000000000001000055433900000,O,17,52,0,10,1,,,,0,,99991231
20,Z38000000000000001000055434000000,O,17,52,0,10,1,,,,0,,99991231
20,Z38000000000000001000055434100000,O,17,52,0,10,1,,,,0,,99991231
20,Z38000000000000001000055434200000,O,17,52,0,10,1,,,,0,,99991231
20,Z38000000000000001000055434300000,O,17,52,0,10,1,,,,0,,99991231
20,Z38000000000000001000055434400000,O,17,52,0,10,1,,,,0,,99991231
20,Z38000000000000001000055434500000,O,17,52,0,10,1,,,,0,,99991231
20,Z38000000000000001000055434600000,O,17,52,0,10,1,,,,0,,99991231
20,Z38000000000000001000055434700000,O,17,52,0,10,1,,,,0,,99991231
20,Z38000000000000001000055434800000,O,17,52,0,10,1,,,,0,,99991231
20,Z38000000000000001000055434900000,O,17,52,0,10,1,,,,0,,99991231
20,Z38000000000000001000055435000000,O,17,52,0,10,1,,,,0,,99991231
20,Z38000000000000001000055435100000,O,17,52,0,10,1,,,,0,,99991231
20,Z38000000000000001000055435200000,O,17,52,0,10,1,,,,0,,99991231
20,Z38000000000000001000055435400000,O,17,52,0,10,1,,,,0,,99991231
20,Z38000000000000001000055435500000,O,17,52,0,10,1,,,,0,,99991231
20,Z38000000000000001000055435600000,O,17,52,0,10,1,,,,0,,99991231
20,Z38000000000000001000055435700000,O,17,52,0,10,1,,,,0,,99991231
20,Z38000000000000001000055435800000,O,17,52,0,10,1,,,,0,,99991231
20,Z38000000000000001000055435900000,O,17,52,0,10,1,,,,0,,99991231
20,Z38000000000000001000055436000000,O,17,52,0,10,1,,,,0,,99991231
20,Z38000000000000001000055436100000,O,17,52,0,10,1,,,,0,,99991231
20,Z38000000000000001000055436200000,O,17,52,0,10,1,,,,0,,99991231
20,Z38000000000000001000055436300000,O,17,52,0,10,1,,,,0,,99991231
20,Z38000000000000001000055436400000,O,17,52,0,10,1,,,,0,,99991231
20,Z38000000000000001000055436500000,O,17,52,0,10,1,,,,0,,99991231
20,Z38000000000000001000055436600000,O,17,52,0,10,1,,,,0,,99991231
20,Z38000000000000001000055436700000,O,17,52,0,10,1,,,,0,,99991231
20,Z38000000000000001000055436800000,O,17,52,0,10,1,,,,0,,99991231
20,Z38000000000000001000055436900000,O,17,52,0,10,1,,,,0,,99991231
20,Z38000000000000001000055437000000,O,17,52,0,10,1,,,,0,,99991231
20,Z40000000000000001000056556700000,O,17,52,0,10,1,,,,0,,99991231
20,Z40000000000000001000056558100000,O,17,52,0,10,1,,,,0,,99991231
20,Z40000000000000001000056558200000,O,17,52,0,10,1,,,,0,,99991231
20,Z40000000000000001000056558300000,O,17,52,0,10,1,,,,0,,99991231
20,Z40000000000000001000056558400000,O,17,52,0,10,1,,,,0,,99991231
20,Z40000000000000001000056558500000,O,17,52,0,10,1,,,,0,,99991231
20,Z40000000000000001000056558600000,O,17,52,0,10,1,,,,0,,99991231
20,Z40000000000000001000056558700000,O,17,52,0,10,1,,,,0,,99991231
20,Z40000000000000001000056559000000,O,17,52,0,10,1,,,,0,,99991231
20,Z40000000000000001000056559100000,O,17,52,0,10,1,,,,0,,99991231
20,Z40000000000000001000056559200000,O,17,52,0,10,1,,,,0,,99991231
20,Z40000000000000001000056559300000,O,17,52,0,10,1,,,,0,,99991231
20,Z40000000000000001000056559400000,O,17,52,0,10,1,,,,0,,99991231
20,Z40000000000000001000056559500000,O,17,52,0,10,1,,,,0,,99991231
20,Z40000000000000001000056559600000,O,17,52,0,10,1,,,,0,,99991231
20,Z33000000000000001000056559900000,O,17,52,0,10,1,,,,0,,99991231
20,Z33000000000000001000056560000000,O,17,52,0,10,1,,,,0,,99991231
20,Z33000000000000001000056560100000,O,17,52,0,10,1,,,,0,,99991231
20,Z33000000000000001000056560200000,O,17,52,0,10,1,,,,0,,99991231
20,Z33000000000000001000056560300000,O,17,52,0,10,1,,,,0,,99991231
20,Z33000000000000001000056560400000,O,17,52,0,10,1,,,,0,,99991231
20,Z33000000000000001000056560500000,O,17,52,0,10,1,,,,0,,99991231
20,Z33000000000000001000056560600000,O,17,52,0,10,1,,,,0,,99991231
20,Z33000000000000001000056560700000,O,17,52,0,10,1,,,,0,,99991231
20,Z33000000000000001000056560800000,O,17,52,0,10,1,,,,0,,99991231
20,Z33000000000000001000056560900000,O,17,52,0,10,1,,,,0,,99991231
20,Z33000000000000001000056561000000,O,17,52,0,10,1,,,,0,,99991231
20,Z33000000000000001000056561100000,O,17,52,0,10,1,,,,0,,99991231
20,Z33000000000000001000056561200000,O,17,52,0,10,1,,,,0,,99991231
20,Z33000000000000001000056561300000,O,17,52,0,10,1,,,,0,,99991231
20,Z33000000000000001000056561400000,O,17,52,0,10,1,,,,0,,99991231
20,Z33000000000000001000056561500000,O,17,52,0,10,1,,,,0,,99991231
20,Z29000000000000001000002695904000,O,17,52,0,10,1,,,,0,,99991231
20,Z33000000000000001000056561600000,O,17,52,0,10,1,,,,0,,99991231
20,Z33000000000000001000056561700000,O,17,52,0,10,1,,,,0,,99991231
20,Z33000000000000001000056561800000,O,17,52,0,10,1,,,,0,,99991231
20,Z40000000000000001000056561900000,O,17,52,0,10,1,,,,0,,99991231
20,Z40000000000000001000056562000000,O,17,52,0,10,1,,,,0,,99991231
20,Z40000000000000001000056562100000,O,17,52,0,10,1,,,,0,,99991231
20,Z40000000000000001000056562200000,O,17,52,0,10,1,,,,0,,99991231
20,Z40000000000000001000056562300000,O,17,52,0,10,1,,,,0,,99991231
20,Z40000000000000001000056562400000,O,17,52,0,10,1,,,,0,,99991231
20,Z40000000000000001000056562500000,O,17,52,0,10,1,,,,0,,99991231
20,Z40000000000000001000056562600000,O,17,52,0,10,1,,,,0,,99991231
20,Z33000000000000001000056562700000,O,17,52,0,10,1,,,,0,,99991231
20,Z33000000000000001000056562800000,O,17,52,0,10,1,,,,0,,99991231
20,Z33000000000000001000056562900000,O,17,52,0,10,1,,,,0,,99991231
20,Z33000000000000001000056563000000,O,17,52,0,10,1,,,,0,,99991231
20,Z33000000000000001000056563600000,O,17,52,0,10,1,,,,0,,99991231
20,Z33000000000000001000056563700000,O,17,52,0,10,1,,,,0,,99991231
20,Z29000000000000001000002695905000,O,17,52,0,10,1,,,,0,,99991231
20,Z33000000000000001000056563900000,O,17,52,0,10,1,,,,0,,99991231
20,Z33000000000000001000056564000000,O,17,52,0,10,1,,,,0,,99991231
20,Z33000000000000001000056564100000,O,17,52,0,10,1,,,,0,,99991231
20,Z33000000000000001000056564200000,O,17,52,0,10,1,,,,0,,99991231
20,Z33000000000000001000056564300000,O,17,52,0,10,1,,,,0,,99991231
20,Z33000000000000001000056564400000,O,17,52,0,10,1,,,,0,,99991231
20,Z33000000000000001000056564500000,O,17,52,0,10,1,,,,0,,99991231
20,Z29000000000000001000002695806000,O,17,52,0,10,1,,,,0,,99991231
20,Z29000000000000001000002695807000,O,17,52,0,10,1,,,,0,,99991231
20,Z33000000000000001000056565200000,O,17,52,0,10,1,,,,0,,99991231
20,Z33000000000000001000056565300000,O,17,52,0,10,1,,,,0,,99991231
20,Z33000000000000001000056565400000,O,17,52,0,10,1,,,,0,,99991231
20,Z33000000000000001000056565500000,O,17,52,0,10,1,,,,0,,99991231
20,Z33000000000000001000056565600000,O,17,52,0,10,1,,,,0,,99991231
20,Z33000000000000001000056565700000,O,17,52,0,10,1,,,,0,,99991231
20,Z33000000000000001000056566500000,O,17,52,0,10,1,,,,0,,99991231
20,Z33000000000000001000056566600000,O,17,52,0,10,1,,,,0,,99991231
20,Z33000000000000001000056566700000,O,17,52,0,10,1,,,,0,,99991231
20,Z33000000000000001000056566800000,O,17,52,0,10,1,,,,0,,99991231
20,Z33000000000000001000056567300000,O,17,52,0,10,1,,,,0,,99991231
20,Z33000000000000001000056567500000,O,17,52,0,10,1,,,,0,,99991231
20,Z33000000000000001000056567600000,O,17,52,0,10,1,,,,0,,99991231
20,Z29000000000000001000003938604000,O,17,52,0,10,1,,,,0,,99991231
20,Z33000000000000001000056567900000,O,17,52,0,10,1,,,,0,,99991231
20,Z33000000000000001000056568000000,O,17,52,0,10,1,,,,0,,99991231
20,Z33000000000000001000056568100000,O,17,52,0,10,1,,,,0,,99991231
20,Z33000000000000001000056568200000,O,17,52,0,10,1,,,,0,,99991231
20,Z33000000000000001000056568300000,O,17,52,0,10,1,,,,0,,99991231
20,Z29000000000000001000003938605000,O,17,52,0,10,1,,,,0,,99991231
20,Z29000000000000001000020173504000,O,17,52,0,10,1,,,,0,,99991231
20,Z29000000000000001000020173505000,O,17,52,0,10,1,,,,0,,99991231
20,Z33000000000000001000056572500000,O,17,52,0,10,1,,,,0,,99991231
20,Z33000000000000001000056572600000,O,17,52,0,10,1,,,,0,,99991231
20,Z33000000000000001000056572700000,O,17,52,0,10,1,,,,0,,99991231
20,Z33000000000000001000056572800000,O,17,52,0,10,1,,,,0,,99991231
20,Z33000000000000001000056572900000,O,17,52,0,10,1,,,,0,,99991231
20,Z33000000000000001000056573000000,O,17,52,0,10,1,,,,0,,99991231
20,Z33000000000000001000056573100000,O,17,52,0,10,1,,,,0,,99991231
20,Z33000000000000001000056573200000,O,17,52,0,10,1,,,,0,,99991231
20,Z33000000000000001000056573300000,O,17,52,0,10,1,,,,0,,99991231
20,Z33000000000000001000056573400000,O,17,52,0,10,1,,,,0,,99991231
20,Z33000000000000001000056573500000,O,17,52,0,10,1,,,,0,,99991231
20,Z33000000000000001000056573600000,O,17,52,0,10,1,,,,0,,99991231
20,Z33000000000000001000056573700000,O,17,52,0,10,1,,,,0,,99991231
20,Z33000000000000001000056573800000,O,17,52,0,10,1,,,,0,,99991231
20,Z33000000000000001000056573900000,O,17,52,0,10,1,,,,0,,99991231
20,Z33000000000000001000056574000000,O,17,52,0,10,1,,,,0,,99991231
20,Z33000000000000001000056574100000,O,17,52,0,10,1,,,,0,,99991231
20,Z33000000000000001000056574200000,O,17,52,0,10,1,,,,0,,99991231
20,Z33000000000000001000056574300000,O,17,52,0,10,1,,,,0,,99991231
20,Z33000000000000001000056574400000,O,17,52,0,10,1,,,,0,,99991231
20,Z33000000000000001000056574500000,O,17,52,0,10,1,,,,0,,99991231
20,Z33000000000000001000056574600000,O,17,52,0,10,1,,,,0,,99991231
20,Z33000000000000001000056574700000,O,17,52,0,10,1,,,,0,,99991231
20,Z33000000000000001000056574800000,O,17,52,0,10,1,,,,0,,99991231
20,Z33000000000000001000056574900000,O,17,52,0,10,1,,,,0,,99991231
20,Z33000000000000001000056575000000,O,17,52,0,10,1,,,,0,,99991231
20,Z33000000000000001000056575100000,O,17,52,0,10,1,,,,0,,99991231
20,Z33000000000000001000056575200000,O,17,52,0,10,1,,,,0,,99991231
20,Z33000000000000001000056575300000,O,17,52,0,10,1,,,,0,,99991231
20,Z33000000000000001000056575400000,O,17,52,0,10,1,,,,0,,99991231
20,Z33000000000000001000056575500000,O,17,52,0,10,1,,,,0,,99991231
20,Z33000000000000001000056575600000,O,17,52,0,10,1,,,,0,,99991231
20,Z33000000000000001000056575700000,O,17,52,0,10,1,,,,0,,99991231
20,Z33000000000000001000056575800000,O,17,52,0,10,1,,,,0,,99991231
20,Z33000000000000001000056576800000,O,17,52,0,10,1,,,,0,,99991231
20,Z33000000000000001000056576900000,O,17,52,0,10,1,,,,0,,99991231
20,Z33000000000000001000056577000000,O,17,52,0,10,1,,,,0,,99991231
20,Z33000000000000001000056577100000,O,17,52,0,10,1,,,,0,,99991231
20,Z33000000000000001000056577200000,O,17,52,0,10,1,,,,0,,99991231
20,Z33000000000000001000056577300000,O,17,52,0,10,1,,,,0,,99991231
20,Z33000000000000001000056577400000,O,17,52,0,10,1,,,,0,,99991231
20,Z33000000000000001000056577500000,O,17,52,0,10,1,,,,0,,99991231
20,Z33000000000000001000056577600000,O,17,52,0,10,1,,,,0,,99991231
20,Z33000000000000001000056577700000,O,17,52,0,10,1,,,,0,,99991231
20,Z33000000000000001000056577800000,O,17,52,0,10,1,,,,0,,99991231
20,Z33000000000000001000056577900000,O,17,52,0,10,1,,,,0,,99991231
20,Z33000000000000001000056578000000,O,17,52,0,10,1,,,,0,,99991231
20,Z33000000000000001000056578100000,O,17,52,0,10,1,,,,0,,99991231
20,Z33000000000000001000056578200000,O,17,52,0,10,1,,,,0,,99991231
20,Z33000000000000001000056578300000,O,17,52,0,10,1,,,,0,,99991231
20,Z33000000000000001000056632700000,O,17,52,0,10,1,,,,0,,99991231
20,Z33000000000000001000056632800000,O,17,52,0,10,1,,,,0,,99991231
20,Z33000000000000001000056632900000,O,17,52,0,10,1,,,,0,,99991231
20,Z29000000000000001000026460301000,O,17,52,0,10,1,,,,0,,99991231
20,Z29000000000000001000026461101000,O,17,52,0,10,1,,,,0,,99991231
20,Z33000000000000001000056633500000,O,17,52,0,10,1,,,,0,,99991231
20,Z33000000000000001000056633600000,O,17,52,0,10,1,,,,0,,99991231
20,Z33000000000000001000056633700000,O,17,52,0,10,1,,,,0,,99991231
20,Z33000000000000001000056633800000,O,17,52,0,10,1,,,,0,,99991231
20,Z33000000000000001000056633900000,O,17,52,0,10,1,,,,0,,99991231
20,Z33000000000000001000056634300000,O,17,52,0,10,1,,,,0,,99991231
20,Z33000000000000001000056634400000,O,17,52,0,10,1,,,,0,,99991231
20,Z40000000000000001000056634800000,O,17,52,0,10,1,,,,0,,99991231
20,Z40000000000000001000056634900000,O,17,52,0,10,1,,,,0,,99991231
20,Z40000000000000001000056635000000,O,17,52,0,10,1,,,,0,,99991231
20,Z40000000000000001000056635100000,O,17,52,0,10,1,,,,0,,99991231
20,Z40000000000000001000056635200000,O,17,52,0,10,1,,,,0,,99991231
20,Z40000000000000001000056635300000,O,17,52,0,10,1,,,,0,,99991231
20,Z40000000000000001000056635400000,O,17,52,0,10,1,,,,0,,99991231
20,Z40000000000000001000056635500000,O,17,52,0,10,1,,,,0,,99991231
20,Z29000000000000001000026461602000,O,17,52,0,10,1,,,,0,,99991231
20,Z33000000000000001000056635600000,O,17,52,0,10,1,,,,0,,99991231
20,Z33000000000000001000056635700000,O,17,52,0,10,1,,,,0,,99991231
20,Z29000000000000001000026464601000,O,17,52,0,10,1,,,,0,,99991231
20,Z29000000000000001000026465601000,O,17,52,0,10,1,,,,0,,99991231
20,Z33000000000000001000056637100000,O,17,52,0,10,1,,,,0,,99991231
20,Z33000000000000001000056637200000,O,17,52,0,10,1,,,,0,,99991231
20,Z33000000000000001000056637300000,O,17,52,0,10,1,,,,0,,99991231
20,Z33000000000000001000056637400000,O,17,52,0,10,1,,,,0,,99991231
20,Z33000000000000001000056637500000,O,17,52,0,10,1,,,,0,,99991231
20,Z33000000000000001000056637600000,O,17,52,0,10,1,,,,0,,99991231
20,Z33000000000000001000056637700000,O,17,52,0,10,1,,,,0,,99991231
20,Z33000000000000001000056637800000,O,17,52,0,10,1,,,,0,,99991231
20,Z33000000000000001000056637900000,O,17,52,0,10,1,,,,0,,99991231
20,Z33000000000000001000056638000000,O,17,52,0,10,1,,,,0,,99991231
20,Z33000000000000001000056638100000,O,17,52,0,10,1,,,,0,,99991231
20,Z33000000000000001000056638200000,O,17,52,0,10,1,,,,0,,99991231
20,Z33000000000000001000056638300000,O,17,52,0,10,1,,,,0,,99991231
20,Z33000000000000001000056638400000,O,17,52,0,10,1,,,,0,,99991231
20,Z33000000000000001000056638500000,O,17,52,0,10,1,,,,0,,99991231
20,Z33000000000000001000056638600000,O,17,52,0,10,1,,,,0,,99991231
20,Z33000000000000001000056638700000,O,17,52,0,10,1,,,,0,,99991231
20,Z33000000000000001000056638800000,O,17,52,0,10,1,,,,0,,99991231
20,Z33000000000000001000056638900000,O,17,52,0,10,1,,,,0,,99991231
20,Z29000000000000001000011495702000,O,17,52,0,10,1,,,,0,,99991231
20,Z29000000000000001000011496001000,O,17,52,0,10,1,,,,0,,99991231
20,Z29000000000000001000011496101000,O,17,52,0,10,1,,,,0,,99991231
20,Z33000000000000001000056639800000,O,17,52,0,10,1,,,,0,,99991231
20,Z33000000000000001000056639900000,O,17,52,0,10,1,,,,0,,99991231
20,Z33000000000000001000056640600000,O,17,52,0,10,1,,,,0,,99991231
20,Z33000000000000001000056640700000,O,17,52,0,10,1,,,,0,,99991231
20,Z29000000000000001000011496301000,O,17,52,0,10,1,,,,0,,99991231
20,Z33000000000000001000056641000000,O,17,52,0,10,1,,,,0,,99991231
20,Z33000000000000001000056641100000,O,17,52,0,10,1,,,,0,,99991231
20,Z33000000000000001000056641400000,O,17,52,0,10,1,,,,0,,99991231
20,Z33000000000000001000056641500000,O,17,52,0,10,1,,,,0,,99991231
20,Z29000000000000001000011500501000,O,17,52,0,10,1,,,,0,,99991231
20,Z29000000000000001000011500601000,O,17,52,0,10,1,,,,0,,99991231
20,Z29000000000000001000011501002000,O,17,52,0,10,1,,,,0,,99991231
20,Z29000000000000001000011501201000,O,17,52,0,10,1,,,,0,,99991231
20,Z29000000000000001000030601401000,O,17,52,0,10,1,,,,0,,99991231
20,Z33000000000000001000056644200000,O,17,52,0,10,1,,,,0,,99991231
20,Z33000000000000001000056644300000,O,17,52,0,10,1,,,,0,,99991231
20,Z29000000000000001000049028001000,O,17,52,0,10,1,,,,0,,99991231
20,Z33000000000000001000056644700000,O,17,52,0,10,1,,,,0,,99991231
20,Z33000000000000001000056644800000,O,17,52,0,10,1,,,,0,,99991231
20,Z33000000000000001000056644900000,O,17,52,0,10,1,,,,0,,99991231
20,Z33000000000000001000056645500000,O,17,52,0,10,1,,,,0,,99991231
20,Z33000000000000001000056645600000,O,17,52,0,10,1,,,,0,,99991231
20,Z33000000000000001000056646800000,O,17,52,0,10,1,,,,0,,99991231
20,Z33000000000000001000056646900000,O,17,52,0,10,1,,,,0,,99991231
20,Z33000000000000001000056647600000,O,17,52,0,10,1,,,,0,,99991231
20,Z33000000000000001000056647700000,O,17,52,0,10,1,,,,0,,99991231
20,Z33000000000000001000056647800000,O,17,52,0,10,1,,,,0,,99991231
20,Z33000000000000001000056648600000,O,17,52,0,10,1,,,,0,,99991231
20,Z33000000000000001000056648700000,O,17,52,0,10,1,,,,0,,99991231
20,Z33000000000000001000056648800000,O,17,52,0,10,1,,,,0,,99991231
20,Z33000000000000001000056649300000,O,17,52,0,10,1,,,,0,,99991231
20,Z33000000000000001000056649400000,O,17,52,0,10,1,,,,0,,99991231
20,Z33000000000000001000056649500000,O,17,52,0,10,1,,,,0,,99991231
20,Z33000000000000001000056649600000,O,17,52,0,10,1,,,,0,,99991231
20,Z33000000000000001000056649900000,O,17,52,0,10,1,,,,0,,99991231
20,Z33000000000000001000056650000000,O,17,52,0,10,1,,,,0,,99991231
20,Z33000000000000001000056650100000,O,17,52,0,10,1,,,,0,,99991231
20,Z33000000000000001000056650400000,O,17,52,0,10,1,,,,0,,99991231
20,Z33000000000000001000056650500000,O,17,52,0,10,1,,,,0,,99991231
20,Z33000000000000001000056650600000,O,17,52,0,10,1,,,,0,,99991231
20,Z33000000000000001000056651000000,O,17,52,0,10,1,,,,0,,99991231
20,Z33000000000000001000056651100000,O,17,52,0,10,1,,,,0,,99991231
20,Z33000000000000001000056652000000,O,17,52,0,10,1,,,,0,,99991231
20,Z33000000000000001000056652100000,O,17,52,0,10,1,,,,0,,99991231
20,Z29000000000000001000025432002000,O,17,52,0,10,1,,,,0,,99991231
20,Z40000000000000001000056663900000,O,17,52,0,10,1,,,,0,,99991231
20,Z40000000000000001000056664000000,O,17,52,0,10,1,,,,0,,99991231
20,Z40000000000000001000056664100000,O,17,52,0,10,1,,,,0,,99991231
20,Z40000000000000001000056664200000,O,17,52,0,10,1,,,,0,,99991231
20,Z40000000000000001000056664300000,O,17,52,0,10,1,,,,0,,99991231
20,Z40000000000000001000056664400000,O,17,52,0,10,1,,,,0,,99991231
20,Z40000000000000001000056664500000,O,17,52,0,10,1,,,,0,,99991231
20,Z33000000000000001000056666100000,O,17,52,0,10,1,,,,0,,99991231
20,Z33000000000000001000056666200000,O,17,52,0,10,1,,,,0,,99991231
20,Z33000000000000001000056666300000,O,17,52,0,10,1,,,,0,,99991231
20,Z40000000000000001000056666500000,O,17,52,0,10,1,,,,0,,99991231
20,Z40000000000000001000056666600000,O,17,52,0,10,1,,,,0,,99991231
20,Z40000000000000001000056666700000,O,17,52,0,10,1,,,,0,,99991231
20,Z40000000000000001000056666800000,O,17,52,0,10,1,,,,0,,99991231
20,Z40000000000000001000056666900000,O,17,52,0,10,1,,,,0,,99991231
20,Z40000000000000001000056667000000,O,17,52,0,10,1,,,,0,,99991231
20,Z40000000000000001000056667100000,O,17,52,0,10,1,,,,0,,99991231
20,Z40000000000000001000056667200000,O,17,52,0,10,1,,,,0,,99991231
20,Z40000000000000001000056667300000,O,17,52,0,10,1,,,,0,,99991231
20,Z40000000000000001000056667400000,O,17,52,0,10,1,,,,0,,99991231
20,Z33000000000000001000056668200000,O,17,52,0,10,1,,,,0,,99991231
20,Z33000000000000001000056668300000,O,17,52,0,10,1,,,,0,,99991231
20,Z33000000000000001000056668400000,O,17,52,0,10,1,,,,0,,99991231
20,Z40000000000000001000056669200000,O,17,52,0,10,1,,,,0,,99991231
20,Z40000000000000001000056669300000,O,17,52,0,10,1,,,,0,,99991231
20,Z40000000000000001000056669400000,O,17,52,0,10,1,,,,0,,99991231
20,Z40000000000000001000056669500000,O,17,52,0,10,1,,,,0,,99991231
20,Z40000000000000001000056669600000,O,17,52,0,10,1,,,,0,,99991231
20,Z40000000000000001000056669700000,O,17,52,0,10,1,,,,0,,99991231
20,Z33000000000000001000056670500000,O,17,52,0,10,1,,,,0,,99991231
20,Z33000000000000001000056670600000,O,17,52,0,10,1,,,,0,,99991231
20,Z33000000000000001000056670700000,O,17,52,0,10,1,,,,0,,99991231
20,Z33000000000000001000056671000000,O,17,52,0,10,1,,,,0,,99991231
20,Z33000000000000001000056671100000,O,17,52,0,10,1,,,,0,,99991231
20,Z33000000000000001000056671200000,O,17,52,0,10,1,,,,0,,99991231
20,Z33000000000000001000056672200000,O,17,52,0,10,1,,,,0,,99991231
20,Z33000000000000001000056672300000,O,17,52,0,10,1,,,,0,,99991231
20,Z33000000000000001000056672400000,O,17,52,0,10,1,,,,0,,99991231
20,Z33000000000000001000056672500000,O,17,52,0,10,1,,,,0,,99991231
20,Z33000000000000001000056672600000,O,17,52,0,10,1,,,,0,,99991231
20,Z33000000000000001000056710300000,O,17,52,0,10,1,,,,0,,99991231
20,Z33000000000000001000056710400000,O,17,52,0,10,1,,,,0,,99991231
20,Z33000000000000001000056710500000,O,17,52,0,10,1,,,,0,,99991231
20,Z33000000000000001000056710600000,O,17,52,0,10,1,,,,0,,99991231
20,Z33000000000000001000056710700000,O,17,52,0,10,1,,,,0,,99991231
20,Z33000000000000001000056710800000,O,17,52,0,10,1,,,,0,,99991231
20,Z33000000000000001000056710900000,O,17,52,0,10,1,,,,0,,99991231
20,Z33000000000000001000056711000000,O,17,52,0,10,1,,,,0,,99991231
20,Z33000000000000001000056711100000,O,17,52,0,10,1,,,,0,,99991231
20,Z33000000000000001000056711200000,O,17,52,0,10,1,,,,0,,99991231
20,Z33000000000000001000056711300000,O,17,52,0,10,1,,,,0,,99991231
20,Z33000000000000001000056711400000,O,17,52,0,10,1,,,,0,,99991231
20,Z33000000000000001000056711500000,O,17,52,0,10,1,,,,0,,99991231
20,Z29000000000000001000018297609000,O,17,52,0,10,1,,,,0,,99991231
20,Z40000000000000001000056714700000,O,17,52,0,10,1,,,,0,,99991231
20,Z40000000000000001000056714800000,O,17,52,0,10,1,,,,0,,99991231
20,Z40000000000000001000056714900000,O,17,52,0,10,1,,,,0,,99991231
20,Z40000000000000001000056715000000,O,17,52,0,10,1,,,,0,,99991231
20,Z40000000000000001000056715100000,O,17,52,0,10,1,,,,0,,99991231
20,Z40000000000000001000056715200000,O,17,52,0,10,1,,,,0,,99991231
20,Z40000000000000001000056715300000,O,17,52,0,10,1,,,,0,,99991231
20,Z40000000000000001000056725100000,O,17,52,0,10,1,,,,0,,99991231
20,Z40000000000000001000056725200000,O,17,52,0,10,1,,,,0,,99991231
20,Z40000000000000001000056725300000,O,17,52,0,10,1,,,,0,,99991231
20,Z40000000000000001000056725400000,O,17,52,0,10,1,,,,0,,99991231
20,Z40000000000000001000056725500000,O,17,52,0,10,1,,,,0,,99991231
20,Z40000000000000001000056725600000,O,17,52,0,10,1,,,,0,,99991231
20,Z40000000000000001000056725700000,O,17,52,0,10,1,,,,0,,99991231
20,Z40000000000000001000056725800000,O,17,52,0,10,1,,,,0,,99991231
20,Z40000000000000001000056725900000,O,17,52,0,10,1,,,,0,,99991231
20,Z40000000000000001000056731400000,O,17,52,0,10,1,,,,0,,99991231
20,Z40000000000000001000056731500000,O,17,52,0,10,1,,,,0,,99991231
20,Z40000000000000001000056731600000,O,17,52,0,10,1,,,,0,,99991231
20,Z40000000000000001000056731700000,O,17,52,0,10,1,,,,0,,99991231
20,Z40000000000000001000056731800000,O,17,52,0,10,1,,,,0,,99991231
20,Z40000000000000001000056731900000,O,17,52,0,10,1,,,,0,,99991231
20,Z40000000000000001000056732000000,O,17,52,0,10,1,,,,0,,99991231
20,Z33000000000000001000056732600000,O,17,52,0,10,1,,,,0,,99991231
20,Z33000000000000001000056732700000,O,17,52,0,10,1,,,,0,,99991231
20,Z33000000000000001000056732800000,O,17,52,0,10,1,,,,0,,99991231
20,Z33000000000000001000056732900000,O,17,52,0,10,1,,,,0,,99991231
20,Z33000000000000001000056733000000,O,17,52,0,10,1,,,,0,,99991231
20,Z33000000000000001000056733100000,O,17,52,0,10,1,,,,0,,99991231
20,Z33000000000000001000056733200000,O,17,52,0,10,1,,,,0,,99991231
20,Z33000000000000001000056733400000,O,17,52,0,10,1,,,,0,,99991231
20,Z33000000000000001000056733500000,O,17,52,0,10,1,,,,0,,99991231
20,Z40000000000000001000056733600000,O,17,52,0,10,1,,,,0,,99991231
20,Z40000000000000001000056733700000,O,17,52,0,10,1,,,,0,,99991231
20,Z40000000000000001000056733800000,O,17,52,0,10,1,,,,0,,99991231
20,Z40000000000000001000056733900000,O,17,52,0,10,1,,,,0,,99991231
20,Z40000000000000001000056734000000,O,17,52,0,10,1,,,,0,,99991231
20,Z40000000000000001000056734100000,O,17,52,0,10,1,,,,0,,99991231
20,Z40000000000000001000056734200000,O,17,52,0,10,1,,,,0,,99991231
20,Z40000000000000001000056734300000,O,17,52,0,10,1,,,,0,,99991231
20,Z40000000000000001000056734400000,O,17,52,0,10,1,,,,0,,99991231
20,Z33000000000000001000056734600000,O,17,52,0,10,1,,,,0,,99991231
20,Z33000000000000001000056734700000,O,17,52,0,10,1,,,,0,,99991231
20,Z33000000000000001000056735000000,O,17,52,0,10,1,,,,0,,99991231
20,Z33000000000000001000056735100000,O,17,52,0,10,1,,,,0,,99991231
20,Z33000000000000001000056735600000,O,17,52,0,10,1,,,,0,,99991231
20,Z33000000000000001000056735700000,O,17,52,0,10,1,,,,0,,99991231
20,Z33000000000000001000056736800000,O,17,52,0,10,1,,,,0,,99991231
20,Z33000000000000001000056736900000,O,17,52,0,10,1,,,,0,,99991231
20,Z33000000000000001000056738300000,O,17,52,0,10,1,,,,0,,99991231
20,Z33000000000000001000056738400000,O,17,52,0,10,1,,,,0,,99991231
20,Z33000000000000001000056738800000,O,17,52,0,10,1,,,,0,,99991231
20,Z33000000000000001000056738900000,O,17,52,0,10,1,,,,0,,99991231
20,Z33000000000000001000056739200000,O,17,52,0,10,1,,,,0,,99991231
20,Z33000000000000001000056739300000,O,17,52,0,10,1,,,,0,,99991231
20,Z33000000000000001000056740000000,O,17,52,0,10,1,,,,0,,99991231
20,Z33000000000000001000056740100000,O,17,52,0,10,1,,,,0,,99991231
20,Z33000000000000001000056740500000,O,17,52,0,10,1,,,,0,,99991231
20,Z33000000000000001000056740600000,O,17,52,0,10,1,,,,0,,99991231
20,Z33000000000000001000056740800000,O,17,52,0,10,1,,,,0,,99991231
20,Z33000000000000001000056740900000,O,17,52,0,10,1,,,,0,,99991231
20,Z33000000000000001000056741300000,O,17,52,0,10,1,,,,0,,99991231
20,Z33000000000000001000056741400000,O,17,52,0,10,1,,,,0,,99991231
20,Z33000000000000001000056741600000,O,17,52,0,10,1,,,,0,,99991231
20,Z33000000000000001000056741700000,O,17,52,0,10,1,,,,0,,99991231
20,Z33000000000000001000056741800000,O,17,52,0,10,1,,,,0,,99991231
20,Z33000000000000001000056742000000,O,17,52,0,10,1,,,,0,,99991231
20,Z33000000000000001000056742100000,O,17,52,0,10,1,,,,0,,99991231
20,Z33000000000000001000056742200000,O,17,52,0,10,1,,,,0,,99991231
20,Z33000000000000001000056742300000,O,17,52,0,10,1,,,,0,,99991231
20,Z33000000000000001000056742400000,O,17,52,0,10,1,,,,0,,99991231
20,Z33000000000000001000056742700000,O,17,52,0,10,1,,,,0,,99991231
20,Z33000000000000001000056742800000,O,17,52,0,10,1,,,,0,,99991231
20,Z33000000000000001000056744000000,O,17,52,0,10,1,,,,0,,99991231
20,Z33000000000000001000056744100000,O,17,52,0,10,1,,,,0,,99991231
20,Z40000000000000001000056744600000,O,17,52,0,10,1,,,,0,,99991231
20,Z40000000000000001000056744700000,O,17,52,0,10,1,,,,0,,99991231
20,Z40000000000000001000056744800000,O,17,52,0,10,1,,,,0,,99991231
20,Z40000000000000001000056744900000,O,17,52,0,10,1,,,,0,,99991231
20,Z40000000000000001000056745000000,O,17,52,0,10,1,,,,0,,99991231
20,Z40000000000000001000056745100000,O,17,52,0,10,1,,,,0,,99991231
20,Z40000000000000001000056745200000,O,17,52,0,10,1,,,,0,,99991231
20,Z40000000000000001000056745300000,O,17,52,0,10,1,,,,0,,99991231
20,Z33000000000000001000056746200000,O,17,52,0,10,1,,,,0,,99991231
20,Z33000000000000001000056746300000,O,17,52,0,10,1,,,,0,,99991231
20,Z33000000000000001000056750100000,O,17,52,0,10,1,,,,0,,99991231
20,Z33000000000000001000056750200000,O,17,52,0,10,1,,,,0,,99991231
20,Z33000000000000001000056751900000,O,17,52,0,10,1,,,,0,,99991231
20,Z33000000000000001000056752000000,O,17,52,0,10,1,,,,0,,99991231
20,Z33000000000000001000056755000000,O,17,52,0,10,1,,,,0,,99991231
20,Z33000000000000001000056755100000,O,17,52,0,10,1,,,,0,,99991231
20,Z33000000000000001000056755200000,O,17,52,0,10,1,,,,0,,99991231
20,Z33000000000000001000056756700000,O,17,52,0,10,1,,,,0,,99991231
20,Z33000000000000001000056756800000,O,17,52,0,10,1,,,,0,,99991231
20,Z33000000000000001000056756900000,O,17,52,0,10,1,,,,0,,99991231
20,Z33000000000000001000056757000000,O,17,52,0,10,1,,,,0,,99991231
20,Z33000000000000001000056757100000,O,17,52,0,10,1,,,,0,,99991231
20,Z33000000000000001000056757200000,O,17,52,0,10,1,,,,0,,99991231
20,Z33000000000000001000056757300000,O,17,52,0,10,1,,,,0,,99991231
20,Z33000000000000001000056757400000,O,17,52,0,10,1,,,,0,,99991231
20,Z33000000000000001000056757500000,O,17,52,0,10,1,,,,0,,99991231
20,Z33000000000000001000056757600000,O,17,52,0,10,1,,,,0,,99991231
20,Z33000000000000001000056757700000,O,17,52,0,10,1,,,,0,,99991231
20,Z33000000000000001000056757800000,O,17,52,0,10,1,,,,0,,99991231
20,Z33000000000000001000056760700000,O,17,52,0,10,1,,,,0,,99991231
20,Z33000000000000001000056760800000,O,17,52,0,10,1,,,,0,,99991231
20,Z33000000000000001000056760900000,O,17,52,0,10,1,,,,0,,99991231
20,Z33000000000000001000056761300000,O,17,52,0,10,1,,,,0,,99991231
20,Z33000000000000001000056761400000,O,17,52,0,10,1,,,,0,,99991231
20,Z33000000000000001000056762000000,O,17,52,0,10,1,,,,0,,99991231
20,Z33000000000000001000056762100000,O,17,52,0,10,1,,,,0,,99991231
20,Z33000000000000001000056762200000,O,17,52,0,10,1,,,,0,,99991231
20,Z33000000000000001000056762300000,O,17,52,0,10,1,,,,0,,99991231
20,Z33000000000000001000056762500000,O,17,52,0,10,1,,,,0,,99991231
20,Z33000000000000001000056762600000,O,17,52,0,10,1,,,,0,,99991231
20,Z33000000000000001000056762900000,O,17,52,0,10,1,,,,0,,99991231
20,Z33000000000000001000056763000000,O,17,52,0,10,1,,,,0,,99991231
20,Z33000000000000001000056763200000,O,17,52,0,10,1,,,,0,,99991231
20,Z33000000000000001000056820400000,O,17,52,0,10,1,,,,0,,99991231
20,Z33000000000000001000056820500000,O,17,52,0,10,1,,,,0,,99991231
20,Z33000000000000001000056820600000,O,17,52,0,10,1,,,,0,,99991231
20,Z33000000000000001000056820700000,O,17,52,0,10,1,,,,0,,99991231
20,Z33000000000000001000056820800000,O,17,52,0,10,1,,,,0,,99991231
20,Z33000000000000001000056820900000,O,17,52,0,10,1,,,,0,,99991231
20,Z33000000000000001000056821000000,O,17,52,0,10,1,,,,0,,99991231
20,Z33000000000000001000056821100000,O,17,52,0,10,1,,,,0,,99991231
20,Z33000000000000001000056821200000,O,17,52,0,10,1,,,,0,,99991231
20,Z33000000000000001000056821300000,O,17,52,0,10,1,,,,0,,99991231
20,Z33000000000000001000056821400000,O,17,52,0,10,1,,,,0,,99991231
20,Z33000000000000001000056821500000,O,17,52,0,10,1,,,,0,,99991231
20,Z33000000000000001000056821600000,O,17,52,0,10,1,,,,0,,99991231
20,Z33000000000000001000056821700000,O,17,52,0,10,1,,,,0,,99991231
20,Z33000000000000001000056821800000,O,17,52,0,10,1,,,,0,,99991231
20,Z33000000000000001000056821900000,O,17,52,0,10,1,,,,0,,99991231
20,Z33000000000000001000056822000000,O,17,52,0,10,1,,,,0,,99991231
20,Z33000000000000001000056822100000,O,17,52,0,10,1,,,,0,,99991231
20,Z33000000000000001000056822200000,O,17,52,0,10,1,,,,0,,99991231
20,Z33000000000000001000056822300000,O,17,52,0,10,1,,,,0,,99991231
20,Z33000000000000001000056822400000,O,17,52,0,10,1,,,,0,,99991231
20,Z33000000000000001000056822500000,O,17,52,0,10,1,,,,0,,99991231
20,Z33000000000000001000056827600000,O,17,52,0,10,1,,,,0,,99991231
20,Z33000000000000001000056827700000,O,17,52,0,10,1,,,,0,,99991231
20,Z33000000000000001000056827800000,O,17,52,0,10,1,,,,0,,99991231
20,Z33000000000000001000056828300000,O,17,52,0,10,1,,,,0,,99991231
20,Z33000000000000001000056828400000,O,17,52,0,10,1,,,,0,,99991231
20,Z33000000000000001000056828500000,O,17,52,0,10,1,,,,0,,99991231
20,Z33000000000000001000056828600000,O,17,52,0,10,1,,,,0,,99991231
20,Z33000000000000001000056828700000,O,17,52,0,10,1,,,,0,,99991231
20,Z33000000000000001000056828800000,O,17,52,0,10,1,,,,0,,99991231
20,Z33000000000000001000056828900000,O,17,52,0,10,1,,,,0,,99991231
20,Z33000000000000001000056829000000,O,17,52,0,10,1,,,,0,,99991231
20,Z33000000000000001000056829100000,O,17,52,0,10,1,,,,0,,99991231
20,Z33000000000000001000056829200000,O,17,52,0,10,1,,,,0,,99991231
20,Z29000000000000001000056768701000,O,17,52,0,10,1,,,,0,,99991231
20,Z33000000000000001000056830000000,O,17,52,0,10,1,,,,0,,99991231
20,Z33000000000000001000056830100000,O,17,52,0,10,1,,,,0,,99991231
20,Z33000000000000001000056830200000,O,17,52,0,10,1,,,,0,,99991231
20,Z33000000000000001000056830300000,O,17,52,0,10,1,,,,0,,99991231
20,Z33000000000000001000056830400000,O,17,52,0,10,1,,,,0,,99991231
20,Z33000000000000001000056830500000,O,17,52,0,10,1,,,,0,,99991231
20,Z33000000000000001000056830600000,O,17,52,0,10,1,,,,0,,99991231
20,Z33000000000000001000056830700000,O,17,52,0,10,1,,,,0,,99991231
20,Z33000000000000001000056830800000,O,17,52,0,10,1,,,,0,,99991231
20,Z33000000000000001000056830900000,O,17,52,0,10,1,,,,0,,99991231
20,Z33000000000000001000056831000000,O,17,52,0,10,1,,,,0,,99991231
20,Z33000000000000001000056831100000,O,17,52,0,10,1,,,,0,,99991231
20,Z33000000000000001000056831200000,O,17,52,0,10,1,,,,0,,99991231
20,Z33000000000000001000056831300000,O,17,52,0,10,1,,,,0,,99991231
20,Z33000000000000001000056832000000,O,17,52,0,10,1,,,,0,,99991231
20,Z33000000000000001000056832100000,O,17,52,0,10,1,,,,0,,99991231
20,Z33000000000000001000056832200000,O,17,52,0,10,1,,,,0,,99991231
20,Z33000000000000001000056832300000,O,17,52,0,10,1,,,,0,,99991231
20,Z33000000000000001000056832400000,O,17,52,0,10,1,,,,0,,99991231
20,Z33000000000000001000056832500000,O,17,52,0,10,1,,,,0,,99991231
20,Z33000000000000001000056832600000,O,17,52,0,10,1,,,,0,,99991231
20,Z33000000000000001000056832700000,O,17,52,0,10,1,,,,0,,99991231
20,Z33000000000000001000056832800000,O,17,52,0,10,1,,,,0,,99991231
20,Z33000000000000001000056832900000,O,17,52,0,10,1,,,,0,,99991231
20,Z33000000000000001000056833000000,O,17,52,0,10,1,,,,0,,99991231
20,Z33000000000000001000056833100000,O,17,52,0,10,1,,,,0,,99991231
20,Z33000000000000001000056833200000,O,17,52,0,10,1,,,,0,,99991231
20,Z33000000000000001000056833300000,O,17,52,0,10,1,,,,0,,99991231
20,Z33000000000000001000056833400000,O,17,52,0,10,1,,,,0,,99991231
20,Z33000000000000001000056833500000,O,17,52,0,10,1,,,,0,,99991231
20,Z33000000000000001000056833600000,O,17,52,0,10,1,,,,0,,99991231
20,Z33000000000000001000056833700000,O,17,52,0,10,1,,,,0,,99991231
20,Z33000000000000001000056833800000,O,17,52,0,10,1,,,,0,,99991231
20,Z33000000000000001000056833900000,O,17,52,0,10,1,,,,0,,99991231
20,Z33000000000000001000056834000000,O,17,52,0,10,1,,,,0,,99991231
20,Z33000000000000001000056834100000,O,17,52,0,10,1,,,,0,,99991231
20,Z33000000000000001000056834200000,O,17,52,0,10,1,,,,0,,99991231
20,Z33000000000000001000056834300000,O,17,52,0,10,1,,,,0,,99991231
20,Z33000000000000001000056834400000,O,17,52,0,10,1,,,,0,,99991231
20,Z33000000000000001000056834500000,O,17,52,0,10,1,,,,0,,99991231
20,Z33000000000000001000056834600000,O,17,52,0,10,1,,,,0,,99991231
20,Z33000000000000001000056834700000,O,17,52,0,10,1,,,,0,,99991231
20,Z33000000000000001000056834800000,O,17,52,0,10,1,,,,0,,99991231
20,Z33000000000000001000056834900000,O,17,52,0,10,1,,,,0,,99991231
20,Z33000000000000001000056835000000,O,17,52,0,10,1,,,,0,,99991231
20,Z33000000000000001000056835100000,O,17,52,0,10,1,,,,0,,99991231
20,Z33000000000000001000056835200000,O,17,52,0,10,1,,,,0,,99991231
20,Z33000000000000001000056835300000,O,17,52,0,10,1,,,,0,,99991231
20,Z33000000000000001000056835400000,O,17,52,0,10,1,,,,0,,99991231
20,Z33000000000000001000056835500000,O,17,52,0,10,1,,,,0,,99991231
20,Z33000000000000001000056835600000,O,17,52,0,10,1,,,,0,,99991231
20,Z33000000000000001000056835700000,O,17,52,0,10,1,,,,0,,99991231
20,Z33000000000000001000056835800000,O,17,52,0,10,1,,,,0,,99991231
20,Z33000000000000001000056835900000,O,17,52,0,10,1,,,,0,,99991231
20,Z33000000000000001000056836000000,O,17,52,0,10,1,,,,0,,99991231
20,Z33000000000000001000056836100000,O,17,52,0,10,1,,,,0,,99991231
20,Z33000000000000001000056836200000,O,17,52,0,10,1,,,,0,,99991231
20,Z33000000000000001000056836300000,O,17,52,0,10,1,,,,0,,99991231
20,Z33000000000000001000056836400000,O,17,52,0,10,1,,,,0,,99991231
20,Z33000000000000001000056836500000,O,17,52,0,10,1,,,,0,,99991231
20,Z33000000000000001000056836600000,O,17,52,0,10,1,,,,0,,99991231
20,Z33000000000000001000056836700000,O,17,52,0,10,1,,,,0,,99991231
20,Z33000000000000001000056836800000,O,17,52,0,10,1,,,,0,,99991231
20,Z33000000000000001000056836900000,O,17,52,0,10,1,,,,0,,99991231
20,Z33000000000000001000056837000000,O,17,52,0,10,1,,,,0,,99991231
20,Z33000000000000001000056837100000,O,17,52,0,10,1,,,,0,,99991231
20,Z33000000000000001000056837200000,O,17,52,0,10,1,,,,0,,99991231
20,Z33000000000000001000056837300000,O,17,52,0,10,1,,,,0,,99991231
20,Z33000000000000001000056837400000,O,17,52,0,10,1,,,,0,,99991231
20,Z33000000000000001000056837500000,O,17,52,0,10,1,,,,0,,99991231
20,Z33000000000000001000056837600000,O,17,52,0,10,1,,,,0,,99991231
20,Z33000000000000001000056837700000,O,17,52,0,10,1,,,,0,,99991231
20,Z33000000000000001000056838000000,O,17,52,0,10,1,,,,0,,99991231
20,Z33000000000000001000056838100000,O,17,52,0,10,1,,,,0,,99991231
20,Z33000000000000001000056838200000,O,17,52,0,10,1,,,,0,,99991231
20,Z33000000000000001000056838300000,O,17,52,0,10,1,,,,0,,99991231
20,Z33000000000000001000056838400000,O,17,52,0,10,1,,,,0,,99991231
20,Z33000000000000001000056838500000,O,17,52,0,10,1,,,,0,,99991231
20,Z33000000000000001000056838600000,O,17,52,0,10,1,,,,0,,99991231
20,Z33000000000000001000056838700000,O,17,52,0,10,1,,,,0,,99991231
20,Z33000000000000001000056838800000,O,17,52,0,10,1,,,,0,,99991231
20,Z33000000000000001000056838900000,O,17,52,0,10,1,,,,0,,99991231
20,Z33000000000000001000056839000000,O,17,52,0,10,1,,,,0,,99991231
20,Z33000000000000001000056839100000,O,17,52,0,10,1,,,,0,,99991231
20,Z33000000000000001000056839200000,O,17,52,0,10,1,,,,0,,99991231
20,Z33000000000000001000056839300000,O,17,52,0,10,1,,,,0,,99991231
20,Z33000000000000001000056839400000,O,17,52,0,10,1,,,,0,,99991231
20,Z33000000000000001000056839500000,O,17,52,0,10,1,,,,0,,99991231
20,Z33000000000000001000056839600000,O,17,52,0,10,1,,,,0,,99991231
20,Z33000000000000001000056839700000,O,17,52,0,10,1,,,,0,,99991231
20,Z33000000000000001000056839800000,O,17,52,0,10,1,,,,0,,99991231
20,Z33000000000000001000056839900000,O,17,52,0,10,1,,,,0,,99991231
20,Z33000000000000001000056840000000,O,17,52,0,10,1,,,,0,,99991231
20,Z33000000000000001000056840100000,O,17,52,0,10,1,,,,0,,99991231
20,Z33000000000000001000056840200000,O,17,52,0,10,1,,,,0,,99991231
20,Z33000000000000001000056840300000,O,17,52,0,10,1,,,,0,,99991231
20,Z33000000000000001000056857800000,O,17,52,0,10,1,,,,0,,99991231
20,Z33000000000000001000056857900000,O,17,52,0,10,1,,,,0,,99991231
20,Z33000000000000001000056858000000,O,17,52,0,10,1,,,,0,,99991231
20,Z33000000000000001000056858100000,O,17,52,0,10,1,,,,0,,99991231
20,Z33000000000000001000056858200000,O,17,52,0,10,1,,,,0,,99991231
20,Z33000000000000001000056858300000,O,17,52,0,10,1,,,,0,,99991231
20,Z33000000000000001000056858400000,O,17,52,0,10,1,,,,0,,99991231
20,Z33000000000000001000056858500000,O,17,52,0,10,1,,,,0,,99991231
20,Z33000000000000001000056858600000,O,17,52,0,10,1,,,,0,,99991231
20,Z33000000000000001000056858700000,O,17,52,0,10,1,,,,0,,99991231
20,Z33000000000000001000056858800000,O,17,52,0,10,1,,,,0,,99991231
20,Z33000000000000001000056858900000,O,17,52,0,10,1,,,,0,,99991231
20,Z33000000000000001000056859000000,O,17,52,0,10,1,,,,0,,99991231
20,Z33000000000000001000056859100000,O,17,52,0,10,1,,,,0,,99991231
20,Z33000000000000001000056859200000,O,17,52,0,10,1,,,,0,,99991231
20,Z33000000000000001000056859300000,O,17,52,0,10,1,,,,0,,99991231
20,Z33000000000000001000056859400000,O,17,52,0,10,1,,,,0,,99991231
20,Z33000000000000001000056859800000,O,17,52,0,10,1,,,,0,,99991231
20,Z33000000000000001000056859900000,O,17,52,0,10,1,,,,0,,99991231
20,Z33000000000000001000056860000000,O,17,52,0,10,1,,,,0,,99991231
20,Z33000000000000001000056860100000,O,17,52,0,10,1,,,,0,,99991231
20,Z33000000000000001000056860200000,O,17,52,0,10,1,,,,0,,99991231
20,Z33000000000000001000056860300000,O,17,52,0,10,1,,,,0,,99991231
20,Z33000000000000001000056860400000,O,17,52,0,10,1,,,,0,,99991231
20,Z33000000000000001000056860500000,O,17,52,0,10,1,,,,0,,99991231
20,Z33000000000000001000056860600000,O,17,52,0,10,1,,,,0,,99991231
20,Z33000000000000001000056860700000,O,17,52,0,10,1,,,,0,,99991231
20,Z33000000000000001000056860800000,O,17,52,0,10,1,,,,0,,99991231
20,Z33000000000000001000056861800000,O,17,52,0,10,1,,,,0,,99991231
20,Z33000000000000001000056861900000,O,17,52,0,10,1,,,,0,,99991231
20,Z33000000000000001000056862000000,O,17,52,0,10,1,,,,0,,99991231
20,Z33000000000000001000056862100000,O,17,52,0,10,1,,,,0,,99991231
20,Z33000000000000001000056863100000,O,17,52,0,10,1,,,,0,,99991231
20,Z33000000000000001000056863200000,O,17,52,0,10,1,,,,0,,99991231
20,Z33000000000000001000056863300000,O,17,52,0,10,1,,,,0,,99991231
20,Z33000000000000001000056863400000,O,17,52,0,10,1,,,,0,,99991231
20,Z33000000000000001000056863500000,O,17,52,0,10,1,,,,0,,99991231
20,Z33000000000000001000056864000000,O,17,52,0,10,1,,,,0,,99991231
20,Z33000000000000001000056864100000,O,17,52,0,10,1,,,,0,,99991231
20,Z33000000000000001000056864300000,O,17,52,0,10,1,,,,0,,99991231
20,Z33000000000000001000056864400000,O,17,52,0,10,1,,,,0,,99991231
20,Z33000000000000001000056865600000,O,17,52,0,10,1,,,,0,,99991231
20,Z33000000000000001000056865700000,O,17,52,0,10,1,,,,0,,99991231
20,Z33000000000000001000056865800000,O,17,52,0,10,1,,,,0,,99991231
20,Z33000000000000001000056866200000,O,17,52,0,10,1,,,,0,,99991231
20,Z33000000000000001000056866300000,O,17,52,0,10,1,,,,0,,99991231
20,Z33000000000000001000056867400000,O,17,52,0,10,1,,,,0,,99991231
20,Z33000000000000001000056867500000,O,17,52,0,10,1,,,,0,,99991231
20,Z33000000000000001000056867600000,O,17,52,0,10,1,,,,0,,99991231
20,Z33000000000000001000056867700000,O,17,52,0,10,1,,,,0,,99991231
20,Z33000000000000001000056867800000,O,17,52,0,10,1,,,,0,,99991231
20,Z33000000000000001000056867900000,O,17,52,0,10,1,,,,0,,99991231
20,Z33000000000000001000056868000000,O,17,52,0,10,1,,,,0,,99991231
20,Z33000000000000001000056868100000,O,17,52,0,10,1,,,,0,,99991231
20,Z33000000000000001000056868200000,O,17,52,0,10,1,,,,0,,99991231
20,Z33000000000000001000056868300000,O,17,52,0,10,1,,,,0,,99991231
20,Z33000000000000001000056868400000,O,17,52,0,10,1,,,,0,,99991231
20,Z33000000000000001000056868500000,O,17,52,0,10,1,,,,0,,99991231
20,Z33000000000000001000056868600000,O,17,52,0,10,1,,,,0,,99991231
20,Z33000000000000001000056868700000,O,17,52,0,10,1,,,,0,,99991231
20,Z33000000000000001000056868800000,O,17,52,0,10,1,,,,0,,99991231
20,Z33000000000000001000056868900000,O,17,52,0,10,1,,,,0,,99991231
20,Z33000000000000001000056869000000,O,17,52,0,10,1,,,,0,,99991231
20,Z33000000000000001000056869200000,O,17,52,0,10,1,,,,0,,99991231
20,Z33000000000000001000056869300000,O,17,52,0,10,1,,,,0,,99991231
20,Z33000000000000001000056869400000,O,17,52,0,10,1,,,,0,,99991231
20,Z33000000000000001000056869500000,O,17,52,0,10,1,,,,0,,99991231
20,Z33000000000000001000056869600000,O,17,52,0,10,1,,,,0,,99991231
20,Z33000000000000001000056869700000,O,17,52,0,10,1,,,,0,,99991231
20,Z33000000000000001000056869800000,O,17,52,0,10,1,,,,0,,99991231
20,Z33000000000000001000056869900000,O,17,52,0,10,1,,,,0,,99991231
20,Z33000000000000001000056870000000,O,17,52,0,10,1,,,,0,,99991231
20,Z33000000000000001000056870100000,O,17,52,0,10,1,,,,0,,99991231
20,Z33000000000000001000056870200000,O,17,52,0,10,1,,,,0,,99991231
20,Z33000000000000001000056870300000,O,17,52,0,10,1,,,,0,,99991231
20,Z33000000000000001000056870400000,O,17,52,0,10,1,,,,0,,99991231
20,Z33000000000000001000056870500000,O,17,52,0,10,1,,,,0,,99991231
20,Z33000000000000001000056870600000,O,17,52,0,10,1,,,,0,,99991231
20,Z33000000000000001000056870700000,O,17,52,0,10,1,,,,0,,99991231
20,Z33000000000000001000056870800000,O,17,52,0,10,1,,,,0,,99991231
20,Z33000000000000001000056870900000,O,17,52,0,10,1,,,,0,,99991231
20,Z33000000000000001000056871000000,O,17,52,0,10,1,,,,0,,99991231
20,Z33000000000000001000056871100000,O,17,52,0,10,1,,,,0,,99991231
20,Z33000000000000001000056871200000,O,17,52,0,10,1,,,,0,,99991231
20,Z33000000000000001000056871300000,O,17,52,0,10,1,,,,0,,99991231
20,Z33000000000000001000056871400000,O,17,52,0,10,1,,,,0,,99991231
20,Z33000000000000001000056871500000,O,17,52,0,10,1,,,,0,,99991231
20,Z33000000000000001000056871600000,O,17,52,0,10,1,,,,0,,99991231
20,Z33000000000000001000056871700000,O,17,52,0,10,1,,,,0,,99991231
20,Z33000000000000001000056871800000,O,17,52,0,10,1,,,,0,,99991231
20,Z33000000000000001000056872000000,O,17,52,0,10,1,,,,0,,99991231
20,Z33000000000000001000056872100000,O,17,52,0,10,1,,,,0,,99991231
20,Z33000000000000001000056872200000,O,17,52,0,10,1,,,,0,,99991231
20,Z33000000000000001000056872300000,O,17,52,0,10,1,,,,0,,99991231
20,Z33000000000000001000056872400000,O,17,52,0,10,1,,,,0,,99991231
20,Z33000000000000001000056872500000,O,17,52,0,10,1,,,,0,,99991231
20,Z33000000000000001000056872600000,O,17,52,0,10,1,,,,0,,99991231
20,Z33000000000000001000056872700000,O,17,52,0,10,1,,,,0,,99991231
20,Z33000000000000001000056872800000,O,17,52,0,10,1,,,,0,,99991231
20,Z33000000000000001000056872900000,O,17,52,0,10,1,,,,0,,99991231
20,Z33000000000000001000056873000000,O,17,52,0,10,1,,,,0,,99991231
20,Z33000000000000001000056873200000,O,17,52,0,10,1,,,,0,,99991231
20,Z33000000000000001000056873300000,O,17,52,0,10,1,,,,0,,99991231
20,Z33000000000000001000056873400000,O,17,52,0,10,1,,,,0,,99991231
20,Z33000000000000001000056873500000,O,17,52,0,10,1,,,,0,,99991231
20,Z40000000000000001000056878600000,O,17,52,0,10,1,,,,0,,99991231
20,Z40000000000000001000056878700000,O,17,52,0,10,1,,,,0,,99991231
20,Z40000000000000001000056878800000,O,17,52,0,10,1,,,,0,,99991231
20,Z33000000000000001000056881500000,O,17,52,0,10,1,,,,0,,99991231
20,Z33000000000000001000056881600000,O,17,52,0,10,1,,,,0,,99991231
20,Z33000000000000001000056882400000,O,17,52,0,10,1,,,,0,,99991231
20,Z33000000000000001000056882500000,O,17,52,0,10,1,,,,0,,99991231
20,Z33000000000000001000056882600000,O,17,52,0,10,1,,,,0,,99991231
20,Z33000000000000001000056882700000,O,17,52,0,10,1,,,,0,,99991231
20,Z33000000000000001000056882800000,O,17,52,0,10,1,,,,0,,99991231
20,Z33000000000000001000056882900000,O,17,52,0,10,1,,,,0,,99991231
20,Z33000000000000001000056883000000,O,17,52,0,10,1,,,,0,,99991231
20,Z33000000000000001000056883100000,O,17,52,0,10,1,,,,0,,99991231
20,Z33000000000000001000056883200000,O,17,52,0,10,1,,,,0,,99991231
20,Z33000000000000001000056883400000,O,17,52,0,10,1,,,,0,,99991231
20,Z33000000000000001000056883300000,O,17,52,0,10,1,,,,0,,99991231
20,Z33000000000000001000056883500000,O,17,52,0,10,1,,,,0,,99991231
20,Z33000000000000001000056883600000,O,17,52,0,10,1,,,,0,,99991231
20,Z33000000000000001000056883700000,O,17,52,0,10,1,,,,0,,99991231
20,Z33000000000000001000056883800000,O,17,52,0,10,1,,,,0,,99991231
20,Z33000000000000001000056883900000,O,17,52,0,10,1,,,,0,,99991231
20,Z33000000000000001000056884200000,O,17,52,0,10,1,,,,0,,99991231
20,Z33000000000000001000056884300000,O,17,52,0,10,1,,,,0,,99991231
20,Z33000000000000001000056884600000,O,17,52,0,10,1,,,,0,,99991231
20,Z33000000000000001000056884700000,O,17,52,0,10,1,,,,0,,99991231
20,Z33000000000000001000056884800000,O,17,52,0,10,1,,,,0,,99991231
20,Z33000000000000001000056884900000,O,17,52,0,10,1,,,,0,,99991231
20,Z40000000000000001000056977100000,O,17,52,0,10,1,,,,0,,99991231
20,Z40000000000000001000056977200000,O,17,52,0,10,1,,,,0,,99991231
20,Z40000000000000001000056977300000,O,17,52,0,10,1,,,,0,,99991231
20,Z40000000000000001000056978700000,O,17,52,0,10,1,,,,0,,99991231
20,Z40000000000000001000056978800000,O,17,52,0,10,1,,,,0,,99991231
20,Z40000000000000001000056978900000,O,17,52,0,10,1,,,,0,,99991231
20,Z40000000000000001000056979000000,O,17,52,0,10,1,,,,0,,99991231
20,Z40000000000000001000056979100000,O,17,52,0,10,1,,,,0,,99991231
20,Z40000000000000001000056979200000,O,17,52,0,10,1,,,,0,,99991231
20,Z40000000000000001000056979300000,O,17,52,0,10,1,,,,0,,99991231
20,Z40000000000000001000056979700000,O,17,52,0,10,1,,,,0,,99991231
20,Z40000000000000001000056979800000,O,17,52,0,10,1,,,,0,,99991231
20,Z40000000000000001000056979900000,O,17,52,0,10,1,,,,0,,99991231
20,Z40000000000000001000056980000000,O,17,52,0,10,1,,,,0,,99991231
20,Z40000000000000001000056980100000,O,17,52,0,10,1,,,,0,,99991231
20,Z40000000000000001000056980200000,O,17,52,0,10,1,,,,0,,99991231
20,Z40000000000000001000056980300000,O,17,52,0,10,1,,,,0,,99991231
20,Z40000000000000001000056985000000,O,17,52,0,10,1,,,,0,,99991231
20,Z40000000000000001000056985100000,O,17,52,0,10,1,,,,0,,99991231
20,Z40000000000000001000056985200000,O,17,52,0,10,1,,,,0,,99991231
20,Z40000000000000001000056985300000,O,17,52,0,10,1,,,,0,,99991231
20,Z40000000000000001000056985400000,O,17,52,0,10,1,,,,0,,99991231
20,Z40000000000000001000056985500000,O,17,52,0,10,1,,,,0,,99991231
20,Z40000000000000001000056985600000,O,17,52,0,10,1,,,,0,,99991231
20,Z40000000000000001000056985700000,O,17,52,0,10,1,,,,0,,99991231
20,Z40000000000000001000056985800000,O,17,52,0,10,1,,,,0,,99991231
20,Z40000000000000001000056985900000,O,17,52,0,10,1,,,,0,,99991231
20,Z40000000000000001000056986000000,O,17,52,0,10,1,,,,0,,99991231
20,Z40000000000000001000056986100000,O,17,52,0,10,1,,,,0,,99991231
20,Z40000000000000001000056988400000,O,17,52,0,10,1,,,,0,,99991231
20,Z40000000000000001000056988500000,O,17,52,0,10,1,,,,0,,99991231
20,Z40000000000000001000056988600000,O,17,52,0,10,1,,,,0,,99991231
20,Z40000000000000001000057000900000,O,17,52,0,10,1,,,,0,,99991231
20,Z40000000000000001000057001000000,O,17,52,0,10,1,,,,0,,99991231
20,Z40000000000000001000057001100000,O,17,52,0,10,1,,,,0,,99991231
20,Z40000000000000001000057001200000,O,17,52,0,10,1,,,,0,,99991231
20,Z40000000000000001000057001300000,O,17,52,0,10,1,,,,0,,99991231
20,Z40000000000000001000057001400000,O,17,52,0,10,1,,,,0,,99991231
20,Z40000000000000001000057001500000,O,17,52,0,10,1,,,,0,,99991231
20,Z40000000000000001000057039600000,O,17,52,0,10,1,,,,0,,99991231
20,Z40000000000000001000057039700000,O,17,52,0,10,1,,,,0,,99991231
20,Z40000000000000001000057039800000,O,17,52,0,10,1,,,,0,,99991231
20,Z40000000000000001000057039900000,O,17,52,0,10,1,,,,0,,99991231
20,Z40000000000000001000057040000000,O,17,52,0,10,1,,,,0,,99991231
20,Z40000000000000001000057040100000,O,17,52,0,10,1,,,,0,,99991231
20,Z40000000000000001000057040200000,O,17,52,0,10,1,,,,0,,99991231
20,Z40000000000000001000057040300000,O,17,52,0,10,1,,,,0,,99991231
20,Z40000000000000001000057040400000,O,17,52,0,10,1,,,,0,,99991231
20,Z40000000000000001000057040500000,O,17,52,0,10,1,,,,0,,99991231
20,Z40000000000000001000057040600000,O,17,52,0,10,1,,,,0,,99991231
20,Z40000000000000001000057040700000,O,17,52,0,10,1,,,,0,,99991231
20,Z40000000000000001000057040800000,O,17,52,0,10,1,,,,0,,99991231
20,Z40000000000000001000057040900000,O,17,52,0,10,1,,,,0,,99991231
20,Z40000000000000001000057041000000,O,17,52,0,10,1,,,,0,,99991231
20,Z40000000000000001000057041100000,O,17,52,0,10,1,,,,0,,99991231
20,Z40000000000000001000057042800000,O,17,52,0,10,1,,,,0,,99991231
20,Z40000000000000001000057042900000,O,17,52,0,10,1,,,,0,,99991231
20,Z40000000000000001000057043000000,O,17,52,0,10,1,,,,0,,99991231
20,Z40000000000000001000057043100000,O,17,52,0,10,1,,,,0,,99991231
20,Z40000000000000001000057043200000,O,17,52,0,10,1,,,,0,,99991231
20,Z40000000000000001000057043300000,O,17,52,0,10,1,,,,0,,99991231
20,Z40000000000000001000057043400000,O,17,52,0,10,1,,,,0,,99991231
20,Z40000000000000001000057043500000,O,17,52,0,10,1,,,,0,,99991231
20,Z40000000000000001000057043600000,O,17,52,0,10,1,,,,0,,99991231
20,Z40000000000000001000057043700000,O,17,52,0,10,1,,,,0,,99991231
20,Z40000000000000001000057043800000,O,17,52,0,10,1,,,,0,,99991231
20,Z40000000000000001000057043900000,O,17,52,0,10,1,,,,0,,99991231
20,Z40000000000000001000057044000000,O,17,52,0,10,1,,,,0,,99991231
20,Z40000000000000001000057044100000,O,17,52,0,10,1,,,,0,,99991231
20,Z40000000000000001000057044200000,O,17,52,0,10,1,,,,0,,99991231
20,Z40000000000000001000057044300000,O,17,52,0,10,1,,,,0,,99991231
20,Z40000000000000001000057044400000,O,17,52,0,10,1,,,,0,,99991231
20,Z40000000000000001000057044500000,O,17,52,0,10,1,,,,0,,99991231
20,Z40000000000000001000057044600000,O,17,52,0,10,1,,,,0,,99991231
20,Z40000000000000001000057044700000,O,17,52,0,10,1,,,,0,,99991231
20,Z40000000000000001000057044800000,O,17,52,0,10,1,,,,0,,99991231
20,Z40000000000000001000057044900000,O,17,52,0,10,1,,,,0,,99991231
20,Z40000000000000001000057045000000,O,17,52,0,10,1,,,,0,,99991231
20,Z40000000000000001000057045100000,O,17,52,0,10,1,,,,0,,99991231
20,Z40000000000000001000057045200000,O,17,52,0,10,1,,,,0,,99991231
20,Z40000000000000001000057045300000,O,17,52,0,10,1,,,,0,,99991231
20,Z40000000000000001000057045400000,O,17,52,0,10,1,,,,0,,99991231
20,Z40000000000000001000057045500000,O,17,52,0,10,1,,,,0,,99991231
20,Z40000000000000001000057045600000,O,17,52,0,10,1,,,,0,,99991231
20,Z40000000000000001000057045700000,O,17,52,0,10,1,,,,0,,99991231
20,Z40000000000000001000057045800000,O,17,52,0,10,1,,,,0,,99991231
20,Z40000000000000001000057045900000,O,17,52,0,10,1,,,,0,,99991231
20,Z40000000000000001000057046000000,O,17,52,0,10,1,,,,0,,99991231
20,Z40000000000000001000057046100000,O,17,52,0,10,1,,,,0,,99991231
20,Z40000000000000001000057046200000,O,17,52,0,10,1,,,,0,,99991231
20,Z40000000000000001000057046300000,O,17,52,0,10,1,,,,0,,99991231
20,Z40000000000000001000057046400000,O,17,52,0,10,1,,,,0,,99991231
20,Z40000000000000001000057046500000,O,17,52,0,10,1,,,,0,,99991231
20,Z40000000000000001000057046600000,O,17,52,0,10,1,,,,0,,99991231
20,Z40000000000000001000057046700000,O,17,52,0,10,1,,,,0,,99991231
20,Z40000000000000001000057046800000,O,17,52,0,10,1,,,,0,,99991231
20,Z40000000000000001000057046900000,O,17,52,0,10,1,,,,0,,99991231
20,Z40000000000000001000057047000000,O,17,52,0,10,1,,,,0,,99991231
20,Z40000000000000001000057047100000,O,17,52,0,10,1,,,,0,,99991231
20,Z40000000000000001000057047200000,O,17,52,0,10,1,,,,0,,99991231
20,Z40000000000000001000057047300000,O,17,52,0,10,1,,,,0,,99991231
20,Z40000000000000001000057047400000,O,17,52,0,10,1,,,,0,,99991231
20,Z40000000000000001000057047500000,O,17,52,0,10,1,,,,0,,99991231
20,Z40000000000000001000057047600000,O,17,52,0,10,1,,,,0,,99991231
20,Z40000000000000001000057047700000,O,17,52,0,10,1,,,,0,,99991231
20,Z40000000000000001000057047800000,O,17,52,0,10,1,,,,0,,99991231
20,Z40000000000000001000057047900000,O,17,52,0,10,1,,,,0,,99991231
20,Z40000000000000001000057048000000,O,17,52,0,10,1,,,,0,,99991231
20,Z40000000000000001000057048100000,O,17,52,0,10,1,,,,0,,99991231
20,Z40000000000000001000057048200000,O,17,52,0,10,1,,,,0,,99991231
20,Z40000000000000001000057048300000,O,17,52,0,10,1,,,,0,,99991231
20,Z40000000000000001000057048400000,O,17,52,0,10,1,,,,0,,99991231
20,Z40000000000000001000057048500000,O,17,52,0,10,1,,,,0,,99991231
20,Z40000000000000001000057048600000,O,17,52,0,10,1,,,,0,,99991231
20,Z40000000000000001000057048700000,O,17,52,0,10,1,,,,0,,99991231
20,Z40000000000000001000057048800000,O,17,52,0,10,1,,,,0,,99991231
20,Z40000000000000001000057048900000,O,17,52,0,10,1,,,,0,,99991231
20,Z40000000000000001000057049000000,O,17,52,0,10,1,,,,0,,99991231
20,Z40000000000000001000057049100000,O,17,52,0,10,1,,,,0,,99991231
20,Z40000000000000001000057049200000,O,17,52,0,10,1,,,,0,,99991231
20,Z40000000000000001000057049400000,O,17,52,0,10,1,,,,0,,99991231
20,Z40000000000000001000057049500000,O,17,52,0,10,1,,,,0,,99991231
20,Z40000000000000001000057049600000,O,17,52,0,10,1,,,,0,,99991231
20,Z40000000000000001000057049700000,O,17,52,0,10,1,,,,0,,99991231
20,Z40000000000000001000057049800000,O,17,52,0,10,1,,,,0,,99991231
20,Z40000000000000001000057049900000,O,17,52,0,10,1,,,,0,,99991231
20,Z40000000000000001000057060100000,O,17,52,0,10,1,,,,0,,99991231
20,Z40000000000000001000057060200000,O,17,52,0,10,1,,,,0,,99991231
20,Z40000000000000001000057060300000,O,17,52,0,10,1,,,,0,,99991231
20,Z40000000000000001000057060400000,O,17,52,0,10,1,,,,0,,99991231
20,Z40000000000000001000057060500000,O,17,52,0,10,1,,,,0,,99991231
20,Z40000000000000001000057060600000,O,17,52,0,10,1,,,,0,,99991231
20,Z40000000000000001000057225300000,O,17,52,0,10,1,,,,0,,99991231
20,Z40000000000000001000057225400000,O,17,52,0,10,1,,,,0,,99991231
20,Z40000000000000001000057225500000,O,17,52,0,10,1,,,,0,,99991231
20,Z40000000000000001000057227200000,O,17,52,0,10,1,,,,0,,99991231
20,Z40000000000000001000057227300000,O,17,52,0,10,1,,,,0,,99991231
20,Z40000000000000001000057227400000,O,17,52,0,10,1,,,,0,,99991231
20,Z40000000000000001000057227500000,O,17,52,0,10,1,,,,0,,99991231
20,Z40000000000000001000057227600000,O,17,52,0,10,1,,,,0,,99991231
20,Z40000000000000001000057227700000,O,17,52,0,10,1,,,,0,,99991231
20,Z40000000000000001000057233100000,O,17,52,0,10,1,,,,0,,99991231
20,Z40000000000000001000057233200000,O,17,52,0,10,1,,,,0,,99991231
20,Z40000000000000001000057233300000,O,17,52,0,10,1,,,,0,,99991231
20,Z40000000000000001000057233400000,O,17,52,0,10,1,,,,0,,99991231
20,Z40000000000000001000057233700000,O,17,52,0,10,1,,,,0,,99991231
20,Z40000000000000001000057233800000,O,17,52,0,10,1,,,,0,,99991231
20,Z40000000000000001000057233900000,O,17,52,0,10,1,,,,0,,99991231
20,Z40000000000000001000057234000000,O,17,52,0,10,1,,,,0,,99991231
20,Z40000000000000001000057234200000,O,17,52,0,10,1,,,,0,,99991231
20,Z40000000000000001000057234300000,O,17,52,0,10,1,,,,0,,99991231
20,Z40000000000000001000057234400000,O,17,52,0,10,1,,,,0,,99991231
20,Z40000000000000001000057234500000,O,17,52,0,10,1,,,,0,,99991231
20,Z40000000000000001000057234600000,O,17,52,0,10,1,,,,0,,99991231
20,Z40000000000000001000057234700000,O,17,52,0,10,1,,,,0,,99991231
20,Z40000000000000001000057234800000,O,17,52,0,10,1,,,,0,,99991231
20,Z40000000000000001000057234900000,O,17,52,0,10,1,,,,0,,99991231
20,Z40000000000000001000057235000000,O,17,52,0,10,1,,,,0,,99991231
20,Z40000000000000001000057235100000,O,17,52,0,10,1,,,,0,,99991231
20,Z40000000000000001000057235200000,O,17,52,0,10,1,,,,0,,99991231
20,Z40000000000000001000057235300000,O,17,52,0,10,1,,,,0,,99991231
20,Z29000000000000001000008573403000,O,17,52,0,10,1,,,,0,,99991231
20,Z29000000000000001000008573404000,O,17,52,0,10,1,,,,0,,99991231
20,Z29000000000000001000033510201000,O,17,52,0,10,1,,,,0,,99991231
20,Z29000000000000001000039731902000,O,17,52,0,10,1,,,,0,,99991231
20,Z40000000000000001000057243600000,O,17,52,0,10,1,,,,0,,99991231
20,Z40000000000000001000057243700000,O,17,52,0,10,1,,,,0,,99991231
20,Z40000000000000001000057243800000,O,17,52,0,10,1,,,,0,,99991231
20,Z40000000000000001000057243900000,O,17,52,0,10,1,,,,0,,99991231
20,Z40000000000000001000057244000000,O,17,52,0,10,1,,,,0,,99991231
20,Z40000000000000001000057244100000,O,17,52,0,10,1,,,,0,,99991231
20,Z40000000000000001000057244200000,O,17,52,0,10,1,,,,0,,99991231
20,Z40000000000000001000057245400000,O,17,52,0,10,1,,,,0,,99991231
20,Z40000000000000001000057245500000,O,17,52,0,10,1,,,,0,,99991231
20,Z40000000000000001000057245600000,O,17,52,0,10,1,,,,0,,99991231
20,Z40000000000000001000057245700000,O,17,52,0,10,1,,,,0,,99991231
20,Z40000000000000001000057245800000,O,17,52,0,10,1,,,,0,,99991231
20,Z40000000000000001000057245900000,O,17,52,0,10,1,,,,0,,99991231
20,Z40000000000000001000057246000000,O,17,52,0,10,1,,,,0,,99991231
20,Z40000000000000001000057246100000,O,17,52,0,10,1,,,,0,,99991231
20,Z40000000000000001000057246200000,O,17,52,0,10,1,,,,0,,99991231
20,Z40000000000000001000057260000000,O,17,52,0,10,1,,,,0,,99991231
20,Z40000000000000001000057260100000,O,17,52,0,10,1,,,,0,,99991231
20,Z40000000000000001000057260400000,O,17,52,0,10,1,,,,0,,99991231
20,Z40000000000000001000057260500000,O,17,52,0,10,1,,,,0,,99991231
20,Z40000000000000001000057263100000,O,17,52,0,10,1,,,,0,,99991231
20,Z40000000000000001000057263200000,O,17,52,0,10,1,,,,0,,99991231
20,Z40000000000000001000057263400000,O,17,52,0,10,1,,,,0,,99991231
20,Z40000000000000001000057263500000,O,17,52,0,10,1,,,,0,,99991231
20,Z40000000000000001000057263600000,O,17,52,0,10,1,,,,0,,99991231
20,Z40000000000000001000057263700000,O,17,52,0,10,1,,,,0,,99991231
20,Z40000000000000001000057263800000,O,17,52,0,10,1,,,,0,,99991231
20,Z40000000000000001000057265300000,O,17,52,0,10,1,,,,0,,99991231
20,Z40000000000000001000057265400000,O,17,52,0,10,1,,,,0,,99991231
20,Z40000000000000001000057266200000,O,17,52,0,10,1,,,,0,,99991231
20,Z40000000000000001000057266300000,O,17,52,0,10,1,,,,0,,99991231
20,Z40000000000000001000057266400000,O,17,52,0,10,1,,,,0,,99991231
20,Z40000000000000001000057266500000,O,17,52,0,10,1,,,,0,,99991231
20,Z40000000000000001000057266600000,O,17,52,0,10,1,,,,0,,99991231
20,Z40000000000000001000057266700000,O,17,52,0,10,1,,,,0,,99991231
20,Z40000000000000001000057266800000,O,17,52,0,10,1,,,,0,,99991231
20,Z40000000000000001000057267500000,O,17,52,0,10,1,,,,0,,99991231
20,Z40000000000000001000057267600000,O,17,52,0,10,1,,,,0,,99991231
20,Z40000000000000001000057267700000,O,17,52,0,10,1,,,,0,,99991231
20,Z40000000000000001000057267800000,O,17,52,0,10,1,,,,0,,99991231
20,Z40000000000000001000057267900000,O,17,52,0,10,1,,,,0,,99991231
20,Z40000000000000001000057268000000,O,17,52,0,10,1,,,,0,,99991231
20,Z40000000000000001000057268100000,O,17,52,0,10,1,,,,0,,99991231
20,Z40000000000000001000057268200000,O,17,52,0,10,1,,,,0,,99991231
20,Z40000000000000001000057268300000,O,17,52,0,10,1,,,,0,,99991231
20,Z40000000000000001000057268900000,O,17,52,0,10,1,,,,0,,99991231
20,Z40000000000000001000057269000000,O,17,52,0,10,1,,,,0,,99991231
20,Z40000000000000001000057269100000,O,17,52,0,10,1,,,,0,,99991231
20,Z40000000000000001000057269200000,O,17,52,0,10,1,,,,0,,99991231
20,Z40000000000000001000057269300000,O,17,52,0,10,1,,,,0,,99991231
20,Z40000000000000001000057269400000,O,17,52,0,10,1,,,,0,,99991231
20,Z40000000000000001000057269500000,O,17,52,0,10,1,,,,0,,99991231
20,Z40000000000000001000057269700000,O,17,52,0,10,1,,,,0,,99991231
20,Z40000000000000001000057269800000,O,17,52,0,10,1,,,,0,,99991231
20,Z40000000000000001000057269900000,O,17,52,0,10,1,,,,0,,99991231
20,Z40000000000000001000057270000000,O,17,52,0,10,1,,,,0,,99991231
20,Z40000000000000001000057270100000,O,17,52,0,10,1,,,,0,,99991231
20,Z40000000000000001000057270200000,O,17,52,0,10,1,,,,0,,99991231
20,Z33000000000000001000057274100000,O,17,52,0,10,1,,,,0,,99991231
20,Z33000000000000001000057274200000,O,17,52,0,10,1,,,,0,,99991231
20,Z33000000000000001000057274300000,O,17,52,0,10,1,,,,0,,99991231
20,Z33000000000000001000057274400000,O,17,52,0,10,1,,,,0,,99991231
20,Z33000000000000001000057274500000,O,17,52,0,10,1,,,,0,,99991231
20,Z33000000000000001000057274600000,O,17,52,0,10,1,,,,0,,99991231
20,Z33000000000000001000057274700000,O,17,52,0,10,1,,,,0,,99991231
20,Z33000000000000001000057274800000,O,17,52,0,10,1,,,,0,,99991231
20,Z33000000000000001000057274900000,O,17,52,0,10,1,,,,0,,99991231
20,Z33000000000000001000057275000000,O,17,52,0,10,1,,,,0,,99991231
20,Z33000000000000001000057275100000,O,17,52,0,10,1,,,,0,,99991231
20,Z33000000000000001000057275200000,O,17,52,0,10,1,,,,0,,99991231
20,Z33000000000000001000057275300000,O,17,52,0,10,1,,,,0,,99991231
20,Z33000000000000001000057275400000,O,17,52,0,10,1,,,,0,,99991231
20,Z33000000000000001000057275500000,O,17,52,0,10,1,,,,0,,99991231
20,Z33000000000000001000057275600000,O,17,52,0,10,1,,,,0,,99991231
20,Z33000000000000001000057275700000,O,17,52,0,10,1,,,,0,,99991231
20,Z33000000000000001000057275800000,O,17,52,0,10,1,,,,0,,99991231
20,Z33000000000000001000057275900000,O,17,52,0,10,1,,,,0,,99991231
20,Z33000000000000001000057276000000,O,17,52,0,10,1,,,,0,,99991231
20,Z33000000000000001000057276100000,O,17,52,0,10,1,,,,0,,99991231
20,Z33000000000000001000057276200000,O,17,52,0,10,1,,,,0,,99991231
20,Z33000000000000001000057276300000,O,17,52,0,10,1,,,,0,,99991231
20,Z33000000000000001000057276400000,O,17,52,0,10,1,,,,0,,99991231
20,Z33000000000000001000057276500000,O,17,52,0,10,1,,,,0,,99991231
20,Z33000000000000001000057276600000,O,17,52,0,10,1,,,,0,,99991231
20,Z33000000000000001000057276700000,O,17,52,0,10,1,,,,0,,99991231
20,Z33000000000000001000057276800000,O,17,52,0,10,1,,,,0,,99991231
20,Z33000000000000001000057276900000,O,17,52,0,10,1,,,,0,,99991231
20,Z33000000000000001000057277000000,O,17,52,0,10,1,,,,0,,99991231
20,Z33000000000000001000057277100000,O,17,52,0,10,1,,,,0,,99991231
20,Z33000000000000001000057277200000,O,17,52,0,10,1,,,,0,,99991231
20,Z33000000000000001000057277300000,O,17,52,0,10,1,,,,0,,99991231
20,Z33000000000000001000057277400000,O,17,52,0,10,1,,,,0,,99991231
20,Z33000000000000001000057277500000,O,17,52,0,10,1,,,,0,,99991231
20,Z33000000000000001000057277600000,O,17,52,0,10,1,,,,0,,99991231
20,Z33000000000000001000057277700000,O,17,52,0,10,1,,,,0,,99991231
20,Z33000000000000001000057277800000,O,17,52,0,10,1,,,,0,,99991231
20,Z33000000000000001000057277900000,O,17,52,0,10,1,,,,0,,99991231
20,Z33000000000000001000057278000000,O,17,52,0,10,1,,,,0,,99991231
20,Z40000000000000001000057281400000,O,17,52,0,10,1,,,,0,,99991231
20,Z33000000000000001000057307000000,O,17,52,0,10,1,,,,0,,99991231
20,Z33000000000000001000057307100000,O,17,52,0,10,1,,,,0,,99991231
20,Z33000000000000001000057307200000,O,17,52,0,10,1,,,,0,,99991231
20,Z33000000000000001000057307300000,O,17,52,0,10,1,,,,0,,99991231
20,Z33000000000000001000057307400000,O,17,52,0,10,1,,,,0,,99991231
20,Z33000000000000001000057307500000,O,17,52,0,10,1,,,,0,,99991231
20,Z33000000000000001000057307600000,O,17,52,0,10,1,,,,0,,99991231
20,Z33000000000000001000057307700000,O,17,52,0,10,1,,,,0,,99991231
20,Z33000000000000001000057307800000,O,17,52,0,10,1,,,,0,,99991231
20,Z33000000000000001000057307900000,O,17,52,0,10,1,,,,0,,99991231
20,Z33000000000000001000057308000000,O,17,52,0,10,1,,,,0,,99991231
20,Z33000000000000001000057308100000,O,17,52,0,10,1,,,,0,,99991231
20,Z33000000000000001000057308200000,O,17,52,0,10,1,,,,0,,99991231
20,Z33000000000000001000057308400000,O,17,52,0,10,1,,,,0,,99991231
20,Z33000000000000001000057308500000,O,17,52,0,10,1,,,,0,,99991231
20,Z33000000000000001000057308600000,O,17,52,0,10,1,,,,0,,99991231
20,Z33000000000000001000057308700000,O,17,52,0,10,1,,,,0,,99991231
20,Z33000000000000001000057308800000,O,17,52,0,10,1,,,,0,,99991231
20,Z33000000000000001000057308900000,O,17,52,0,10,1,,,,0,,99991231
20,Z33000000000000001000057309000000,O,17,52,0,10,1,,,,0,,99991231
20,Z33000000000000001000057309100000,O,17,52,0,10,1,,,,0,,99991231
20,Z33000000000000001000057309200000,O,17,52,0,10,1,,,,0,,99991231
20,Z33000000000000001000057309300000,O,17,52,0,10,1,,,,0,,99991231
20,Z33000000000000001000057309400000,O,17,52,0,10,1,,,,0,,99991231
20,Z33000000000000001000057309500000,O,17,52,0,10,1,,,,0,,99991231
20,Z33000000000000001000057309600000,O,17,52,0,10,1,,,,0,,99991231
20,Z33000000000000001000057309700000,O,17,52,0,10,1,,,,0,,99991231
20,Z33000000000000001000057309800000,O,17,52,0,10,1,,,,0,,99991231
20,Z33000000000000001000057309900000,O,17,52,0,10,1,,,,0,,99991231
20,Z33000000000000001000057310000000,O,17,52,0,10,1,,,,0,,99991231
20,Z33000000000000001000057310100000,O,17,52,0,10,1,,,,0,,99991231
20,Z33000000000000001000057310200000,O,17,52,0,10,1,,,,0,,99991231
20,Z33000000000000001000057310300000,O,17,52,0,10,1,,,,0,,99991231
20,Z40000000000000001000057311200000,O,17,52,0,10,1,,,,0,,99991231
20,Z40000000000000001000057311300000,O,17,52,0,10,1,,,,0,,99991231
20,Z40000000000000001000057311400000,O,17,52,0,10,1,,,,0,,99991231
20,Z33000000000000001000057311800000,O,17,52,0,10,1,,,,0,,99991231
20,Z33000000000000001000057311900000,O,17,52,0,10,1,,,,0,,99991231
20,Z33000000000000001000057312000000,O,17,52,0,10,1,,,,0,,99991231
20,Z33000000000000001000057312100000,O,17,52,0,10,1,,,,0,,99991231
20,Z33000000000000001000057312200000,O,17,52,0,10,1,,,,0,,99991231
20,Z33000000000000001000057312300000,O,17,52,0,10,1,,,,0,,99991231
20,Z33000000000000001000057312400000,O,17,52,0,10,1,,,,0,,99991231
20,Z33000000000000001000057312500000,O,17,52,0,10,1,,,,0,,99991231
20,Z33000000000000001000057312600000,O,17,52,0,10,1,,,,0,,99991231
20,Z33000000000000001000057312700000,O,17,52,0,10,1,,,,0,,99991231
20,Z33000000000000001000057312800000,O,17,52,0,10,1,,,,0,,99991231
20,Z33000000000000001000057312900000,O,17,52,0,10,1,,,,0,,99991231
20,Z33000000000000001000057313000000,O,17,52,0,10,1,,,,0,,99991231
20,Z33000000000000001000057313100000,O,17,52,0,10,1,,,,0,,99991231
20,Z33000000000000001000057313200000,O,17,52,0,10,1,,,,0,,99991231
20,Z33000000000000001000057313300000,O,17,52,0,10,1,,,,0,,99991231
20,Z33000000000000001000057313400000,O,17,52,0,10,1,,,,0,,99991231
20,Z33000000000000001000057313500000,O,17,52,0,10,1,,,,0,,99991231
20,Z33000000000000001000057313600000,O,17,52,0,10,1,,,,0,,99991231
20,Z33000000000000001000057313700000,O,17,52,0,10,1,,,,0,,99991231
20,Z33000000000000001000057313800000,O,17,52,0,10,1,,,,0,,99991231
20,Z33000000000000001000057313900000,O,17,52,0,10,1,,,,0,,99991231
20,Z33000000000000001000057314000000,O,17,52,0,10,1,,,,0,,99991231
20,Z33000000000000001000057314100000,O,17,52,0,10,1,,,,0,,99991231
20,Z33000000000000001000057314200000,O,17,52,0,10,1,,,,0,,99991231
20,Z33000000000000001000057314300000,O,17,52,0,10,1,,,,0,,99991231
20,Z33000000000000001000057314400000,O,17,52,0,10,1,,,,0,,99991231
20,Z33000000000000001000057314500000,O,17,52,0,10,1,,,,0,,99991231
20,Z33000000000000001000057314600000,O,17,52,0,10,1,,,,0,,99991231
20,Z33000000000000001000057314700000,O,17,52,0,10,1,,,,0,,99991231
20,Z33000000000000001000057314800000,O,17,52,0,10,1,,,,0,,99991231
20,Z33000000000000001000057314900000,O,17,52,0,10,1,,,,0,,99991231
20,Z33000000000000001000057315000000,O,17,52,0,10,1,,,,0,,99991231
20,Z33000000000000001000057315100000,O,17,52,0,10,1,,,,0,,99991231
20,Z33000000000000001000057315200000,O,17,52,0,10,1,,,,0,,99991231
20,Z33000000000000001000057315300000,O,17,52,0,10,1,,,,0,,99991231
20,Z33000000000000001000057315400000,O,17,52,0,10,1,,,,0,,99991231
20,Z33000000000000001000057315500000,O,17,52,0,10,1,,,,0,,99991231
20,Z33000000000000001000057315600000,O,17,52,0,10,1,,,,0,,99991231
20,Z33000000000000001000057315700000,O,17,52,0,10,1,,,,0,,99991231
20,Z33000000000000001000057315800000,O,17,52,0,10,1,,,,0,,99991231
20,Z33000000000000001000057315900000,O,17,52,0,10,1,,,,0,,99991231
20,Z33000000000000001000057316000000,O,17,52,0,10,1,,,,0,,99991231
20,Z33000000000000001000057316100000,O,17,52,0,10,1,,,,0,,99991231
20,Z33000000000000001000057316200000,O,17,52,0,10,1,,,,0,,99991231
20,Z40000000000000001000057316300000,O,17,52,0,10,1,,,,0,,99991231
20,Z40000000000000001000057316400000,O,17,52,0,10,1,,,,0,,99991231
20,Z40000000000000001000057316500000,O,17,52,0,10,1,,,,0,,99991231
20,Z40000000000000001000057316600000,O,17,52,0,10,1,,,,0,,99991231
20,Z33000000000000001000057316800000,O,17,52,0,10,1,,,,0,,99991231
20,Z33000000000000001000057316900000,O,17,52,0,10,1,,,,0,,99991231
20,Z33000000000000001000057317200000,O,17,52,0,10,1,,,,0,,99991231
20,Z33000000000000001000057317300000,O,17,52,0,10,1,,,,0,,99991231
20,Z33000000000000001000057317500000,O,17,52,0,10,1,,,,0,,99991231
20,Z33000000000000001000057317600000,O,17,52,0,10,1,,,,0,,99991231
20,Z33000000000000001000057317700000,O,17,52,0,10,1,,,,0,,99991231
20,Z33000000000000001000057318000000,O,17,52,0,10,1,,,,0,,99991231
20,Z33000000000000001000057318100000,O,17,52,0,10,1,,,,0,,99991231
20,Z33000000000000001000057318200000,O,17,52,0,10,1,,,,0,,99991231
20,Z33000000000000001000057318300000,O,17,52,0,10,1,,,,0,,99991231
20,Z33000000000000001000057318400000,O,17,52,0,10,1,,,,0,,99991231
20,Z33000000000000001000057318500000,O,17,52,0,10,1,,,,0,,99991231
20,Z33000000000000001000057318600000,O,17,52,0,10,1,,,,0,,99991231
20,Z40000000000000001000057318700000,O,17,52,0,10,1,,,,0,,99991231
20,Z40000000000000001000057318800000,O,17,52,0,10,1,,,,0,,99991231
20,Z40000000000000001000057318900000,O,17,52,0,10,1,,,,0,,99991231
20,Z33000000000000001000057319000000,O,17,52,0,10,1,,,,0,,99991231
20,Z33000000000000001000057319100000,O,17,52,0,10,1,,,,0,,99991231
20,Z33000000000000001000057319200000,O,17,52,0,10,1,,,,0,,99991231
20,Z33000000000000001000057319300000,O,17,52,0,10,1,,,,0,,99991231
20,Z33000000000000001000057319400000,O,17,52,0,10,1,,,,0,,99991231
20,Z33000000000000001000057319500000,O,17,52,0,10,1,,,,0,,99991231
20,Z33000000000000001000057319600000,O,17,52,0,10,1,,,,0,,99991231
20,Z33000000000000001000057319700000,O,17,52,0,10,1,,,,0,,99991231
20,Z33000000000000001000057319800000,O,17,52,0,10,1,,,,0,,99991231
20,Z33000000000000001000057319900000,O,17,52,0,10,1,,,,0,,99991231
20,Z33000000000000001000057320000000,O,17,52,0,10,1,,,,0,,99991231
20,Z33000000000000001000057320100000,O,17,52,0,10,1,,,,0,,99991231
20,Z33000000000000001000057320200000,O,17,52,0,10,1,,,,0,,99991231
20,Z33000000000000001000057320300000,O,17,52,0,10,1,,,,0,,99991231
20,Z33000000000000001000057320400000,O,17,52,0,10,1,,,,0,,99991231
20,Z33000000000000001000057320500000,O,17,52,0,10,1,,,,0,,99991231
20,Z40000000000000001000057320700000,O,17,52,0,10,1,,,,0,,99991231
20,Z40000000000000001000057320800000,O,17,52,0,10,1,,,,0,,99991231
20,Z40000000000000001000057320900000,O,17,52,0,10,1,,,,0,,99991231
20,Z40000000000000001000057321000000,O,17,52,0,10,1,,,,0,,99991231
20,Z40000000000000001000057321100000,O,17,52,0,10,1,,,,0,,99991231
20,Z33000000000000001000057321200000,O,17,52,0,10,1,,,,0,,99991231
20,Z33000000000000001000057321300000,O,17,52,0,10,1,,,,0,,99991231
20,Z33000000000000001000057321400000,O,17,52,0,10,1,,,,0,,99991231
20,Z33000000000000001000057321500000,O,17,52,0,10,1,,,,0,,99991231
20,Z33000000000000001000057321600000,O,17,52,0,10,1,,,,0,,99991231
20,Z33000000000000001000057321700000,O,17,52,0,10,1,,,,0,,99991231
20,Z33000000000000001000057321800000,O,17,52,0,10,1,,,,0,,99991231
20,Z33000000000000001000057321900000,O,17,52,0,10,1,,,,0,,99991231
20,Z33000000000000001000057322000000,O,17,52,0,10,1,,,,0,,99991231
20,Z33000000000000001000057322100000,O,17,52,0,10,1,,,,0,,99991231
20,Z33000000000000001000057322200000,O,17,52,0,10,1,,,,0,,99991231
20,Z33000000000000001000057322300000,O,17,52,0,10,1,,,,0,,99991231
20,Z33000000000000001000057322400000,O,17,52,0,10,1,,,,0,,99991231
20,Z33000000000000001000057322500000,O,17,52,0,10,1,,,,0,,99991231
20,Z33000000000000001000057322600000,O,17,52,0,10,1,,,,0,,99991231
20,Z33000000000000001000057322700000,O,17,52,0,10,1,,,,0,,99991231
20,Z33000000000000001000057322800000,O,17,52,0,10,1,,,,0,,99991231
20,Z33000000000000001000057322900000,O,17,52,0,10,1,,,,0,,99991231
20,Z33000000000000001000057323000000,O,17,52,0,10,1,,,,0,,99991231
20,Z33000000000000001000057323100000,O,17,52,0,10,1,,,,0,,99991231
20,Z33000000000000001000057323200000,O,17,52,0,10,1,,,,0,,99991231
20,Z33000000000000001000057323300000,O,17,52,0,10,1,,,,0,,99991231
20,Z33000000000000001000057323400000,O,17,52,0,10,1,,,,0,,99991231
20,Z33000000000000001000057323500000,O,17,52,0,10,1,,,,0,,99991231
20,Z33000000000000001000057323600000,O,17,52,0,10,1,,,,0,,99991231
20,Z33000000000000001000057323700000,O,17,52,0,10,1,,,,0,,99991231
20,Z40000000000000001000057323800000,O,17,52,0,10,1,,,,0,,99991231
20,Z40000000000000001000057323900000,O,17,52,0,10,1,,,,0,,99991231
20,Z33000000000000001000057324100000,O,17,52,0,10,1,,,,0,,99991231
20,Z33000000000000001000057324200000,O,17,52,0,10,1,,,,0,,99991231
20,Z33000000000000001000057324300000,O,17,52,0,10,1,,,,0,,99991231
20,Z33000000000000001000057324400000,O,17,52,0,10,1,,,,0,,99991231
20,Z33000000000000001000057324500000,O,17,52,0,10,1,,,,0,,99991231
20,Z33000000000000001000057324600000,O,17,52,0,10,1,,,,0,,99991231
20,Z33000000000000001000057324700000,O,17,52,0,10,1,,,,0,,99991231
20,Z33000000000000001000057324800000,O,17,52,0,10,1,,,,0,,99991231
20,Z33000000000000001000057324900000,O,17,52,0,10,1,,,,0,,99991231
20,Z33000000000000001000057325000000,O,17,52,0,10,1,,,,0,,99991231
20,Z33000000000000001000057325100000,O,17,52,0,10,1,,,,0,,99991231
20,Z33000000000000001000057325400000,O,17,52,0,10,1,,,,0,,99991231
20,Z33000000000000001000057325500000,O,17,52,0,10,1,,,,0,,99991231
20,Z33000000000000001000057326000000,O,17,52,0,10,1,,,,0,,99991231
20,Z33000000000000001000057326100000,O,17,52,0,10,1,,,,0,,99991231
20,Z29000000000000001000034460806000,O,17,52,0,10,1,,,,0,,99991231
20,Z33000000000000001000057326500000,O,17,52,0,10,1,,,,0,,99991231
