MANDT,MATNR,MEINH
20,4,NO
20,6,NO
20,7,NO
20,10,NO
20,11,NO
20,12,NO
20,13,NO
20,16,NO
20,23,NO
20,24,NO
20,25,NO
20,26,NO
20,27,NO
20,28,NO
20,29,NO
20,30,NO
20,31,NO
20,32,NO
20,33,NO
20,34,NO
20,40,NO
20,41,NO
20,45,NO
20,46,NO
20,47,NO
20,48,NO
20,49,NO
20,50,NO
20,51,NO
20,52,NO
20,53,NO
20,54,NO
20,55,NO
20,56,NO
20,57,NO
20,58,NO
20,59,NO
20,60,NO
20,61,NO
20,62,NO
20,63,NO
20,64,NO
20,65,NO
20,66,NO
20,67,NO
20,68,NO
20,69,NO
20,70,NO
20,71,NO
20,72,NO
20,73,NO
20,74,NO
20,75,NO
20,76,NO
20,77,NO
20,78,NO
20,79,NO
20,80,NO
20,81,NO
20,82,NO
20,83,NO
20,84,NO
20,85,NO
20,86,NO
20,87,NO
20,88,NO
20,89,NO
20,90,NO
20,91,NO
20,92,NO
20,93,NO
20,94,NO
20,95,NO
20,96,NO
20,97,NO
20,98,NO
20,99,NO
20,110003356,NO
20,110003515,NO
20,110011352,NO
20,110470304,NO
20,111020002,NO
20,210001061,NO
20,210001062,NO
20,210001063,NO
20,210001065,NO
20,210001067,NO
20,210001069,NO
20,210001070,NO
20,210004265,NO
20,210011845,NO
20,210011855,NO
20,210020037,NO
20,210020039,NO
20,210020043,NO
20,210020045,NO
20,210020055,NO
20,210020056,NO
20,210020067,NO
20,210030089,NO
20,210030091,NO
20,210030093,NO
20,310000301,NO
20,310000630,NO
20,310000631,NO
20,310002058,NO
20,310002059,NO
20,310002060,NO
20,310002071,NO
20,310002073,NO
20,310002110,NO
20,310002116,NO
20,310002122,NO
20,310002152,NO
20,310002153,NO
20,310002154,NO
20,310002155,NO
20,310002156,NO
20,310002157,NO
20,310002158,NO
20,310002159,NO
20,310002160,NO
20,310002161,NO
20,310002162,NO
20,310002163,NO
20,310002164,NO
20,310002171,NO
20,310002172,NO
20,310002173,NO
20,310002174,NO
20,310002205,NO
20,310002220,NO
20,310002221,NO
20,310002232,NO
20,310002233,NO
20,310002254,NO
20,310002255,NO
20,310002273,NO
20,310002291,NO
20,310010055,NO
20,310010056,NO
20,310010057,NO
20,310010058,NO
20,310010062,NO
20,310010070,NO
20,310010073,NO
20,310010079,NO
20,310010082,NO
20,310010083,NO
20,310010084,NO
20,310010085,NO
20,310010087,NO
20,310010090,NO
20,310010092,NO
20,310010096,NO
20,310010098,NO
20,310010099,NO
20,310010100,NO
20,310010102,NO
20,310010109,NO
20,310010110,NO
20,310010112,NO
20,310010115,NO
20,310010116,NO
20,310010117,NO
20,310010118,NO
20,310010119,NO
20,310010120,NO
20,310010121,NO
20,310010122,NO
20,310020027,NO
20,310020047,NO
20,310020071,NO
20,310310290,NO
20,310310291,NO
20,310310293,NO
20,310310294,NO
20,310310295,NO
20,310310296,NO
20,310310297,NO
20,310310298,NO
20,310310299,NO
20,310310300,NO
20,310310321,NO
20,310320001,NO
20,310320002,NO
20,310320003,NO
20,310320004,NO
20,310340013,NO
20,310340015,NO
20,310340017,NO
20,310340018,NO
20,310340019,NO
20,310350005,NO
20,310380013,NO
20,310450003,NO
20,310460016,NO
20,310460017,NO
20,310460020,NO
20,310460021,NO
20,310460030,NO
20,310460031,NO
20,310460041,NO
20,310460042,NO
20,310460043,NO
20,310470002,NO
20,310470005,NO
20,610004112,NO
20,610005007,NO
20,610005010,NO
20,610005012,NO
20,610005013,NO
20,610005020,NO
20,610005024,NO
20,610005555,NO
20,610005670,NO
20,610005985,NO
20,610006199,NO
20,610006429,NO
20,610006432,NO
20,610006436,NO
20,610006437,NO
20,610006444,NO
20,610006621,NO
20,610006708,NO
20,610006709,NO
20,610006710,NO
20,610006715,NO
20,610006730,NO
20,610006731,NO
20,610006818,NO
20,610006819,NO
20,610006910,NO
20,610007008,NO
20,610007032,NO
20,610007037,NO
20,610007038,NO
20,610007040,NO
20,610007042,NO
20,610007047,NO
20,610007154,NO
20,610021266,NO
20,610021424,NO
20,610021425,NO
20,610021444,NO
20,610021506,NO
20,610021511,NO
20,610021523,NO
20,610021548,NO
20,610021680,NO
20,610021683,NO
20,610021684,NO
20,610021685,NO
20,610021686,NO
20,610021687,NO
20,610021726,NO
20,610021727,NO
20,610021732,NO
20,610030198,NO
20,610030929,NO
20,610030935,NO
20,610030945,NO
20,610030949,NO
20,610031363,NO
20,610031367,NO
20,610031696,NO
20,610031909,NO
20,610031920,NO
20,610031921,NO
20,610032378,NO
20,610033205,NO
20,610033206,NO
20,610033207,NO
20,610033587,NO
20,610033588,NO
20,610039093,NO
20,610039094,NO
20,610039095,NO
20,610039144,NO
20,610270001,NO
20,610500003,NO
20,610500008,NO
20,610500009,NO
20,610500012,NO
20,610500013,NO
20,611000083,NO
20,611000225,NO
20,611000226,NO
20,611000249,NO
20,611000368,NO
20,611000369,NO
20,611000370,NO
20,611000371,NO
20,611000372,NO
20,611000373,NO
20,611000374,NO
20,611000375,NO
20,611000376,NO
20,611000377,NO
20,611000378,NO
20,611000379,NO
20,611000794,NO
20,611000795,NO
20,611000796,NO
20,611001053,NO
20,611001850,NO
20,611002716,NO
20,611002717,NO
20,611002718,NO
20,611009316,NO
20,611009323,NO
20,611009334,NO
20,611009336,NO
20,611009337,NO
20,611009338,NO
20,611009339,NO
20,611009390,NO
20,611009405,NO
20,611009406,NO
20,611009408,NO
20,611009409,NO
20,611009411,NO
20,611009412,NO
20,611009413,NO
20,611009425,NO
20,611009426,NO
20,611009428,NO
20,611009429,NO
20,611009430,NO
20,611009431,NO
20,611009432,NO
20,611009434,NO
20,611009435,NO
20,611009436,NO
20,611009450,NO
20,611009656,NO
20,611009843,NO
20,611009844,NO
20,611009845,NO
20,611009846,NO
20,613000086,NO
20,613000087,NO
20,613000088,NO
20,613000089,NO
20,613000457,NO
20,613000458,NO
20,613002189,NO
20,613002415,NO
20,613002510,NO
20,613002530,NO
20,613002531,NO
20,613002559,NO
20,613002728,NO
20,613002729,NO
20,613002730,NO
20,613002731,NO
20,613002732,NO
20,613002733,NO
20,613002976,NO
20,613002977,NO
20,613002978,NO
20,613002979,NO
20,613002980,NO
20,613002981,NO
20,613002982,NO
20,613002983,NO
20,613002984,NO
20,613002985,NO
20,613002986,NO
20,613002987,NO
20,613002988,NO
20,613002989,NO
20,613002990,NO
20,613002991,NO
20,613002992,NO
20,613002993,NO
20,613002994,NO
20,910002993,NO
20,910002994,NO
20,910002995,NO
20,910002996,NO
20,910002997,NO
20,910002998,NO
20,910002999,NO
20,910003000,NO
20,910003001,NO
20,910003002,NO
20,910003003,NO
20,910003021,NO
20,910003022,NO
20,910003026,NO
20,910003037,NO
20,910003038,NO
20,910003056,NO
20,910003066,NO
20,910003099,NO
20,910003105,NO
20,910003107,NO
20,910003111,NO
20,910003140,NO
20,910003141,NO
20,910003182,NO
20,910003199,NO
20,910003200,NO
20,910003201,NO
20,910003219,NO
20,910003257,NO
20,910003260,NO
20,910003269,NO
20,910003272,NO
20,910003283,NO
20,910003840,NO
20,910003842,NO
20,910003843,NO
20,910003844,NO
20,910003845,NO
20,910003846,NO
20,910003847,NO
20,910003848,NO
20,910003849,NO
20,910003851,NO
20,910003856,NO
20,910003857,NO
20,910003949,NO
20,910003950,NO
20,910003951,NO
20,910003952,NO
20,910003953,NO
20,910003954,NO
20,910003955,NO
20,910003956,NO
20,910003957,NO
20,910003958,NO
20,910003959,NO
20,910003960,NO
20,910011108,NO
20,931403758,NO
20,932000150,NO
20,931302236,NO
20,910011564,NO
20,931406651,NO
20,910013579,NO
20,931408807,NO
20,931451077,NO
20,910003966,NO
20,910004708,NO
20,910004709,NO
20,910004710,NO
20,910004711,NO
20,910004712,NO
20,910004713,NO
20,910004735,NO
20,910004736,NO
20,910004737,NO
20,910004738,NO
20,910004739,NO
20,910004740,NO
20,910004776,NO
20,910004777,NO
20,910004778,NO
20,910004779,NO
20,910004795,NO
20,910004807,NO
20,910004808,NO
20,910004826,NO
20,910004848,NO
20,910004849,NO
20,910004876,NO
20,910004877,NO
20,910004922,NO
20,910004989,NO
20,910005015,NO
20,910005037,NO
20,910005038,NO
20,910005039,NO
20,910005040,NO
20,910005055,NO
20,910005110,NO
20,910005111,NO
20,910006383,NO
20,910006384,NO
20,910006440,NO
20,910006488,NO
20,910006493,NO
20,910006494,NO
20,910006522,NO
20,910006523,NO
20,910006599,NO
20,910006600,NO
20,910006609,NO
20,910006610,NO
20,910006645,NO
20,910006647,NO
20,910006664,NO
20,910006667,NO
20,910006668,NO
20,910006669,NO
20,910006672,NO
20,910006695,NO
20,910006757,NO
20,910006811,NO
20,910006812,NO
20,910006813,NO
20,910006814,NO
20,910006815,NO
20,910006816,NO
20,910006817,NO
20,910006818,NO
20,910006819,NO
20,910006820,NO
20,910006821,NO
20,910006822,NO
20,910006823,NO
20,910006927,NO
20,910006928,NO
20,910006929,NO
20,910006930,NO
20,910006931,NO
20,910006932,NO
20,910006933,NO
20,910006934,NO
20,910006935,NO
20,910006936,NO
20,910006937,NO
20,910006938,NO
20,910006939,NO
20,910006940,NO
20,910006941,NO
20,910006942,NO
20,910006943,NO
20,910006944,NO
20,910006945,NO
20,910006946,NO
20,910006947,NO
20,910006948,NO
20,910006949,NO
20,910006950,NO
20,910006951,NO
20,910006952,NO
20,910006953,NO
20,910006954,NO
20,910006972,NO
20,910006973,NO
20,910006974,NO
20,910006975,NO
20,910006976,NO
20,910006977,NO
20,910007292,NO
20,910007293,NO
20,910007372,NO
20,910007374,NO
20,910007385,NO
20,910007386,NO
20,910007387,NO
20,910007388,NO
20,910007389,NO
20,910007390,NO
20,910007391,NO
20,910007392,NO
20,910007396,NO
20,910007397,NO
20,910007398,NO
20,910007412,NO
20,910007419,NO
20,910007420,NO
20,910007421,NO
20,910007422,NO
20,910007428,NO
20,910007430,NO
20,910007431,NO
20,910007432,NO
20,910007444,NO
20,910007445,NO
20,910007446,NO
20,910007447,NO
20,910007448,NO
20,910007449,NO
20,910007450,NO
20,910007451,NO
20,910007452,NO
20,910007453,NO
20,910007621,NO
20,910007622,NO
20,910007623,NO
20,910007650,NO
20,910007713,NO
20,910007720,NO
20,910007721,NO
20,910007722,NO
20,910007725,NO
20,910007726,NO
20,910007727,NO
20,910007728,NO
20,910007729,NO
20,910007730,NO
20,910007731,NO
20,910007732,NO
20,910007792,NO
20,910007816,NO
20,910007847,NO
20,910007848,NO
20,910007879,NO
20,910007880,NO
20,910007882,NO
20,910007890,NO
20,910007891,NO
20,910007892,NO
20,910007893,NO
20,910007894,NO
20,910007907,NO
20,910007908,NO
20,910007910,NO
20,910007911,NO
20,910007912,NO
20,910007919,NO
20,910008691,NO
20,910008692,NO
20,910008693,NO
20,910008694,NO
20,910008695,NO
20,910008696,NO
20,910008697,NO
20,910008698,NO
20,910008699,NO
20,910008700,NO
20,910008701,NO
20,910008702,NO
20,910008703,NO
20,910008704,NO
20,910008705,NO
20,910008706,NO
20,910008707,NO
20,910008708,NO
20,910008709,NO
20,910008710,NO
20,910008711,NO
20,910008712,NO
20,910008713,NO
20,910008714,NO
20,910008715,NO
20,910008716,NO
20,910008717,NO
20,910008727,NO
20,910008759,NO
20,910008763,NO
20,910008766,NO
20,910008769,NO
20,910008778,NO
20,910008798,NO
20,910009222,NO
20,910009223,NO
20,910009224,NO
20,910009225,NO
20,910009226,NO
20,910009227,NO
20,910009228,NO
20,910009229,NO
20,910009230,NO
20,910009237,NO
20,910009238,NO
20,910009239,NO
20,910009240,NO
20,910009242,NO
20,910009244,NO
20,910009245,NO
20,910009249,NO
20,910009274,NO
20,910009275,NO
20,910009276,NO
20,910009281,NO
20,910009282,NO
20,910009284,NO
20,910009285,NO
20,910009286,NO
20,910009287,NO
20,910009288,NO
20,910009289,NO
20,910009290,NO
20,910009291,NO
20,910009320,NO
20,910009322,NO
20,910009329,NO
20,910009330,NO
20,910009610,NO
20,910009611,NO
20,910009612,NO
20,910009613,NO
20,910009614,NO
20,910009616,NO
20,910009617,NO
20,910009618,NO
20,910009621,NO
20,910009622,NO
20,910009623,NO
20,910009624,NO
20,910009628,NO
20,910009629,NO
20,910009630,NO
20,910009631,NO
20,910009632,NO
20,910009633,NO
20,910009635,NO
20,910009637,NO
20,910009638,NO
20,910009640,NO
20,910009641,NO
20,910009642,NO
20,910009643,NO
20,910009644,NO
20,910009646,NO
20,910009651,NO
20,910009652,NO
20,910009653,NO
20,910009654,NO
20,910009655,NO
20,910009660,NO
20,910009661,NO
20,910009662,NO
20,910009663,NO
20,910009664,NO
20,910009665,NO
20,910009666,NO
20,910009667,NO
20,910009668,NO
20,910009669,NO
20,910009670,NO
20,910009671,NO
20,910009672,NO
20,910009710,NO
20,910009717,NO
20,910009721,NO
20,910009722,NO
20,910009723,NO
20,910009724,NO
20,910009751,NO
20,910009752,NO
20,910009760,NO
20,910009761,NO
20,910009762,NO
20,910009763,NO
20,910009767,NO
20,910009769,NO
20,910009770,NO
20,910009772,NO
20,910009773,NO
20,910009783,NO
20,910009784,NO
20,910009785,NO
20,910009786,NO
20,910009795,NO
20,910009796,NO
20,931459280,NO
20,910009888,NO
20,910009889,NO
20,910009890,NO
20,910009891,NO
20,910009892,NO
20,910009893,NO
20,910009894,NO
20,910009895,NO
20,910009919,NO
20,910009927,NO
20,910009932,NO
20,910009933,NO
20,910009934,NO
20,910009935,NO
20,910009936,NO
20,910009955,NO
20,910009960,NO
20,910009971,NO
20,910009972,NO
20,910009973,NO
20,910009974,NO
20,910009975,NO
20,910009983,NO
20,910009984,NO
20,910009985,NO
20,910009986,NO
20,910009987,NO
20,910009988,NO
20,910009989,NO
20,910009990,NO
20,910009991,NO
20,910009992,NO
20,910009993,NO
20,910010185,NO
20,910010186,NO
20,910010187,NO
20,910010188,NO
20,910010189,NO
20,910010190,NO
20,910010191,NO
20,910010192,NO
20,910010193,NO
20,910010200,NO
20,910010202,NO
20,910010204,NO
20,910010205,NO
20,910010206,NO
20,910010207,NO
20,910010208,NO
20,910010209,NO
20,910010210,NO
20,910010211,NO
20,910010212,NO
20,910010213,NO
20,910010214,NO
20,910010215,NO
20,910010216,NO
20,910010217,NO
20,910010218,NO
20,910010219,NO
20,910010220,NO
20,910010221,NO
20,910010222,NO
20,910010223,NO
20,910010224,NO
20,910010225,NO
20,910010227,NO
20,910010379,NO
20,910010380,NO
20,910010381,NO
20,910010382,NO
20,910010383,NO
20,910010384,NO
20,910010385,NO
20,910010386,NO
20,910010387,NO
20,910010388,NO
20,910010389,NO
20,910010390,NO
20,910010391,NO
20,910010392,NO
20,910010393,NO
20,910010394,NO
20,910010395,NO
20,910010396,NO
20,910010397,NO
20,910010398,NO
20,910010399,NO
20,910010400,NO
20,910010401,NO
20,910010402,NO
20,910010403,NO
20,910010404,NO
20,910010405,NO
20,910010406,NO
20,910010407,NO
20,910010408,NO
20,910010409,NO
20,910010410,NO
20,910010411,NO
20,910010412,NO
20,910010447,NO
20,910010448,NO
20,910010449,NO
20,910010450,NO
20,910010451,NO
20,910010452,NO
20,910010453,NO
20,910010454,NO
20,910010455,NO
20,910010456,NO
20,910010457,NO
20,910010458,NO
20,910010459,NO
20,910010460,NO
20,910010461,NO
20,910010462,NO
20,910010463,NO
20,910010464,NO
20,910010465,NO
20,910010466,NO
20,910010467,NO
20,910010468,NO
20,910010469,NO
20,910010470,NO
20,910010471,NO
20,910010472,NO
20,910010473,NO
20,910010474,NO
20,910010475,NO
20,910010476,NO
20,910010477,NO
20,910010478,NO
20,910010479,NO
20,910010480,NO
20,910010641,NO
20,910010642,NO
20,910010643,NO
20,910010644,NO
20,910010645,NO
20,910010646,NO
20,910010647,NO
20,910010648,NO
20,910010649,NO
20,910010650,NO
20,910010651,NO
20,910010652,NO
20,910010653,NO
20,910010657,NO
20,910010658,NO
20,910010659,NO
20,910010660,NO
20,910010661,NO
20,910010662,NO
20,910010663,NO
20,910010664,NO
20,910010665,NO
20,910010666,NO
20,910010667,NO
20,910010668,NO
20,910010669,NO
20,910010670,NO
20,910010671,NO
20,910010672,NO
20,910010673,NO
20,910010674,NO
20,910010675,NO
20,910010676,NO
20,910010677,NO
20,910010746,NO
20,910010747,NO
20,910010748,NO
20,910010749,NO
20,910010750,NO
20,910010751,NO
20,910010752,NO
20,910010753,NO
20,910010754,NO
20,910010755,NO
20,910010756,NO
20,910010757,NO
20,910010758,NO
20,910010759,NO
20,910010760,NO
20,910010761,NO
20,910010762,NO
20,910010763,NO
20,910010764,NO
20,910010765,NO
20,910010766,NO
20,910010767,NO
20,910010768,NO
20,910010769,NO
20,910010770,NO
20,910010771,NO
20,910010772,NO
20,910010773,NO
20,910010774,NO
20,910010775,NO
20,910010776,NO
20,910010777,NO
20,910010778,NO
20,910010779,NO
20,910010853,NO
20,910010854,NO
20,910010855,NO
20,910010856,NO
20,910010857,NO
20,910010858,NO
20,910010859,NO
20,910010860,NO
20,910010861,NO
20,910010862,NO
20,910010863,NO
20,910010864,NO
20,910010865,NO
20,910010866,NO
20,910010867,NO
20,910010868,NO
20,910010869,NO
20,910010870,NO
20,910010871,NO
20,910010872,NO
20,910010873,NO
20,910010874,NO
20,910010875,NO
20,910010876,NO
20,910010877,NO
20,910010878,NO
20,910010879,NO
20,910010880,NO
20,910010881,NO
20,910010883,NO
20,910010884,NO
20,910010885,NO
20,910010886,NO
20,910010887,NO
20,910010996,NO
20,910010997,NO
20,910010998,NO
20,910010999,NO
20,910011000,NO
20,910011001,NO
20,910011002,NO
20,910011003,NO
20,910011004,NO
20,910011005,NO
20,910011006,NO
20,910011007,NO
20,910011008,NO
20,910011009,NO
20,910011010,NO
20,910011011,NO
20,910011012,NO
20,910011013,NO
20,910011014,NO
20,910011015,NO
20,910011016,NO
20,910011017,NO
20,910011018,NO
20,910011019,NO
20,910011020,NO
20,910011021,NO
20,910011022,NO
20,910011023,NO
20,910011024,NO
20,910011025,NO
20,910011026,NO
20,910011027,NO
20,910011028,NO
20,910011029,NO
20,910020092,NO
20,910020093,NO
20,910020094,NO
20,910020095,NO
20,910020131,NO
20,910020132,NO
20,910020140,NO
20,910020141,NO
20,910020142,NO
20,910020143,NO
20,910020144,NO
20,910020145,NO
20,910020146,NO
20,910020147,NO
20,910020148,NO
20,910020149,NO
20,910020150,NO
20,910020151,NO
20,910020152,NO
20,910020153,NO
20,910020154,NO
20,910020155,NO
20,910020156,NO
20,910020157,NO
20,910020158,NO
20,910020159,NO
20,910020160,NO
20,910020161,NO
20,910020162,NO
20,910020163,NO
20,910020182,NO
20,910020183,NO
20,910020184,NO
20,910020186,NO
20,910310035,NO
20,910310036,NO
20,910310037,NO
20,910310038,NO
20,910310043,NO
20,910310044,NO
20,910310045,NO
20,910310046,NO
20,910310051,NO
20,910310057,NO
20,910310058,NO
20,910310059,NO
20,910310060,NO
20,910310061,NO
20,910310062,NO
20,910310063,NO
20,910310066,NO
20,910310067,NO
20,910310068,NO
20,910310074,NO
20,910310075,NO
20,910310077,NO
20,910310078,NO
20,910310079,NO
20,910310080,NO
20,910310081,NO
20,910310086,NO
20,910310087,NO
20,910310088,NO
20,910310089,NO
20,910310090,NO
20,910310091,NO
20,910310096,NO
20,910310097,NO
20,910310167,NO
20,910310171,NO
20,910310172,NO
20,910310173,NO
20,910310174,NO
20,910310175,NO
20,910310176,NO
20,910310177,NO
20,910310178,NO
20,910310179,NO
20,910310180,NO
20,910310181,NO
20,910310182,NO
20,910310183,NO
20,910310184,NO
20,910310185,NO
20,910310186,NO
20,910310187,NO
20,910310188,NO
20,910310189,NO
20,910310190,NO
20,910310191,NO
20,910310192,NO
20,910310193,NO
20,910310194,NO
20,910310195,NO
20,910310196,NO
20,910310197,NO
20,910310198,NO
20,910310199,NO
20,910310200,NO
20,910310201,NO
20,910310202,NO
20,910310203,NO
20,910310277,NO
20,910310278,NO
20,910310279,NO
20,910310280,NO
20,910310281,NO
20,910310282,NO
20,910310283,NO
20,910310284,NO
20,910310285,NO
20,910310286,NO
20,910310287,NO
20,910310288,NO
20,910310293,NO
20,910310294,NO
20,910310296,NO
20,910310302,NO
20,910310303,NO
20,910310304,NO
20,910310305,NO
20,910310306,NO
20,910310307,NO
20,910310308,NO
20,910310309,NO
20,910310310,NO
20,910310319,NO
20,910310320,NO
20,911020004,NO
20,915000029,NO
20,915000066,NO
20,915000068,NO
20,915000072,NO
20,915000073,NO
20,915000085,NO
20,915000086,NO
20,915000189,NO
20,915000190,NO
20,915000191,NO
20,915000192,NO
20,915000193,NO
20,915000194,NO
20,915000195,NO
20,915000196,NO
20,915000197,NO
20,915000198,NO
20,915000199,NO
20,915000200,NO
20,915000201,NO
20,915000202,NO
20,915000203,NO
20,915000204,NO
20,915000205,NO
20,915000206,NO
20,915000207,NO
20,915000208,NO
20,915000209,NO
20,915000210,NO
20,915000211,NO
20,915000212,NO
20,915000213,NO
20,915000214,NO
20,915000215,NO
20,915000216,NO
20,915000217,NO
20,915000218,NO
20,915000219,NO
20,915000220,NO
20,915000221,NO
20,915000222,NO
20,916000012,NO
20,916000013,NO
20,916000014,NO
20,916000015,NO
20,916000016,NO
20,916000017,NO
20,916000018,NO
20,916000019,NO
20,916000020,NO
20,916000021,NO
20,916000022,NO
20,916000023,NO
20,916000024,NO
20,916000025,NO
20,916000026,NO
20,916000027,NO
20,916000028,NO
20,916000029,NO
20,916000030,NO
20,916000031,NO
20,916000032,NO
20,916000033,NO
20,916000034,NO
20,916000035,NO
20,916000037,NO
20,916000038,NO
20,916000039,NO
20,916000040,NO
20,916000041,NO
20,916000042,NO
20,916000043,NO
20,916000044,NO
20,916000045,NO
20,916000046,NO
20,931100058,NO
20,931100060,NO
20,931100061,NO
20,931100062,NO
20,931100063,NO
20,931100064,NO
20,931100065,NO
20,931100066,NO
20,931100067,NO
20,931100068,NO
20,931100069,NO
20,931100070,NO
20,931100071,NO
20,931100072,NO
20,931100073,NO
20,931100074,NO
20,931100075,NO
20,931100076,NO
20,931100077,NO
20,931100078,NO
20,931100079,NO
20,931100081,NO
20,931100082,NO
20,931100083,NO
20,931100084,NO
20,931100085,NO
20,931100086,NO
20,931100087,NO
20,931100088,NO
20,931100089,NO
20,931100090,NO
20,931100091,NO
20,931100092,NO
20,931100094,NO
20,931100197,NO
20,931100198,NO
20,931100199,NO
20,931100200,NO
20,931100201,NO
20,931100202,NO
20,931100203,NO
20,931100204,NO
20,931100205,NO
20,931100206,NO
20,931100207,NO
20,931100208,NO
20,931100209,NO
20,931100210,NO
20,931100211,NO
20,931100212,NO
20,931100213,NO
20,931100214,NO
20,931100215,NO
20,931100216,NO
20,931100217,NO
20,931100218,NO
20,931100219,NO
20,931100220,NO
20,931100221,NO
20,931100222,NO
20,931100223,NO
20,931100224,NO
20,931100225,NO
20,931100226,NO
20,931100227,NO
20,931100228,NO
20,931100229,NO
20,931100230,NO
20,931100287,NO
20,931100288,NO
20,931100289,NO
20,931100290,NO
20,931100291,NO
20,931100292,NO
20,931100293,NO
20,931100294,NO
20,931100295,NO
20,931100296,NO
20,931100297,NO
20,931100298,NO
20,931100299,NO
20,931100300,NO
20,931100301,NO
20,931100302,NO
20,931100303,NO
20,931100304,NO
20,931100305,NO
20,931100306,NO
20,931100307,NO
20,931100308,NO
20,931100309,NO
20,931100310,NO
20,931100311,NO
20,931100312,NO
20,931100313,NO
20,931100314,NO
20,931100315,NO
20,931100316,NO
20,931100317,NO
20,931100318,NO
20,931100319,NO
20,931100320,NO
20,931200046,NO
20,931200047,NO
20,931200048,NO
20,931200049,NO
20,931200050,NO
20,931200051,NO
20,931200052,NO
20,931200053,NO
20,931200054,NO
20,931200055,NO
20,931200056,NO
20,931200057,NO
20,931200058,NO
20,931200059,NO
20,931200060,NO
20,931200061,NO
20,931200062,NO
20,931200063,NO
20,931200064,NO
20,931200065,NO
20,931200066,NO
20,931200067,NO
20,931200068,NO
20,931200069,NO
20,931200070,NO
20,931200071,NO
20,931200072,NO
20,931200073,NO
20,931200074,NO
20,931200075,NO
20,931200076,NO
20,931200077,NO
20,931200078,NO
20,931200079,NO
20,931200122,NO
20,931200123,NO
20,931200124,NO
20,931200125,NO
20,931200126,NO
20,931200127,NO
20,931200128,NO
20,931200129,NO
20,931200130,NO
20,931200131,NO
20,931200132,NO
20,931200133,NO
20,931200134,NO
20,931200135,NO
20,931200136,NO
20,931200137,NO
20,931200138,NO
20,931200139,NO
20,931200140,NO
20,931200141,NO
20,931200142,NO
20,931200143,NO
20,931200144,NO
20,931200145,NO
20,931200146,NO
20,931200147,NO
20,931200148,NO
20,931200149,NO
20,931200150,NO
20,931200151,NO
20,931200152,NO
20,931200153,NO
20,931200154,NO
20,931200155,NO
20,931200306,NO
20,931200307,NO
20,931200308,NO
20,931200309,NO
20,931301960,NO
20,931600581,NO
20,910013580,NO
20,613007348,NO
20,931200310,NO
20,931200311,NO
20,931200312,NO
20,931200313,NO
20,931200314,NO
20,931200315,NO
20,931200316,NO
20,931200317,NO
20,931200318,NO
20,931200319,NO
20,931200320,NO
20,931200321,NO
20,931200322,NO
20,931200323,NO
20,931200324,NO
20,931200325,NO
20,931200326,NO
20,931200327,NO
20,931200328,NO
20,931200329,NO
20,931200330,NO
20,931200331,NO
20,931200332,NO
20,931200333,NO
20,931200334,NO
20,931200335,NO
20,931200439,NO
20,931200440,NO
20,931200441,NO
20,931200442,NO
20,931200443,NO
20,931200444,NO
20,931200445,NO
20,931200446,NO
20,931200447,NO
20,931200448,NO
20,931200449,NO
20,931200450,NO
20,931200451,NO
20,931200452,NO
20,931200453,NO
20,931200454,NO
20,931200455,NO
20,931200456,NO
20,931200457,NO
20,931200458,NO
20,931200459,NO
20,931200460,NO
20,931200461,NO
20,931200462,NO
20,931200463,NO
20,931200464,NO
20,931200465,NO
20,931200466,NO
20,931200467,NO
20,931200468,NO
20,931200469,NO
20,931200470,NO
20,931200471,NO
20,931200472,NO
20,310001027,NO
20,310001028,NO
20,310001033,NO
20,310001046,NO
20,310001047,NO
20,310001049,NO
20,310001052,NO
20,310001073,NO
20,310001075,NO
20,310001077,NO
20,310001078,NO
20,310001094,NO
20,310001110,NO
20,310001113,NO
20,310001118,NO
20,310001146,NO
20,310001147,NO
20,310001149,NO
20,310001150,NO
20,310001151,NO
20,310001152,NO
20,310001173,NO
20,310001204,NO
20,310001237,NO
20,310001238,NO
20,310001239,NO
20,310001240,NO
20,310001242,NO
20,310001243,NO
20,310001251,NO
20,310001269,NO
20,310001270,NO
20,310001286,NO
20,310001299,NO
20,910006893,NO
20,910006894,NO
20,910006895,NO
20,910006896,NO
20,910006897,NO
20,910006898,NO
20,910006899,NO
20,910006900,NO
20,910006901,NO
20,910006902,NO
20,910006903,NO
20,910006904,NO
20,910006905,NO
20,910006906,NO
20,910006907,NO
20,910006908,NO
20,910006909,NO
20,910006910,NO
20,910006911,NO
20,910006912,NO
20,910006913,NO
20,910006914,NO
20,910006915,NO
20,910006916,NO
20,910006917,NO
20,910006918,NO
20,910006919,NO
20,910006920,NO
20,910006921,NO
20,910006922,NO
20,910006923,NO
20,910006924,NO
20,910006925,NO
20,910006926,NO
20,910007503,NO
20,910007504,NO
20,910007505,NO
20,910007506,NO
20,910007507,NO
20,910007508,NO
20,910007509,NO
20,910007510,NO
20,910007516,NO
20,910007534,NO
20,910007535,NO
20,910007551,NO
20,910007552,NO
20,910007582,NO
20,910007583,NO
20,910007584,NO
20,910007585,NO
20,910007586,NO
20,910007587,NO
20,910007588,NO
20,910007589,NO
20,910007595,NO
20,910007600,NO
20,910007601,NO
20,910007602,NO
20,910007603,NO
20,910007604,NO
20,910007605,NO
20,910007606,NO
20,910007607,NO
20,910007608,NO
20,910007609,NO
20,910007610,NO
20,910007613,NO
20,910008354,NO
20,910008355,NO
20,910008356,NO
20,910008357,NO
20,910008359,NO
20,910008360,NO
20,910008364,NO
20,910008391,NO
20,910008447,NO
20,910008459,NO
20,910008460,NO
20,910008461,NO
20,910008497,NO
20,910008500,NO
20,910008508,NO
20,910008509,NO
20,910008510,NO
20,910008542,NO
20,910008544,NO
20,910008559,NO
20,910008560,NO
20,910008567,NO
20,910008597,NO
20,910008625,NO
20,910008647,NO
20,910008651,NO
20,910008682,NO
20,910008683,NO
20,910008685,NO
20,910008686,NO
20,910008687,NO
20,910008688,NO
20,910008689,NO
20,910008690,NO
20,910009475,NO
20,910009476,NO
20,910009477,NO
20,910009478,NO
20,910009479,NO
20,910009480,NO
20,910009481,NO
20,910009482,NO
20,910009483,NO
20,910009484,NO
20,910009485,NO
20,910009486,NO
20,910009504,NO
20,910009509,NO
20,910009510,NO
20,910009511,NO
20,910009512,NO
20,910009517,NO
20,910009518,NO
20,910009519,NO
20,910009520,NO
20,910009521,NO
20,910009522,NO
20,910009523,NO
20,910009524,NO
20,910009525,NO
20,910009526,NO
20,910009527,NO
20,910009528,NO
20,910009529,NO
20,910009530,NO
20,910009531,NO
20,910009532,NO
20,910009533,NO
20,910009797,NO
20,910009798,NO
20,910009799,NO
20,910009800,NO
20,910009801,NO
20,910009802,NO
20,910009803,NO
20,910009804,NO
20,910009805,NO
20,910009806,NO
20,910009807,NO
20,910009808,NO
20,910009809,NO
20,910009810,NO
20,910009811,NO
20,910009812,NO
20,910009813,NO
20,910009814,NO
20,910009815,NO
20,910009816,NO
20,910009817,NO
20,910009818,NO
20,910009819,NO
20,910009820,NO
20,910009821,NO
20,910009822,NO
20,910009823,NO
20,910009824,NO
20,910009825,NO
20,910009826,NO
20,910009827,NO
20,910009828,NO
20,910009829,NO
20,910009830,NO
20,910009865,NO
20,910009866,NO
20,910009867,NO
20,910009868,NO
20,910009869,NO
20,910009870,NO
20,910009871,NO
20,910009872,NO
20,910009873,NO
20,910009874,NO
20,910009875,NO
20,910009876,NO
20,910009877,NO
20,910009878,NO
20,910009879,NO
20,910009880,NO
20,910009881,NO
20,910009882,NO
20,910009883,NO
20,910009884,NO
20,910009885,NO
20,910009886,NO
20,910009887,NO
20,931402565,NO
20,931403603,NO
20,931404218,NO
20,931406104,NO
20,911301148,NO
20,931305878,NO
20,613007344,NO
20,613007345,NO
20,910030289,NO
20,910030290,NO
20,910030291,NO
20,910010264,NO
20,910010265,NO
20,910010266,NO
20,910010267,NO
20,910010268,NO
20,910010269,NO
20,910010270,NO
20,910010271,NO
20,910010272,NO
20,910010273,NO
20,910010274,NO
20,910010275,NO
20,910010276,NO
20,910010277,NO
20,910010278,NO
20,910010279,NO
20,910010280,NO
20,910010281,NO
20,910010282,NO
20,910010283,NO
20,910010284,NO
20,910010285,NO
20,910010286,NO
20,910010287,NO
20,910010288,NO
20,910010289,NO
20,910010290,NO
20,910010291,NO
20,910010292,NO
20,910010293,NO
20,910010294,NO
20,910010295,NO
20,910010298,NO
20,910010302,NO
20,910010341,NO
20,910010342,NO
20,910010343,NO
20,910010344,NO
20,910010345,NO
20,910010346,NO
20,910010347,NO
20,910010348,NO
20,910010349,NO
20,910010350,NO
20,910010351,NO
20,910010352,NO
20,910010353,NO
20,910010354,NO
20,910010355,NO
20,910010356,NO
20,910010357,NO
20,910010358,NO
20,910010359,NO
20,910010360,NO
20,910010361,NO
20,910010362,NO
20,910010363,NO
20,910010364,NO
20,910010365,NO
20,910010366,NO
20,910010367,NO
20,910010368,NO
20,910010369,NO
20,910010370,NO
20,910010371,NO
20,910010372,NO
20,910010377,NO
20,910010378,NO
20,910010481,NO
20,910010482,NO
20,910010483,NO
20,910010484,NO
20,910010485,NO
20,910010486,NO
20,910010487,NO
20,910010489,NO
20,910010491,NO
20,910010492,NO
20,910010493,NO
20,910010494,NO
20,910010495,NO
20,910010496,NO
20,910010497,NO
20,910010498,NO
20,910010500,NO
20,910010501,NO
20,910010502,NO
20,910010503,NO
20,910010504,NO
20,910010505,NO
20,910010506,NO
20,910010507,NO
20,910010508,NO
20,910010509,NO
20,910010510,NO
20,910010511,NO
20,910010512,NO
20,910010513,NO
20,910010514,NO
20,910010515,NO
20,910010516,NO
20,910010517,NO
20,910010600,NO
20,910010601,NO
20,910010602,NO
20,910010603,NO
20,910010604,NO
20,910010605,NO
20,910010606,NO
20,910010607,NO
20,910010608,NO
20,910010609,NO
20,910010615,NO
20,910010616,NO
20,910010617,NO
20,910010618,NO
20,910010619,NO
20,910010620,NO
20,910010621,NO
20,910010622,NO
20,910010623,NO
20,910010624,NO
20,910010625,NO
20,910010626,NO
20,910010627,NO
20,910010629,NO
20,910010630,NO
20,910010631,NO
20,910010633,NO
20,910010634,NO
20,910010635,NO
20,910010636,NO
20,910010637,NO
20,910010638,NO
20,910010639,NO
20,910010640,NO
20,910010712,NO
20,910010713,NO
20,910010714,NO
20,910010715,NO
20,910010716,NO
20,910010717,NO
20,910010718,NO
20,910010719,NO
20,910010720,NO
20,910010721,NO
20,910010722,NO
20,910010723,NO
20,910010724,NO
20,910010725,NO
20,910010726,NO
20,910010727,NO
20,910010728,NO
20,910010729,NO
20,910010730,NO
20,910010731,NO
20,910010732,NO
20,910010733,NO
20,910010734,NO
20,910010735,NO
20,910010736,NO
20,910010737,NO
20,910010738,NO
20,910010739,NO
20,910010740,NO
20,910010741,NO
20,910010742,NO
20,910010743,NO
20,910010744,NO
20,910010745,NO
20,910010818,NO
20,910010819,NO
20,910010821,NO
20,910010822,NO
20,910010823,NO
20,910010824,NO
20,910010825,NO
20,910010826,NO
20,910010827,NO
20,910010828,NO
20,910010829,NO
20,910010830,NO
20,910010831,NO
20,910010832,NO
20,910010833,NO
20,910010834,NO
20,910010835,NO
20,910010836,NO
20,910010837,NO
20,910010838,NO
20,910010839,NO
20,910010840,NO
20,910010841,NO
20,910010842,NO
20,910010843,NO
20,910010844,NO
20,910010845,NO
20,910010846,NO
20,910010847,NO
20,910010848,NO
20,910010849,NO
20,910010850,NO
20,910010851,NO
20,910010852,NO
20,910010922,NO
20,910010923,NO
20,910010924,NO
20,910010925,NO
20,910010926,NO
20,910010927,NO
20,910010928,NO
20,910010929,NO
20,910010930,NO
20,910010931,NO
20,910010932,NO
20,910010933,NO
20,910010934,NO
20,910010935,NO
20,910010936,NO
20,910010937,NO
20,910010938,NO
20,910010939,NO
20,910010940,NO
20,910010941,NO
20,910010942,NO
20,910010943,NO
20,910010944,NO
20,910010945,NO
20,910010946,NO
20,910010947,NO
20,910010948,NO
20,910010955,NO
20,910010956,NO
20,910010957,NO
20,910010958,NO
20,910010959,NO
20,910010960,NO
20,910010961,NO
20,910020187,NO
20,910020189,NO
20,910020195,NO
20,910020201,NO
20,910020203,NO
20,910020224,NO
20,910020225,NO
20,910020226,NO
20,910020227,NO
20,910020228,NO
20,910020229,NO
20,910020230,NO
20,910020232,NO
20,910020244,NO
20,910020255,NO
20,910020256,NO
20,910020257,NO
20,910020258,NO
20,910020259,NO
20,910020260,NO
20,910020261,NO
20,910020262,NO
20,910020263,NO
20,910020264,NO
20,910020265,NO
20,910020266,NO
20,910020267,NO
20,910020268,NO
20,910020269,NO
20,910020270,NO
20,910020271,NO
20,910030002,NO
20,910030034,NO
20,910030054,NO
20,910310099,NO
20,910310100,NO
20,910310109,NO
20,910310110,NO
20,910310111,NO
20,910310114,NO
20,910310117,NO
20,910310121,NO
20,910310123,NO
20,910310124,NO
20,910310131,NO
20,910310134,NO
20,910310135,NO
20,910310136,NO
20,910310137,NO
20,910310139,NO
20,910310140,NO
20,910310141,NO
20,910310142,NO
20,910310143,NO
20,910310144,NO
20,910310145,NO
20,910310146,NO
20,910310149,NO
20,910310150,NO
20,910310151,NO
20,910310152,NO
20,910310153,NO
20,910310154,NO
20,910310158,NO
20,910310161,NO
20,910310163,NO
20,910310164,NO
20,910310165,NO
20,910310204,NO
20,910310205,NO
20,910310206,NO
20,910310207,NO
20,910310208,NO
20,910310209,NO
20,910310210,NO
20,910310211,NO
20,910310212,NO
20,910310213,NO
20,910310214,NO
20,910310215,NO
20,910310216,NO
20,910310217,NO
20,910310218,NO
20,910310219,NO
20,910310220,NO
20,910310221,NO
20,910310222,NO
20,910310223,NO
20,910310224,NO
20,910310225,NO
20,910310226,NO
20,910310227,NO
20,910310228,NO
20,910310229,NO
20,910310230,NO
20,910310231,NO
20,910310232,NO
20,910310233,NO
20,910310234,NO
20,910310235,NO
20,910310237,NO
20,910310238,NO
20,915000224,NO
20,915000225,NO
20,915000229,NO
20,915000230,NO
20,915000233,NO
20,915000234,NO
20,915000250,NO
20,915000251,NO
20,915000252,NO
20,915000253,NO
20,915000254,NO
20,915000255,NO
20,915000256,NO
20,915000257,NO
20,915000258,NO
20,915000259,NO
20,915000260,NO
20,915000261,NO
20,915000262,NO
20,915000263,NO
20,915000264,NO
20,915000265,NO
20,915000266,NO
20,915000267,NO
20,915000268,NO
20,915000269,NO
20,915000270,NO
20,915000271,NO
20,915000272,NO
20,915000273,NO
20,915000274,NO
20,915000275,NO
20,915000276,NO
20,915000277,NO
20,931100024,NO
20,931100025,NO
20,931100026,NO
20,931100027,NO
20,931100028,NO
20,931100029,NO
20,931100030,NO
20,931100031,NO
20,931100032,NO
20,931100033,NO
20,931100034,NO
20,931100035,NO
20,931100036,NO
20,931100037,NO
20,931100038,NO
20,931100039,NO
20,931100040,NO
20,931100041,NO
20,931100042,NO
20,931100043,NO
20,931100044,NO
20,931100045,NO
20,931100046,NO
20,931100047,NO
20,931100048,NO
20,931100049,NO
20,931100050,NO
20,931100051,NO
20,931100052,NO
20,931100053,NO
20,931100054,NO
20,931100055,NO
20,931100056,NO
20,931100057,NO
20,931100163,NO
20,931100164,NO
20,931100165,NO
20,931100166,NO
20,931100167,NO
20,931100168,NO
20,931100169,NO
20,931100170,NO
20,931100171,NO
20,931100172,NO
20,931100173,NO
20,931100174,NO
20,931100175,NO
20,931100176,NO
20,931100177,NO
20,931100178,NO
20,931100179,NO
20,931100180,NO
20,931100181,NO
20,931100182,NO
20,931100183,NO
20,931100184,NO
20,931100185,NO
20,931100186,NO
20,931100187,NO
20,931100188,NO
20,931100189,NO
20,931100190,NO
20,931100191,NO
20,931100192,NO
20,931100193,NO
20,931100194,NO
20,931100195,NO
20,931100196,NO
20,931100321,NO
20,931100322,NO
20,931100323,NO
20,931100324,NO
20,931100325,NO
20,931100326,NO
20,931100327,NO
20,931100328,NO
20,931100329,NO
20,931100330,NO
20,931100331,NO
20,931100332,NO
20,931100333,NO
20,931100334,NO
20,931100335,NO
20,931100336,NO
20,931100337,NO
20,931100338,NO
20,931100339,NO
20,931100340,NO
20,931100341,NO
20,931100342,NO
20,931100343,NO
20,931100344,NO
20,931100345,NO
20,931100346,NO
20,931100347,NO
20,931100348,NO
20,931100349,NO
20,931100350,NO
20,931100351,NO
20,931100352,NO
20,931100353,NO
20,931100354,NO
20,931200080,NO
20,931200081,NO
20,931200082,NO
20,931200083,NO
20,931200084,NO
20,931200085,NO
20,931200086,NO
20,931200087,NO
20,931200088,NO
20,931200089,NO
20,931200090,NO
20,931200091,NO
20,931200092,NO
20,931200093,NO
20,931200094,NO
20,931200095,NO
20,931200098,NO
20,931200099,NO
20,931200100,NO
20,931200101,NO
20,931200103,NO
20,931200104,NO
20,931200105,NO
20,931200106,NO
20,931200107,NO
20,931200108,NO
20,931200109,NO
20,931200110,NO
20,931200111,NO
20,931200112,NO
20,931200113,NO
20,931200114,NO
20,931200120,NO
20,931200121,NO
20,931200264,NO
20,931200265,NO
20,931200266,NO
20,931200268,NO
20,931200269,NO
20,931200270,NO
20,931200271,NO
20,931200272,NO
20,931200273,NO
20,931200274,NO
20,931200275,NO
20,931200276,NO
20,931200277,NO
20,931200278,NO
20,931200279,NO
20,931200280,NO
20,931200281,NO
20,931200282,NO
20,931200283,NO
20,931200285,NO
20,931200286,NO
20,931200293,NO
20,931200294,NO
20,931200295,NO
20,931200296,NO
20,931200297,NO
20,931200298,NO
20,931200299,NO
20,931200300,NO
20,931200301,NO
20,931200302,NO
20,931200303,NO
20,931200304,NO
20,931200305,NO
20,931200405,NO
20,931200406,NO
20,931200407,NO
20,931200408,NO
20,931200409,NO
20,931200410,NO
20,931200411,NO
20,931200412,NO
20,931200413,NO
20,931200414,NO
20,931200415,NO
20,931200416,NO
20,931200417,NO
20,931200418,NO
20,931200419,NO
20,931200420,NO
20,931200421,NO
20,931200422,NO
20,931200423,NO
20,931200424,NO
20,931200425,NO
20,931200426,NO
20,931200427,NO
20,931200428,NO
20,931200429,NO
20,931200430,NO
20,931200431,NO
20,931200432,NO
20,931200433,NO
20,931200434,NO
20,931200435,NO
20,931200436,NO
20,931200437,NO
20,931200438,NO
20,931200612,NO
20,931200613,NO
20,931200614,NO
20,931200615,NO
20,931200616,NO
20,931200617,NO
20,931200619,NO
20,931200620,NO
20,931200621,NO
20,931200622,NO
20,931200623,NO
20,931200624,NO
20,931200625,NO
20,931200626,NO
20,931200627,NO
20,931200628,NO
20,931200629,NO
20,931200630,NO
20,931200631,NO
20,931200632,NO
20,931200633,NO
20,931200634,NO
20,931200644,NO
20,931200645,NO
20,931200646,NO
20,931200647,NO
20,931200648,NO
20,931200649,NO
20,931200650,NO
20,931200651,NO
20,931200652,NO
20,931200653,NO
20,931200654,NO
20,931200655,NO
20,931300341,NO
20,931300342,NO
20,931300343,NO
20,931300344,NO
20,931300347,NO
20,931300348,NO
20,931300349,NO
20,931300354,NO
20,931300355,NO
20,931300356,NO
20,931300357,NO
20,931300358,NO
20,931300376,NO
20,931300377,NO
20,931300378,NO
20,931300379,NO
20,931300380,NO
20,931300381,NO
20,931300382,NO
20,931300383,NO
20,931300384,NO
20,931300385,NO
20,931300386,NO
20,931300387,NO
20,931300388,NO
20,931300389,NO
20,931300390,NO
20,931300391,NO
20,931300392,NO
20,931300393,NO
20,931300394,NO
20,931300395,NO
20,931300396,NO
20,931300397,NO
20,931300546,NO
20,931300547,NO
20,931300548,NO
20,931300549,NO
20,931300550,NO
20,931300551,NO
20,931300552,NO
20,931300553,NO
20,931300554,NO
20,931300555,NO
20,931300556,NO
20,931300557,NO
20,931300558,NO
20,931300559,NO
20,931300560,NO
20,931300561,NO
20,931300562,NO
20,931300563,NO
20,931300564,NO
20,931300565,NO
20,931300566,NO
20,931300567,NO
20,931300568,NO
20,931300569,NO
20,931300570,NO
20,931300571,NO
20,931300572,NO
20,931300573,NO
20,931300574,NO
20,931300575,NO
20,931300576,NO
20,931300577,NO
20,931300578,NO
20,931300579,NO
20,931300692,NO
20,931300693,NO
20,931300694,NO
20,931300695,NO
20,931300696,NO
20,931300697,NO
20,931300698,NO
20,931300699,NO
20,931300700,NO
20,931300701,NO
20,931300702,NO
20,931300703,NO
20,931300704,NO
20,931300706,NO
20,931300708,NO
20,931300709,NO
20,931300711,NO
20,931300712,NO
20,931300714,NO
20,931300715,NO
20,931300716,NO
20,931300717,NO
20,931300718,NO
20,931300719,NO
20,931300720,NO
20,931300721,NO
20,931300722,NO
20,931300723,NO
20,931300724,NO
20,931300725,NO
20,931300726,NO
20,931300727,NO
20,931300728,NO
20,931300729,NO
20,931300910,NO
20,931300911,NO
20,931300912,NO
20,931300913,NO
20,931300914,NO
20,931300915,NO
20,931300916,NO
20,931300917,NO
20,931300918,NO
20,931300919,NO
20,931300920,NO
20,931300921,NO
20,931300922,NO
20,931300923,NO
20,931300924,NO
20,931300925,NO
20,931300926,NO
20,931300927,NO
20,931300928,NO
20,931300929,NO
20,931300930,NO
20,931300931,NO
20,931300932,NO
20,931300933,NO
20,931300934,NO
20,931300935,NO
20,931300936,NO
20,931300937,NO
20,931300938,NO
20,931300939,NO
20,931300940,NO
20,931300941,NO
20,931300942,NO
20,931300943,NO
20,931301050,NO
20,931301051,NO
20,931301052,NO
20,931301053,NO
20,931301054,NO
20,931301055,NO
20,931301056,NO
20,931301057,NO
20,931301058,NO
20,931301060,NO
20,931301061,NO
20,931301062,NO
20,931301063,NO
20,931301064,NO
20,931301065,NO
20,931301066,NO
20,931301067,NO
20,931301068,NO
20,931301069,NO
20,931301070,NO
20,931301071,NO
20,931301072,NO
20,931301073,NO
20,931301074,NO
20,931301077,NO
20,931301078,NO
20,931301079,NO
20,931301080,NO
20,931301081,NO
20,931301082,NO
20,931301083,NO
20,931301084,NO
20,931301085,NO
20,931301086,NO
20,931301305,NO
20,931301306,NO
20,931301307,NO
20,931301308,NO
20,931301309,NO
20,931301310,NO
20,931301311,NO
20,931301312,NO
20,931301314,NO
20,931301315,NO
20,931301316,NO
20,931301317,NO
20,931301318,NO
20,931301319,NO
20,931301320,NO
20,931301321,NO
20,931301322,NO
20,931301323,NO
20,931301324,NO
20,931301325,NO
20,931301326,NO
20,931301328,NO
20,931301329,NO
20,931301330,NO
20,931301331,NO
20,931301332,NO
20,931301333,NO
20,931301334,NO
20,931301335,NO
20,931301336,NO
20,931301337,NO
20,931301338,NO
20,931301339,NO
20,931301342,NO
20,931400033,NO
20,931400034,NO
20,931400035,NO
20,931400036,NO
20,931400037,NO
20,931400038,NO
20,931400039,NO
20,931400040,NO
20,931400041,NO
20,931400042,NO
20,931400043,NO
20,931400044,NO
20,931400045,NO
20,931400046,NO
20,931400047,NO
20,931400048,NO
20,931400049,NO
20,931400050,NO
20,931400051,NO
20,931400052,NO
20,931400053,NO
20,931400054,NO
20,931400055,NO
20,931400056,NO
20,931400057,NO
20,931400058,NO
20,931400059,NO
20,931400060,NO
20,931400061,NO
20,931400062,NO
20,931400063,NO
20,931400064,NO
20,931400065,NO
20,931400066,NO
20,931400170,NO
20,931400171,NO
20,931400172,NO
20,931400173,NO
20,931400174,NO
20,931400175,NO
20,931400176,NO
20,931400177,NO
20,931400178,NO
20,931400179,NO
20,931400180,NO
20,931400181,NO
20,931400182,NO
20,931400183,NO
20,931400184,NO
20,931400185,NO
20,931400186,NO
20,931400187,NO
20,931400188,NO
20,931400189,NO
20,931400190,NO
20,931400191,NO
20,931400192,NO
20,931400193,NO
20,931400194,NO
20,931400195,NO
20,931400196,NO
20,931400197,NO
20,931400198,NO
20,931400199,NO
20,931400200,NO
20,931400201,NO
20,931400202,NO
20,931400203,NO
20,931400306,NO
20,931400307,NO
20,931400308,NO
20,931400309,NO
20,931400310,NO
20,931400311,NO
20,931400312,NO
20,931400313,NO
20,931400314,NO
20,931400315,NO
20,931400316,NO
20,931400317,NO
20,931400318,NO
20,931400319,NO
20,931400320,NO
20,931400321,NO
20,931400322,NO
20,931400323,NO
20,931400324,NO
20,931400325,NO
20,931400326,NO
20,931400327,NO
20,931400328,NO
20,931400329,NO
20,931400330,NO
20,931400331,NO
20,931400332,NO
20,931400333,NO
20,931400334,NO
20,931400335,NO
20,931400336,NO
20,931400337,NO
20,931400338,NO
20,931400339,NO
20,931400475,NO
20,931400476,NO
20,931400477,NO
20,931400478,NO
20,931400479,NO
20,931400480,NO
20,931400481,NO
20,931400482,NO
20,931400483,NO
20,931400484,NO
20,931400485,NO
20,931400486,NO
20,931400487,NO
20,931400488,NO
20,931400489,NO
20,931400490,NO
20,931400491,NO
20,931400492,NO
20,931400493,NO
20,931400494,NO
20,931400495,NO
20,931400496,NO
20,931400497,NO
20,931400498,NO
20,931400499,NO
20,931400500,NO
20,931400501,NO
20,931400502,NO
20,931400503,NO
20,931400504,NO
20,931400505,NO
20,931400506,NO
20,931400507,NO
20,931400508,NO
20,931400679,NO
20,931400680,NO
20,931400681,NO
20,931400682,NO
20,931400683,NO
20,931400684,NO
20,931400685,NO
20,931400686,NO
20,931400687,NO
20,931400688,NO
20,931400689,NO
20,931400690,NO
20,931400691,NO
20,931400692,NO
20,931400693,NO
20,931400694,NO
20,931400695,NO
20,931400696,NO
20,931400697,NO
20,931400698,NO
20,931400699,NO
20,931400700,NO
20,931400701,NO
20,931400702,NO
20,931400703,NO
20,931400704,NO
20,931400705,NO
20,931400706,NO
20,931400707,NO
20,931400708,NO
20,931400709,NO
20,931400710,NO
20,931400711,NO
20,931400712,NO
20,931400817,NO
20,931400818,NO
20,931400819,NO
20,931400820,NO
20,931400821,NO
20,931400822,NO
20,931400823,NO
20,931400824,NO
20,931400825,NO
20,931400826,NO
20,931400827,NO
20,931400828,NO
20,931400829,NO
20,931400831,NO
20,931400832,NO
20,931400833,NO
20,931400834,NO
20,931400835,NO
20,931400836,NO
20,931400837,NO
20,931400838,NO
20,931400839,NO
20,931400840,NO
20,931400841,NO
20,931400842,NO
20,931400843,NO
20,931400844,NO
20,931400845,NO
20,931400846,NO
20,931400847,NO
20,931400848,NO
20,931400849,NO
20,931400850,NO
20,931400851,NO
20,931400988,NO
20,931400989,NO
20,931400990,NO
20,931400991,NO
20,931400992,NO
20,931400993,NO
20,931400994,NO
20,931400995,NO
20,931400996,NO
20,931400997,NO
20,931400998,NO
20,931400999,NO
20,931401000,NO
20,931401001,NO
20,931401002,NO
20,931401003,NO
20,931401004,NO
20,931401005,NO
20,931401006,NO
20,931401007,NO
20,931401008,NO
20,931401009,NO
20,931401010,NO
20,931401011,NO
20,931401012,NO
20,931401014,NO
20,931401015,NO
20,931401016,NO
20,931401017,NO
20,931401018,NO
20,931401019,NO
20,931401020,NO
20,931401021,NO
20,931401022,NO
20,931401159,NO
20,931401160,NO
20,931401161,NO
20,931401162,NO
20,931401163,NO
20,931401164,NO
20,931401165,NO
20,931401166,NO
20,931401167,NO
20,931401168,NO
20,931401169,NO
20,931401170,NO
20,931401171,NO
20,931401172,NO
20,931401173,NO
20,931401174,NO
20,931401175,NO
20,931401176,NO
20,931401177,NO
20,931401178,NO
20,931401179,NO
20,931401180,NO
20,931401181,NO
20,931401182,NO
20,931401183,NO
20,931401184,NO
20,931401185,NO
20,931401186,NO
20,931401187,NO
20,931401188,NO
20,931401189,NO
20,931401190,NO
20,931401191,NO
20,931401192,NO
20,931401399,NO
20,931401400,NO
20,931401401,NO
20,931401402,NO
20,931401403,NO
20,931401404,NO
20,931401405,NO
20,931401406,NO
20,931401407,NO
20,931401408,NO
20,931401409,NO
20,931401410,NO
20,931401411,NO
20,931401412,NO
20,931401413,NO
20,931401414,NO
20,931401415,NO
20,931401416,NO
20,931401417,NO
20,931401418,NO
20,931401419,NO
20,931401420,NO
20,931401421,NO
20,931401422,NO
20,931401423,NO
20,931401424,NO
20,931401425,NO
20,931401426,NO
20,931401428,NO
20,931401429,NO
20,931401430,NO
20,931401431,NO
20,931401432,NO
20,931401433,NO
20,931401577,NO
20,931401578,NO
20,931401579,NO
20,931401580,NO
20,931401581,NO
20,931401582,NO
20,931401583,NO
20,931401584,NO
20,931401585,NO
20,931401586,NO
20,931401587,NO
20,931401588,NO
20,931401589,NO
20,931401590,NO
20,931401591,NO
20,931401592,NO
20,931401593,NO
20,931401594,NO
20,931401595,NO
20,931401596,NO
20,931401597,NO
20,931401598,NO
20,931401599,NO
20,931401600,NO
20,931401601,NO
20,931401602,NO
20,931401603,NO
20,931401604,NO
20,931401605,NO
20,931401606,NO
20,931401607,NO
20,931401608,NO
20,931401609,NO
20,931401610,NO
20,931401714,NO
20,931401715,NO
20,931401716,NO
20,931401717,NO
20,931401718,NO
20,931401719,NO
20,931401720,NO
20,931401721,NO
20,931401722,NO
20,931401723,NO
20,931401724,NO
20,931401725,NO
20,931401726,NO
20,931401727,NO
20,931401728,NO
20,931401729,NO
20,931401730,NO
20,931401731,NO
20,931401732,NO
20,931401733,NO
20,931401734,NO
20,931401737,NO
20,931401738,NO
20,931401739,NO
20,931401740,NO
20,931401741,NO
20,931401742,NO
20,931401743,NO
20,931401744,NO
20,931401745,NO
20,931401746,NO
20,931401748,NO
20,931401749,NO
20,931401750,NO
20,931200473,NO
20,931200474,NO
20,931200475,NO
20,931200476,NO
20,931200477,NO
20,931200478,NO
20,931200479,NO
20,931200480,NO
20,931200481,NO
20,931200482,NO
20,931200483,NO
20,931200484,NO
20,931200485,NO
20,931200486,NO
20,931200487,NO
20,931200488,NO
20,931200489,NO
20,931200490,NO
20,931200491,NO
20,931200492,NO
20,931200493,NO
20,931200494,NO
20,931200495,NO
20,931200496,NO
20,931200497,NO
20,931200498,NO
20,931200499,NO
20,931200500,NO
20,931200501,NO
20,931200502,NO
20,931200503,NO
20,931200504,NO
20,931200505,NO
20,931200506,NO
20,931200578,NO
20,931200579,NO
20,931200580,NO
20,931200581,NO
20,931200582,NO
20,931200583,NO
20,931200584,NO
20,931200585,NO
20,931200586,NO
20,931200587,NO
20,931200588,NO
20,931200589,NO
20,931200590,NO
20,931200591,NO
20,931200592,NO
20,931200593,NO
20,931200594,NO
20,931200595,NO
20,931200596,NO
20,931200597,NO
20,931200598,NO
20,931200599,NO
20,931200600,NO
20,931200601,NO
20,931200602,NO
20,931200603,NO
20,931200604,NO
20,931200605,NO
20,931200606,NO
20,931200607,NO
20,931200608,NO
20,931200609,NO
20,931200610,NO
20,931200611,NO
20,931200692,NO
20,931200693,NO
20,931200695,NO
20,931200696,NO
20,931200697,NO
20,931200698,NO
20,931200699,NO
20,931200700,NO
20,931200702,NO
20,931200703,NO
20,931200704,NO
20,931200705,NO
20,931200706,NO
20,931200707,NO
20,931200708,NO
20,931200709,NO
20,931200710,NO
20,931200711,NO
20,931200712,NO
20,931200713,NO
20,931200714,NO
20,931200715,NO
20,931200716,NO
20,931200717,NO
20,931200718,NO
20,931200719,NO
20,931200720,NO
20,931200721,NO
20,931200722,NO
20,931200723,NO
20,931200724,NO
20,931200725,NO
20,931200726,NO
20,931200727,NO
20,931300166,NO
20,931300167,NO
20,931300168,NO
20,931300169,NO
20,931300170,NO
20,931300171,NO
20,931300172,NO
20,931300173,NO
20,931300174,NO
20,931300175,NO
20,931300176,NO
20,931300177,NO
20,931300178,NO
20,931300179,NO
20,931300180,NO
20,931300181,NO
20,931300182,NO
20,931300183,NO
20,931300184,NO
20,931300185,NO
20,931300186,NO
20,931300187,NO
20,931300188,NO
20,931300189,NO
20,931300190,NO
20,931300191,NO
20,931300192,NO
20,931300193,NO
20,931300194,NO
20,931300195,NO
20,931300196,NO
20,931300197,NO
20,931300198,NO
20,931300199,NO
20,931300398,NO
20,931300399,NO
20,931300412,NO
20,931300413,NO
20,931300414,NO
20,931300415,NO
20,931300416,NO
20,931300417,NO
20,931300418,NO
20,931300419,NO
20,931300420,NO
20,931300421,NO
20,931300422,NO
20,931300423,NO
20,931300424,NO
20,931300425,NO
20,931300426,NO
20,931300427,NO
20,931300428,NO
20,931300429,NO
20,931300430,NO
20,931300431,NO
20,931300432,NO
20,931300433,NO
20,931300434,NO
20,931300435,NO
20,931300436,NO
20,931300437,NO
20,931300438,NO
20,931300439,NO
20,931300440,NO
20,931300441,NO
20,931300442,NO
20,931300443,NO
20,931300580,NO
20,931300581,NO
20,931300582,NO
20,931300583,NO
20,931300584,NO
20,931300585,NO
20,931300586,NO
20,931300587,NO
20,931300588,NO
20,931300589,NO
20,931300590,NO
20,931300591,NO
20,931300592,NO
20,931300593,NO
20,931300594,NO
20,931300595,NO
20,931300596,NO
20,931300597,NO
20,931300598,NO
20,931300599,NO
20,931300600,NO
20,931300601,NO
20,931300602,NO
20,931300603,NO
20,931300604,NO
20,931300605,NO
20,931300606,NO
20,931300607,NO
20,931300608,NO
20,931300609,NO
20,931300610,NO
20,931300611,NO
20,931300612,NO
20,931300613,NO
20,931300648,NO
20,931300649,NO
20,931300650,NO
20,931300651,NO
20,931300652,NO
20,931300653,NO
20,931300654,NO
20,931300655,NO
20,931300656,NO
20,931300657,NO
20,931300659,NO
20,931300661,NO
20,931300662,NO
20,931300663,NO
20,931300664,NO
20,931300665,NO
20,931300666,NO
20,931300667,NO
20,931300668,NO
20,931300669,NO
20,931300670,NO
20,931300671,NO
20,931300674,NO
20,931300675,NO
20,931300676,NO
20,931300677,NO
20,931300679,NO
20,931300680,NO
20,931300682,NO
20,931300686,NO
20,931300688,NO
20,931300689,NO
20,931300690,NO
20,931300691,NO
20,931300836,NO
20,931300837,NO
20,931300838,NO
20,931300839,NO
20,931300840,NO
20,931300841,NO
20,931300842,NO
20,931300844,NO
20,931300846,NO
20,931300847,NO
20,931300848,NO
20,931300849,NO
20,931300850,NO
20,931300851,NO
20,931300852,NO
20,931300853,NO
20,931300854,NO
20,931300855,NO
20,931300856,NO
20,931300857,NO
20,931300858,NO
20,931300859,NO
20,931300860,NO
20,931300861,NO
20,931300862,NO
20,931300863,NO
20,931300864,NO
20,931300865,NO
20,931300866,NO
20,931300867,NO
20,931300868,NO
20,931300869,NO
20,931300870,NO
20,931300872,NO
20,931300980,NO
20,931300981,NO
20,931300982,NO
20,931300983,NO
20,931300984,NO
20,931300985,NO
20,931300986,NO
20,931300989,NO
20,931300990,NO
20,931300991,NO
20,931300992,NO
20,931300993,NO
20,931300994,NO
20,931300995,NO
20,931300996,NO
20,931300997,NO
20,931300998,NO
20,931300999,NO
20,931301000,NO
20,931301001,NO
20,931301002,NO
20,931301003,NO
20,931301004,NO
20,931301005,NO
20,931301006,NO
20,931301007,NO
20,931301008,NO
20,931301009,NO
20,931301010,NO
20,931301011,NO
20,931301012,NO
20,931301013,NO
20,931301014,NO
20,931301015,NO
20,931301159,NO
20,931301160,NO
20,931301161,NO
20,931301162,NO
20,931301163,NO
20,931301164,NO
20,931301165,NO
20,931301166,NO
20,931301167,NO
20,931301168,NO
20,931301169,NO
20,931301170,NO
20,931301171,NO
20,931301172,NO
20,931301173,NO
20,931301174,NO
20,931301175,NO
20,931301176,NO
20,931301177,NO
20,931301178,NO
20,931301179,NO
20,931301180,NO
20,931301181,NO
20,931301182,NO
20,931301183,NO
20,931301184,NO
20,931301185,NO
20,931301186,NO
20,931301187,NO
20,931301188,NO
20,931301189,NO
20,931301190,NO
20,931301191,NO
20,931301192,NO
20,931301271,NO
20,931301272,NO
20,931301273,NO
20,931301274,NO
20,931301275,NO
20,931301276,NO
20,931301277,NO
20,931301278,NO
20,931301279,NO
20,931301280,NO
20,931301281,NO
20,931301282,NO
20,931301283,NO
20,931301284,NO
20,931301285,NO
20,931301286,NO
20,931301287,NO
20,931301288,NO
20,931301289,NO
20,931301290,NO
20,931301291,NO
20,931301292,NO
20,931301293,NO
20,931301294,NO
20,931301295,NO
20,931301296,NO
20,931301297,NO
20,931301298,NO
20,931301299,NO
20,931301300,NO
20,931301301,NO
20,931301302,NO
20,931301303,NO
20,931301304,NO
20,931301377,NO
20,931301378,NO
20,931301379,NO
20,931301380,NO
20,931301381,NO
20,931301382,NO
20,931301383,NO
20,931301384,NO
20,931301385,NO
20,931301386,NO
20,931301387,NO
20,931301388,NO
20,931301389,NO
20,931301390,NO
20,931301391,NO
20,931301392,NO
20,931301393,NO
20,931301394,NO
20,931301395,NO
20,931301396,NO
20,931301398,NO
20,931301399,NO
20,931301401,NO
20,931301402,NO
20,931301403,NO
20,931301404,NO
20,931301405,NO
20,931301406,NO
20,931301407,NO
20,931301408,NO
20,931301409,NO
20,931301410,NO
20,931301411,NO
20,931301412,NO
20,931301516,NO
20,931301517,NO
20,931301518,NO
20,931400001,NO
20,931400002,NO
20,931400003,NO
20,931400004,NO
20,931400005,NO
20,931400006,NO
20,931400007,NO
20,931400008,NO
20,931400009,NO
20,931400010,NO
20,931400011,NO
20,931400012,NO
20,931400013,NO
20,931400014,NO
20,931400015,NO
20,931400016,NO
20,931400017,NO
20,931400018,NO
20,931400019,NO
20,931400020,NO
20,931400021,NO
20,931400022,NO
20,931400023,NO
20,931400024,NO
20,931400025,NO
20,931400026,NO
20,931400027,NO
20,931400029,NO
20,931400030,NO
20,931400031,NO
20,931400032,NO
20,931400204,NO
20,931400205,NO
20,931400206,NO
20,931400207,NO
20,931400208,NO
20,931400209,NO
20,931400210,NO
20,931400211,NO
20,931400212,NO
20,931400213,NO
20,931400214,NO
20,931400215,NO
20,931400216,NO
20,931400217,NO
20,931400218,NO
20,931400219,NO
20,931400220,NO
20,931400221,NO
20,931400222,NO
20,931400223,NO
20,931400224,NO
20,931400225,NO
20,931400226,NO
20,931400227,NO
20,931400228,NO
20,931400229,NO
20,931400230,NO
20,931400231,NO
20,931400232,NO
20,931400233,NO
20,931400234,NO
20,931400235,NO
20,931400236,NO
20,931400237,NO
20,931400340,NO
20,931400341,NO
20,931400342,NO
20,931400343,NO
20,931400344,NO
20,931400345,NO
20,931400346,NO
20,931400347,NO
20,931400348,NO
20,931400349,NO
20,931400350,NO
20,931400351,NO
20,931400352,NO
20,931400353,NO
20,931400354,NO
20,911304874,NO
20,931400355,NO
20,931400356,NO
20,931400357,NO
20,931400358,NO
20,931400359,NO
20,931400360,NO
20,931400361,NO
20,931400362,NO
20,931400363,NO
20,931400364,NO
20,931400365,NO
20,931400366,NO
20,931400367,NO
20,931400368,NO
20,931400369,NO
20,931400370,NO
20,931400371,NO
20,931400372,NO
20,931400509,NO
20,931400510,NO
20,931400511,NO
20,931400512,NO
20,931400513,NO
20,931400514,NO
20,931400515,NO
20,931400516,NO
20,931400517,NO
20,931400518,NO
20,931400519,NO
20,931400520,NO
20,931400521,NO
20,931400522,NO
20,931400523,NO
20,931400524,NO
20,931400525,NO
20,931400526,NO
20,931400527,NO
20,931400528,NO
20,931400529,NO
20,931400530,NO
20,931400531,NO
20,931400532,NO
20,931400533,NO
20,931400534,NO
20,931400535,NO
20,931400536,NO
20,931400537,NO
20,931400538,NO
20,931400539,NO
20,931400540,NO
20,931400541,NO
20,931400542,NO
20,931400611,NO
20,931400612,NO
20,931400613,NO
20,931400614,NO
20,931400615,NO
20,931400616,NO
20,931400617,NO
20,931400618,NO
20,931400619,NO
20,931400620,NO
20,931400621,NO
20,931400622,NO
20,931400623,NO
20,931400624,NO
20,931400625,NO
20,931400626,NO
20,931400627,NO
20,931400628,NO
20,931400629,NO
20,931400630,NO
20,931400631,NO
20,931400632,NO
20,931400633,NO
20,931400634,NO
20,931400635,NO
20,931400636,NO
20,931400637,NO
20,931400638,NO
20,931400639,NO
20,931400640,NO
20,931400641,NO
20,931400642,NO
20,931400643,NO
20,931400644,NO
20,931400747,NO
20,931400748,NO
20,931400749,NO
20,931400750,NO
20,931400751,NO
20,931400752,NO
20,931400753,NO
20,931400754,NO
20,931400755,NO
20,931400757,NO
20,931400758,NO
20,931400759,NO
20,931400760,NO
20,931400761,NO
20,931400762,NO
20,931400763,NO
20,931400764,NO
20,931400766,NO
20,931400767,NO
20,931400768,NO
20,931400769,NO
20,931400770,NO
20,931400771,NO
20,931400772,NO
20,931400773,NO
20,931400774,NO
20,931400775,NO
20,931400776,NO
20,931400777,NO
20,931400778,NO
20,931400779,NO
20,931400780,NO
20,931400781,NO
20,931400782,NO
20,931400954,NO
20,931400955,NO
20,931400956,NO
20,931400957,NO
20,931400958,NO
20,931400959,NO
20,931400960,NO
20,931400961,NO
20,931400962,NO
20,931400963,NO
20,931400964,NO
20,931400965,NO
20,931400966,NO
20,931400967,NO
20,931400968,NO
20,931400969,NO
20,931400970,NO
20,931400971,NO
20,931400972,NO
20,931400973,NO
20,931400974,NO
20,931400975,NO
20,931400976,NO
20,931400977,NO
20,931400978,NO
20,931400979,NO
20,931400980,NO
20,931400981,NO
20,931400982,NO
20,931400983,NO
20,931400984,NO
20,931400985,NO
20,931400986,NO
20,931400987,NO
20,931401057,NO
20,931401058,NO
20,931401059,NO
20,931401060,NO
20,931401061,NO
20,931401062,NO
20,931401063,NO
20,931401064,NO
20,931401065,NO
20,931401066,NO
20,931401067,NO
20,931401068,NO
20,931401069,NO
20,931401070,NO
20,931401071,NO
20,931401072,NO
20,931401073,NO
20,931401074,NO
20,931401075,NO
20,931401076,NO
20,931401077,NO
20,931401078,NO
20,931401079,NO
20,931401080,NO
20,931401081,NO
20,931401082,NO
20,931401083,NO
20,931401084,NO
20,931401085,NO
20,931401086,NO
20,931401087,NO
20,931401088,NO
20,931401089,NO
20,931401090,NO
20,931401227,NO
20,931401228,NO
20,931401229,NO
20,931401230,NO
20,931401231,NO
20,931401232,NO
20,931401233,NO
20,931401234,NO
20,931401235,NO
20,931401236,NO
20,931401237,NO
20,931401238,NO
20,931401239,NO
20,931401240,NO
20,931401241,NO
20,931401242,NO
20,931401243,NO
20,931401244,NO
20,931401245,NO
20,931401246,NO
20,931401247,NO
20,931401248,NO
20,931401249,NO
20,931401250,NO
20,931401251,NO
20,931401252,NO
20,931401253,NO
20,931401254,NO
20,931401255,NO
20,931401256,NO
20,931401257,NO
20,931401258,NO
20,931401259,NO
20,931401260,NO
20,931401261,NO
20,931401262,NO
20,931401263,NO
20,931401264,NO
20,931401265,NO
20,931401266,NO
20,931401267,NO
20,931401268,NO
20,931401269,NO
20,931401270,NO
20,931401271,NO
20,931401272,NO
20,931401273,NO
20,931401274,NO
20,931401275,NO
20,931401276,NO
20,931401278,NO
20,931401279,NO
20,931401281,NO
20,931401282,NO
20,931401283,NO
20,931401284,NO
20,931401285,NO
20,931401286,NO
20,931401287,NO
20,931401288,NO
20,931401289,NO
20,931401290,NO
20,931401291,NO
20,931401292,NO
20,931401293,NO
20,931401294,NO
20,931401295,NO
20,931401296,NO
20,931401434,NO
20,931401435,NO
20,931401436,NO
20,931401437,NO
20,931401438,NO
20,931401439,NO
20,931401440,NO
20,931401441,NO
20,931401442,NO
20,931401443,NO
20,931401444,NO
20,931401445,NO
20,931401446,NO
20,931401447,NO
20,931401448,NO
20,931401449,NO
20,931401450,NO
20,931401451,NO
20,931401452,NO
20,931401453,NO
20,931401454,NO
20,931401455,NO
20,931401456,NO
20,931401457,NO
20,931401458,NO
20,931401459,NO
20,931401460,NO
20,931401461,NO
20,931401462,NO
20,931401463,NO
20,931401464,NO
20,931401465,NO
20,931401466,NO
20,931401467,NO
20,931401543,NO
20,931401544,NO
20,931401545,NO
20,931401546,NO
20,931401547,NO
20,931401548,NO
20,931401549,NO
20,931401550,NO
20,931401551,NO
20,931401552,NO
20,931401553,NO
20,931401554,NO
20,931401555,NO
20,931401556,NO
20,931401557,NO
20,931401558,NO
20,931401559,NO
20,931401560,NO
20,931401561,NO
20,931401562,NO
20,931401563,NO
20,931401564,NO
20,931401565,NO
20,931401566,NO
20,931401567,NO
20,931401568,NO
20,931401569,NO
20,931401570,NO
20,931401571,NO
20,931401572,NO
20,931401573,NO
20,931401574,NO
20,931401575,NO
20,931401576,NO
20,931401680,NO
20,931401681,NO
20,931401682,NO
20,931401683,NO
20,931401684,NO
20,931401685,NO
20,931401686,NO
20,931401687,NO
20,931401688,NO
20,931401689,NO
20,931401690,NO
20,931401691,NO
20,931401692,NO
20,931401693,NO
20,931401694,NO
20,931401695,NO
20,931401696,NO
20,931401697,NO
20,931401698,NO
20,931401699,NO
20,931401700,NO
20,931401701,NO
20,931401702,NO
20,931401703,NO
20,931401704,NO
20,931401705,NO
20,931401706,NO
20,931401707,NO
20,931401708,NO
20,931401709,NO
20,931401710,NO
20,931401711,NO
20,931401712,NO
20,931401713,NO
20,931401888,NO
20,931401889,NO
20,931401890,NO
20,931401895,NO
20,931401896,NO
20,931401897,NO
20,931401898,NO
20,931401899,NO
20,931401900,NO
20,931401901,NO
20,931401902,NO
20,931401903,NO
20,931401904,NO
20,931401905,NO
20,931401906,NO
20,931401907,NO
20,931401908,NO
20,931401909,NO
20,931401910,NO
20,931401911,NO
20,931401912,NO
20,931401913,NO
20,931401914,NO
20,931401915,NO
20,931401916,NO
20,931401917,NO
20,931401918,NO
20,931401919,NO
20,931401920,NO
20,931401921,NO
20,931401922,NO
20,931401923,NO
20,931401924,NO
20,931401925,NO
20,931402137,NO
20,931402138,NO
20,931402139,NO
20,931402140,NO
20,931402141,NO
20,931402142,NO
20,931402143,NO
20,931402144,NO
20,931402145,NO
20,931402146,NO
20,931402147,NO
20,931402148,NO
20,931402149,NO
20,931402150,NO
20,931402151,NO
20,931402152,NO
20,931402153,NO
20,931402154,NO
20,931402155,NO
20,931402156,NO
20,931402157,NO
20,931402158,NO
20,931402159,NO
20,931402160,NO
20,931402161,NO
20,931402162,NO
20,931402163,NO
20,931402164,NO
20,931402165,NO
20,931402166,NO
20,931402167,NO
20,931402168,NO
20,931402169,NO
20,931402170,NO
20,931200507,NO
20,931200508,NO
20,931200509,NO
20,931200510,NO
20,931200511,NO
20,931200512,NO
20,931200513,NO
20,931200514,NO
20,931200515,NO
20,931200516,NO
20,931200517,NO
20,931200518,NO
20,931200519,NO
20,931200520,NO
20,931200521,NO
20,931200522,NO
20,931200523,NO
20,931200524,NO
20,931200525,NO
20,931200526,NO
20,931200527,NO
20,931200528,NO
20,931200529,NO
20,931200530,NO
20,931200531,NO
20,931200532,NO
20,931200533,NO
20,931200534,NO
20,931200535,NO
20,931200536,NO
20,931200537,NO
20,931200538,NO
20,931200539,NO
20,931200541,NO
20,931200656,NO
20,931200657,NO
20,931200658,NO
20,931200659,NO
20,931200660,NO
20,931200661,NO
20,931200662,NO
20,931200663,NO
20,931200664,NO
20,931200665,NO
20,931200666,NO
20,931200667,NO
20,931200668,NO
20,931200669,NO
20,931200670,NO
20,931200671,NO
20,931200672,NO
20,931200673,NO
20,931200674,NO
20,931200675,NO
20,931200676,NO
20,931200677,NO
20,931200678,NO
20,931200679,NO
20,931200680,NO
20,931200683,NO
20,931200684,NO
20,931200685,NO
20,931200686,NO
20,931200687,NO
20,931200688,NO
20,931200689,NO
20,931200690,NO
20,931200691,NO
20,931300044,NO
20,931300047,NO
20,931300048,NO
20,931300049,NO
20,931300050,NO
20,931300051,NO
20,931300052,NO
20,931300053,NO
20,931300058,NO
20,931300059,NO
20,931300060,NO
20,931300061,NO
20,931300086,NO
20,931300087,NO
20,931300092,NO
20,931300093,NO
20,931300094,NO
20,931300095,NO
20,931300096,NO
20,931300097,NO
20,931300098,NO
20,931300099,NO
20,931300101,NO
20,931300103,NO
20,931300105,NO
20,931300107,NO
20,931300109,NO
20,931300111,NO
20,931300114,NO
20,931300116,NO
20,931300122,NO
20,931300163,NO
20,931300164,NO
20,931300165,NO
20,931300444,NO
20,931300445,NO
20,931300446,NO
20,931300447,NO
20,931300448,NO
20,931300449,NO
20,931300450,NO
20,931300451,NO
20,931300452,NO
20,931300453,NO
20,931300454,NO
20,931300455,NO
20,931300456,NO
20,931300457,NO
20,931300458,NO
20,931300459,NO
20,931300460,NO
20,931300461,NO
20,931300462,NO
20,931300463,NO
20,931300464,NO
20,931300465,NO
20,931300466,NO
20,931300467,NO
20,931300468,NO
20,931300469,NO
20,931300470,NO
20,931300471,NO
20,931300472,NO
20,931300473,NO
20,931300474,NO
20,931300475,NO
20,931300476,NO
20,931300477,NO
20,931300614,NO
20,931300615,NO
20,931300616,NO
20,931300617,NO
20,931300618,NO
20,931300619,NO
20,931300620,NO
20,931300621,NO
20,931300622,NO
20,931300623,NO
20,931300624,NO
20,931300625,NO
20,931300626,NO
20,931300627,NO
20,931300628,NO
20,931300629,NO
20,931300630,NO
20,931300631,NO
20,931300632,NO
20,931300633,NO
20,931300634,NO
20,931300635,NO
20,931300636,NO
20,931300637,NO
20,931300638,NO
20,931300639,NO
20,931300640,NO
20,931300641,NO
20,931300642,NO
20,931300643,NO
20,931300644,NO
20,931300645,NO
20,931300646,NO
20,931300647,NO
20,931300730,NO
20,931300731,NO
20,931300732,NO
20,931300733,NO
20,931300734,NO
20,931300735,NO
20,931300736,NO
20,931300737,NO
20,931300738,NO
20,931300739,NO
20,931300740,NO
20,931300741,NO
20,931300742,NO
20,931300743,NO
20,931300744,NO
20,931300745,NO
20,931300746,NO
20,931300748,NO
20,931300749,NO
20,931300750,NO
20,931300751,NO
20,931300752,NO
20,931300753,NO
20,931300754,NO
20,931300755,NO
20,931300756,NO
20,931300757,NO
20,931300758,NO
20,931300759,NO
20,931300760,NO
20,931300761,NO
20,931300762,NO
20,931300763,NO
20,931300764,NO
20,931300873,NO
20,931300874,NO
20,931300875,NO
20,931300876,NO
20,931300877,NO
20,931300878,NO
20,931300879,NO
20,931300880,NO
20,931300881,NO
20,931300882,NO
20,931300883,NO
20,931300884,NO
20,931300885,NO
20,931300886,NO
20,931300887,NO
20,931300888,NO
20,931300889,NO
20,931300890,NO
20,931300893,NO
20,931300894,NO
20,931300895,NO
20,931300897,NO
20,931300898,NO
20,931300899,NO
20,931300900,NO
20,931300901,NO
20,931300902,NO
20,931300903,NO
20,931300904,NO
20,931300905,NO
20,931300906,NO
20,931300907,NO
20,931300908,NO
20,931300909,NO
20,931301087,NO
20,931301088,NO
20,931301089,NO
20,931301091,NO
20,931301092,NO
20,931301093,NO
20,931301094,NO
20,931301095,NO
20,931301096,NO
20,931301097,NO
20,931301098,NO
20,931301099,NO
20,931301100,NO
20,931301101,NO
20,931301102,NO
20,931301103,NO
20,931301104,NO
20,931301105,NO
20,931301106,NO
20,931301107,NO
20,931301108,NO
20,931301109,NO
20,931301110,NO
20,931301111,NO
20,931301112,NO
20,931301113,NO
20,931301114,NO
20,931301115,NO
20,931301116,NO
20,931301117,NO
20,931301118,NO
20,931301119,NO
20,931301120,NO
20,931301121,NO
20,931301193,NO
20,931301194,NO
20,931301195,NO
20,931301199,NO
20,931301201,NO
20,931301202,NO
20,931301203,NO
20,931301204,NO
20,931301205,NO
20,931301206,NO
20,931301207,NO
20,931301208,NO
20,931301209,NO
20,931301210,NO
20,931301213,NO
20,931301214,NO
20,931301215,NO
20,931301216,NO
20,931301217,NO
20,931301218,NO
20,931301219,NO
20,931301220,NO
20,931301221,NO
20,931301223,NO
20,931301224,NO
20,931301225,NO
20,931301226,NO
20,931301227,NO
20,931301228,NO
20,931301229,NO
20,931301230,NO
20,931301233,NO
20,931301234,NO
20,931301235,NO
20,931301343,NO
20,931301344,NO
20,931301345,NO
20,931301346,NO
20,931301347,NO
20,931301348,NO
20,931301349,NO
20,931301350,NO
20,931301351,NO
20,931301352,NO
20,931301353,NO
20,931301354,NO
20,931301355,NO
20,931301356,NO
20,931301357,NO
20,931301358,NO
20,931301359,NO
20,931301360,NO
20,931301361,NO
20,931301362,NO
20,931301363,NO
20,931301364,NO
20,931301365,NO
20,931301366,NO
20,931301367,NO
20,931301368,NO
20,931301369,NO
20,931301370,NO
20,931301371,NO
20,931301372,NO
20,931301373,NO
20,931301374,NO
20,931301375,NO
20,931301376,NO
20,931301481,NO
20,931301482,NO
20,931301483,NO
20,931301484,NO
20,931301485,NO
20,931301486,NO
20,931301487,NO
20,931301488,NO
20,931301489,NO
20,931301490,NO
20,931301491,NO
20,931301492,NO
20,931301493,NO
20,931301494,NO
20,931301495,NO
20,931301496,NO
20,931301498,NO
20,931301499,NO
20,931301500,NO
20,931301501,NO
20,931301502,NO
20,931301503,NO
20,931301504,NO
20,931301505,NO
20,931301506,NO
20,931301507,NO
20,931301508,NO
20,931301509,NO
20,931301510,NO
20,931301511,NO
20,931301512,NO
20,931301513,NO
20,931301514,NO
20,931301515,NO
20,931400136,NO
20,931400137,NO
20,931400138,NO
20,931400139,NO
20,931400140,NO
20,931400141,NO
20,931400142,NO
20,931400143,NO
20,931400144,NO
20,931400145,NO
20,931400146,NO
20,931400147,NO
20,931400148,NO
20,931400149,NO
20,931400150,NO
20,931400151,NO
20,931400152,NO
20,931400153,NO
20,931400154,NO
20,931400155,NO
20,931400156,NO
20,931400157,NO
20,931400158,NO
20,931400159,NO
20,931400160,NO
20,931400161,NO
20,931400162,NO
20,931400163,NO
20,931400164,NO
20,931400165,NO
20,931400166,NO
20,931400167,NO
20,931400168,NO
20,931400169,NO
20,931400238,NO
20,931400239,NO
20,931400240,NO
20,931400241,NO
20,931400242,NO
20,931400243,NO
20,931400244,NO
20,931400245,NO
20,931400246,NO
20,931400247,NO
20,931400248,NO
20,931400249,NO
20,931400250,NO
20,931400251,NO
20,931400252,NO
20,931400253,NO
20,931400254,NO
20,931400255,NO
20,931400256,NO
20,931400257,NO
20,931400258,NO
20,931400259,NO
20,931400260,NO
20,931400261,NO
20,931400262,NO
20,931400263,NO
20,931400264,NO
20,931400265,NO
20,931400266,NO
20,931400267,NO
20,931400268,NO
20,931400269,NO
20,931400270,NO
20,931400271,NO
20,931400373,NO
20,931400374,NO
20,931400375,NO
20,931400376,NO
20,931400377,NO
20,931400378,NO
20,931400379,NO
20,931400380,NO
20,931400381,NO
20,931400382,NO
20,931400383,NO
20,931400384,NO
20,931400385,NO
20,931400386,NO
20,931400387,NO
20,931400388,NO
20,931400389,NO
20,931400390,NO
20,931400391,NO
20,931400392,NO
20,931400393,NO
20,931400394,NO
20,931400395,NO
20,931400396,NO
20,931400397,NO
20,931400398,NO
20,931400399,NO
20,931400400,NO
20,931400401,NO
20,931400402,NO
20,931400403,NO
20,931400404,NO
20,931400405,NO
20,931400406,NO
20,931400543,NO
20,931400544,NO
20,931400545,NO
20,931400546,NO
20,931400547,NO
20,931400548,NO
20,931400549,NO
20,931400550,NO
20,931400551,NO
20,931400552,NO
20,931400553,NO
20,931400554,NO
20,931400555,NO
20,931400556,NO
20,931400557,NO
20,931400558,NO
20,931400559,NO
20,931400560,NO
20,931400561,NO
20,931400562,NO
20,931400563,NO
20,931400564,NO
20,931400565,NO
20,931400566,NO
20,931400567,NO
20,931400568,NO
20,931400569,NO
20,931400570,NO
20,931400571,NO
20,931400572,NO
20,931400573,NO
20,931400574,NO
20,931400575,NO
20,931400576,NO
20,931400713,NO
20,931400714,NO
20,931400715,NO
20,931400716,NO
20,931400717,NO
20,931400718,NO
20,931400719,NO
20,931400720,NO
20,931400721,NO
20,931400722,NO
20,931400723,NO
20,931400724,NO
20,931400725,NO
20,931400726,NO
20,931400727,NO
20,931400728,NO
20,931400729,NO
20,931400730,NO
20,931400731,NO
20,931400732,NO
20,931400733,NO
20,931400734,NO
20,931400735,NO
20,931400736,NO
20,931400737,NO
20,931400738,NO
20,931400739,NO
20,931400740,NO
20,931400741,NO
20,931400742,NO
20,931400743,NO
20,931400744,NO
20,931400745,NO
20,931400746,NO
20,931400783,NO
20,931400784,NO
20,931400785,NO
20,931400786,NO
20,931400787,NO
20,931400788,NO
20,931400789,NO
20,931400790,NO
20,931400791,NO
20,931400792,NO
20,931400793,NO
20,931400794,NO
20,931400795,NO
20,931400796,NO
20,931400797,NO
20,931400798,NO
20,931400799,NO
20,931400800,NO
20,931400801,NO
20,931400802,NO
20,931400803,NO
20,931400804,NO
20,931400805,NO
20,931400806,NO
20,931400807,NO
20,931400808,NO
20,931400809,NO
20,931400810,NO
20,931400811,NO
20,931400812,NO
20,931400813,NO
20,931400814,NO
20,931400815,NO
20,931400816,NO
20,931400920,NO
20,931400921,NO
20,931400922,NO
20,931400923,NO
20,931400924,NO
20,931400925,NO
20,931400926,NO
20,931400927,NO
20,931400928,NO
20,931400929,NO
20,931400930,NO
20,931400931,NO
20,931400932,NO
20,931400933,NO
20,931400934,NO
20,931400935,NO
20,931400936,NO
20,931400937,NO
20,931400938,NO
20,931400939,NO
20,931400940,NO
20,931400941,NO
20,931400942,NO
20,931400943,NO
20,931400944,NO
20,931400945,NO
20,931400946,NO
20,931400947,NO
20,931400948,NO
20,931400949,NO
20,931400950,NO
20,931400951,NO
20,931400952,NO
20,931400953,NO
20,931401023,NO
20,931401024,NO
20,931401025,NO
20,931401026,NO
20,931401027,NO
20,931401028,NO
20,931401029,NO
20,931401030,NO
20,931401031,NO
20,931401032,NO
20,931401033,NO
20,931401034,NO
20,931401035,NO
20,931401036,NO
20,931401037,NO
20,931401038,NO
20,931401039,NO
20,931401040,NO
20,931401041,NO
20,931401042,NO
20,931401043,NO
20,931401044,NO
20,931401045,NO
20,931401046,NO
20,931401047,NO
20,931401048,NO
20,931401049,NO
20,931401050,NO
20,931401051,NO
20,931401052,NO
20,931401053,NO
20,931401054,NO
20,931401055,NO
20,931401056,NO
20,931401193,NO
20,931401194,NO
20,931401195,NO
20,931401196,NO
20,931401197,NO
20,931401198,NO
20,931401199,NO
20,931401200,NO
20,931401201,NO
20,931401202,NO
20,931401203,NO
20,931401204,NO
20,931401205,NO
20,931401206,NO
20,931401207,NO
20,931401208,NO
20,931401209,NO
20,931401210,NO
20,931401211,NO
20,931401212,NO
20,931401213,NO
20,931401214,NO
20,931401215,NO
20,931401216,NO
20,931401217,NO
20,931401218,NO
20,931401219,NO
20,931401220,NO
20,931401221,NO
20,931401222,NO
20,931401223,NO
20,931401224,NO
20,931401225,NO
20,931401226,NO
20,931401365,NO
20,931401366,NO
20,931401367,NO
20,931401368,NO
20,931401369,NO
20,931401370,NO
20,931401371,NO
20,931401372,NO
20,931401373,NO
20,931401374,NO
20,931401375,NO
20,931401376,NO
20,931401377,NO
20,931401378,NO
20,931401379,NO
20,931401380,NO
20,931401381,NO
20,931401382,NO
20,931401383,NO
20,516002731IN01,NO
20,931401384,NO
20,931401385,NO
20,931401386,NO
20,931401387,NO
20,931401388,NO
20,931401389,NO
20,931401390,NO
20,931401391,NO
20,931401392,NO
20,931401393,NO
20,931401394,NO
20,931401395,NO
20,931401396,NO
20,931401398,NO
20,931401509,NO
20,931401510,NO
20,931401511,NO
20,931401512,NO
20,931401513,NO
20,931401514,NO
20,931401515,NO
20,931401516,NO
20,931401517,NO
20,931401518,NO
20,931401519,NO
20,931401520,NO
20,931401521,NO
20,931401522,NO
20,931401523,NO
20,931401524,NO
20,931401525,NO
20,931401526,NO
20,931401527,NO
20,931401528,NO
20,931401529,NO
20,931401530,NO
20,931401531,NO
20,931401532,NO
20,931401533,NO
20,931401534,NO
20,931401535,NO
20,931401536,NO
20,931401537,NO
20,931401538,NO
20,931401539,NO
20,931401540,NO
20,931401541,NO
20,931401542,NO
20,931401645,NO
20,931401646,NO
20,931401647,NO
20,931401648,NO
20,931401649,NO
20,931401650,NO
20,931401651,NO
20,931401652,NO
20,931401653,NO
20,931401654,NO
20,931401655,NO
20,931401656,NO
20,931401657,NO
20,931401658,NO
20,931401659,NO
20,931401660,NO
20,931401661,NO
20,931401662,NO
20,931401663,NO
20,931401664,NO
20,931401665,NO
20,931401666,NO
20,931401667,NO
20,931401668,NO
20,931401669,NO
20,931401670,NO
20,931401671,NO
20,931401672,NO
20,931401673,NO
20,931401674,NO
20,931401675,NO
20,931401677,NO
20,931401678,NO
20,931401679,NO
20,931401960,NO
20,931401961,NO
20,931401962,NO
20,931401963,NO
20,931401964,NO
20,931401965,NO
20,931401966,NO
20,931401967,NO
20,931401968,NO
20,931401969,NO
20,931401970,NO
20,931401971,NO
20,931401972,NO
20,931401973,NO
20,931401974,NO
20,931401975,NO
20,931401976,NO
20,931401977,NO
20,931401978,NO
20,931401979,NO
20,931401980,NO
20,931401981,NO
20,931401982,NO
20,931401983,NO
20,931401984,NO
20,931401985,NO
20,931401986,NO
20,931401987,NO
20,931401988,NO
20,931401989,NO
20,931401990,NO
20,931401991,NO
20,931401992,NO
20,931401993,NO
20,310000652,NO
20,310000653,NO
20,310000659,NO
20,310000661,NO
20,310000664,NO
20,310000668,NO
20,310000687,NO
20,310000688,NO
20,310000689,NO
20,310000690,NO
20,310000696,NO
20,310000720,NO
20,310000734,NO
20,310000767,NO
20,310000793,NO
20,310000804,NO
20,310000805,NO
20,310000811,NO
20,310000812,NO
20,310000814,NO
20,310000815,NO
20,310000816,NO
20,310000887,NO
20,310000898,NO
20,310000903,NO
20,310000906,NO
20,310000907,NO
20,310000928,NO
20,310000929,NO
20,310000930,NO
20,310000966,NO
20,310000981,NO
20,310000986,NO
20,310001019,NO
20,310001621,NO
20,310001622,NO
20,310001623,NO
20,310001624,NO
20,310001625,NO
20,310001626,NO
20,310001627,NO
20,310001628,NO
20,310001629,NO
20,310001630,NO
20,310001655,NO
20,310001659,NO
20,310001664,NO
20,310001665,NO
20,310001666,NO
20,310001667,NO
20,310001668,NO
20,310001669,NO
20,310001673,NO
20,310001704,NO
20,310001705,NO
20,310001706,NO
20,310001707,NO
20,310001710,NO
20,310001760,NO
20,310001761,NO
20,310001762,NO
20,310001763,NO
20,310001787,NO
20,310001792,NO
20,310001797,NO
20,310001798,NO
20,310001800,NO
20,310001817,NO
20,310020106,NO
20,310030046,NO
20,310030053,NO
20,310030055,NO
20,310030070,NO
20,310030071,NO
20,310030072,NO
20,310030084,NO
20,310030085,NO
20,310030086,NO
20,310030087,NO
20,310030088,NO
20,310030089,NO
20,310030093,NO
20,310030095,NO
20,310030110,NO
20,310030113,NO
20,310030120,NO
20,310030126,NO
20,310030127,NO
20,310030128,NO
20,310030129,NO
20,310030140,NO
20,310030177,NO
20,310030182,NO
20,310030183,NO
20,310030184,NO
20,310030197,NO
20,310030200,NO
20,310030204,NO
20,310030208,NO
20,310030245,NO
20,310030247,NO
20,310030250,NO
20,420030299,NO
20,420030300,NO
20,420030301,NO
20,420030302,NO
20,420030303,NO
20,420030304,NO
20,420030305,NO
20,420030306,NO
20,420030307,NO
20,420030308,NO
20,420030309,NO
20,420030310,NO
20,420030311,NO
20,429930221,NO
20,429991373,NO
20,00000000061000*000,NO
20,610002615,NO
20,610003997,NO
20,610004001,NO
20,610004005,NO
20,610004010,NO
20,610004015,NO
20,610004020,NO
20,610004022,NO
20,610004023,NO
20,610004026,NO
20,610004032,NO
20,610004066,NO
20,610004067,NO
20,610004074,NO
20,610004076,NO
20,610004077,NO
20,610004095,NO
20,610004096,NO
20,610033589,NO
20,610033590,NO
20,610034043,NO
20,610034044,NO
20,610034045,NO
20,610034046,NO
20,610034309,NO
20,610034310,NO
20,610034311,NO
20,610034466,NO
20,610034861,NO
20,610034862,NO
20,610034863,NO
20,610034864,NO
20,610034865,NO
20,610035481,NO
20,610035482,NO
20,610035483,NO
20,610035484,NO
20,610035485,NO
20,610035486,NO
20,610035487,NO
20,610035488,NO
20,610035489,NO
20,610035490,NO
20,610035491,NO
20,610035586,NO
20,610035661,NO
20,610036077,NO
20,610036078,NO
20,610036133,NO
20,610037119,NO
20,610037153,NO
20,610037154,NO
20,611006962,NO
20,611007079,NO
20,611007123,NO
20,611007684,NO
20,611007798,NO
20,611007799,NO
20,611007958,NO
20,611008262,NO
20,611008264,NO
20,611008323,NO
20,611008325,NO
20,611008840,NO
20,611008841,NO
20,611008876,NO
20,611008877,NO
20,611008878,NO
20,611008879,NO
20,611008880,NO
20,611008881,NO
20,611008882,NO
20,611008883,NO
20,611008884,NO
20,611008886,NO
20,611008887,NO
20,611009030,NO
20,611009031,NO
20,611009032,NO
20,611009038,NO
20,611009045,NO
20,611009305,NO
20,611009306,NO
20,611009307,NO
20,611009308,NO
20,611009315,NO
20,910001841,NO
20,910001842,NO
20,910001918,NO
20,910002240,NO
20,910002287,NO
20,910002388,NO
20,910002576,NO
20,910002599,NO
20,910002602,NO
20,910002810,NO
20,910002825,NO
20,910002970,NO
20,910002971,NO
20,910002972,NO
20,910002973,NO
20,910002974,NO
20,910002975,NO
20,910002976,NO
20,910002977,NO
20,910002978,NO
20,910002979,NO
20,910002980,NO
20,910002981,NO
20,910002982,NO
20,910002983,NO
20,910002984,NO
20,910002985,NO
20,910002986,NO
20,910002987,NO
20,910002988,NO
20,910002989,NO
20,910002990,NO
20,910002991,NO
20,910002992,NO
20,910003993,NO
20,910003994,NO
20,910003995,NO
20,910003996,NO
20,910003997,NO
20,910003998,NO
20,910003999,NO
20,910004000,NO
20,910004001,NO
20,910004002,NO
20,910004003,NO
20,910004004,NO
20,910004005,NO
20,910004006,NO
20,910004007,NO
20,910004008,NO
20,910004009,NO
20,910004010,NO
20,910004044,NO
20,910004045,NO
20,910004049,NO
20,910004050,NO
20,910004051,NO
20,910004053,NO
20,910004055,NO
20,910004056,NO
20,910004057,NO
20,910004063,NO
20,910004078,NO
20,910004080,NO
20,910004087,NO
20,910004096,NO
20,910004097,NO
20,910004172,NO
20,910005114,NO
20,910005153,NO
20,910005179,NO
20,910005184,NO
20,910005185,NO
20,910005186,NO
20,910005187,NO
20,910005224,NO
20,910005225,NO
20,910005228,NO
20,910005248,NO
20,910005330,NO
20,910005439,NO
20,910005443,NO
20,910005444,NO
20,910005453,NO
20,910005468,NO
20,910005481,NO
20,910005495,NO
20,910005505,NO
20,910005515,NO
20,910005522,NO
20,910005523,NO
20,910005774,NO
20,910005775,NO
20,910005776,NO
20,910005820,NO
20,910005869,NO
20,910005895,NO
20,910005896,NO
20,910005897,NO
20,910005898,NO
20,910005899,NO
20,910005900,NO
20,910006824,NO
20,910006825,NO
20,910006826,NO
20,910006827,NO
20,910006828,NO
20,910006829,NO
20,910006830,NO
20,910006831,NO
20,910006832,NO
20,910006833,NO
20,910006834,NO
20,910006835,NO
20,910006836,NO
20,910006837,NO
20,910006838,NO
20,910006839,NO
20,910006840,NO
20,910006841,NO
20,910006842,NO
20,910006843,NO
20,910006844,NO
20,910006845,NO
20,910006846,NO
20,910006847,NO
20,910006848,NO
20,910006849,NO
20,910006850,NO
20,910006851,NO
20,910006852,NO
20,910006853,NO
20,910006854,NO
20,910006855,NO
20,910006856,NO
20,910006857,NO
20,910006978,NO
20,910006991,NO
20,910006995,NO
20,910006996,NO
20,910007030,NO
20,910007127,NO
20,910007128,NO
20,910007136,NO
20,910007137,NO
20,910007141,NO
20,910007148,NO
20,910007149,NO
20,910007150,NO
20,910007151,NO
20,910007152,NO
20,910007153,NO
20,910007160,NO
20,910007187,NO
20,910007204,NO
20,910007205,NO
20,910007206,NO
20,910007208,NO
20,910007209,NO
20,910007210,NO
20,910007211,NO
20,910007212,NO
20,910007222,NO
20,910007240,NO
20,910007259,NO
20,910007279,NO
20,910007280,NO
20,910007281,NO
20,910007282,NO
20,910007283,NO
20,910007924,NO
20,910007926,NO
20,910007929,NO
20,910007957,NO
20,910007976,NO
20,910007977,NO
20,910008001,NO
20,910008002,NO
20,910008003,NO
20,910008019,NO
20,910008020,NO
20,910008045,NO
20,910008054,NO
20,910008067,NO
20,910008069,NO
20,910008072,NO
20,910008075,NO
20,910008076,NO
20,910008079,NO
20,910008080,NO
20,910008081,NO
20,910008082,NO
20,910008105,NO
20,910008114,NO
20,910008115,NO
20,910008116,NO
20,910008117,NO
20,910008139,NO
20,910008157,NO
20,910008162,NO
20,910008163,NO
20,910008177,NO
20,910008178,NO
20,910008184,NO
20,910009047,NO
20,910009048,NO
20,910009080,NO
20,910009092,NO
20,910009103,NO
20,910009154,NO
20,910009155,NO
20,910009173,NO
20,910009194,NO
20,910009197,NO
20,910009198,NO
20,910009199,NO
20,910009200,NO
20,910009201,NO
20,910009202,NO
20,910009203,NO
20,910009204,NO
20,910009205,NO
20,910009206,NO
20,910009207,NO
20,910009208,NO
20,910009209,NO
20,910009210,NO
20,910009211,NO
20,910009212,NO
20,910009213,NO
20,910009214,NO
20,910009215,NO
20,910009216,NO
20,910009217,NO
20,910009218,NO
20,910009219,NO
20,910009220,NO
20,910009221,NO
20,910009534,NO
20,910009535,NO
20,910009536,NO
20,910009537,NO
20,910009538,NO
20,910009539,NO
20,910009540,NO
20,910009541,NO
20,910009542,NO
20,910009543,NO
20,910009544,NO
20,910009545,NO
20,910009546,NO
20,910009547,NO
20,910009548,NO
20,910009549,NO
20,910009550,NO
20,910009551,NO
20,910009586,NO
20,910009589,NO
20,910009591,NO
20,910009592,NO
20,910009594,NO
20,910009595,NO
20,910009597,NO
20,910009598,NO
20,910009599,NO
20,910009600,NO
20,910009601,NO
20,910009602,NO
20,910009606,NO
20,910009607,NO
20,910009608,NO
20,910009609,NO
20,910009831,NO
20,910009832,NO
20,910009833,NO
20,910009834,NO
20,910009835,NO
20,910009836,NO
20,910009837,NO
20,910009838,NO
20,910009839,NO
20,910009840,NO
20,910009841,NO
20,910009842,NO
20,910009843,NO
20,910009844,NO
20,910009845,NO
20,910009846,NO
20,910009847,NO
20,910009848,NO
20,910009849,NO
20,910009850,NO
20,910009851,NO
20,910009852,NO
20,910009853,NO
20,910009854,NO
20,910009855,NO
20,910009856,NO
20,910009857,NO
20,910009858,NO
20,910009859,NO
20,910009860,NO
20,910009861,NO
20,910009862,NO
20,910009863,NO
20,910009864,NO
20,910010082,NO
20,910010083,NO
20,910010084,NO
20,910010085,NO
20,910010086,NO
20,910010087,NO
20,910010088,NO
20,910010089,NO
20,910010090,NO
20,910010091,NO
20,910010092,NO
20,910010093,NO
20,910010094,NO
20,910010095,NO
20,910010096,NO
20,910010097,NO
20,910010098,NO
20,910010099,NO
20,910010100,NO
20,910010101,NO
20,910010102,NO
20,910010103,NO
20,910010104,NO
20,910010105,NO
20,910010106,NO
20,910010107,NO
20,910010108,NO
20,910010109,NO
20,910010110,NO
20,910010111,NO
20,910010112,NO
20,910010113,NO
20,910010116,NO
20,910010118,NO
20,910010228,NO
20,910010229,NO
20,910010230,NO
20,910010231,NO
20,910010232,NO
20,910010233,NO
20,910010234,NO
20,910010235,NO
20,910010236,NO
20,910010237,NO
20,910010238,NO
20,910010239,NO
20,910010240,NO
20,910010241,NO
20,910010242,NO
20,910010243,NO
20,910010244,NO
20,910010245,NO
20,910010246,NO
20,910010247,NO
20,910010250,NO
20,910010251,NO
20,910010252,NO
20,910010253,NO
20,910010254,NO
20,910010255,NO
20,910010256,NO
20,910010257,NO
20,910010258,NO
20,910010259,NO
20,910010260,NO
20,910010261,NO
20,910010262,NO
20,910010263,NO
20,916000047,NO
20,916000048,NO
20,916000049,NO
20,916000050,NO
20,916000051,NO
20,916000052,NO
20,916000053,NO
20,916000061,NO
20,916000063,NO
20,916000072,NO
20,931000001,NO
20,931100001,NO
20,931100002,NO
20,931100003,NO
20,931100004,NO
20,931100005,NO
20,931100006,NO
20,931100007,NO
20,931100008,NO
20,931100009,NO
20,931100010,NO
20,931100011,NO
20,931100012,NO
20,931100013,NO
20,931100014,NO
20,931100015,NO
20,931100016,NO
20,931100017,NO
20,931100018,NO
20,931100019,NO
20,931100020,NO
20,931100021,NO
20,931100022,NO
20,931100023,NO
20,931100129,NO
20,931100130,NO
20,931100131,NO
20,931100132,NO
20,931100133,NO
20,931100134,NO
20,931100135,NO
20,931100136,NO
20,931100137,NO
20,931100138,NO
20,931100139,NO
20,931100140,NO
20,931100141,NO
20,931100142,NO
20,931100143,NO
20,931100144,NO
20,931100145,NO
20,931100146,NO
20,931100147,NO
20,931100148,NO
20,931100149,NO
20,931100150,NO
20,931100151,NO
20,931100152,NO
20,931100153,NO
20,931100154,NO
20,931100155,NO
20,931100156,NO
20,931100157,NO
20,931100158,NO
20,931100159,NO
20,931100160,NO
20,931100161,NO
20,931100162,NO
20,931100355,NO
20,931100356,NO
20,931100357,NO
20,931100358,NO
20,931100359,NO
20,931100360,NO
20,931100361,NO
20,931100362,NO
20,931100363,NO
20,931100364,NO
20,931100365,NO
20,931100366,NO
20,931100367,NO
20,931100368,NO
20,931100369,NO
20,931100370,NO
20,931100371,NO
20,931100372,NO
20,931100373,NO
20,931100374,NO
20,931100375,NO
20,931100376,NO
20,931100377,NO
20,931100378,NO
20,931200001,NO
20,931200002,NO
20,931200003,NO
20,931200004,NO
20,931200006,NO
20,931200007,NO
20,931200008,NO
20,931200009,NO
20,931200010,NO
20,931200011,NO
20,931200230,NO
20,931200231,NO
20,931200232,NO
20,931200233,NO
20,931200234,NO
20,931200235,NO
20,931200236,NO
20,931200237,NO
20,931200238,NO
20,931200239,NO
20,931200240,NO
20,931200241,NO
20,931200242,NO
20,931200243,NO
20,931200244,NO
20,931200245,NO
20,931200246,NO
20,931200247,NO
20,931200248,NO
20,931200249,NO
20,931200250,NO
20,931200251,NO
20,931200252,NO
20,931200253,NO
20,931200254,NO
20,931200255,NO
20,931200256,NO
20,931200257,NO
20,931200258,NO
20,931200259,NO
20,931200260,NO
20,931200261,NO
20,931200262,NO
20,931200263,NO
20,931200370,NO
20,931200371,NO
20,931200372,NO
20,931200373,NO
20,931200374,NO
20,931200375,NO
20,931200376,NO
20,931200377,NO
20,931200378,NO
20,931200379,NO
20,931200380,NO
20,931200381,NO
20,931200382,NO
20,931200383,NO
20,931200384,NO
20,931200385,NO
20,931200386,NO
20,931200387,NO
20,931200388,NO
20,931200389,NO
20,931200390,NO
20,931200391,NO
20,931200392,NO
20,931200393,NO
20,931200394,NO
20,931200395,NO
20,931200396,NO
20,931200398,NO
20,931200399,NO
20,931200400,NO
20,931200401,NO
20,931200402,NO
20,931200403,NO
20,931200404,NO
20,931300007,NO
20,931300008,NO
20,931300009,NO
20,931300010,NO
20,931300011,NO
20,931300012,NO
20,931300013,NO
20,931300014,NO
20,931300015,NO
20,931300016,NO
20,931300017,NO
20,931300018,NO
20,931300019,NO
20,931300020,NO
20,931300021,NO
20,931300022,NO
20,931300023,NO
20,931300024,NO
20,931300025,NO
20,931300026,NO
20,931300027,NO
20,931300031,NO
20,931300032,NO
20,931300033,NO
20,931300034,NO
20,931300035,NO
20,931300036,NO
20,931300037,NO
20,931300038,NO
20,931300039,NO
20,931300040,NO
20,931300041,NO
20,931300042,NO
20,931300043,NO
20,931300200,NO
20,931300201,NO
20,931300202,NO
20,931300203,NO
20,931300204,NO
20,931300205,NO
20,931300206,NO
20,931300207,NO
20,931300208,NO
20,931300209,NO
20,931300210,NO
20,931300211,NO
20,931300212,NO
20,931300213,NO
20,931300214,NO
20,931300215,NO
20,931300216,NO
20,931300217,NO
20,931300218,NO
20,931300219,NO
20,931300220,NO
20,931300221,NO
20,931300222,NO
20,931300223,NO
20,931300224,NO
20,931300225,NO
20,931300226,NO
20,931300227,NO
20,931300228,NO
20,931300229,NO
20,931300230,NO
20,931300231,NO
20,931300232,NO
20,931300233,NO
20,931300478,NO
20,931300479,NO
20,931300480,NO
20,931300481,NO
20,931300482,NO
20,931300483,NO
20,931300484,NO
20,931300485,NO
20,931300486,NO
20,931300487,NO
20,931300488,NO
20,931300489,NO
20,931300490,NO
20,931300491,NO
20,931300492,NO
20,931300493,NO
20,931300494,NO
20,931300495,NO
20,931300496,NO
20,931300497,NO
20,931300498,NO
20,931300499,NO
20,931300500,NO
20,931300501,NO
20,931300502,NO
20,931300503,NO
20,931300504,NO
20,931300505,NO
20,931300506,NO
20,931300507,NO
20,931300508,NO
20,931300509,NO
20,931300510,NO
20,931300511,NO
20,931300765,NO
20,931300766,NO
20,931300767,NO
20,931300768,NO
20,931300769,NO
20,931300770,NO
20,931300771,NO
20,931300774,NO
20,931300775,NO
20,931300776,NO
20,931300777,NO
20,931300778,NO
20,931300779,NO
20,931300780,NO
20,931300781,NO
20,931300782,NO
20,931300783,NO
20,931300784,NO
20,931300785,NO
20,931300786,NO
20,931300787,NO
20,931300788,NO
20,931300789,NO
20,931300790,NO
20,931300791,NO
20,931300792,NO
20,931300793,NO
20,931300794,NO
20,931300795,NO
20,931300796,NO
20,931300797,NO
20,931300798,NO
20,931300799,NO
20,931300800,NO
20,931300944,NO
20,931300945,NO
20,931300946,NO
20,931300947,NO
20,931300948,NO
20,931300949,NO
20,931300950,NO
20,931300951,NO
20,931300952,NO
20,931300953,NO
20,931300954,NO
20,931300955,NO
20,931300956,NO
20,931300957,NO
20,931300960,NO
20,931300961,NO
20,931300962,NO
20,931300963,NO
20,931300964,NO
20,931300965,NO
20,931300966,NO
20,931300967,NO
20,931300968,NO
20,931300969,NO
20,931300970,NO
20,931300971,NO
20,931300972,NO
20,931300973,NO
20,931300974,NO
20,931300975,NO
20,931300976,NO
20,931300977,NO
20,931300978,NO
20,931300979,NO
20,931301122,NO
20,931301123,NO
20,931301124,NO
20,931301125,NO
20,931301126,NO
20,931301127,NO
20,931301128,NO
20,931301129,NO
20,931301130,NO
20,931301131,NO
20,931301132,NO
20,931301133,NO
20,931301134,NO
20,931301135,NO
20,931301136,NO
20,931301137,NO
20,931301140,NO
20,931301142,NO
20,931301143,NO
20,931301144,NO
20,931301145,NO
20,931301146,NO
20,931301147,NO
20,931301148,NO
20,931301149,NO
20,931301150,NO
20,931301151,NO
20,931301152,NO
20,931301153,NO
20,931301154,NO
20,931301155,NO
20,931301156,NO
20,931301157,NO
20,931301158,NO
20,931301413,NO
20,931301414,NO
20,931301415,NO
20,931301416,NO
20,931301417,NO
20,931301418,NO
20,931301419,NO
20,931301420,NO
20,931301421,NO
20,931301422,NO
20,931301423,NO
20,931301424,NO
20,931301425,NO
20,931301426,NO
20,931301427,NO
20,931301428,NO
20,931301429,NO
20,931301430,NO
20,931301431,NO
20,931301432,NO
20,931301433,NO
20,931301434,NO
20,931301435,NO
20,931301436,NO
20,931301437,NO
20,931301438,NO
20,931301439,NO
20,931301440,NO
20,931301441,NO
20,931301442,NO
20,931301443,NO
20,931301444,NO
20,931301445,NO
20,931301446,NO
20,931400067,NO
20,931400068,NO
20,931400069,NO
20,931400070,NO
20,931400071,NO
20,931400072,NO
20,931400073,NO
20,931400074,NO
20,931400075,NO
20,931400076,NO
20,931400077,NO
20,931400078,NO
20,931400079,NO
20,931400080,NO
20,931400081,NO
20,931400082,NO
20,931400083,NO
20,931400084,NO
20,931400085,NO
20,931400086,NO
20,931400087,NO
20,931400088,NO
20,931400089,NO
20,931400090,NO
20,931400091,NO
20,931400092,NO
20,931400093,NO
20,931400094,NO
20,931400095,NO
20,931400096,NO
20,931400097,NO
20,931400098,NO
20,931400099,NO
20,931400100,NO
20,931400272,NO
20,931400273,NO
20,931400274,NO
20,931400275,NO
20,931400276,NO
20,931400277,NO
20,931400278,NO
20,931400279,NO
20,931400280,NO
20,931400281,NO
20,931400282,NO
20,931400283,NO
20,931400284,NO
20,931400285,NO
20,931400286,NO
20,931400287,NO
20,931400288,NO
20,931400289,NO
20,931400290,NO
20,931400291,NO
20,931400292,NO
20,931400293,NO
20,931400294,NO
20,931400295,NO
20,931400296,NO
20,931400297,NO
20,931400298,NO
20,931400299,NO
20,931400300,NO
20,931400301,NO
20,931400302,NO
20,931400303,NO
20,931400304,NO
20,931400305,NO
20,931400441,NO
20,931400442,NO
20,931400443,NO
20,931400444,NO
20,931400445,NO
20,931400446,NO
20,931400447,NO
20,931400448,NO
20,931400449,NO
20,931400450,NO
20,931400451,NO
20,931400452,NO
20,931400453,NO
20,931400454,NO
20,931400455,NO
20,931400456,NO
20,931400457,NO
20,931400458,NO
20,931400459,NO
20,931400460,NO
20,931400461,NO
20,931400462,NO
20,931400463,NO
20,931400464,NO
20,931400465,NO
20,931400466,NO
20,931400467,NO
20,931400468,NO
20,931400469,NO
20,931400470,NO
20,931400471,NO
20,931400472,NO
20,931400473,NO
20,931400474,NO
20,931400645,NO
20,931400646,NO
20,931400647,NO
20,931400648,NO
20,931400649,NO
20,931400650,NO
20,931400651,NO
20,931400652,NO
20,931400653,NO
20,931400654,NO
20,931400655,NO
20,931400656,NO
20,931400657,NO
20,931400658,NO
20,931400659,NO
20,931400660,NO
20,931400661,NO
20,931400662,NO
20,931400663,NO
20,931400664,NO
20,931400665,NO
20,931400666,NO
20,931400667,NO
20,931400668,NO
20,931400669,NO
20,931400670,NO
20,931400671,NO
20,931400672,NO
20,931400673,NO
20,931400674,NO
20,931400675,NO
20,931400676,NO
20,931400677,NO
20,931400678,NO
20,931400886,NO
20,931400887,NO
20,931400888,NO
20,931400889,NO
20,931400890,NO
20,931400891,NO
20,931400892,NO
20,931400893,NO
20,931400894,NO
20,931400895,NO
20,931400896,NO
20,931400897,NO
20,931400898,NO
20,931400899,NO
20,931400900,NO
20,931400901,NO
20,931400902,NO
20,931400903,NO
20,931400904,NO
20,931400905,NO
20,931400906,NO
20,931400907,NO
20,931400908,NO
20,931400909,NO
20,931400910,NO
20,931400911,NO
20,931400912,NO
20,931400913,NO
20,931400914,NO
20,931400915,NO
20,931400916,NO
20,931400917,NO
20,931400918,NO
20,931400919,NO
20,931401125,NO
20,931401126,NO
20,931401127,NO
20,931401128,NO
20,931401129,NO
20,931401130,NO
20,931401131,NO
20,931401132,NO
20,931401133,NO
20,931401134,NO
20,931401135,NO
20,931401136,NO
20,931401137,NO
20,931401138,NO
20,931401139,NO
20,931401140,NO
20,931401141,NO
20,931401142,NO
20,931401143,NO
20,931401144,NO
20,931401145,NO
20,931401146,NO
20,931401147,NO
20,931401148,NO
20,931401149,NO
20,931401150,NO
20,931401151,NO
20,931401152,NO
20,931401153,NO
20,931401154,NO
20,931401155,NO
20,931401156,NO
20,931401157,NO
20,931401158,NO
20,931401297,NO
20,931401298,NO
20,931401299,NO
20,931401300,NO
20,931401301,NO
20,931401302,NO
20,931401303,NO
20,931401304,NO
20,931401305,NO
20,931401306,NO
20,931401307,NO
20,931401308,NO
20,931401309,NO
20,931401310,NO
20,931401311,NO
20,931401312,NO
20,931401313,NO
20,931401314,NO
20,931401315,NO
20,931401316,NO
20,931401317,NO
20,931401318,NO
20,931401319,NO
20,931401320,NO
20,931401321,NO
20,931401322,NO
20,931401323,NO
20,931401324,NO
20,931401325,NO
20,931401326,NO
20,931401327,NO
20,931401328,NO
20,931401329,NO
20,931401330,NO
20,931401468,NO
20,931401469,NO
20,931401471,NO
20,931401472,NO
20,931401473,NO
20,931401474,NO
20,931401477,NO
20,931401479,NO
20,931401481,NO
20,931401484,NO
20,931401485,NO
20,931401486,NO
20,931401487,NO
20,931401488,NO
20,931401489,NO
20,931401490,NO
20,931401491,NO
20,931401492,NO
20,931401493,NO
20,931401494,NO
20,931401495,NO
20,931401496,NO
20,931401497,NO
20,931401498,NO
20,931401499,NO
20,931401500,NO
20,931401501,NO
20,931401502,NO
20,931401503,NO
20,931401504,NO
20,931401505,NO
20,931401506,NO
20,931401507,NO
20,931401508,NO
20,931401751,NO
20,931401752,NO
20,931401753,NO
20,931401754,NO
20,931401755,NO
20,931401756,NO
20,931401757,NO
20,931401758,NO
20,931401759,NO
20,931401760,NO
20,931401761,NO
20,931401762,NO
20,931401763,NO
20,931401764,NO
20,931401765,NO
20,931401766,NO
20,931401767,NO
20,931401768,NO
20,931401769,NO
20,931401770,NO
20,931401771,NO
20,931401772,NO
20,931401773,NO
20,931401774,NO
20,931401775,NO
20,931401776,NO
20,931401777,NO
20,931401778,NO
20,931401779,NO
20,931401780,NO
20,931401781,NO
20,931401782,NO
20,931401783,NO
20,931401784,NO
20,310001301,NO
20,310001313,NO
20,310001327,NO
20,310001343,NO
20,310001388,NO
20,310001389,NO
20,310001390,NO
20,310001424,NO
20,310001466,NO
20,310001482,NO
20,310001545,NO
20,310001546,NO
20,310001547,NO
20,310001550,NO
20,310001575,NO
20,310001576,NO
20,310001577,NO
20,310001578,NO
20,310001579,NO
20,310001580,NO
20,310001596,NO
20,310001598,NO
20,310001605,NO
20,310001610,NO
20,310001611,NO
20,310001612,NO
20,310001613,NO
20,310001614,NO
20,310001615,NO
20,310001616,NO
20,310001617,NO
20,310001618,NO
20,310001619,NO
20,310001620,NO
20,310001831,NO
20,310001842,NO
20,310001845,NO
20,310001874,NO
20,310001899,NO
20,310001909,NO
20,310001914,NO
20,310001915,NO
20,310001916,NO
20,310001935,NO
20,310001936,NO
20,310001937,NO
20,310001950,NO
20,310001951,NO
20,310001952,NO
20,310001953,NO
20,310001954,NO
20,310001955,NO
20,310001956,NO
20,310001957,NO
20,310001958,NO
20,310001959,NO
20,310001960,NO
20,310001961,NO
20,310001962,NO
20,310001966,NO
20,310001968,NO
20,310001997,NO
20,310002015,NO
20,310002021,NO
20,310002048,NO
20,310002049,NO
20,310002050,NO
20,310002057,NO
20,310002307,NO
20,310002308,NO
20,310002309,NO
20,310002310,NO
20,310002311,NO
20,310002312,NO
20,310002313,NO
20,310002314,NO
20,310002315,NO
20,310002316,NO
20,310002317,NO
20,310002318,NO
20,310002319,NO
20,310002320,NO
20,310002321,NO
20,310002322,NO
20,310002323,NO
20,310002324,NO
20,310002338,NO
20,310002393,NO
20,310002400,NO
20,310002438,NO
20,310010014,NO
20,310010015,NO
20,310010017,NO
20,310010027,NO
20,310010028,NO
20,310010043,NO
20,310010045,NO
20,310010046,NO
20,310010048,NO
20,310010049,NO
20,310010052,NO
20,310010053,NO
20,310030261,NO
20,310240008,NO
20,310250025,NO
20,310250029,NO
20,310250031,NO
20,310250071,NO
20,310250072,NO
20,310250073,NO
20,310250074,NO
20,310250078,NO
20,310250079,NO
20,310250098,NO
20,310250099,NO
20,310250100,NO
20,310250101,NO
20,310250103,NO
20,310250105,NO
20,310250112,NO
20,310250128,NO
20,310250129,NO
20,310250130,NO
20,310250131,NO
20,310250132,NO
20,310250136,NO
20,310250137,NO
20,310250138,NO
20,310250143,NO
20,310250154,NO
20,310270032,NO
20,310270033,NO
20,310310286,NO
20,310310287,NO
20,310310288,NO
20,310310289,NO
20,310470006,NO
20,390000017,NO
20,390000068,NO
20,390000070,NO
20,390000071,NO
20,390000096,NO
20,390000110,NO
20,390000113,NO
20,390000137,NO
20,390000145,NO
20,390000146,NO
20,390000157,NO
20,390000166,NO
20,390000167,NO
20,390000170,NO
20,390000173,NO
20,390000174,NO
20,390000176,NO
20,390000177,NO
20,390000180,NO
20,390000188,NO
20,390000193,NO
20,390020006,NO
20,390020059,NO
20,390030013,NO
20,390030014,NO
20,390030022,NO
20,390030028,NO
20,390030035,NO
20,390350005,NO
20,390350006,NO
20,420020009,NO
20,420030125,NO
20,420030298,NO
20,610007160,NO
20,610007168,NO
20,610007271,NO
20,610007272,NO
20,610007273,NO
20,610007654,NO
20,610007655,NO
20,610007656,NO
20,610007657,NO
20,610007658,NO
20,610007659,NO
20,610008088,NO
20,610008354,NO
20,610008355,NO
20,610008558,NO
20,610008559,NO
20,610008776,NO
20,610008777,NO
20,610008883,NO
20,610009886,NO
20,610010004,NO
20,610020194,NO
20,610020593,NO
20,610020594,NO
20,610020601,NO
20,610020628,NO
20,610020643,NO
20,610020655,NO
20,610020680,NO
20,610021036,NO
20,610021054,NO
20,610021149,NO
20,610021168,NO
20,610021187,NO
20,610037340,NO
20,610037396,NO
20,610037397,NO
20,610037400,NO
20,610037402,NO
20,610037977,NO
20,610038643,NO
20,610038644,NO
20,610038645,NO
20,610038646,NO
20,610038647,NO
20,610038648,NO
20,610038649,NO
20,610038650,NO
20,610038651,NO
20,610038652,NO
20,610038880,NO
20,610038881,NO
20,610039077,NO
20,610039078,NO
20,610039079,NO
20,610039080,NO
20,610039081,NO
20,610039082,NO
20,610039083,NO
20,610039084,NO
20,610039085,NO
20,610039086,NO
20,610039087,NO
20,610039088,NO
20,610039089,NO
20,610039090,NO
20,610039091,NO
20,610039092,NO
20,611003190,NO
20,611003191,NO
20,611003192,NO
20,611003950,NO
20,611004563,NO
20,611004637,NO
20,611004755,NO
20,611005097,NO
20,611005098,NO
20,611005099,NO
20,611005100,NO
20,611005101,NO
20,611005142,NO
20,611005208,NO
20,611005359,NO
20,611005362,NO
20,611005928,NO
20,611005932,NO
20,611005935,NO
20,611005936,NO
20,611005938,NO
20,611006003,NO
20,611006004,NO
20,611006005,NO
20,611006006,NO
20,611006007,NO
20,611006008,NO
20,611006084,NO
20,611006341,NO
20,611006347,NO
20,611006353,NO
20,611006361,NO
20,611006557,NO
20,611006558,NO
20,910003288,NO
20,910003307,NO
20,910003308,NO
20,910003340,NO
20,910003365,NO
20,910003366,NO
20,910003367,NO
20,910003372,NO
20,910003418,NO
20,910003431,NO
20,910003475,NO
20,910003484,NO
20,910003494,NO
20,910003519,NO
20,910003526,NO
20,910003553,NO
20,910003580,NO
20,910003582,NO
20,910003584,NO
20,910003629,NO
20,910003687,NO
20,910003778,NO
20,910003824,NO
20,910003825,NO
20,910003826,NO
20,910003827,NO
20,910003829,NO
20,910003830,NO
20,910003831,NO
20,910003832,NO
20,910003834,NO
20,910003837,NO
20,910003838,NO
20,910003839,NO
20,910004244,NO
20,910004263,NO
20,910004286,NO
20,910004325,NO
20,910004334,NO
20,910004336,NO
20,910004361,NO
20,910004362,NO
20,910004389,NO
20,910004426,NO
20,910004461,NO
20,910004462,NO
20,910004469,NO
20,910004496,NO
20,910004510,NO
20,910004560,NO
20,910004561,NO
20,910004593,NO
20,910004594,NO
20,910004596,NO
20,910004597,NO
20,910004641,NO
20,910004667,NO
20,910004668,NO
20,910004669,NO
20,910004670,NO
20,910004671,NO
20,910004672,NO
20,910004684,NO
20,910004703,NO
20,910004704,NO
20,910004705,NO
20,910004706,NO
20,910004707,NO
20,910005901,NO
20,910005902,NO
20,910005903,NO
20,910005904,NO
20,910005905,NO
20,910005906,NO
20,910005907,NO
20,910005908,NO
20,910005909,NO
20,910005910,NO
20,910005911,NO
20,910005912,NO
20,910005949,NO
20,910005952,NO
20,910005986,NO
20,910005987,NO
20,910006016,NO
20,910006027,NO
20,910006092,NO
20,910006093,NO
20,910006094,NO
20,910006159,NO
20,910006187,NO
20,910006202,NO
20,910006224,NO
20,910006225,NO
20,910006239,NO
20,910006267,NO
20,910006270,NO
20,910006271,NO
20,910006345,NO
20,910006355,NO
20,910006357,NO
20,910006382,NO
20,910006858,NO
20,910006860,NO
20,910006861,NO
20,910006862,NO
20,910006863,NO
20,910006864,NO
20,910006865,NO
20,910006866,NO
20,910006867,NO
20,910006868,NO
20,910006869,NO
20,910006870,NO
20,910006871,NO
20,910006872,NO
20,910006873,NO
20,910006874,NO
20,910006875,NO
20,910006876,NO
20,910006877,NO
20,910006878,NO
20,910006879,NO
20,910006880,NO
20,910006881,NO
20,910006882,NO
20,910006883,NO
20,910006884,NO
20,910006885,NO
20,910006886,NO
20,910006887,NO
20,910006888,NO
20,910006889,NO
20,910006890,NO
20,910006891,NO
20,910006892,NO
20,910007454,NO
20,910007455,NO
20,910007456,NO
20,910007457,NO
20,910007458,NO
20,910007459,NO
20,910007461,NO
20,910007462,NO
20,910007469,NO
20,910007470,NO
20,910007471,NO
20,910007472,NO
20,910007473,NO
20,910007479,NO
20,910007480,NO
20,910007481,NO
20,910007483,NO
20,910007484,NO
20,910007485,NO
20,910007486,NO
20,910007487,NO
20,910007489,NO
20,910007491,NO
20,910007492,NO
20,910007493,NO
20,910007494,NO
20,910007495,NO
20,910007496,NO
20,910007497,NO
20,910007498,NO
20,910007499,NO
20,910007500,NO
20,910007501,NO
20,910007502,NO
20,910008192,NO
20,910008220,NO
20,910008222,NO
20,910008223,NO
20,910008228,NO
20,910008242,NO
20,910008243,NO
20,910008248,NO
20,910008259,NO
20,910008272,NO
20,910008273,NO
20,910008274,NO
20,910008276,NO
20,910008277,NO
20,910008282,NO
20,910008293,NO
20,910008296,NO
20,910008297,NO
20,910008300,NO
20,910008301,NO
20,910008302,NO
20,910008303,NO
20,910008312,NO
20,910008313,NO
20,910008314,NO
20,910008315,NO
20,910008330,NO
20,910008342,NO
20,910008347,NO
20,910008349,NO
20,910008350,NO
20,910008351,NO
20,910008352,NO
20,910008353,NO
20,910008799,NO
20,910008824,NO
20,910008839,NO
20,910008844,NO
20,910008854,NO
20,910008855,NO
20,910008856,NO
20,910008859,NO
20,910008880,NO
20,910008881,NO
20,910008899,NO
20,910008900,NO
20,910008901,NO
20,910008902,NO
20,910008915,NO
20,910008919,NO
20,910008926,NO
20,910008934,NO
20,910008951,NO
20,910008952,NO
20,910008953,NO
20,910008954,NO
20,910008955,NO
20,910008956,NO
20,910008979,NO
20,910008985,NO
20,910008986,NO
20,910008987,NO
20,910009019,NO
20,910009033,NO
20,910009035,NO
20,910009036,NO
20,910009037,NO
20,910009038,NO
20,910009342,NO
20,910009343,NO
20,910009344,NO
20,910009345,NO
20,910009346,NO
20,910009347,NO
20,910009348,NO
20,910009349,NO
20,910009350,NO
20,910009351,NO
20,910009352,NO
20,910009353,NO
20,910009354,NO
20,910009355,NO
20,910009356,NO
20,910009357,NO
20,910009359,NO
20,910009378,NO
20,910009386,NO
20,910009396,NO
20,910009398,NO
20,910009416,NO
20,910009426,NO
20,910009427,NO
20,910009428,NO
20,910009429,NO
20,910009430,NO
20,910009431,NO
20,910009441,NO
20,910009470,NO
20,910009471,NO
20,910009472,NO
20,910009473,NO
20,910009474,NO
20,910009994,NO
20,910009995,NO
20,910009996,NO
20,910009997,NO
20,910009998,NO
20,910010052,NO
20,910010053,NO
20,910010054,NO
20,910010055,NO
20,910010056,NO
20,910010057,NO
20,910010058,NO
20,910010059,NO
20,910010060,NO
20,910010061,NO
20,910010062,NO
20,910010064,NO
20,910010065,NO
20,910010066,NO
20,910010067,NO
20,910010068,NO
20,910010069,NO
20,910010070,NO
20,910010071,NO
20,910010072,NO
20,910010073,NO
20,910010074,NO
20,910010075,NO
20,910010076,NO
20,910010077,NO
20,910010078,NO
20,910010079,NO
20,910010080,NO
20,910010081,NO
20,910010119,NO
20,910010120,NO
20,910010121,NO
20,910010128,NO
20,910010130,NO
20,910010131,NO
20,910010132,NO
20,910010133,NO
20,910010134,NO
20,910010135,NO
20,910010153,NO
20,910010161,NO
20,910010162,NO
20,910010163,NO
20,910010164,NO
20,910010166,NO
20,910010167,NO
20,910010168,NO
20,910010169,NO
20,910010170,NO
20,910010171,NO
20,910010172,NO
20,910010173,NO
20,910010174,NO
20,910010175,NO
20,910010176,NO
20,910010177,NO
20,910010178,NO
20,910010179,NO
20,910010180,NO
20,910010181,NO
20,910010182,NO
20,910010183,NO
20,910010184,NO
20,910010303,NO
20,910010304,NO
20,910010305,NO
20,910010306,NO
20,910010307,NO
20,910010308,NO
20,910010309,NO
20,910010314,NO
20,910010315,NO
20,910010316,NO
20,910010317,NO
20,910010318,NO
20,910010319,NO
20,910010320,NO
20,910010321,NO
20,910010322,NO
20,910010323,NO
20,910010324,NO
20,910010325,NO
20,910010326,NO
20,910010327,NO
20,910010328,NO
20,910010329,NO
20,910010330,NO
20,910010331,NO
20,910010332,NO
20,910010333,NO
20,910010334,NO
20,910010335,NO
20,910010336,NO
20,910010337,NO
20,910010338,NO
20,910010339,NO
20,910010340,NO
20,910010413,NO
20,910010414,NO
20,910010415,NO
20,910010416,NO
20,910010417,NO
20,910010418,NO
20,910010419,NO
20,910010420,NO
20,910010421,NO
20,910010422,NO
20,910010423,NO
20,910010424,NO
20,910010425,NO
20,910010426,NO
20,910010427,NO
20,910010428,NO
20,910010429,NO
20,910010430,NO
20,910010431,NO
20,910010432,NO
20,910010433,NO
20,910010434,NO
20,910010435,NO
20,910010436,NO
20,910010437,NO
20,910010438,NO
20,910010439,NO
20,910010440,NO
20,910010441,NO
20,910010442,NO
20,910010443,NO
20,910010444,NO
20,910010445,NO
20,910010446,NO
20,910010518,NO
20,910010519,NO
20,910010520,NO
20,910010521,NO
20,910010522,NO
20,910010523,NO
20,910010524,NO
20,910010525,NO
20,910010526,NO
20,910010527,NO
20,910010528,NO
20,910010529,NO
20,910010530,NO
20,910010531,NO
20,910010532,NO
20,910010533,NO
20,910010534,NO
20,910010535,NO
20,910010536,NO
20,910010537,NO
20,910010538,NO
20,910010539,NO
20,910010540,NO
20,910010541,NO
20,910010542,NO
20,910010543,NO
20,910010544,NO
20,910010545,NO
20,910010546,NO
20,910010547,NO
20,910010548,NO
20,910010550,NO
20,910010551,NO
20,910010552,NO
20,910010556,NO
20,910010557,NO
20,910010558,NO
20,910010559,NO
20,910010560,NO
20,910010561,NO
20,910010562,NO
20,910010563,NO
20,910010564,NO
20,910010565,NO
20,910010566,NO
20,910010567,NO
20,910010568,NO
20,910010569,NO
20,910010570,NO
20,910010571,NO
20,910010572,NO
20,910010573,NO
20,910010574,NO
20,910010575,NO
20,910010576,NO
20,910010577,NO
20,910010578,NO
20,910010579,NO
20,910010580,NO
20,910010581,NO
20,910010582,NO
20,910010583,NO
20,910010594,NO
20,910010595,NO
20,910010596,NO
20,910010597,NO
20,910010598,NO
20,910010599,NO
20,910010678,NO
20,910010679,NO
20,910010680,NO
20,910010681,NO
20,910010682,NO
20,910010683,NO
20,910010684,NO
20,910010685,NO
20,910010686,NO
20,910010687,NO
20,910010688,NO
20,910010689,NO
20,910010690,NO
20,910010691,NO
20,910010692,NO
20,910010693,NO
20,910010694,NO
20,910010695,NO
20,910010696,NO
20,910010697,NO
20,910010698,NO
20,910010699,NO
20,910010700,NO
20,910010701,NO
20,910010702,NO
20,910010703,NO
20,910010704,NO
20,910010705,NO
20,910010706,NO
20,910010707,NO
20,910010708,NO
20,910010709,NO
20,910010710,NO
20,910010711,NO
20,910010780,NO
20,910010781,NO
20,910010782,NO
20,910010783,NO
20,910010784,NO
20,910010785,NO
20,910010789,NO
20,910010790,NO
20,910010791,NO
20,910010793,NO
20,910010794,NO
20,910010795,NO
20,910010796,NO
20,910010797,NO
20,910010798,NO
20,910010799,NO
20,910010800,NO
20,910010801,NO
20,910010802,NO
20,910010803,NO
20,910010804,NO
20,910010805,NO
20,910010806,NO
20,910010807,NO
20,910010808,NO
20,910010809,NO
20,910010810,NO
20,910010811,NO
20,910010812,NO
20,910010813,NO
20,910010814,NO
20,910010815,NO
20,910010816,NO
20,910010817,NO
20,910010888,NO
20,910010889,NO
20,910010890,NO
20,910010891,NO
20,910010892,NO
20,910010893,NO
20,910010894,NO
20,910010895,NO
20,910010896,NO
20,910010897,NO
20,910010898,NO
20,910010899,NO
20,910010900,NO
20,910010901,NO
20,910010902,NO
20,910010903,NO
20,910010904,NO
20,910010905,NO
20,910010906,NO
20,910010907,NO
20,910010908,NO
20,910010909,NO
20,910010910,NO
20,910010911,NO
20,910010912,NO
20,910010913,NO
20,910010914,NO
20,910010915,NO
20,910010916,NO
20,910010917,NO
20,910010918,NO
20,910010919,NO
20,910010920,NO
20,910010921,NO
20,910010962,NO
20,910010963,NO
20,910010964,NO
20,910010965,NO
20,910010966,NO
20,910010967,NO
20,910010968,NO
20,910010969,NO
20,910010970,NO
20,910010971,NO
20,910010972,NO
20,910010973,NO
20,910010974,NO
20,910010975,NO
20,910010976,NO
20,910010977,NO
20,910010978,NO
20,910010979,NO
20,910010980,NO
20,910010981,NO
20,910010982,NO
20,910010983,NO
20,910010984,NO
20,910010985,NO
20,910010986,NO
20,910010987,NO
20,910010988,NO
20,910010989,NO
20,910010990,NO
20,910010991,NO
20,910010992,NO
20,910010993,NO
20,910010994,NO
20,910010995,NO
20,910011030,NO
20,910011031,NO
20,910011032,NO
20,910011033,NO
20,910011034,NO
20,910011035,NO
20,910011036,NO
20,910011037,NO
20,910011038,NO
20,910011039,NO
20,910011040,NO
20,910011041,NO
20,910011042,NO
20,910011043,NO
20,910011044,NO
20,910011045,NO
20,910011046,NO
20,910011047,NO
20,910020002,NO
20,910020003,NO
20,910020004,NO
20,910020018,NO
20,910020019,NO
20,910020020,NO
20,910020034,NO
20,910020035,NO
20,910020036,NO
20,910020037,NO
20,910020038,NO
20,910020039,NO
20,910020040,NO
20,910020060,NO
20,910020061,NO
20,910020089,NO
20,910030055,NO
20,910030060,NO
20,910030062,NO
20,931402566,NO
20,951022258,NO
20,910030066,NO
20,910030067,NO
20,910030073,NO
20,910030095,NO
20,910030097,NO
20,910030098,NO
20,910030099,NO
20,910050001,NO
20,910050002,NO
20,910050004,NO
20,910050005,NO
20,910050006,NO
20,910050007,NO
20,910050008,NO
20,910050009,NO
20,910050010,NO
20,910050011,NO
20,910050012,NO
20,910050013,NO
20,910050014,NO
20,910250001,NO
20,910250002,NO
20,910270001,NO
20,910270002,NO
20,910270003,NO
20,910310006,NO
20,910310008,NO
20,910310009,NO
20,910310034,NO
20,910310239,NO
20,910310240,NO
20,910310241,NO
20,910310243,NO
20,910310244,NO
20,910310245,NO
20,910310246,NO
20,910310247,NO
20,910310248,NO
20,910310249,NO
20,910310250,NO
20,910310251,NO
20,910310252,NO
20,910310253,NO
20,910310254,NO
20,910310255,NO
20,910310259,NO
20,910310260,NO
20,910310261,NO
20,910310262,NO
20,910310263,NO
20,910310264,NO
20,910310265,NO
20,910310266,NO
20,910310267,NO
20,910310268,NO
20,910310269,NO
20,910310270,NO
20,910310271,NO
20,910310272,NO
20,910310273,NO
20,910310274,NO
20,910310275,NO
20,910310276,NO
20,915000087,NO
20,915000088,NO
20,915000089,NO
20,915000104,NO
20,915000105,NO
20,915000124,NO
20,915000125,NO
20,915000130,NO
20,915000133,NO
20,915000134,NO
20,915000135,NO
20,915000138,NO
20,915000140,NO
20,915000141,NO
20,915000146,NO
20,915000147,NO
20,915000149,NO
20,915000150,NO
20,915000151,NO
20,915000158,NO
20,915000159,NO
20,915000160,NO
20,915000161,NO
20,915000162,NO
20,915000163,NO
20,915000174,NO
20,915000176,NO
20,915000177,NO
20,915000178,NO
20,915000179,NO
20,915000180,NO
20,915000181,NO
20,915000182,NO
20,915000188,NO
20,915000278,NO
20,915000279,NO
20,915000280,NO
20,915000281,NO
20,915000282,NO
20,915000283,NO
20,915000284,NO
20,915000285,NO
20,915000286,NO
20,915000287,NO
20,915000288,NO
20,915000296,NO
20,915000297,NO
20,915000298,NO
20,915000299,NO
20,915000314,NO
20,915000321,NO
20,915000353,NO
20,915000369,NO
20,915000370,NO
20,915000371,NO
20,915000381,NO
20,915000383,NO
20,916000001,NO
20,916000002,NO
20,916000003,NO
20,916000004,NO
20,916000005,NO
20,916000006,NO
20,916000007,NO
20,916000008,NO
20,916000009,NO
20,916000010,NO
20,916000011,NO
20,931100095,NO
20,931100096,NO
20,931100097,NO
20,931100098,NO
20,931100099,NO
20,931100100,NO
20,931100101,NO
20,931100102,NO
20,931100103,NO
20,931100104,NO
20,931100105,NO
20,931100106,NO
20,931100107,NO
20,931100108,NO
20,931100109,NO
20,931100110,NO
20,931100111,NO
20,931100112,NO
20,931100113,NO
20,931100114,NO
20,931100115,NO
20,931100116,NO
20,931100117,NO
20,931100118,NO
20,931100119,NO
20,931100120,NO
20,931100121,NO
20,931100122,NO
20,931100123,NO
20,931100124,NO
20,931100125,NO
20,931100126,NO
20,931100127,NO
20,931100128,NO
20,931100231,NO
20,931100232,NO
20,931100255,NO
20,931100256,NO
20,931100257,NO
20,931100258,NO
20,931100259,NO
20,931100260,NO
20,931100261,NO
20,931100262,NO
20,931100263,NO
20,931100264,NO
20,931100265,NO
20,931100266,NO
20,931100267,NO
20,931100268,NO
20,931100269,NO
20,931100270,NO
20,931100271,NO
20,931100272,NO
20,931100273,NO
20,931100274,NO
20,931100275,NO
20,931100276,NO
20,931100277,NO
20,931100278,NO
20,931100279,NO
20,931100280,NO
20,931100281,NO
20,931100282,NO
20,931100283,NO
20,931100284,NO
20,931100285,NO
20,931100286,NO
20,931200012,NO
20,931200013,NO
20,931200014,NO
20,931200015,NO
20,931200016,NO
20,931200017,NO
20,931200018,NO
20,931200019,NO
20,931200020,NO
20,931200021,NO
20,931200022,NO
20,931200023,NO
20,931200024,NO
20,931200025,NO
20,931200026,NO
20,931200027,NO
20,931200028,NO
20,931200029,NO
20,931200030,NO
20,931200031,NO
20,931200032,NO
20,931200033,NO
20,931200034,NO
20,931200035,NO
20,931200036,NO
20,931200037,NO
20,931200038,NO
20,931200039,NO
20,931200040,NO
20,931200041,NO
20,931200042,NO
20,931200043,NO
20,931200044,NO
20,931200045,NO
20,931200156,NO
20,931200157,NO
20,931200158,NO
20,931200159,NO
20,931200160,NO
20,931200161,NO
20,931200163,NO
20,931200198,NO
20,931200199,NO
20,931200200,NO
20,931200201,NO
20,931200202,NO
20,931200203,NO
20,931200209,NO
20,931200210,NO
20,931200211,NO
20,931200212,NO
20,931200213,NO
20,931200214,NO
20,931200215,NO
20,931200216,NO
20,931200217,NO
20,931200218,NO
20,931200219,NO
20,931200220,NO
20,931200221,NO
20,931200222,NO
20,931200223,NO
20,931200224,NO
20,931200225,NO
20,931200226,NO
20,931200227,NO
20,931200228,NO
20,931200229,NO
20,931200336,NO
20,931200337,NO
20,931200338,NO
20,931200339,NO
20,931200340,NO
20,931200341,NO
20,931200342,NO
20,931200343,NO
20,931200344,NO
20,931200345,NO
20,931200346,NO
20,931200347,NO
20,931200348,NO
20,931200349,NO
20,931200350,NO
20,931200351,NO
20,931200352,NO
20,931200353,NO
20,931200354,NO
20,931200355,NO
20,931200356,NO
20,931200357,NO
20,931200358,NO
20,931200359,NO
20,931200360,NO
20,931200361,NO
20,931200362,NO
20,931200363,NO
20,931200364,NO
20,931200365,NO
20,931200366,NO
20,931200367,NO
20,931200368,NO
20,931200369,NO
20,931200542,NO
20,931200543,NO
20,931200544,NO
20,931200545,NO
20,931200546,NO
20,931200547,NO
20,931200548,NO
20,931200549,NO
20,931200550,NO
20,931200551,NO
20,931200552,NO
20,931200553,NO
20,931200554,NO
20,931200555,NO
20,931200556,NO
20,931200557,NO
20,931200558,NO
20,931200559,NO
20,931200560,NO
20,931200561,NO
20,931200562,NO
20,931200563,NO
20,931200564,NO
20,931200565,NO
20,931200566,NO
20,931200567,NO
20,931200568,NO
20,931200570,NO
20,931200571,NO
20,931200572,NO
20,931200574,NO
20,931200575,NO
20,931200576,NO
20,931200577,NO
20,931200728,NO
20,931200729,NO
20,931200730,NO
20,931200731,NO
20,931200732,NO
20,931200734,NO
20,931200736,NO
20,931200737,NO
20,931200738,NO
20,931200739,NO
20,931200740,NO
20,931200741,NO
20,931200742,NO
20,931200743,NO
20,931200744,NO
20,931200745,NO
20,931200746,NO
20,931200747,NO
20,931200748,NO
20,931200749,NO
20,931200750,NO
20,931200751,NO
20,931200752,NO
20,931200753,NO
20,931200754,NO
20,931200755,NO
20,931200756,NO
20,931200757,NO
20,931300001,NO
20,931300002,NO
20,931300003,NO
20,931300004,NO
20,931300005,NO
20,931300006,NO
20,931300234,NO
20,931300235,NO
20,931300236,NO
20,931300237,NO
20,931300238,NO
20,931300239,NO
20,931300240,NO
20,931300241,NO
20,931300242,NO
20,931300243,NO
20,931300244,NO
20,931300246,NO
20,931300247,NO
20,931300248,NO
20,931300250,NO
20,931300251,NO
20,931300252,NO
20,931300253,NO
20,931300254,NO
20,931300256,NO
20,931300257,NO
20,931300264,NO
20,931300267,NO
20,931300270,NO
20,931300331,NO
20,931300332,NO
20,931300333,NO
20,931300334,NO
20,931300335,NO
20,931300336,NO
20,931300337,NO
20,931300338,NO
20,931300339,NO
20,931300340,NO
20,931300512,NO
20,931300513,NO
20,931300514,NO
20,931300515,NO
20,931300516,NO
20,931300517,NO
20,931300518,NO
20,931300519,NO
20,931300520,NO
20,931300521,NO
20,931300522,NO
20,931300523,NO
20,931300524,NO
20,931300525,NO
20,931300526,NO
20,931300527,NO
20,931300528,NO
20,931300529,NO
20,931300530,NO
20,931300531,NO
20,931300532,NO
20,931300533,NO
20,931300534,NO
20,931300535,NO
20,931300536,NO
20,931300537,NO
20,931300538,NO
20,931300539,NO
20,931300540,NO
20,931300541,NO
20,931300542,NO
20,931300543,NO
20,931300544,NO
20,931300545,NO
20,931300801,NO
20,931300802,NO
20,931300803,NO
20,931300804,NO
20,931300805,NO
20,931300806,NO
20,931300807,NO
20,931300808,NO
20,931300809,NO
20,931300810,NO
20,931300811,NO
20,931300812,NO
20,931300813,NO
20,931300814,NO
20,931300815,NO
20,931300816,NO
20,931300817,NO
20,931300818,NO
20,931300819,NO
20,931300820,NO
20,931300821,NO
20,931300822,NO
20,931300823,NO
20,931300824,NO
20,931300825,NO
20,931300826,NO
20,931300827,NO
20,931300828,NO
20,931300829,NO
20,931300830,NO
20,931300831,NO
20,931300832,NO
20,931300833,NO
20,931300835,NO
20,931301016,NO
20,931301017,NO
20,931301018,NO
20,931301019,NO
20,931301020,NO
20,931301021,NO
20,931301022,NO
20,931301023,NO
20,931301024,NO
20,931301025,NO
20,931301026,NO
20,931301027,NO
20,931301028,NO
20,931301029,NO
20,931301030,NO
20,931301031,NO
20,931301032,NO
20,931301033,NO
20,931301034,NO
20,931301035,NO
20,931301036,NO
20,931301037,NO
20,931301038,NO
20,931301039,NO
20,931301040,NO
20,931301041,NO
20,931301042,NO
20,931301043,NO
20,931301044,NO
20,931301045,NO
20,931301046,NO
20,931301047,NO
20,931301048,NO
20,931301049,NO
20,931301236,NO
20,931301237,NO
20,931301238,NO
20,931301239,NO
20,931301240,NO
20,931301241,NO
20,931301242,NO
20,931301243,NO
20,931301244,NO
20,931301245,NO
20,931301246,NO
20,931301247,NO
20,931301248,NO
20,931301249,NO
20,931301250,NO
20,931301251,NO
20,931301252,NO
20,931301253,NO
20,931301254,NO
20,931301255,NO
20,931301257,NO
20,931301258,NO
20,931301259,NO
20,931301260,NO
20,931301261,NO
20,931301262,NO
20,931301263,NO
20,931301264,NO
20,931301265,NO
20,931301266,NO
20,931301267,NO
20,931301268,NO
20,931301269,NO
20,931301270,NO
20,931301447,NO
20,931301448,NO
20,931301449,NO
20,931301450,NO
20,931301451,NO
20,931301452,NO
20,931301453,NO
20,931301454,NO
20,931301455,NO
20,931301456,NO
20,931301457,NO
20,931301458,NO
20,931301459,NO
20,931301460,NO
20,931301461,NO
20,931301462,NO
20,931301463,NO
20,931301464,NO
20,931301465,NO
20,931301466,NO
20,931301467,NO
20,931301468,NO
20,931301469,NO
20,931301470,NO
20,931301471,NO
20,931301472,NO
20,931301473,NO
20,931301474,NO
20,931301475,NO
20,931301476,NO
20,931301477,NO
20,931301478,NO
20,931301479,NO
20,931301480,NO
20,931400101,NO
20,931400102,NO
20,931400103,NO
20,931400104,NO
20,931400105,NO
20,931400106,NO
20,931400107,NO
20,931400108,NO
20,931400109,NO
20,931400110,NO
20,931400111,NO
20,931400112,NO
20,931400113,NO
20,931400114,NO
20,931400115,NO
20,931400116,NO
20,931400117,NO
20,931400118,NO
20,931400119,NO
20,931400120,NO
20,931400121,NO
20,931400122,NO
20,931400123,NO
20,931400124,NO
20,931400125,NO
20,931400126,NO
20,931400127,NO
20,931400128,NO
20,931400130,NO
20,931400131,NO
20,931400132,NO
20,931400133,NO
20,931400134,NO
20,931400135,NO
20,931400407,NO
20,931400408,NO
20,931400409,NO
20,931400410,NO
20,931400411,NO
20,931400412,NO
20,931400413,NO
20,931400414,NO
20,931400415,NO
20,931400416,NO
20,931400417,NO
20,931400418,NO
20,931400419,NO
20,931400420,NO
20,931400421,NO
20,931400422,NO
20,931400423,NO
20,931400424,NO
20,931400425,NO
20,931400426,NO
20,931400427,NO
20,931400428,NO
20,931400429,NO
20,931400430,NO
20,931400431,NO
20,931400432,NO
20,931400433,NO
20,931400434,NO
20,931400435,NO
20,931400436,NO
20,931400437,NO
20,931400438,NO
20,931400439,NO
20,931400440,NO
20,931400577,NO
20,931400578,NO
20,931400579,NO
20,931400580,NO
20,931400581,NO
20,931400582,NO
20,931400583,NO
20,931400584,NO
20,931400585,NO
20,931400586,NO
20,931400587,NO
20,931400588,NO
20,931400589,NO
20,931400590,NO
20,931400591,NO
20,931400592,NO
20,931400593,NO
20,931400594,NO
20,931400595,NO
20,931400596,NO
20,931400597,NO
20,931400598,NO
20,931400599,NO
20,931400600,NO
20,931400601,NO
20,931400602,NO
20,931400603,NO
20,931400604,NO
20,931400605,NO
20,931400606,NO
20,931400607,NO
20,931400608,NO
20,931400609,NO
20,931400610,NO
20,931400852,NO
20,931400853,NO
20,931400854,NO
20,931400855,NO
20,931400856,NO
20,931400857,NO
20,931400858,NO
20,931400859,NO
20,931400860,NO
20,931400861,NO
20,931400862,NO
20,931400863,NO
20,931400864,NO
20,931400865,NO
20,931400866,NO
20,931400867,NO
20,931400868,NO
20,931400869,NO
20,931400870,NO
20,931400871,NO
20,931400872,NO
20,931400873,NO
20,931400874,NO
20,931400875,NO
20,931400876,NO
20,931400877,NO
20,931400878,NO
20,931400879,NO
20,931400880,NO
20,931400881,NO
20,931400882,NO
20,931400883,NO
20,931400884,NO
20,931400885,NO
20,931401091,NO
20,931401092,NO
20,931401093,NO
20,931401094,NO
20,931401095,NO
20,931401096,NO
20,931401097,NO
20,931401098,NO
20,931401099,NO
20,931401100,NO
20,931401101,NO
20,931401102,NO
20,931401103,NO
20,931401104,NO
20,931401105,NO
20,931401106,NO
20,931401107,NO
20,931401108,NO
20,931401109,NO
20,931401110,NO
20,931401111,NO
20,931401112,NO
20,931401113,NO
20,931401114,NO
20,931401115,NO
20,931401116,NO
20,931401117,NO
20,931401118,NO
20,931401119,NO
20,931401120,NO
20,931401121,NO
20,931401122,NO
20,931401123,NO
20,931401124,NO
20,931401331,NO
20,931401332,NO
20,931401333,NO
20,931401334,NO
20,931401335,NO
20,931401336,NO
20,931401337,NO
20,931401338,NO
20,931401339,NO
20,931401340,NO
20,931401341,NO
20,931401342,NO
20,931401343,NO
20,931401344,NO
20,931401345,NO
20,931401346,NO
20,931401347,NO
20,931401348,NO
20,931401349,NO
20,931401350,NO
20,931401351,NO
20,931401352,NO
20,931401353,NO
20,931401354,NO
20,931401355,NO
20,931401356,NO
20,931401357,NO
20,931401358,NO
20,931401359,NO
20,931401360,NO
20,931401361,NO
20,931401362,NO
20,931401363,NO
20,931401364,NO
20,931401611,NO
20,931401612,NO
20,931401613,NO
20,931401614,NO
20,931401615,NO
20,931401616,NO
20,931401617,NO
20,931401618,NO
20,931401619,NO
20,931401620,NO
20,931401621,NO
20,931401622,NO
20,931401623,NO
20,931401624,NO
20,931401625,NO
20,931401626,NO
20,931401627,NO
20,931401628,NO
20,931401629,NO
20,931401630,NO
20,931401631,NO
20,931401632,NO
20,931401633,NO
20,931401634,NO
20,931401635,NO
20,931401636,NO
20,931401637,NO
20,931401638,NO
20,931401639,NO
20,931401640,NO
20,931401641,NO
20,931401642,NO
20,931401643,NO
20,931401644,NO
20,931401785,NO
20,931401786,NO
20,931401787,NO
20,931401788,NO
20,931401789,NO
20,931401790,NO
20,931401791,NO
20,931401792,NO
20,931401793,NO
20,931401794,NO
20,931401795,NO
20,931401796,NO
20,931401797,NO
20,931401798,NO
20,931401799,NO
20,931401800,NO
20,931401801,NO
20,931401802,NO
20,931401803,NO
20,931401804,NO
20,931401805,NO
20,931401806,NO
20,931401807,NO
20,931401808,NO
20,931401809,NO
20,931401810,NO
20,931401811,NO
20,931401812,NO
20,931401813,NO
20,931401814,NO
20,931401815,NO
20,931401816,NO
20,931401817,NO
20,931401818,NO
20,931401994,NO
20,931401995,NO
20,931401996,NO
20,931401997,NO
20,931401998,NO
20,931401999,NO
20,931402000,NO
20,931402001,NO
20,931402002,NO
20,931402003,NO
20,931402004,NO
20,931402005,NO
20,931402006,NO
20,931402007,NO
20,931402008,NO
20,931402009,NO
20,931402010,NO
20,931402011,NO
20,931402012,NO
20,931402013,NO
20,931402014,NO
20,931402015,NO
20,931402016,NO
20,931402017,NO
20,931402018,NO
20,931402019,NO
20,931402020,NO
20,931402021,NO
20,931402023,NO
20,931402024,NO
20,931402026,NO
20,931402027,NO
20,931402028,NO
20,931402029,NO
20,931402171,NO
20,931402172,NO
20,931402173,NO
20,931402174,NO
20,931402175,NO
20,931402176,NO
20,931402177,NO
20,931402178,NO
20,931402179,NO
20,931402180,NO
20,931402181,NO
20,931402182,NO
20,931402183,NO
20,931402184,NO
20,931402185,NO
20,931402186,NO
20,931402187,NO
20,931402188,NO
20,931402189,NO
20,931402190,NO
20,931402191,NO
20,931402192,NO
20,931402193,NO
20,931402194,NO
20,931402195,NO
20,931402196,NO
20,931402197,NO
20,931402198,NO
20,931402199,NO
20,931402200,NO
20,931402201,NO
20,931402202,NO
20,931402203,NO
20,931402204,NO
20,931402423,NO
20,931402424,NO
20,931402425,NO
20,931402426,NO
20,931402427,NO
20,931402428,NO
20,931402429,NO
20,931402430,NO
20,931402431,NO
20,931402432,NO
20,931402433,NO
20,931402434,NO
20,931402435,NO
20,931402436,NO
20,931402437,NO
20,931201126,NO
20,931201127,NO
20,931201128,NO
20,931201129,NO
20,931201130,NO
20,911305979,NO
20,911305980,NO
20,911305981,NO
20,931402438,NO
20,931402439,NO
20,931402440,NO
20,931402441,NO
20,931402442,NO
20,931402443,NO
20,931402444,NO
20,931402445,NO
20,931402446,NO
20,931402447,NO
20,931402448,NO
20,931600024,NO
20,931600025,NO
20,931600026,NO
20,931600027,NO
20,931600028,NO
20,931600029,NO
20,931600030,NO
20,931600031,NO
20,931600032,NO
20,931600033,NO
20,931600034,NO
20,931600035,NO
20,931600037,NO
20,931600038,NO
20,931600039,NO
20,931600040,NO
20,931600041,NO
20,931600042,NO
20,931600043,NO
20,931600044,NO
20,931600046,NO
20,931600047,NO
20,931600048,NO
20,931600049,NO
20,931600050,NO
20,931600052,NO
20,931600053,NO
20,931600054,NO
20,931600055,NO
20,931600056,NO
20,931600057,NO
20,931600058,NO
20,931600059,NO
20,931600060,NO
20,931600204,NO
20,931600205,NO
20,931600206,NO
20,931600207,NO
20,931600208,NO
20,931600209,NO
20,931600210,NO
20,931600211,NO
20,931600212,NO
20,931600213,NO
20,931600215,NO
20,931600216,NO
20,931600217,NO
20,931600218,NO
20,931600219,NO
20,931600220,NO
20,931600221,NO
20,931600222,NO
20,931600223,NO
20,931600224,NO
20,931600225,NO
20,931600227,NO
20,931600228,NO
20,931600229,NO
20,931600231,NO
20,931600232,NO
20,931600233,NO
20,931600234,NO
20,931600235,NO
20,931600236,NO
20,931600237,NO
20,931600238,NO
20,931600239,NO
20,931600240,NO
20,932000065,NO
20,932000066,NO
20,932000067,NO
20,932000068,NO
20,932000069,NO
20,932000070,NO
20,932000071,NO
20,932000072,NO
20,932000073,NO
20,932000074,NO
20,932000075,NO
20,932000076,NO
20,932000077,NO
20,932000078,NO
20,932000079,NO
20,932000080,NO
20,932000081,NO
20,932000082,NO
20,932000083,NO
20,932000084,NO
20,932000085,NO
20,932000086,NO
20,932000087,NO
20,932000088,NO
20,932000089,NO
20,932000090,NO
20,932000091,NO
20,932000092,NO
20,932000093,NO
20,932000094,NO
20,932000095,NO
20,932000096,NO
20,932000097,NO
20,932000098,NO
20,951010244,NO
20,951010245,NO
20,951010279,NO
20,951010285,NO
20,951010295,NO
20,951010300,NO
20,951010301,NO
20,951010306,NO
20,951010309,NO
20,951010311,NO
20,951010319,NO
20,951010320,NO
20,951010322,NO
20,951010331,NO
20,951010335,NO
20,951010337,NO
20,951010338,NO
20,951010339,NO
20,951010344,NO
20,951010347,NO
20,951010348,NO
20,951010351,NO
20,951010356,NO
20,951010360,NO
20,951010361,NO
20,951010367,NO
20,951010368,NO
20,951010371,NO
20,951020001,NO
20,951020002,NO
20,951020003,NO
20,951020004,NO
20,951020005,NO
20,951020006,NO
20,951020258,NO
20,951020259,NO
20,951020260,NO
20,951020261,NO
20,951020262,NO
20,951020263,NO
20,951020264,NO
20,951020265,NO
20,951020266,NO
20,951020267,NO
20,951020268,NO
20,951020269,NO
20,951020270,NO
20,951020271,NO
20,951020272,NO
20,951020273,NO
20,951020274,NO
20,951020275,NO
20,951020276,NO
20,951020277,NO
20,951020278,NO
20,951020279,NO
20,951020280,NO
20,951020281,NO
20,951020282,NO
20,951020283,NO
20,951020284,NO
20,951020285,NO
20,951020286,NO
20,951020287,NO
20,951020288,NO
20,951020289,NO
20,951020290,NO
20,951020291,NO
20,951020460,NO
20,951020461,NO
20,951020462,NO
20,951020463,NO
20,951020464,NO
20,951020465,NO
20,951020466,NO
20,951020467,NO
20,951020468,NO
20,951020469,NO
20,951020470,NO
20,951020471,NO
20,951020472,NO
20,951020473,NO
20,951020474,NO
20,951020475,NO
20,951020476,NO
20,951020477,NO
20,951020478,NO
20,951020479,NO
20,951020480,NO
20,951020481,NO
20,951020482,NO
20,951020483,NO
20,951020484,NO
20,951020485,NO
20,951020486,NO
20,951020487,NO
20,951020488,NO
20,951020489,NO
20,951020490,NO
20,951020491,NO
20,951020492,NO
20,951020493,NO
20,951020606,NO
20,951020607,NO
20,951020608,NO
20,951020609,NO
20,951020610,NO
20,951020611,NO
20,951020612,NO
20,951020613,NO
20,951020614,NO
20,951020615,NO
20,951020616,NO
20,951020617,NO
20,951020618,NO
20,951020619,NO
20,951020620,NO
20,951020621,NO
20,951020622,NO
20,951020623,NO
20,951020624,NO
20,951020625,NO
20,951020626,NO
20,951020627,NO
20,951020628,NO
20,951020630,NO
20,951020631,NO
20,951020632,NO
20,951020633,NO
20,951020634,NO
20,951020635,NO
20,951020636,NO
20,951020637,NO
20,951020638,NO
20,951020639,NO
20,951020640,NO
20,951020805,NO
20,951020806,NO
20,951020807,NO
20,951020808,NO
20,951020809,NO
20,951020810,NO
20,951020811,NO
20,951020812,NO
20,951020813,NO
20,951020814,NO
20,951020815,NO
20,951020816,NO
20,951020817,NO
20,951020818,NO
20,951020819,NO
20,951020820,NO
20,951020821,NO
20,951020822,NO
20,951020823,NO
20,951020824,NO
20,951020825,NO
20,951020826,NO
20,951020827,NO
20,951020828,NO
20,951020829,NO
20,951020830,NO
20,951020831,NO
20,951020832,NO
20,951020833,NO
20,951020834,NO
20,951020835,NO
20,951020836,NO
20,951020837,NO
20,951020838,NO
20,951020951,NO
20,951020952,NO
20,951020953,NO
20,951020954,NO
20,951020955,NO
20,951020956,NO
20,951020957,NO
20,951020958,NO
20,951020959,NO
20,951020960,NO
20,951020961,NO
20,951020962,NO
20,951020963,NO
20,951020964,NO
20,951020965,NO
20,951020967,NO
20,951020968,NO
20,951020969,NO
20,951020970,NO
20,951020971,NO
20,951020972,NO
20,951020973,NO
20,951020974,NO
20,951020975,NO
20,951020976,NO
20,951020977,NO
20,951020978,NO
20,951020979,NO
20,951020981,NO
20,951020982,NO
20,951020983,NO
20,951020984,NO
20,951020985,NO
20,951020986,NO
20,951021101,NO
20,951021102,NO
20,951021103,NO
20,951021104,NO
20,951021105,NO
20,951021106,NO
20,951021107,NO
20,951021108,NO
20,951021109,NO
20,951021110,NO
20,951021111,NO
20,951021112,NO
20,951021113,NO
20,951021114,NO
20,951021115,NO
20,951021116,NO
20,951021117,NO
20,951021118,NO
20,951021119,NO
20,951021120,NO
20,951021121,NO
20,951021122,NO
20,951021123,NO
20,951021124,NO
20,951021125,NO
20,951021126,NO
20,951021127,NO
20,951021128,NO
20,951021129,NO
20,951021130,NO
20,951021131,NO
20,951021132,NO
20,951021133,NO
20,951021134,NO
20,931401819,NO
20,931401820,NO
20,931401821,NO
20,931401822,NO
20,931401823,NO
20,931401824,NO
20,931401825,NO
20,931401826,NO
20,931401827,NO
20,931401828,NO
20,931401829,NO
20,931401830,NO
20,931401831,NO
20,931401832,NO
20,931401833,NO
20,931401834,NO
20,931401835,NO
20,931401836,NO
20,931401837,NO
20,931401838,NO
20,931401839,NO
20,931401840,NO
20,931401841,NO
20,931401842,NO
20,931401843,NO
20,931401844,NO
20,931401845,NO
20,931401846,NO
20,931401847,NO
20,931401848,NO
20,931401849,NO
20,931401850,NO
20,931401851,NO
20,931401852,NO
20,931402205,NO
20,931402206,NO
20,931402207,NO
20,931402208,NO
20,931402209,NO
20,931402210,NO
20,931402211,NO
20,931402216,NO
20,931402217,NO
20,931402218,NO
20,931402219,NO
20,931402220,NO
20,931402221,NO
20,931402222,NO
20,931402223,NO
20,931402224,NO
20,931402225,NO
20,931402226,NO
20,931402227,NO
20,931402228,NO
20,931402229,NO
20,931402230,NO
20,931402231,NO
20,931402232,NO
20,931402233,NO
20,931402234,NO
20,931402235,NO
20,931402236,NO
20,931402237,NO
20,931402238,NO
20,931402239,NO
20,931402240,NO
20,931402241,NO
20,931402242,NO
20,931402349,NO
20,931402350,NO
20,931402351,NO
20,931402352,NO
20,931402353,NO
20,931402354,NO
20,931402355,NO
20,931402356,NO
20,931402357,NO
20,931402358,NO
20,931402359,NO
20,931402360,NO
20,931402361,NO
20,931402362,NO
20,931402364,NO
20,931402365,NO
20,931402366,NO
20,931402367,NO
20,931402368,NO
20,931402369,NO
20,931402370,NO
20,931402371,NO
20,931402372,NO
20,931402373,NO
20,931402374,NO
20,931402375,NO
20,931402376,NO
20,931402377,NO
20,931402378,NO
20,931402379,NO
20,931402380,NO
20,931402381,NO
20,931402382,NO
20,931402383,NO
20,931402384,NO
20,931402385,NO
20,931402386,NO
20,931402387,NO
20,931402388,NO
20,931402389,NO
20,931402390,NO
20,931402391,NO
20,931402394,NO
20,931402395,NO
20,931402396,NO
20,931402397,NO
20,931402398,NO
20,931402399,NO
20,931402400,NO
20,931402401,NO
20,931402402,NO
20,931402405,NO
20,931402407,NO
20,931402408,NO
20,931402409,NO
20,931402410,NO
20,931402411,NO
20,931402412,NO
20,931402413,NO
20,931402414,NO
20,931402415,NO
20,931402416,NO
20,931402417,NO
20,931402418,NO
20,931402419,NO
20,931402420,NO
20,931402421,NO
20,931402422,NO
20,931402449,NO
20,931402450,NO
20,931402451,NO
20,931402452,NO
20,931402453,NO
20,931402454,NO
20,931402455,NO
20,931402456,NO
20,931402457,NO
20,931402458,NO
20,931402459,NO
20,931402460,NO
20,931402461,NO
20,931402462,NO
20,931402463,NO
20,931402464,NO
20,931402465,NO
20,931402466,NO
20,931402467,NO
20,931402468,NO
20,931402469,NO
20,931402470,NO
20,931402471,NO
20,931402472,NO
20,931402473,NO
20,931402474,NO
20,931402475,NO
20,931402476,NO
20,931402477,NO
20,931402478,NO
20,931402479,NO
20,931402480,NO
20,931402481,NO
20,931402482,NO
20,931600061,NO
20,931600062,NO
20,931600063,NO
20,931600064,NO
20,931600065,NO
20,931600066,NO
20,931600067,NO
20,931600068,NO
20,931600069,NO
20,931600070,NO
20,931600071,NO
20,931600072,NO
20,931600074,NO
20,931600075,NO
20,931600076,NO
20,931600077,NO
20,931600078,NO
20,931600079,NO
20,931600080,NO
20,931600081,NO
20,931600082,NO
20,931600083,NO
20,931600084,NO
20,931600085,NO
20,931600086,NO
20,931600087,NO
20,931600089,NO
20,931600090,NO
20,931600091,NO
20,931600092,NO
20,931600093,NO
20,931600094,NO
20,931600095,NO
20,931600096,NO
20,931600241,NO
20,931600242,NO
20,931600243,NO
20,931600244,NO
20,931600245,NO
20,931600246,NO
20,931600247,NO
20,931600248,NO
20,931600249,NO
20,931600250,NO
20,931600251,NO
20,931600252,NO
20,931600253,NO
20,931600254,NO
20,931600255,NO
20,931600256,NO
20,931600257,NO
20,931600259,NO
20,931600261,NO
20,931600262,NO
20,931600263,NO
20,931600264,NO
20,931600265,NO
20,931600266,NO
20,931600267,NO
20,931600268,NO
20,931600269,NO
20,931600270,NO
20,931600271,NO
20,931600272,NO
20,931600273,NO
20,931600274,NO
20,931600275,NO
20,931600276,NO
20,950000024,NO
20,950270001,NO
20,951010001,NO
20,951010002,NO
20,951010003,NO
20,951010004,NO
20,951010005,NO
20,951010006,NO
20,951010007,NO
20,951010009,NO
20,951010010,NO
20,951010012,NO
20,951010013,NO
20,951010014,NO
20,951010015,NO
20,951010016,NO
20,951010017,NO
20,951010018,NO
20,951010019,NO
20,951010020,NO
20,951010021,NO
20,951010022,NO
20,951010023,NO
20,951010024,NO
20,951010025,NO
20,951010026,NO
20,951010027,NO
20,951010028,NO
20,951010029,NO
20,951010030,NO
20,951010031,NO
20,951010032,NO
20,951010033,NO
20,951010034,NO
20,951020007,NO
20,951020008,NO
20,951020009,NO
20,951020010,NO
20,951020011,NO
20,951020012,NO
20,951020013,NO
20,951020014,NO
20,951020015,NO
20,951020016,NO
20,951020017,NO
20,951020018,NO
20,951020019,NO
20,951020020,NO
20,951020021,NO
20,951020022,NO
20,951020023,NO
20,951020025,NO
20,951020026,NO
20,951020028,NO
20,951020029,NO
20,951020031,NO
20,951020032,NO
20,951020033,NO
20,951020034,NO
20,951020035,NO
20,951020036,NO
20,951020037,NO
20,951020039,NO
20,951020040,NO
20,951020041,NO
20,951020042,NO
20,951020043,NO
20,951020045,NO
20,951020153,NO
20,951020154,NO
20,951020155,NO
20,951020156,NO
20,951020157,NO
20,951020158,NO
20,951020159,NO
20,951020160,NO
20,951020161,NO
20,951020162,NO
20,951020163,NO
20,951020164,NO
20,951020165,NO
20,951020166,NO
20,951020167,NO
20,951020168,NO
20,951020169,NO
20,951020170,NO
20,951020171,NO
20,951020172,NO
20,951020173,NO
20,951020174,NO
20,951020175,NO
20,951020176,NO
20,951020177,NO
20,951020178,NO
20,951020179,NO
20,951020180,NO
20,951020181,NO
20,951020182,NO
20,951020183,NO
20,951020184,NO
20,951020185,NO
20,951020186,NO
20,951020327,NO
20,951020328,NO
20,951020329,NO
20,951020330,NO
20,951020331,NO
20,951020332,NO
20,951020333,NO
20,951020334,NO
20,951020335,NO
20,951020336,NO
20,951020337,NO
20,951020338,NO
20,951020339,NO
20,951020340,NO
20,951020341,NO
20,951020342,NO
20,951020343,NO
20,951020344,NO
20,951020345,NO
20,951020346,NO
20,951020347,NO
20,951020348,NO
20,951020349,NO
20,951020350,NO
20,951020351,NO
20,951020352,NO
20,951020353,NO
20,951020354,NO
20,951020355,NO
20,951020356,NO
20,951020357,NO
20,951020358,NO
20,951020359,NO
20,951020360,NO
20,951020494,NO
20,951020495,NO
20,951020496,NO
20,951020497,NO
20,951020498,NO
20,951020499,NO
20,951020500,NO
20,951020501,NO
20,951020502,NO
20,951020503,NO
20,951020504,NO
20,951020505,NO
20,951020506,NO
20,951020507,NO
20,951020508,NO
20,951020509,NO
20,951020510,NO
20,951020511,NO
20,951020512,NO
20,951020515,NO
20,951020516,NO
20,951020520,NO
20,951020526,NO
20,951020527,NO
20,951020528,NO
20,951020529,NO
20,951020530,NO
20,951020531,NO
20,951020532,NO
20,951020533,NO
20,951020534,NO
20,951020535,NO
20,951020536,NO
20,951020537,NO
20,951020641,NO
20,951020642,NO
20,951020643,NO
20,951020644,NO
20,951020645,NO
20,951020646,NO
20,951020647,NO
20,951020648,NO
20,951020649,NO
20,951020650,NO
20,951020651,NO
20,951020652,NO
20,951020653,NO
20,951020654,NO
20,951020655,NO
20,951020656,NO
20,951020657,NO
20,951020658,NO
20,951020659,NO
20,951020660,NO
20,951020661,NO
20,951020662,NO
20,951020663,NO
20,951020664,NO
20,951020665,NO
20,951020666,NO
20,951020667,NO
20,951020668,NO
20,951020669,NO
20,951020670,NO
20,951020671,NO
20,951020672,NO
20,951020673,NO
20,951020674,NO
20,951020917,NO
20,951020918,NO
20,951020919,NO
20,951020920,NO
20,951020921,NO
20,951020922,NO
20,951020923,NO
20,951020924,NO
20,951020925,NO
20,951020926,NO
20,951020927,NO
20,951020928,NO
20,951020929,NO
20,951020930,NO
20,951020931,NO
20,951020932,NO
20,951020933,NO
20,951020934,NO
20,951020935,NO
20,951020936,NO
20,951020937,NO
20,951020938,NO
20,951020939,NO
20,951020940,NO
20,951020941,NO
20,951020942,NO
20,951020943,NO
20,951020944,NO
20,951020945,NO
20,951020946,NO
20,951020947,NO
20,951020948,NO
20,951020949,NO
20,951020950,NO
20,951021209,NO
20,951021210,NO
20,951021211,NO
20,951021212,NO
20,951021213,NO
20,951021214,NO
20,951021215,NO
20,951021216,NO
20,951021217,NO
20,951021219,NO
20,951021220,NO
20,951021221,NO
20,951021222,NO
20,951021223,NO
20,951021224,NO
20,951021225,NO
20,951021226,NO
20,951021227,NO
20,951021228,NO
20,951021229,NO
20,951021230,NO
20,951021231,NO
20,951021232,NO
20,951021233,NO
20,951021234,NO
20,951021235,NO
20,951021236,NO
20,951021237,NO
20,951021238,NO
20,951021239,NO
20,951021240,NO
20,951021241,NO
20,951021242,NO
20,951021243,NO
20,931402031,NO
20,931402034,NO
20,931402035,NO
20,931402036,NO
20,931402037,NO
20,931402038,NO
20,931402039,NO
20,931402040,NO
20,931402041,NO
20,931402042,NO
20,931402044,NO
20,931402045,NO
20,931402046,NO
20,931402047,NO
20,931402048,NO
20,931402049,NO
20,931402050,NO
20,931402051,NO
20,931402052,NO
20,931402053,NO
20,931402054,NO
20,931402055,NO
20,931402056,NO
20,931402057,NO
20,931402058,NO
20,931402059,NO
20,931402060,NO
20,931402061,NO
20,931402062,NO
20,931402063,NO
20,931402064,NO
20,931402065,NO
20,931402067,NO
20,931402068,NO
20,931402243,NO
20,931402244,NO
20,931402245,NO
20,931402246,NO
20,931402247,NO
20,931402248,NO
20,931402249,NO
20,931402250,NO
20,931402251,NO
20,931402252,NO
20,931402253,NO
20,931402254,NO
20,931402255,NO
20,931402256,NO
20,931402257,NO
20,931402258,NO
20,931402259,NO
20,931402260,NO
20,931402261,NO
20,931402262,NO
20,931402263,NO
20,931402264,NO
20,931402265,NO
20,931402266,NO
20,931402267,NO
20,931402268,NO
20,931402269,NO
20,931402270,NO
20,931402271,NO
20,931402272,NO
20,931402273,NO
20,931402274,NO
20,931402275,NO
20,931402276,NO
20,931402483,NO
20,931402484,NO
20,931402485,NO
20,931402486,NO
20,931402487,NO
20,931402488,NO
20,931402489,NO
20,931402490,NO
20,931402491,NO
20,931402492,NO
20,931402493,NO
20,931402494,NO
20,931402495,NO
20,931402496,NO
20,931402497,NO
20,931402498,NO
20,931402499,NO
20,931402500,NO
20,931402501,NO
20,931402502,NO
20,931402503,NO
20,931402504,NO
20,931402505,NO
20,931402506,NO
20,931402507,NO
20,931402508,NO
20,931402509,NO
20,931402512,NO
20,931402513,NO
20,931402514,NO
20,931402515,NO
20,931402516,NO
20,931402517,NO
20,931402518,NO
20,931600097,NO
20,931600101,NO
20,931600102,NO
20,931600103,NO
20,931600104,NO
20,931600106,NO
20,931600107,NO
20,931600108,NO
20,931600109,NO
20,931600110,NO
20,931600111,NO
20,931600112,NO
20,931600113,NO
20,931600114,NO
20,931600115,NO
20,931600116,NO
20,931600117,NO
20,931600118,NO
20,931600119,NO
20,931600120,NO
20,931600121,NO
20,931600122,NO
20,931600123,NO
20,931600124,NO
20,931600125,NO
20,931600126,NO
20,931600127,NO
20,931600128,NO
20,931600129,NO
20,931600130,NO
20,931600131,NO
20,931600132,NO
20,931600133,NO
20,931600134,NO
20,932000101,NO
20,932000105,NO
20,932000106,NO
20,932000107,NO
20,932000108,NO
20,932000109,NO
20,932000110,NO
20,932000111,NO
20,932000112,NO
20,932000113,NO
20,932000114,NO
20,932000115,NO
20,932000116,NO
20,932000117,NO
20,932000118,NO
20,932000119,NO
20,932000120,NO
20,932000121,NO
20,932000122,NO
20,932000123,NO
20,932000124,NO
20,932000126,NO
20,932000127,NO
20,932000128,NO
20,932000129,NO
20,932000130,NO
20,932000132,NO
20,932000133,NO
20,932000134,NO
20,932000135,NO
20,932000136,NO
20,932000137,NO
20,950000018,NO
20,950000019,NO
20,951020046,NO
20,951020047,NO
20,951020048,NO
20,951020049,NO
20,951020050,NO
20,951020051,NO
20,951020052,NO
20,951020054,NO
20,951020056,NO
20,951020057,NO
20,951020059,NO
20,951020060,NO
20,951020061,NO
20,951020062,NO
20,951020063,NO
20,951020064,NO
20,951020065,NO
20,951020067,NO
20,951020068,NO
20,951020069,NO
20,951020070,NO
20,951020071,NO
20,951020072,NO
20,951020073,NO
20,951020074,NO
20,951020075,NO
20,951020076,NO
20,951020077,NO
20,951020078,NO
20,951020079,NO
20,951020080,NO
20,951020081,NO
20,951020082,NO
20,951020083,NO
20,951020119,NO
20,951020120,NO
20,951020121,NO
20,951020122,NO
20,951020123,NO
20,951020124,NO
20,951020125,NO
20,951020126,NO
20,951020127,NO
20,951020128,NO
20,951020129,NO
20,951020130,NO
20,951020131,NO
20,951020132,NO
20,951020133,NO
20,951020134,NO
20,951020135,NO
20,951020136,NO
20,951020137,NO
20,951020138,NO
20,951020139,NO
20,951020140,NO
20,951020141,NO
20,951020142,NO
20,951020143,NO
20,951020144,NO
20,951020145,NO
20,951020146,NO
20,951020147,NO
20,951020148,NO
20,951020149,NO
20,951020150,NO
20,951020151,NO
20,951020152,NO
20,951020292,NO
20,951020293,NO
20,951020294,NO
20,951020295,NO
20,951020296,NO
20,951020297,NO
20,951020298,NO
20,951020299,NO
20,951020300,NO
20,951020302,NO
20,951020303,NO
20,951020304,NO
20,951020305,NO
20,951020306,NO
20,951020307,NO
20,951020308,NO
20,951020309,NO
20,951020310,NO
20,951020311,NO
20,951020312,NO
20,951020313,NO
20,951020314,NO
20,951020315,NO
20,951020316,NO
20,951020317,NO
20,951020318,NO
20,951020319,NO
20,951020320,NO
20,951020321,NO
20,951020322,NO
20,951020323,NO
20,951020324,NO
20,951020325,NO
20,951020326,NO
20,951020425,NO
20,951020426,NO
20,951020427,NO
20,951020428,NO
20,951020429,NO
20,951020430,NO
20,951020431,NO
20,951020432,NO
20,951020433,NO
20,951020434,NO
20,951020435,NO
20,951020436,NO
20,951020437,NO
20,951020438,NO
20,951020439,NO
20,951020440,NO
20,951020441,NO
20,951020442,NO
20,951020443,NO
20,951020444,NO
20,951020445,NO
20,951020446,NO
20,951020447,NO
20,951020448,NO
20,951020449,NO
20,951020450,NO
20,951020452,NO
20,951020453,NO
20,951020454,NO
20,951020455,NO
20,951020456,NO
20,951020457,NO
20,951020458,NO
20,951020459,NO
20,951020572,NO
20,951020573,NO
20,951020574,NO
20,951020575,NO
20,951020576,NO
20,951020577,NO
20,951020578,NO
20,951020579,NO
20,951020580,NO
20,951020581,NO
20,951020582,NO
20,951020583,NO
20,951020584,NO
20,951020585,NO
20,951020586,NO
20,951020587,NO
20,951020588,NO
20,951020589,NO
20,951020590,NO
20,951020591,NO
20,951020592,NO
20,951020593,NO
20,951020594,NO
20,951020595,NO
20,951020596,NO
20,951020597,NO
20,951020598,NO
20,951020599,NO
20,951020600,NO
20,951020601,NO
20,951020602,NO
20,951020603,NO
20,951020604,NO
20,951020605,NO
20,951020746,NO
20,951020747,NO
20,951020748,NO
20,951020750,NO
20,951020751,NO
20,951020752,NO
20,951020754,NO
20,951020755,NO
20,951020756,NO
20,951020757,NO
20,951020758,NO
20,951020759,NO
20,951020760,NO
20,951020761,NO
20,951020762,NO
20,951020763,NO
20,951020764,NO
20,951020765,NO
20,951020766,NO
20,951020767,NO
20,951020768,NO
20,951020769,NO
20,951020770,NO
20,951020771,NO
20,951020772,NO
20,951020773,NO
20,951020775,NO
20,951020778,NO
20,951020783,NO
20,951020792,NO
20,951020796,NO
20,951020797,NO
20,951020803,NO
20,951020804,NO
20,951020987,NO
20,951020988,NO
20,951020989,NO
20,951020990,NO
20,951020991,NO
20,951020992,NO
20,951020993,NO
20,951020994,NO
20,951020995,NO
20,951020996,NO
20,951020997,NO
20,951020998,NO
20,951020999,NO
20,951021008,NO
20,951021009,NO
20,951021010,NO
20,951021011,NO
20,951021012,NO
20,951021013,NO
20,951021014,NO
20,951021015,NO
20,951021016,NO
20,951021017,NO
20,951021018,NO
20,951021019,NO
20,951021020,NO
20,951021021,NO
20,951021022,NO
20,951021023,NO
20,951021024,NO
20,951021025,NO
20,951021026,NO
20,951021027,NO
20,951021028,NO
20,951021170,NO
20,951021171,NO
20,951021172,NO
20,951021173,NO
20,951021174,NO
20,951021175,NO
20,951021176,NO
20,951021177,NO
20,951021178,NO
20,951021179,NO
20,951021180,NO
20,951021181,NO
20,951021182,NO
20,951021183,NO
20,951021184,NO
20,951021190,NO
20,951021191,NO
20,951021192,NO
20,951021193,NO
20,951021194,NO
20,951021195,NO
20,951021196,NO
20,951021197,NO
20,951021198,NO
20,951021199,NO
20,951021200,NO
20,951021201,NO
20,951021202,NO
20,951021203,NO
20,951021204,NO
20,951021205,NO
20,951021206,NO
20,951021207,NO
20,951021208,NO
20,931401926,NO
20,931401927,NO
20,931401928,NO
20,931401929,NO
20,931401930,NO
20,931401931,NO
20,931401932,NO
20,931401933,NO
20,931401934,NO
20,931401935,NO
20,931401936,NO
20,931401937,NO
20,931401938,NO
20,931401939,NO
20,931401940,NO
20,931401941,NO
20,931401942,NO
20,931401943,NO
20,931401944,NO
20,931401945,NO
20,931401946,NO
20,931401947,NO
20,931401948,NO
20,931401949,NO
20,931401950,NO
20,931401951,NO
20,931401952,NO
20,931401953,NO
20,931401954,NO
20,931401955,NO
20,931401956,NO
20,931401957,NO
20,931401958,NO
20,931401959,NO
20,931402069,NO
20,931402070,NO
20,931402071,NO
20,931402072,NO
20,931402073,NO
20,931402074,NO
20,931402075,NO
20,931402076,NO
20,931402077,NO
20,931402078,NO
20,931402079,NO
20,931402080,NO
20,931402081,NO
20,931402082,NO
20,931402083,NO
20,931402084,NO
20,931402085,NO
20,931402086,NO
20,931402087,NO
20,931402088,NO
20,931402089,NO
20,931402090,NO
20,931402091,NO
20,931402092,NO
20,931402093,NO
20,931402094,NO
20,931402095,NO
20,931402096,NO
20,931402097,NO
20,931402098,NO
20,931402099,NO
20,931402100,NO
20,931402101,NO
20,931402102,NO
20,931402277,NO
20,931402278,NO
20,931402279,NO
20,931402280,NO
20,931402281,NO
20,931402282,NO
20,931402283,NO
20,931402284,NO
20,931402285,NO
20,931402287,NO
20,931402288,NO
20,931402289,NO
20,931402290,NO
20,931402291,NO
20,931402292,NO
20,931402293,NO
20,931402294,NO
20,931402295,NO
20,931402297,NO
20,931402298,NO
20,931402299,NO
20,931402300,NO
20,931402301,NO
20,931402302,NO
20,931402303,NO
20,931402304,NO
20,931402306,NO
20,931402307,NO
20,931402308,NO
20,931402309,NO
20,931402310,NO
20,931402311,NO
20,931402312,NO
20,931402313,NO
20,931402554,NO
20,931402555,NO
20,931402556,NO
20,931402557,NO
20,931402558,NO
20,931402559,NO
20,931402560,NO
20,931402561,NO
20,931402562,NO
20,931402563,NO
20,931402564,NO
20,931600001,NO
20,931600002,NO
20,931600003,NO
20,931600004,NO
20,931600005,NO
20,931600006,NO
20,931600007,NO
20,931600008,NO
20,931600009,NO
20,931600010,NO
20,931600011,NO
20,931600012,NO
20,931600013,NO
20,931600014,NO
20,931600015,NO
20,931600016,NO
20,931600017,NO
20,931600018,NO
20,931600019,NO
20,931600020,NO
20,931600021,NO
20,931600022,NO
20,931600023,NO
20,931600170,NO
20,931600171,NO
20,931600172,NO
20,931600173,NO
20,931600174,NO
20,931600175,NO
20,931600176,NO
20,931600177,NO
20,931600178,NO
20,931600179,NO
20,931600180,NO
20,931600181,NO
20,931600182,NO
20,931600183,NO
20,931600184,NO
20,931600185,NO
20,931600186,NO
20,931600187,NO
20,931600188,NO
20,931600189,NO
20,931600190,NO
20,931600191,NO
20,931600192,NO
20,931600193,NO
20,931600194,NO
20,931600195,NO
20,931600196,NO
20,931600197,NO
20,931600198,NO
20,931600199,NO
20,931600200,NO
20,931600201,NO
20,931600202,NO
20,931600203,NO
20,932000031,NO
20,932000032,NO
20,932000033,NO
20,932000034,NO
20,932000035,NO
20,932000036,NO
20,932000037,NO
20,932000038,NO
20,932000039,NO
20,932000040,NO
20,932000041,NO
20,932000042,NO
20,932000043,NO
20,932000044,NO
20,932000045,NO
20,932000046,NO
20,932000047,NO
20,932000048,NO
20,932000049,NO
20,932000050,NO
20,932000051,NO
20,932000052,NO
20,932000053,NO
20,932000054,NO
20,932000055,NO
20,932000056,NO
20,932000057,NO
20,932000058,NO
20,932000059,NO
20,932000060,NO
20,932000061,NO
20,932000062,NO
20,932000063,NO
20,932000064,NO
20,951010035,NO
20,951010036,NO
20,951010037,NO
20,951010038,NO
20,951010039,NO
20,951010040,NO
20,951010070,NO
20,951010077,NO
20,951010115,NO
20,951010116,NO
20,951010142,NO
20,951010143,NO
20,951010144,NO
20,951010145,NO
20,951010146,NO
20,951010148,NO
20,951010169,NO
20,951010170,NO
20,951010177,NO
20,951010178,NO
20,951010189,NO
20,951010205,NO
20,951010210,NO
20,951010211,NO
20,951010216,NO
20,951010217,NO
20,951010219,NO
20,951010222,NO
20,951010224,NO
20,951010232,NO
20,951010234,NO
20,951010236,NO
20,951010238,NO
20,951010243,NO
20,951020188,NO
20,951020189,NO
20,951020190,NO
20,951020191,NO
20,951020192,NO
20,951020193,NO
20,951020194,NO
20,951020195,NO
20,951020197,NO
20,951020198,NO
20,951020199,NO
20,951020200,NO
20,951020201,NO
20,951020202,NO
20,951020203,NO
20,951020204,NO
20,951020205,NO
20,951020206,NO
20,951020207,NO
20,951020208,NO
20,951020209,NO
20,951020210,NO
20,951020211,NO
20,951020212,NO
20,951020213,NO
20,951020214,NO
20,951020215,NO
20,951020216,NO
20,951020217,NO
20,951020218,NO
20,951020219,NO
20,951020220,NO
20,951020221,NO
20,951020222,NO
20,951020361,NO
20,951020362,NO
20,951020363,NO
20,951020364,NO
20,951020365,NO
20,951020366,NO
20,951020367,NO
20,951020368,NO
20,951020369,NO
20,951020370,NO
20,951020371,NO
20,951020372,NO
20,951020373,NO
20,951020374,NO
20,951020375,NO
20,951020376,NO
20,951020377,NO
20,951020378,NO
20,951020379,NO
20,951020380,NO
20,951020381,NO
20,951020382,NO
20,951020383,NO
20,951020384,NO
20,951020385,NO
20,951020386,NO
20,951020387,NO
20,951020388,NO
20,951020389,NO
20,951020390,NO
20,951020391,NO
20,951020392,NO
20,951020393,NO
20,951020394,NO
20,951020538,NO
20,951020539,NO
20,951020540,NO
20,951020541,NO
20,951020542,NO
20,951020543,NO
20,951020544,NO
20,951020545,NO
20,951020546,NO
20,951020547,NO
20,951020548,NO
20,951020549,NO
20,951020550,NO
20,951020551,NO
20,951020552,NO
20,951020553,NO
20,951020554,NO
20,951020555,NO
20,951020556,NO
20,951020557,NO
20,951020558,NO
20,951020559,NO
20,951020560,NO
20,951020561,NO
20,951020562,NO
20,951020563,NO
20,951020564,NO
20,951020565,NO
20,951020566,NO
20,951020567,NO
20,951020568,NO
20,951020569,NO
20,951020570,NO
20,951020571,NO
20,951020710,NO
20,951020711,NO
20,951020713,NO
20,951020714,NO
20,951020715,NO
20,951020716,NO
20,951020717,NO
20,951020718,NO
20,951020719,NO
20,951020720,NO
20,951020721,NO
20,951020722,NO
20,951020723,NO
20,951020724,NO
20,951020725,NO
20,951020726,NO
20,951020727,NO
20,951020728,NO
20,951020729,NO
20,951020730,NO
20,951020731,NO
20,951020732,NO
20,951020733,NO
20,951020734,NO
20,951020735,NO
20,951020736,NO
20,951020737,NO
20,951020738,NO
20,951020739,NO
20,951020741,NO
20,951020742,NO
20,951020743,NO
20,951020744,NO
20,951020745,NO
20,951020883,NO
20,951020884,NO
20,951020885,NO
20,951020886,NO
20,951020887,NO
20,951020888,NO
20,951020889,NO
20,951020890,NO
20,951020891,NO
20,951020892,NO
20,951020893,NO
20,951020894,NO
20,951020895,NO
20,951020896,NO
20,951020897,NO
20,951020898,NO
20,951020899,NO
20,951020900,NO
20,951020901,NO
20,951020902,NO
20,951020903,NO
20,951020904,NO
20,951020905,NO
20,951020906,NO
20,951020907,NO
20,951020908,NO
20,951020909,NO
20,951020910,NO
20,951020911,NO
20,951020912,NO
20,951020913,NO
20,951020914,NO
20,951020915,NO
20,951020916,NO
20,951021065,NO
20,951021066,NO
20,951021067,NO
20,951021068,NO
20,951021069,NO
20,951021070,NO
20,951021071,NO
20,951021072,NO
20,951021073,NO
20,951021074,NO
20,951021075,NO
20,951021076,NO
20,951021077,NO
20,951021078,NO
20,951021079,NO
20,951021080,NO
20,951021081,NO
20,951021082,NO
20,951021083,NO
20,951021084,NO
20,951021085,NO
20,951021087,NO
20,951021089,NO
20,951021090,NO
20,951021091,NO
20,951021092,NO
20,951021093,NO
20,951021094,NO
20,951021095,NO
20,951021096,NO
20,951021097,NO
20,951021098,NO
20,951021099,NO
20,951021100,NO
20,951021244,NO
20,951021245,NO
20,951021246,NO
20,951021247,NO
20,951021248,NO
20,951021249,NO
20,951021250,NO
20,951021251,NO
20,951021252,NO
20,951021253,NO
20,951021254,NO
20,951021255,NO
20,951021256,NO
20,951021257,NO
20,951021258,NO
20,951021259,NO
20,951021260,NO
20,951021261,NO
20,951021262,NO
20,951021264,NO
20,951021265,NO
20,951021266,NO
20,951021267,NO
20,951021268,NO
20,951021269,NO
20,951021270,NO
20,951021271,NO
20,951021272,NO
20,951021273,NO
20,951021274,NO
20,951021275,NO
20,951021276,NO
20,951021277,NO
20,951021278,NO
20,931402314,NO
20,931402315,NO
20,931402316,NO
20,931402317,NO
20,931402318,NO
20,931402319,NO
20,931402320,NO
20,931402321,NO
20,931402322,NO
20,931402323,NO
20,931402324,NO
20,931402325,NO
20,931402326,NO
20,931402327,NO
20,931402328,NO
20,931402329,NO
20,931402330,NO
20,931402331,NO
20,931402332,NO
20,931402333,NO
20,931402335,NO
20,931402336,NO
20,931402337,NO
20,931402338,NO
20,931402339,NO
20,931402340,NO
20,931402341,NO
20,931402342,NO
20,931402343,NO
20,931402344,NO
20,931402345,NO
20,931402346,NO
20,931402347,NO
20,931402348,NO
20,931402519,NO
20,931402520,NO
20,931402521,NO
20,931402522,NO
20,931402523,NO
20,931402524,NO
20,931402525,NO
20,931402526,NO
20,931402527,NO
20,931402528,NO
20,931402529,NO
20,931402530,NO
20,931402531,NO
20,931402532,NO
20,931402533,NO
20,931402534,NO
20,931402535,NO
20,931402536,NO
20,931402537,NO
20,931402538,NO
20,931402539,NO
20,931402540,NO
20,931402541,NO
20,931402542,NO
20,931402543,NO
20,931402544,NO
20,931402545,NO
20,931402547,NO
20,931402548,NO
20,931402549,NO
20,931402550,NO
20,931402551,NO
20,931402552,NO
20,931402553,NO
20,931600135,NO
20,931600136,NO
20,931600137,NO
20,931600138,NO
20,931600139,NO
20,931600140,NO
20,931600141,NO
20,931600142,NO
20,931600143,NO
20,931600144,NO
20,931600145,NO
20,931600146,NO
20,931600147,NO
20,931600148,NO
20,931600149,NO
20,931600150,NO
20,931600152,NO
20,931600153,NO
20,931600154,NO
20,931600155,NO
20,931600156,NO
20,931600157,NO
20,931600158,NO
20,931600159,NO
20,931600160,NO
20,931600161,NO
20,931600162,NO
20,931600163,NO
20,931600164,NO
20,931600165,NO
20,931600166,NO
20,931600167,NO
20,931600168,NO
20,931600169,NO
20,931600277,NO
20,931600278,NO
20,931600279,NO
20,931600280,NO
20,931600281,NO
20,931600282,NO
20,931600283,NO
20,931600284,NO
20,932000001,NO
20,932000002,NO
20,932000003,NO
20,932000004,NO
20,932000005,NO
20,932000006,NO
20,932000007,NO
20,932000008,NO
20,932000009,NO
20,932000010,NO
20,932000011,NO
20,932000012,NO
20,932000013,NO
20,932000014,NO
20,932000015,NO
20,932000016,NO
20,932000017,NO
20,932000018,NO
20,932000019,NO
20,932000020,NO
20,932000021,NO
20,932000022,NO
20,932000023,NO
20,932000024,NO
20,932000025,NO
20,932000026,NO
20,951020084,NO
20,951020085,NO
20,951020086,NO
20,951020087,NO
20,951020088,NO
20,951020089,NO
20,951020090,NO
20,951020091,NO
20,951020092,NO
20,951020093,NO
20,951020094,NO
20,951020095,NO
20,951020096,NO
20,951020097,NO
20,951020098,NO
20,951020099,NO
20,951020100,NO
20,951020101,NO
20,951020102,NO
20,951020103,NO
20,951020104,NO
20,951020106,NO
20,951020107,NO
20,951020108,NO
20,951020109,NO
20,951020110,NO
20,951020111,NO
20,951020112,NO
20,951020113,NO
20,951020114,NO
20,951020115,NO
20,951020116,NO
20,951020117,NO
20,951020118,NO
20,951020223,NO
20,951020224,NO
20,951020225,NO
20,951020226,NO
20,951020227,NO
20,951020228,NO
20,951020229,NO
20,951020230,NO
20,951020231,NO
20,951020232,NO
20,951020233,NO
20,951020234,NO
20,951020235,NO
20,951020236,NO
20,951020237,NO
20,951020238,NO
20,951020239,NO
20,951020240,NO
20,951020241,NO
20,951020242,NO
20,951020243,NO
20,951020244,NO
20,951020245,NO
20,951020246,NO
20,951020248,NO
20,951020249,NO
20,951020250,NO
20,951020251,NO
20,951020252,NO
20,951020253,NO
20,951020254,NO
20,951020255,NO
20,951020256,NO
20,951020257,NO
20,951020395,NO
20,951020396,NO
20,951020397,NO
20,951020398,NO
20,951020399,NO
20,951020400,NO
20,951020401,NO
20,951020402,NO
20,951020403,NO
20,951020404,NO
20,951020405,NO
20,951020406,NO
20,951020407,NO
20,951020408,NO
20,951020409,NO
20,951020410,NO
20,951020411,NO
20,951020412,NO
20,951020413,NO
20,951020414,NO
20,951020415,NO
20,951020416,NO
20,951020417,NO
20,931402567,NO
20,931201131,NO
20,931406797,NO
20,931204144,NO
20,951020418,NO
20,951020419,NO
20,951020420,NO
20,951020421,NO
20,951020422,NO
20,951020423,NO
20,951020424,NO
20,951020675,NO
20,951020677,NO
20,951020678,NO
20,951020679,NO
20,951020680,NO
20,951020681,NO
20,951020682,NO
20,951020683,NO
20,951020684,NO
20,951020685,NO
20,951020686,NO
20,951020687,NO
20,951020688,NO
20,951020689,NO
20,951020690,NO
20,951020691,NO
20,951020692,NO
20,951020693,NO
20,951020694,NO
20,951020695,NO
20,951020696,NO
20,951020697,NO
20,951020698,NO
20,951020699,NO
20,951020700,NO
20,951020701,NO
20,951020702,NO
20,951020703,NO
20,951020704,NO
20,951020705,NO
20,951020706,NO
20,951020707,NO
20,951020708,NO
20,951020709,NO
20,951020839,NO
20,951020840,NO
20,951020841,NO
20,951020843,NO
20,951020847,NO
20,951020849,NO
20,951020850,NO
20,951020854,NO
20,951020855,NO
20,951020856,NO
20,951020857,NO
20,951020858,NO
20,951020859,NO
20,951020860,NO
20,951020862,NO
20,951020864,NO
20,951020865,NO
20,951020866,NO
20,951020867,NO
20,951020868,NO
20,951020869,NO
20,951020870,NO
20,951020871,NO
20,951020872,NO
20,951020873,NO
20,951020874,NO
20,951020875,NO
20,951020876,NO
20,951020877,NO
20,951020878,NO
20,951020879,NO
20,951020880,NO
20,951020881,NO
20,951020882,NO
20,951021029,NO
20,951021030,NO
20,951021031,NO
20,951021032,NO
20,951021033,NO
20,951021034,NO
20,951021035,NO
20,951021036,NO
20,951021037,NO
20,951021038,NO
20,951021039,NO
20,951021040,NO
20,951021041,NO
20,951021042,NO
20,951021043,NO
20,951021045,NO
20,951021046,NO
20,951021047,NO
20,951021048,NO
20,951021049,NO
20,951021050,NO
20,951021052,NO
20,951021053,NO
20,951021054,NO
20,951021055,NO
20,951021056,NO
20,951021057,NO
20,951021058,NO
20,951021059,NO
20,951021060,NO
20,951021061,NO
20,951021062,NO
20,951021063,NO
20,951021064,NO
20,951021135,NO
20,951021136,NO
20,951021137,NO
20,951021138,NO
20,951021139,NO
20,951021140,NO
20,951021141,NO
20,951021142,NO
20,951021143,NO
20,951021144,NO
20,951021145,NO
20,951021146,NO
20,951021147,NO
20,951021148,NO
20,951021149,NO
20,951021150,NO
20,951021151,NO
20,951021152,NO
20,951021153,NO
20,951021154,NO
20,951021155,NO
20,951021156,NO
20,951021157,NO
20,951021158,NO
20,951021159,NO
20,951021160,NO
20,951021161,NO
20,951021162,NO
20,951021163,NO
20,951021164,NO
20,951021165,NO
20,951021166,NO
20,951021167,NO
20,951021169,NO
20,931401853,NO
20,931401854,NO
20,931401855,NO
20,931401856,NO
20,931401857,NO
20,931401858,NO
20,931401859,NO
20,931401860,NO
20,931401861,NO
20,931401863,NO
20,931401864,NO
20,931401865,NO
20,931401866,NO
20,931401867,NO
20,931401868,NO
20,931401869,NO
20,931401870,NO
20,931401871,NO
20,931401872,NO
20,931401873,NO
20,931401874,NO
20,931401875,NO
20,931401876,NO
20,931401877,NO
20,931401878,NO
20,931401879,NO
20,931401880,NO
20,931401881,NO
20,931401882,NO
20,931401883,NO
20,931401884,NO
20,931401885,NO
20,931401886,NO
20,931401887,NO
20,931402103,NO
20,931402104,NO
20,931402105,NO
20,931402106,NO
20,931402107,NO
20,931402108,NO
20,931402109,NO
20,931402110,NO
20,931402111,NO
20,931402112,NO
20,931402113,NO
20,931402114,NO
20,931402115,NO
20,931402116,NO
20,931402117,NO
20,931402118,NO
20,931402119,NO
20,931402120,NO
20,931402121,NO
20,931402122,NO
20,931402123,NO
20,931402124,NO
20,931402125,NO
20,931402126,NO
20,931402127,NO
20,931402128,NO
20,931402129,NO
20,931402130,NO
20,931402131,NO
20,931402132,NO
20,931402133,NO
20,931402134,NO
20,931402135,NO
20,931402136,NO
20,951021279,NO
