MANDT,MATNR,BWKEY,BWTAR,LFGJA,LFMON
20,424440023,EDE1,,2016,8
20,510002311IN01,ELM4,,2008,12
20,110310070,EP18,,2013,4
20,421112473,ERA1,,2024,5
20,510004574IN04,ELL2,,2010,11
20,423330655,ZAS1,,2013,9
20,931658510,ZH06,,2023,12
20,613000612,EUP2,,2017,12
20,423330089,ZDE1,,2008,4
20,421110143,ERA1,,2026,3
20,516000868BO01,ELM9,,2022,2
20,428880090,ETN1,,2020,5
20,5100315908X02,ZH06,,2022,10
20,423331033,ZMH2,,2025,11
20,42TU01962,TIMB,,2023,12
20,910030079,BHR1,,2021,8
20,423330377,ZMHA,,2018,6
20,510030265IN01,ZLO1,,2006,6
20,429930275,ZDEB,,2018,3
20,422220129,BKE1,,2022,2
20,423330085,ZMP2,,2016,7
20,423330307,ZMH3,,2013,2
20,210011768,EP09,,2024,2
20,5177717548X01,ZH05,,2025,5
20,210010360,EP01,,2006,12
20,951020561,BI08,,2024,12
20,110470203,EP09,,2026,3
20,494440037,EMH2,,2015,6
20,210000020,EP16,,2022,9
20,421110496,EP16,,2024,10
20,910030087,ERA1,,2024,3
20,420030128,ZKE1,,2007,12
20,493330001,ZUP2,,2015,11
20,590000415IN01,ELS1,,2024,1
20,421112125,EMH1,,2018,11
20,423331015,ZGU1,,2022,10
20,423331059,ZUP2,,2021,2
20,514441732BO03,EP16,,2016,4
20,424441182,EGUA,,2019,4
20,424441762,EAP1,,2023,3
20,210010353,EP16,,2026,1
20,423330140,ZLC1,,2022,10
20,420002613,EP10,,2013,12
20,614003008,ZMHA,,2023,2
20,421110988,EMHC,,2024,7
20,421111452,EUP2,,2017,11
20,951022175,ZH04,,2018,12
20,421111045,EMP2,,2023,5
20,614003766,ZDE1,,2023,8
20,510002632SN01,ELM3,,2022,2
20,422220010,BAS1,,2006,12
20,614004893,ZBI1,,2023,12
20,910001266,EP12,,2024,12
20,110011338,EMHC,,2023,3
20,614002653,ZJH1,,2022,10
20,510020359IN02,BI01,,2017,12
20,514442042GT02,EP16,,2023,8
20,510020360IN02,BI01,,2022,7
20,510003364IN01,ELC1,,2010,11
20,420711114,EP04,,2023,2
20,423331660,ZUT1,,2024,10
20,427770209,ZMP2,,2023,12
20,514442409IN01,EP16,,2016,3
20,421110148,EAS1,,2008,2
20,611004650,EMHA,,2013,12
20,420002640,EP04,,2025,12
20,423330270,ZUP1,,2009,2
20,610039928,ZOR1,,2018,12
20,421110023,EHR1,,2020,12
20,610039651,ZBI1,,2018,12
20,590000492MM01,ELG1,,2013,6
20,110010025,EP06,,2003,12
20,429930842,ZHP1,,2019,12
20,110310010,EP04,,2019,12
20,490000005,EUP3,,2006,12
20,423330828,ZWB1,,2019,10
20,420001455,EMH6,,2020,12
20,910001352,EP12,,2006,11
20,613008589,EMH7,,2021,12
20,613004211,EMH5,,2018,12
20,613007548,EHR1,,2020,12
20,610000984,EMHA,,2004,8
20,210003414,EP16,,2021,10
20,910003619,EP12,,2010,9
20,423330828,ZMP1,,2018,12
20,614005562,ZOR1,,2025,1
20,420500039,ZUP1,,2017,12
20,420030005,ZP01,,2004,12
20,423330173,ZUP3,,2013,5
20,613005198,EJK2,,2020,7
20,614001040,ZHR1,,2019,12
20,427770164,ZMHA,,2024,10
20,421110554,EJH1,,2009,10
20,421112903,EUP1,,2025,3
20,423331109,ZKE1,,2020,6
20,510030017IN01,ZLS1,,2018,11
20,421110006,EKA1,,2009,5
20,517770135IN06,ZH01,,2024,12
20,424440302,EMP1,,2012,9
20,110001733,EP22,,2024,9
20,510031176IN04,ZH06,,2024,8
20,510031807IN01,ZLM3,,2025,11
20,911306327,EP22,,2024,11
20,494440018,EAP2,,2011,6
20,420490319,EP26,,2026,2
20,424441452,EBI1,,2021,2
20,514443504IN01,EP16,,2022,2
20,613009396,EMP2,,2022,12
20,510005312DO01,ELC1,,2010,6
20,427770125,ZAP2,,2019,3
20,423330094,ZDE1,,2007,7
20,613004981,ECH1,,2018,12
20,423331366,ZH06,,2022,11
20,424440879,EP16,,2025,2
20,510030196IN02,ZLV1,,2007,8
20,424440925,EMH3,,2018,12
20,491110276,EAS1,,2013,12
20,910000794,EP03,,2002,12
20,590000676IN01,ELG3,,2017,6
20,910001312,EP06,,2012,4
20,951010112,BI01,,2016,1
20,423330332,ZUP3,,2010,9
20,421110740,EOR2,,2013,3
20,421110071,EHR1,,2011,9
20,614004639,ZPU1,,2024,5
20,951021725,EP04,,2016,12
20,424441924,EMHC,,2025,7
20,420000838,EWB2,,2005,8
20,614004660,ZBI1,,2023,12
20,310000300,ELM4,,2019,12
20,421111339,ECH1,,2018,1
20,931303204,EP22,,2023,8
20,421110962,EPU2,,2010,12
20,424440040,EGU1,,2015,12
20,910000677,EP09,,2003,12
20,951022297,EP06,,2021,12
20,614003910,ZJK1,,2022,12
20,910001536,EP05,,2015,12
20,110003045,EP27,,2024,11
20,613003532,EDE1,,2017,12
20,510521537GR01,EP28,,2024,10
20,420001122,EP04,,2023,11
20,510310414GB03,EP18,,2018,7
20,517770842CI02,ZH05,,2025,12
20,911307221,EP27,,2026,2
20,420521203,EP26,,2024,12
20,421111297,EWB1,,2025,1
20,514441005SN01,EP16,,2014,9
20,110120017,EP01,,2006,11
20,613007933,EAP1,,2022,5
20,421112587,EMP2,,2025,2
20,423330853,ZUP2,,2016,9
20,613001136,EMHC,,2016,12
20,614003280,ZWBA,,2023,4
20,614003265,ZHR1,,2022,12
20,423330730,ZJK1,,2022,12
20,510031640IN01,ZH05,,2024,11
20,510521328FR01,EP22,,2023,7
20,420610008,ZKE1,,2023,3
20,421111144,EWB1,,2011,12
20,421111063,EJK2,,2013,12
20,514442095AM01,EP16,,2023,12
20,420000380,BOR1,,2003,12
20,614000622,ZJH1,,2018,12
20,614003590,ZRA1,,2021,12
20,210007610,EP27,,2025,11
20,423331101,ZMHA,,2023,2
20,110010534,EP09,,2023,1
20,423330100,ZPU1,,2009,8
20,310000417,ZLK1,,2005,11
20,421112537,EHR1,,2024,5
20,423330447,ZPU1,,2017,2
20,610039940,ZOR1,,2018,12
20,310000646,EP04,,2010,6
20,421111335,EWB2,,2017,8
20,510005486IN01,EP04,,2019,11
20,510100088IN01,EP04,,2021,12
20,421112638,EBI2,,2022,12
20,421111548,EUT1,,2016,12
20,422220053,BMP2,,2009,10
20,910004746,EP19,,2010,12
20,310010080,EP11,,2016,1
20,421111926,EMH6,,2016,12
20,310002561,EP04,,2025,11
20,510031446AF01,ZH06,,2025,10
20,931658372,ZH05,,2025,5
20,951020668,ZH02,,2015,12
20,420030039,ZMH1,,2007,8
20,427770270,ZOR1,,2022,1
20,421111828,EKA1,,2019,6
20,427770123,ZJK1,,2024,12
20,490310007,EUP1,,2021,11
20,110002537,ELR2,,2023,6
20,421110296,ECH1,,2016,8
20,931401154,EP09,,2022,8
20,429990412,ELC1,,2006,12
20,916000089,EP09,,2018,12
20,424440235,EJH1,,2013,8
20,424440065,EGU1,,2019,1
20,510110008IN01,EP04,,2023,12
20,110010642,EP09,,2018,9
20,429990100,EMHA,,2006,2
20,611006291,EMHA,,2013,12
20,510004021VN02,ELM5,,2013,12
20,423330783,ZAS1,,2018,2
20,516001358IN01,EP22,,2025,3
20,510000671IN01,EP01,,2005,10
20,421110120,ETN1,,2019,12
20,421110947,EMH2,,2020,8
20,510002308IN01,ELL1,,2015,12
20,420001179,ELM6,,2013,12
20,420003418,EP04,,2023,1
20,427770099,ZHR1,,2017,7
20,517770540IN03,ZH05,,2022,3
20,421112169,EAP1,,2020,1
20,424441930,EP16,,2024,5
20,424440004,EMH4,,2010,10
20,420500021,LMH2,,2011,3
20,424440240,ECH1,,2021,2
20,424440215,ETN1,,2012,9
20,514444268IN01,EP16,,2022,12
20,429930512,ZJH1,,2019,4
20,110010319,EP05,,2008,6
20,210030040,ZLO1,,2023,2
20,613007977,EPU2,,2020,12
20,514441165PA01,EP16,,2017,2
20,423330640,ZMH2,,2014,4
20,421110853,EDEA,,2012,10
20,910014255,EP04,,2021,1
20,429930433,ZMHA,,2014,10
20,910030094,ZJH1,,2025,12
20,613012731,EUP2,,2024,12
20,51U000000421US01,EU01,,2024,3
20,510004800IN01,EP04,,2022,12
20,613007303,EDEB,,2020,12
20,421110241,EHP1,,2007,12
20,420004549,EP04,,2023,2
20,610033999,ZMHA,,2013,6
20,423330171,ZUP1,,2012,1
20,514441277IN03,EP16,,2014,7
20,424441408,EP16,,2023,8
20,420000416,EUP2,,2021,2
20,423330927,ZUT1,,2018,7
20,613006173,ECH1,,2020,12
20,421110643,ETN1,,2015,10
20,423330829,ZCH1,,2018,9
20,420008828,EDEB,,2026,1
20,424440193,EMH6,,2011,3
20,424440076,EBI2,,2013,1
20,931201218,EP18,,2018,12
20,931409742,EP22,,2020,12
20,910004051,EP04,,2012,1
20,423330070,ZUT1,,2010,4
20,429930654,ZDEB,,2020,5
20,510009476IN03,EP04,,2022,10
20,110100058,EP04,,2024,10
20,420000803,EKE1,,2004,12
20,421110109,EKE1,,2006,8
20,21U000200155,EU01,,2022,1
20,427770035,ZWB1,,2016,1
20,422220002,BDE1,,2010,1
20,424440354,ECH1,,2020,12
20,210004018,EP04,,2022,12
20,510031378IN04,ZH06,,2023,11
20,510710469IN01,EP04,,2022,10
20,910006514,EP22,,2024,2
20,423330481,ZMH3,,2019,1
20,614003276,ZJK1,,2023,4
20,420000070,EPU1,,2016,12
20,611008647,EOR2,,2016,12
20,516004084IN01,ELM9,,2025,10
20,110720020,MPIA,,2016,12
20,51U000000237US03,EU01,,2020,5
20,516000192NG01,EP04,,2020,12
20,421112866,EAS1,,2024,3
20,420000800,EMP1,,2006,8
20,613008310,EKA3,,2021,12
20,910015426,EP22,,2025,7
20,613004364,EPU2,,2019,10
20,510003516RU01,ELO1,,2015,12
20,424441073,EMH6,,2020,12
20,421110817,ECH1,,2018,8
20,514445131NP01,EP16,,2021,12
20,424441587,EDEB,,2021,11
20,510031639IN01,ZH05,,2025,9
20,614006710,ZDE1,,2024,12
20,424442072,EMH1,,2023,12
20,421111315,EDE1,,2020,4
20,614003589,ZWB1,,2022,12
20,421110725,EWB2,,2011,7
20,510710506IN01,EP04,,2023,5
20,429930747,ZAP2,,2015,12
20,423331344,ZLC1,,2024,5
20,428880112,EDEA,,2011,12
20,427770253,ZP01,,2020,12
20,931300067,EP09,,2015,12
20,421111549,ETN2,,2015,12
20,110000341,ZH02,,2012,12
20,420030104,ZMHA,,2003,12
20,429931084,ZLE2,,2024,3
20,421110312,ETN1,,2007,11
20,514441155NG02,EP16,,2025,7
20,516004448IN01,EP27,,2023,12
20,614006165,ZKE1,,2023,12
20,614006366,ZAP2,,2023,12
20,210000452,EP04,,2025,9
20,110000816,ZLS1,,2009,12
20,421110948,EJH1,,2010,12
20,421110062,EUP3,,2012,6
20,420000375,EMHA,,2004,12
20,110250025,EP04,,2007,1
20,614003575,ZPU1,,2023,7
20,421111828,EOR1,,2018,8
20,421110670,EPU1,,2010,3
20,423330768,ZMHA,,2020,11
20,11U000000004,EU01,,2016,3
20,427770128,ZWB1,,2024,11
20,610038244,ZHR1,,2020,9
20,421112110,EJH1,,2018,6
20,424441086,EGU1,,2018,7
20,510002045IN01,ELC1,,2006,2
20,421110854,EDE1,,2021,5
20,310000101,ELO1,,2006,12
20,420000465,EMHA,,2004,10
20,510009602IN01,EP04,,2021,6
20,420000143,EHR1,,2004,8
20,423330828,ZKA1,,2025,5
20,420500003,ZJK1,,2012,12
20,510310034IN02,EP18,,2016,12
20,424441916,EAP1,,2024,6
20,613008220,EPU2,,2022,9
20,420310370,EP28,,2025,11
20,614001967,ZUT1,,2022,1
20,421110843,EAP1,,2011,12
20,110280008,EP04,,2024,1
20,110020136,BI02,,2006,9
20,421112134,EUP2,,2019,2
20,421111673,EMHC,,2017,12
20,423331572,ZLE2,,2021,12
20,420001665,EOR2,,2019,12
20,611004660,EMH2,,2015,12
20,421112884,EJK2,,2024,6
20,510002902UA01,ELM3,,2010,10
20,931660372,ZH06,,2025,5
20,424441957,EUP2,,2024,11
20,423331333,ZRA1,,2018,12
20,423330434,ZGU1,,2011,12
20,421110725,EJK2,,2020,12
20,310001216,EP04,,2023,6
20,423330383,ZMH2,,2016,5
20,931100032,EP04,,2010,12
20,423331423,ZMH3,,2025,4
20,423331168,ZJK1,,2020,8
20,613007694,EMH1,,2022,3
20,911306884,EP31,,2022,12
20,420000837,EJK2,,2005,6
20,429990301,EMHA,,2006,12
20,421110713,EPU2,,2016,5
20,514440920PE01,EP16,,2010,12
20,424440037,EBI1,,2007,12
20,423330407,ZAS1,,2012,3
20,491110232,EDEA,,2015,3
20,423330381,ZKE1,,2008,12
20,510000114IN01,ELS2,,2003,12
20,423330717,ZMH3,,2019,5
20,424440351,EAP1,,2012,8
20,510032081IN02,ZH06,,2024,5
20,613002377,EKA3,,2018,12
20,110020193,BI01,,2018,4
20,424440590,EMH1,,2017,7
20,424440281,EP16,,2023,10
20,493330001,ZJH1,,2014,6
20,210006782,EP04,,2023,10
20,428880114,EP16,,2024,9
20,429990651,EMHA,,2009,9
20,421111106,EGU1,,2021,2
20,423330131,ZGU1,,2008,12
20,516002019IN01,EP26,,2023,6
20,427770014,ZUP2,,2011,7
20,510710284CA01,EP04,,2022,12
20,210003345,EP04,,2022,12
20,510003336IN01,ELC1,,2012,12
20,910000402,EP06,,2005,5
20,423330654,ZPU1,,2014,9
20,613006632,EOR1,,2019,12
20,210010053,EP09,,2025,6
20,420030242,ZCN1,,2006,8
20,110000276,EP13,,2008,7
20,614000195,ZUP2,,2018,12
20,210010773,EP09,,2009,9
20,210010235,EP09,,2006,7
20,421110578,EMH4,,2009,8
20,423330105,ZAP2,,2014,2
20,423331171,ZDEB,,2024,10
20,420030285,ZRA1,,2020,12
20,420000107,EBI1,,2021,2
20,421111691,EAP3,,2016,11
20,429990855,ELS1,,2013,12
20,614000851,ZUP1,,2018,12
20,420001132,EUP3,,2019,12
20,611007943,EMH7,,2015,12
20,210340026,EP04,,2024,3
20,423330166,ZAP1,,2008,5
20,210011639,EP09,,2017,9
20,491110253,ERA1,,2015,7
20,424441766,EMH2,,2026,2
20,421110324,EHR1,,2013,12
20,420500047,ZOR1,,2011,3
20,517771744IN01,ZH05,,2025,2
20,421110783,EMHA,,2021,11
20,510002760UA01,EP04,,2025,9
20,210000625,ELC1,,2005,11
20,613008622,EOR1,,2021,12
20,423330014,ZUT1,,2008,5
20,421111114,EDE1,,2023,8
20,514442240IN01,EP16,,2024,3
20,421110589,EMP2,,2019,11
20,510002965GH01,EP04,,2024,2
20,614003615,ZMP2,,2022,12
20,210310404,EP18,,2022,2
20,110000804,EP10,,2017,12
20,210001603,EP16,,2025,8
20,910012162,EP22,,2025,12
20,421110455,EUP2,,2008,5
20,421112012,EMHC,,2022,11
20,421112089,EGU1,,2019,2
20,429930653,ZMHA,,2024,5
20,210030435,ZH05,,2024,9
20,429930767,ZWB1,,2017,10
20,423330858,ZOR1,,2017,9
20,110001811,EP04,,2025,10
20,423330015,ZJH1,,2010,6
20,421112728,EUT1,,2021,12
20,421110385,EBI2,,2015,3
20,420001009,EBI1,,2005,12
20,421111473,EBI1,,2013,12
20,424440635,EJH1,,2015,8
20,310001935,EP04,,2022,12
20,510521081IT05,EP27,,2025,5
20,421111275,ERA1,,2016,5
20,931663255,EP05,,2024,12
20,421111073,EMP1,,2015,12
20,910013466,EP22,,2022,6
20,423330063,ZUP2,,2009,9
20,931300343,EP04,,2019,2
20,614003370,ZHR1,,2022,12
20,420000346,ECN1,,2004,12
20,210710007,EP27,,2025,9
20,910010073,EP09,,2024,11
20,510002350UA01,EP04,,2007,12
20,421110056,ECH1,,2019,1
20,910020071,BI04,,2010,12
20,516002108CH01,EP22,,2024,9
20,613009047,EMH2,,2021,12
20,110270124,EP04,,2022,5
20,510120041IN01,EP01,,2004,4
20,427770597,ZOR1,,2025,7
20,910000965,EP06,,2011,6
20,931451562,EP22,,2023,12
20,110000218,ELW1,,2023,4
20,614001833,ZAP2,,2021,11
20,614003083,ZJH1,,2022,12
20,614005592,ZUT1,,2025,1
20,510710121IN03,EP04,,2025,1
20,510310787BD01,EP28,,2025,5
20,516003552IN01,ELL2,,2022,12
20,5144445668X01,EP16,,2023,4
20,421112360,EMH3,,2019,12
20,210000065,ELS1,,2025,1
20,427770029,ZRA1,,2016,9
20,420030132,ZDE1,,2005,2
20,613008734,EMP2,,2022,12
20,424440871,EKA2,,2017,8
20,951020409,EP08,,2016,12
20,613006559,EKA3,,2019,12
20,910012279,EP04,,2025,11
20,491110068,EHP1,,2011,12
20,424440125,EDE1,,2012,2
20,421110822,EDE1,,2012,1
20,420000615,ERA1,,2006,5
20,110000910,EP04,,2005,12
20,510010165IN01,EP05,,2013,3
20,931300082,EP04,,2019,2
20,614004658,ZPU1,,2022,12
20,440000003,EUP2,,2006,4
20,424440081,EUT1,,2009,10
20,210002185,EP04,,2022,1
20,514440282IN01,EP16,,2016,3
20,427770029,ZMHA,,2012,2
20,514444509IN02,EP16,,2024,1
20,110250155,EP04,,2011,3
20,510710817CA01,EP22,,2024,12
20,421110988,EMH3,,2014,11
20,420710368,EP04,,2025,5
20,613008756,EUP2,,2021,12
20,429930085,ZUP3,,2003,12
20,510250137IN03,EP04,,2022,8
20,210001133,EP16,,2026,2
20,423331130,ZOR2,,2024,12
20,421112865,EMH3,,2025,5
20,42TU00116,TILD,,2024,3
20,424440290,EPU2,,2021,11
20,110002411,EP16,,2024,2
20,420610001,ZMH1,,2018,7
20,423331581,ZKA1,,2021,12
20,429930563,ZTN1,,2018,12
20,421110478,EMH2,,2016,3
20,210710054,EP04,,2025,2
20,613008989,ETN1,,2022,12
20,614003712,ZOR1,,2023,8
20,514441049DO02,EP16,,2016,6
20,510710803IN02,EP28,,2024,8
20,423330140,ZBI1,,2025,1
20,910015498,EP22,,2021,5
20,110001414,EP11,,2012,11
20,613013793,EMHC,,2026,3
20,911302021,EP27,,2023,12
20,614000292,EAS1,,2019,12
20,613008515,EUT1,,2021,12
20,510009811IN01,EP04,,2025,11
20,492220088,EUP2,,2017,1
20,310002567,EP22,,2021,10
20,110000054,EP07,,2015,9
20,420000965,EKE1,,2006,8
20,423330315,EMHA,,2013,12
20,910310032,EP18,,2014,8
20,610022023,BKE1,,2022,12
20,424440131,ECH1,,2013,11
20,510150033IN01,EP01,,2003,12
20,610036536,ZHP1,,2015,12
20,423330128,ZAS1,,2008,3
20,420030058,ZPU1,,2005,5
20,421110142,EJH1,,2007,5
20,210011405,EP05,,2016,6
20,423330469,ZTN1,,2015,2
20,490350039,BI01,,2023,4
20,510000631IN01,ELE1,,2005,11
20,110030003,ZLB2,,2012,11
20,910006501,EP04,,2021,10
20,427770037,ZAP1,,2019,11
20,613005842,EAS1,,2021,2
20,421110897,EMHA,,2011,11
20,210007379,EP27,,2025,8
20,110000356,ELW1,,2025,2
20,429930601,ZGU1,,2015,12
20,421111022,EDEA,,2012,7
20,423330290,ZTN1,,2006,12
20,424441227,EBI2,,2022,7
20,423330275,ZUP3,,2009,3
20,915004377,EP12,,2025,9
20,514443466KZ01,EP16,,2024,2
20,421110942,EMH4,,2019,12
20,491110372,EKA1,,2018,12
20,427770134,ZCH1,,2022,9
20,491110004,EMH2,,2007,10
20,424441719,EMP2,,2024,10
20,421110548,EJK2,,2007,12
20,310002519,EP04,,2024,5
20,420030049,ZGU1,,2004,10
20,420250156,EP04,,2025,1
20,423330149,ZUT1,,2021,2
20,423330775,ZBI1,,2023,12
20,931301126,EP04,,2018,12
20,428880019,EPU2,,2016,12
20,421110900,EMH1,,2010,12
20,420500039,ZCN1,,2017,8
20,421110517,EMP1,,2009,8
20,910015584,EP22,,2024,3
20,610037333,ZWB1,,2015,12
20,110000754,ZLM3,,2016,11
20,429930657,ZMP2,,2017,6
20,420000086,ELS1,,2005,2
20,613008284,EMHC,,2022,11
20,931409504,EP09,,2019,12
20,611006435,EMHA,,2016,1
20,514443949IN03,EP16,,2024,1
20,424441073,EMH2,,2023,8
20,110002073,ZH06,,2025,1
20,421110681,EMP1,,2018,12
20,931401013,EP18,,2022,1
20,510710596CA01,EP04,,2023,6
20,980002544,ZH03,,2021,12
20,611005241,EOR1,,2017,3
20,110001829,ZH05,,2025,5
20,420000837,EOR1,,2006,5
20,310000745,ELC1,,2010,5
20,423330140,ZUT1,,2018,4
20,421111066,EKE1,,2017,12
20,910000828,EP03,,2003,12
20,210011420,EP12,,2016,12
20,110000793,ELO1,,2012,12
20,492220044,BWB1,,2018,7
20,613009042,EGU1,,2023,2
20,110000793,ZH03,,2020,9
20,424441260,EJK2,,2017,12
20,421111097,EAS1,,2013,9
20,510008084MX03,EP04,,2022,3
20,422220180,EDE1,,2020,8
20,110030354,ZH05,,2024,9
20,610037345,ZAS1,,2016,12
20,423330298,ZMH2,,2014,12
20,420001166,EP04,,2022,8
20,110000109,ZH05,,2019,3
20,421111684,EMH2,,2020,12
20,423330916,ZDE1,,2021,4
20,110000346,EP20,,2019,10
20,514442509KE01,EP16,,2022,10
20,421110609,EDE1,,2010,2
20,421111088,EDEB,,2015,12
20,110010321,EP09,,2023,6
20,424440054,LDE1,,2010,7
20,420711134,EP04,,2023,9
20,514443447IN02,EP16,,2022,3
20,420610004,ZAP2,,2019,12
20,613004375,EUP2,,2017,12
20,91U000000718,EU02,,2012,12
20,614000079,ZDE1,,2017,12
20,421110385,EKA2,,2008,11
20,421110086,ECH1,,2015,7
20,424440061,ETN1,,2019,3
20,421110959,EUP2,,2013,9
20,110002764,EP04,,2018,12
20,110000132,ELC1,,2020,5
20,423331001,ZMH2,,2022,12
20,110000095,ELC1,,2017,11
20,510004861IN01,ELG1,,2008,12
20,951022106,BI08,,2024,12
20,421111275,EKA1,,2015,5
20,910013145,EP22,,2026,1
20,510711228CA01,EP04,,2024,5
20,421110448,EMH3,,2009,5
20,614003296,ZAS1,,2021,12
20,491110059,EDE1,,2009,8
20,611009494,EMHC,,2018,3
20,420003798,ELS1,,2022,9
20,613004040,EMH2,,2018,12
20,420001091,EJK2,,2008,2
20,517770401IN02,ZH05,,2026,1
20,427770228,ZJH1,,2023,4
20,510000067IN02,ELW1,,2007,12
20,210010001,EP01,,2007,6
20,613006733,EOR1,,2020,12
20,420711430,EP04,,2022,12
20,424441185,EAS1,,2021,10
20,493330047,ZUP2,,2017,3
20,510003718IN01,EP04,,2025,5
20,510270016IN04,EP04,,2025,4
20,491110007,EDE1,,2022,12
20,424441008,EMH3,,2022,11
20,510031011IN03,ZLS1,,2023,4
20,910001328,EP12,,2011,12
20,590020318BO01,BI01,,2022,11
20,510710006IN02,EP04,,2020,4
20,421112831,EKE1,,2025,6
20,951021778,ZH01,,2015,12
20,613005815,ECH1,,2019,12
20,421110069,EUP2,,2009,6
20,931600013,EP10,,2010,12
20,590000347IN02,ELG1,,2022,8
20,110010200,EP09,,2018,7
20,110000247,ZH05,,2020,12
20,210000362,EP16,,2015,12
20,423330749,ZMH2,,2024,3
20,210004498,EP16,,2023,9
20,421110266,EMH5,,2014,2
20,110020197,BI01,,2018,2
20,421111347,EUP3,,2016,12
20,514440643IN01,EP16,,2022,12
20,510009115IN01,EP04,,2018,5
20,420000460,EMP2,,2021,2
20,421112889,EGU1,,2025,1
20,911200028,EP04,,2024,12
20,420030223,ZMH2,,2007,1
20,421110031,EOR1,,2012,1
20,931305916,EP27,,2022,10
20,610006209,EMHA,,2007,12
20,421110007,EKE1,,2021,2
20,421112610,EAP1,,2020,12
20,610037549,ZWB1,,2017,7
20,422220060,BBI1,,2008,12
20,610035160,ZMHA,,2014,12
20,110002925,EP16,,2019,1
20,494440018,EMH2,,2017,10
20,590000693IN02,ELV4,,2022,4
20,421110629,EMP2,,2017,10
20,424440215,EMH6,,2016,12
20,424441201,EAP1,,2020,1
20,420000637,ECN1,,2003,12
20,614004176,ZUP1,,2022,12
20,5100014868X02,EP01,,2007,12
20,514441694IN01,EP16,,2024,12
20,210310044,EP18,,2010,12
20,110000305,ZH03,,2020,6
20,421110440,EKA2,,2020,12
20,429930168,ZGUA,,2006,12
20,110001718,EP22,,2022,5
20,421110207,EMH1,,2012,1
20,210000199,EP16,,2013,10
20,910001291,EP06,,2008,11
20,421111906,EUP1,,2023,5
20,420000021,EKE1,,2006,10
20,210030494,ZH05,,2025,4
20,421110883,EJK3,,2014,12
20,910000153,EP04,,2003,12
20,110010015,EP05,,2012,7
20,510250079IN01,EP04,,2024,10
20,424440351,EMP1,,2014,4
20,423331489,ZMP1,,2020,12
20,510710944CA02,EP04,,2023,12
20,613009830,EMH3,,2021,12
20,423330399,ZAP1,,2011,11
20,423330377,ZJK1,,2016,7
20,514444708IN01,EP16,,2025,1
20,510000936CG02,ELO1,,2007,11
20,611008651,EJK3,,2015,12
20,614002628,ZJK1,,2020,12
20,421111536,EOR1,,2017,2
20,614002989,ZPU1,,2023,1
20,423331024,ZAS1,,2018,10
20,421111733,EMH4,,2017,12
20,421110658,EDEB,,2015,6
20,423331199,ZUP3,,2023,9
20,910004202,EP12,,2022,8
20,110011172,EP09,,2019,4
20,422220007,ELO1,,2009,3
20,421110141,EJK3,,2013,9
20,421110152,EMH2,,2007,6
20,424441031,EGUA,,2018,12
20,421110958,EKA2,,2014,10
20,210230042,EP04,,2026,3
20,510031461IN01,EP16,,2016,12
20,492220024,BMHA,,2010,11
20,11U000000237,EU01,,2011,12
20,590000547IN01,ELG1,,2019,11
20,510003129VN01,EP01,,2009,7
20,510001448IN01,EP01,,2005,11
20,910030083,ZMH1,,2023,12
20,420000522,EMH1,,2021,2
20,421112035,EMP2,,2020,5
20,429930874,ZUP2,,2020,12
20,420000341,EMHA,,2020,12
20,910004721,EP05,,2019,12
20,420001264,EP04,,2024,6
20,210004482,EP04,,2017,1
20,421112901,EMP2,,2021,12
20,423330451,ZP01,,2019,11
20,610037970,ZJH1,,2017,12
20,210010263,EP05,,2024,4
20,420030130,ZRA1,,2005,10
20,420005872,EP04,,2023,7
20,910000292,EP09,,2021,12
20,420005247,EP04,,2022,5
20,951021403,BI08,,2025,12
20,310000628,ELL2,,2023,3
20,614006457,ZMHA,,2024,12
20,613008354,EUP3,,2020,12
20,429990533,ERA1,,2007,10
20,421110543,EUP1,,2010,1
20,910011733,EP04,,2021,5
20,424441082,EDEB,,2018,1
20,421110325,EMH3,,2009,6
20,421110207,EKA1,,2015,3
20,424441454,EPU1,,2020,12
20,423331117,ZJH1,,2020,9
20,490000070,EUKA,,2022,6
20,510000084IN01,ELC1,,2007,12
20,494440016,EAP2,,2013,10
20,423330138,ZWB1,,2012,6
20,423330290,ZCH1,,2012,11
20,423330451,ZMP1,,2018,11
20,424440063,EMH6,,2012,9
20,427770133,ZMP2,,2020,4
20,492220042,BDE1,,2011,4
20,421110775,EMH2,,2010,12
20,613005422,EWB3,,2018,12
20,423331560,ZJK1,,2023,2
20,421110056,EDE1,,2010,12
20,421110456,EUT1,,2010,11
20,110270066,EP04,,2009,8
20,613008568,EMH1,,2020,12
20,210006431,EP27,,2022,11
20,423331517,ZDE1,,2022,8
20,613004582,EMHC,,2020,10
20,423331087,ZMH2,,2018,6
20,210000330,EP01,,2007,10
20,420000504,ECN1,,2005,8
20,420030254,ZKA1,,2007,5
20,421112905,EOR1,,2024,1
20,429930501,ZMHA,,2011,9
20,310000498,EP04,,2025,12
20,422220056,BKA1,,2017,12
20,491110099,EMH6,,2010,8
20,427770195,ZH05,,2019,10
20,110000382,ELE1,,2004,4
20,310001548,EP04,,2015,5
20,427770174,ZTN1,,2022,11
20,110000227,ELC1,,2015,12
20,210003588,EP04,,2024,5
20,310100055,EP04,,2023,1
20,420000026,EMP2,,2005,11
20,110000988,EP04,,2015,5
20,423330344,ZJH1,,2011,9
20,428880015,EMP2,,2018,12
20,420521014,EP04,,2025,11
20,421110086,EUP3,,2014,10
20,421110688,EUT1,,2010,12
20,429930453,ZMHA,,2013,7
20,614004070,ZAP1,,2022,12
20,510008745IN01,EMHC,,2021,9
20,610039748,ZWB1,,2018,12
20,210000024,EP16,,2014,7
20,492220033,EOR2,,2016,2
20,310010131,ZLP3,,2023,8
20,427770335,ZLE2,,2022,12
20,421111093,EMH6,,2013,8
20,514441990GH01,EP16,,2017,12
20,420710074,MPIB,,2019,12
20,514441479PY03,EP16,,2024,6
20,423331546,ZAP2,,2021,12
20,422220007,BHR1,,2012,7
20,420001706,LGU1,,2015,12
20,420230024,EP04,,2010,4
20,421111655,EOR1,,2019,1
20,423331202,ZWB1,,2025,12
20,421110028,EMH4,,2007,7
20,423330219,ZKE1,,2007,2
20,210004025,EP04,,2023,7
20,931408894,EP04,,2020,12
20,427770195,ZDE1,,2025,5
20,910000892,EP06,,2005,12
20,613005615,EUP3,,2019,12
20,421110357,EMH1,,2007,11
20,423330011,ZTN1,,2018,12
20,613007500,EUP3,,2022,2
20,423330083,ZDE1,,2014,8
20,429930809,ZAP1,,2018,7
20,424440306,EDEA,,2013,12
20,429930655,ZMHA,,2018,2
20,420000312,EAS1,,2004,5
20,610039778,ZUP1,,2017,12
20,516002886BR01,EP04,,2023,11
20,421111529,EHR1,,2015,12
20,421110291,EWB2,,2005,12
20,421112034,EDEB,,2018,9
20,491110271,EGU1,,2018,4
20,490310007,EEXP,,2014,12
20,421112908,ERA1,,2022,12
20,210003022,EP04,,2015,2
20,210011136,EP09,,2015,6
20,514445192IN01,EP16,,2025,9
20,420000243,EAS1,,2005,9
20,613004759,EBI2,,2020,2
20,613006022,EHR1,,2020,12
20,491110375,ELV4,,2025,4
20,613004180,EMH1,,2017,12
20,421110286,EBI2,,2007,4
20,931600057,EP09,,2021,12
20,514443106IN01,EP16,,2024,10
20,491110369,EDE1,,2023,2
20,510001836IN01,ZLS1,,2005,7
20,613004233,EWB1,,2019,8
20,429991486,EHP1,,2022,9
20,210004044,EP16,,2024,8
20,510001900IN01,ELC1,,2004,12
20,610021855,BMHA,,2020,3
20,424440965,EMH1,,2024,6
20,423330303,ZUP1,,2020,5
20,423331224,ZTN1,,2024,3
20,5160016278X01,ELS1,,2022,4
20,494440006,EMP1,,2012,3
20,110000061,ELM3,,2025,12
20,427770011,ZOR1,,2012,8
20,424441704,EKA1,,2024,12
20,421111437,EDEB,,2018,2
20,931407540,EP09,,2018,12
20,422220158,BUP2,,2017,12
20,610021654,BRA1,,2016,12
20,931400729,EP27,,2019,12
20,614002391,ZDEB,,2022,6
20,421111235,EPU2,,2017,4
20,423330298,ZKA1,,2014,3
20,420520054,EP04,,2024,4
20,423330009,ZHP1,,2009,11
20,421110048,EKA1,,2017,6
20,210020035,BI01,,2007,12
20,210002834,EP04,,2025,12
20,421112333,EAS1,,2022,5
20,510009547DE02,EP04,,2022,1
20,931100038,EP27,,2021,8
20,424441140,EP16,,2023,9
20,510030312IN01,EP16,,2007,7
20,310002901,EP27,,2024,4
20,510710053IN06,EP04,,2023,8
20,423331183,ZKA1,,2022,8
20,422220176,BMH4,,2020,12
20,423330470,ZUP3,,2014,6
20,510230052IN01,EP04,,2023,1
20,910001462,BI02,,2003,12
20,429990453,EMHA,,2007,5
20,614006461,ZUP2,,2025,9
20,423330833,ZKE1,,2014,12
20,420230019,EP04,,2022,12
20,514440539MM05,EP16,,2025,9
20,310001744,ELG1,,2025,8
20,614002607,ZMHA,,2023,12
20,420500048,ZRA1,,2013,10
20,590000573IN02,EP04,,2023,9
20,190000034,ELW1,,2021,12
20,421110031,EMP1,,2011,11
20,110002200,EP22,,2020,11
20,310030191,ZLA4,,2022,10
20,424441713,EMH3,,2020,12
20,510004488IN01,EP04,,2018,10
20,613012970,EMHC,,2024,12
20,421110048,EGU2,,2009,12
20,110011392,EP09,,2025,3
20,910001456,BI01,,2002,12
20,421110286,EJK2,,2020,12
20,5177713928X01,ZH05,,2026,2
20,424441836,EP27,,2025,6
20,423330021,ZUT1,,2013,12
20,421111075,EJK2,,2017,10
20,424440668,EJK2,,2015,12
20,910000349,EP06,,2013,3
20,493330040,ZUP1,,2013,12
20,610037630,ZMP2,,2015,12
20,423330308,ZP01,,2017,8
20,420030071,ZAP1,,2004,6
20,421110640,EKA2,,2010,12
20,423330370,ZMHA,,2017,9
20,210007106,EP27,,2024,7
20,420030070,ZMH3,,2005,3
20,210003862,EP04,,2021,12
20,427770164,ZAP2,,2021,10
20,210270368,EP04,,2022,4
20,420005818,EP04,,2020,11
20,424440103,LBI1,,2010,1
20,421111288,EMP1,,2015,9
20,421111823,EMH2,,2018,1
20,421110710,EMH5,,2015,10
20,610021026,BMHA,,2010,12
20,427770010,ZUP2,,2021,9
20,421111369,EMH3,,2017,3
20,429930896,ZAS1,,2021,2
20,611007907,EMH1,,2015,12
20,210470463,EP12,,2024,12
20,420000248,EPU1,,2007,5
20,423330473,ZTN1,,2018,11
20,910001135,EP05,,2022,6
20,421110199,EMH2,,2019,12
20,210005800,ELI2,,2025,7
20,210002490,EP04,,2025,11
20,510030017IN01,ZLA4,,2023,12
20,423331056,ZOR1,,2016,10
20,491110211,EOR2,,2016,12
20,423331718,ZOR2,,2026,1
20,510010214IN01,EP09,,2022,2
20,613006217,ETN1,,2020,12
20,423331447,ZAS1,,2023,7
20,610039117,ZTN1,,2017,12
20,613004306,EMHC,,2020,8
20,423330731,ZTN1,,2020,12
20,421110100,ETN1,,2014,9
20,613006389,EMH1,,2019,12
20,421111958,EHR1,,2021,12
20,427770167,ZOR1,,2021,9
20,424440003,EMH4,,2011,6
20,423330624,ZAS1,,2011,12
20,610009387,EMHA,,2011,4
20,420006189,EP26,,2022,7
20,613004483,EJH1,,2018,12
20,421111940,EOR1,,2020,8
20,610039719,ZMP2,,2017,12
20,614001745,ZEXP,,2022,12
20,421110011,EDE1,,2021,2
20,424441084,EP16,,2018,2
20,421110367,EAP1,,2008,9
20,423330705,ZJH1,,2015,5
20,613001771,EMHC,,2019,12
20,110010048,EP09,,2015,7
20,420030160,ZJH1,,2007,5
20,421112399,EBI2,,2021,1
20,421110179,ECH1,,2006,5
20,510030684IN01,ZLC1,,2024,5
20,423330311,ZMHA,,2010,1
20,610036357,ZUP1,,2016,12
20,910009804,ZH05,,2024,12
20,421113136,EWB1,,2025,9
20,42TU00381,MN01,,2022,3
20,210470271,EP05,,2024,4
20,510005841IN01,EP04,,2009,12
20,421110457,EMP1,,2010,11
20,421110310,EAP2,,2010,11
20,421112305,EMH4,,2018,12
20,424440978,EHR1,,2018,2
20,614005673,ZWBA,,2024,12
20,423330853,ZTN1,,2017,12
20,310002799,EP26,,2024,9
20,910000302,EP09,,2004,5
20,429990380,ELL2,,2026,1
20,110250237,EP04,,2009,8
20,421110100,EGU1,,2009,5
20,420000160,EMHA,,2006,9
20,614004195,ZUP2,,2024,2
20,422220103,EMHC,,2016,12
20,910001302,EP09,,2014,12
20,510005062IN01,EP16,,2022,10
20,421112770,EMH3,,2024,1
20,510710783IN02,EP04,,2026,3
20,210010157,EP09,,2022,10
20,515550027IN01,EP16,,2008,11
20,423330295,ZDEA,,2012,9
20,510030118IN05,ZLS2,,2009,12
20,951021248,BMHA,,2017,5
20,21U000200210,EU01,,2019,4
20,422220028,BBI1,,2010,1
20,421111910,ECH1,,2018,2
20,110000025,ELA7,,2025,2
20,514440985SN01,EP16,,2014,3
20,110000425,EP11,,2007,11
20,510008595IN01,ELS5,,2016,12
20,421111142,EGU1,,2017,12
20,110001863,EP04,,2021,10
20,110011655,EP05,,2025,11
20,42TU00721,TI01,,2022,11
20,423331642,ZMH1,,2025,10
20,610037280,ZKE1,,2017,5
20,421110222,EMH1,,2008,3
20,420001113,EP11,,2006,4
20,310001499,EP20,,2016,5
20,613004338,EKA1,,2018,12
20,494440121,EUP3,,2019,11
20,110010028,EP09,,2020,8
20,421111516,EUP3,,2017,11
20,424441486,EPU2,,2019,12
20,423331084,ZMH2,,2025,2
20,110001877,EP04,,2025,5
20,420250045,EP04,,2023,11
20,910006872,EP09,,2016,11
20,517770702IN03,ZH05,,2025,10
20,910010509,EP09,,2019,2
20,514443314SN01,EP16,,2023,1
20,421110371,EP16,,2009,12
20,310001097,EP16,,2024,10
20,429920006,BMH4,,2009,12
20,490310001,EHR1,,2020,10
20,613005446,EKA1,,2019,12
20,427770155,ZKA1,,2023,4
20,951010181,EP06,,2015,12
20,210030106,ZLC1,,2022,2
20,613004320,EJK2,,2017,12
20,610038901,ZUP1,,2017,12
20,614006489,ZOR1,,2023,12
20,614004363,ZPU1,,2023,12
20,421110131,EAP1,,2005,12
20,210000455,EP04,,2003,12
20,42TU00658,TILD,,2021,6
20,421111378,EUP1,,2017,4
20,423331345,ZAP1,,2021,7
20,421110537,EMHC,,2016,12
20,427790074,ZMHA,,2018,12
20,420000093,EKE1,,2021,2
20,421111322,EHR1,,2023,6
20,420006035,EP04,,2025,5
20,429930154,ZJK1,,2021,2
20,510310609BY03,EP04,,2023,10
20,427770159,ZWBA,,2022,3
20,110001802,EP16,,2011,12
20,613008246,EMHC,,2022,10
20,423331571,ZGU2,,2023,12
20,424441835,EP16,,2025,2
20,421110699,EMHA,,2011,6
20,421112613,EMH1,,2022,10
20,514443377IN01,EP16,,2018,6
20,423331066,ZGU1,,2018,6
20,423331235,ZMH1,,2019,9
20,110100027,EP07,,2015,12
20,931654747,BI01,,2025,1
20,423330231,ZHP1,,2005,12
20,931401136,EP22,,2020,6
20,429920034,EWB3,,2015,7
20,420000578,ZMHA,,2019,12
20,424441458,ECH1,,2020,12
20,421110139,ETN1,,2006,8
20,594440387IN01,EP16,,2023,4
20,910000359,EP06,,2004,12
20,510031068IN01,ZLM3,,2025,8
20,421111905,EMH1,,2018,2
20,420000877,EP04,,2021,12
20,611007677,EAP1,,2016,12
20,510008374KH01,ELM3,,2022,12
20,110360032,EP16,,2011,12
20,424441083,EUP3,,2025,12
20,310002676,EP04,,2023,8
20,910010293,EP09,,2025,4
20,951021782,EP06,,2015,12
20,110000082,ZLC1,,2022,5
20,421110384,EMH4,,2013,9
20,424440454,EJK2,,2020,12
20,421112498,EOR1,,2023,12
20,424440730,EDEB,,2025,9
20,610009822,EHR1,,2020,12
20,310000612,EP20,,2016,5
20,422220008,BDEA,,2015,4
20,510009966ZA01,EP04,,2019,6
20,421111951,ECN1,,2021,12
20,421110405,EKE1,,2009,3
20,110002600,EP04,,2020,8
20,421112685,EPU1,,2021,12
20,613007528,EWB1,,2020,12
20,915000686,EP20,,2021,12
20,514441034DO02,EP16,,2023,8
20,420030043,ZMH1,,2006,4
20,424440006,EMP2,,2015,9
20,428880270,EP16,,2017,12
20,110001097,EP04,,2007,11
20,424440185,EP16,,2010,8
20,931300338,EP18,,2017,12
20,931204076,EP22,,2023,12
20,310310150,EP18,,2021,4
20,514445637IN01,EP27,,2025,3
20,420310329,EUP1,,2023,10
20,421111275,EHR1,,2017,11
20,210003484,EP04,,2022,9
20,421110325,EJH1,,2008,4
20,423330755,ZKE1,,2017,9
20,423330074,ZGU1,,2021,2
20,510400003IN01,EP16,,2024,1
20,421112208,ETN2,,2018,11
20,613012945,EDEB,,2023,12
20,421111147,EMP2,,2015,5
20,514443227KH01,EP16,,2025,8
20,210006047,EP04,,2025,10
20,514442577IN01,EP16,,2022,7
20,424440595,EP16,,2014,4
20,510031061IN01,ZLC1,,2017,11
20,491110110,EMH2,,2016,3
20,610004839,EMHA,,2007,11
20,491110181,EJH1,,2014,1
20,429990017,EMHA,,2010,9
20,613003128,EUP3,,2017,12
20,421112265,EGU1,,2022,12
20,110001479,ZLM3,,2010,11
20,110210030,EP01,,2016,12
20,423331161,ZMP2,,2024,10
20,424440077,EMH3,,2022,4
20,514441172TJ01,EP16,,2012,1
20,514440986SN01,EP16,,2015,6
20,423330067,ZRA1,,2017,12
20,420005245,EP04,,2024,12
20,514440959IN01,EP16,,2025,5
20,423331409,ZPU1,,2019,12
20,110000753,ZLC1,,2012,4
20,492220030,EMH2,,2010,5
20,613006196,EWB1,,2020,12
20,614005736,ZUP3,,2024,12
20,516001021ZW01,EP24,,2024,8
20,421111450,EDEB,,2017,3
20,110010673,EP12,,2023,11
20,910010228,EP09,,2019,11
20,910009300,EP20,,2018,12
20,510005153IN02,EP04,,2022,11
20,491110359,EMHC,,2017,12
20,613008287,EGU1,,2022,10
20,310000158,ZLS2,,2008,1
20,310000752,ELS1,,2023,1
20,110003375,ZH06,,2023,10
20,491110288,EMH2,,2014,12
20,429930861,EP16,,2023,2
20,210001989,EP16,,2023,10
20,510031157IN03,ZLM3,,2022,8
20,310000157,ZLS2,,2011,9
20,613007652,EKE1,,2022,3
20,424441922,EUP1,,2025,2
20,613010164,EMHC,,2023,11
20,910001802,EP12,,2008,12
20,422220145,EDE1,,2019,11
20,420500050,LRA1,,2009,12
20,421110487,EAP1,,2008,6
20,429990532,ERA1,,2007,12
20,210020167,BI01,,2022,12
20,910000571,EP02,,2004,4
20,423330288,ZHR1,,2018,9
20,514444212IN01,EP16,,2022,12
20,420030059,ZRA1,,2004,8
20,510522370GB01,EP04,,2024,12
20,614003676,ZMH3,,2023,8
20,21U000300076,EU01,,2017,5
20,310340018,EP04,,2020,12
20,421110880,EKA2,,2014,6
20,614007032,ZMH3,,2026,3
20,420030177,ZMP1,,2006,5
20,424440999,ETN2,,2019,12
20,422220254,EHR1,,2023,7
20,5160012688X01,ELM9,,2021,11
20,421110990,EJK2,,2019,11
20,110020369,BI01,,2024,12
20,423331393,ZMH2,,2022,3
20,423330590,ZKA1,,2020,12
20,510008444IN02,ELS1,,2016,12
20,110010013,EP06,,2005,6
20,491110180,ETN2,,2014,12
20,610036463,ZUT1,,2016,12
20,210011231,EP09,,2025,4
20,427770214,ZH05,,2023,10
20,517770103IN06,ZH01,,2024,10
20,420001273,EHR1,,2007,2
20,423330166,ZBI1,,2011,7
20,423330114,ZWB1,,2017,9
20,951020740,EP18,,2015,12
20,421110948,EUP2,,2022,11
20,421111879,EMH1,,2017,10
20,421110846,EMHC,,2023,12
20,110000579,ZH01,,2025,7
20,420610005,ZKE1,,2018,11
20,421110624,EMP2,,2016,12
20,423330226,ZMHA,,2010,7
20,424441452,ETN1,,2020,12
20,423330060,ZDEB,,2015,2
20,424441054,EUP2,,2017,9
20,931554621,EP28,,2025,12
20,614001883,ZJK1,,2021,12
20,423331312,ZKA1,,2022,5
20,420030242,ZGU1,,2008,2
20,420000175,EOR2,,2006,12
20,110030059,ZLC1,,2024,6
20,931200565,EP18,,2019,12
20,421111251,EMP2,,2012,12
20,610035592,ZMH3,,2017,12
20,424441789,EGU1,,2022,11
20,429930260,ZMHA,,2010,7
20,423331763,ZTN1,,2023,12
20,420001928,EP04,,2010,12
20,423330340,ZDEA,,2009,12
20,911307699,EP09,,2021,12
20,422220009,BWB1,,2008,6
20,424440668,EUP2,,2014,12
20,516005745BH01,EP04,,2026,1
20,514441112KG01,EP16,,2012,2
20,421110775,EAS1,,2015,12
20,614004107,ZPU1,,2024,1
20,420030089,ZUP2,,2004,9
20,110030016,ZH06,,2021,7
20,424440553,EHP1,,2020,12
20,910015209,EP27,,2024,7
20,931552848,EP18,,2023,7
20,210000071,ELS1,,2015,8
20,420590007,ZUP1,,2017,5
20,421110725,EMH4,,2011,9
20,517770118IN12,ZH01,,2025,12
20,931556088,BI06,,2022,12
20,110030250,ZH06,,2024,7
20,423331210,ZGU1,,2023,4
20,423330005,ZAP1,,2012,2
20,210003638,EP04,,2025,11
20,423331208,ZBI1,,2024,11
20,210030309,ZLC1,,2023,7
20,429930028,ZUP2,,2017,9
20,420000341,EMP2,,2020,12
20,510003303IN01,EP04,,2007,7
20,910000768,EP11,,2008,12
20,611000401,EMHA,,2010,12
20,110030025,ZLM3,,2012,9
20,931658147,ZH06,,2024,12
20,614004344,ZUP1,,2022,12
20,910011947,EP10,,2021,1
20,951010256,ZH03,,2016,5
20,510020426IN01,BI01,,2023,6
20,510005590IN01,EP01,,2008,12
20,421113009,EWB4,,2025,4
20,590020383IN01,BLA1,,2016,2
20,951020076,ZH03,,2016,12
20,423331518,ZAP1,,2023,8
20,421113025,EJK2,,2025,1
20,951020612,EP09,,2017,3
20,915004810,EP31,,2024,12
20,421112587,EMHC,,2024,7
20,422220083,BAS1,,2024,9
20,421110106,EKE1,,2012,4
20,421112588,ELS7,,2023,10
20,420000604,ETN1,,2004,12
20,931454639,EP22,,2022,6
20,910030079,ZUP1,,2024,6
20,424441024,EMH3,,2021,5
20,110002317,EP04,,2021,10
20,5100003568X01,EP01,,2003,12
20,424441012,EKA1,,2020,2
20,210320031,EP18,,2022,3
20,493330053,ZMP1,,2014,8
20,420000381,BJH1,,2006,1
20,514443210IN03,EP16,,2019,12
20,421111265,EUT1,,2015,4
20,614004640,ZJK1,,2023,12
20,423330762,ZMH2,,2022,6
20,517770109IN04,ZH01,,2018,12
20,110000025,ELO1,,2006,11
20,210470043,EP11,,2015,8
20,613006822,EMP2,,2021,9
20,951010099,BMHA,,2016,1
20,421111070,EPU2,,2010,12
20,910003652,EP20,,2014,8
20,190020037,BI01,,2007,11
20,421110771,EMH2,,2011,8
20,423331322,ZMHA,,2024,1
20,421112690,SMPA,,2024,12
20,420030026,ZWB1,,2020,12
20,210250063,EP04,,2010,4
20,424440118,EKA1,,2013,2
20,421110039,EMH1,,2008,2
20,611008767,EJK2,,2015,12
20,510520086GB01,EP04,,2019,2
20,424440590,EWB2,,2019,12
20,421111198,EMP2,,2021,9
20,514441385IN01,EP16,,2023,11
20,210120045,EP01,,2005,12
20,424441863,EGU1,,2025,5
20,510030126IN06,ZLM3,,2011,9
20,310010093,EP09,,2022,5
20,510000111IN01,ELC1,,2008,1
20,427770097,ZH01,,2019,8
20,420000615,EMH1,,2015,10
20,51U000000174US01,EU01,,2014,9
20,420030038,ZCN1,,2005,8
20,931668288,EP03,,2025,12
20,421111092,EBI2,,2020,11
20,424440775,EMH4,,2016,12
20,210010932,EP16,,2013,6
20,210250132,EP04,,2022,3
20,510250099IN01,EP04,,2005,12
20,951021376,BI01,,2021,12
20,420003042,EP04,,2011,12
20,420490077,EP04,,2013,12
20,210003545,ELO1,,2014,7
20,910004048,EP28,,2020,12
20,613006494,EMH2,,2019,12
20,931408566,EP09,,2019,12
20,931552302,EP09,,2022,12
20,910014421,EP09,,2022,8
20,420000137,EJK2,,2019,12
20,210470479,EP09,,2021,12
20,931456674,EP09,,2022,12
20,420001006,EUP2,,2007,3
20,420030061,ZMH3,,2005,12
20,491110110,EHR1,,2015,11
20,5144445698X01,EP16,,2024,3
20,110020217,BI01,,2023,12
20,931400778,BI06,,2023,8
20,424441538,EMP2,,2024,7
20,420350018,BI01,,2016,12
20,210010175,EP05,,2025,1
20,421110947,EMH6,,2013,1
20,614005994,ZMP2,,2023,12
20,424440049,EKA1,,2014,5
20,614004403,ZMH3,,2024,3
20,610039938,ZOR1,,2019,7
20,421111278,EAP1,,2018,1
20,614006838,ZUP3,,2024,12
20,420030145,ZBI1,,2006,6
20,310001251,EP04,,2025,1
20,516001943IN02,ELS7,,2025,7
20,421111907,EJK2,,2020,4
20,931455859,EP27,,2023,1
20,110001182,EP11,,2015,8
20,423330931,ZAS1,,2020,12
20,110011690,EP09,,2025,12
20,110000068,EP01,,2006,4
20,613003645,EGU1,,2018,12
20,613003511,EDE1,,2017,12
20,423331134,ZMH2,,2018,5
20,210010785,EP05,,2013,2
20,423330188,ZCH1,,2009,3
20,310002823,EP26,,2022,11
20,910003476,EP11,,2013,2
20,614004440,ZMP2,,2024,3
20,424440005,EAP1,,2006,12
20,614005152,ZMH3,,2022,12
20,420006926,EP04,,2023,9
20,429930647,ZUT1,,2019,8
20,420030277,ZUP1,,2004,12
20,423331671,ZUP3,,2022,12
20,611008261,EWB2,,2016,12
20,911303040,EP22,,2020,12
20,590000198IN02,ELS1,,2006,12
20,420030214,ZMP2,,2003,12
20,614000236,ZWB1,,2020,3
20,420004981,EP04,,2025,7
20,210011275,EP09,,2017,10
20,491110049,BRA1,,2014,12
20,423330439,ZUP1,,2014,11
20,423330718,ZCH1,,2018,10
20,423330044,ZGU1,,2009,6
20,423330599,ZTN1,,2013,12
20,614001275,ZAP2,,2020,12
20,931650110,EP05,,2023,12
20,423330450,ZJH1,,2015,11
20,514443506VE01,EP16,,2024,6
20,423330331,ZMP1,,2011,5
20,422220002,EMH7,,2017,11
20,610037794,ZWB1,,2017,9
20,110001046,ZLC1,,2016,8
20,421110165,ELO1,,2009,12
20,428880048,EUP2,,2017,12
20,110610026,ZH05,,2019,6
20,493330077,ZHR1,,2014,12
20,420030038,ZCH1,,2005,9
20,910009570,ZH01,,2025,3
20,610039118,ZTN1,,2018,12
20,423330727,ZHR1,,2017,11
20,110030071,ZLC1,,2022,11
20,421110367,EHP1,,2020,12
20,510490489IN01,EP22,,2025,8
20,424440932,EUP1,,2016,9
20,110002901,EP04,,2025,5
20,614004481,ZWB1,,2023,12
20,510521168LT01,EP18,,2021,12
20,210310263,EP18,,2023,4
20,429991263,EUP3,,2017,3
20,427770054,ZDEB,,2016,3
20,613007902,EOR1,,2020,12
20,420030186,ZKA1,,2005,11
20,931558611,EP12,,2023,12
20,421110379,EKA2,,2011,5
20,421111534,EDE1,,2018,11
20,611005025,EMHA,,2015,5
20,210003698,EP04,,2023,3
20,424440055,EMHC,,2018,4
20,421110878,EMH2,,2013,6
20,423330036,ZLK1,,2025,2
20,514443074DO02,EP29,,2024,10
20,210012361,EP05,,2026,1
20,421112131,EMP2,,2023,9
20,420008968,ETN1,,2026,3
20,420003136,EP04,,2022,6
20,516000344IN01,EP04,,2017,12
20,423331188,ZGU1,,2023,6
20,424440489,EUP2,,2013,4
20,190000222,ZLC1,,2022,12
20,427770225,ZLS1,,2021,10
20,613009587,EMHC,,2023,6
20,514445014IN01,EP27,,2023,2
20,951010094,ZH03,,2015,12
20,610039293,ZMHA,,2024,12
20,421111362,EAP3,,2019,11
20,210001903,EP04,,2026,2
20,610037406,ZUP1,,2017,7
20,110100070,EP04,,2024,3
20,590030142IN04,ZLC2,,2014,3
20,613005775,EUP1,,2020,12
20,427770164,ZMH2,,2022,5
20,420710120,MPIB,,2017,12
20,110000814,EP10,,2015,10
20,421110060,EMP1,,2011,8
20,613004372,EKA1,,2019,11
20,491110056,EPU1,,2005,12
20,611007054,EJH1,,2015,12
20,210710016,EP04,,2020,3
20,423330269,ZAS1,,2009,5
20,420004798,EP25,,2025,2
20,210007414,EP22,,2024,8
20,427790048,ZMP2,,2018,9
20,610038223,ZJH1,,2019,2
20,613005676,EMH7,,2020,12
20,915005749,ZH05,,2024,12
20,110000218,ZH01,,2012,1
20,510522038GB01,EP04,,2025,1
20,614004135,ZCH1,,2022,12
20,422220111,BUT1,,2016,2
20,423330045,ZMHA,,2010,11
20,421112096,EAP1,,2019,12
20,310000157,ZH01,,2020,4
20,614005819,ZUP2,,2025,3
20,421111025,EGU1,,2013,12
20,110003349,ELS5,,2017,12
20,429930877,ZUP3,,2020,10
20,910013817,EP04,,2025,2
20,910000902,EP12,,2007,1
20,421111353,EMP2,,2020,3
20,420000762,EHP1,,2007,12
20,410000001,ERA1,,2006,5
20,423330273,ZAP1,,2010,12
20,613007862,EJH1,,2020,12
20,420000284,EMH2,,2005,6
20,420000842,EP01,,2005,8
20,421112684,BRA1,,2025,9
20,915008474,EP24,,2025,11
20,491110239,EOR2,,2020,12
20,510031229IN01,ZLS1,,2022,5
20,931558205,EP27,,2022,12
20,610038836,ZJH1,,2018,11
20,590020274IN02,BI01,,2025,3
20,491110053,EUT1,,2020,12
20,421111313,EMP1,,2015,3
20,110010277,EP06,,2008,7
20,110270155,EP04,,2017,12
20,424440351,EDEB,,2024,10
20,110470351,EP05,,2022,9
20,613004825,EOR1,,2018,12
20,423331342,ZCH1,,2026,3
20,210011872,EP09,,2019,12
20,421110002,EUP1,,2014,12
20,931550022,EMHC,,2021,12
20,613012359,EMHC,,2025,1
20,110030052,ZLC1,,2016,11
20,610003220,EMHA,,2006,6
20,510005661LK04,ELS1,,2022,1
20,424440967,EMH2,,2019,9
20,420030225,ZHR1,,2006,9
20,310002003,EP04,,2022,7
20,424441914,EKE1,,2025,11
20,421112571,EAP1,,2022,11
20,611006731,EGU1,,2017,3
20,423331109,ZRA1,,2019,9
20,421112742,EDE1,,2022,12
20,514444073IN01,EP16,,2022,3
20,310002259,EP04,,2021,12
20,514440339IN03,EP16,,2023,2
20,420007912,EP04,,2025,6
20,420000491,EMH2,,2021,2
20,611008566,EMHC,,2021,6
20,110010028,EP09,,2010,3
20,421111686,EMP1,,2016,12
20,422220108,BDE1,,2024,11
20,190020073,BI01,,2010,3
20,420270133,EP04,,2025,8
20,516002728IN01,ELR3,,2024,3
20,910001653,EP12,,2020,12
20,421111234,EOR2,,2013,11
20,423331751,ZTN1,,2023,12
20,910000515,EP27,,2024,10
20,931200162,EP09,,2018,7
20,421112771,EUP1,,2023,9
20,514440511VN05,EP16,,2022,12
20,421112402,EMHC,,2019,12
20,420030064,ZRA1,,2005,8
20,931409779,EP16,,2019,12
20,423330411,ZBI1,,2014,5
20,610039465,ZUP1,,2018,12
20,310000503,EP04,,2011,4
20,424441142,EUP2,,2019,1
20,110001013,EP13,,2012,12
20,422220280,ETN1,,2022,2
20,427770032,ZTN1,,2020,12
20,931300959,EP09,,2019,12
20,423330852,ZMP2,,2017,6
20,421111275,EMP2,,2018,9
20,429930572,ZBI1,,2023,1
20,110000207,ELS5,,2016,6
20,510005058IN01,EP16,,2010,6
20,423331481,ZAP2,,2023,4
20,421110579,EMH2,,2011,8
20,421110680,ECN1,,2019,12
20,429930286,ZMHA,,2004,12
20,510009325DE03,EP04,,2023,10
20,110000376,ZLV1,,2026,2
20,42TU00990,TIMC,,2025,3
20,110003963,EP04,,2023,7
20,423330381,ZJH1,,2012,12
20,931552984,EP24,,2022,12
20,423330808,ZUP1,,2018,3
20,510007292IN03,EP04,,2024,9
20,421110353,EBI3,,2005,12
20,420350026,ELN1,,2024,8
20,421111225,EUP3,,2015,2
20,610039665,ZAP1,,2017,12
20,910001349,ZH05,,2024,12
20,421111050,ECH1,,2012,11
20,910009748,EP28,,2019,12
20,310001105,EP10,,2014,12
20,951010267,ZMHA,,2016,5
20,613006399,ECH1,,2020,12
20,510007830CG01,ELC1,,2016,4
20,610038613,ZKE1,,2016,12
20,210001231,EP04,,2024,10
20,424440090,EMHA,,2019,11
20,422220131,BI01,,2016,2
20,423330138,ZUP2,,2020,12
20,421113134,EMH2,,2025,6
20,510711592CA01,EP04,,2024,12
20,423330317,ZBI1,,2015,4
20,11U000000002,EU01,,2019,12
20,510522870LT01,EP28,,2023,12
20,423330902,ZUP1,,2017,8
20,613008060,EPU2,,2022,7
20,590000359IN01,ELG1,,2022,2
20,915002462,EP10,,2024,3
20,420000695,EUT1,,2017,8
20,420008828,ZWBA,,2023,12
20,614004086,ZMHA,,2025,10
20,510040024IN01,EP10,,2005,12
20,931664450,EP22,,2026,1
20,421110957,EAP1,,2012,9
20,613005033,EMH2,,2019,12
20,427770049,ZMP1,,2014,12
20,491110110,EJK2,,2014,4
20,910030079,ZRA1,,2022,10
20,424441837,EMP1,,2020,12
20,421111755,EPU2,,2014,12
20,5100003638X01,EP01,,2002,12
20,110001101,EP16,,2025,2
20,421111962,EBI2,,2018,10
20,423330226,ZCH1,,2011,12
20,5144452288X01,EP16,,2026,3
20,421111488,EWB2,,2017,12
20,931200113,EP24,,2021,12
20,210320021,EP16,,2023,8
20,420030053,ZGU1,,2005,1
20,421110469,EPU2,,2019,12
20,422220040,EUP1,,2015,12
20,514440217IN01,EP16,,2024,3
20,423331183,ZBI1,,2025,9
20,910310269,EP28,,2025,4
20,614006568,ZPU1,,2024,12
20,613004968,EGU1,,2020,4
20,931652381,EP22,,2024,10
20,424440019,EJH1,,2017,3
20,427770304,ZGU1,,2022,9
20,421110030,EAS1,,2015,5
20,424440023,EMP2,,2022,9
20,421111353,EGU1,,2017,3
20,420002792,EP10,,2014,6
20,421111896,EHR1,,2026,2
20,421111360,ECH1,,2017,1
20,420004172,EP04,,2025,9
20,421111011,EWB1,,2014,2
20,421111176,EUP2,,2013,12
20,421111637,ETN1,,2023,9
20,614001421,ZAP1,,2020,12
20,421110658,EWB2,,2011,7
20,421112489,EMPA,,2025,5
20,490000018,EUP3,,2006,12
20,423330364,ZGU1,,2015,7
20,424440125,EAP2,,2008,12
20,310002743,EP16,,2023,12
20,421111789,EGUA,,2019,10
20,421112033,EMP2,,2023,7
20,421110991,EMH3,,2014,9
20,423330117,ZCH1,,2008,10
20,110000311,ELM3,,2023,7
20,423331116,ZPU1,,2018,12
20,510522203DE01,EP27,,2025,4
20,423331516,ZUP2,,2021,12
20,190020120,BI01,,2014,9
20,110001011,EP27,,2022,9
20,614002121,ZMH3,,2020,12
20,42TU00418,TILC,,2018,12
20,510490487IN01,EP22,,2024,4
20,424441916,EUP1,,2024,2
20,613005947,EMH5,,2021,3
20,5177711658X01,ZH05,,2022,2
20,429930033,ZMHA,,2007,8
20,931653223,EP26,,2023,12
20,421110947,EAP1,,2023,11
20,610000869,EMHA,,2004,10
20,429991141,ELV3,,2017,8
20,421112325,EBI2,,2023,12
20,614003018,ZUP2,,2023,1
20,5100089468X02,ELS1,,2017,12
20,110000046,EP16,,2012,8
20,421112265,EUP2,,2022,1
20,110001617,ELM3,,2022,1
20,423330008,ZGU1,,2015,2
20,423330047,ZAP1,,2011,12
20,424440982,EGUA,,2021,12
20,423330730,ZUP2,,2022,2
20,423331083,ZDEB,,2021,3
20,931100295,EP09,,2022,5
20,613003455,EMH6,,2019,5
20,423330024,ZKA1,,2013,5
20,421111325,EMH4,,2014,12
20,421111232,EJK2,,2021,12
20,424440353,EEXP,,2015,1
20,510001835IN02,ZLS1,,2006,7
20,951010121,BI01,,2015,12
20,210001682,EP16,,2013,8
20,910000861,EP06,,2007,4
20,429930252,EMHA,,2005,12
20,613003956,ETN1,,2018,12
20,420270016,EP04,,2011,5
20,210000330,EP16,,2015,11
20,427770183,ZTN1,,2023,10
20,420030089,ZGU1,,2005,1
20,510030923IN02,ELS1,,2025,9
20,427770141,ZBI1,,2023,4
20,610035721,ZMH1,,2016,12
20,421110934,EBI2,,2012,9
20,110000682,ELM6,,2006,9
20,423330707,ZMH2,,2017,2
20,420250172,EP04,,2023,6
20,422220254,EMH3,,2025,3
20,421112178,EBI2,,2025,10
20,424440778,EP16,,2023,5
20,424440090,EUP1,,2021,1
20,510031828IN01,ZLE2,,2023,12
20,5144432768X01,EP16,,2021,3
20,420610006,ZDEB,,2025,12
20,421113042,EAP1,,2024,8
20,110002818,EP04,,2023,5
20,423331192,ZMHA,,2025,1
20,210003984,EP04,,2022,12
20,613007990,EAS1,,2022,6
20,190020028,BI01,,2007,6
20,614003356,ZUT1,,2023,5
20,110001656,EP20,,2014,10
20,491110139,EHR1,,2012,6
20,510001497IN01,ELS1,,2004,5
20,210005854,EP16,,2023,12
20,510031653CI02,ZH06,,2023,11
20,931300278,EP04,,2019,2
20,613008203,EUP3,,2022,9
20,210710078,EP04,,2022,8
20,210230001,EP16,,2025,11
20,110000180,EP03,,2007,11
20,110000099,ZH03,,2014,4
20,110000261,ZH01,,2024,1
20,423330649,ZGUA,,2013,5
20,517770189IN01,ZH01,,2025,3
20,424441982,ERA1,,2023,11
20,614006402,ZMHA,,2025,11
20,910009690,EP12,,2021,9
20,951020827,EMHC,,2017,5
20,510002322IN02,ELC1,,2010,2
20,910013842,EP22,,2023,10
20,429990049,EKE1,,2018,12
20,310730140,MNP2,,2023,12
20,420007967,ETN1,,2025,6
20,420720226,MPIA,,2016,12
20,310030275,ZH01,,2021,6
20,421111381,EOR1,,2017,3
20,424440992,EP16,,2019,12
20,424440049,EKE1,,2014,10
20,423331335,ZUP1,,2025,2
20,510360016IN01,EP16,,2009,1
20,421110943,ERA1,,2009,12
20,931600384,EP05,,2022,12
20,610022024,BMH3,,2022,12
20,610037632,ZJK1,,2015,12
20,910010548,EP09,,2019,4
20,514441232PH01,EP16,,2016,8
20,421112903,EAP1,,2026,3
20,614004384,ZDEB,,2022,12
20,422220028,BHR1,,2014,7
20,424440015,ETN1,,2015,12
20,424440076,EDEB,,2017,11
20,110001519,EP16,,2026,3
20,514442719LK01,EP16,,2019,12
20,910003618,EP05,,2025,7
20,514442174GT01,EP16,,2014,4
20,931556274,EP31,,2021,12
20,110470709,EP12,,2021,12
20,980002081,EP18,,2023,3
20,610039884,EAP1,,2018,12
20,423331828,ZBI1,,2026,2
20,421110139,ELR1,,2006,7
20,510120007IN01,EP01,,2006,7
20,210004829,EP04,,2022,7
20,611007718,EMHA,,2016,9
20,421111007,EKA1,,2020,12
20,610006114,EMHA,,2007,12
20,210011950,EP05,,2023,11
20,210010072,EP04,,2021,11
20,421110031,EBI2,,2013,6
20,613004492,EMH5,,2018,12
20,614004830,ZMH1,,2023,12
20,110030289,ZH05,,2023,4
20,210003880,EP04,,2025,2
20,931201751,EP22,,2019,12
20,422220009,BGU1,,2017,12
20,910005594,EP12,,2015,10
20,423331106,ZBI1,,2018,5
20,423331024,ZPU1,,2017,8
20,110001545,EP04,,2007,12
20,910009048,EP05,,2019,10
20,210000422,EP16,,2024,10
20,421110013,EUP2,,2009,2
20,421110030,EAP2,,2015,10
20,424440125,EJH1,,2018,2
20,110001808,ZH01,,2025,5
20,420000277,EKE1,,2002,12
20,423331610,ZDE1,,2024,12
20,421110832,EMH1,,2011,8
20,510005053IN01,ELM6,,2012,2
20,110270225,EP04,,2026,2
20,510032290IN01,EP16,,2025,12
20,931661794,ZH05,,2025,5
20,421110030,EWB2,,2011,4
20,514442197JM01,EP16,,2025,10
20,910002044,EP06,,2007,6
20,610036507,ZTN1,,2016,12
20,421110646,EUP2,,2025,4
20,110002897,EP04,,2016,12
20,517770129IN04,ZH01,,2022,7
20,910008220,EP18,,2016,6
20,422220061,BMP1,,2011,12
20,510001261IN01,ELM3,,2006,11
20,421110992,EMH3,,2012,10
20,421112948,EAP1,,2025,1
20,110001523,ELA7,,2023,2
20,424440090,EKA1,,2018,9
20,611006013,EJK2,,2017,3
20,510290002IN01,EP10,,2011,11
20,420006757,EP26,,2024,9
20,210011190,EP09,,2025,4
20,427770007,ZMP2,,2013,5
20,423331331,ZGU1,,2026,2
20,110010046,EP21,,2015,12
20,421111891,EUT1,,2015,12
20,614004788,ZUP3,,2022,12
20,420000130,EWB1,,2017,12
20,614006457,ZHR1,,2025,9
20,210230001,EP04,,2023,6
20,424440075,ECH1,,2011,12
20,420000411,ZMH1,,2019,12
20,421110713,EMH3,,2017,9
20,427770299,ZBI1,,2024,2
20,421112563,EBI2,,2023,6
20,610038545,ZMH3,,2017,12
20,611008659,EMH5,,2017,3
20,491110116,ETN1,,2020,12
20,423330745,ZHR1,,2020,12
20,423330667,ZAS1,,2019,8
20,610037757,ZBI1,,2017,10
20,424440053,EUP3,,2017,3
20,427770149,ZH05,,2020,11
20,422220289,BHP1,,2019,12
20,491110078,EMH5,,2011,11
20,420002999,EP04,,2023,5
20,424440638,EAP1,,2016,10
20,610038242,ZUP3,,2017,12
20,423330047,ZUP3,,2009,8
20,421112586,EMHC,,2025,8
20,614003832,ZOR1,,2021,12
20,421110328,EOR1,,2010,6
20,931200267,BI01,,2020,12
20,421110100,EKA2,,2017,8
20,421112490,EJH1,,2022,10
20,422220138,BUT1,,2015,12
20,427770209,ZMH2,,2022,4
20,422220081,BRA1,,2019,1
20,423330725,ZRA1,,2018,4
20,614005695,ZBI1,,2023,12
20,421110947,EUP1,,2017,11
20,423331065,ZMP1,,2014,12
20,421111855,EJK2,,2018,8
20,421110711,EMH2,,2010,9
20,424440554,EBI2,,2020,12
20,428880012,EUT1,,2020,12
20,5144447338X01,EP27,,2023,9
20,210002538,EP16,,2016,3
20,510001898IN03,ELC1,,2008,10
20,420720343,MPIA,,2021,9
20,110470586,EP12,,2023,12
20,614001392,ZKA1,,2020,12
20,421112081,EGU1,,2022,12
20,421111193,EMH6,,2012,12
20,427770042,ZDEA,,2013,7
20,427770006,ZBI1,,2010,12
20,427770047,ZOR1,,2021,12
20,428880388,EDEB,,2023,3
20,493330069,ZKE1,,2013,3
20,427770478,ZLE2,,2024,1
20,423330172,ZLC1,,2020,12
20,611006382,EAP1,,2015,12
20,510031286IN01,ZLC1,,2015,12
20,421110676,EKA1,,2010,2
20,614000242,ZKA1,,2019,12
20,424440969,EMH2,,2018,12
20,423331780,ZOR2,,2025,11
20,421111164,EMHA,,2011,12
20,421111606,EHR1,,2016,1
20,423330478,ZHR1,,2021,11
20,421112508,EUP1,,2021,8
20,910000794,EP05,,2002,12
20,510710878CA01,EP04,,2026,2
20,11U000000228,EU01,,2014,2
20,510006582ZA02,EP04,,2022,9
20,427770242,ZMHA,,2026,1
20,421111461,EMP2,,2018,5
20,610035773,ZUP2,,2017,3
20,422220015,BWB1,,2008,8
20,510310238IN01,EP18,,2013,12
20,613007535,EMHC,,2023,1
20,210001243,EP16,,2011,11
20,420710784,EP20,,2019,12
20,516002721IN01,ELR3,,2025,10
20,910002623,EP05,,2009,12
20,610035961,ZMP1,,2017,3
20,421112831,EGUA,,2023,12
20,421110918,EHP1,,2016,12
20,421110564,EUP1,,2011,9
20,110011140,EP09,,2025,1
20,613007941,EPU2,,2020,12
20,420002515,ELS1,,2017,12
20,613004792,EMH6,,2020,3
20,420000109,EP08,,2006,12
20,390000097,ELG1,,2022,11
20,517770509IN01,ZH05,,2025,4
20,423330775,ZWB1,,2021,9
20,421111917,EJK2,,2017,11
20,951020164,EP06,,2017,3
20,190000035,ZLC1,,2023,1
20,421110494,ETN1,,2015,12
20,210002944,EP04,,2024,2
20,510003734IN01,EP04,,2019,12
20,423331361,ZGU1,,2023,9
20,420500020,ZMHA,,2021,7
20,427770223,ZGU1,,2022,11
20,613003258,EMH6,,2018,12
20,210005059,EP16,,2022,9
20,110030004,ZH03,,2017,3
20,510002282IN02,ELC1,,2013,5
20,614005310,ZPU1,,2023,12
20,911308378,EP04,,2025,11
20,610039859,ZUP1,,2017,12
20,931300271,EP09,,2021,11
20,610039877,ZUP2,,2018,12
20,421110836,EHR1,,2021,12
20,420000805,EKE1,,2006,1
20,110000295,EP07,,2008,5
20,421110267,EUP2,,2009,11
20,429930908,ZMHA,,2021,4
20,421110145,EMH6,,2012,3
20,510031489AF01,ZLM3,,2025,9
20,510031361IN01,ZLP2,,2016,12
20,516001002MM01,ELM9,,2022,5
20,931304136,EP12,,2020,11
20,931656741,BI01,,2024,12
20,421110229,EMH5,,2021,2
20,491110091,EOR2,,2020,5
20,420000142,EP08,,2013,12
20,610021713,BMHC,,2017,7
20,423330105,ZUP2,,2014,12
20,427770398,ZRA1,,2024,8
20,510310633CL01,EP18,,2021,12
20,614006175,ZHR1,,2023,12
20,491110211,EDEA,,2014,11
20,11U000000187,EU01,,2022,12
20,310030130,ZH06,,2018,7
20,422220113,BAP1,,2020,12
20,910030083,EMHC,,2025,4
20,110000479,ZLB2,,2013,4
20,424441290,EJH1,,2018,6
20,423330133,ZPU1,,2009,1
20,423330827,ZMP2,,2018,3
20,210011720,ELV5,,2024,11
20,614002314,ZHR1,,2020,12
20,613007444,EJH1,,2020,12
20,110000544,EP13,,2017,11
20,427790191,ZH05,,2023,12
20,421111450,ETN1,,2017,7
20,510000220IN02,ELS1,,2004,12
20,424440087,ERA1,,2021,2
20,110001050,ELO1,,2004,12
20,931452158,EP05,,2021,11
20,610034434,ZMHA,,2015,5
20,420500041,ZWB1,,2014,3
20,911307185,EP04,,2023,11
20,424441008,EMH3,,2021,6
20,421110148,EMH5,,2012,3
20,610039731,ZMH3,,2018,12
20,427770142,ZMP2,,2023,6
20,424441026,EP16,,2022,11
20,427770322,ZOR1,,2023,7
20,423330130,ZKA1,,2011,2
20,614001209,ZCH1,,2021,4
20,931455126,EP09,,2023,7
20,110000753,EP12,,2008,3
20,424441863,EMH2,,2025,3
20,421112742,EAS1,,2024,2
20,516000723IN01,EP28,,2024,10
20,421110657,EAP1,,2010,12
20,421110319,EMH5,,2020,12
20,421111815,EKA1,,2019,5
20,931302719,EP18,,2019,12
20,510030017IN01,ZH05,,2018,10
20,421112829,ETNA,,2021,12
20,210011267,EP09,,2022,10
20,110002432,EP20,,2019,7
20,429930042,EP16,,2023,4
20,110010094,EP05,,2026,3
20,492220101,EJK3,,2017,12
20,614006985,ZKA1,,2024,12
20,510711310CA01,EP04,,2022,12
20,421110003,EUP3,,2006,5
20,420000358,EJH1,,2004,8
20,429990099,EMHA,,2013,8
20,421111941,EOR1,,2019,2
20,510003032IN01,ELE2,,2009,12
20,494440046,EP16,,2014,12
20,931100166,EP16,,2023,12
20,510031522IN02,ZH06,,2022,7
20,421110551,EHR1,,2013,12
20,590020117IN01,BI01,,2014,1
20,491110020,EMP1,,2004,12
20,423330406,ZMH3,,2011,11
20,613004768,EDE1,,2018,12
20,424440020,LUP1,,2010,10
20,423330408,ZWB1,,2013,12
20,613004020,EAP1,,2019,7
20,310003008,EP16,,2023,12
20,429991452,ELS5,,2023,8
20,611008703,EDE1,,2017,3
20,613005246,EMH3,,2020,8
20,423331773,ZHR1,,2025,2
20,493330057,ZP01,,2011,12
20,429990132,EP01,,2002,12
20,517770819IN02,ZH01,,2025,5
20,491110085,BMHA,,2020,12
20,514441910VN02,EP16,,2025,4
20,110010783,EP06,,2012,11
20,516002837IN02,ELS3,,2024,1
20,424441922,EUP2,,2023,4
20,423330475,ZWB1,,2020,3
20,210250096,EP04,,2022,1
20,210310398,EP18,,2019,12
20,423330029,ZHR1,,2010,7
20,610003167,EMHA,,2006,8
20,421110935,EKA1,,2012,3
20,423330773,ZUP3,,2018,2
20,510005957IN03,EP04,,2014,12
20,210020081,BI01,,2017,12
20,420000070,EPU2,,2007,9
20,423330595,ZCH1,,2021,7
20,420030252,ZJH1,,2006,11
20,210003068,EP16,,2017,10
20,420000952,ELC1,,2009,2
20,421110814,EJH1,,2013,12
20,611009601,EMHC,,2017,7
20,610039758,ZJH1,,2018,12
20,423330717,ZTN1,,2015,5
20,510004584SN01,ELC1,,2009,12
20,110250028,EP04,,2009,8
20,610000283,EMHA,,2004,11
20,427770383,ZLE2,,2024,5
20,210002321,EP22,,2024,4
20,420001977,EP04,,2022,11
20,491110058,BDE1,,2015,12
20,613003673,ERA1,,2017,12
20,427770049,ZKA1,,2018,10
20,517770756IN02,ZH05,,2021,4
20,423330504,ZMH2,,2018,1
20,514440431IN02,EP16,,2023,12
20,491110051,BOR1,,2014,12
20,421111229,EMHA,,2013,9
20,421111901,ETN1,,2020,6
20,514441236UG01,EP16,,2016,3
20,514441219IN01,EP16,,2022,10
20,423330029,ZAS1,,2007,2
20,5100316568X03,ZH06,,2025,6
20,210000649,ELS3,,2007,2
20,422220003,BMP1,,2007,6
20,423330251,ZMH3,,2012,4
20,310310260,EP18,,2019,10
20,420007483,EP04,,2024,5
20,428880002,EAP1,,2018,12
20,210310308,EP18,,2019,12
20,614003848,ZMH3,,2023,12
20,910015665,BMHC,,2021,5
20,428880356,EP16,,2026,2
20,517770522IN03,ZH05,,2024,2
20,421110056,EOR1,,2010,12
20,931556143,EMHC,,2025,8
20,613004909,EMH6,,2018,12
20,423330647,ZMHA,,2017,7
20,931409610,EP09,,2020,12
20,110003533,EP16,,2022,9
20,310001735,EP22,,2024,3
20,210004846,EP22,,2021,6
20,613007304,EMHC,,2022,1
20,910006140,EP20,,2016,12
20,210210050,EP04,,2025,9
20,421111284,EWB1,,2023,7
20,421112412,EAS1,,2024,9
20,613004506,EMH7,,2018,12
20,110004601,EP26,,2024,12
20,423330589,ZWB1,,2015,8
20,421112178,EUP2,,2021,4
20,421110038,EUP2,,2010,3
20,210010796,EP09,,2018,4
20,310001813,EP04,,2019,2
20,510005046IN02,ELS1,,2012,12
20,421111975,EJK2,,2018,10
20,210340001,EP04,,2026,2
20,423330244,ZAP1,,2014,5
20,423330302,ZRA1,,2017,12
20,210270056,EP04,,2011,5
20,421110367,EDE1,,2006,12
20,423330096,ZAP2,,2013,12
20,110002576,ZH05,,2024,2
20,910007455,EP11,,2014,12
20,910010054,EP09,,2022,12
20,613008911,EMH5,,2023,1
20,421111073,EHR1,,2015,9
20,110000641,ELS1,,2010,12
20,210004259,ELG3,,2021,8
20,110010039,ZLP3,,2025,4
20,423330148,ZAS1,,2011,3
20,424440828,MN01,,2018,11
20,210010814,ELL2,,2025,4
20,421111553,EMH3,,2017,12
20,931661730,ZH05,,2025,11
20,420000071,EOR1,,2008,1
20,210004719,EP16,,2023,4
20,421111537,ERA1,,2017,3
20,423330775,EP16,,2023,10
20,911302317,EP27,,2022,12
20,421110143,EHR1,,2014,12
20,424440754,EOR1,,2022,12
20,610036359,ZJK1,,2016,12
20,931559096,EP29,,2022,12
20,421110648,EHR1,,2022,12
20,210004104,EP04,,2025,2
20,424441470,EWB1,,2020,4
20,421111092,EKE1,,2019,11
20,421111873,EKA1,,2019,9
20,420030104,ZJK1,,2021,2
20,910030092,ZAP1,,2022,4
20,424440663,EP16,,2022,5
20,429991444,EBI1,,2021,11
20,611004100,EMHA,,2015,1
20,210011229,EP09,,2025,6
20,421112421,EHRA,,2021,12
20,611008223,EMHC,,2017,6
20,420000220,EPU1,,2004,11
20,590000421IN02,ELG1,,2022,12
20,421110598,EUP2,,2016,3
20,110001824,ZH01,,2021,9
20,420000134,ERA1,,2007,12
20,423330486,ZBI1,,2015,1
20,110000069,ELC1,,2006,2
20,420000286,EKA1,,2004,5
20,420001688,EHR1,,2019,12
20,613006540,EWB3,,2019,12
20,420030100,ZGU1,,2016,4
20,610038617,ZGU1,,2018,7
20,421111137,EMHA,,2015,4
20,491110142,EUP3,,2016,1
20,423330235,ZBI1,,2008,8
20,610037854,ZHR1,,2016,12
20,427770097,ZHR1,,2021,6
20,421112659,EBI2,,2025,7
20,420000320,EMH3,,2006,12
20,423330062,ZPU1,,2010,12
20,423330340,ZMH3,,2012,3
20,423330302,ZAP1,,2018,7
20,210002795,ZH05,,2018,1
20,910310091,EP18,,2014,2
20,911302150,EP27,,2022,12
20,421110386,EJH1,,2008,2
20,613009048,EDEB,,2022,12
20,421111353,EGU1,,2018,4
20,424440012,EHR1,,2009,7
20,310001216,EP04,,2025,4
20,910003546,EP12,,2010,5
20,210002886,EP04,,2025,1
20,931662803,ZH06,,2023,12
20,421112029,EMH5,,2019,11
20,423330063,ZKE1,,2008,11
20,51U000000336US01,EU01,,2020,11
20,420710972,MPIC,,2022,4
20,421110707,EMHC,,2016,12
20,910013423,EP27,,2022,12
20,614006691,ZKA1,,2024,12
20,614002946,ZUT1,,2023,1
20,429930197,ZBI1,,2017,12
20,427770203,ZHR1,,2022,8
20,491110306,EUP3,,2014,12
20,421110681,EGU1,,2018,5
20,420030082,ZAS1,,2006,2
20,423330132,ZMH1,,2006,12
20,310000428,ELM3,,2006,11
20,614004007,ZKE1,,2022,12
20,423331411,ZMH3,,2024,1
20,429930688,ZRA1,,2017,7
20,910009771,EP22,,2021,5
20,421112865,EKA1,,2024,9
20,421110305,EOR2,,2008,5
20,614006269,ZHR1,,2024,12
20,613005828,EJK2,,2021,2
20,110520006,EP04,,2024,6
20,510350164NG01,BI01,,2022,12
20,421111838,EMP2,,2017,6
20,490000032,EMH4,,2020,12
20,420030005,ZMP2,,2007,1
20,424442230,EP16,,2025,9
20,421110968,EPU2,,2011,12
20,491110242,EHR1,,2017,10
20,421110124,EDEB,,2016,7
20,427770140,ZGU1,,2020,7
20,510002312IN01,ELC1,,2007,4
20,423330154,ZWB1,,2009,9
20,610038770,ZMHA,,2018,9
20,613007641,EMH7,,2020,12
20,910010443,EP09,,2025,9
20,423330070,ZWB1,,2007,8
20,110270059,EP04,,2007,4
20,494440119,EKA2,,2015,11
20,910016948,EP09,,2022,6
20,210001226,EP01,,2008,12
20,310000069,ELA7,,2024,4
20,424440534,EUP2,,2014,7
20,514445415PE01,EP16,,2025,3
20,5100003638X01,EP01,,2007,11
20,110011758,EP09,,2026,1
20,210011979,EP20,,2019,12
20,610039695,ZBI1,,2019,10
20,210030170,ZH01,,2011,7
20,421110709,ELH1,,2017,11
20,429930367,ZDE1,,2018,6
20,110000781,EP16,,2017,12
20,590000709IN02,ELV4,,2025,5
20,610021484,BMHA,,2016,12
20,614000455,ZKE1,,2018,12
20,491110368,EUP2,,2019,4
20,491110368,EPU1,,2020,12
20,421111061,EDE1,,2015,6
20,421110216,EAP1,,2005,12
20,420460018,EP04,,2022,6
20,614005629,ZAP1,,2025,1
20,423330012,ZHP1,,2017,3
20,210470575,EP05,,2025,1
20,421112568,EJK2,,2020,12
20,423331120,ZH06,,2025,7
20,421110954,ETN1,,2013,11
20,421112261,EHR1,,2020,5
20,420500024,ZMHA,,2012,8
20,423330163,ZLO1,,2022,3
20,420000076,EOR1,,2006,7
20,424441457,EP16,,2023,7
20,420710222,MPIB,,2017,10
20,424440056,EGU1,,2022,4
20,420000669,EAP1,,2002,12
20,614001421,ZWB1,,2021,6
20,610037287,ZMP2,,2015,12
20,421110288,EMH5,,2006,12
20,110001559,EP20,,2011,12
20,421112596,EBI2,,2022,12
20,516000617IN01,EP04,,2023,12
20,420030148,ZGU1,,2007,1
20,421112894,EAP1,,2025,7
20,424440681,EP16,,2020,12
20,910030077,ZMHA,,2021,8
20,420001067,EHP1,,2006,5
20,110000449,ELC1,,2012,2
20,110010041,EP12,,2007,8
20,421110337,EBI1,,2005,12
20,510008734IN01,ELG3,,2023,10
20,420000293,EJK2,,2002,12
20,310230011,EP04,,2010,8
20,420520058,EP04,,2023,4
20,421112825,EJK2,,2022,12
20,614001914,ZAP1,,2021,12
20,421111537,ETN1,,2024,3
20,931305978,EP09,,2023,4
20,51U000000469US01,EU01,,2024,9
20,421111270,EOR1,,2015,1
20,614000567,ZWB1,,2018,12
20,422220024,EUP1,,2012,5
20,110010330,EP09,,2023,12
20,613002973,EMHC,,2019,2
20,613006608,EWB1,,2020,12
20,420000342,EMH2,,2004,6
20,427770036,ZH01,,2025,7
20,210003553,EP16,,2023,2
20,423330578,ZMH1,,2025,8
20,427770048,ZJH1,,2017,8
20,422220140,BDE1,,2018,1
20,491110057,EJK2,,2021,11
20,210310267,EP18,,2019,10
20,310020122,BI01,,2020,7
20,493330072,ZAS1,,2013,8
20,611003256,EKE1,,2017,3
20,429930592,ZUT1,,2018,8
20,427770097,ZBI1,,2024,2
20,210320148,EP09,,2024,4
20,590020176IN02,BI01,,2015,2
20,429930246,ZMHA,,2018,11
20,492220064,BAS1,,2013,12
20,421110005,EPU1,,2017,12
20,510005081IN03,ELS1,,2025,4
20,427770304,ZWB1,,2025,7
20,210011859,EP04,,2023,5
20,427770078,ZJK1,,2018,7
20,491110271,EDE1,,2021,10
20,424440453,EMH2,,2024,5
20,21U000100101,EU01,,2025,2
20,424441080,ECH1,,2025,1
20,421110735,EUP2,,2012,3
20,514440407IN01,EP16,,2009,3
20,421110639,EMP1,,2010,5
20,614003230,ZAS1,,2022,12
20,610038783,ZRA1,,2017,12
20,423331541,ZDE1,,2024,4
20,210001151,ELC1,,2015,2
20,421111723,EDE1,,2020,5
20,931205326,BI01,,2024,6
20,310001484,EP04,,2016,11
20,614002695,ZHR1,,2022,10
20,931300163,EP05,,2024,2
20,614001735,ZBI1,,2021,10
20,427770131,ZUP1,,2018,9
20,210010613,EP16,,2017,6
20,424440808,EP16,,2020,12
20,427770049,ZAS1,,2019,8
20,514442845IN03,EP16,,2017,12
20,910001515,EP04,,2003,12
20,910016016,EP27,,2024,12
20,514441264IN01,EP16,,2012,2
20,424441010,EP16,,2025,1
20,110001857,EP16,,2024,2
20,421112597,EHRA,,2022,5
20,931402306,EP09,,2017,12
20,423330391,ZWB1,,2014,4
20,424440055,EP16,,2011,12
20,423330416,ZUP1,,2012,2
20,421110531,EMH1,,2010,2
20,310000685,ELS1,,2006,10
20,424441034,EAS1,,2016,12
20,510031440IN01,ZH06,,2019,8
20,510110033IN01,EP04,,2025,2
20,310000627,ELL2,,2022,5
20,429930042,ZMHA,,2014,6
20,429990555,EPU2,,2020,12
20,421111183,EAS1,,2019,11
20,421111731,EMH2,,2024,9
20,510002332IN01,ELM4,,2003,12
20,613004754,EBI2,,2018,12
20,421112666,ETN1,,2022,12
20,510520623AT01,EP18,,2023,6
20,421110712,EGU1,,2011,12
20,420030057,ZHR1,,2005,5
20,931100051,EP09,,2011,7
20,421111798,EDEB,,2019,10
20,423330332,ZMH2,,2011,10
20,421110722,EBI2,,2012,7
20,491110004,EGU1,,2011,12
20,493330050,ZMHA,,2019,12
20,210100055,EP04,,2024,9
20,423331329,ZMH3,,2021,12
20,210310119,EP18,,2022,5
20,613005201,EKA3,,2020,7
20,421110709,EUP1,,2011,9
20,424441312,ETN1,,2019,1
20,421110003,EOR1,,2010,11
20,210010829,EP05,,2024,2
20,931401896,EP09,,2024,5
20,510031127IN02,ZLS1,,2020,12
20,421111661,ETN2,,2016,7
20,420710776,EP04,,2023,11
20,423330318,ZUT1,,2020,2
20,613007925,EMH7,,2022,5
20,423330712,ZJH1,,2012,12
20,614005291,ZUP2,,2022,12
20,423331581,ZMP2,,2021,12
20,427770126,ZMP2,,2022,9
20,421110944,EMP2,,2018,2
20,423331105,ZAS1,,2020,3
20,510004766IN03,EP04,,2024,10
20,210002803,EP04,,2023,11
20,310030157,ZH01,,2026,3
20,610007438,EMHA,,2010,5
20,423330329,ZUP2,,2013,3
20,420170001,ELC1,,2007,11
20,210001144,ELR3,,2023,6
20,514440337IN01,EP16,,2023,6
20,421110673,EKE1,,2010,12
20,614001999,ZUP1,,2022,10
20,427770347,ZH05,,2023,3
20,422220028,BPU1,,2009,11
20,424440003,EBI2,,2014,5
20,420520106,EP04,,2020,9
20,421110485,EBI2,,2007,12
20,491110012,EKE1,,2014,8
20,510004417IN01,ELS1,,2025,12
20,514444979VN01,EP16,,2023,2
20,951010152,EP07,,2015,12
20,423330173,ZOR1,,2007,7
20,421110481,ERA1,,2013,12
20,421110735,EHP1,,2011,7
20,429991513,EMH6,,2023,1
20,510003510IN02,EP04,,2010,9
20,421110117,EHP1,,2007,11
20,427770075,ZH01,,2023,8
20,210003740,EP22,,2022,4
20,310002963,EP04,,2024,8
20,610033942,ZPU1,,2017,3
20,427770216,ZJH1,,2022,4
20,510000278IN03,ELC1,,2006,12
20,610039164,ZDE1,,2019,4
20,610038790,ZTN1,,2016,12
20,421111277,EUP3,,2013,12
20,421112659,EPU1,,2022,9
20,420490131,EP04,,2014,12
20,590000280IN05,BI01,,2023,6
20,210002780,EP04,,2024,11
20,423331118,ZBI1,,2019,11
20,110000660,ZH05,,2023,12
20,610037838,ZDE1,,2016,12
20,310000697,EP04,,2022,6
20,424440974,EUP1,,2018,3
20,420001166,EGU1,,2006,4
20,420005006,EP04,,2019,4
20,510008881KG02,ELS1,,2024,1
20,911303230,EP05,,2023,12
20,420000243,EUP1,,2005,10
20,427770021,ZUP1,,2014,4
20,110230039,EP04,,2024,3
20,931457232,EP26,,2020,12
20,423331192,ZUP3,,2020,6
20,423330607,ZMH3,,2014,11
20,427770033,ZDE1,,2021,2
20,110000376,ELW2,,2022,11
20,428880135,EMHA,,2010,12
20,424440123,EMHC,,2020,11
20,423331002,ZUP1,,2020,1
20,423330836,ZKA1,,2017,3
20,210000569,ZLW1,,2025,2
20,423330273,ZPU1,,2013,12
20,423331295,ZMH3,,2022,8
20,42U028000063,EU01,,2020,11
20,420008538,EP26,,2025,11
20,424440802,EOR1,,2019,11
20,421111655,EJH1,,2018,8
20,423330523,ZJK1,,2016,6
20,210011820,EP05,,2024,5
20,210030075,ZLB1,,2025,12
20,427770176,ZUP2,,2019,12
20,5106100658X01,ZH05,,2026,1
20,421110694,EBI1,,2014,12
20,210003411,EP10,,2012,12
20,429930769,ZJK1,,2019,2
20,494440050,EAP2,,2014,7
20,420000956,BMHA,,2006,4
20,422220135,EMP2,,2015,12
20,614002293,ZAS1,,2021,12
20,423331802,ZHR1,,2024,12
20,424441698,EDE1,,2023,6
20,590030018IN01,ZLC1,,2011,12
20,424441376,EP16,,2021,12
20,420002582,EP04,,2012,9
20,424440023,EKA1,,2024,12
20,422220054,EMH6,,2011,12
20,110010116,EP12,,2024,12
20,911300311,EP22,,2020,12
20,423330292,ZUP1,,2020,7
20,423331105,ZAS1,,2019,12
20,510031055IN02,BI01,,2024,6
20,510150069IN01,EP10,,2008,12
20,613008988,EKE1,,2023,1
20,310010047,EP09,,2022,10
20,423331085,ZGU1,,2021,12
20,424440087,ECH1,,2016,1
20,190020140,BI04,,2021,7
20,110000287,ZH02,,2022,6
20,421111092,EJH1,,2019,12
20,420490271,EP22,,2021,12
20,420006386,EP04,,2023,7
20,510003764IN01,ELC1,,2010,3
20,421110865,EMP2,,2012,9
20,110030041,ZLC1,,2011,3
20,110000889,ZH02,,2014,12
20,491110050,ECN1,,2013,12
20,421110122,EUP2,,2011,3
20,110000261,ELW1,,2006,3
20,423330008,ZJH1,,2009,10
20,423330926,ZMP2,,2019,8
20,110000058,EP07,,2005,12
20,423330705,ZBI1,,2024,9
20,421110120,EBI2,,2008,3
20,423331048,ZKA1,,2021,10
20,422220158,EKA1,,2017,12
20,421110958,EUP1,,2014,10
20,421111316,EMP2,,2017,9
20,424440094,EOR2,,2009,6
20,420030152,ZMP1,,2005,12
20,110020348,BI01,,2023,1
20,423331303,ZAS1,,2023,4
20,611001186,EMHA,,2012,5
20,421110485,ZOR1,,2011,4
20,611001604,EMHA,,2012,8
20,210010529,EP09,,2023,1
20,510020024IN02,BI01,,2023,10
20,423331033,ZJH1,,2016,9
20,424440123,EAP1,,2013,6
20,516000848IN01,EP22,,2023,6
20,424440644,EP16,,2022,11
20,423331321,ZDE1,,2023,5
20,110100066,EP20,,2016,6
20,491110143,EUP3,,2014,4
20,423330248,ZKE1,,2017,9
20,910013334,EP22,,2023,4
20,422220026,EMHA,,2008,1
20,931405727,BI01,,2021,12
20,190000095,ZLE1,,2024,9
20,423330200,ZOR1,,2006,8
20,510030158IN06,ZLM3,,2020,2
20,420020085,BTN1,,2024,5
20,210011753,EP09,,2017,12
20,614002643,ZAS1,,2022,9
20,610022023,BPU1,,2023,2
20,911301072,EP27,,2022,1
20,421111701,EMHC,,2018,3
20,590020228IN01,BI01,,2024,6
20,420000523,EUT1,,2004,4
20,110310023,EP18,,2010,12
20,210210108,EP04,,2024,7
20,613005888,EMH1,,2020,12
20,614000878,ZMH3,,2019,12
20,421112615,EOR1,,2023,6
20,421111475,ECH1,,2019,11
20,610035668,ZMHA,,2013,12
20,421110950,EHR1,,2012,7
20,110000346,ELA7,,2024,11
20,492220020,EMHA,,2010,3
20,931406146,BI01,,2021,12
20,5144417158X01,EP16,,2023,1
20,423330478,ZUP2,,2019,4
20,420000161,EDE1,,2005,1
20,31U000000098,EU01,,2021,1
20,423331538,ZDEB,,2024,10
20,210004739,EP04,,2025,11
20,510030247IN03,ZLM3,,2010,12
20,614000371,ZAP1,,2020,4
20,423330894,ZUP3,,2016,2
20,613007438,EMHC,,2022,1
20,510030706IN01,ZH01,,2013,12
20,427770221,ZH01,,2025,8
20,424441961,EMH1,,2025,4
20,614006291,ZMH2,,2024,12
20,421112627,EKA2,,2021,12
20,931453518,EP22,,2021,12
20,951020242,BI02,,2015,12
20,421110948,EJK3,,2017,1
20,514446071TH01,EP27,,2026,3
20,613004078,EJK2,,2019,7
20,310000482,ELG1,,2024,2
20,424440050,EWB2,,2013,2
20,510005485IN02,EP04,,2025,2
20,516003638ZA01,EP26,,2024,11
20,429930981,ZH06,,2024,1
20,613008361,EUT1,,2021,12
20,421111789,EDE1,,2022,12
20,110000279,EP01,,2005,6
20,423330069,ZTN1,,2011,11
20,510002849KZ01,EP04,,2025,9
20,110011205,EP09,,2022,4
20,516003525PE01,EP04,,2025,3
20,420000564,EMHA,,2002,12
20,931660922,ZH05,,2025,4
20,110000172,ELW1,,2025,10
20,110000251,EP16,,2023,4
20,420030042,ZKE1,,2002,12
20,423330052,ZGU1,,2019,12
20,421110646,EMH5,,2012,10
20,423331324,ZWBA,,2019,12
20,42TU00735,TIMC,,2022,12
20,910015942,ZH03,,2019,12
20,516001208IN01,ELG1,,2022,8
20,210020055,BI01,,2024,3
20,931558582,BI06,,2023,12
20,421110127,EUP1,,2006,6
20,423330567,ZCN1,,2014,12
20,910015936,EP27,,2021,12
20,423330146,ZCH1,,2005,12
20,421112031,EGU1,,2021,2
20,423330369,ZTN1,,2018,8
20,514443532VN05,EP16,,2025,5
20,493330052,ZHP1,,2014,12
20,614003983,ZMHA,,2024,1
20,613004061,EMH1,,2017,12
20,427770022,ZAP2,,2019,11
20,424442197,EP27,,2026,2
20,429930644,ZLC1,,2022,6
20,494440034,EEXP,,2011,6
20,429990468,EMHA,,2008,12
20,510360064IN05,EP16,,2017,11
20,428880136,EKA1,,2017,3
20,420030253,ZMH2,,2008,2
20,910000852,EP03,,2002,12
20,614005976,ZUP1,,2024,12
20,210000546,ZH05,,2017,12
20,110030053,ZLC1,,2023,8
20,420000201,EKA1,,2003,12
20,910004716,EP06,,2010,12
20,911303976,EP26,,2025,5
20,491110247,EPU1,,2013,12
20,110002737,EP04,,2017,5
20,424440203,ECH1,,2021,11
20,424440965,EJK2,,2020,12
20,613006868,EJH1,,2021,10
20,614002443,ZJH1,,2021,12
20,110470642,EP05,,2022,12
20,210003316,EP04,,2015,4
20,514442751IN01,EP16,,2023,3
20,614001704,ZUP3,,2022,11
20,424440318,EEXP,,2009,12
20,510520488DE02,EP04,,2025,4
20,421112705,EMHC,,2024,2
20,611005175,EOR1,,2015,12
20,423330067,ZAP2,,2015,4
20,190000151,ELV4,,2024,4
20,421110339,EUT1,,2021,2
20,613007339,EPU2,,2020,12
20,491110237,ECH1,,2016,6
20,429930651,EMHA,,2019,12
20,420000464,ECH1,,2002,12
20,911303422,ZH08,,2024,12
20,310002971,EP04,,2021,12
20,424441083,EP16,,2021,6
20,424440583,EOR1,,2016,2
20,424440012,EUP3,,2017,3
20,516002641IN01,EP04,,2026,3
20,210030464,ZH05,,2025,8
20,423330072,ZKE1,,2011,12
20,310000660,EP05,,2024,12
20,492220003,BKE1,,2011,12
20,494440047,EKA1,,2012,1
20,420250044,EP04,,2024,6
20,421110312,EGU1,,2007,9
20,421110569,EMH2,,2010,11
20,210030051,ZH05,,2024,11
20,910030092,EMH2,,2022,5
20,424440068,EKE1,,2013,4
20,210010062,EP04,,2008,11
20,492220092,MN01,,2017,12
20,614002245,ZMH3,,2021,12
20,423330395,ZMP1,,2014,7
20,421110575,EMP2,,2009,10
20,931300200,EP09,,2023,7
20,491110043,EUP2,,2009,7
20,514443295MM02,EP16,,2024,10
20,494440056,EP16,,2024,4
20,423331223,ZWB1,,2022,6
20,423331719,ZMH3,,2025,9
20,429930345,ZUT1,,2009,12
20,423330285,ZAP1,,2016,8
20,310000798,ZH03,,2022,8
20,493330041,ZHP1,,2009,12
20,427770210,ZDEB,,2019,11
20,423330218,ZMP2,,2010,9
20,492220057,BKA1,,2014,3
20,420030005,ZUP3,,2005,5
20,310000512,EP10,,2015,6
20,931405149,EP22,,2020,12
20,421111075,EDEA,,2015,2
20,611006828,EJK3,,2017,3
20,210012044,EP04,,2023,3
20,420250082,EP04,,2021,11
20,611008629,EUP1,,2016,12
20,421110756,EMH3,,2020,11
20,110002791,EP04,,2020,12
20,110003604,ZH08,,2023,12
20,514440712IN02,EP16,,2025,5
20,421113133,EJK2,,2025,5
20,420500022,EKA2,,2010,1
20,931404444,EP04,,2021,7
20,422220142,BKE1,,2017,2
20,423331059,ZMH1,,2021,3
20,421111092,ERA1,,2013,2
20,610031870,ZMHA,,2009,7
20,421110507,EDE1,,2010,7
20,429990659,ELT1,,2012,12
20,424440221,ETN1,,2011,12
20,310310294,EP18,,2022,10
20,424440760,ETN1,,2017,11
20,614003711,ZAP2,,2023,8
20,210003785,EP04,,2022,12
20,613006114,EKE1,,2019,12
20,210011215,EP05,,2021,12
20,420005418,EP10,,2019,5
20,21U000300067,EU01,,2018,6
20,420030065,ZBI1,,2005,11
20,931650892,EP27,,2022,12
20,429991581,EUP2,,2024,3
20,951010157,ZMHA,,2016,1
20,614003520,ZMH2,,2021,12
20,421112167,EMH3,,2018,12
20,516004428KG01,EP04,,2025,10
20,424441292,EEXP,,2019,12
20,421110495,EPU2,,2008,9
20,614005819,ZGU1,,2023,12
20,310030144,ZH06,,2024,2
20,421110896,EDEA,,2013,9
20,421110587,EBI3,,2011,10
20,427790015,ZKA1,,2020,12
20,420000615,EWB1,,2016,12
20,931407202,EP27,,2024,4
20,614005159,ZUP1,,2022,12
20,517771435IN01,ZH01,,2024,7
20,421110303,EMHA,,2005,12
20,510250030IN01,EP04,,2025,10
20,421110024,EHR1,,2007,7
20,429991306,EDEB,,2016,12
20,423330083,ZMP1,,2006,12
20,590310016IN01,EP18,,2012,10
20,610009031,EMHA,,2009,12
20,931455974,EP27,,2022,12
20,613006104,EMH6,,2020,12
20,421111724,EBI2,,2023,1
20,490000027,EWB2,,2020,12
20,420004266,EP04,,2015,12
20,423330305,ZWB1,,2010,6
20,610039233,ZAP2,,2019,2
20,614000786,ZWB1,,2018,12
20,421111521,EMH1,,2017,1
20,423331016,ZUP2,,2021,4
20,423331002,ZUP1,,2021,1
20,190000150,EP12,,2018,12
20,516001857IN01,EP04,,2024,8
20,210006302,EP27,,2026,2
20,422220155,EJK2,,2021,12
20,210003952,EP04,,2022,1
20,421111983,EUP1,,2022,12
20,423330147,ZUT1,,2013,5
20,424440200,EMH2,,2019,7
20,427770138,ZAS1,,2017,12
20,910013957,EP22,,2021,7
20,421110811,EUT1,,2012,2
20,614004172,ZJK1,,2023,12
20,424441227,EKE1,,2019,5
20,421112603,EAS1,,2022,5
20,514440210IN01,EP16,,2009,9
20,510110004IN02,EP04,,2008,3
20,423331145,ZKE1,,2015,12
20,427770028,ZAS1,,2015,8
20,423330142,ZP01,,2006,12
20,423330626,ZPU1,,2014,9
20,422220148,BAS1,,2020,4
20,610037855,ZJK1,,2018,1
20,614002606,ZOR1,,2022,9
20,421112572,EBI1,,2021,12
20,510020105IN02,BI01,,2020,7
20,210011941,EP05,,2020,10
20,420001178,EEXP,,2021,2
20,11U000000197,EU01,,2021,4
20,514440659SN02,EP16,,2014,10
20,421110795,EKA2,,2011,6
20,420000360,EMH2,,2004,4
20,951021602,EMHA,,2015,12
20,423330147,ZBI1,,2008,1
20,491110104,EHR1,,2020,12
20,423330277,ZMH2,,2012,11
20,423330182,ZDE1,,2010,5
20,494440119,ECN1,,2017,12
20,210001684,EP04,,2013,12
20,421110677,EUP1,,2008,12
20,423331196,ZMH2,,2023,8
20,429990200,EMHA,,2006,3
20,210001647,ELC1,,2010,8
20,424441083,EMH3,,2019,6
20,910000682,EP12,,2006,4
20,931550203,EP27,,2023,8
20,310001080,ELS1,,2022,11
20,421110465,EAP1,,2007,12
20,421110614,EAS1,,2013,12
20,424440007,EKA2,,2010,3
20,420100022,EP04,,2021,12
20,423330004,ZHR1,,2009,3
20,310030004,ZLO1,,2005,5
20,491110124,EDE1,,2011,5
20,190000078,EP02,,2009,12
20,423330181,ZAP1,,2009,1
20,210004417,EP04,,2025,3
20,429930867,ZJK1,,2019,10
20,423330107,ZRA1,,2008,5
20,420500004,EP16,,2026,3
20,424440459,EP16,,2022,7
20,420030147,ZMP1,,2005,8
20,951022230,EP19,,2021,1
20,421110218,ECH1,,2006,12
20,910002629,EP19,,2014,12
20,420000511,EMH4,,2005,11
20,420000763,EUP1,,2005,12
20,420270035,EP04,,2022,2
20,421113026,EHR1,,2024,11
20,423331539,ZDE1,,2025,8
20,210004037,EP04,,2025,3
20,420008265,EP04,,2025,11
20,490000034,EUP1,,2020,12
20,423330254,ZH01,,2013,12
20,110000780,EP16,,2023,7
20,421111339,EBI2,,2018,3
20,490000003,EMP2,,2005,12
20,424440049,EOR2,,2019,12
20,910000544,EP04,,2025,12
20,423330902,ZJK1,,2021,12
20,110120014,EP01,,2004,6
20,611009631,ERA1,,2017,9
20,421112128,EBI2,,2021,5
20,614006325,ZUP2,,2023,12
20,510710482IN01,EP04,,2025,6
20,210011905,EP22,,2024,3
20,614001544,ZPU1,,2020,12
20,421110030,EMP2,,2009,7
20,423330131,ZOR1,,2009,3
20,421110093,EHP1,,2013,12
20,421111197,EJH1,,2011,12
20,614000243,ZAP1,,2020,1
20,423330328,ZMHA,,2010,10
20,423331752,ZRA1,,2024,6
20,421110709,EGU2,,2011,12
20,510005801NG01,ELM6,,2010,10
20,613006716,EMHC,,2021,8
20,510000786IN03,ELC1,,2010,11
20,911300027,EP05,,2021,12
20,613003748,EMH3,,2018,12
20,931552987,EP24,,2023,9
20,5100028088X01,EP04,,2025,7
20,421111072,ETN1,,2017,10
20,951020538,EP20,,2017,3
20,510710982CA02,EP04,,2024,4
20,390000095,ELG1,,2024,2
20,516003517NA01,EP28,,2022,12
20,510120117IN01,EP04,,2004,8
20,420006746,EP04,,2022,8
20,510000072IN01,ELM4,,2004,6
20,423330307,ZUP3,,2011,8
20,951020906,EP05,,2017,4
20,423330581,ZGU1,,2015,5
20,423330023,ZCN1,,2004,12
20,424440875,EMH1,,2018,6
20,423330401,ZGU1,,2012,10
20,423330282,ZMP2,,2012,3
20,420000894,EP04,,2022,7
20,423330895,ZJH1,,2022,6
20,210001910,EP16,,2017,8
20,423330402,ZPU1,,2011,8
20,614005676,ZAP2,,2023,12
20,423331488,ZAP1,,2026,1
20,611004610,EMHA,,2015,5
20,492220057,BMHA,,2014,11
20,610037160,ZWB1,,2015,12
20,611005012,EJK2,,2016,12
20,110000161,EP16,,2019,3
20,423330166,ZRA1,,2010,1
20,110310152,EP11,,2018,4
20,110002230,EP04,,2021,10
20,910010145,EP09,,2018,12
20,428880167,EP16,,2023,3
20,424440032,EUP3,,2016,2
20,420001354,EP04,,2021,12
20,420030011,ZTN1,,2004,12
20,210011037,EP07,,2014,12
20,951022332,BI01,,2020,12
20,915006559,EP12,,2025,6
20,423330418,ZHP1,,2016,8
20,422220254,EGU1,,2020,8
20,931658330,ZH05,,2025,12
20,931300871,EP09,,2019,11
20,427770010,ZKA1,,2022,8
20,110001180,EP22,,2019,12
20,590000334IN01,ELC1,,2013,5
20,110001579,ELG1,,2009,7
20,421110692,EMHA,,2013,12
20,421110658,EMH2,,2014,2
20,422220078,BMH3,,2015,10
20,420030039,ZWB1,,2006,3
20,951020417,EP23,,2017,3
20,421111747,ERA1,,2017,8
20,210030113,ZH01,,2014,3
20,421111250,EUP2,,2012,12
20,427770020,ZMHA,,2011,12
20,424441719,EUP3,,2023,3
20,421112661,EMP1,,2020,12
20,931402927,BI01,,2021,12
20,421111778,EPU2,,2015,12
20,931600021,EP09,,2011,12
20,510710009IN03,EP04,,2022,5
20,110000510,ZLC1,,2013,2
20,210001993,EP04,,2024,3
20,427770093,ZUP2,,2016,7
20,421110681,EPU2,,2019,11
20,421110207,EMH3,,2013,6
20,424440059,EBI3,,2011,12
20,614003025,ZMP2,,2022,12
20,423331180,ZJK1,,2022,1
20,492220011,BCN1,,2007,12
20,421111020,EJK3,,2014,7
20,911301186,EP28,,2022,12
20,210003460,EP04,,2025,3
20,424440063,EOR2,,2012,12
20,424440003,EKA1,,2018,6
20,210001399,EP16,,2010,7
20,420500017,ZDE1,,2015,8
20,427770215,ZMH3,,2024,6
20,493330052,ZUP3,,2014,2
20,424441154,EBI2,,2020,12
20,427770130,ZMH1,,2019,8
20,424440165,EP16,,2023,10
20,421110573,EAP1,,2010,1
20,951020609,BMHA,,2016,12
20,910003125,EP12,,2021,8
20,210005515,EP22,,2023,6
20,423330011,ZUP2,,2018,12
20,614002340,ZUP2,,2022,6
20,910004398,EP12,,2011,9
20,510032182IN01,ZLA4,,2025,12
20,420730140,MNP2,,2025,2
20,613005710,EHR1,,2021,1
20,421111289,EGU1,,2016,9
20,427770174,ZKE1,,2022,2
20,421110030,EUP2,,2012,9
20,423330177,ZHR1,,2024,6
20,610038470,ZAP2,,2018,6
20,492220097,EP16,,2024,1
20,910030078,ZWB1,,2022,11
20,420005029,EP04,,2020,12
20,421110006,EUT1,,2007,8
20,931402037,EP18,,2018,12
20,421110106,EMHA,,2011,1
20,423330438,ZHR1,,2012,7
20,110000073,EP04,,2024,4
20,110020359,BI01,,2022,11
20,420004695,EP04,,2025,1
20,610037324,ZUP2,,2015,12
20,514442740IN02,EP16,,2023,7
20,423331439,ZTN1,,2022,8
20,614003124,ZMH1,,2022,12
20,614001292,ZMHA,,2020,12
20,424440015,ECN1,,2008,11
20,613011567,EMHC,,2023,12
20,510270147IN02,EP04,,2023,11
20,931100196,ZH01,,2013,10
20,420002205,EP04,,2025,4
20,510490179IN01,EP22,,2020,7
20,510120167IN01,EP03,,2004,12
20,424441482,EMH3,,2020,1
20,421110467,EMP1,,2006,12
20,424441723,ECH1,,2019,12
20,421110895,EPU2,,2012,10
20,613000210,EMHC,,2018,12
20,420500009,ZAS1,,2018,8
20,421111948,EKA1,,2021,5
20,110000543,ZH05,,2023,4
20,423331179,ZJK1,,2016,12
20,510002317IN01,EP10,,2004,12
20,421110353,EUT1,,2007,5
20,421111383,EKA2,,2017,12
20,420002147,EMHA,,2019,12
20,510711106CA01,EP04,,2022,12
20,424440212,EDE1,,2013,9
20,310001735,EP27,,2025,12
20,210007455,EP04,,2025,10
20,421111688,ECH1,,2016,9
20,420003345,EP04,,2014,12
20,423331459,ZCH1,,2025,6
20,421110948,EMP2,,2018,1
20,420001641,EP04,,2013,12
20,910000652,BI02,,2003,12
20,421110763,EWB2,,2012,7
20,31U000000075,EU01,,2023,11
20,517771140BF01,ZH05,,2026,3
20,424440067,EBI1,,2019,12
20,910010932,EP09,,2020,9
20,110003103,ZH05,,2018,12
20,915001199,EP24,,2026,2
20,421110711,EGU1,,2024,8
20,494440036,EJH1,,2019,12
20,427770127,ZDEB,,2019,7
20,423330652,ZAP1,,2021,12
20,429930367,ZMH3,,2015,12
20,424440034,ETN1,,2008,11
20,421111912,ETN1,,2016,12
20,931303502,EP22,,2021,12
20,423330388,ZJH1,,2011,12
20,5144450318X02,EP27,,2024,6
20,424442015,EP27,,2025,1
20,310000064,ELW1,,2006,12
20,110000258,ELB3,,2012,12
20,427770032,ZRA1,,2013,2
20,614002292,ZJK1,,2022,5
20,420000421,EHR1,,2021,2
20,110000755,EP16,,2026,3
20,510520568ES02,EP18,,2021,1
20,423330169,ZUP3,,2025,7
20,610036963,ZRA1,,2018,11
20,614001058,ZDE1,,2021,2
20,910030089,ZGU1,,2019,12
20,423330163,ZMH3,,2008,2
20,421110980,ERA1,,2012,1
20,491110025,EBI1,,2009,12
20,423330300,ZMH1,,2015,5
20,420007079,EP04,,2024,7
20,517770119IN04,ZH01,,2013,12
20,429930166,EP16,,2010,4
20,427770058,ZUP1,,2016,12
20,421110817,EDEB,,2017,1
20,423330800,ZDE1,,2021,6
20,422220020,BBI1,,2019,11
20,422220192,BKE1,,2021,2
20,421110499,ZAS1,,2010,12
20,424440930,EUP3,,2020,12
20,594440109OM01,EP16,,2025,3
20,421111813,EJK2,,2019,7
20,931450926,EP04,,2020,12
20,5106100568X01,ZH05,,2018,12
20,613004709,EMHC,,2021,2
20,614000061,ZDEB,,2017,12
20,611006450,EMHA,,2016,3
20,931300267,EP18,,2019,1
20,931557792,BI01,,2025,7
20,610021540,BKA1,,2017,3
20,110002135,ZH03,,2014,1
20,421111327,EKA2,,2014,12
20,424440075,EMP2,,2012,6
20,424440100,EP16,,2016,12
20,424441685,EDEB,,2019,12
20,421110430,EMHC,,2019,5
20,210010615,EP05,,2010,1
20,210010807,EP09,,2025,10
20,613006418,EMP2,,2019,12
20,420001625,EP04,,2022,4
20,420001403,EMP1,,2007,11
20,514442945IN02,EP16,,2021,12
20,423330359,ZGU1,,2023,7
20,420030247,ZHR1,,2006,4
20,421111073,EAS1,,2017,10
20,310310029,EP04,,2025,7
20,421113104,EBI2,,2024,12
20,510004448PY03,ELS1,,2023,5
20,210250061,EP04,,2010,5
20,613007984,EKE1,,2020,12
20,424440128,EKA2,,2009,12
20,423331057,ZKE1,,2017,4
20,613006058,EUT1,,2019,12
20,110270195,EP04,,2022,6
20,610036893,ZUP3,,2016,12
20,510004343IN01,EP04,,2015,3
20,613008223,EMH1,,2020,12
20,514443954IN02,EP16,,2024,2
20,424440001,EMH5,,2009,8
20,421110494,EAS1,,2012,3
20,424441139,EKE1,,2021,5
20,427770011,ZMHA,,2025,2
20,423331749,ZAS1,,2024,8
20,420000762,EMP2,,2005,4
20,420000276,EUP1,,2006,12
20,421110949,EOR1,,2020,9
20,610021884,ZKE1,,2018,12
20,5177716148X01,ZH05,,2021,12
20,517770912IN04,ZH05,,2023,9
20,951021377,ZH03,,2015,12
20,423330710,ZMH2,,2014,11
20,421111186,EMH4,,2014,1
20,610039062,ZCH1,,2018,12
20,427770011,ZMHA,,2020,8
20,423330577,ZAP1,,2015,12
20,5177713578X01,ZH01,,2023,4
20,427770046,ZWB1,,2019,1
20,510003060IN01,ELW1,,2007,9
20,424440184,EMH1,,2021,11
20,610036997,ZKA1,,2017,3
20,421110889,EAP2,,2012,7
20,510002323IN01,ELS2,,2012,12
20,42TU01765,TIMC,,2023,12
20,420250077,EP04,,2011,12
20,931301970,EP04,,2021,12
20,494440004,EMHC,,2018,8
20,614005734,ZUP3,,2023,12
20,610037361,ZBI1,,2017,6
20,613008955,EMHC,,2023,4
20,427770052,ZUP1,,2013,2
20,610021983,BMH2,,2020,12
20,429930321,EMHA,,2021,11
20,210006115,EP04,,2024,2
20,423330676,EP16,,2025,12
20,614002459,ZMH2,,2021,12
20,424440874,EKA2,,2016,11
20,931550017,EP09,,2025,12
20,610038762,ZAP1,,2017,12
20,510030124IN04,ZLO1,,2006,12
20,421112068,EMH1,,2020,8
20,420520394,EP04,,2026,3
20,110000400,ELL1,,2006,11
20,421112896,EUP3,,2021,12
20,5144410738X01,EP16,,2021,8
20,424440492,EMH2,,2025,12
20,614004810,ZHR1,,2022,12
20,910016329,EP04,,2021,12
20,613005760,EMH3,,2019,12
20,421110892,EMH1,,2014,3
20,613008249,EMH1,,2021,12
20,611008950,EMH7,,2016,12
20,611007866,EMH7,,2015,12
20,424441023,EMP2,,2020,10
20,931204745,EP27,,2025,8
20,110000104,EP03,,2006,4
20,611007902,EUP3,,2017,3
20,423330235,ZMH1,,2012,9
20,910003609,EP12,,2010,6
20,110001228,ELM5,,2010,12
20,951021883,BI08,,2026,2
20,931100109,ZH01,,2013,9
20,420000097,EP08,,2005,8
20,910009613,EP12,,2017,12
20,614005311,ZMH3,,2024,11
20,310010020,EP09,,2009,7
20,610038989,ZMH2,,2017,12
20,421113057,WDEA,,2024,12
20,110000237,ZLC1,,2008,4
20,610022034,BMHC,,2022,12
20,610035435,ZUP2,,2016,12
20,427770169,ZKA1,,2021,8
20,423330375,ZRA1,,2014,8
20,421110830,EAS1,,2013,12
20,910004362,EP04,,2012,9
20,210012176,EP24,,2024,1
20,915007506,ZH05,,2024,12
20,421110020,EAP1,,2009,2
20,110000416,ELS5,,2023,7
20,421112326,EUP1,,2021,9
20,420030057,ZUP3,,2006,4
20,614002812,ZCH1,,2021,12
20,424440594,MN01,,2016,10
20,491110370,EMH7,,2016,4
20,421110948,EDEB,,2021,8
20,420030094,ZWB1,,2006,4
20,421111975,EUP2,,2020,4
20,421111726,EWB2,,2016,5
20,422220120,MN01,,2020,12
20,422220033,ECH1,,2022,12
20,210250025,EP04,,2021,12
20,490000031,ETN1,,2006,6
20,420270027,EP04,,2013,9
20,423331560,ZMH1,,2026,1
20,421110048,ECH1,,2021,3
20,421110767,EMP1,,2010,12
20,421112620,EHRA,,2022,5
20,421111339,EMH3,,2020,1
20,210001322,EP01,,2010,7
20,614004075,ZCH1,,2022,12
20,491110028,EKA1,,2007,3
20,424440076,EMH5,,2013,12
20,614000529,ZAS1,,2020,7
20,614002598,ZAP1,,2022,8
20,421110584,EAS1,,2013,12
20,613007427,EMH2,,2022,1
20,424441905,EGU1,,2020,12
20,423330013,ZUT1,,2009,4
20,421110560,EGU1,,2010,1
20,421111210,EBI2,,2014,12
20,492220001,BUP2,,2004,12
20,421111329,EMHA,,2016,11
20,424440808,EKE1,,2018,12
20,423330436,ZKE1,,2011,8
20,423331360,ZWB1,,2019,12
20,610038822,ZMHA,,2020,2
20,423330139,ZCN1,,2017,12
20,421111476,EJK3,,2016,2
20,510008649BR02,EP04,,2023,4
20,421110734,EUT1,,2011,11
20,510007594JM01,ELL2,,2023,10
20,613004752,EOR1,,2020,2
20,110250088,EP04,,2009,4
20,421110572,EBI2,,2021,2
20,423331050,ZKA1,,2019,6
20,423330318,ZMP2,,2011,11
20,614000432,ZWB1,,2019,12
20,420000691,ETN1,,2007,8
20,423330297,ZKE1,,2009,12
20,611007125,EAS1,,2017,4
20,427770047,ZMP2,,2021,6
20,614002430,ZCH1,,2022,6
20,614000016,ZMH1,,2019,8
20,110001756,EP04,,2011,7
20,210010631,EP04,,2022,7
20,421111705,EUP1,,2017,5
20,910000164,EP12,,2014,8
20,429930357,ZHR1,,2008,12
20,421110033,ERA1,,2010,12
20,494440069,EMH5,,2015,2
20,210006750,EP04,,2024,10
20,514440508IN02,EP16,,2025,10
20,420002202,EP04,,2023,4
20,310002862,EP04,,2024,8
20,429990808,EOR1,,2020,5
20,614002051,ZAS1,,2021,12
20,422220030,BDE1,,2019,11
20,613004297,ETN1,,2019,9
20,110010376,EP05,,2007,12
20,310002389,EP04,,2025,2
20,210006274,EP26,,2022,2
20,210006367,EP27,,2024,5
20,614004590,ZBI1,,2023,12
20,210006080,EP04,,2024,1
20,421112885,EOR2,,2024,3
20,422220188,BDEB,,2023,12
20,427770147,ZUT1,,2022,10
20,493330029,ZMHA,,2014,6
20,5100028078X02,EP04,,2025,8
20,951020231,EP28,,2020,12
20,210005578,EP04,,2022,10
20,510030688IN01,ZLC1,,2019,8
20,610037743,ZMHA,,2017,12
20,429991197,EMHC,,2022,9
20,424440517,EP16,,2022,4
20,514440351IN01,EP16,,2014,12
20,590000266IN01,EP01,,2007,12
20,420030052,ZUP1,,2006,12
20,421111036,EAP2,,2014,2
20,516001305TZ01,ELM3,,2022,4
20,421110141,EMHA,,2011,11
20,614006468,ZMH3,,2024,12
20,110210055,EP04,,2026,1
20,429930841,EP16,,2021,12
20,420030225,ZMH2,,2006,6
20,210230001,EP09,,2008,5
20,610021661,BMH2,,2016,12
20,110001575,ELS1,,2020,1
20,423330634,ZAP1,,2013,3
20,424441070,ETN1,,2017,4
20,420690002,ZMH2,,2021,12
20,420000235,EWB1,,2007,12
20,951021999,BI08,,2026,2
20,613009040,EMH2,,2022,12
20,420030036,ZKA1,,2005,8
20,610038939,ZUP1,,2017,12
20,421110018,EAS1,,2010,10
20,210003142,EP04,,2025,7
20,491110189,EMP2,,2012,12
20,424440795,EEXP,,2019,12
20,420030067,ZTN1,,2006,8
20,210250051,EP04,,2022,9
20,614000756,ZRA1,,2019,12
20,421111705,EKE1,,2017,3
20,517770015IN03,ZH01,,2023,3
20,420000188,EHR1,,2011,12
20,423330694,ZCH1,,2023,6
20,421111040,EDE1,,2011,12
20,421112079,EMHC,,2021,12
20,423331055,ZLC1,,2021,9
20,429930012,ZJK1,,2010,12
20,590020216IN02,BI01,,2024,7
20,510004427IN01,ELK2,,2012,12
20,610007109,EMHA,,2013,10
20,613008241,EMP2,,2020,12
20,980000743,EP22,,2021,4
20,421110099,EUP2,,2007,10
20,421110945,EKA1,,2017,10
20,490000016,ECN1,,2003,12
20,510521254PL01,EP22,,2023,7
20,420310083,EAP2,,2010,12
20,614005812,ZHR1,,2023,12
20,491110003,EMH1,,2009,7
20,613012809,EKE1,,2025,4
20,980000029,EP10,,2018,6
20,424440048,EMHC,,2024,2
20,421112958,SMPA,,2026,1
20,611004168,EMHA,,2014,8
20,423330476,ZKE1,,2016,8
20,427770202,ZKA1,,2023,1
20,910000968,EP05,,2015,12
20,491110210,EAP2,,2014,12
20,491110068,ELG1,,2011,12
20,420000514,EP08,,2007,12
20,610038231,ZUP3,,2017,12
20,420000336,EEXP,,2005,9
20,510005421UZ01,EP04,,2012,12
20,492220033,EWB1,,2014,7
20,424441036,EUP1,,2018,8
20,210000848,EP04,,2006,5
20,610037387,ZMHA,,2017,8
20,424441423,ECH1,,2017,12
20,421112857,EMH2,,2021,12
20,613006914,EUP3,,2021,11
20,110010479,EP06,,2013,8
20,421111120,EJH1,,2013,2
20,614004679,ZMHA,,2024,10
20,427770312,ZAP1,,2025,5
20,427770210,ZWB1,,2022,10
20,423330004,ZMHA,,2023,7
20,21U000300368,EU01,,2022,12
20,421111545,EAP1,,2017,12
20,514440127IN03,EP16,,2021,11
20,514440551SN01,EP16,,2014,12
20,110080065,EP03,,2006,6
20,210002007,EP16,,2025,7
20,310002884,EP04,,2024,12
20,110002527,EP04,,2025,5
20,614005948,ZPU1,,2023,12
20,51U000000446US01,EU01,,2022,12
20,491110160,EMP1,,2009,12
20,424440707,EP16,,2023,2
20,210011394,EP05,,2012,12
20,514442533IN01,EP16,,2016,12
20,421110649,EMH4,,2010,5
20,510007563IN02,ELW1,,2012,12
20,420000030,EAP1,,2006,5
20,493330026,ZKA1,,2016,3
20,421112169,EMP2,,2021,10
20,611009368,EDEB,,2017,6
20,514440825MM02,EP16,,2018,12
20,424441202,EMH3,,2020,5
20,110010320,EP09,,2021,11
20,514440099IN01,EP16,,2025,11
20,421110082,EHR1,,2021,2
20,910001684,EP09,,2018,3
20,421110797,EUP2,,2008,12
20,310000212,EP04,,2012,3
20,516001329SY01,EP04,,2025,2
20,421111724,EHR1,,2024,9
20,110002841,EP04,,2025,7
20,613007961,EMH7,,2021,12
20,931451476,EP09,,2019,12
20,610005056,EMHA,,2008,4
20,420000238,EDE1,,2004,5
20,421112895,EHR1,,2025,2
20,423331162,ZMH1,,2025,4
20,110320045,EP09,,2011,2
20,210011857,EP09,,2017,12
20,614007072,ZUP3,,2026,3
20,110030034,ZLC1,,2016,12
20,420500064,ZJH1,,2011,10
20,610038016,ZKE1,,2016,12
20,427770145,ZWB1,,2022,1
20,510310498CH02,EP18,,2023,8
20,210011538,EP09,,2016,4
20,931663107,ZH05,,2025,6
20,423331240,ZJK1,,2020,6
20,110001383,EP16,,2015,8
20,910004051,EP04,,2021,3
20,491110010,EMH6,,2009,4
20,491110089,ECN1,,2023,12
20,421110188,EMH2,,2007,12
20,910003816,EP10,,2016,12
20,613008280,ERA1,,2022,10
20,492220052,BKA1,,2014,2
20,420030091,ZDE1,,2003,12
20,110270003,EP04,,2012,3
20,421110062,EKA2,,2012,1
20,423330038,ZP01,,2022,7
20,424441922,EP16,,2025,10
20,423330671,ZHP1,,2014,9
20,427770014,ZAP2,,2022,9
20,421110655,EJH1,,2011,9
20,514443891IN04,EP16,,2022,6
20,613005258,EMH6,,2019,12
20,423330138,ZGU1,,2019,9
20,611008470,EMH2,,2016,12
20,491110270,EJK2,,2014,4
20,423330467,ZMH2,,2013,12
20,423330367,ZMH3,,2014,6
20,931651378,BI01,,2024,12
20,210001357,EP16,,2024,7
20,613007960,EMH3,,2020,12
20,423330088,ZOR1,,2007,12
20,421111794,EAS1,,2023,1
20,422220135,ETN1,,2019,11
20,421110723,EAP2,,2011,11
20,491110277,ETN1,,2018,9
20,421110564,EUP2,,2019,2
20,420000660,EOR1,,2005,10
20,510030066IN01,ZLS1,,2006,3
20,423331313,ZMP2,,2021,1
20,424441940,ETN1,,2024,7
20,421110995,EUT1,,2013,12
20,510031130IN04,ZLS1,,2023,1
20,210030073,ZH05,,2019,2
20,911304730,EP26,,2022,12
20,210011735,EP07,,2018,6
20,516000417IN01,ELW2,,2020,3
20,421112889,EDEB,,2024,6
20,421110134,EKA2,,2013,7
20,420000600,EBI1,,2006,1
20,310610005,ZH05,,2017,12
20,110001611,EP11,,2013,3
20,11U000000109,EU01,,2015,9
20,610030966,ZMHA,,2008,8
20,210030001,ZLO1,,2025,3
20,424441290,EUP3,,2019,12
20,424441836,EWB1,,2025,6
20,423331636,ZUP1,,2026,2
20,491110176,EDE1,,2013,12
20,421111768,EDEB,,2017,5
20,423330285,ZAP2,,2014,4
20,423331236,ZMHA,,2021,12
20,613007853,ERA1,,2021,12
20,423330590,ZMH2,,2023,6
20,510030136IN01,ZLC1,,2009,9
20,429990715,EMHA,,2020,12
20,951020255,EP06,,2015,12
20,423330480,ZCH1,,2013,8
20,423331301,ZJH1,,2020,6
20,110270194,EP04,,2025,4
20,614005069,ZKA1,,2024,8
20,421111092,EUT1,,2016,4
20,427770123,ZAS1,,2018,7
20,421111855,EKA1,,2017,10
20,614003029,ZOR1,,2023,1
20,517770508IN02,ZH05,,2019,12
20,424440062,EPU2,,2013,9
20,424440019,EMH2,,2014,10
20,424440394,EMP2,,2010,12
20,420000248,EMH2,,2004,6
20,910000055,EP08,,2003,12
20,613004850,EMH3,,2020,3
20,110000237,EP07,,2016,3
20,915007984,EP12,,2025,10
20,424440366,EP16,,2020,11
20,421110352,EMP2,,2007,12
20,210030230,ZH01,,2013,11
20,427770019,ZMP2,,2012,4
20,210006029,EP16,,2025,4
20,931204708,EP27,,2023,12
20,210003414,EP16,,2022,3
20,210000131,ELW1,,2025,10
20,423331240,ZKA1,,2019,4
20,427770183,ZUP2,,2024,12
20,110000368,ELC1,,2010,10
20,423331117,ZRA1,,2020,6
20,423331106,ZTN1,,2019,9
20,491110141,EGU1,,2013,4
20,614001945,ZMP2,,2020,12
20,421110287,EKA1,,2008,10
20,5177707678X01,ZH01,,2019,5
20,613005806,ETN1,,2020,12
20,210012165,EP09,,2023,8
20,210030360,ZH05,,2022,6
20,427770039,ZGU1,,2015,3
20,510280006IN01,EP04,,2018,12
20,420610005,ZMH1,,2019,7
20,421112640,EMH1,,2024,4
20,910011896,EP24,,2021,12
20,614000040,ZMHA,,2019,10
20,310001172,EP16,,2012,12
20,423330318,ZKA1,,2017,2
20,423330365,ZKA1,,2011,11
20,510490257IN02,EP22,,2023,8
20,429930139,ZJK1,,2003,12
20,110000295,ZLM3,,2012,11
20,310002279,EP24,,2024,12
20,420000221,EOR1,,2003,12
20,421111918,EDE1,,2022,8
20,421110821,EAS1,,2011,2
20,611008673,EWB2,,2017,3
20,423330406,ZAP2,,2015,1
20,423330490,ZUP2,,2014,2
20,210004914,EP16,,2025,3
20,421111383,EKA1,,2016,4
20,110002055,ZH05,,2024,1
20,210001586,EP04,,2022,11
20,420000494,EWB2,,2002,12
20,514444786IN01,EP16,,2023,9
20,210010464,EP09,,2022,3
20,210012015,ZH01,,2021,10
20,510000387KE01,EP01,,2009,11
20,427790145,ZCH1,,2019,8
20,420000526,EUP3,,2002,12
20,110030330,ZH06,,2023,7
20,423330753,ZRA1,,2016,12
20,420030241,ZAS1,,2006,2
20,420000784,EAP1,,2005,8
20,110030055,ZH06,,2025,5
20,611007170,EOR1,,2016,12
20,427770371,ZKA1,,2024,6
20,310310159,EP28,,2026,1
20,210000026,EP16,,2024,8
20,420004127,EP04,,2021,1
20,610035525,ZMHA,,2017,2
20,428880012,EMHA,,2012,2
20,423331629,ZTN1,,2021,12
20,310001394,ELA3,,2014,3
20,110001515,ELS5,,2022,6
20,614006159,ZOR1,,2024,12
20,421110209,EAP1,,2011,12
20,110030052,ZLM3,,2025,12
20,493330054,ZGU1,,2012,1
20,931400085,ZH01,,2011,12
20,420008622,EP04,,2026,2
20,931408885,EP04,,2021,12
20,610038307,ZUP3,,2017,12
20,424441220,EAP1,,2019,1
20,420710029,MPIB,,2020,4
20,410000004,EGU1,,2006,4
20,614006269,ZJH1,,2025,8
20,613008107,EAS1,,2020,12
20,614002005,ZUP3,,2020,12
20,210000827,EP16,,2022,10
20,421111740,EAS1,,2017,11
20,611007767,EMHA,,2016,10
20,421111582,BDE1,,2025,10
20,614002006,ZAP1,,2022,1
20,421112956,EMH6,,2024,2
20,613005728,ECH1,,2021,1
20,421110004,EOR2,,2015,3
20,491110095,EDEA,,2021,2
20,428880165,EGU1,,2015,12
20,424440090,ERA1,,2018,11
20,613004028,EKA1,,2017,12
20,110000791,ELC1,,2009,7
20,110001383,ZLC1,,2012,11
20,210010283,EP09,,2022,3
20,421110086,EMH2,,2007,6
20,423331026,ZRA1,,2023,6
20,110001906,EP04,,2013,7
20,423330418,ZTN1,,2014,6
20,210004733,EP04,,2024,6
20,420005262,MN01,,2018,11
20,421110496,EWB1,,2008,7
20,210001940,ELC1,,2010,11
20,110000105,ZLE1,,2007,11
20,422220007,EP16,,2015,10
20,910006100,EP12,,2022,12
20,424441764,EMH1,,2022,4
20,421112481,EKA1,,2019,12
20,514442435IN01,EP16,,2022,8
20,910012941,EP24,,2020,9
20,613007175,EMH3,,2020,12
20,421111705,ERA1,,2016,11
20,421111731,EKA2,,2017,3
20,931558554,BI06,,2023,12
20,421112081,EWB1,,2021,3
20,613007521,EJH1,,2022,2
20,5100320618X01,ZH06,,2024,9
20,614006012,ZAP2,,2024,12
20,610005134,EMHA,,2006,12
20,423330278,ZUP2,,2008,11
20,210030223,ZH01,,2025,8
20,421111438,ECH1,,2022,10
20,611008290,EMHA,,2015,12
20,420711214,MPIC,,2022,12
20,422220220,BGU1,,2021,7
20,491110002,EKE1,,2010,5
20,420020061,BMHC,,2019,10
20,910015372,EP04,,2019,12
20,423331644,ZHR1,,2023,11
20,614005712,ZMH2,,2024,12
20,427770116,ZJH1,,2024,9
20,424440054,EDE1,,2009,12
20,423330304,ZMH2,,2021,10
20,424440351,EDE1,,2014,7
20,427790130,ZP01,,2020,12
20,424441251,EBI2,,2016,12
20,110000287,ELC1,,2007,11
20,421112923,EAS1,,2024,8
20,514441946IN01,EP16,,2016,2
20,421110093,EMH2,,2008,7
20,514445306IN01,EP27,,2023,7
20,210005361,ELS1,,2021,11
20,424441259,EUP2,,2019,4
20,423330386,ZDEB,,2018,11
20,420000297,EMHA,,2004,8
20,31U000000060,EU01,,2016,8
20,613013021,EOR1,,2024,12
20,517770678IN03,ZH05,,2025,11
20,611007521,EMHA,,2016,9
20,610032002,ZMHA,,2013,12
20,421112920,EMH1,,2024,4
20,424441530,EUP3,,2024,8
20,613000616,EWB1,,2017,12
20,510006054IN04,EP04,,2023,6
20,421112864,EAP1,,2024,9
20,613006094,EKA1,,2021,4
20,610036648,ZGU1,,2018,11
20,510008218IN02,ELS1,,2016,12
20,5100020318X01,ELO1,,2005,2
20,611008091,EMH7,,2017,3
20,514446043BO02,EP27,,2024,12
20,491110059,EUP1,,2008,3
20,421110387,EMH1,,2009,6
20,610039421,ZJH1,,2017,12
20,421112789,EMP2,,2021,12
20,421110709,EMH1,,2012,1
20,613005383,EKA1,,2018,12
20,427770017,ZMP2,,2011,5
20,210150010,ELO1,,2005,4
20,510001658CG01,ELM3,,2023,8
20,510490317IN04,EP22,,2025,3
20,310010020,EP09,,2013,9
20,110000352,ZH06,,2026,3
20,420030196,ZMP1,,2005,1
20,951022223,EMHA,,2019,12
20,421111830,EMP2,,2021,2
20,492220038,BWB1,,2013,12
20,510007147VN01,EP04,,2022,1
20,421112517,EUP3,,2023,1
20,423330475,ZAP2,,2015,9
20,510002631SN01,ELM3,,2024,1
20,421112178,ERA1,,2026,1
20,190000018,EP07,,2011,1
20,420711033,EP04,,2023,9
20,421112897,ERA1,,2025,4
20,423330600,ZWB1,,2012,12
20,421110605,EMP2,,2012,2
20,514444074IN01,EP16,,2022,10
20,424441026,ECH1,,2025,6
20,610037573,ZDEB,,2017,7
20,614003240,ZKA1,,2021,12
20,510003800IN01,EP04,,2025,6
20,421110430,EKA1,,2019,1
20,210310116,EP18,,2023,3
20,421111531,EMH3,,2016,12
20,614003642,ZCH1,,2021,12
20,423330173,ZMH3,,2010,9
20,420500024,ZAP1,,2012,8
20,427770013,ZMP1,,2018,3
20,614005237,ZPU1,,2023,12
20,310250151,EP04,,2009,3
20,421110081,EKA1,,2008,9
20,5100009328X01,EP02,,2004,5
20,613004784,EOR1,,2020,3
20,429930016,ZUP1,,2017,5
20,190000008,EP16,,2016,9
20,424440125,ERA1,,2010,7
20,614006182,ZCH1,,2024,12
20,610039368,ZKA1,,2017,12
20,420500018,ZMH3,,2019,6
20,494440006,ETN1,,2017,12
20,611007903,EMH3,,2017,3
20,610038279,ZUP1,,2016,12
20,931658820,ZH05,,2024,12
20,424441174,MN01,,2021,11
20,510250298IN01,EP04,,2025,7
20,423330523,ZHR1,,2019,7
20,210005519,EP25,,2022,12
20,424441803,EMH4,,2022,2
20,610037342,ZRA1,,2016,12
20,931656395,EP27,,2024,12
20,931201383,EP22,,2022,12
20,421110740,EAP1,,2011,9
20,421110531,EMH6,,2009,6
20,423330226,ZMH2,,2008,9
20,514440887SN01,EP16,,2017,2
20,422220021,EKA3,,2015,3
20,423331439,ZMH2,,2024,3
20,613004008,EKA1,,2018,12
20,423331524,ZOR1,,2025,12
20,310310020,EP18,,2009,2
20,614005513,ZOR1,,2024,12
20,420030143,ZWB1,,2005,2
20,310000595,EP04,,2025,1
20,423330374,ZMH2,,2013,9
20,423330403,ZMP2,,2012,7
20,614003972,ZMH2,,2022,12
20,516002777IN01,ELS7,,2025,8
20,424440050,EJK3,,2021,2
20,614003869,ZUP2,,2023,12
20,423331328,ZLE2,,2019,12
20,110000341,EP16,,2016,12
20,423331105,ZGU1,,2018,4
20,510004828IN01,ELG1,,2024,5
20,423330173,ZMH2,,2007,3
20,510030159IN03,ZLO1,,2016,12
20,421110827,EUT1,,2013,12
20,423330376,ZMP2,,2013,2
20,210610031,ZH05,,2025,8
20,421111746,EUP1,,2014,12
20,910016130,EP22,,2022,1
20,421110369,EDE1,,2009,8
20,421112069,ERA1,,2024,7
20,421110219,EPU1,,2011,12
20,514440357IN01,EP16,,2022,5
20,911303335,EP22,,2022,12
20,110002313,ELW2,,2022,11
20,514440560IN04,EP16,,2025,10
20,422220154,EBI2,,2015,12
20,931404290,EP22,,2022,12
20,915005827,ZH05,,2025,8
20,420710471,MPIC,,2018,6
20,421110836,EMH6,,2016,5
20,423330432,ZTN1,,2014,12
20,210003860,EP04,,2022,1
20,613006454,EMH6,,2019,12
20,423330723,ZDE1,,2016,9
20,423330730,ZDEB,,2017,10
20,427770013,ZKA1,,2011,4
20,614000764,EAS1,,2019,12
20,110000188,EP07,,2005,11
20,110230021,EP11,,2018,12
20,420000442,EUP3,,2006,11
20,110000180,ELH1,,2013,5
20,510002350UA06,EP04,,2023,8
20,423330365,ZPU1,,2014,12
20,424440351,EJH1,,2024,2
20,516004210CL01,EP04,,2026,1
20,424440062,EKA2,,2009,5
20,421111516,EMH3,,2023,9
20,421111445,EAS1,,2015,12
20,421112209,EAP1,,2019,5
20,421110787,EDEA,,2014,5
20,424441437,EDEB,,2020,9
20,514443953IN02,EP16,,2024,6
20,423330772,ZWB1,,2018,1
20,427770006,ZJK1,,2019,1
20,610038862,ZHR1,,2016,12
20,210011442,ZLP2,,2024,10
20,423331498,ZMP2,,2026,3
20,423330435,ZMH1,,2011,8
20,423331213,ZGU1,,2022,10
20,910000767,BI02,,2003,12
20,210006727,EP16,,2023,2
20,210011858,ELS1,,2018,12
20,613012081,CMHA,,2026,2
20,421112357,EUP2,,2021,5
20,421110853,EMP1,,2012,9
20,423331074,ZDEB,,2023,4
20,420030025,ZMH2,,2004,12
20,931664469,BI01,,2025,7
20,210000857,ZLC1,,2012,12
20,613005940,EKA3,,2021,3
20,210610008,ZH05,,2021,5
20,421110949,EJH1,,2018,9
20,421111990,EMH1,,2016,12
20,421111364,EUP1,,2015,11
20,510003224IN01,EP04,,2022,6
20,614005158,ZUP2,,2023,12
20,492220044,BMH5,,2019,12
20,21U000200018,EU01,,2019,8
20,429930348,ZBI1,,2010,12
20,110020272,BI01,,2023,10
20,210710017,EP04,,2024,4
20,931206269,EP27,,2025,5
20,510003164IN01,ELC1,,2007,11
20,421111957,ERA1,,2021,2
20,310001738,EP22,,2021,7
20,420001784,EP04,,2023,10
20,424440757,EGUA,,2019,11
20,429930835,ZMP2,,2019,1
20,610039056,ZMH3,,2019,1
20,613008821,EGU1,,2023,1
20,931203434,EP04,,2023,12
20,514444717IN02,EP27,,2023,11
20,613006044,EDE1,,2020,12
20,613004958,EMH6,,2019,12
20,510004449PY02,ELS1,,2023,5
20,931651181,EP28,,2022,12
20,421110143,EUP2,,2022,3
20,420710121,MPIB,,2024,12
20,423330677,ZMHA,,2017,6
20,210210044,EP04,,2022,11
20,611003292,EMHC,,2024,1
20,510000248IN03,ELC1,,2006,12
20,110003492,EP25,,2023,3
20,421111235,EUP2,,2014,11
20,611008269,EGU1,,2017,3
20,424441148,EP16,,2022,6
20,420000375,EOR2,,2019,12
20,420000964,EUT1,,2005,12
20,951021913,EP21,,2017,12
20,423331153,ZJH1,,2018,1
20,420000323,EOR1,,2006,12
20,424440305,EMHA,,2014,12
20,424441078,EDEB,,2021,1
20,110000248,ELW2,,2023,3
20,5177711798X01,ZH01,,2022,8
20,516001935IN01,ELS7,,2024,4
20,421110097,EHR1,,2010,8
20,420000955,BMH2,,2006,4
20,613006628,EGU1,,2019,12
20,610039872,ZMH3,,2018,12
20,210310043,EP18,,2021,11
20,910001431,EP05,,2014,4
20,423331204,ZUP2,,2023,1
20,110002095,EP04,,2024,9
20,610003744,EMHA,,2007,10
20,421111313,ELS1,,2020,5
20,423331050,ZTN1,,2018,1
20,423330800,ELG1,,2022,8
20,931553997,EP09,,2021,12
20,931557780,BI01,,2022,12
20,420270097,EP04,,2011,7
20,424440091,ERA1,,2010,8
20,420004384,EP04,,2021,11
20,610038175,ZAP2,,2016,12
20,420710338,MPIC,,2024,2
20,613004835,EMH3,,2019,12
20,110011293,ELK3,,2025,7
20,210000240,EP01,,2009,12
20,421110122,ERA1,,2020,5
20,423330410,ZBI1,,2011,9
20,423330399,ZGU1,,2011,5
20,424440351,EBI2,,2015,1
20,951022133,ZH01,,2017,12
20,421111569,EJK3,,2014,12
20,421111912,ECH1,,2018,3
20,420000451,EDE1,,2004,4
20,610008838,EMHA,,2012,12
20,110210032,EP16,,2022,1
20,517771082IN01,ZH05,,2025,1
20,510270034IN05,EP04,,2014,12
20,510310757IL01,EP28,,2024,3
20,516000146IN01,ZH01,,2024,2
20,210030305,EP16,,2018,5
20,613006627,EOR1,,2019,12
20,614005850,ZAS1,,2023,12
20,210320089,EP09,,2024,10
20,428880002,ETN1,,2017,3
20,429930498,ZMHA,,2012,8
20,427770222,ZUT1,,2018,12
20,427770069,ZKE1,,2016,4
20,423330293,ZKA1,,2007,12
20,613003517,EMH2,,2019,3
20,420030058,ZMH3,,2005,3
20,424440123,ECN1,,2020,11
20,510010285IN01,EP09,,2017,4
20,514443235IN05,EP16,,2024,4
20,421112411,EP24,,2021,12
20,210030183,ZLC2,,2021,11
20,423331676,ZMP2,,2025,6
20,421110799,EPU2,,2013,10
20,910030089,EMHC,,2024,4
20,421110285,EAP1,,2007,11
20,420500007,LMH2,,2009,12
20,613005060,EMHA,,2020,5
20,423330718,ZUP2,,2025,11
20,421110019,ETN1,,2007,3
20,110000218,ELR1,,2011,12
20,610037268,ZMH3,,2017,5
20,421111941,EMH1,,2023,4
20,310000560,ELW1,,2008,11
20,421111447,EKA1,,2024,9
20,910009060,EP12,,2015,12
20,910000173,EP01,,2004,9
20,514440520IN01,EP16,,2023,10
20,514441541IN02,EP16,,2019,1
20,910030083,EMH1,,2022,10
20,421110509,ECH1,,2006,12
20,423331324,ZDE1,,2017,12
20,510000335MW01,ELC1,,2004,4
20,424440056,EUP2,,2019,10
20,421111093,EAP2,,2016,8
20,510001327IN01,ELC1,,2011,4
20,310030134,ZH01,,2023,2
20,420001437,EMHA,,2012,12
20,490310012,EOR1,,2016,1
20,614002468,ZUP1,,2020,12
20,421112617,EHR1,,2023,3
20,421110384,EJH1,,2009,11
20,492220017,BUP3,,2010,12
20,420030247,ZMP2,,2007,10
20,492220102,BBI1,,2016,4
20,423330016,ZUT1,,2009,9
20,210003171,EP04,,2026,3
20,21U000100179,EU01,,2023,2
20,421111229,EUP1,,2014,11
20,423330411,ZGU1,,2011,9
20,420250239,EP04,,2022,2
20,611001392,EMHA,,2013,4
20,614004174,ZDEB,,2023,12
20,421110286,EOR2,,2006,12
20,420610002,ZAP2,,2019,10
20,420030002,ZMH1,,2005,2
20,422220275,BAP1,,2026,3
20,423330332,ZHR1,,2013,4
20,420020041,BI01,,2020,12
20,610031893,ZMHA,,2009,9
20,420030071,ZBI1,,2006,12
20,510031525IN03,ZH06,,2021,10
20,420690005,ZKE1,,2017,12
20,421110799,EHR1,,2013,7
20,610039512,ZMH3,,2018,12
20,423330561,ZUP2,,2014,10
20,310000534,EP04,,2017,11
20,210003238,EP22,,2024,6
20,421111343,EWB2,,2015,8
20,390000199,EP16,,2023,8
20,421110761,EAS1,,2012,10
20,510009297IN02,ELS1,,2019,6
20,420001686,EP08,,2025,11
20,510010010IN01,EP05,,2008,4
20,421112213,EMH7,,2019,5
20,423331234,ZUP1,,2021,2
20,931550251,EP09,,2022,12
20,931669424,ZH05,,2024,12
20,423331208,ZRA1,,2026,3
20,510002616SN02,ELC1,,2015,10
20,210001400,EP16,,2021,1
20,931450945,EP05,,2019,12
20,510160004IN01,EP02,,2006,9
20,420030035,ZGU1,,2006,11
20,614002402,ZMH3,,2021,12
20,427770226,ZKA1,,2021,10
20,423330762,ZHP1,,2014,12
20,424440468,EP16,,2023,9
20,110000635,ELW1,,2007,12
20,420000615,EMH5,,2009,5
20,428880177,EDEB,,2021,11
20,210002719,EP04,,2024,4
20,110000067,ELC1,,2018,5
20,420360003,EP16,,2022,4
20,590030138IN01,ZLC2,,2012,4
20,110010654,EP09,,2025,5
20,421110821,EOR2,,2013,1
20,510008234IN03,ELS1,,2025,8
20,427770155,ZWBA,,2019,10
20,590000093IN02,EP01,,2008,11
20,510711125CA02,EP04,,2025,9
20,910000602,EP03,,2003,12
20,951021843,EP20,,2016,12
20,210011275,EP22,,2022,9
20,510001522VN02,ELM3,,2012,2
20,423331757,ZMH2,,2025,10
20,210005101,EP22,,2019,12
20,951020060,EP16,,2017,3
20,510360032IN01,EP16,,2021,11
20,910004624,EP06,,2011,12
20,423331098,ZWB1,,2018,9
20,210002104,ELG1,,2022,4
20,428880178,EP16,,2016,12
20,21U000300320,EU01,,2023,1
20,510490170IN03,EP22,,2020,12
20,424441673,EP27,,2025,12
20,110010464,EP09,,2012,12
20,910001678,EP12,,2017,9
20,421110108,EHP1,,2009,3
20,491110034,EHP1,,2004,12
20,510010166IN01,EP09,,2018,7
20,424441024,EUP2,,2025,7
20,427770147,ZAS1,,2019,9
20,420500041,ZMH3,,2011,11
20,420030200,ZOR1,,2007,1
20,424440170,EAP1,,2018,12
20,613007434,EHR1,,2022,1
20,510002856IN02,EP16,,2026,1
20,613004184,EUP1,,2017,12
20,613004360,EUP3,,2018,12
20,423330923,ZMH1,,2016,9
20,420710790,EP04,,2023,2
20,614003196,ZMP2,,2023,3
20,424440799,EMH5,,2016,3
20,421110143,EUP2,,2015,9
20,499920003,EMHA,,2007,12
20,910004050,EP28,,2019,12
20,290000004,EP16,,2026,2
20,614002184,ZMH3,,2020,12
20,210460019,EP04,,2026,1
20,420710634,EP04,,2025,12
20,422220160,EGU1,,2025,10
20,110470628,EP09,,2023,12
20,110000237,ZH08,,2026,3
20,423330391,ZUT1,,2025,6
20,613005370,EUP1,,2020,10
20,420000595,ZKA1,,2019,12
20,42TU01420,TI01,,2025,5
20,613000486,EMHC,,2018,9
20,423330106,ZMH2,,2011,4
20,510031277IN01,ZH06,,2016,12
20,491110083,EMH3,,2009,7
20,491110369,ECN1,,2019,12
20,420000798,ECN1,,2005,12
20,427770210,ZCH1,,2023,8
20,421110124,ECN1,,2020,12
20,421110756,ETN2,,2014,2
20,610039116,ZKE1,,2018,12
20,423330758,ZAS1,,2020,9
20,421110371,EDEB,,2013,12
20,420030093,ZRA1,,2005,11
20,910030089,EUP1,,2024,2
20,420000165,EDE1,,2020,12
20,491110134,EUP3,,2014,7
20,423330180,ZUP1,,2014,1
20,423331085,ZDEB,,2024,5
20,420003805,EP04,,2025,9
20,910001113,BI02,,2004,5
20,423330024,ZWB1,,2019,10
20,421112975,EWB1,,2025,10
20,421111761,EHR1,,2016,5
20,421110064,EPU1,,2008,3
20,491110026,EMH2,,2005,12
20,429990759,EMHA,,2012,11
20,420270126,EP04,,2026,2
20,421110661,ECH1,,2013,12
20,210005307,EP16,,2024,8
20,614006073,ZRA1,,2025,5
20,429930007,ZGUA,,2006,12
20,420007589,EP27,,2021,12
20,931409413,EP09,,2019,12
20,310250058,EP04,,2006,12
20,421110493,EGU1,,2010,2
20,210004567,EP04,,2023,10
20,423331226,ZKE1,,2016,12
20,110011693,ELV5,,2024,9
20,614002685,ZMH3,,2021,12
20,423330044,ZHR1,,2014,10
20,110004626,EP04,,2024,12
20,423331054,ZMH3,,2024,9
20,421111065,EPU1,,2011,12
20,911303880,EP27,,2023,3
20,492220033,ETN2,,2014,7
20,614004726,ZDEB,,2023,12
20,421112211,EMH3,,2020,10
20,421111829,EMP1,,2017,8
20,424441191,EMHC,,2022,11
20,510009953PE01,ELS1,,2017,12
20,590020109IN01,BI01,,2024,10
20,210030015,ZH01,,2014,11
20,429930105,ZP01,,2020,12
20,210310201,EP18,,2021,11
20,421112646,EMH2,,2025,7
20,423330752,ZHP1,,2016,1
20,210230001,EP04,,2009,11
20,510001549TH01,ELC1,,2007,12
20,5144429298X01,EP16,,2017,11
20,429990545,EMHA,,2006,12
20,423331360,ZUP3,,2022,11
20,423330148,ZDE1,,2010,2
20,491110168,EGU1,,2014,12
20,613006695,EWB1,,2021,8
20,424440285,EJK2,,2014,12
20,421112586,EMP2,,2022,3
20,422220014,BTN1,,2013,8
20,110310144,EP18,,2022,1
20,420000242,EHR1,,2004,10
20,210011535,EP04,,2022,6
20,931304666,EP09,,2019,12
20,5944403438X01,EP16,,2023,12
20,516002840IN01,ELL2,,2022,11
20,424440235,EKA1,,2013,9
20,611008116,EHR1,,2017,3
20,491110086,EOR2,,2015,5
20,421112038,EAP1,,2018,1
20,423330475,ZUP2,,2021,1
20,931401371,EP09,,2019,4
20,423331239,ZHR1,,2025,6
20,931459204,EP27,,2023,4
20,421110004,EKA2,,2010,9
20,310020081,BI01,,2020,10
20,491110069,ERA1,,2020,12
20,421111661,EUP1,,2016,10
20,421110495,EMH4,,2009,6
20,424440807,EMHC,,2019,12
20,423330004,ZOR2,,2023,12
20,210010644,EP09,,2025,5
20,421110564,EUP1,,2010,10
20,423331762,ZOR1,,2024,8
20,613005460,EOR1,,2020,12
20,110230015,EP09,,2011,12
20,5100051588X03,ELS5,,2022,6
20,420000647,EUP2,,2020,12
20,420003721,EP04,,2024,12
20,110002141,EP16,,2017,10
20,423330748,ZAS1,,2025,5
20,423330375,ZMHA,,2013,11
20,420500048,ZCH1,,2016,1
20,422220242,BMH5,,2019,4
20,910001113,EP12,,2005,12
20,421111838,EJK2,,2019,8
20,910030088,ZWB1,,2016,12
20,423330899,ZJK1,,2017,7
20,613004045,EMH6,,2019,7
20,424440200,EMP2,,2018,11
20,424440874,EMH2,,2017,1
20,421111212,EUP2,,2014,10
20,421110122,EKA2,,2013,3
20,491110083,EKE1,,2010,12
20,110360031,EP16,,2011,2
20,110011479,EP09,,2024,5
20,424440744,EBI1,,2020,5
20,420003402,ELM3,,2024,9
20,423330623,ZKE1,,2015,5
20,423330333,EP16,,2011,4
20,420000486,EWB2,,2004,4
20,613005949,EMHA,,2019,12
20,423330127,ZOR1,,2013,12
20,911305624,EP09,,2024,3
20,427770062,ZMP1,,2014,11
20,491110132,EUT1,,2017,11
20,110000854,EP11,,2006,12
20,610037840,ZGU1,,2015,12
20,427770113,ZUP2,,2016,12
20,110020180,BI04,,2024,7
20,510000366IN01,ELC1,,2004,11
20,424441215,EBI2,,2019,11
20,610038739,ZUT1,,2016,12
20,493330008,ZMHA,,2015,11
20,210270140,EP04,,2014,9
20,514444878PH01,EP16,,2021,11
20,910000140,EP05,,2002,12
20,210050007,EP01,,2003,12
20,931650581,EP27,,2024,5
20,424440351,EGU1,,2022,3
20,421110096,EHR1,,2013,7
20,421110579,ETN1,,2021,2
20,931654955,EP28,,2024,12
20,423330289,ZAP2,,2015,6
20,951020129,EP19,,2016,12
20,210000853,EP04,,2024,8
20,910000292,EP12,,2011,3
20,424441191,EMH3,,2022,4
20,510310614RU02,EP18,,2024,3
20,423330431,ZUP2,,2012,11
20,423331105,ZDEB,,2019,6
20,424440878,EDEB,,2026,1
20,110030070,ZH01,,2014,8
20,423331550,ZBI1,,2023,10
20,423330841,ZUP3,,2017,4
20,421112907,ERA1,,2024,2
20,421110425,ETN1,,2008,8
20,421110739,EMH3,,2013,11
20,510003575IN01,EP04,,2022,5
20,429991465,EPU1,,2020,12
20,429920042,ELS1,,2022,9
20,110000754,ZH03,,2012,12
20,423330858,ZMH1,,2018,3
20,210005156,EP25,,2025,4
20,420001235,EMHA,,2009,12
20,421111811,EAS1,,2018,4
20,423330147,ZMHA,,2007,1
20,424442133,EMHC,,2026,3
20,491110366,EJK2,,2024,1
20,420030017,ZKA1,,2007,4
20,613007846,EUP1,,2020,12
20,910030089,ZTN1,,2021,7
20,424441704,ETN1,,2023,10
20,423331152,ZOR1,,2017,12
20,421111145,EDEB,,2013,12
20,491110193,EUP3,,2014,12
20,510004007IN02,ELC1,,2010,6
20,310001720,EP28,,2025,11
20,514441098DO02,EP16,,2023,4
20,420006202,EP26,,2023,4
20,421110650,EGU2,,2009,12
20,491110020,EMH2,,2013,5
20,420000479,EUP3,,2019,12
20,610038457,ZOR1,,2016,12
20,951020064,ZH01,,2016,12
20,510030017IN01,ZLL1,,2008,9
20,421110105,EHP1,,2021,2
20,421111385,EDEA,,2021,12
20,931300165,EP09,,2025,8
20,110003499,EP04,,2024,4
20,421111219,EWB2,,2014,12
20,424441915,EBI2,,2025,3
20,423331192,ZDE1,,2019,2
20,610039963,ZKA1,,2018,12
20,614006486,ZJK1,,2025,10
20,421110601,EKE1,,2007,12
20,5944400358X01,EP16,,2019,10
20,110000097,ELM6,,2010,11
20,110000053,ELE1,,2004,4
20,492220015,BAP1,,2010,8
20,427770271,ZKA1,,2021,9
20,110000165,ZLC1,,2023,9
20,424441138,ETN1,,2017,10
20,510004974IN01,EP04,,2021,10
20,423330039,ZRA1,,2006,5
20,423330769,ZGU1,,2019,1
20,423331659,ZCH1,,2024,2
20,980001974,AL01,,2021,12
20,491110019,EUP1,,2011,10
20,423330180,ZMP1,,2009,11
20,427770164,ZDE1,,2025,3
20,210002157,EP22,,2024,3
20,429991467,EWB2,,2020,12
20,110000024,ELS2,,2006,12
20,510031563IN03,ZLM3,,2023,9
20,420000831,EMP2,,2005,11
20,210230046,EP26,,2024,10
20,210010168,EP05,,2004,12
20,421110758,EUT1,,2010,8
20,210004702,EP04,,2026,2
20,951010078,ZH05,,2014,12
20,514440838SN01,EP16,,2016,5
20,421110589,ERA1,,2011,1
20,421112363,EUP2,,2023,8
20,110000047,ELO1,,2014,12
20,110010053,EP06,,2006,10
20,110000074,EP16,,2024,10
20,931454648,EP27,,2022,5
20,423331613,ZAP1,,2022,12
20,424440081,EBI2,,2012,3
20,429991546,EAP1,,2024,12
20,420710079,MPIB,,2016,12
20,420710439,MPIB,,2017,12
20,510031010IN01,ZLS1,,2017,7
20,424440489,EKE1,,2017,1
20,421110575,EMH6,,2013,5
20,910014115,EP04,,2024,10
20,423330395,ZWB1,,2013,9
20,910015855,EP28,,2025,8
20,310010035,EP09,,2013,2
20,423331743,ZHR1,,2025,4
20,931666327,BI01,,2025,10
20,310000417,ZLS2,,2022,6
20,614005729,ZGU1,,2025,2
20,31U000000025,EU01,,2024,6
20,492220054,BDE1,,2019,12
20,210005022,EP04,,2024,6
20,911304705,EP26,,2023,2
20,424440355,EMH2,,2014,12
20,931201894,EP22,,2021,6
20,514440735IN08,EP16,,2025,8
20,427770042,ZMH1,,2018,4
20,423330272,ZMP1,,2008,6
20,420002172,EP10,,2017,11
20,613009058,EWB1,,2023,2
20,429931102,ZAS1,,2024,5
20,510710933CA02,EP04,,2025,4
20,210030171,ZH01,,2022,7
20,421112399,ELM9,,2020,12
20,421111083,EMP1,,2014,3
20,423330408,ZRA1,,2011,9
20,423330876,ZTN1,,2016,6
20,613000266,EWB2,,2016,12
20,510002583KZ01,EP01,,2010,11
20,424440031,EWB1,,2009,1
20,421110477,EMH1,,2009,1
20,423330231,ZUP1,,2011,11
20,421110203,EMH2,,2012,12
20,420030133,ZAS1,,2005,6
20,613006465,EGU1,,2019,12
20,611007409,EMHA,,2015,12
20,421110501,EOR2,,2009,2
20,910000477,EP06,,2002,12
20,427770128,ZBI1,,2024,3
20,915005336,EP27,,2025,9
20,931200500,EP09,,2018,9
20,590350080IN01,BI01,,2024,3
20,429990143,ELC1,,2010,12
20,590020195IN02,BI01,,2016,2
20,421110478,EKA2,,2017,2
20,428880167,EGU1,,2018,12
20,931302109,EP09,,2025,11
20,423330093,ZDE1,,2014,3
20,421111007,EBI2,,2016,12
20,210000697,ELW1,,2010,10
20,510020130IN01,BI01,,2022,8
20,5144429708X01,EP16,,2025,4
20,420001424,EHP1,,2020,12
20,421110598,EMHA,,2012,12
20,421110730,EPU2,,2011,1
20,614000136,ZAP1,,2017,12
20,510230027IN03,EP04,,2011,1
20,421110117,EWB2,,2016,2
20,421110880,EPU2,,2015,9
20,421111436,EMH2,,2022,8
20,210004709,EP04,,2025,7
20,423330092,ZRA1,,2007,7
20,910000576,EP01,,2002,12
20,427770155,ZMH1,,2018,5
20,516001766IN01,EP04,,2021,9
20,421110949,EDEB,,2020,8
20,421110991,EUT1,,2013,12
20,421110502,EBI2,,2007,12
20,427770182,ZOR1,,2022,11
20,110020163,BI01,,2020,7
20,423331661,ZMP2,,2024,9
20,110003218,ZH01,,2018,1
20,951021605,EP23,,2015,12
20,514443260IN04,EP16,,2018,12
20,210000406,ELS1,,2024,6
20,614006640,ZKE1,,2025,11
20,423331332,ZKA1,,2024,8
20,614000379,ZMP2,,2020,4
20,492220031,BMHA,,2009,8
20,422220113,BDE1,,2017,1
20,910015349,EP22,,2022,12
20,613007455,EMP2,,2022,1
20,427770178,ZUP2,,2018,9
20,613007863,EPU2,,2021,12
20,421110339,EKA2,,2009,12
20,423330674,ZGU1,,2021,10
20,420000784,EAP1,,2006,1
20,110470153,EP09,,2025,9
20,421110405,EUP1,,2007,12
20,420002257,EP04,,2024,7
20,210002020,EP16,,2022,5
20,421110953,EKA2,,2016,9
20,614004975,ZDE1,,2023,12
20,510521298GB01,EP22,,2024,1
20,210011949,EP09,,2022,3
20,91U000000790,EU01,,2014,12
20,424441189,EP16,,2026,3
20,910000713,EP06,,2004,5
20,510030154IN06,ZLM3,,2017,5
20,491110047,EMP2,,2011,8
20,110001779,EP16,,2013,9
20,424440012,EUT1,,2016,2
20,422220352,BI01,,2023,12
20,614004965,ZUP2,,2023,12
20,424440061,EAP2,,2013,6
20,613007888,EMH5,,2020,12
20,613003921,EKE1,,2017,12
20,421110086,EMH1,,2007,2
20,420030076,ZP01,,2022,7
20,510004370IN01,ELW1,,2008,12
20,613005185,EDEB,,2018,12
20,110020287,BI04,,2020,12
20,423330388,ZUP2,,2012,8
20,613006551,EDEB,,2021,6
20,110000124,ELW1,,2024,12
20,510003838IN03,EP04,,2025,2
20,594440089SN01,EP16,,2022,6
20,610039441,ZGU1,,2019,4
20,5144438468X01,EP16,,2022,10
20,610039042,ZMH1,,2018,12
20,42TU00065,TILD,,2019,7
20,424441862,EOR2,,2021,12
20,310000268,EP04,,2003,12
20,614002630,ZHR1,,2023,1
20,613004850,EBI2,,2019,12
20,514442631IN03,EP16,,2024,10
20,420007172,ELR3,,2024,11
20,210003226,EP04,,2022,1
20,423330081,ZWB1,,2014,8
20,931559308,EP05,,2023,12
20,421110817,EGU1,,2015,6
20,614003575,ZUP3,,2021,12
20,421111026,EMHA,,2020,12
20,429930956,ZAS1,,2021,12
20,910470002,EP05,,2022,12
20,421110114,EUP3,,2008,6
20,423331243,ZMHA,,2021,8
20,611005786,EMHA,,2014,12
20,110000708,EP10,,2019,6
20,910008932,EP10,,2018,8
20,210001927,EP10,,2019,10
20,423331094,ZAP2,,2020,7
20,614006160,ZKA1,,2025,6
20,420030044,ZHR1,,2004,4
20,491110150,EMH5,,2014,7
20,421111753,EMH4,,2016,12
20,110000542,EP04,,2013,4
20,611003256,EGU1,,2016,12
20,420008128,EPCA,,2025,12
20,610035647,ZMP1,,2017,3
20,613006435,EWB3,,2021,6
20,424441301,EP16,,2019,6
20,423331106,ZOR1,,2020,3
20,423330176,ZDEB,,2019,6
20,610020017,BMHA,,2006,2
20,980001262,EP22,,2020,12
20,614003126,ZAP2,,2022,12
20,210310108,EP18,,2011,3
20,420004105,EP04,,2025,5
20,423330385,ZHR1,,2015,7
20,951010347,EP09,,2016,11
20,420500053,ZDE1,,2019,12
20,610039974,ZDEB,,2017,12
20,421110066,EUP1,,2014,12
20,420005233,EP04,,2022,12
20,421111275,EKA1,,2018,6
20,423330703,ZAS1,,2013,12
20,613007032,EAP1,,2020,12
20,590350071IN01,BI01,,2024,7
20,210002484,EP04,,2023,8
20,427770014,ZUT1,,2023,1
20,931200152,EP09,,2016,12
20,210470242,EP09,,2022,4
20,42U027000059,EU01,,2025,1
20,510003457AZ01,ELS1,,2010,11
20,421110311,EUP1,,2014,7
20,420030033,ZMH1,,2004,9
20,514445062TZ01,EP16,,2026,3
20,423330432,ZKA1,,2017,8
20,980003201,EP27,,2021,12
20,110001047,ZLC1,,2019,12
20,510003205IN01,EP04,,2025,7
20,423330686,ZAP2,,2019,11
20,210000416,ELC1,,2004,11
20,491110014,EMH1,,2007,2
20,420710599,EP04,,2025,1
20,421110589,EJK2,,2020,11
20,614005267,ZMHA,,2024,11
20,424440260,EMH2,,2012,1
20,910013603,EP18,,2021,12
20,110002216,ZH05,,2022,5
20,421110415,EOR2,,2009,12
20,51UMS0000006US01,EU01,,2024,9
20,429931113,ZWB1,,2022,12
20,423331171,ZMH2,,2019,6
20,110011331,EP09,,2025,10
20,421110476,EOR2,,2008,8
20,490000040,EMHA,,2007,9
20,510360046IN03,EP16,,2024,11
20,423330004,ZAS1,,2009,7
20,421110730,EMP1,,2011,8
20,610036848,ZBI1,,2018,11
20,420000249,EWB2,,2007,1
20,931405914,BI01,,2020,12
20,510008743IN01,ELL2,,2025,1
20,424441916,EKE1,,2024,5
20,421110131,ERA1,,2006,12
20,171,EEXP,,2023,12
20,423330281,ZP01,,2021,12
20,424440821,EWB1,,2021,5
20,423330306,ZMH2,,2013,12
20,931301782,EP18,,2019,8
20,420006598,EP26,,2025,6
20,610002850,EMHA,,2008,12
20,514440076IN06,EP16,,2022,3
20,510001497IN01,ELS1,,2005,12
20,420730235,MNP2,,2025,2
20,423330885,ZOR1,,2015,12
20,420650085,EP07,,2019,12
20,421110643,EMH6,,2013,5
20,424441466,EAP1,,2019,7
20,423331487,ZUP1,,2023,1
20,423330290,ZMP1,,2010,10
20,614004198,ZUP1,,2024,2
20,421112038,ETN1,,2018,8
20,613005650,EMHC,,2021,7
20,110003111,EP16,,2018,12
20,424440055,EMH3,,2014,5
20,420001174,EMH2,,2007,6
20,514443260IN01,EP16,,2022,8
20,421111324,EKE1,,2014,12
20,423330200,ZPU1,,2007,3
20,421111362,ETN1,,2019,7
20,110000054,ZLC1,,2025,12
20,510030312IN01,ZLM3,,2013,9
20,515550262IN01,EP16,,2024,2
20,910003819,EP22,,2017,10
20,110001220,EP04,,2023,1
20,510710052IN06,EP04,,2024,5
20,493330059,ZMH2,,2014,4
20,510270168IN03,EP04,,2024,7
20,390000061,EP13,,2005,12
20,424441200,EAS1,,2022,7
20,423330163,ZMH2,,2012,12
20,510522484PL01,EP22,,2026,3
20,421111018,EKA1,,2013,11
20,420500018,ZAS1,,2014,8
20,510002323IN01,ELI1,,2005,12
20,931655891,EP05,,2025,3
20,423330022,ZMHA,,2008,7
20,110000306,ELM3,,2008,12
20,427790094,ZCN1,,2020,5
20,424440999,EUP3,,2022,8
20,421110463,EMH4,,2008,8
20,610038550,ZCH1,,2018,6
20,614006240,ZMP2,,2023,12
20,190080003,EP01,,2006,10
20,210006583,EP04,,2024,4
20,613008874,EDEB,,2022,12
20,110001173,EP16,,2010,12
20,931401211,BI01,,2021,12
20,423330180,ZMH2,,2009,12
20,516001442IN01,ELG3,,2025,3
20,613006064,EUT1,,2019,12
20,11UMS0000001,EU01,,2024,9
20,421110814,EMH3,,2011,8
20,420000717,ETN1,,2002,12
20,493330007,ZCH1,,2019,12
20,910001265,EP12,,2016,12
20,420003850,EP04,,2016,9
20,423330081,ZBI1,,2008,6
20,110000008,ELM6,,2020,5
20,210002023,EP16,,2025,5
20,420000290,EUT1,,2005,6
20,420000763,EMHA,,2005,12
20,421112007,EDEB,,2025,11
20,590000561IN02,ELG1,,2015,1
20,421111094,EBI2,,2017,4
20,420500048,LCH1,,2015,12
20,110000453,EP01,,2009,9
20,510030995IN01,ZLC1,,2023,6
20,613009103,EKA3,,2022,12
20,910005015,EP04,,2013,7
20,610037122,ZMHA,,2015,12
20,423330179,ZMH1,,2007,5
20,491110058,BJH1,,2014,6
20,421110357,EMH5,,2006,12
20,614006219,ZAP2,,2023,12
20,421112554,EDE1,,2024,2
20,423330248,ZBI1,,2018,11
20,613011304,EMHC,,2024,6
20,613000639,EMH7,,2018,4
20,613006954,EWB3,,2020,12
20,491110278,ERA1,,2018,6
20,980000777,EP18,,2019,12
20,421110087,EGU2,,2006,8
20,910002689,EP12,,2012,12
20,421112966,EHR1,,2023,12
20,613005114,EGU1,,2019,12
20,910000169,EP11,,2025,3
20,420030202,ZDE1,,2007,3
20,931459809,EP27,,2025,7
20,428880236,EP16,,2025,11
20,110001084,EP07,,2005,12
20,613003819,EMH5,,2019,6
20,421111884,EMH7,,2017,8
20,493330037,ZDE1,,2010,8
20,421111537,EMH4,,2020,11
20,110002607,EP04,,2025,1
20,910030093,ZUP1,,2019,4
20,310003707,EP09,,2024,12
20,613004562,EAS1,,2017,12
20,110000004,ELS2,,2005,9
20,421111228,EAP1,,2014,12
20,110003671,EP20,,2019,12
20,614003943,ZHR1,,2022,12
20,420000221,BI03,,2004,12
20,310001267,EP16,,2022,7
20,421110379,EMH2,,2005,12
20,423330135,ZMHA,,2005,12
20,613005123,EAS1,,2019,12
20,951021093,EMHC,,2016,12
20,910000047,EP06,,2006,12
20,310000585,EP04,,2025,6
20,614005826,ZJH1,,2024,12
20,610035293,ZMHA,,2015,7
20,421112569,EBI2,,2023,5
20,421110953,EDE1,,2025,7
20,424440047,EKA2,,2019,12
20,110250251,EP04,,2009,7
20,610036317,ZDE1,,2016,12
20,613012357,EDEB,,2023,12
20,421110988,EMP2,,2021,4
20,420000239,EDE1,,2006,4
20,420000706,EBI1,,2005,6
20,110001480,ZLB1,,2025,9
20,429991324,EMHC,,2020,12
20,910013670,EP18,,2019,12
20,424440019,EDE1,,2011,9
20,110000516,ELC1,,2004,12
20,424441012,EUP3,,2016,12
20,420000066,EMH1,,2005,9
20,421110106,ERA1,,2010,7
20,424440799,EMHA,,2016,7
20,423330012,ZTN1,,2014,1
20,422220008,BKA1,,2007,7
20,423331111,ZKE1,,2021,12
20,428880198,EMH3,,2018,12
20,423330780,ZMHA,,2019,7
20,510009345GB07,EP04,,2024,3
20,493330068,ZUP2,,2014,8
20,514440501IN02,EP16,,2019,10
20,516003511ZM01,EP28,,2021,12
20,424441699,EAS1,,2021,12
20,931600810,EP22,,2020,10
20,427770237,ZBI1,,2021,7
20,424440045,EMH3,,2013,1
20,911303042,EP09,,2022,12
20,210005239,ELS1,,2026,3
20,910000213,EP08,,2002,12
20,910001020,EP07,,2003,12
20,910004844,EP12,,2015,6
20,423330581,ZWB1,,2016,1
20,491110331,ECH1,,2017,7
20,210020016,BI01,,2009,11
20,510009405PE03,EP04,,2022,2
20,421110507,EUP3,,2021,2
20,420500065,ZAP1,,2012,11
20,510230053IN01,EP04,,2010,11
20,423331031,ZHR1,,2019,4
20,516000978IN01,EP04,,2024,1
20,910310065,EP28,,2024,2
20,429930367,ZOR1,,2015,12
20,951010162,EP22,,2014,12
20,492220014,BAP1,,2011,1
20,427770152,ZDEB,,2018,7
20,424440015,EUP2,,2011,1
20,210010049,EP09,,2009,7
20,491110009,EPU1,,2007,8
20,420490402,EP22,,2025,12
20,210000993,ELS1,,2025,11
20,421110441,EKA1,,2020,12
20,910011205,EP09,,2024,8
20,423330249,ZRA1,,2018,12
20,614001368,ZAP1,,2021,6
20,931205765,EP22,,2024,9
20,613006189,EKA1,,2020,12
20,421111303,EKE1,,2019,12
20,424441149,EEXP,,2025,7
20,614006877,ZCH1,,2026,1
20,421111737,EUP3,,2015,12
20,110000652,EP01,,2009,12
20,421110407,EKA1,,2008,9
20,514441480PY03,EP16,,2024,4
20,492220037,BMP2,,2010,1
20,423330717,ZOR1,,2021,7
20,427770029,ZJH1,,2016,8
20,190000214,EP16,,2024,12
20,421110818,EWB1,,2017,12
20,613005504,EMH7,,2019,12
20,110000731,ELC1,,2007,5
20,610000157,EMHA,,2012,7
20,951010252,BI03,,2015,12
20,420000157,EMH2,,2019,12
20,423330301,ZRA1,,2009,2
20,424440005,EHR1,,2009,6
20,423331086,ZUP1,,2025,9
20,613013249,EMHC,,2026,2
20,110002576,EP16,,2016,10
20,429930621,ZDEB,,2017,3
20,421110331,EKA1,,2008,5
20,424440055,EBI2,,2016,5
20,611008675,EUP3,,2017,3
20,424440638,EAS1,,2016,12
20,423330608,ZMP1,,2014,7
20,614001530,ZMH2,,2019,12
20,110000023,EP07,,2014,12
20,420000823,EP04,,2025,6
20,614001943,ZDE1,,2021,12
20,421110802,EUP2,,2015,10
20,424441789,EKE1,,2023,1
20,610003122,EMHA,,2004,12
20,510001811IN01,ELO1,,2002,12
20,613007341,EMH5,,2022,1
20,310030041,ELT1,,2017,11
20,931407356,EP04,,2022,7
20,110000912,EP16,,2012,1
20,310000964,EP16,,2015,11
20,210020013,BI01,,2020,5
20,51U000000092US05,EU01,,2024,4
20,420100104,EP04,,2025,5
20,422220054,EJK3,,2016,12
20,423331102,ZOR1,,2024,12
20,910001294,EP09,,2017,12
20,424441551,EBI2,,2021,7
20,611008554,EOR2,,2015,12
20,210001649,EP10,,2010,11
20,310030266,ZLM3,,2022,2
20,951020595,BI01,,2021,12
20,423330521,ZKA1,,2013,9
20,110003110,EP16,,2023,8
20,210004351,ELM9,,2025,8
20,613007375,ERA1,,2022,1
20,421112007,EAP1,,2019,5
20,310002969,EP04,,2020,12
20,110000224,EP02,,2012,2
20,514440059IN05,EP16,,2024,4
20,423330104,ZMH2,,2010,10
20,420000359,EGU1,,2006,6
20,423330082,ZUT1,,2017,2
20,515550080IN01,EP16,,2009,8
20,510310035IN01,EP18,,2022,11
20,494440003,EMH2,,2014,12
20,421111093,EAP1,,2015,2
20,491110182,ERA1,,2012,11
20,423331737,ZUP2,,2025,10
20,420000851,ECN1,,2006,3
20,421112254,EMH3,,2019,10
20,614003789,ZMHA,,2022,12
20,510001623IN02,ELC1,,2004,11
20,611005077,ECH1,,2015,12
20,427770015,ZOR1,,2012,12
20,210120045,EP01,,2006,2
20,931403951,EP04,,2019,5
20,420210004,EP04,,2023,8
20,423331202,ZCH1,,2025,7
20,423330721,ZHR1,,2023,8
20,421112367,ELW2,,2018,12
20,421110808,EMP2,,2023,7
20,514440276IN01,EP16,,2021,12
20,110001474,ELW2,,2022,7
20,421110641,EAS1,,2013,12
20,427770209,ZWB1,,2024,8
20,421113012,EBI2,,2024,9
20,611004580,EMHA,,2015,7
20,424441216,EHR1,,2020,9
20,420030020,ZAP1,,2005,2
20,427770015,ZH01,,2019,12
20,427770150,ZMP2,,2023,8
20,421111846,EPU1,,2015,12
20,420000158,EMH5,,2005,12
20,421111067,EKA2,,2013,2
20,420001404,EAP2,,2021,2
20,517770593IN01,ZH05,,2015,12
20,427770026,ZAS1,,2013,2
20,424440008,EMH5,,2011,8
20,420000404,EWB1,,2020,12
20,427770136,ZHR1,,2023,5
20,424441026,EKA3,,2020,12
20,422220007,BKE1,,2006,5
20,420000283,ETN1,,2005,5
20,611008443,EAS1,,2016,12
20,424440015,EAP2,,2010,4
20,429930420,ZTN1,,2017,8
20,310000903,EP16,,2018,1
20,516003389BW01,EP04,,2024,6
20,420001316,EP04,,2022,4
20,420000298,EGU1,,2005,8
20,610039831,ZJK1,,2017,12
20,422220026,EMH1,,2013,3
20,5144438648X01,EP16,,2019,9
20,423331107,ZUP3,,2024,9
20,210030085,EP16,,2025,7
20,424441203,EUP2,,2019,3
20,424440041,EOR2,,2014,3
20,110000813,EP10,,2010,7
20,421112371,EJK2,,2022,10
20,427790036,ZH01,,2023,7
20,613007189,EKA3,,2021,12
20,424441187,ECH1,,2016,12
20,424440050,EMHA,,2017,5
20,110002315,EP04,,2014,4
20,429930634,ZWB1,,2018,3
20,611001748,EMHC,,2021,11
20,423331459,ZUP1,,2023,3
20,420520110,EP18,,2020,1
20,514443005LK01,EP16,,2025,1
20,517771147BF01,ZH05,,2024,11
20,210001451,EP10,,2009,12
20,421110063,ERA1,,2010,1
20,421111636,EMH3,,2021,3
20,491110367,EMHC,,2023,6
20,424441083,EAP1,,2018,10
20,110011250,EP09,,2024,11
20,420520538,EP18,,2021,12
20,110001470,ZLC1,,2026,1
20,910310302,EP18,,2019,12
20,110000025,ELM3,,2004,4
20,610007165,EMHA,,2007,12
20,516002027IN01,EP22,,2022,2
20,420000325,EHP1,,2007,12
20,510030143IN03,ZLC1,,2025,9
20,510310127IN06,EP18,,2020,12
20,421112057,EMH1,,2021,7
20,516002236IN01,EP26,,2024,10
20,420000782,EMP2,,2021,2
20,421111298,EMP2,,2025,1
20,310010075,EP09,,2026,3
20,613005385,EKA1,,2019,12
20,420001039,EP04,,2024,10
20,421112564,EMH2,,2023,9
20,423331162,ZHR1,,2022,2
20,423331572,ZAP1,,2020,12
20,423330284,ZUP1,,2011,2
20,613007107,EMH7,,2021,12
20,951020742,EMHC,,2017,5
20,422220285,BWB1,,2024,12
20,427770036,ZKA1,,2015,12
20,931401503,EP09,,2023,3
20,210010207,EP05,,2024,12
20,424440013,ECH1,,2009,3
20,611007374,EDEB,,2015,12
20,613005276,EUT1,,2020,8
20,421110945,EDE1,,2019,10
20,427770215,ZWBA,,2020,8
20,931601101,EP22,,2023,8
20,210010913,EP09,,2022,4
20,420310384,EP18,,2023,7
20,931558720,EP22,,2023,12
20,613004384,EJH1,,2017,12
20,110001712,ELM5,,2009,12
20,421112952,EMHC,,2025,3
20,423331121,ZBI1,,2025,2
20,420000027,EJK2,,2003,12
20,110610031,ZH05,,2020,8
20,424440923,EEXP,,2021,2
20,422220009,EP04,,2019,11
20,420000385,EMH4,,2004,12
20,210001915,EP16,,2012,12
20,510710397IN02,EP04,,2023,4
20,423331185,ZRA1,,2025,6
20,210011692,EP10,,2018,9
20,429930999,ZMP1,,2023,1
20,51U000000250US01,EU01,,2016,12
20,110000544,EP07,,2018,12
20,916000011,EP05,,2016,12
20,910014898,EP12,,2021,3
20,421110577,EKA2,,2009,12
20,421111198,EOR1,,2017,2
20,110002375,EP04,,2013,9
20,611004812,EDE1,,2016,12
20,424440235,EKA2,,2014,10
20,210010979,EP04,,2018,12
20,424440758,EUP2,,2016,6
20,420030203,ZTN1,,2019,12
20,951020902,BI04,,2016,12
20,931458606,EMHC,,2021,12
20,421110438,EMH5,,2011,12
20,427770059,ZJK1,,2016,12
20,210006175,EP22,,2025,8
20,110310152,EP18,,2020,12
20,613004805,EJK2,,2020,3
20,310000216,ELC1,,2010,10
20,423330722,ZMHA,,2022,7
20,613005356,EDEB,,2018,12
20,421112497,EJK2,,2021,9
20,510522186IE01,EP04,,2024,8
20,613007033,EWB1,,2020,12
20,190030006,ZLC2,,2015,6
20,491110068,EWB1,,2014,3
20,427770118,ZUP2,,2016,3
20,910000054,EMHA,,2002,12
20,110000701,EP07,,2005,6
20,422220004,BPU1,,2008,5
20,514443714IN04,EP16,,2024,8
20,110001913,EP04,,2025,3
20,421112919,ETN1,,2025,7
20,424441165,ETN2,,2021,2
20,420710040,MPIC,,2019,9
20,210010514,EP11,,2008,6
20,931402751,EP09,,2020,1
20,421111536,EMH2,,2024,9
20,424440133,EP16,,2008,12
20,421112532,ECH1,,2019,12
20,427770038,ZAS1,,2017,10
20,424440075,EAP1,,2013,9
20,420030031,ZWB1,,2007,10
20,423331644,ZHR1,,2024,10
20,422220153,EMH4,,2019,12
20,510030431IN01,ZLC1,,2006,12
20,423331474,ZUP1,,2020,12
20,423330009,ZHP1,,2012,2
20,429930028,ZJH1,,2018,3
20,610037737,ZMHA,,2016,12
20,427770088,ZMH2,,2018,4
20,515550014IN02,EP16,,2014,8
20,421110396,EUP3,,2007,9
20,910001638,EP06,,2003,12
20,422220001,BDE1,,2010,1
20,423330328,ZOR1,,2011,2
20,110000584,EP01,,2005,12
20,421110735,EBI1,,2012,8
20,614005586,ZCH1,,2024,12
20,420030184,ZMH2,,2006,3
20,424440129,EBI2,,2013,6
20,190000001,ZLC1,,2025,9
20,429930242,ZMHA,,2018,3
20,614004486,ZAS1,,2024,4
20,590020296IN01,BI01,,2017,12
20,424440603,EKA1,,2017,5
20,421110874,EDEA,,2016,12
20,420005154,EP24,,2022,2
20,110000988,EP04,,2023,12
20,420000385,EUT1,,2005,12
20,510007142IN04,EP10,,2019,3
20,423330669,ZMP1,,2016,7
20,424441079,EMH1,,2023,4
20,310002348,EP25,,2023,12
20,514442855IN03,EP16,,2021,10
20,517770185IN01,ZH01,,2025,5
20,613002790,EMHC,,2017,12
20,420030003,ZMH3,,2019,12
20,110011251,EP09,,2018,1
20,613006656,EOR1,,2019,12
20,421112994,EMH2,,2025,12
20,421112510,ECH1,,2020,12
20,310000456,ELM6,,2017,12
20,420000154,EGU1,,2006,9
20,210010650,EP01,,2008,5
20,421110332,EMP2,,2009,11
20,510490351IN02,EP22,,2024,9
20,424440881,EWB2,,2021,2
20,423330387,ZCH1,,2012,8
20,420001085,EMP2,,2007,11
20,610035796,ZUP2,,2016,12
20,423330175,ZHP1,,2011,9
20,514441092DO03,EP16,,2025,11
20,421112490,EKE1,,2021,7
20,510031093IN04,ZLC1,,2022,9
20,610036083,ZDEB,,2016,12
20,310001096,ELC1,,2014,12
20,21U000300073,EU01,,2025,2
20,514444541IN01,EP16,,2025,2
20,110000002,ELC1,,2005,5
20,594440331IN01,EP16,,2015,11
20,110002930,EP16,,2020,11
20,423330114,ZMH2,,2014,9
20,420310310,EP18,,2018,12
20,420030241,ZBI1,,2006,11
20,420310329,EEXP,,2023,11
20,613012818,EJK2,,2025,4
20,190000151,ELG1,,2015,6
20,421111448,EMH5,,2015,12
20,210210006,EP04,,2024,10
20,423331243,ZMH3,,2019,9
20,421112857,EKE1,,2024,6
20,610003760,EMHA,,2005,12
20,427770040,ZH01,,2019,1
20,420006337,EP04,,2021,9
20,614007035,ZBI1,,2024,12
20,590020085IN05,BI01,,2026,3
20,423330033,ZPU1,,2007,6
20,610034021,ZDEB,,2017,3
20,931600290,EP09,,2019,2
20,424441767,ETN1,,2022,12
20,423330894,ZAS1,,2016,4
20,210002157,EP22,,2025,3
20,510005208IN01,ELS1,,2022,2
20,210005912,EP04,,2022,6
20,424441192,EKA1,,2023,1
20,420000527,EPU1,,2021,2
20,910000656,BI01,,2004,5
20,429930708,ZBI1,,2017,8
20,915006137,ZH05,,2025,4
20,424440974,EEXP,,2023,12
20,420001427,EP08,,2024,12
20,110001851,EP25,,2017,12
20,614002835,ZBI1,,2022,12
20,610037632,ZWB1,,2016,12
20,210001399,EP16,,2019,5
20,421113009,ETL1,,2024,10
20,421111319,EOR1,,2017,12
20,423331669,ZUP2,,2024,9
20,421110145,ETN1,,2007,11
20,423330577,ZJK1,,2015,8
20,613006004,EHR1,,2019,12
20,421111941,EAP1,,2019,6
20,422220241,BMP2,,2020,6
20,210470559,EP05,,2025,10
20,510490189IN04,EP22,,2022,3
20,423330657,EP16,,2025,10
20,420001204,ECN1,,2020,12
20,421111830,EDE1,,2025,5
20,429991270,EMHC,,2018,10
20,42TU00437,TILE,,2024,3
20,424440566,EP16,,2023,2
20,421110467,EMH3,,2010,2
20,421110945,EUP3,,2025,4
20,614005340,ZWBA,,2023,12
20,510711034CA01,EP04,,2021,12
20,931657580,ZH05,,2025,4
20,490000024,ECN1,,2005,12
20,910016985,EP09,,2023,12
20,910009850,ZH05,,2024,4
20,910001449,EP06,,2003,12
20,423330600,ZAP2,,2023,4
20,51UCP0000005US01,EU01,,2024,4
20,423331582,ZAS1,,2020,12
20,492220089,BUP3,,2015,11
20,614003572,ZTN1,,2023,7
20,510030770IN01,ZLS3,,2014,12
20,421110949,EMP2,,2023,12
20,310000067,ZH05,,2025,9
20,492220003,BMH1,,2013,4
20,423330525,ZWB1,,2016,6
20,424441024,EMH4,,2017,2
20,110002078,EP16,,2023,7
20,421110592,EMHA,,2020,12
20,613013105,EMH3,,2025,9
20,424441024,EUP1,,2023,6
20,590020193IN01,BI01,,2023,5
20,429930757,ZAP2,,2020,12
20,421110953,EKA2,,2014,12
20,510007508GH01,ELS1,,2025,5
20,427770238,ZWB1,,2021,12
20,421112326,EJK2,,2021,3
20,424440075,EBI3,,2010,12
20,110000203,ELE2,,2008,11
20,424440975,EOR1,,2019,1
20,510001015IN01,ELO1,,2006,1
20,611002059,EMHA,,2013,1
20,610030510,ZMHA,,2003,12
20,613003437,ETN1,,2019,3
20,421111514,EDEB,,2018,12
20,427770236,ZAS1,,2019,9
20,423330029,ZPU1,,2010,3
20,420520668,EP27,,2026,3
20,424440967,EMH2,,2020,11
20,421110900,EMHA,,2010,12
20,422220008,BMH2,,2015,4
20,490000067,EEXP,,2018,12
20,110000670,ZH06,,2023,8
20,614000161,ZOR1,,2019,12
20,423330754,ZGU1,,2015,5
20,5100098418X01,ELS1,,2022,4
20,110000195,ELM4,,2003,12
20,423330538,ZMH2,,2014,3
20,310001880,ZH03,,2015,11
20,951020191,EP08,,2015,12
20,423330420,ZMP1,,2011,7
20,210004624,EP04,,2024,8
20,110002045,EP27,,2024,12
20,210012237,ELI3,,2025,6
20,110030034,ZH06,,2025,11
20,423331052,ZKE1,,2021,7
20,110001112,EP04,,2011,12
20,516002305BY01,EP04,,2025,6
20,951020710,EP06,,2016,12
20,590020152IN01,BI01,,2025,1
20,310001418,EP04,,2021,11
20,427770149,ZJK1,,2019,4
20,423331116,ZTN1,,2024,7
20,424440048,EWB2,,2013,12
20,42U025000026,EU01,,2017,8
20,421111317,EMH2,,2016,10
20,951021113,ZH03,,2017,4
20,951022204,BI01,,2019,12
20,910001184,EP18,,2020,6
20,514443284IN01,EP16,,2024,1
20,423330353,ZDE1,,2011,10
20,310610011,ZH03,,2019,11
20,420000466,EMHA,,2005,9
20,514443125IN01,EP16,,2020,12
20,510001299IN01,ELM4,,2007,11
20,423330023,ZTN1,,2011,5
20,421110372,EPU2,,2009,10
20,427770011,ZAP2,,2022,8
20,422220164,EMH5,,2014,12
20,424441082,EMH2,,2019,6
20,110270093,EP04,,2022,9
20,422220160,EKE1,,2024,10
20,424440032,EBI2,,2012,6
20,610037546,ZCH1,,2017,7
20,210470695,EP05,,2025,12
20,610037672,ZMHA,,2016,12
20,423330807,ZUT1,,2017,6
20,421111044,EGU1,,2012,12
20,421110603,EMH5,,2012,4
20,514440990SN01,EP16,,2017,11
20,420000600,EUP1,,2006,10
20,910020221,BI01,,2021,2
20,310002607,EP04,,2025,9
20,931100112,EP16,,2012,12
20,614000403,ZMHA,,2019,12
20,424440372,EP16,,2024,4
20,421110576,EDE1,,2012,5
20,110310144,EP11,,2020,12
20,614002706,ZKE1,,2020,12
20,110100011,EP04,,2023,11
20,421112619,EMH3,,2024,2
20,420007036,EP04,,2023,8
20,424440123,EMH1,,2017,7
20,614006681,ZJH1,,2025,12
20,613004991,EMHA,,2018,12
20,423330401,ZCH1,,2018,12
20,421111284,EAP3,,2017,12
20,423330086,ZBI1,,2007,8
20,423330145,ZTN1,,2004,12
20,423330561,ZDE1,,2014,8
20,423330369,ZAP2,,2019,12
20,610039433,ZJK1,,2017,12
20,510020510IN01,BI01,,2025,2
20,932000028,EP09,,2022,6
20,614000614,ZDEB,,2018,12
20,514440568IN04,EP16,,2023,1
20,110002214,EP04,,2012,6
20,423331818,ZAP1,,2025,12
20,310000455,EP07,,2020,11
20,423331031,ZMP2,,2017,12
20,310001018,EP16,,2016,6
20,110000622,EP03,,2008,12
20,931453024,EP04,,2022,8
20,110270123,EP04,,2025,3
20,421111994,EJH1,,2019,7
20,931455842,EP22,,2022,12
20,110000516,ZH05,,2022,4
20,424440244,EP16,,2022,9
20,614002724,ZAP1,,2020,12
20,427770023,ZUP2,,2018,2
20,424440489,EUP1,,2014,10
20,510000470IN04,ELC1,,2010,12
20,5144461238X01,EP29,,2026,1
20,610039841,ZMH1,,2018,12
20,493330001,ZMP1,,2013,12
20,427790132,ZMHA,,2021,9
20,110002320,EP04,,2021,12
20,613003462,EWB2,,2019,5
20,421111827,EUP2,,2020,12
20,423330721,ZDE1,,2019,11
20,614002812,ZAS1,,2022,11
20,421112037,EWB1,,2017,12
20,420030254,ZOR1,,2006,10
20,429930872,ZHR1,,2020,12
20,510100090IN01,EP04,,2022,10
20,590000550IN03,ELG1,,2015,5
20,421110876,EKE1,,2014,12
20,428880022,EHR1,,2021,2
20,423330897,ZOR1,,2025,9
20,423330305,ZRA1,,2010,6
20,614000040,ZUP2,,2018,12
20,423330135,ZUT1,,2007,6
20,424440842,EP16,,2019,11
20,610005596,EMHA,,2008,8
20,510001065KZ01,ELC1,,2005,11
20,614002343,ZGU1,,2022,6
20,429990606,EMHA,,2009,12
20,423331101,ZHR1,,2023,6
20,210012207,EP04,,2025,5
20,423330304,ZUP2,,2015,11
20,517770250IN01,ZH01,,2021,12
20,514440156IN01,EP16,,2025,7
20,429990771,ELS1,,2025,5
20,421110195,EJK3,,2014,12
20,613006654,EMH2,,2020,12
20,421110874,EAP2,,2013,3
20,610037574,ZMP2,,2016,12
20,424441215,EMHA,,2020,12
20,517771033IN01,ZH05,,2024,2
20,420000524,EKA2,,2007,10
20,429930516,ZLE2,,2022,1
20,210010986,EP09,,2023,5
20,429930041,EP16,,2025,1
20,424441074,EMH2,,2020,1
20,510710666IN01,EP04,,2024,2
20,110020207,BI01,,2017,11
20,210000328,EP16,,2022,8
20,424440618,EP16,,2016,9
20,510006726VN05,EP04,,2025,11
20,613004385,EUP3,,2017,12
20,510004602IN04,ELL2,,2024,11
20,427770161,ZAP1,,2019,6
20,510030928IN04,ELS1,,2023,3
20,421110048,EWB1,,2019,6
20,210320043,EP09,,2023,5
20,514443763IN01,EP16,,2020,9
20,110360024,EP16,,2013,3
20,427790083,ZBI1,,2019,3
20,421111685,EAS1,,2016,1
20,423330221,ZMHA,,2020,2
20,494440032,EDE1,,2020,12
20,613005433,EWB3,,2018,12
20,931600096,BI01,,2022,9
20,424440198,EP16,,2023,4
20,614000867,ZUP1,,2020,11
20,21U000100071,EU01,,2014,12
20,614003703,ZAS1,,2021,12
20,931405751,EP22,,2026,2
20,424440454,ECH1,,2013,7
20,614006554,ZKA1,,2025,11
20,5144450318X02,EP27,,2025,12
20,420030120,ZUP2,,2005,1
20,429990929,EMHA,,2012,3
20,21U000200224,EU01,,2015,12
20,910001440,EP09,,2010,12
20,420000017,EJH1,,2005,3
20,210007059,EP04,,2024,12
20,110001925,EP16,,2024,5
20,420000295,EOR1,,2005,8
20,421111294,EMP2,,2018,10
20,424441222,EJK2,,2022,2
20,424441191,EHRA,,2021,5
20,424440651,EPU1,,2019,12
20,951010023,EP18,,2014,12
20,510030128IN08,ZLM3,,2014,12
20,614005987,ZUT1,,2024,12
20,951020619,EP18,,2016,12
20,421110067,EPU1,,2007,9
20,423330527,ZUP1,,2013,1
20,931205341,BI06,,2022,12
20,951022173,ZH06,,2018,12
20,421111093,EDEA,,2013,10
20,420005849,ELM9,,2023,1
20,510004639IN05,EP04,,2024,3
20,590020210IN01,BI01,,2025,2
20,424441360,EP16,,2026,3
20,510060001IN02,ELO1,,2008,5
20,491110005,EPU1,,2019,12
20,110001083,EP19,,2010,12
20,420000852,EHP1,,2021,2
20,310020157,BI01,,2025,5
20,210001322,EP16,,2025,7
20,611003272,EKA3,,2015,12
20,421110266,EAP2,,2010,12
20,423330127,ZRA1,,2009,10
20,420000855,EKE1,,2006,4
20,423330639,ZUT1,,2012,12
20,423331452,ZDEB,,2025,10
20,420030160,ZMH1,,2007,4
20,421110578,ERA1,,2012,1
20,424441719,EP16,,2025,2
20,421110577,EWB1,,2010,3
20,427770043,ZMH2,,2015,1
20,613005708,EUP2,,2019,12
20,421110759,EKE1,,2011,9
20,423330931,ZKA1,,2016,10
20,420000832,ERA1,,2005,7
20,424440008,EMHA,,2014,8
20,951021254,BI04,,2017,5
20,421110722,EBI2,,2010,12
20,421111655,ECH1,,2017,8
20,424440444,EBI2,,2022,9
20,427770209,ZH01,,2022,6
20,424440003,ECH1,,2012,7
20,424440817,EKA3,,2018,12
20,610039212,ZUT1,,2019,3
20,614000150,ZOR1,,2019,10
20,931200583,EP10,,2018,12
20,510120083IN01,EP01,,2004,6
20,910007497,EP05,,2025,7
20,940000080,EP10,,2016,12
20,510003559CZ02,EP04,,2024,9
20,210011853,EP05,,2018,12
20,421110122,ECH1,,2014,8
20,420000528,ZTN1,,2021,2
20,614005641,ZOR1,,2025,1
20,110000450,EP16,,2021,2
20,516003283CH01,EP04,,2021,12
20,510031806IN01,ZLE2,,2019,12
20,910002705,EP12,,2008,11
20,210470457,EP09,,2024,4
20,110000062,ZH05,,2017,7
20,421110087,EAP1,,2020,12
20,420000243,ERA1,,2004,6
20,424440105,ETN1,,2022,4
20,420000185,EPU2,,2005,12
20,421110601,ECH1,,2008,12
20,424441202,EAP1,,2019,3
20,420000739,EP04,,2026,3
20,210520030,EP04,,2025,11
20,5177715358X01,ZH01,,2024,9
20,422220273,BWB2,,2019,12
20,210004351,ELM9,,2019,12
20,614000462,ZUP2,,2018,12
20,613003760,EPU2,,2018,12
20,427790217,ZUP2,,2023,4
20,610004472,EMHA,,2007,6
20,210310236,EP18,,2018,12
20,510160015IN01,EP02,,2006,3
20,610038240,ZUP3,,2018,3
20,110002830,EP16,,2025,12
20,423330316,ZHR1,,2009,5
20,423331587,ZCH1,,2023,12
20,420000575,ZMP1,,2004,7
20,310030095,ZH01,,2011,4
20,614004411,ZJH1,,2024,3
20,427770183,ZAS1,,2025,10
20,613005421,EWB3,,2018,12
20,21U000200075,EU01,,2016,6
20,210310401,EP18,,2022,9
20,423330069,ZKA1,,2013,8
20,951020067,ZP01,,2017,3
20,423330330,ZPU1,,2015,11
20,420000558,ZTN1,,2021,2
20,424440036,EP16,,2009,6
20,423331212,ZKA1,,2016,12
20,423330249,ZMHA,,2012,10
20,421110840,EOR2,,2021,2
20,931407227,EP22,,2020,6
20,910030078,ZAP2,,2022,3
20,423330728,ZAP2,,2024,8
20,110011577,EP09,,2025,11
20,590000113IN01,EP01,,2005,7
20,420000320,EAS1,,2006,7
20,424441078,EWB1,,2019,8
20,931554230,EP10,,2023,10
20,611004028,EMHA,,2014,2
20,613006354,ETN1,,2021,6
20,423331146,ZHR1,,2025,8
20,613005882,EJK2,,2021,2
20,940000033,BI01,,2016,12
20,110040015,EP03,,2006,3
20,421110566,ECH1,,2010,3
20,611008170,EMH5,,2015,12
20,423330104,ZUP2,,2004,12
20,110000808,EP22,,2020,3
20,931301294,EP04,,2017,12
20,310001523,EP04,,2024,2
20,423331338,ZUP3,,2024,12
20,424440866,ECN1,,2016,12
20,614006171,ZPU1,,2024,12
20,614006007,ZUP3,,2023,12
20,420000853,EKE1,,2019,12
20,110000289,ELM6,,2009,11
20,424440757,EBI2,,2016,12
20,423331033,ZWB1,,2022,11
20,424441066,EP16,,2021,4
20,421110009,EJH1,,2008,2
20,110080028,EP07,,2002,12
20,510310601IN01,EP18,,2022,5
20,21U000200268,EU01,,2020,9
20,517770164IN02,ZH01,,2025,10
20,110020101,BI02,,2005,11
20,610039519,ZUP1,,2018,12
20,110000264,ZLC1,,2022,7
20,614004628,ZJH1,,2022,12
20,424441201,EMH5,,2018,12
20,424441757,EDE1,,2025,12
20,110003103,ZLC1,,2026,3
20,420004866,EP04,,2022,3
20,491110019,EKA1,,2011,3
20,423331715,ZAP2,,2024,10
20,421110739,EMP2,,2018,7
20,423330752,ZMH3,,2018,12
20,429930150,ZPU1,,2005,12
20,420500044,ZAS1,,2011,4
20,421111793,EMH3,,2020,3
20,110470461,EP05,,2022,8
20,390000199,EP16,,2025,5
20,514443261IN01,EP16,,2026,2
20,424441024,ERA1,,2022,8
20,310000036,EP01,,2004,4
20,514444157MM01,EP16,,2022,11
20,424440755,EWB1,,2022,9
20,424442008,EUP2,,2025,2
20,421110648,EWB1,,2021,1
20,910005286,EP19,,2014,11
20,310002832,EP27,,2024,7
20,614000164,ZUT1,,2019,11
20,420500044,LDEA,,2011,1
20,110001715,EP04,,2024,7
20,210002762,EP04,,2023,6
20,421110020,EMH2,,2007,9
20,911307009,ZH08,,2021,12
20,424441727,EKA1,,2024,3
20,429930386,ZWB1,,2019,8
20,931407381,EP16,,2022,12
20,423330108,ZBI1,,2011,7
20,110003729,ELP3,,2023,1
20,424440812,EMHC,,2018,12
20,613008815,EDE1,,2023,1
20,310002165,ELV4,,2020,2
20,611008824,EMP2,,2016,12
20,421111121,EAP1,,2021,8
20,421110645,ECH1,,2016,3
20,420000795,EUP2,,2006,7
20,11U000000135,EU01,,2024,10
20,424441000,EP16,,2024,6
20,421111301,EKA1,,2019,2
20,421111451,EAS1,,2020,3
20,421110939,EOR2,,2020,12
20,423330705,ZMH3,,2020,2
20,421112197,ERA1,,2024,9
20,613003294,EOR1,,2018,12
20,514444296IN02,EP16,,2022,1
20,423331048,ZMP2,,2017,11
20,110001222,EP04,,2025,10
20,427770303,ZOR1,,2022,5
20,980001205,EP09,,2021,8
20,5100011088X01,ELM3,,2006,10
20,310000984,EP04,,2014,1
20,424440506,EP16,,2017,12
20,614000450,ZGU1,,2018,12
20,423330395,ZMP1,,2013,9
20,424441804,EMH1,,2022,5
20,931550174,EP12,,2024,12
20,423330931,ZMH1,,2017,8
20,110270144,EP04,,2012,1
20,110010033,EP09,,2013,10
20,590350183IN01,BI01,,2022,12
20,910013157,EP04,,2019,12
20,423330308,ZAP1,,2007,12
20,427770032,ZMHA,,2017,12
20,423331051,ZMH3,,2016,3
20,110000664,EP16,,2012,9
20,420005498,EEXP,,2017,12
20,424440468,EP16,,2025,9
20,911301352,EP28,,2020,12
20,429930526,ZMH3,,2019,11
20,42TU00910,TILE,,2022,12
20,590000182IN01,ELO1,,2012,12
20,493330023,ZAS1,,2012,3
20,5100011128X01,ELM3,,2005,12
20,423330391,ZAS1,,2025,10
20,491110190,EMH1,,2013,12
20,614004123,ZJH1,,2024,1
20,510000314IN01,ELC1,,2004,8
20,614000180,ZJK1,,2020,2
20,613006436,EWB2,,2020,12
20,610036439,ZMHA,,2017,12
20,210002439,EP04,,2023,1
20,423330277,ZCH1,,2009,6
20,429991478,EAP2,,2020,12
20,494440003,EMH1,,2013,8
20,510520291GB01,EP10,,2019,11
20,421110272,EMHA,,2008,1
20,590030138IN05,ZLC2,,2015,2
20,423330391,ZUP3,,2019,7
20,423331101,ZUP3,,2024,12
20,423330762,ZMH1,,2015,12
20,210030182,ZLC2,,2012,12
20,421111522,EDE1,,2017,7
20,427790038,ZDE1,,2017,3
20,421110450,EMHA,,2013,12
20,110470184,EP05,,2023,10
20,492220012,BWB1,,2011,4
20,610037073,ZUP1,,2017,5
20,110030015,ZLO1,,2024,4
20,42TU00127,TILD,,2020,11
20,910004855,EP27,,2023,1
20,310002580,ZH05,,2022,5
20,423330352,ZKA1,,2010,6
20,424440062,EHR1,,2012,1
20,613006700,ETN1,,2019,12
20,510006507IN01,EP04,,2025,6
20,613004537,EKA1,,2017,12
20,491110270,EMHA,,2017,8
20,110710012,EP04,,2023,1
20,424441064,EJH1,,2015,12
20,424440481,EUP1,,2015,5
20,421110141,EAP2,,2012,6
20,424441489,EMH1,,2021,8
20,424440061,EHR1,,2018,9
20,421112636,ELS1,,2023,4
20,110000052,ELO1,,2010,11
20,931657196,EP12,,2026,3
20,421111931,EMHC,,2025,12
20,421112992,CMH1,,2024,12
20,424440481,EJK2,,2015,1
20,424441220,EP16,,2019,1
20,424440518,EP16,,2012,11
20,420000698,EJH1,,2006,7
20,610037049,ZWB1,,2016,12
20,613004855,EHR1,,2018,12
20,491110093,EUP3,,2012,4
20,510001135IN01,EP01,,2005,12
20,421111688,EAS1,,2017,10
20,423330753,ZDE1,,2017,4
20,517770803IN02,ZH05,,2024,5
20,915005179,EP04,,2025,3
20,210006127,EP24,,2024,2
20,420500024,LRA1,,2010,10
20,210004938,EP04,,2026,2
20,915007159,ZH06,,2023,12
20,421110063,ETN1,,2012,12
20,423330126,ZHR1,,2020,12
20,614004489,ZMH3,,2022,12
20,42U115000005,EU01,,2015,6
20,210270415,EP04,,2023,8
20,517770512IN02,ZH05,,2025,10
20,423330072,ZOR1,,2013,4
20,310000425,ELS1,,2023,3
20,510020450IN01,BI01,,2021,2
20,429931089,ZCN1,,2023,12
20,910015158,EP04,,2023,12
20,421111369,EMH5,,2018,12
20,613007328,EOR1,,2022,1
20,423330190,ZTN1,,2009,10
20,421112916,EJH1,,2026,3
20,429990955,EMHA,,2012,3
20,910310076,EP18,,2013,10
20,424440162,EPU2,,2014,9
20,611006194,EUP2,,2017,3
20,614006113,ZUT1,,2024,12
20,510031274IN01,ZH06,,2022,7
20,931456529,EP26,,2022,10
20,423330465,ZOR1,,2015,12
20,424441901,EOR1,,2023,8
20,424440104,EMP1,,2017,12
20,610036171,ZBI1,,2016,12
20,423330757,ZAS1,,2017,7
20,421112697,EUP3,,2023,8
20,427770046,ZWB1,,2018,11
20,910007053,EP20,,2018,1
20,422220004,BOR1,,2006,12
20,424440230,EEXP,,2021,2
20,110001084,ELR2,,2021,8
20,492220032,BUT1,,2011,3
20,613005524,EUP3,,2020,12
20,931304439,BI01,,2021,12
20,421111298,EJK2,,2020,2
20,421111073,EDEA,,2014,5
20,424441045,EAP1,,2021,9
20,421110070,EMH5,,2016,3
20,310000997,EP16,,2011,3
20,915008678,EP12,,2024,12
20,421111743,EPU1,,2014,12
20,429930704,ZAP1,,2017,8
20,423330400,ZMP1,,2012,3
20,421112953,BMH4,,2024,3
20,514441541IN01,EP16,,2014,2
20,290030004,ZLC1,,2023,8
20,421110495,EUP1,,2014,10
20,610031435,ZMHA,,2007,12
20,110000562,ZLM3,,2021,4
20,420000353,BCH1,,2006,2
20,421110644,EWB1,,2013,7
20,423330044,ZUP2,,2019,12
20,420000547,ZGU1,,2021,2
20,420002824,EEXP,,2011,12
20,421110056,EKA2,,2011,9
20,422220073,ERA1,,2013,12
20,423330054,ZDEB,,2015,9
20,910030086,EMH1,,2024,5
20,110280040,EP04,,2023,12
20,613005988,EOR1,,2019,12
20,424441035,ERA1,,2018,12
20,423331106,ZAP2,,2021,4
20,611006080,EMHA,,2016,4
20,429931141,ZAP2,,2025,4
20,423330221,ZMH2,,2009,11
20,516000726IN01,ELR2,,2024,9
20,421110709,EPU2,,2011,5
20,610039136,ZGU1,,2018,12
20,110470392,EP12,,2018,12
20,421110262,EMP2,,2020,12
20,423330282,ZPU1,,2011,7
20,421111383,EUP2,,2019,3
20,614005275,ZOR1,,2024,10
20,514443107IN04,EP16,,2023,12
20,210010191,EP05,,2008,11
20,514443177IN01,EP16,,2018,11
20,951021948,EP09,,2016,12
20,421111699,EKA3,,2015,12
20,421111228,EKA1,,2014,2
20,5144436578X01,EP16,,2026,3
20,951021817,EP11,,2016,12
20,427790171,ZJH1,,2022,2
20,5100319928X01,ZH06,,2024,2
20,420711026,MPIB,,2022,12
20,424440044,EGU1,,2014,2
20,613005763,EMP2,,2020,12
20,424441201,EMH2,,2023,1
20,610037287,ZMP2,,2017,5
20,613000451,EBI2,,2017,12
20,421110538,EJH1,,2009,8
20,610033661,ZWB1,,2016,12
20,421112326,EKA1,,2021,1
20,423330705,ZDE1,,2017,7
20,951021039,EMHA,,2016,12
20,424440023,EMHA,,2017,6
20,931403921,EP29,,2025,12
20,420520150,EP04,,2019,1
20,610032308,ZMHA,,2009,12
20,931666528,EP12,,2025,11
20,931665043,EP05,,2023,12
20,423330134,ZUP3,,2008,5
20,423330244,ZAS1,,2018,6
20,420000615,EUP2,,2016,7
20,110010365,EP09,,2008,9
20,310002049,ELS1,,2020,9
20,210210004,EP04,,2013,8
20,427770223,ZRA1,,2020,1
20,420000443,EOR2,,2020,12
20,422220109,EOR1,,2014,12
20,110010504,EP05,,2006,12
20,421111328,ECH1,,2019,2
20,427770300,ZMH2,,2023,7
20,510001326IN01,EP02,,2012,2
20,517770535IN03,ZH05,,2024,4
20,510000312IN03,ELC1,,2010,5
20,613007870,EMHC,,2025,12
20,110004224,EP20,,2022,12
20,31U000000017,EU01,,2020,6
20,614003021,ZMHA,,2022,12
20,110010019,EP21,,2015,7
20,427770395,ZBI1,,2023,9
20,951020245,EP24,,2016,12
20,421110096,EWB1,,2014,11
20,110011641,EP05,,2025,2
20,210010320,EP09,,2010,8
20,424441222,EWB1,,2022,5
20,517770620IN01,ZH05,,2024,5
20,613004728,EMH2,,2019,12
20,420000603,EUP1,,2019,12
20,421111066,EOR2,,2014,12
20,5100025608X02,ELM3,,2026,2
20,110000382,EP01,,2010,5
20,510030948IN02,ZLS3,,2022,11
20,421110372,EMH4,,2008,12
20,424440883,EUP3,,2016,3
20,491110262,EHR1,,2017,12
20,514440490SN01,EP16,,2023,9
20,422220168,EDE1,,2018,4
20,110011404,ELP3,,2019,10
20,420500064,LBI1,,2011,2
20,421110465,EUP2,,2010,10
20,491110047,EDEB,,2014,12
20,613008945,EKA1,,2022,12
20,210310374,EP18,,2022,9
20,421110713,EAP2,,2012,9
20,421113196,EDEB,,2025,8
20,911304640,EP05,,2022,12
20,210011732,EP12,,2021,12
20,910013469,EP05,,2022,12
20,423331234,ZAS1,,2020,2
20,423331012,ZKA1,,2021,7
20,610039201,ZMH1,,2019,2
20,420030122,ZCN1,,2007,1
20,423330358,ZMH1,,2012,10
20,510008213IN03,ELS1,,2024,2
20,613005473,EMHA,,2020,12
20,310001064,EP20,,2015,3
20,420000203,ETN1,,2004,8
20,110000305,ZLV1,,2023,10
20,210011177,EP09,,2025,5
20,613008228,EOR1,,2020,12
20,931200433,EP04,,2019,2
20,210000324,EP16,,2023,1
20,421110013,EDEA,,2013,12
20,590350016IN02,BI01,,2024,6
20,423330329,ZMH1,,2012,7
20,610021058,BMHA,,2010,12
20,910001136,EP12,,2010,10
20,423330432,ZMH1,,2018,3
20,423330596,ZMP2,,2022,11
20,421110110,EMH2,,2007,5
20,210320139,EP28,,2025,9
20,514440073IN01,EP16,,2012,8
20,424440880,EJH1,,2021,2
20,424441863,ERA1,,2023,10
20,423330584,ZMP2,,2014,4
20,931558916,EP22,,2024,12
20,422220196,BHR1,,2020,5
20,510009175PY01,ELS1,,2023,3
20,611008001,EWB1,,2017,3
20,610039023,ZKE1,,2018,12
20,951020464,EP22,,2015,12
20,510009712IN01,ELS5,,2024,7
20,427770111,ZOR1,,2017,11
20,613003153,EGUA,,2017,12
20,427770022,ZRA1,,2018,8
20,424440145,EP16,,2018,1
20,421110063,EMH5,,2007,12
20,514445013IN03,EP27,,2025,4
20,423330392,ZWB1,,2011,3
20,510002323IN01,ELM3,,2005,12
20,911305887,ZH08,,2023,8
20,420000281,EUT1,,2006,5
20,590000273IN01,BLE1,,2007,7
20,51U000000302US01,EU01,,2019,4
20,110010115,EP09,,2016,2
20,428880326,EP16,,2023,5
20,110002207,EP04,,2026,3
20,510002315IN01,ELM3,,2016,12
20,110010193,ELP2,,2009,8
20,420001458,EP04,,2024,2
20,613006661,EMH7,,2019,12
20,613003781,ERA1,,2017,12
20,614006627,ZMHA,,2025,11
20,421110630,EJK2,,2014,2
20,420520806,EP28,,2025,7
20,420000784,EAP1,,2006,12
20,910001272,EP12,,2010,12
20,423330998,ZOR1,,2024,9
20,110000944,EP11,,2007,1
20,510030244IN03,ZLC1,,2007,12
20,613005584,EMH7,,2019,12
20,980003577,EP20,,2022,12
20,611008680,EPU2,,2016,12
20,420030028,ZBI1,,2005,6
20,420030069,ZJH1,,2006,1
20,420500033,EBI1,,2024,8
20,910000470,EP06,,2007,10
20,420030070,ZUP2,,2020,12
20,514440049IN03,EP16,,2024,11
20,110310031,EP18,,2024,11
20,420030133,ZGU1,,2005,5
20,423330173,ZBI1,,2006,9
20,424440442,EMP2,,2018,4
20,420000463,EGU1,,2020,12
20,210011799,EP05,,2024,5
20,420007093,EP04,,2022,12
20,420003972,EP04,,2013,12
20,421110824,EAS1,,2014,12
20,421111704,EDE1,,2017,8
20,210002776,ELW1,,2022,11
20,613005006,EUT1,,2019,12
20,611003651,EMHA,,2013,11
20,420000597,EGU1,,2006,7
20,510710727IN02,EP04,,2025,7
20,514445408IN01,EP16,,2025,4
20,491110048,EPU1,,2013,12
20,423330840,ZAP1,,2021,8
20,423331182,ZMH1,,2021,10
20,421110331,EBI2,,2005,12
20,420500040,EMH6,,2010,1
20,614006479,ZWBA,,2024,12
20,510007189IN04,EP10,,2019,7
20,429931126,ZWB1,,2024,12
20,428880057,EDE1,,2020,12
20,423330227,ZJK1,,2009,12
20,420360001,EP16,,2024,12
20,931300730,EP09,,2016,12
20,423330125,ZMH2,,2012,4
20,427770154,ZAS1,,2024,3
20,491110006,EGU1,,2006,5
20,427770025,ZMH2,,2014,7
20,429990468,ELC1,,2008,11
20,424441079,EUP1,,2018,5
20,931554521,BI06,,2023,10
20,514440336IN01,EP16,,2016,12
20,613012705,EPU2,,2023,12
20,421110099,EHR1,,2008,3
20,110000264,ZH02,,2019,11
20,510030200IN05,ZLC1,,2009,4
20,491110304,EAP1,,2017,12
20,614002754,ZUT1,,2020,12
20,424441066,EBI2,,2016,12
20,422220021,EKA3,,2014,2
20,613007846,EGU1,,2020,12
20,422220275,BHR1,,2023,10
20,423331273,ZJK1,,2021,4
20,423330366,ZDEA,,2009,12
20,614004664,ZUT1,,2022,12
20,429990654,EJK3,,2013,10
20,491110208,ERA1,,2016,12
20,110001136,EP04,,2022,6
20,510120086IN01,EP03,,2004,12
20,613008451,EMH6,,2021,12
20,420711550,EP27,,2025,6
20,424440125,EMH1,,2013,5
20,493330094,ZWB1,,2015,8
20,423330349,ZUP3,,2017,8
20,427770144,ZUP1,,2026,1
20,421110455,ETN1,,2012,6
20,429930854,ZMP2,,2022,3
20,931655555,EP26,,2025,3
20,190020067,BI01,,2026,1
20,517770279IN01,ZH01,,2016,8
20,424440816,EAP2,,2017,11
20,910002810,EP05,,2016,7
20,210005031,EP04,,2021,10
20,423330409,ZWB1,,2011,11
20,492220019,BAP1,,2017,10
20,427770117,ZH01,,2022,8
20,420610009,ZRA1,,2022,1
20,510003322IN01,EP04,,2024,4
20,423330577,ZWB1,,2014,12
20,424441957,EP16,,2024,3
20,421110774,EOR2,,2010,10
20,422220001,BGU1,,2015,12
20,110350010,BI01,,2016,3
20,421113083,CMH1,,2025,11
20,911305174,EP22,,2024,12
20,610037375,ZMP2,,2017,8
20,610036411,ZHR1,,2017,3
20,424440744,ERA1,,2015,12
20,424441546,EDEB,,2022,4
20,427770076,ZRA1,,2019,5
20,427770046,ZKA1,,2015,9
20,514441618DO01,EP16,,2022,5
20,110010999,EP09,,2024,2
20,423330475,ZBI1,,2022,3
20,493330038,ZKA1,,2017,3
20,210010101,EP05,,2006,12
20,421110195,EMH2,,2009,11
20,423331024,ZKE1,,2018,10
20,427770315,ZH05,,2022,6
20,951020214,EP12,,2015,12
20,210710197,EP04,,2024,7
20,210010852,EP09,,2025,4
20,424440554,EMHA,,2011,12
20,931100087,EP09,,2011,7
20,610037270,ZMP2,,2016,12
20,423331056,ZMP2,,2023,8
20,510003835IN03,EP04,,2009,1
20,510001260IN01,ELM5,,2005,12
20,614002872,ZUP3,,2022,12
20,424440648,EAP2,,2021,12
20,110000400,ELC1,,2010,5
20,427770193,ZDE1,,2025,12
20,613007148,EMHC,,2023,9
20,5144452748X01,EP16,,2026,1
20,421112514,ETN1,,2021,8
20,110000082,EP27,,2025,1
20,420030055,ZHR1,,2004,10
20,422220252,BOR1,,2016,12
20,423330204,ZTN1,,2006,12
20,613005670,EKA3,,2020,12
20,493330030,ZOR1,,2013,11
20,423330304,ZKE1,,2019,12
20,420000793,EAP1,,2006,5
20,614002435,ZDEB,,2022,6
20,613008138,EMH3,,2020,12
20,610038095,ZBI1,,2018,1
20,421111906,EMH2,,2021,1
20,910009341,EP05,,2025,3
20,424441806,EOR1,,2023,12
20,421111505,EAP3,,2017,1
20,210030015,ZH01,,2025,1
20,613003803,EMHA,,2017,12
20,420030192,ZKE1,,2005,11
20,510005151IN02,EP04,,2017,11
20,210000313,EP19,,2014,1
20,614000261,ZCH1,,2019,12
20,428880134,EP16,,2026,3
20,420000615,EBI2,,2009,2
20,421111198,EMH1,,2016,3
20,421110289,EAP2,,2009,2
20,915005531,EP09,,2025,6
20,424440756,EMH2,,2025,10
20,421111811,EJH1,,2023,5
20,420500016,LMH3,,2010,10
20,421112627,EBI2,,2023,6
20,421110575,EMP2,,2012,4
20,516005761IN01,EP22,,2025,12
20,421110333,EGU1,,2020,12
20,421110940,EPU1,,2020,12
20,611007579,EMHC,,2016,12
20,910010497,EP09,,2019,12
20,931653739,EP27,,2022,12
20,423331199,ZCH1,,2020,8
20,421110104,EMP2,,2006,12
20,911302392,EP26,,2022,12
20,424441215,EOR1,,2023,2
20,614005405,ZWB1,,2023,12
20,110001214,EP04,,2022,10
20,424441736,EUP2,,2022,2
20,423331303,ZTN1,,2023,9
20,421112091,EAP1,,2019,6
20,427790072,ZUP1,,2020,5
20,421111097,EUP2,,2016,12
20,610035447,ZMHA,,2013,12
20,510002550IN02,EP10,,2007,10
20,424440972,EDE1,,2017,10
20,424440430,EP16,,2023,1
20,931200454,EP04,,2017,12
20,516002786BO01,EP04,,2024,1
20,210270154,EP04,,2010,11
20,421110631,EMH5,,2013,10
20,210005134,EP28,,2023,12
20,613004017,EWB2,,2017,12
20,514440052IN02,EP16,,2016,3
20,614006573,ZBI1,,2025,11
20,210460004,EP04,,2022,1
20,514442905IN02,EP16,,2024,11
20,614005641,ZRA1,,2025,1
20,420520416,EP18,,2023,4
20,424440129,EUP2,,2016,7
20,421111092,EMH1,,2023,5
20,931400163,ZH01,,2013,12
20,421110591,EAP1,,2010,8
20,310002090,EP22,,2022,7
20,421112569,ECH1,,2021,12
20,110000092,ZLM3,,2013,12
20,590000555IN02,EP04,,2023,6
20,110250005,EP04,,2011,12
20,421110143,EOR1,,2013,2
20,423330011,ZCH1,,2021,4
20,429930792,ZUP3,,2023,8
20,492220011,BUP2,,2009,1
20,429991570,EMHC,,2025,3
20,422220113,BKA1,,2022,6
20,614006625,ZUP2,,2024,12
20,910030084,EMP2,,2023,7
20,590000562IN02,ELG1,,2022,5
20,420500040,ZDE1,,2014,12
20,421110094,ECH1,,2007,2
20,421110055,EOR2,,2016,3
20,420000292,EBI2,,2005,4
20,420030211,ZUP2,,2005,9
20,424440207,EMH6,,2011,1
20,421112267,EJH1,,2017,12
20,517770125IN07,ZH01,,2023,10
20,423330822,ZMHA,,2015,10
20,429991240,EWB2,,2017,8
20,420711004,EP04,,2022,10
20,610037315,ZMP2,,2017,6
20,421112525,EHR1,,2021,12
20,493330023,ZMH2,,2011,12
20,613003499,EUP3,,2018,12
20,423331158,ZAP1,,2021,8
20,420310248,ERA1,,2020,12
20,420000115,EHP1,,2019,12
20,951022010,EP13,,2017,12
20,910001303,EP11,,2021,12
20,421110386,EMH3,,2009,11
20,421112908,EKE1,,2024,12
20,951021141,ZH05,,2017,4
20,421110808,EUP3,,2020,1
20,423330169,ZPU1,,2009,12
20,514444074IN01,EP16,,2025,1
20,423331011,ZUP2,,2019,12
20,310000390,EP16,,2016,5
20,510002325IN01,ELM1,,2010,11
20,310001320,ELS1,,2019,6
20,423330757,ZUP1,,2022,11
20,110030053,ZLC1,,2024,12
20,421110310,EMH5,,2011,7
20,510000713IN03,EP01,,2007,7
20,421110658,EMH3,,2015,9
20,429930886,ZDE1,,2021,7
20,210003927,EP16,,2023,8
20,510009769IN02,EP04,,2019,9
20,423330103,ZHR1,,2013,2
20,310000999,EP27,,2025,4
20,613003513,EUP3,,2017,12
20,614004006,ZGU1,,2023,12
20,424441468,EDE1,,2025,11
20,610037416,ZBI1,,2017,9
20,910000372,EP12,,2006,12
20,420004419,EP10,,2016,8
20,424441083,EKA1,,2018,5
20,110010082,EP06,,2007,12
20,421110071,EDE1,,2010,3
20,613003108,EMHC,,2018,12
20,427770015,ZHR1,,2018,1
20,440000004,EWB1,,2006,12
20,421112096,EMHC,,2019,9
20,390000143,EP16,,2014,3
20,610037199,ZJK1,,2015,12
20,421110122,EKA1,,2007,9
20,514442855IN01,EP16,,2023,5
20,420000967,EMP1,,2006,5
20,931300550,EP09,,2016,12
20,514442484IN01,EP16,,2025,9
20,423331001,ZKA1,,2022,6
20,210005978,EP16,,2022,6
20,421112743,EGU1,,2023,11
20,423330251,ZGU1,,2021,1
20,423330682,ZMH2,,2014,8
20,613008620,EMH7,,2021,12
20,420003927,EP04,,2018,10
20,610038771,ZMP2,,2017,12
20,613007018,EKA1,,2021,11
20,421110492,EMH5,,2011,2
20,613003464,EJH1,,2018,12
20,423330682,ZRA1,,2016,1
20,613003960,EGU1,,2019,7
20,423330725,ZCH1,,2017,9
20,421112490,EMH3,,2022,10
20,510002309IN01,ELC1,,2016,4
20,210002276,EP04,,2022,10
20,429930369,ZMHA,,2012,6
20,611005076,EMP2,,2016,12
20,110002270,EP04,,2017,4
20,613006689,EKA3,,2019,12
20,931554465,BI01,,2024,12
20,210011489,EP22,,2021,6
20,614002927,ZMH2,,2022,12
20,931300405,EP09,,2017,12
20,510020733IN01,BI01,,2023,12
20,110270164,EP04,,2022,9
20,110000192,ELO1,,2005,12
20,613007954,EUP3,,2022,6
20,590020199IN01,BI01,,2009,12
20,423330495,ZUP1,,2016,2
20,420030069,ZKE1,,2006,7
20,614004768,ZAS1,,2023,12
20,421110548,EMH4,,2010,4
20,423331341,ZMH3,,2020,10
20,422220196,BKE1,,2020,2
20,110011636,ELV5,,2025,6
20,514440282IN02,EP16,,2021,7
20,110000241,ZLC1,,2009,6
20,110010016,EP12,,2016,2
20,614006841,ZGU1,,2024,12
20,910000208,EP06,,2006,1
20,110001523,EP16,,2023,12
20,514443212IN04,EP16,,2024,3
20,613006200,EOR1,,2019,12
20,424440065,EMH5,,2016,1
20,910010451,EP24,,2020,12
20,420250191,EP04,,2022,11
20,429930453,ZDE1,,2017,3
20,594440056IN01,EP16,,2023,5
20,421110098,EMP2,,2008,11
20,422220234,BMHC,,2023,11
20,424440036,EMH5,,2013,9
20,424441149,ELR3,,2024,6
20,516000118TJ01,ELS1,,2017,12
20,423331060,ZRA1,,2017,4
20,510250325IN01,EP04,,2008,12
20,110001477,EP01,,2012,2
20,421110260,EBI2,,2009,12
20,931200056,EP16,,2011,12
20,613003694,EMHC,,2019,5
20,614003716,ZJH1,,2023,8
20,423330210,ZMP2,,2007,7
20,910310021,EP18,,2016,3
20,423330349,ZJH1,,2016,1
20,610038423,ZAS1,,2016,12
20,516000725IN01,ELR2,,2022,1
20,421111073,EMH3,,2016,11
20,931665693,EP09,,2023,12
20,614006116,ZUT1,,2023,12
20,429930656,ZOR1,,2018,12
20,421110310,EMH3,,2014,5
20,423330804,ZGU1,,2015,9
20,516005404BO02,ELS1,,2025,12
20,424440797,EJK3,,2019,11
20,421110589,ERA1,,2025,6
20,931670479,EP09,,2025,12
20,510001008IN01,ELC1,,2005,11
20,510003198IN01,ELO1,,2009,11
20,427770007,ZUT1,,2013,6
20,421110900,EGU1,,2013,7
20,421110218,ERA1,,2009,3
20,427770304,ZUT1,,2025,9
20,423330102,ZMHA,,2014,4
20,421110207,ERA1,,2016,11
20,421110585,EMHA,,2014,8
20,420007509,EP04,,2024,12
20,423330476,ZHR1,,2023,5
20,493330087,ZUT1,,2016,2
20,514442595IN01,EP16,,2024,6
20,110010277,EP06,,2014,3
20,210011189,EP09,,2024,6
20,5144441208X01,EP16,,2022,3
20,423330487,ZGU1,,2013,6
20,210001333,EP16,,2020,12
20,423330003,ZMHA,,2012,4
20,931600452,EP28,,2020,12
20,423330673,ZUP2,,2015,8
20,510710768IN01,EP04,,2022,10
20,514443409IN03,EP16,,2020,6
20,910011626,EP04,,2020,10
20,429930016,ZMHA,,2004,4
20,110004029,EP16,,2024,10
20,421110256,EOR1,,2007,5
20,424441214,EDEB,,2020,11
20,423331169,ZBI1,,2019,11
20,421110655,ERA1,,2015,12
20,210003416,EP16,,2025,1
20,910310144,EP18,,2016,12
20,510004427IN01,EUT1,,2015,2
20,423330069,ZMH1,,2011,3
20,420000388,EWB2,,2021,2
20,423330753,ZAP1,,2016,9
20,421111940,ECH1,,2018,8
20,310000107,EP04,,2015,12
20,424440554,EHR1,,2015,8
20,421113017,EDE1,,2025,5
20,614005169,ZHR1,,2022,12
20,910009841,ZH05,,2024,8
20,611007383,EWB1,,2017,3
20,610036508,ZJK1,,2016,12
20,420500020,ZTN1,,2016,8
20,590020220IN01,BI01,,2011,9
20,510001689CG01,EP04,,2005,12
20,423331058,EMHA,,2022,12
20,110000100,ZH05,,2025,1
20,514440060IN01,EP16,,2023,7
20,423330285,ZMH1,,2017,7
20,429930450,ZUP2,,2018,11
20,424441072,ECH1,,2020,8
20,610008364,EMHA,,2010,7
20,614004832,ZJK1,,2022,12
20,910020111,EP09,,2010,12
20,110003902,EP20,,2020,12
20,613007707,EKA1,,2021,12
20,110010030,ELP3,,2025,10
20,951020584,BI07,,2024,12
20,613008187,EMH3,,2020,12
20,428880330,EMHC,,2017,12
20,427770182,ZWB1,,2022,10
20,510000461IN01,ELC1,,2002,12
20,910030089,ERA1,,2024,6
20,610037105,ZGU1,,2017,3
20,423331151,ZUP1,,2018,6
20,421111388,EMH3,,2023,4
20,421111470,EJK3,,2020,12
20,614003751,ZJH1,,2021,12
20,490310005,EMH1,,2013,1
20,613012634,EUT1,,2025,5
20,421111464,EMH7,,2013,12
20,424441900,EJH1,,2025,9
20,516001312IN01,EP04,,2025,10
20,951021654,ZH06,,2016,12
20,421112665,EAP1,,2023,3
20,427770045,ZUP3,,2018,3
20,210011547,EP22,,2024,4
20,510002281IN01,EP01,,2009,4
20,614006326,ZHR1,,2024,12
20,421112807,EMH2,,2024,11
20,110000732,EP04,,2021,10
20,420003411,ELM3,,2021,11
20,614005899,ZKA1,,2023,12
20,422220087,BKA1,,2017,7
20,613006343,EWB2,,2019,12
20,423330308,ZUT1,,2012,7
20,510009659IN03,ELS5,,2023,2
20,423330177,ZUT1,,2020,12
20,421112917,EAP2,,2023,11
20,429991151,EHR1,,2018,12
20,423331175,ZAS1,,2020,4
20,423330411,ZGU1,,2012,9
20,424440700,EP16,,2023,1
20,421111771,EOR1,,2014,12
20,310000081,EP16,,2025,1
20,429931169,ZJK1,,2024,12
20,421110947,EGU1,,2023,5
20,210030051,ZLC1,,2023,4
20,421112900,EDE1,,2025,5
20,421111315,ERA1,,2022,10
20,420004121,EP04,,2022,9
20,614006933,ZAS1,,2024,12
20,427790129,ZH05,,2022,12
20,614002103,ZDEB,,2020,12
20,210030001,EP16,,2023,4
20,421110056,EBI2,,2010,12
20,931459044,EP28,,2023,3
20,110001185,EP20,,2016,5
20,514443645IQ01,EP16,,2024,5
20,421110462,EMH4,,2009,10
20,514442839IN02,EP16,,2023,6
20,610036933,ZAS1,,2017,4
20,424440041,EAS1,,2010,7
20,424440022,EDE1,,2019,6
20,422220015,BMH4,,2012,4
20,423330173,ZRA1,,2010,5
20,210010008,EP09,,2025,10
20,910310130,EP18,,2018,10
20,613007817,EMH2,,2022,4
20,310000047,ELC1,,2009,2
20,420030176,ZMH3,,2005,8
20,423330840,ZJK1,,2016,5
20,210190009,EP04,,2025,3
20,423330704,ZUP2,,2018,11
20,421111362,ERA1,,2018,9
20,110340011,EP04,,2023,1
20,424440021,EMH1,,2016,9
20,915005163,EP09,,2025,2
20,510005577IN01,EP01,,2010,11
20,421111114,EUP2,,2023,5
20,911302688,EP04,,2023,4
20,931455073,EP24,,2023,6
20,510031523IN03,ZH06,,2021,12
20,190020129,BI01,,2013,4
20,427770073,ZAP1,,2018,9
20,424440590,EMH3,,2016,1
20,931305087,EP04,,2023,10
20,420002288,EEXP,,2019,3
20,915004934,EP04,,2024,12
20,510522802TR01,EP28,,2023,12
20,931665816,EP12,,2025,9
20,931300965,EP09,,2019,12
20,931409089,EP04,,2021,2
20,510009185KH01,ELM3,,2024,6
20,421110965,EMH6,,2021,2
20,210011371,EP09,,2023,5
20,951020830,BI01,,2023,1
20,427770025,ZUP1,,2020,1
20,424440438,EDEA,,2020,12
20,510002352UA04,EP04,,2010,12
20,423330347,ZHP1,,2008,12
20,427770024,ZCH1,,2016,12
20,429930896,ZAS1,,2020,7
20,510310812TH01,EP28,,2025,2
20,427770075,ZMP2,,2023,6
20,931401918,EP09,,2016,12
20,492220044,BKE1,,2015,11
20,310002254,EP25,,2025,10
20,420710962,EP04,,2021,12
20,110003237,EP16,,2019,3
20,110120039,EP01,,2004,6
20,423330024,ZHR1,,2018,2
20,931406175,EP04,,2022,12
20,110310007,EP18,,2009,5
20,931200631,BI06,,2021,12
20,423330115,ZWB1,,2013,10
20,424441470,EMP2,,2019,10
20,423330294,ZMP2,,2016,2
20,427770071,ZDEB,,2018,4
20,421111759,EAP2,,2018,12
20,51U000000240US06,EU01,,2024,10
20,110030027,ZLC1,,2025,3
20,423330776,ZKA1,,2016,4
20,110000207,EP16,,2013,6
20,931557317,BI01,,2023,12
20,420520333,EP04,,2023,12
20,424440087,EJH1,,2012,2
20,510711577CA01,EP04,,2025,8
20,491110188,EMH5,,2014,1
20,420001010,EHR1,,2006,5
20,429990747,EMHA,,2011,4
20,911304590,EP04,,2024,10
20,427770122,ZWB1,,2019,12
20,423331476,ZAP2,,2024,11
20,424440045,ECH1,,2010,12
20,420490222,EP22,,2017,12
20,424441611,EMH1,,2022,10
20,493330035,ZHR1,,2008,10
20,110003317,ZLM3,,2024,2
20,424441200,EAP1,,2022,12
20,310270007,EP04,,2024,9
20,614000148,ZDE1,,2018,12
20,423331204,ZOR1,,2019,2
20,421112032,EUP2,,2016,12
20,931551577,EP22,,2023,6
20,491110147,EDE1,,2014,12
20,421111521,EUP1,,2018,6
20,613003224,EMHC,,2019,3
20,427770009,ZUP1,,2017,12
20,110250076,EP04,,2008,6
20,931455676,EP04,,2023,12
20,424440104,ECH1,,2020,5
20,514441068IN01,EP16,,2022,8
20,421111000,EUP1,,2016,1
20,310000970,EP20,,2017,12
20,423330465,ZAP1,,2017,7
20,210004045,ELS1,,2024,11
20,514441451IN01,EP16,,2019,5
20,421111322,EUP2,,2015,11
20,110000791,ZLC1,,2015,11
20,429930179,ZMHA,,2013,5
20,421111003,EOR1,,2017,3
20,427770136,ZMH3,,2024,4
20,5177709018X02,ZH01,,2022,6
20,423331142,ZUP3,,2018,1
20,420030165,ZOR1,,2006,8
20,420000526,EBI2,,2019,12
20,422220014,BDE1,,2009,3
20,423330239,ZMHA,,2008,7
20,614002358,ZTN1,,2022,6
20,514442298KG02,EP16,,2022,8
20,423330125,ZUP2,,2008,12
20,422220056,BMH4,,2014,9
20,420000365,EAS1,,2005,11
20,420000606,EP01,,2004,10
20,310001249,EP16,,2010,12
20,613000301,EMP2,,2018,1
20,931100236,EP09,,2020,2
20,610034985,ZMHA,,2016,9
20,423330721,ZHR1,,2022,5
20,11U020000034,EU01,,2024,4
20,940000026,EP04,,2002,12
20,421110643,EMH1,,2014,7
20,421110143,EKA1,,2024,5
20,421110603,EOR2,,2015,4
20,420000511,EKE1,,2006,6
20,421110507,ELC1,,2009,12
20,421110919,EAS1,,2012,12
20,110000619,EP16,,2025,2
20,110001388,EP16,,2025,11
20,613007322,EJH1,,2020,12
20,424441060,EBI2,,2018,4
20,210320124,EP09,,2019,12
20,421110709,EDE1,,2011,11
20,190000094,ELO1,,2007,11
20,421110416,EDE1,,2010,8
20,423331080,ZAP1,,2017,4
20,610037223,ZDE1,,2017,4
20,610037840,ZKE1,,2015,12
20,421112714,EBI2,,2024,2
20,491110081,EMH6,,2011,3
20,420030158,ZKE1,,2006,9
20,910009711,ZH05,,2019,11
20,421112131,EAS1,,2019,5
20,420500033,ZMH3,,2009,12
20,951021076,EP23,,2016,12
20,611008303,EMH2,,2016,12
20,613005232,EMP2,,2018,12
20,424440351,EUP3,,2023,2
20,614000182,ZUT1,,2017,12
20,421112238,ELK2,,2019,3
20,423330227,ZOR1,,2010,5
20,614001429,ZBI1,,2021,12
20,423330580,ZUP1,,2017,1
20,420500020,ZDE1,,2020,5
20,424440049,EAS1,,2020,10
20,423330860,ZTN1,,2015,11
20,423330154,ZRA1,,2007,5
20,423331170,ZTN1,,2019,4
20,422220253,EDE1,,2025,6
20,514440183IN02,EP16,,2016,12
20,613005951,EGU1,,2020,12
20,420000836,ECH1,,2006,12
20,423330173,ZAP1,,2023,3
20,424441836,EGU1,,2023,6
20,514441550NG01,EP16,,2010,12
20,613006671,EMH2,,2019,12
20,613008894,EPU2,,2022,12
20,210270378,EP04,,2013,6
20,421111767,ECN1,,2017,12
20,420000151,EJH1,,2005,12
20,931458306,ZH05,,2025,12
20,910001679,EP06,,2006,5
20,424440821,EOR1,,2020,10
20,424440052,EBI3,,2019,12
20,510031821IN01,ZLE2,,2021,11
20,420000615,EMP1,,2012,9
20,423331339,ZKA1,,2026,3
20,931402123,EP09,,2021,3
20,911300313,EP22,,2021,9
20,429930346,ZKE1,,2007,12
20,423330530,ZWB1,,2016,11
20,510000754IN04,ELC1,,2010,5
20,421110345,EBI2,,2007,4
20,491110016,EGU1,,2009,6
20,110000085,ZLM2,,2024,11
20,110001380,ELC1,,2008,12
20,210004796,EP04,,2015,12
20,514442854IN03,EP16,,2021,12
20,421110173,EMH5,,2006,12
20,421110028,EMH5,,2007,8
20,421110428,EMH5,,2020,12
20,423331046,ZBI1,,2019,9
20,423330927,ZRA1,,2018,3
20,420000615,EMH3,,2010,6
20,423330730,ZDEB,,2023,12
20,110002273,EP20,,2023,12
20,613011416,EMHC,,2023,12
20,210010410,EP16,,2014,11
20,421110321,EOR1,,2010,5
20,423330472,ZBI1,,2017,1
20,614000886,ZAP2,,2020,11
20,423330214,ZBI1,,2021,2
20,423330893,ZKA1,,2019,11
20,420001422,EJK2,,2019,12
20,210002960,EP04,,2022,5
20,421110203,EHP1,,2012,12
20,421111293,EUP2,,2018,5
20,514440385IN01,EP16,,2010,5
20,510001555TZ01,ELC1,,2010,10
20,423330069,ZWB1,,2010,9
20,421110740,EAS1,,2017,10
20,421111284,EMH3,,2022,10
20,613005255,EJK2,,2018,12
20,110010127,EMHC,,2021,9
20,42U025000006,EU01,,2017,12
20,510002218IN02,ELS3,,2007,12
20,951020847,EP27,,2019,12
20,510009952CO02,EP04,,2024,2
20,420000691,EGU1,,2005,6
20,516001932IN01,EP26,,2021,11
20,423330193,ZAS1,,2020,12
20,951021229,ZH02,,2015,12
20,510710127IN03,EP04,,2022,1
20,210001135,EP16,,2022,6
20,310080017,EP01,,2003,12
20,310001462,EP04,,2022,8
20,423330046,ZMH3,,2009,7
20,423331098,ZWB1,,2019,3
20,931600747,EP09,,2020,10
20,423331104,ZUP2,,2018,3
20,210000036,EP04,,2007,5
20,110030007,ZLB1,,2022,8
20,910000097,EP06,,2004,11
20,510001589CG01,ELC1,,2013,6
20,614002478,ZTN1,,2020,12
20,611006907,EMHC,,2020,9
20,421111166,EMHA,,2015,1
20,423330329,ZHR1,,2012,1
20,421112662,EMH1,,2023,5
20,420030044,ZKA1,,2005,7
20,310001040,ELG1,,2011,12
20,310310009,EP04,,2021,12
20,420000185,EWB2,,2004,12
20,492220020,BAP1,,2012,11
20,420590060,ZDE1,,2018,4
20,610037323,ZGU1,,2017,7
20,613001264,EJK2,,2017,12
20,421110889,EAP1,,2011,9
20,510522549IN02,EP22,,2024,12
20,421110144,EMH4,,2010,3
20,429991343,EUP2,,2023,1
20,510000314IN01,ELC1,,2005,3
20,614003011,ZCH1,,2022,12
20,421111948,ELS5,,2026,3
20,42TU00023,TILD,,2019,12
20,110000562,ELM7,,2015,1
20,421110285,EKE1,,2008,11
20,420000285,EAP1,,2004,12
20,420400001,EP16,,2020,12
20,424440021,EAP2,,2010,5
20,421110119,EHR1,,2008,6
20,420000340,EHP1,,2003,12
20,420001239,EP04,,2006,11
20,421110078,EKA2,,2008,1
20,510031305IN01,ZLM3,,2018,11
20,421111071,EBI2,,2013,5
20,514442256JM01,EP16,,2016,12
20,210005452,EP04,,2019,8
20,421110550,EWB2,,2015,11
20,915000243,BTN2,,2019,4
20,514445583PE01,EP16,,2025,10
20,422220328,BI01,,2023,10
20,613007907,EMH3,,2020,12
20,915007586,EP12,,2023,12
20,110001380,ZLC1,,2016,7
20,310001053,EP04,,2013,10
20,420006788,EKA2,,2022,9
20,210010651,EP16,,2022,9
20,420270028,EP04,,2016,10
20,423331338,ZWB1,,2023,12
20,422220111,BAP2,,2017,3
20,421110314,EPU2,,2007,9
20,610037172,ZCH1,,2017,3
20,424440245,EMH5,,2013,12
20,110000279,EP03,,2014,12
20,310000028,EP01,,2004,11
20,423331192,ZJH1,,2025,9
20,422220242,BKA2,,2018,5
20,42TU01977,TI02,,2024,12
20,420360012,EP16,,2007,12
20,510100069IN01,EP04,,2024,9
20,514441150NG04,EP16,,2024,10
20,210030512,ZH05,,2026,3
20,614006115,ZRA1,,2023,12
20,423330035,ZUT1,,2005,12
20,420030202,ZUP1,,2007,9
20,210100008,EP04,,2024,3
20,421110482,EMHA,,2008,8
20,421110065,EUP2,,2004,12
20,915004201,EP04,,2025,7
20,427770027,ZH01,,2013,8
20,514441084IN01,EP16,,2026,1
20,423331059,ZKA1,,2021,1
20,590000346IN02,EP10,,2011,12
20,421111574,EJK3,,2016,1
20,210470210,EP05,,2024,4
20,110010019,EP12,,2023,7
20,514440004IN05,EP16,,2022,9
20,510270011IN01,EP04,,2019,7
20,423331130,ZUP2,,2018,9
20,42U144000003,EU01,,2021,1
20,110000192,ELC1,,2019,11
20,517771155BF01,ZH01,,2023,1
20,210005239,ELS1,,2026,2
20,110000085,EP16,,2024,11
20,614000865,ZOR1,,2019,12
20,423330487,ZAP1,,2016,6
20,423331330,ZAS1,,2024,12
20,420170003,EMP1,,2005,12
20,210030211,ZH01,,2014,11
20,931450471,EP22,,2019,12
20,423330388,ZMP1,,2012,12
20,931200329,EP10,,2017,12
20,310310038,EP18,,2011,12
20,514440769IN03,EP16,,2016,12
20,110001586,EP10,,2016,4
20,110280012,EP04,,2022,12
20,514443328IN01,EP16,,2021,5
20,424441078,EDE1,,2018,6
20,613004501,EJH1,,2017,12
20,910001970,EP12,,2006,12
20,613007315,EMHA,,2021,12
20,931664432,EP09,,2023,12
20,610039692,ZMH2,,2019,5
20,424441000,EMP2,,2017,9
20,42TU00095,TILE,,2025,5
20,951020940,EP09,,2017,4
20,510001994IN01,ELC1,,2010,11
20,420500026,ZAP1,,2013,3
20,421111634,ETN2,,2017,8
20,614002124,ZJK1,,2021,12
20,423331409,ZMH2,,2025,1
20,420030126,ZUP3,,2007,12
20,429990719,EMHA,,2012,12
20,493330082,ZRA1,,2015,5
20,420000950,EJH1,,2006,7
20,210000356,EP16,,2022,6
20,510710106IN01,EP04,,2022,11
20,421112843,ETN1,,2024,1
20,910006896,EP09,,2016,10
20,424440200,EDEB,,2024,9
20,424441215,EUP2,,2021,10
20,423331025,ZMH2,,2017,5
20,423330272,ZJH1,,2011,2
20,423331670,ZMHA,,2026,3
20,610039564,ZDE1,,2018,12
20,510030010IN05,ZLS1,,2022,1
20,424441064,EMH2,,2019,1
20,931660965,ZH06,,2023,12
20,510004561IN01,EP10,,2012,2
20,210000104,EP16,,2022,4
20,510020011IN01,BLE1,,2006,12
20,613008997,ECH1,,2022,12
20,310010045,EP09,,2007,11
20,210470528,EP05,,2024,9
20,420030048,ZCH1,,2003,12
20,421112667,EMH1,,2025,1
20,421112938,EHP1,,2022,12
20,420030216,ZDE1,,2007,8
20,613008112,ERA1,,2020,12
20,590000693IN02,ELV4,,2023,5
20,516002260IN01,EP04,,2024,4
20,21U000100302,EU01,,2024,3
20,421110602,EMH1,,2010,1
20,427770025,ZUP3,,2014,4
20,613007997,EAS1,,2022,6
20,310000999,EP04,,2010,10
20,491110315,EWB2,,2015,11
20,424442061,EMHC,,2025,7
20,610036925,ZPU1,,2015,12
20,210011563,ELP3,,2026,2
20,490000011,EGU1,,2005,9
20,931201031,EP09,,2019,10
20,510030212IN01,ZLV1,,2007,5
20,423330431,ZMHA,,2017,12
20,423330025,ZJK1,,2008,12
20,420500020,ZWB1,,2011,12
20,614004967,ZKE1,,2024,7
20,514440241IN01,EP16,,2021,11
20,423330705,ZRA1,,2025,8
20,614003386,ZMH3,,2021,12
20,421110752,EHP1,,2012,8
20,110010924,EP05,,2017,12
20,42U027000169,EU01,,2024,8
20,421110152,EWB1,,2006,8
20,421110114,EOR2,,2009,1
20,421113030,EGU1,,2023,12
20,931457787,EP24,,2022,12
20,210002468,EP04,,2024,8
20,515550218IN01,EP16,,2012,8
20,110010505,EP05,,2012,6
20,613007745,ERA1,,2020,12
20,420720121,MPIA,,2024,4
20,421111459,EAP3,,2014,12
20,931300198,BI06,,2021,12
20,42U112000019,EU01,,2021,11
20,420610004,ZAS1,,2024,5
20,421112606,EGU1,,2023,6
20,421111669,ERA1,,2023,7
20,931303206,EP22,,2023,4
20,613007915,EMH1,,2020,12
20,420000312,ECN1,,2004,6
20,420000686,EUP2,,2020,12
20,110030055,ZH03,,2017,7
20,510010367IN01,EP09,,2024,8
20,420500007,ZCH1,,2019,12
20,424440002,EGU1,,2015,1
20,421110538,EHR1,,2013,11
20,110002584,EP04,,2021,11
20,590020271IN02,BI01,,2016,2
20,423330998,ZDE1,,2019,4
20,421110107,EMH2,,2011,9
20,210010199,EP09,,2010,3
20,421110086,EGU1,,2017,2
20,424440024,EKA1,,2024,4
20,931303183,EP22,,2023,11
20,424440023,EBI2,,2020,11
20,310000300,ELM4,,2007,12
20,427790011,ZGU1,,2016,12
20,424441479,EP16,,2025,2
20,424440124,ERA1,,2021,2
20,420520111,EP04,,2020,12
20,910005041,EP06,,2011,12
20,614006506,ZTN1,,2024,12
20,424440771,EUP2,,2017,11
20,613007243,EWB3,,2020,12
20,421110134,EHP1,,2006,5
20,910000217,EP05,,2004,4
20,423330548,ZMH3,,2015,5
20,210230009,EP09,,2025,2
20,424441242,EUP2,,2018,6
20,210001100,EP16,,2023,2
20,492220015,BI01,,2012,5
20,614001047,ZUP2,,2020,12
20,421110007,EP01,,2009,1
20,420000761,EWB1,,2007,3
20,210005852,EP16,,2023,5
20,951010049,EP04,,2016,1
20,491110092,EAP2,,2013,4
20,424440006,EMP2,,2012,1
20,910004493,EP05,,2011,12
20,911300284,EP27,,2025,5
20,429930685,ZMHA,,2020,12
20,910009639,EP04,,2025,5
20,422220004,ECH1,,2017,8
20,421113181,ERA1,,2023,12
20,423330147,ZMH2,,2007,3
20,424441138,EHR1,,2021,12
20,421110055,EWB2,,2011,3
20,421110989,EMH2,,2012,3
20,210005151,EP04,,2026,2
20,910001305,BI02,,2004,5
20,421112185,EUP2,,2018,12
20,493330032,ZDE1,,2006,12
20,951021119,EP16,,2015,12
20,931304235,EP12,,2018,12
20,424440035,EMH4,,2010,4
20,110000945,EP04,,2023,10
20,613006755,ECH1,,2019,12
20,429930081,ZUP3,,2021,12
20,420030019,ZCN1,,2004,5
20,110000753,ZLC1,,2008,6
20,931457001,EP28,,2025,12
20,420000294,EMH2,,2020,12
20,424440093,EAS1,,2011,4
20,110030026,ZH06,,2022,9
20,420000248,EAP1,,2006,9
20,910310105,EP28,,2024,2
20,429930807,ZDE1,,2020,9
20,421110143,EJK3,,2013,9
20,210010468,EP09,,2012,2
20,424440755,EMH6,,2017,12
20,614002726,ZPU1,,2021,12
20,5144455368X01,EP27,,2025,10
20,422220025,EKE1,,2008,12
20,614001196,ZMH3,,2020,12
20,515550097IN02,EP16,,2018,12
20,514440414IN02,EP16,,2019,1
20,611008624,ETN1,,2015,12
20,420000288,ECH1,,2005,12
20,611008757,EUP2,,2015,12
20,613001357,EMH5,,2016,12
20,422220263,EMP2,,2018,12
20,423330353,ZMHA,,2012,3
20,514443806IN01,EP16,,2026,2
20,420000254,EWB1,,2004,5
20,951021070,EP10,,2015,12
20,910000713,EP06,,2006,12
20,110120110,EP01,,2006,10
20,390020092,BI01,,2015,5
20,614005672,ZCH1,,2024,12
20,423330481,ZHR1,,2018,2
20,427770037,ZKE1,,2020,8
20,429990732,EMHA,,2013,2
20,420100090,EP04,,2021,11
20,423331644,ZMH1,,2025,5
20,491110184,EJK3,,2017,12
20,423330283,ZUP2,,2008,7
20,510030017IN01,ZLC1,,2018,5
20,423331141,ZMP2,,2021,12
20,420000699,EMH4,,2007,1
20,110470523,EMHC,,2020,12
20,424440002,EP16,,2020,12
20,423330067,ZUT1,,2010,2
20,510000114IN01,EP01,,2007,12
20,210004855,EP16,,2022,10
20,423331606,ZDE5,,2024,9
20,310000488,EP25,,2026,1
20,420730115,MNP2,,2025,9
20,421110899,EOR1,,2019,12
20,613009176,EKA3,,2022,12
20,614001736,ZRA1,,2019,12
20,910000802,EP04,,2022,11
20,42U027000079,EU01,,2019,3
20,951022040,EP21,,2017,12
20,491110366,EUP1,,2018,3
20,5100076758X01,ELS1,,2015,1
20,951020332,EMHC,,2015,12
20,210011275,EP09,,2020,8
20,420030146,ZCN1,,2005,2
20,491110133,EAP2,,2013,12
20,424440876,EPU2,,2016,10
20,931200514,EP09,,2017,12
20,423330523,ZMH1,,2017,12
20,110000314,EP16,,2024,11
20,210003469,EP04,,2023,5
20,911301679,EP22,,2026,1
20,310000428,ELL1,,2012,2
20,510008108PE01,ELS1,,2013,12
20,951022043,ZH03,,2017,12
20,210470342,EP04,,2023,1
20,421112191,EMPA,,2022,12
20,510710666IN02,EP04,,2025,5
20,423331223,ZDE1,,2024,2
20,951022186,ZH04,,2019,12
20,423331040,ZCH1,,2023,12
20,420000615,EMP1,,2012,5
20,613003614,EUT1,,2017,12
20,510005596NG01,ELG1,,2015,12
20,11U000000145,EU01,,2024,1
20,423330097,ZOR1,,2010,12
20,516001975IN01,EP26,,2025,1
20,423330722,ZAP2,,2022,2
20,5177715498X01,ZH01,,2024,10
20,423330830,ZTN1,,2016,6
20,210001493,EP16,,2023,9
20,421110005,EJH1,,2011,8
20,491110241,EMH1,,2015,9
20,910030086,ZDE1,,2019,12
20,422220026,BMH1,,2008,7
20,424441010,EUP2,,2021,5
20,510270189IN02,EP04,,2022,7
20,910012826,EP09,,2022,2
20,421110465,EKA2,,2009,6
20,210020007,BI01,,2015,10
20,420004713,ELM3,,2022,4
20,421113101,EGU1,,2025,12
20,427770124,ZAP1,,2021,4
20,421110749,EOR1,,2021,2
20,421112248,EMHC,,2019,5
20,420250062,EP04,,2023,2
20,5144443198X01,EP16,,2023,11
20,424440259,EP16,,2018,1
20,420000276,EHR1,,2004,8
20,210010423,EP09,,2025,12
20,424440072,EJK2,,2019,12
20,310002765,EP04,,2022,5
20,610021578,BUP1,,2017,3
20,421111045,ETN1,,2021,11
20,421111000,EMHA,,2014,9
20,110001363,ZLC1,,2024,1
20,423330708,ZMHA,,2017,2
20,421112169,ERA1,,2024,5
20,21U000200398,EU01,,2024,12
20,420000278,EHP1,,2005,7
20,951020546,EMHA,,2016,12
20,910006471,EP12,,2025,10
20,420500018,ZAP1,,2011,4
20,423330432,ZDE1,,2015,3
20,424440759,EUP1,,2016,4
20,421111896,ETN1,,2021,2
20,423330607,ZGU1,,2016,4
20,210001142,ELW1,,2023,2
20,614000165,ZUT1,,2019,11
20,210006639,EP16,,2023,1
20,421110945,EGU1,,2012,1
20,420000202,EBI2,,2004,4
20,427770042,ZMH1,,2014,6
20,421112194,EUP1,,2018,11
20,510007718VN01,EP10,,2017,12
20,421110220,EHR1,,2008,10
20,427790025,ZCH1,,2018,1
20,510002260CG01,EP01,,2007,11
20,110000756,ZLO1,,2017,12
20,951020546,EMHC,,2017,5
20,517770397IN04,ZH05,,2022,10
20,594440044IN01,EP16,,2022,9
20,514444485JM01,EP16,,2024,11
20,420000291,EGU1,,2020,12
20,310000951,EP04,,2017,8
20,613006612,EAS1,,2020,12
20,614005433,ZMP2,,2023,12
20,427770130,ZMH1,,2019,11
20,210270217,EP04,,2021,12
20,423330088,ZJH1,,2011,1
20,424441470,EGU1,,2021,12
20,210520032,EP04,,2024,11
20,931303566,EP22,,2018,12
20,423331393,ZUP2,,2020,12
20,420000172,EMP2,,2004,12
20,421110311,EMH1,,2007,6
20,421113026,EUP3,,2025,8
20,210030389,ZH05,,2024,7
20,420500038,LDE1,,2010,12
20,421110987,EJH1,,2013,3
20,613008709,EOR1,,2021,12
20,423331207,ZMHA,,2017,12
20,421112877,EHR1,,2025,6
20,42TU01316,TI01,,2024,10
20,614006918,ZPU1,,2024,12
20,420310228,EP18,,2023,9
20,613005637,EAP1,,2020,12
20,210011765,EP09,,2022,7
20,423330182,ZDE1,,2010,2
20,423330481,ZOR1,,2012,8
20,423330230,ZHP1,,2005,12
20,210030480,ZH05,,2022,12
20,420001240,EP04,,2024,11
20,422220347,BI01,,2025,12
20,491110112,EJK2,,2010,12
20,423330142,ZHR1,,2020,12
20,421110623,EUP3,,2010,2
20,931206987,BI01,,2025,9
20,516000001ZA03,EP04,,2023,7
20,610038379,ZJH1,,2018,5
20,427770233,ZBI1,,2021,9
20,421110760,EPU1,,2008,12
20,421112631,ETN1,,2020,12
20,420711723,EP04,,2025,8
20,423330561,ZWB1,,2016,5
20,421110992,EGU1,,2013,6
20,424441737,EKA2,,2021,12
20,517770198IN01,ZH01,,2021,12
20,421111191,EMP1,,2013,5
20,423330054,ZAP1,,2014,5
20,514441927VN02,EP16,,2024,4
20,421110624,EKA2,,2010,1
20,421110153,EJK2,,2004,12
20,31U000000114,EU01,,2023,1
20,951021532,EP20,,2016,12
20,423330008,ZJK1,,2018,4
20,610039344,ZUT1,,2018,12
20,420500003,ZAS1,,2011,6
20,421111212,EMH2,,2013,8
20,210310328,EP18,,2024,4
20,931200491,EP09,,2017,12
20,951022218,EP10,,2020,9
20,310001180,EP22,,2019,11
20,424440055,EUP3,,2015,3
20,423330471,ZAP2,,2015,9
20,510350029IN01,BI01,,2007,12
20,614006495,ZAP2,,2023,12
20,514443353SN01,EP16,,2024,12
20,424440591,EMH1,,2017,6
20,421110561,EMP1,,2011,5
20,421110219,EHR1,,2011,4
20,210002101,EP16,,2022,5
20,951021358,EP10,,2017,6
20,910007394,EP27,,2022,2
20,110000073,EP16,,2016,6
20,614005016,ZUP1,,2023,12
20,421110812,EAP1,,2013,5
20,110003127,EP04,,2021,12
20,510520003GB01,EP04,,2022,1
20,514440511VN05,EP16,,2021,12
20,110004239,EP04,,2026,1
20,613008846,EUT1,,2021,12
20,613008726,EAS1,,2021,12
20,429990726,EMHA,,2012,5
20,423331071,ZAP2,,2023,8
20,614000790,ZMH1,,2019,12
20,420003827,ELM3,,2022,3
20,421110675,EMH3,,2010,5
20,421112585,EUP3,,2024,7
20,5100059888X01,ELC1,,2009,12
20,510710506IN02,EP04,,2021,12
20,110000049,EP16,,2025,7
20,951021326,EP16,,2015,12
20,610039301,ZKA1,,2018,12
20,423330122,ZMH2,,2011,6
20,510004593IN01,ELS1,,2009,11
20,5100013168X01,EP03,,2006,12
20,421110126,ECH1,,2008,2
20,423331351,ZMH1,,2026,1
20,42TU00989,TILE,,2022,12
20,110001910,EP26,,2025,6
20,611008860,EMH5,,2015,12
20,424440974,ETN1,,2020,5
20,429991376,EUP2,,2022,12
20,421110029,EUP1,,2008,8
20,514445608IN01,EP16,,2025,8
20,421110207,EMH5,,2011,1
20,420001152,EEXP,,2006,3
20,420000490,EHP1,,2020,12
20,423330040,ZUT1,,2006,12
20,614003276,ZUT1,,2023,5
20,210001440,EP04,,2023,1
20,516000130IN01,ZH01,,2019,11
20,429930491,ZMP2,,2017,8
20,611006027,EWB2,,2017,3
20,510004975IN01,EP04,,2024,6
20,420001413,LKA1,,2016,1
20,424441775,EP27,,2024,4
20,510370004IN01,EP16,,2012,4
20,931661131,EP04,,2024,12
20,424440759,EUT1,,2017,10
20,421111214,ETN1,,2011,12
20,516003152IN01,EP26,,2024,9
20,210003314,EP04,,2014,12
20,422220002,BGU1,,2013,5
20,423330086,ZLO1,,2005,12
20,490000003,EP01,,2005,1
20,514440157IN03,EP16,,2016,12
20,110003347,EP16,,2023,10
20,517770907IN01,ZH05,,2023,3
20,110270190,EP04,,2023,10
20,421111028,EKE1,,2019,4
20,110030053,ZLC1,,2025,10
20,510031695IN02,ZH06,,2025,8
20,613007914,EGU1,,2022,5
20,420490257,EP22,,2024,1
20,420030194,ZMP1,,2006,9
20,422220275,BTN2,,2021,1
20,423330718,ZOR1,,2017,8
20,423331717,ZGU1,,2024,7
20,420030141,LKE1,,2016,1
20,424441227,ETN1,,2020,9
20,931203551,EP04,,2023,2
20,421111316,EUP3,,2017,6
20,510711461CA02,EP27,,2026,3
20,210250064,EP04,,2023,4
20,210030352,ELS1,,2016,12
20,421110945,EAP1,,2020,11
20,427770039,ZH01,,2012,11
20,210001394,ZLC1,,2026,3
20,494440036,EHP1,,2019,12
20,421110066,EDEA,,2008,12
20,910003637,EP12,,2011,12
20,423330251,ZJH1,,2018,7
20,310000034,ELC1,,2005,7
20,613007288,EJH1,,2020,12
20,421112226,EDE1,,2023,9
20,421112169,EWB1,,2023,7
20,420030086,ZCN1,,2004,11
20,421110335,ETN1,,2008,9
20,423331175,ZUP3,,2019,11
20,422220140,BGU1,,2025,10
20,613006744,EWB3,,2020,12
20,427770164,ZDE1,,2018,7
20,429991538,EMHC,,2023,10
20,421110687,EMH2,,2019,12
20,424440075,EWB2,,2014,2
20,424440087,EMHA,,2010,2
20,492220056,BTN1,,2012,12
20,910030083,ZDEB,,2023,3
20,421110485,ZCN1,,2020,12
20,423330140,ZRA1,,2008,9
20,424441413,EUT1,,2019,12
20,614001389,ZBI1,,2021,6
20,423331420,ZUP3,,2024,10
20,428880010,EP16,,2009,12
20,510030434IN01,ZLL1,,2009,2
20,613004888,EAS1,,2019,12
20,210250069,EP04,,2010,12
20,110000261,ZH05,,2015,12
20,427770028,ZBI1,,2018,5
20,427770202,ZMH3,,2023,4
20,422220252,BJK1,,2018,11
20,110010400,EMHC,,2016,12
20,110010639,EP09,,2012,3
20,613008118,ETN1,,2021,12
20,421111020,EMH3,,2013,10
20,421111793,ERA1,,2023,10
20,427770001,ZCN1,,2017,12
20,423331052,ZTN1,,2022,9
20,423331078,ZAP1,,2017,2
20,420001707,ECN1,,2006,12
20,210470547,EP05,,2026,2
20,614003355,ZGU1,,2021,12
20,614005155,ZDE1,,2024,8
20,931665744,EP12,,2025,10
20,910009649,EP27,,2023,5
20,210006807,EP04,,2025,12
20,931305110,EP04,,2022,12
20,491110233,EBI2,,2015,7
20,494440067,EUP3,,2020,12
20,510003999IN01,EP10,,2007,12
20,423330023,ZBI1,,2010,7
20,424441295,EPEA,,2023,3
20,421110026,ERA1,,2006,8
20,421111382,EDEB,,2017,12
20,429930578,ZHR1,,2019,9
20,31U000000085,EU01,,2016,9
20,424440170,EUP1,,2017,10
20,110002734,EP25,,2020,12
20,423330720,ZAS1,,2023,2
20,910030091,EMHC,,2021,1
20,610030403,ZMHA,,2012,1
20,427770299,ZKA1,,2024,8
20,514442015DO01,EP16,,2024,7
20,420000796,EMH5,,2021,2
20,614003338,ZUP1,,2022,12
20,424441186,EEXP,,2025,11
20,610038916,ZGU1,,2017,12
20,423331273,ZMH2,,2019,3
20,210003243,EP04,,2025,7
20,42TU02179,TIMC,,2026,1
20,420500021,LAS1,,2010,1
20,423330348,ZAP2,,2016,9
20,424440884,ETN1,,2016,4
20,429930521,ZJH1,,2018,12
20,423330138,ZLC1,,2025,9
20,931667530,EP27,,2024,12
20,427770060,ZJK1,,2016,2
20,951021742,EP08,,2017,10
20,420270116,EP04,,2013,5
20,423330749,ZKA1,,2017,7
20,613005547,EKA1,,2019,12
20,910005946,EP20,,2013,12
20,910060020,EP09,,2023,12
20,421110943,EMH2,,2012,6
20,421112782,EJK2,,2024,12
20,510340001IN01,EP04,,2025,2
20,610022183,BMHC,,2024,9
20,423331466,ZKA1,,2024,10
20,423330193,ZMHA,,2007,4
20,611000169,EMHA,,2012,1
20,429930407,ZMHA,,2016,4
20,510007341PA01,ELS1,,2023,9
20,931201778,EP22,,2025,12
20,427770369,ZAS1,,2025,7
20,510004882IN01,EP04,,2025,5
20,421110622,EUP1,,2008,12
20,910010403,EP09,,2019,10
20,510030880IN01,ZLT1,,2016,3
20,210310151,EP18,,2021,11
20,610000469,EMHA,,2004,5
20,510500065IN01,EP16,,2010,11
20,110610012,ZH05,,2017,12
20,613004303,EPU2,,2018,12
20,421112925,EUP3,,2025,5
20,931306087,EP12,,2021,12
20,614002735,ZMHA,,2022,12
20,110000434,ELO1,,2004,11
20,424440063,EKE1,,2012,1
20,491110095,EGU1,,2011,2
20,510001295IN01,ELC1,,2004,8
20,210004193,EP04,,2026,1
20,421111432,ECH1,,2023,8
20,420030152,ZP01,,2022,7
20,424441699,EMHC,,2024,5
20,421110953,ETN1,,2016,8
20,421112032,EMH1,,2023,7
20,421111913,EMH1,,2024,10
20,423331340,ZUP1,,2022,1
20,421110056,ERA1,,2013,5
20,420001014,EMH1,,2019,12
20,423330090,ZAP1,,2010,10
20,910000447,EP01,,2004,4
20,611008549,ETN1,,2016,12
20,310001032,ELK2,,2025,1
20,614002850,ZMHA,,2023,3
20,510002535IN02,ELB3,,2009,3
20,423331102,ZUP2,,2024,12
20,424440022,EJK2,,2012,7
20,421111533,EMH5,,2020,12
20,424441438,EWB1,,2020,10
20,420000056,EDE1,,2007,4
20,423330325,ZGU1,,2012,9
20,421110542,EPU2,,2015,2
20,613005668,EWB1,,2021,1
20,420001686,EPU2,,2019,12
20,190000006,EP07,,2005,8
20,421110711,EMH2,,2017,1
20,510003498SN01,ELC1,,2011,12
20,210003783,EP04,,2024,9
20,210005759,ELA6,,2026,1
20,423331670,ZJH1,,2025,10
20,428880005,EUT1,,2021,2
20,614001212,ZHR1,,2021,4
20,427770130,ZJH1,,2020,11
20,910015586,EP22,,2020,12
20,110000180,ZLM3,,2022,7
20,514441041DO01,EP16,,2011,2
20,611001164,EMHA,,2010,12
20,423330723,ZUP2,,2017,11
20,493330029,EEXP,,2021,9
20,910030083,EBI2,,2018,7
20,420030006,ZAP1,,2020,12
20,420270200,EP04,,2011,8
20,424440036,ERA1,,2014,10
20,613004407,EGU1,,2019,11
20,310000635,ZLC1,,2021,2
20,422220168,EJK2,,2025,8
20,423331338,ZOR1,,2022,11
20,423330389,ZJK1,,2017,6
20,931659082,ZH06,,2024,12
20,423330187,EMHA,,2006,11
20,421111093,EKA2,,2016,9
20,424441149,EP16,,2024,3
20,210011576,EP09,,2025,11
20,490020025,BI01,,2009,12
20,610021993,BMH3,,2022,10
20,610039076,ZHR1,,2018,12
20,423331302,ZCN1,,2019,11
20,424440975,EGUA,,2021,5
20,421111803,EDEB,,2016,12
20,421112800,EMP2,,2024,10
20,51U000000401US02,EU01,,2025,9
20,110470342,EP05,,2025,11
20,210002090,EP04,,2022,7
20,614002850,ZMHA,,2023,2
20,613006199,EMH6,,2020,12
20,610036775,ZMP2,,2016,12
20,614002701,ZAP1,,2021,12
20,610037172,ZBI1,,2017,4
20,310010054,EP09,,2018,5
20,423330338,ZKA1,,2011,8
20,421112161,EWB3,,2017,12
20,420030247,ZMP2,,2006,5
20,421110409,EGU1,,2009,3
20,110020183,BI01,,2019,10
20,310000407,EP02,,2006,8
20,514444263MZ02,EP16,,2025,6
20,420030222,ZUP2,,2007,11
20,427770225,ZUP2,,2024,11
20,421110584,EMH3,,2009,7
20,210004288,EP04,,2022,4
20,422220220,BCH1,,2018,5
20,611001438,EMHA,,2012,12
20,421111855,EKA3,,2015,12
20,423330368,ZKA1,,2016,5
20,423331408,ZMH2,,2025,3
20,190000012,EP01,,2004,12
20,420000012,EUT1,,2005,6
20,5144408448X01,EP16,,2025,1
20,614005187,ZJH1,,2023,12
20,110002329,EP04,,2023,2
20,421112033,EAP1,,2024,7
20,610037369,ZJH1,,2016,12
20,421111655,EBI2,,2020,1
20,421112350,EWB1,,2019,12
20,931403911,BI01,,2022,9
20,423330909,ZHR1,,2021,9
20,510230037IN02,EP04,,2023,1
20,510020516PE02,BI01,,2025,4
20,421112667,ETN1,,2024,8
20,421111366,EUP3,,2016,7
20,931300045,EP05,,2024,1
20,210030315,ZLC1,,2024,12
20,613006694,EMHC,,2022,7
20,910030093,EAP1,,2021,3
20,421110818,EHR1,,2012,5
20,5100010468X01,EP01,,2010,11
20,210000353,EP16,,2018,5
20,421111482,ERA1,,2013,12
20,427770174,ZAP1,,2021,7
20,491110241,ERA1,,2021,2
20,510009765UA01,EP04,,2018,12
20,517770433IN02,ZH05,,2022,11
20,420000236,ERA1,,2006,7
20,423331040,ZAP1,,2026,1
20,423330813,ZMH3,,2017,8
20,420520505,EP22,,2023,2
20,613007522,EKA3,,2021,12
20,510521220SK01,EP22,,2023,3
20,424441093,ETN1,,2024,10
20,110000076,ELC1,,2008,3
20,427770001,ZDE1,,2017,10
20,494440068,EMP2,,2015,2
20,610039516,ZJK1,,2019,5
20,429930770,ZKA1,,2017,12
20,910010204,EP09,,2023,9
20,510002324IN01,ELM3,,2006,12
20,610038934,ZMH3,,2017,12
20,910004730,EP12,,2014,2
20,614001618,ZTN1,,2021,9
20,421110415,EWB1,,2010,9
20,421110655,EUP2,,2014,12
20,424440339,EP16,,2025,10
20,420000615,EUP1,,2012,11
20,420000323,EMP1,,2006,10
20,421111957,EHR1,,2022,1
20,421111079,EDE1,,2017,5
20,613006092,ERA1,,2019,12
20,427770137,ZUP3,,2020,5
20,421112031,EGU1,,2024,6
20,421110070,EBI2,,2008,6
20,421111835,EWB3,,2017,12
20,423331191,ZAS1,,2018,1
20,210010682,EP04,,2008,6
20,931665164,EP04,,2023,12
20,420000012,EJK2,,2006,10
20,614006714,ZKA1,,2025,12
20,424440204,EP16,,2023,12
20,424441764,ECH1,,2025,11
20,910030089,EMH1,,2021,2
20,613006853,EWB1,,2020,12
20,614004282,ZMHA,,2024,2
20,421110872,EMH2,,2009,12
20,421112508,EKE1,,2023,10
20,931202587,EP16,,2022,2
20,210270242,EP04,,2014,10
20,428880134,EP16,,2024,8
20,424440797,EAS1,,2018,12
20,424441139,EAP1,,2022,3
20,494440047,EMH1,,2015,10
20,421110140,EWB1,,2021,2
20,420000243,EKE1,,2008,1
20,931406290,EP04,,2019,12
20,210007264,EP22,,2024,3
20,427770111,ZHP1,,2019,12
20,420001977,EP04,,2024,2
20,492220066,EMHA,,2015,9
20,421110061,EMP2,,2008,4
20,427770046,ZMH1,,2014,11
20,420000805,EUP2,,2005,5
20,423330173,ZWB1,,2016,6
20,510002318IN01,ELM4,,2003,12
20,423330347,ZUT1,,2016,11
20,420000264,EMH3,,2004,4
20,613005247,EUP1,,2018,12
20,510007844SN01,ELM3,,2021,4
20,421111005,EMHC,,2015,12
20,510711221CA01,EP04,,2024,7
20,421112800,EUP2,,2024,3
20,514443223KH01,EP16,,2025,4
20,510710476IN01,EP22,,2020,7
20,290030007,ZLO1,,2008,10
20,915003312,EP04,,2024,6
20,420001410,EKE1,,2007,3
20,590000045IN04,EP01,,2009,1
20,210020070,BI01,,2025,12
20,420020031,BI01,,2025,2
20,614000430,ZCH1,,2018,12
20,421110827,EHR1,,2012,3
20,421110104,EBI1,,2013,5
20,423330870,ZUP1,,2015,11
20,931203777,EP22,,2024,12
20,614002684,ZAP1,,2020,12
20,510002729KG01,ELC1,,2005,12
20,420001008,EMP1,,2006,12
20,423330101,ZUP1,,2017,10
20,516003651ZA02,EP26,,2024,8
20,911300178,EP04,,2023,12
20,424440858,EEXP,,2019,11
20,614002006,ZUP3,,2022,2
20,421110473,EAP1,,2009,2
20,613008613,EUP3,,2021,12
20,424440087,EP16,,2012,10
20,421110590,EKA2,,2012,11
20,510003957CL04,ELS1,,2014,12
20,613005861,EGU1,,2019,12
20,610021989,BMH2,,2021,12
20,5177712298X01,ZH01,,2022,12
20,422220082,EOR1,,2021,2
20,210004576,EP04,,2022,9
20,210310166,EP18,,2023,4
20,910030078,ZMHA,,2021,2
20,424440004,EOR1,,2010,9
20,424441066,EJK2,,2019,12
20,5100321298X01,ZH05,,2025,10
20,423331474,ZTN1,,2024,10
20,420001345,MN01,,2015,9
20,420008213,EP04,,2025,8
20,491110265,EMH3,,2019,12
20,614005400,ZAP1,,2024,12
20,420001001,EGU1,,2006,8
20,613004325,EUP3,,2017,12
20,514441156NG02,EP16,,2024,1
20,51U000000186US06,EU01,,2021,6
20,51U000000333US02,EU01,,2023,6
20,422220196,EMHC,,2020,12
20,610037566,ZDEB,,2015,12
20,423330087,ZWB1,,2014,9
20,420100006,EP04,,2023,12
20,421110616,EAP1,,2017,10
20,421111282,EBI2,,2014,11
20,420000413,ECN1,,2004,7
20,510005432IN04,EP04,,2025,11
20,613011745,EMHC,,2025,5
20,910016374,EP04,,2025,12
20,210270190,EP04,,2022,8
20,614004096,ZTN1,,2024,1
20,423331267,ZGU1,,2021,5
20,510009576IT03,EP22,,2021,2
20,423330804,ZJK1,,2018,1
20,422220020,EDEB,,2022,8
20,590000035IN04,ELM6,,2011,12
20,514442169IN01,EP16,,2022,4
20,5160039178X01,EP04,,2024,8
20,910010455,EP09,,2022,12
20,423330302,ZRA1,,2017,6
20,421111250,EGU1,,2017,12
20,610038871,ZMHA,,2018,12
20,110230050,EP04,,2022,2
20,422220289,BWB2,,2021,6
20,421112012,ERA1,,2018,10
20,421110564,EJH1,,2013,4
20,210006410,EP27,,2023,6
20,110080080,EP01,,2006,8
20,514443096IN04,EP16,,2021,12
20,614006505,ZMH3,,2024,12
20,421112870,EWB1,,2024,4
20,514442506KE01,EP16,,2023,10
20,420000536,ZBI1,,2002,12
20,421111328,EAP2,,2015,11
20,611004716,EMH5,,2017,3
20,610037219,ZMH1,,2015,12
20,614003341,ZJH1,,2023,4
20,5144450368X01,EP27,,2025,5
20,421111293,EUP3,,2020,10
20,613007593,EDE1,,2022,3
20,910007931,EP09,,2014,12
20,910003798,ELL2,,2024,9
20,110100070,EP11,,2011,12
20,424441023,ECH1,,2025,1
20,421111556,EPU1,,2016,1
20,490000093,ELG1,,2026,3
20,423331285,ZWB1,,2019,1
20,510020187IN02,BI01,,2023,11
20,611004269,EMHA,,2014,11
20,427770323,ZJK1,,2024,8
20,514443056IN04,EP16,,2023,6
20,421111051,EMP2,,2012,10
20,423331392,ZHR1,,2021,7
20,110001931,EP10,,2012,1
20,110000959,EP16,,2025,7
20,427770029,ZDEA,,2014,5
20,190000143,ELM6,,2008,11
20,510710674IN02,EP22,,2022,9
20,421110093,EAP1,,2014,12
20,429990507,EMHA,,2016,12
20,613006460,EMP2,,2021,6
20,614002806,ZUP3,,2021,12
20,614005887,ZTN1,,2023,12
20,428880025,EP16,,2026,3
20,421111805,ECH1,,2020,8
20,514444797MM01,EP27,,2025,5
20,110002419,ZH02,,2012,12
20,613010419,EKE1,,2023,12
20,423331059,ZRA1,,2023,4
20,429990280,ELR1,,2005,12
20,610001149,EMHA,,2002,12
20,110001129,EP01,,2007,12
20,516000434MZ01,ELS1,,2025,2
20,910007382,EP20,,2017,7
20,614005243,ZMH2,,2024,9
20,614005689,ZPU1,,2025,2
20,427770004,ZBI1,,2012,10
20,110030027,ZLV1,,2011,12
20,420005374,ELS1,,2017,12
20,610039178,ZRA1,,2019,2
20,420000464,EMH3,,2004,4
20,611005139,EMHA,,2015,4
20,610036338,ZDEB,,2016,12
20,110470429,EP09,,2022,9
20,310010001,EP05,,2025,2
20,210010900,EP09,,2025,11
20,613008453,EMH3,,2020,12
20,614006910,ZTN1,,2026,2
20,910000488,EP05,,2012,4
20,310310082,EP18,,2021,11
20,210000166,EP16,,2023,6
20,510000045IN01,ELC1,,2010,12
20,931409811,EP24,,2023,10
20,429930886,ZMP1,,2023,1
20,420030133,EMHA,,2021,2
20,424440867,EUP2,,2016,2
20,429930453,ZKE1,,2017,6
20,422220140,BMH1,,2022,8
20,423330440,ZHR1,,2014,12
20,613008924,EWB2,,2022,12
20,310001235,ELW1,,2017,11
20,421111200,EUT1,,2016,6
20,424441924,EP16,,2024,6
20,420002273,EP10,,2017,12
20,310030108,ZLC1,,2022,3
20,611008448,EBI2,,2017,3
20,310000308,ELG1,,2026,2
20,613008755,EMH3,,2023,1
20,951021476,ZH05,,2015,12
20,931303760,EP27,,2022,10
20,614006305,ZTN1,,2024,12
20,422220135,EMHC,,2018,12
20,421111196,EMHC,,2025,9
20,516003596IN01,EP26,,2025,10
20,421111822,EMHC,,2015,12
20,110000314,EP07,,2019,10
20,514441901UG01,EP16,,2020,4
20,514443113IN01,EP16,,2017,11
20,423330041,ZBI1,,2007,5
20,423331675,ZGU3,,2023,12
20,514440349IN01,EP16,,2022,5
20,210470128,EP05,,2022,6
20,429930707,ZUP1,,2018,3
20,427770148,ZAP2,,2019,10
20,423330705,ZHP1,,2014,12
20,390000091,EP16,,2025,4
20,423331095,ZKE1,,2018,1
20,423331659,ZUP2,,2024,4
20,910001019,EP08,,2002,12
20,931450228,EP09,,2021,5
20,614005887,ZAS1,,2025,3
20,516000888BO01,EP24,,2023,12
20,613012999,EMHC,,2025,7
20,421111356,EMH5,,2014,12
20,423331047,ZRA1,,2023,3
20,421110720,EJK3,,2020,12
20,190020068,BI01,,2023,7
20,421110934,EMH6,,2013,2
20,611006335,EUP2,,2017,3
20,310000102,ELC1,,2015,11
20,421111741,EJK2,,2018,1
20,491110134,EUP1,,2015,6
20,910030094,EDEB,,2023,6
20,931659799,ZH05,,2025,5
20,423330022,ZCH1,,2007,4
20,423330355,ZRA1,,2022,5
20,931201682,EP22,,2021,6
20,424441066,EJK2,,2018,1
20,611001818,EMHA,,2010,12
20,931200274,EP10,,2019,2
20,110520015,EP04,,2013,12
20,510010129IN01,EP05,,2014,2
20,610039363,ZGU1,,2018,12
20,421112420,EKA1,,2021,12
20,423330084,ZMH2,,2011,12
20,427770360,ZAP1,,2024,12
20,911300821,EP09,,2022,2
20,421110993,EGU1,,2011,12
20,611004233,EMHA,,2013,12
20,494440121,EBI1,,2017,11
20,423331310,ZHR1,,2023,6
20,423331282,ZBI1,,2024,11
20,424440730,EMH1,,2016,10
20,931554953,EP04,,2021,12
20,427770148,ZAP1,,2019,2
20,494440001,EP16,,2025,1
20,423331011,ZMHA,,2019,4
20,614003185,ZWB1,,2022,12
20,421110865,EMH2,,2014,12
20,427770042,ZKA1,,2020,12
20,423330660,ZUP1,,2015,10
20,110470406,EP05,,2022,12
20,423330433,ZUT1,,2013,12
20,510007287IN03,EP04,,2025,5
20,613006608,ECH1,,2020,12
20,910011022,EP09,,2023,12
20,424440034,EMP1,,2015,12
20,423330187,ZCN1,,2008,7
20,514442946IN01,EP16,,2017,3
20,515550139IN01,EP16,,2024,5
20,421112538,ETN1,,2023,1
20,613004613,EUP2,,2019,11
20,420001161,EUP1,,2019,12
20,510004462IN01,EMHA,,2013,6
20,421110425,EBI1,,2006,12
20,310003214,EP04,,2023,7
20,931459073,EP24,,2021,12
20,423330475,ZMHA,,2015,5
20,424440673,EP16,,2018,12
20,210320074,EP09,,2012,8
20,423330190,ZUP3,,2008,3
20,931454392,EP22,,2022,4
20,210000022,EP16,,2024,2
20,5144407448X01,EP16,,2025,3
20,422220021,EMHA,,2013,11
20,423330603,ZBI1,,2023,6
20,614000582,ZUP3,,2020,7
20,510250091IN02,EP04,,2009,12
20,423330290,ZOR1,,2013,1
20,424440003,EBI1,,2013,8
20,931551255,EP26,,2023,11
20,420030001,ZWB1,,2004,4
20,423330475,ZOR1,,2010,12
20,427770037,ZKE1,,2019,9
20,614006820,ZJH1,,2025,12
20,423330829,ZHR1,,2018,6
20,510009332ZA01,EP04,,2017,11
20,427770161,ZAP2,,2019,2
20,429930655,ZUP1,,2019,1
20,51U000000105US01,EU01,,2013,12
20,510523357PL01,EP28,,2025,12
20,613006407,EUP3,,2020,12
20,421110490,EKE1,,2013,9
20,424440039,EHR1,,2019,12
20,590000351IN04,ELG1,,2023,8
20,423331046,ZOR1,,2021,8
20,210001474,EP16,,2023,6
20,421111069,EAP1,,2018,12
20,421111542,EOR1,,2016,5
20,910000767,EP12,,2007,11
20,611006185,EMHA,,2017,2
20,422220221,BMHC,,2017,11
20,110020192,BI01,,2019,10
20,610038131,ZMH3,,2017,12
20,210011566,EP04,,2022,12
20,492220019,BWB1,,2015,3
20,421111504,EMHC,,2017,6
20,427770122,ZWB1,,2018,9
20,611005064,EMH5,,2018,12
20,910000489,EP04,,2008,7
20,423331072,ZUP1,,2025,4
20,424440131,EJH1,,2017,12
20,911301736,EP22,,2022,12
20,420000660,BKE1,,2020,12
20,427770011,ZUP2,,2019,7
20,421111020,EMH6,,2013,7
20,423330002,ZAP1,,2007,5
20,910001458,BI01,,2004,5
20,421112312,EKE1,,2021,11
20,421110920,EPU1,,2009,12
20,421112807,EGU1,,2025,1
20,516000136RU01,EP04,,2024,3
20,110000257,ELO1,,2010,11
20,910013137,EP28,,2024,6
20,423330313,ZMH3,,2010,5
20,420000323,EMH1,,2006,8
20,421110224,EWB1,,2005,12
20,423331518,ZTN1,,2020,12
20,110000436,EP07,,2012,2
20,491110047,EMH2,,2012,6
20,420711461,EP04,,2025,5
20,424441615,EP16,,2025,5
20,210460010,EP04,,2022,10
20,420720153,MPIA,,2017,12
20,515550167IN04,EP16,,2024,3
20,424440731,EP16,,2024,1
20,427770113,ZMH2,,2021,9
20,110230040,EP04,,2020,12
20,110011791,EP09,,2025,3
20,422220081,BMHA,,2015,2
20,614003512,ZOR1,,2023,6
20,421111897,EMH6,,2018,12
20,421110806,EMP1,,2011,4
20,614003988,ZPU1,,2023,12
20,614002967,ZMP2,,2022,12
20,110000095,EP04,,2013,8
20,310020092,BI01,,2023,4
20,614000542,ZKE1,,2020,7
20,610036636,ZCH1,,2018,11
20,614003828,ZBI1,,2022,12
20,421110819,EMH3,,2013,1
20,424441025,EMH1,,2019,12
20,421110192,EHP1,,2021,2
20,210002883,ELR2,,2024,7
20,420500030,ZBI1,,2017,10
20,421112344,ZH05,,2025,8
20,424441267,EP16,,2026,3
20,613013411,EMHC,,2026,2
20,420500013,EMHA,,2010,12
20,421111386,ECH1,,2019,6
20,510030830IN01,ZLC1,,2015,11
20,51U000000478US01,EU01,,2025,4
20,427770114,ZPU1,,2014,12
20,421112661,EMH2,,2024,9
20,424440818,EWB2,,2014,12
20,421111741,ECH1,,2018,12
20,910001420,EP26,,2022,4
20,427770599,ZRA1,,2025,6
20,51U000000056US02,EU01,,2020,4
20,210250026,EP04,,2005,12
20,424440055,EJH1,,2012,12
20,613008505,EWB1,,2022,11
20,420030141,LAS1,,2009,11
20,110030007,ZLO1,,2025,5
20,210250003,EP04,,2022,12
20,613006534,EMH1,,2019,12
20,910010494,EP09,,2023,12
20,424441666,EP16,,2023,3
20,423330478,ZUT1,,2015,5
20,510710588CA02,EP04,,2024,7
20,491110019,EMH2,,2009,12
20,423330011,ZMH2,,2024,8
20,931400100,EP16,,2012,12
20,614004089,ZRA1,,2023,12
20,421110616,EAS1,,2016,1
20,514443633MN01,EP16,,2024,4
20,427770584,ZH05,,2025,1
20,421111253,EJK3,,2018,12
20,210010164,EP05,,2009,10
20,210006377,EP04,,2024,8
20,427770006,ZHR1,,2014,7
20,421113055,EMHC,,2025,5
20,494440016,EBI2,,2014,10
20,490000002,EPU1,,2004,12
20,510230018IN02,EP04,,2017,12
20,931456670,EP27,,2021,12
20,421112623,EKE1,,2021,12
20,429930631,ZMH1,,2015,12
20,427770117,ZAP2,,2021,3
20,492220005,BMHA,,2015,2
20,510250113IN01,EP04,,2023,1
20,421110897,EKE1,,2012,12
20,421110495,EMP2,,2014,6
20,614003580,ZUT1,,2022,12
20,421111050,EMH1,,2017,10
20,510030149IN03,ZLO1,,2009,12
20,490000001,EMP2,,2003,12
20,611007159,EMHA,,2015,12
20,421112141,EDEB,,2017,12
20,424441755,ETN1,,2022,8
20,210320138,EP18,,2023,7
20,421110345,EBI1,,2009,12
20,492220014,BWB1,,2014,11
20,110000172,ELL1,,2018,12
20,614006175,ZKA1,,2024,12
20,510030142IN04,ZLC1,,2022,12
20,910001979,EP20,,2015,10
20,510020658IN01,BI01,,2025,10
20,424440857,EP16,,2025,11
20,510005005IN01,EP04,,2023,11
20,424440061,EMH6,,2012,11
20,423330072,ZAP1,,2013,3
20,951020186,EP09,,2016,12
20,614003683,ZAP2,,2022,12
20,423330316,ZCH1,,2014,7
20,613005082,EOR1,,2020,5
20,420000037,ETN1,,2017,12
20,421111348,ETN2,,2013,12
20,931200752,EP09,,2018,12
20,611006251,EMHA,,2016,4
20,510030937IN02,ELS1,,2019,8
20,420520592,EP28,,2025,2
20,613005344,EUP3,,2020,9
20,931100148,EP16,,2021,6
20,492220038,BMH3,,2014,1
20,427790019,ZH01,,2023,7
20,110000269,ELS5,,2023,8
20,423330428,ZMH3,,2015,8
20,613005108,EMH5,,2020,5
20,614005148,ZMP2,,2022,12
20,613005089,EKA1,,2018,12
20,110010890,EP09,,2025,11
20,420003082,EP04,,2014,12
20,423330138,ZMHA,,2013,5
20,517770677IN01,ZH05,,2022,10
20,110001414,EP11,,2010,5
20,421111322,EDEA,,2018,12
20,516001777IN01,EP04,,2025,5
20,110250175,EP04,,2022,5
20,514443325IN01,EP16,,2023,9
20,514442799KH01,EP16,,2022,1
20,514440528IN01,EP16,,2013,5
20,491110007,EMH7,,2019,12
20,429930578,ZAP2,,2017,8
20,420710067,MPIB,,2024,6
20,420310329,ETN1,,2023,9
20,423330125,ZJH1,,2008,3
20,110000398,ELS2,,2003,12
20,210000445,EP04,,2024,6
20,423330422,ZMH2,,2011,10
20,423330026,ZKE1,,2007,9
20,613007458,EWB3,,2022,1
20,423330998,ZJH1,,2017,1
20,931657809,ZH06,,2024,12
20,422220220,BKE1,,2018,1
20,611003165,EMHC,,2019,12
20,614003064,ZUP3,,2021,12
20,210030166,ZH01,,2015,8
20,110080077,EP01,,2009,11
20,491110322,EDE1,,2019,4
20,613009381,EKE1,,2021,12
20,310000519,EP04,,2014,4
20,492220062,EOR2,,2012,12
20,110250090,EP04,,2025,7
20,424441015,ECH1,,2020,5
20,420711461,EP04,,2024,3
20,420030194,ZMHA,,2005,11
20,427770599,ZMH2,,2024,12
20,421110306,EMH1,,2009,6
20,915000243,EJH1,,2018,10
20,613008106,EBI2,,2022,8
20,422220023,BCN1,,2018,12
20,190000093,ZLO1,,2022,9
20,420000211,EHR1,,2021,2
20,422220039,EMH6,,2017,12
20,421112905,EPU1,,2021,12
20,423331182,ZMH2,,2022,1
20,514442251PE01,EP16,,2025,7
20,614003286,ZJK1,,2022,12
20,210003442,EP04,,2025,9
20,210000758,EP04,,2023,5
20,110002614,EP16,,2022,2
20,910310328,EP18,,2018,12
20,514445137NP01,EP16,,2022,10
20,423330013,ZMHA,,2012,5
20,931406389,EP04,,2019,12
20,420008972,EKE1,,2026,2
20,510000897IN02,ZLE1,,2006,12
20,210000917,ELL2,,2004,12
20,424440754,EMHA,,2017,12
20,611008790,ETN2,,2016,12
20,421110657,ECH1,,2012,8
20,420030072,ZMHA,,2002,12
20,514443187IN01,EP16,,2017,3
20,423330561,ZAS1,,2021,5
20,423331361,ZUP2,,2021,4
20,613004762,EMH6,,2020,2
20,931300230,EP09,,2020,11
20,310020062,BI01,,2019,8
20,423330368,ZDE1,,2015,2
20,910001042,EP02,,2002,12
20,614001736,ZCH1,,2020,12
20,510002598SN01,ELS1,,2023,10
20,915007404,ZH05,,2025,8
20,514442012CU01,EP16,,2023,11
20,310460043,EP04,,2026,2
20,614006249,ZJK1,,2024,12
20,427770024,ZMH1,,2016,5
20,427790211,ZH05,,2024,9
20,420000595,ZMHA,,2004,5
20,915009234,EP09,,2026,3
20,421111436,EBI2,,2025,8
20,423331409,ZDEB,,2025,9
20,423331720,ZKA1,,2023,12
20,931100160,EP16,,2015,9
20,491110178,ETN1,,2013,3
20,423330020,ZMP2,,2010,1
20,514440552SN01,EP16,,2025,6
20,421110134,ECH1,,2011,4
20,310030353,ZH02,,2022,12
20,410000002,EGU1,,2006,7
20,510080032IN02,EP01,,2006,11
20,421110494,EMHA,,2014,8
20,421112237,EGU1,,2024,8
20,492220031,EKE1,,2011,1
20,494440065,ERA1,,2013,8
20,420000508,ECN1,,2019,12
20,613003127,EMHC,,2019,7
20,594440023IN01,EP16,,2012,6
20,422220118,BMH3,,2024,4
20,110030041,ZH03,,2022,12
20,910012149,EP22,,2021,4
20,423330895,ZGU1,,2018,2
20,423330226,ZJH1,,2011,1
20,910001575,EP09,,2016,6
20,613008663,EMHC,,2022,12
20,421110203,EKA1,,2007,12
20,951022166,EP22,,2017,12
20,310310294,EP28,,2021,12
20,424440058,ETN1,,2017,7
20,510002712TZ03,EP04,,2025,5
20,420000328,ETN1,,2007,10
20,210011125,ZH05,,2022,4
20,424441439,EJK2,,2019,11
20,510003471TH04,ELS1,,2024,2
20,614004183,ZGU1,,2022,12
20,110000544,ZLO1,,2023,1
20,421110430,EMH1,,2008,1
20,210010958,EP09,,2014,7
20,590000680IN01,ELV4,,2026,3
20,420000217,EMHA,,2005,10
20,510520627IN02,EP18,,2019,12
20,110040022,EP10,,2006,5
20,492220004,BUP2,,2010,10
20,421110586,EMH5,,2011,12
20,427770137,ZBI1,,2021,7
20,951020367,EP08,,2015,12
20,910010411,EP09,,2022,9
20,510110008IN01,EP04,,2025,6
20,423331191,ZMP2,,2020,8
20,423330274,ZKA1,,2012,4
20,420000081,ECN1,,2004,4
20,423331315,ZAP2,,2023,5
20,423330127,ZAP1,,2006,12
20,423330173,ZBI1,,2012,12
20,910001064,EP16,,2023,10
20,420001069,EBI2,,2006,4
20,110002215,EP04,,2013,1
20,421110645,EKA1,,2019,2
20,614006183,ZMHA,,2023,12
20,931200401,EP04,,2024,10
20,110010079,EP09,,2010,9
20,423331032,ZWB1,,2023,11
20,421112325,EGU1,,2021,5
20,423330085,ZDE1,,2014,9
20,420610003,ZUT1,,2024,7
20,510000956IN01,ELC1,,2006,3
20,614002855,ZOR1,,2022,12
20,421110577,ERA1,,2021,7
20,951020069,EP10,,2016,12
20,210470210,EP09,,2016,12
20,420001022,EP04,,2026,2
20,110000753,ZLS3,,2023,2
20,424440286,EP16,,2018,6
20,424441016,EPU2,,2019,12
20,613006314,EUT1,,2019,12
20,610035825,ZBI1,,2016,12
20,429930243,ZDEB,,2017,11
20,423330432,ZMH2,,2012,3
20,422220028,EWB3,,2020,12
20,423331301,ZUP1,,2020,11
20,420000454,EP08,,2009,12
20,590000706IN02,ELV4,,2022,5
20,931402894,EP10,,2018,12
20,110000047,ELO1,,2010,12
20,613005892,EUP1,,2019,12
20,421111012,EMHA,,2014,8
20,510008855NG01,ELM3,,2026,2
20,423331091,ZJH1,,2023,4
20,420000417,ECH1,,2003,12
20,390000089,EP16,,2024,1
20,210010859,EP09,,2021,12
20,421111536,EOR1,,2020,3
20,422220007,BKA1,,2014,11
20,5144449318X01,EP16,,2024,8
20,514441195PY01,EP16,,2023,9
20,21U000100231,EU01,,2020,2
20,510030676IN01,ZLC1,,2011,12
20,210004512,EP16,,2024,12
20,613004703,EBI2,,2018,12
20,110000364,ELS2,,2012,2
20,110020177,BI01,,2018,4
20,424441058,MN01,,2020,4
20,951021950,ZH05,,2017,12
20,422220282,EMP2,,2023,12
20,915002753,EP26,,2023,12
20,420000624,EAP2,,2022,12
20,514444125TJ01,EP16,,2025,5
20,210000094,ELM3,,2023,9
20,427770321,ZH05,,2024,7
20,420521014,EP04,,2024,10
20,613009994,EMHC,,2024,12
20,423330367,ZJK1,,2017,6
20,420250207,EP04,,2022,2
20,427770049,ZMHA,,2018,10
20,210004656,EP04,,2015,12
20,510003085IN01,EP04,,2022,7
20,491110004,ETN1,,2011,9
20,421112244,EAS1,,2020,7
20,420000320,EWB2,,2002,12
20,931201947,EP22,,2019,12
20,420520414,EP28,,2023,1
20,951021599,ZH01,,2015,12
20,210010514,EP01,,2007,8
20,421110055,EJK2,,2007,9
20,424441222,EHR1,,2020,4
20,510002613IN01,EP01,,2006,3
20,423331043,ZDEB,,2017,6
20,422220339,BUP3,,2026,3
20,931305258,EP04,,2021,12
20,421111338,ERA1,,2017,7
20,423331210,ZBI1,,2026,3
20,424441064,EUP1,,2019,1
20,420004277,EP10,,2015,12
20,910000033,EP09,,2012,11
20,420000695,EJH1,,2006,2
20,423330561,ZMH1,,2020,9
20,510520139GB03,EP04,,2024,12
20,210003083,EP04,,2025,3
20,424441580,EOR1,,2021,11
20,910010473,EP09,,2023,7
20,5144408478X01,EP16,,2019,12
20,110000371,EP05,,2010,12
20,910030096,ZJK1,,2023,12
20,421110172,EP03,,2004,12
20,424440492,EMH3,,2024,3
20,424441140,EP16,,2019,10
20,210030076,ZH06,,2025,12
20,420030125,ZBI1,,2005,2
20,610037175,ZAP2,,2015,12
20,423331153,ZWB1,,2018,2
20,421110691,EMH5,,2017,8
20,210320082,ELK2,,2025,2
20,210000026,EP16,,2024,11
20,611008398,EGU1,,2016,12
20,510003580IN01,EP16,,2022,9
20,951022127,EP24,,2017,12
20,420730202,MNP2,,2024,9
20,420270013,EP04,,2006,12
20,424441138,EKE1,,2019,5
20,423330429,ZMH2,,2017,7
20,210001568,EP22,,2024,8
20,491110024,EWB2,,2009,12
20,510004873IN01,EP04,,2024,4
20,110030003,ZLO1,,2025,11
20,421112540,ZH05,,2025,9
20,613003900,EMHA,,2017,12
20,420001025,EP04,,2022,1
20,491110240,EJK3,,2016,12
20,427770174,ZH05,,2024,4
20,427770060,ZMH3,,2015,9
20,42TU00143,TILC,,2017,12
20,427770040,ZH01,,2018,1
20,429930972,ZMHA,,2023,7
20,910006825,EP09,,2023,12
20,611005195,EMH1,,2016,12
20,951020874,EP12,,2016,12
20,423330083,ZMH2,,2010,8
20,424441404,EMH1,,2023,7
20,210004860,ELR2,,2022,12
20,590260066IN01,EP10,,2008,8
20,910015315,EP28,,2020,12
20,427770242,ZAS1,,2023,11
20,420000249,EPU1,,2003,12
20,910000601,EP07,,2003,12
20,421113128,EGU1,,2026,3
20,51U000000321US01,EU01,,2019,8
20,514440332IN01,EP16,,2011,1
20,110000316,ZLB1,,2022,7
20,420000221,EGU1,,2004,12
20,420000550,ZP01,,2004,12
20,421110328,EWB1,,2009,5
20,421110646,EKE1,,2022,9
20,421111166,EMHA,,2011,12
20,421111010,EMH3,,2022,12
20,423330578,ZMH1,,2014,11
20,110000365,EP02,,2002,12
20,429991214,EMH1,,2022,12
20,210001014,ELS1,,2018,7
20,422220168,EMH2,,2023,9
20,516000550IN01,ELW2,,2025,7
20,5177712288X01,ZH01,,2022,9
20,423330072,ZGU1,,2013,11
20,421111293,ETN1,,2015,3
20,310000457,ELW1,,2010,12
20,421111769,EMHC,,2017,3
20,110002712,EP04,,2023,3
20,421110364,ECH1,,2010,8
20,613003974,EWB1,,2018,12
20,424441064,EOR1,,2025,3
20,310001736,EP22,,2020,5
20,494440092,EP16,,2024,6
20,427770036,ZH01,,2024,2
20,613006459,EBI2,,2021,6
20,51U000000390US01,EU01,,2025,6
20,614004188,ZMHA,,2024,4
20,424441259,EBI2,,2020,11
20,427770198,ZAP1,,2024,9
20,510002122NG01,EP01,,2005,12
20,210003955,EP04,,2023,2
20,421111062,EWB2,,2013,8
20,110000269,EP03,,2006,3
20,5100005858X01,EP01,,2008,12
20,423331046,ZDE1,,2020,7
20,110000023,CMLS,,2025,3
20,421112178,EUP3,,2024,6
20,421110668,EPU2,,2010,1
20,515550054IN01,EP16,,2009,5
20,110004064,EP16,,2023,4
20,427770322,ZBI1,,2025,4
20,423330561,ZDE1,,2019,4
20,429930347,ZPU1,,2016,12
20,420000034,EJK2,,2004,8
20,190000222,EP16,,2015,12
20,423330387,ZCH1,,2017,5
20,420000852,ECH1,,2007,12
20,110230015,EP09,,2005,12
20,110110002,EP04,,2008,3
20,420500018,ZBI1,,2021,12
20,421111551,EAP2,,2016,4
20,310030031,ELC1,,2007,6
20,423330289,ZRA1,,2015,2
20,613011918,EMHC,,2022,12
20,614000188,ZUP1,,2018,12
20,210000337,ELL1,,2004,9
20,420500004,ZDE1,,2013,1
20,915008409,EP09,,2024,12
20,210030604,ZH01,,2023,12
20,510710205IN02,EP04,,2017,12
20,613008998,EUP2,,2022,12
20,420500006,ZKA1,,2016,5
20,424442051,EUP3,,2023,12
20,420000192,ECH1,,2004,12
20,421110466,EMH2,,2013,5
20,610037630,ZUP2,,2017,8
20,421111073,EMHA,,2014,6
20,422220166,EMHA,,2017,6
20,429930872,ZGU1,,2021,12
20,310002495,ELV4,,2022,4
20,423330359,ZJH1,,2011,3
20,931303409,EP22,,2020,7
20,911308348,EP22,,2025,1
20,421110631,EJK3,,2013,12
20,421113127,EGU1,,2023,12
20,421110235,EJK2,,2010,7
20,421110575,EJK2,,2011,4
20,614002693,ZMH3,,2021,12
20,421110004,EMH1,,2021,7
20,910000767,EP10,,2017,4
20,510030102IN01,ZH01,,2022,7
20,514442209PE01,EP16,,2023,11
20,42U137000002,EU01,,2021,11
20,423330169,ZHR1,,2012,6
20,210005624,EP16,,2021,11
20,210010884,EP09,,2025,5
20,510270084IN03,EP04,,2023,6
20,610038007,ZHR1,,2016,12
20,614000562,ZKE1,,2019,12
20,490000010,EGU1,,2008,1
20,310000067,ZLC1,,2023,11
20,420500021,LMP2,,2010,12
20,614000829,ZAP1,,2019,12
20,423330083,ELC1,,2011,11
20,931306083,EP22,,2023,12
20,110020190,BI01,,2019,12
20,915005817,ZH06,,2025,4
20,424441012,EMHC,,2021,2
20,421110621,EDE1,,2020,12
20,421110070,ETN1,,2007,9
20,421110660,EWB1,,2014,12
20,490020040,BTN1,,2021,2
20,424440172,EP16,,2025,9
20,110020196,BI01,,2021,6
20,310000463,ELI2,,2023,2
20,110001254,ELO1,,2011,9
20,491110102,EDE1,,2013,12
20,423330916,ZBI1,,2024,11
20,42TU00129,TILB,,2019,2
20,421111062,EMH3,,2015,4
20,310280010,EP04,,2026,1
20,423331052,ZLC2,,2021,10
20,420500007,ZUP1,,2022,3
20,510520233DE01,EP04,,2023,6
20,420000586,ZRA1,,2004,12
20,421111111,EOR1,,2011,12
20,423330070,ZRA1,,2008,9
20,110001602,ZH06,,2025,2
20,423330489,ZKE1,,2010,12
20,423331539,ZMH1,,2023,5
20,423330276,ZTN1,,2016,8
20,510030702IN01,ZH01,,2019,10
20,110010012,EP09,,2017,12
20,614006062,ZKE1,,2025,5
20,423331084,ZHR1,,2025,11
20,423330324,ZP01,,2008,12
20,427770069,ZHR1,,2016,2
20,424440200,EMP2,,2019,5
20,613006822,ECH1,,2020,12
20,210003403,EP04,,2024,3
20,422220140,BMH1,,2021,9
20,910030079,ECH1,,2023,5
20,421112225,EMH3,,2020,12
20,931409191,EP09,,2024,1
20,210000042,EP04,,2024,2
20,424441140,EOR1,,2023,8
20,110010433,EP09,,2011,7
20,517771156BF01,ZH01,,2022,12
20,421112033,EMH1,,2026,1
20,910000739,EP06,,2004,12
20,421112842,ETN1,,2023,12
20,510031011IN03,ZLS1,,2025,8
20,424440005,EHP1,,2015,5
20,310040001,EP03,,2004,4
20,510007058IN01,ELP4,,2015,11
20,110003586,EP04,,2019,11
20,5144414678X01,EP16,,2023,1
20,427770039,ZAS1,,2014,3
20,110002816,ELC1,,2015,9
20,424440101,EMH1,,2020,11
20,429930742,ZUT1,,2017,12
20,423330437,ZWB1,,2014,5
20,423330202,ZHP1,,2008,7
20,491110312,EJK2,,2018,5
20,424441863,EHR1,,2023,3
20,210011502,EP09,,2022,7
20,911302067,EP04,,2023,12
20,931200134,EP09,,2018,9
20,421112338,EDE1,,2021,4
20,420001066,EMP1,,2006,5
20,310000443,EP25,,2018,1
20,427770032,ZMH3,,2015,8
20,510710003IN03,EP04,,2024,12
20,514442446IN01,EP16,,2023,7
20,424441098,EAP1,,2019,5
20,110470727,EP05,,2026,3
20,421111636,EBI2,,2018,12
20,613003742,EDE1,,2018,12
20,210020082,BI01,,2019,5
20,931558753,EP09,,2023,12
20,427770015,ZUT1,,2020,7
20,420000360,EKA1,,2004,5
20,910005156,EP05,,2024,12
20,110000165,ZLC1,,2017,10
20,510000256IN01,ELC1,,2003,12
20,5100011718X02,EP03,,2006,11
20,610022268,BMHC,,2025,2
20,931305214,EP22,,2020,12
20,110000406,ELM7,,2015,5
20,421113132,EJK2,,2025,5
20,421110549,EUP2,,2012,3
20,424440667,EDEB,,2015,10
20,613000053,EMHC,,2017,12
20,210005012,EP04,,2025,11
20,951021620,EP08,,2016,12
20,614006364,ZKA1,,2025,8
20,421110082,LAS1,,2016,1
20,931100052,EP04,,2023,10
20,110030051,ZH06,,2021,4
20,613012492,EMHC,,2023,12
20,614006397,ZAP1,,2025,8
20,424440012,EJK2,,2011,12
20,514443026MM03,EP16,,2024,9
20,421110055,EOR1,,2020,8
20,429990620,ELC1,,2011,12
20,423330024,ZAS1,,2009,11
20,423331110,ZUP2,,2021,6
20,420005251,EUT1,,2019,11
20,5177716598X01,ZH05,,2025,10
20,427770213,ZH05,,2022,9
20,423330276,ZPU1,,2009,10
20,421111501,EKA2,,2016,12
20,493330016,ZHP1,,2008,12
20,423331591,ZAP1,,2022,12
20,427770373,ZH05,,2023,1
20,611008464,EMHC,,2017,6
20,423330245,ZCN1,,2012,12
20,427770111,ZUP2,,2016,8
20,310000983,EP04,,2025,11
20,423331617,ZUP1,,2025,12
20,421111883,ETN2,,2017,11
20,424441074,EBI2,,2018,1
20,424441098,EPU2,,2020,12
20,610009757,EMHA,,2011,7
20,910011731,EP16,,2021,12
20,421111292,EAP2,,2019,11
20,613008477,EBI2,,2021,12
20,210000362,EP16,,2016,1
20,423330070,ZUT1,,2014,6
20,421111116,EDEB,,2021,6
20,423331312,ZWBA,,2020,12
20,421113209,EUP3,,2024,12
20,614000488,ZUP2,,2020,8
20,421112517,ECH1,,2023,4
20,423330771,ZJK1,,2016,8
20,423330377,ZTN1,,2016,11
20,424441154,EUT1,,2017,12
20,516001316SA01,EP22,,2025,1
20,931459507,EP12,,2021,12
20,310100005,EP04,,2023,9
20,421110738,EMP1,,2010,8
20,423330328,ELM3,,2019,12
20,910310273,EP22,,2021,7
20,420001825,ELC1,,2006,12
20,421112120,EJK2,,2020,5
20,423331678,ZJH1,,2024,9
20,423330248,ZGU1,,2015,11
20,910001038,EP09,,2004,5
20,613003783,EUP1,,2017,12
20,424440730,ERA1,,2016,8
20,610004078,EMHA,,2007,4
20,421110524,EBI2,,2012,1
20,310100062,EP04,,2025,4
20,424440555,EMHA,,2017,4
20,614005697,ZMH3,,2023,12
20,611004258,ERA1,,2015,12
20,421112676,EOR1,,2022,12
20,420520452,EP22,,2023,1
20,427770597,ZKE1,,2024,12
20,610039030,ZMHA,,2018,12
20,910000489,EP10,,2012,3
20,510002326IN01,EP03,,2012,2
20,590020002IN05,BI01,,2025,1
20,423330197,ZMP2,,2005,12
20,421110490,ECH1,,2010,7
20,610038035,ZMHA,,2018,6
20,424441255,EMP2,,2019,4
20,423330749,ZMHA,,2020,6
20,517770910IN02,ZH05,,2024,11
20,424440835,EUP1,,2017,12
20,514442317GT02,EP16,,2023,4
20,427770178,ZUT1,,2024,5
20,931100050,EP22,,2020,12
20,931554977,EP04,,2023,11
20,110000392,EP07,,2011,10
20,423330177,ZLE2,,2024,12
20,421111779,ETN2,,2016,12
20,514441906JM01,EP16,,2022,8
20,210020142,BI01,,2025,4
20,421110145,EPU2,,2016,12
20,423330483,ZJH1,,2024,4
20,427770221,ZAP2,,2021,3
20,424441217,EHR1,,2020,5
20,423330221,ZMH1,,2009,6
20,611008138,EJH1,,2017,3
20,421111895,EMP2,,2018,8
20,423330276,ZDE1,,2011,9
20,613008156,EKA1,,2022,8
20,421113146,EDE1,,2023,12
20,421110112,EBI1,,2008,1
20,424440062,EWB2,,2012,4
20,421111114,EMH2,,2016,10
20,510006608IN01,EP04,,2010,12
20,420310048,EP18,,2024,10
20,493330020,ZGU1,,2010,8
20,423330496,ZJH1,,2015,3
20,110030150,EP07,,2015,12
20,510520279IT01,EP04,,2024,11
20,424441537,EMHC,,2026,1
20,421110081,EPU1,,2007,12
20,421110377,EHP1,,2019,12
20,931400044,EP09,,2009,12
20,424441223,EOR1,,2022,11
20,514441017IN01,EP16,,2025,1
20,514440004IN02,EP16,,2015,6
20,951020485,EP04,,2017,3
20,421110346,EMH3,,2009,12
20,492220030,EDEA,,2016,12
20,910010791,EP26,,2023,12
20,614003999,ZUT1,,2023,12
20,491110083,EMH2,,2010,12
20,420008826,ZUT1,,2024,12
20,421112727,EUP1,,2024,6
20,310000900,EP04,,2019,12
20,610039397,ZBI1,,2017,12
20,5144411878X01,EP16,,2020,3
20,421111510,EWB2,,2014,12
20,931550910,EP05,,2023,5
20,424440823,EMH1,,2019,12
20,951020017,EP24,,2017,3
20,613002543,EKA1,,2019,2
20,423330148,ZMH1,,2010,7
20,210001104,EP01,,2007,3
20,611007526,EJK2,,2016,12
20,911305581,EMHC,,2023,7
20,613006695,EJK2,,2019,12
20,421110494,EHR1,,2014,12
20,42TU00993,TI01,,2025,5
20,210270403,EP04,,2024,3
20,613005183,EMHA,,2018,12
20,614003079,ZGU1,,2022,12
20,424440074,EUT1,,2015,9
20,423330010,ZMHA,,2007,2
20,614001686,ZMH3,,2021,9
20,910310035,EP18,,2017,12
20,613007968,EUP3,,2022,6
20,910030083,EMH2,,2021,6
20,210006011,EP04,,2025,5
20,421111482,EJH1,,2015,11
20,110011217,EP09,,2017,11
20,423330909,ZAP2,,2019,5
20,421110237,EMH6,,2010,12
20,420000615,EMH5,,2011,6
20,422220007,BDEA,,2013,9
20,423330292,ZAP1,,2012,4
20,110001515,ELS1,,2022,1
20,420000294,EMH3,,2004,10
20,420001293,EP04,,2025,5
20,421110104,EMH4,,2008,1
20,610000595,EMHA,,2003,12
20,421111902,EBI2,,2022,10
20,611007422,EUP2,,2017,3
20,420030197,ZCH1,,2006,8
20,423331054,ZOR1,,2017,2
20,423330474,ZMP2,,2013,11
20,424441835,EGU1,,2025,9
20,611009472,EBI2,,2017,11
20,429930669,ZUP3,,2017,8
20,110470460,EP05,,2022,9
20,510521476IT01,EP28,,2022,11
20,429930870,ZMHA,,2021,7
20,424440494,EP16,,2022,1
20,423331550,ZMH2,,2022,11
20,310000633,EP04,,2010,11
20,420710352,MPIB,,2019,10
20,594440187PH04,EP16,,2013,12
20,424441855,EWB2,,2021,12
20,420000195,EP08,,2005,8
20,517770341IN03,ZH05,,2025,10
20,910009736,EP12,,2017,12
20,613005535,EMHC,,2020,12
20,423330227,ZAP2,,2013,12
20,510030843IN02,ZLC1,,2023,5
20,420006079,EEXP,,2023,10
20,423330085,ZGU1,,2016,9
20,951020505,EP16,,2017,3
20,931407085,EP22,,2019,12
20,610000256,EMHA,,2007,10
20,423330800,ZCH1,,2020,11
20,210010215,EP01,,2006,12
20,42U027000095,EU01,,2017,12
20,429931004,ELS1,,2023,9
20,422220261,BGU1,,2020,12
20,421111639,EMH2,,2016,5
20,420000323,EJH1,,2005,3
20,510380007IN01,EP10,,2012,4
20,517770293IN01,ZH01,,2016,12
20,614004566,ZPU1,,2024,4
20,429930728,ZUT1,,2015,12
20,421111531,EMH3,,2016,5
20,421111649,EMHC,,2015,12
20,422220057,BGU1,,2016,12
20,310310125,EP18,,2015,2
20,614005833,ZOR1,,2023,12
20,421111366,ECH1,,2016,3
20,423330191,ZUP3,,2011,2
20,613009183,EMHC,,2024,4
20,423330232,ZBI1,,2009,3
20,910011992,EP04,,2024,9
20,424441221,EBI2,,2018,12
20,421110575,EJK2,,2013,10
20,421110317,EDE1,,2021,11
20,423330130,ZUP1,,2008,11
20,951020085,EP12,,2017,3
20,423330860,ZWB1,,2017,8
20,429991574,EKA2,,2024,3
20,423330776,ZAP1,,2025,6
20,310310010,EP18,,2024,10
20,590000378IN01,EP04,,2009,6
20,421112334,EDE1,,2020,5
20,423331197,ZMP2,,2019,6
20,491110036,EUP2,,2008,10
20,614003314,ZMP2,,2021,12
20,910002333,EP12,,2022,1
20,421112514,EDE1,,2023,4
20,423330486,ZCH1,,2013,12
20,110000370,EP07,,2015,12
20,424440002,EPU2,,2014,11
20,510031170IN03,ZH06,,2022,8
20,210030337,ZH05,,2024,2
20,951021327,EMHC,,2015,12
20,423330011,ZJH1,,2014,2
20,510003226IN01,EP04,,2025,7
20,421110499,LKA1,,2008,12
20,493330035,ZUP1,,2009,9
20,510009992IN03,ELL2,,2025,11
20,210003666,EP04,,2022,7
20,424440195,ERA1,,2010,11
20,421110293,ERA1,,2007,4
20,424440061,EWB2,,2013,3
20,110000082,EP07,,2011,1
20,421110644,EJK3,,2015,4
20,110360022,EP16,,2010,11
20,517771416IN01,ZH05,,2025,7
20,110020295,BI04,,2019,12
20,427770078,ZMP2,,2017,7
20,429991363,EDE1,,2020,12
20,491110092,EMH2,,2012,8
20,424440003,EMHA,,2006,12
20,910005646,EP20,,2014,7
20,910011121,EP09,,2019,8
20,420730292,MNP2,,2025,5
20,421110447,ERA1,,2019,12
20,491110133,EUT1,,2011,4
20,594440201SN02,EP16,,2021,10
20,310030205,ZLS1,,2019,11
20,931407404,EP22,,2018,12
20,613007275,EMH1,,2021,12
20,613006602,EMH7,,2019,12
20,614006957,ZUP2,,2026,2
20,613005943,ETN1,,2019,12
20,429930964,ZKE1,,2020,12
20,423330350,ZDE1,,2010,4
20,421112614,ECH1,,2025,7
20,420030217,ZMH2,,2021,2
20,423330377,ZKA1,,2010,10
20,424440729,EP16,,2024,3
20,210000032,EP16,,2013,1
20,614005655,ZDEB,,2023,12
20,915004736,EP27,,2024,12
20,590020107IN01,BI01,,2025,10
20,514440580IN02,EP16,,2023,12
20,424441217,EKA1,,2020,8
20,613004464,EHR1,,2018,12
20,423331466,ZAP2,,2023,12
20,110003512,EP04,,2025,1
20,492220024,BMH1,,2017,12
20,613005949,EKE1,,2019,12
20,424440323,EEXP,,2013,12
20,110250041,EP04,,2008,2
20,427770150,ZMH2,,2023,4
20,931303619,EP22,,2025,8
20,210002145,EP04,,2025,11
20,421111805,EHR1,,2017,3
20,310030248,ZH05,,2025,8
20,423330387,ZKA1,,2018,12
20,420000407,EJH1,,2005,7
20,423330169,ZKE1,,2018,4
20,980003371,EP05,,2022,12
20,517770903IN01,ZH05,,2024,7
20,423330735,ZAP1,,2015,5
20,42U028000042,EU01,,2024,2
20,510270099IN01,EP04,,2022,3
20,423330580,ZGU1,,2015,3
20,491110368,EMH2,,2018,11
20,423330070,ZHR1,,2018,7
20,516001775YE01,EP24,,2022,3
20,613006734,EPU2,,2021,8
20,210001167,EP16,,2025,4
20,421110623,EUP2,,2010,6
20,516000880DO01,ELM9,,2024,9
20,420030031,ZWB1,,2007,5
20,423330030,ZBI1,,2006,6
20,427770139,ZMH3,,2020,3
20,614002889,ZMH3,,2021,12
20,420500039,ZTN1,,2017,3
20,421111119,EMP1,,2016,12
20,422220285,BOR1,,2022,6
20,210000721,EP04,,2022,11
20,427790120,ZMHA,,2022,5
20,420000365,EMH1,,2021,2
20,516002104CH02,EP22,,2025,3
20,517770009IN03,ZH01,,2024,10
20,424441538,EMH1,,2024,12
20,423330023,ZAS1,,2006,5
20,910000030,EP28,,2021,10
20,491110019,EAP1,,2007,9
20,210030166,ZH01,,2021,2
20,510000450IN04,ELC1,,2006,12
20,421111092,EHR1,,2021,7
20,613008247,ETN2,,2020,12
20,421112238,EAP1,,2024,5
20,423330040,ZGU1,,2004,12
20,423330600,ZGU1,,2024,12
20,420030240,ZKA1,,2006,3
20,210010615,EP07,,2011,7
20,422220120,BGU1,,2016,7
20,491110138,EMH4,,2011,4
20,491110326,EKA1,,2017,2
20,424440134,EDEB,,2020,12
20,424440756,EAS1,,2016,1
20,931651422,EP28,,2022,12
20,424440075,EUP3,,2007,12
20,594440218IN01,EP16,,2021,12
20,510000374VN01,ELM3,,2004,5
20,516000149IN01,ZH01,,2024,11
20,613006429,ECH1,,2019,12
20,210030480,ZH05,,2024,3
20,613007515,EUP3,,2021,12
20,421110067,EMH1,,2007,1
20,610036798,ZKE1,,2016,12
20,110310020,EP18,,2011,2
20,423330904,ZDEB,,2016,2
20,5177712088X01,ZH01,,2026,1
20,424441186,EMHC,,2018,11
20,420001671,EUP2,,2021,2
20,421110791,EUP3,,2010,12
20,427770030,ZUP3,,2022,8
20,424441403,EMH5,,2019,5
20,614005718,ZDEB,,2024,12
20,510003956CL02,ELS1,,2008,12
20,423330221,ZDEA,,2012,12
20,510030126IN09,ZLM3,,2021,9
20,421110499,ZDE1,,2020,12
20,423330578,ZUT1,,2017,2
20,613008995,ECH1,,2023,2
20,427770088,ZUP2,,2020,12
20,911301302,EP22,,2025,4
20,421112100,ECH1,,2017,12
20,424441698,EGUA,,2022,3
20,614002911,ZOR1,,2022,12
20,429930386,ZAS1,,2020,6
20,931202219,EP09,,2019,12
20,429991230,ERA1,,2017,12
20,610036018,ZJH1,,2018,11
20,931453391,EP16,,2025,7
20,514442572IN01,EP16,,2016,2
20,422220320,BKE1,,2023,2
20,613006005,EJH1,,2020,12
20,310000632,ELL2,,2009,12
20,421111475,ETN1,,2019,11
20,493330072,ZJK1,,2015,1
20,210004370,EP04,,2020,12
20,420710143,MPIB,,2018,2
20,110000191,EP04,,2022,12
20,610036409,ZUP1,,2017,3
20,910003795,EP22,,2022,1
20,423330179,ZGU1,,2007,4
20,910000573,EP12,,2015,1
20,420000901,EMH3,,2020,12
20,424440010,EMH5,,2020,12
20,514441990GH01,EP16,,2012,12
20,420710410,MPIB,,2024,1
20,421111240,EKA1,,2014,12
20,517770551IN02,ZH05,,2020,12
20,427770226,ZJH1,,2018,12
20,424441260,EGUA,,2019,11
20,424440089,EUP3,,2008,12
20,420500033,ZBI1,,2014,4
20,210002233,EP16,,2025,4
20,931406455,EP04,,2020,3
20,613008891,EWB1,,2021,12
20,910001856,EP12,,2020,3
20,424440967,EMHC,,2021,8
20,610031777,ZMHA,,2009,7
20,427770150,ZDE1,,2018,6
20,613005009,EKA1,,2020,5
20,421112350,ELA7,,2026,2
20,931406817,EP22,,2023,12
20,423331316,ZJK1,,2020,1
20,210030312,ZLC1,,2022,8
20,951010045,EP19,,2015,12
20,421112769,EMP2,,2023,12
20,110000320,ELS2,,2005,11
20,951010111,EP08,,2015,12
20,421110994,EGU1,,2013,11
20,310030034,EP16,,2019,7
20,310000056,EP16,,2021,8
20,514444339MZ02,EP16,,2025,6
20,210210091,EP04,,2025,1
20,424441859,EP16,,2022,11
20,5144448598X01,EP27,,2026,2
20,491110246,EKA2,,2015,6
20,42TU00658,TIMC,,2022,12
20,610036359,ZAP2,,2016,12
20,491110324,EMH1,,2017,5
20,110000596,EP04,,2025,4
20,515550011IN04,EP16,,2022,6
20,424440981,EMP2,,2024,3
20,910001113,EP07,,2003,12
20,613005536,EMHC,,2022,5
20,423330703,ZHR1,,2017,12
20,110000217,EP01,,2007,12
20,424440590,EGU1,,2017,8
20,492220033,EUP2,,2016,12
20,420001645,EEXP,,2010,12
20,420002132,EEXP,,2021,11
20,510002635UA01,EP04,,2004,12
20,420030074,ZGU1,,2004,10
20,910001494,BI02,,2002,12
20,210320134,EP18,,2023,5
20,421110415,EMH4,,2008,6
20,423331122,ZJH1,,2024,7
20,421111020,EKE1,,2014,3
20,613005170,EUP2,,2018,12
20,422220166,EHP1,,2020,12
20,514445254MM01,EP16,,2021,12
20,423330495,ZWB1,,2018,7
20,423330053,ZMH2,,2007,6
20,613007789,EMH2,,2022,4
20,110000191,EP19,,2008,12
20,423330594,ZMH3,,2012,12
20,420270109,EP04,,2025,12
20,421110801,ECH1,,2010,11
20,613004493,EWB3,,2017,12
20,427770164,ZMP2,,2018,5
20,424440933,EAS1,,2017,2
20,614005303,ZMP2,,2024,11
20,510310489DE03,EP18,,2024,1
20,510711429CA01,EP04,,2025,3
20,423331302,ZAS1,,2020,10
20,421110499,EHR1,,2008,8
20,420000705,ERA1,,2002,12
20,420000345,ECN1,,2004,4
20,910030091,ZMH2,,2025,7
20,423330215,ZDE1,,2009,4
20,424441085,ERA1,,2024,8
20,424440083,EPU2,,2010,5
20,421111771,EOR2,,2017,12
20,420000693,EUT1,,2005,5
20,427790033,ZH01,,2026,1
20,420500012,LBI1,,2010,8
20,420005258,EJH1,,2018,12
20,613012806,EMH2,,2023,12
20,420007205,EP04,,2024,6
20,422220233,BRA1,,2024,11
20,590000456IN07,EP04,,2022,11
20,492220004,BBI1,,2017,2
20,423330068,ZMP2,,2009,4
20,910012729,EP09,,2021,12
20,423331035,ZMHA,,2016,9
20,420500017,LUP2,,2011,3
20,421110938,EAP1,,2010,12
20,427770013,ZP01,,2020,12
20,420000465,EJH1,,2004,5
20,421110643,EMHA,,2016,7
20,516001457IN02,ELS1,,2023,7
20,951021430,EP08,,2016,12
20,210001469,EP16,,2024,1
20,421110962,EMH2,,2011,12
20,510008083MX03,EP04,,2022,10
20,420000603,EWB1,,2021,2
20,423330162,EP16,,2024,6
20,210030076,ZLC1,,2023,2
20,423331337,ZUP2,,2025,6
20,510710295IN01,EP04,,2026,3
20,210320097,ELN1,,2023,9
20,421110266,EKA1,,2009,1
20,911302572,EEXP,,2023,12
20,420006459,EP04,,2020,12
20,423331423,ZHR1,,2025,9
20,421112042,ETN1,,2017,12
20,421112651,EWB1,,2022,11
20,421110235,EMH1,,2008,5
20,514442115IN01,EP16,,2023,4
20,210005629,EP04,,2025,11
20,421110074,EMH2,,2010,2
20,423330446,ZBI1,,2018,6
20,510007112IN01,EUT1,,2013,6
20,110000212,EP01,,2005,12
20,423330452,ZDEB,,2022,3
20,421112496,ETN1,,2021,5
20,424441097,EMHA,,2019,11
20,190020031,BI01,,2011,4
20,310000771,EP04,,2016,12
20,517771144BF01,ZH05,,2026,3
20,110001038,EP10,,2008,1
20,423330447,ZWB1,,2016,5
20,610037576,ZMH3,,2017,7
20,420030216,ZKE1,,2005,4
20,421111941,EDEB,,2025,3
20,951020033,ZH05,,2016,12
20,421110430,EMH1,,2015,9
20,421111958,ECH1,,2026,2
20,423330124,ZMH3,,2006,12
20,427770071,ZTN1,,2023,4
20,423330065,ZTN1,,2008,3
20,110000191,EP19,,2011,8
20,423330276,ZUP1,,2008,11
20,421112178,ETN1,,2024,3
20,424440001,EMH5,,2012,10
20,613007551,EBI2,,2020,12
20,423330237,ZBI1,,2007,12
20,110000302,ELL1,,2011,12
20,951021097,EP04,,2016,12
20,594440210NG02,EP16,,2022,8
20,310000158,ELA1,,2012,12
20,420500020,ZJK1,,2017,3
20,210006429,EP27,,2022,5
20,614000426,ZMHA,,2020,6
20,421110100,EHP1,,2015,9
20,110003455,EP16,,2023,5
20,421110655,EMH2,,2009,12
20,421110243,EBI3,,2004,12
20,110001971,EP29,,2025,7
20,421112370,EUP3,,2021,7
20,517770508IN01,ZH05,,2022,3
20,491110017,EGU1,,2004,12
20,514444330LK01,EP16,,2022,2
20,421111559,EJH1,,2015,12
20,424441410,EAP1,,2019,12
20,420710200,MPIB,,2019,2
20,614002670,ZMHA,,2022,10
20,421110583,EMH6,,2012,12
20,421110052,EGU1,,2007,3
20,423331638,ZJH1,,2024,4
20,420500010,ZMHA,,2017,10
20,420001262,EP04,,2024,6
20,514443951IN02,EP16,,2023,2
20,421110148,ECH1,,2007,2
20,21U000100248,EU01,,2017,12
20,427770403,ZBI1,,2023,2
20,613005634,EMH1,,2020,12
20,424441370,EAP1,,2022,12
20,424440007,EMH2,,2013,12
20,611004912,EMHA,,2014,12
20,423331190,ZHR1,,2018,7
20,510270134IN01,EP04,,2013,2
20,210470188,EP11,,2017,6
20,510020020IN02,BI01,,2021,12
20,190000013,ELO1,,2012,12
20,614006355,ZUP2,,2024,12
20,420006373,EP04,,2023,12
20,5144446778X01,EP16,,2022,7
20,421111198,EDEB,,2023,12
20,424441885,EKE1,,2021,12
20,210006535,EP27,,2020,12
20,514440863IN01,EP16,,2020,12
20,210030005,ZH01,,2025,6
20,424441489,EGU1,,2021,9
20,421110645,ETN1,,2020,2
20,423331087,ZAP1,,2021,12
20,510002089IN01,ELC1,,2006,12
20,422220033,BDE1,,2009,10
20,510001833IN05,ZLS1,,2023,7
20,420030210,ZBI1,,2005,10
20,423330073,ZMHA,,2008,7
20,420000285,ECN1,,2005,7
20,421110244,EPU2,,2006,12
20,510006471IN03,EP04,,2014,11
20,423330228,ZMH2,,2020,12
20,210002226,EP16,,2022,10
20,510002622IN01,EP04,,2022,8
20,510002106IN02,EP04,,2022,12
20,610000475,EMHA,,2005,1
20,614002834,ZAP1,,2022,11
20,951021604,EP10,,2016,12
20,423330661,ZUP3,,2015,9
20,423331126,ZAS1,,2022,4
20,210270022,EP04,,2006,12
20,421110384,EUP1,,2009,7
20,421112586,EWB1,,2025,6
20,210003874,EP04,,2020,3
20,423330363,ZUP1,,2011,9
20,421110166,EAP2,,2019,12
20,510490191IN02,EP22,,2020,2
20,514440381IN05,EP16,,2021,1
20,423330606,ZMHA,,2015,10
20,951020983,ZH01,,2017,4
20,422220081,BWB1,,2018,4
20,210011635,EP09,,2018,4
20,516001456IN02,ELS1,,2024,9
20,421111793,EJK2,,2018,10
20,493330016,ZMH1,,2011,2
20,110000104,EP01,,2003,12
20,110011294,ELK3,,2020,4
20,420000424,EMP2,,2020,12
20,110001277,EP16,,2018,9
20,421112779,EJK2,,2023,9
20,423330776,ZMH3,,2019,12
20,517770322IN02,ZH05,,2024,10
20,210010839,EP09,,2025,8
20,421110321,EBI3,,2012,12
20,491110367,ERA1,,2020,9
20,614000278,ZUP3,,2019,12
20,421111437,EJK2,,2018,12
20,614003124,ZAP2,,2021,12
20,427770063,ZGUA,,2020,12
20,514441586IN01,EP16,,2012,12
20,420001403,EWB1,,2007,7
20,421112917,EJH1,,2025,3
20,910310020,EP18,,2014,1
20,110001524,EP16,,2009,8
20,510000940IN01,ELC1,,2005,12
20,931300807,EP09,,2019,12
20,420030111,ZUT1,,2004,5
20,931404748,EP04,,2019,12
20,210320101,EP09,,2023,8
20,510006962DZ01,EP04,,2022,6
20,510007909IN01,EP10,,2013,12
20,429930667,ZMHA,,2023,2
20,210340018,EP04,,2023,5
20,590000545IN02,ELG1,,2014,12
20,210003590,EP22,,2025,11
20,210002446,EP04,,2022,12
20,422220004,EKE1,,2011,10
20,421110564,EBI2,,2009,12
20,423330753,ZTN1,,2017,3
20,427770008,ZWB1,,2016,7
20,427770006,ZJH1,,2019,9
20,421112605,EMH2,,2022,12
20,423331124,ZMH2,,2019,7
20,610039684,ZWB1,,2019,6
20,421111533,EMH2,,2019,7
20,423330411,ZMH3,,2014,12
20,424441089,EMH1,,2024,8
20,424441061,EMH2,,2016,12
20,421112718,EBI2,,2024,2
20,614003090,ZWB1,,2023,2
20,424440002,EOR2,,2021,2
20,611004869,EKE1,,2015,12
20,421110066,EMHA,,2012,4
20,940000015,EP16,,2011,1
20,420710942,EP04,,2023,8
20,110001755,EP04,,2012,3
20,910001594,EP26,,2022,5
20,310010161,ELV5,,2022,12
20,931303906,EP28,,2025,10
20,110003671,EP20,,2020,12
20,420030095,ZMP2,,2006,2
20,910006804,EP12,,2025,4
20,424441098,EGU1,,2020,5
20,514440015IN06,EP16,,2025,1
20,514445872MM01,EP27,,2025,10
20,423330523,ZMH1,,2013,9
20,110470552,EP05,,2020,12
20,421111010,EMH1,,2024,6
20,932000365,EP27,,2025,7
20,613004014,EWB1,,2019,7
20,610030462,ZMHA,,2011,7
20,423331142,ZOR1,,2020,3
20,421112012,EJK2,,2022,12
20,610034210,ZMHA,,2011,12
20,424441023,EOR1,,2017,10
20,423331238,ZUP2,,2018,7
20,614006892,ZTN1,,2025,12
20,210310298,ELN1,,2022,7
20,515550113IN06,EP16,,2024,12
20,110010249,EP05,,2025,3
20,310310070,EP18,,2023,6
20,910310036,EP18,,2011,12
20,310000771,EP04,,2006,12
20,421112720,EJH1,,2023,9
20,210002139,EP04,,2025,1
20,613004717,EKA1,,2020,2
20,420500018,ZJH1,,2026,1
20,420002996,EP04,,2013,4
20,421110771,EMH2,,2013,3
20,491110291,EDE1,,2016,2
20,421110269,EOR1,,2006,11
20,427770319,ZMH3,,2023,3
20,423331227,ZAS1,,2022,12
20,510360031IN01,EP16,,2022,1
20,424440128,EMHA,,2008,12
20,491110039,EUP2,,2008,7
20,421111485,ECH1,,2016,8
20,491110142,EKA1,,2013,8
20,517771151BF01,ZH01,,2025,2
20,110000088,EP06,,2008,12
20,423331519,ZRA1,,2023,6
20,423330579,ZBI1,,2018,4
20,931452966,EP24,,2023,9
20,420520609,EP04,,2024,6
20,613009853,EMHC,,2023,7
20,110030035,ZH03,,2018,12
20,421110525,EGU1,,2012,5
20,613004873,EMH2,,2019,12
20,110250164,EP04,,2026,2
20,423330841,ZGU1,,2016,5
20,514440751MM03,EP16,,2015,7
20,310002405,EP16,,2024,10
20,421110179,EJK3,,2021,2
20,491110283,EDEB,,2015,8
20,421110817,EUP3,,2020,4
20,421111781,EJK2,,2016,12
20,110000062,ZH01,,2017,1
20,424440740,EUP3,,2017,12
20,590030143IN01,ZLC2,,2011,11
20,421111275,ETN1,,2016,7
20,423330347,ZMH1,,2012,8
20,514444280IN01,EP16,,2021,8
20,420030112,ZBI1,,2008,3
20,613005473,ETN1,,2019,12
20,110010448,EP12,,2007,12
20,423330131,ZUP2,,2008,4
20,420500020,ZGU1,,2020,12
20,514444175DO01,EP16,,2025,3
20,423331113,ZRA1,,2024,4
20,110010788,EP09,,2015,12
20,110000340,ELS5,,2023,12
20,951010298,EP08,,2014,12
20,613008940,EUT1,,2021,12
20,424440081,EHP1,,2013,9
20,911300078,EP22,,2023,12
20,423330094,ZKE1,,2011,6
20,422220148,BMH1,,2024,10
20,611004749,EMH3,,2015,12
20,210007073,EP25,,2023,10
20,614003107,ZJK1,,2021,12
20,614004373,ZHR1,,2022,12
20,510030312IN01,ZLS2,,2010,3
20,614004081,ZBI1,,2023,12
20,424440977,EDE1,,2017,6
20,423330184,ZJH1,,2011,2
20,613005754,EKA1,,2019,12
20,951020064,EP21,,2015,12
20,516003623KE01,EP04,,2025,8
20,421111225,EAP1,,2014,11
20,110250034,EP04,,2023,2
20,610020052,BMHA,,2007,11
20,210012030,EP04,,2021,9
20,613012634,EGU1,,2023,12
20,421110086,EUP2,,2008,11
20,421110474,EBI3,,2013,12
20,931652254,EP04,,2023,12
20,910001503,EP05,,2004,4
20,492220052,BPU1,,2019,12
20,590030078IN01,ZLO1,,2008,10
20,310000015,ZLE2,,2024,9
20,514442739IN01,EP16,,2016,7
20,210004023,ELG1,,2024,10
20,421110204,EMP1,,2004,12
20,611008651,EUP3,,2017,3
20,510250086IN01,EP04,,2021,11
20,420000380,EMH3,,2004,4
20,421110863,EUP1,,2012,3
20,911300302,EP27,,2023,3
20,421111905,EAP1,,2018,10
20,310000845,ZLC1,,2015,4
20,421110082,EOR1,,2007,2
20,421111193,EMH2,,2013,7
20,427770140,ZDE1,,2022,1
20,429930231,ZMP2,,2015,12
20,610038454,ZMH1,,2017,12
20,110000319,ELM5,,2006,12
20,421111331,EWB1,,2022,5
20,931551990,EP04,,2022,12
20,421110651,EMH2,,2012,7
20,613008061,ETN1,,2022,7
20,510001705KG01,EP02,,2004,9
20,613006955,EGU1,,2021,11
20,421111072,EAP1,,2016,12
20,424440087,ETN1,,2012,12
20,429930367,ZAP2,,2015,12
20,494440043,EP16,,2013,12
20,420610009,ZWB1,,2022,12
20,614005110,ZRA1,,2024,8
20,613005221,EUP2,,2020,8
20,420030215,ZUP1,,2006,2
20,424441186,EKA1,,2024,11
20,614004293,ZMH3,,2024,2
20,420030272,ZGU1,,2021,2
20,310002800,EP26,,2023,8
20,614004843,ZAP1,,2023,12
20,980001638,EP18,,2020,12
20,420001011,EAP1,,2006,3
20,915009549,BI01,,2026,3
20,613008645,EMHC,,2021,12
20,421113072,EMP2,,2026,2
20,611008813,EHR1,,2017,3
20,910003808,EP10,,2009,12
20,493330008,ZKA1,,2008,11
20,423330749,ZUP2,,2015,3
20,424440124,EHR1,,2011,7
20,421112886,EUP3,,2026,1
20,420000455,EAS1,,2004,4
20,422220030,BWB2,,2015,11
20,514444374IN02,EP16,,2025,9
20,427770039,ZAP1,,2012,5
20,423331167,ZUP1,,2025,2
20,420000851,EHR1,,2005,2
20,424440012,EHR1,,2012,5
20,421110729,EAP1,,2023,12
20,421110724,ECH1,,2013,12
20,424440100,EP16,,2025,8
20,420711035,EP04,,2023,12
20,424441149,LPKA,,2024,5
20,421112120,EAS1,,2021,12
20,310000437,EP01,,2006,12
20,613007736,EWB2,,2022,4
20,931304231,EP12,,2022,6
20,423330653,ZDEB,,2016,12
20,491110079,EUP3,,2011,5
20,423330033,ZJH1,,2007,9
20,429930521,ZAP1,,2016,12
20,423330837,ZLA3,,2016,11
20,420250011,EP04,,2020,12
20,510006431IN01,EP04,,2023,1
20,614005686,ZUT1,,2024,12
20,613012212,EMHC,,2025,7
20,614001345,ZUT1,,2021,5
20,421111303,EMH1,,2013,12
20,493330008,ZJH1,,2011,8
20,610006314,EMHA,,2009,6
20,51U000000056US02,EU01,,2023,10
20,931406774,EP09,,2019,12
20,427770163,ZMH2,,2022,5
20,614006829,ZPU1,,2025,12
20,210000928,EP04,,2025,4
20,610039916,ZMHA,,2019,9
20,491110009,EMH2,,2009,5
20,429930578,ZUT1,,2019,6
20,424441471,EKE1,,2020,11
20,614001920,ZJH1,,2021,12
20,420001001,EGU1,,2007,4
20,210270364,EP04,,2019,12
20,980001254,EP09,,2022,8
20,210002036,EP10,,2014,8
20,110002273,EP27,,2024,7
20,110000261,ZLC1,,2021,5
20,514445299IN01,EP27,,2024,5
20,494440118,EP16,,2025,5
20,210100052,EP04,,2021,11
20,493330119,ZKA1,,2017,1
20,210030224,ZH01,,2016,4
20,421110734,EMP2,,2015,7
20,310020175,BI01,,2025,1
20,110002339,EP04,,2024,8
20,110020142,BI01,,2023,3
20,910000029,BI02,,2004,5
20,429930538,ZKE1,,2016,12
20,110030007,ZLC1,,2025,12
20,110310010,EP18,,2015,2
20,421110405,EAP1,,2008,11
20,429930820,ZHR1,,2018,7
20,423330730,ZMH2,,2015,1
20,420030043,ZLO1,,2020,12
20,423331197,ZMH3,,2017,12
20,951010276,EP06,,2016,5
20,421110085,EWB2,,2006,5
20,423330085,ZMH3,,2011,2
20,421111099,EMH3,,2012,10
20,510006054IN03,EP04,,2017,8
20,951021870,EP27,,2021,4
20,421111695,EBI1,,2021,12
20,424440019,EKA1,,2014,12
20,421112862,EAP1,,2022,12
20,421111310,EDEB,,2020,9
20,423331773,ZDEB,,2025,7
20,510030525IN01,ZLM3,,2016,9
20,510250225IN01,EP04,,2023,8
20,424440756,EDE1,,2023,7
20,516000895DO01,EP24,,2024,12
20,424441215,ECH1,,2021,8
20,427770027,ZDE1,,2019,7
20,422220269,EJH1,,2021,10
20,421112307,EMH1,,2022,8
20,110001472,EP19,,2016,12
20,5177710008X01,ZH01,,2022,7
20,614005866,ZUP3,,2025,3
20,514440768IN02,EP16,,2012,12
20,613003532,EMH5,,2017,12
20,5160042418X01,EP04,,2025,5
20,510002363VN03,ELC1,,2009,12
20,610038437,ZMHA,,2018,7
20,423331361,ZMH1,,2022,4
20,931655734,EP28,,2024,12
20,423330752,ZKA1,,2017,6
20,423330495,ZMHA,,2014,11
20,514442080GT02,EP16,,2024,11
20,424440371,EMP1,,2015,1
20,510003138IN01,EP04,,2008,2
20,51U000000108US02,EU01,,2019,12
20,421111901,EWB1,,2021,5
20,931300409,BI06,,2022,12
20,910008180,EMH1,,2025,7
20,421111437,EMHC,,2025,2
20,421111503,EBI2,,2017,8
20,427770075,ZWB1,,2015,12
20,421110681,EWB2,,2010,10
20,510002962BY01,EP04,,2024,4
20,491110237,EMP2,,2015,3
20,613001220,EMHC,,2016,12
20,614002679,ZUP1,,2022,10
20,614006545,ZCH1,,2025,11
20,610039197,ZUP1,,2019,2
20,421110565,EPU2,,2011,10
20,421112270,EOR1,,2018,12
20,420000459,EUP2,,2021,2
20,420500026,LKE1,,2009,12
20,421113217,EMP2,,2024,12
20,422220007,EPU1,,2007,12
20,517770868IN01,ZH05,,2026,3
20,931206700,EP27,,2025,4
20,510002588KZ01,EP04,,2004,12
20,423330066,ZWB1,,2013,9
20,421111903,EMH5,,2017,10
20,110000337,ELB3,,2012,2
20,510250286IN01,EP04,,2009,1
20,423330451,ZUP3,,2015,12
20,514442436IN02,EP16,,2022,10
20,614003325,ZKE1,,2022,12
20,210010867,EP09,,2023,6
20,429930595,ZKA1,,2016,12
20,110000068,ELE1,,2004,4
20,614000800,ZDE1,,2018,12
20,210005135,EP18,,2018,12
20,427770199,ZJK1,,2022,9
20,110000211,ZLC1,,2017,11
20,614001674,ZTN1,,2020,12
20,210000310,ELC1,,2014,11
20,423330452,ZCH1,,2021,1
20,421112627,EHR1,,2022,12
20,423330283,ZDEA,,2010,12
20,42TU00799,TIMC,,2021,12
20,420000839,EMP2,,2005,8
20,427770018,ZMH3,,2013,8
20,423330725,ZAS1,,2025,12
20,420000590,ZJK1,,2002,12
20,613006116,EMH2,,2021,4
20,423331161,ZTN1,,2020,8
20,910009603,EMHC,,2024,1
20,610039885,EGU1,,2018,12
20,210004502,EP04,,2022,3
20,421110802,EUP2,,2011,4
20,614001121,ZMHA,,2020,12
20,514441881KH03,EP16,,2024,9
20,613004039,EPU2,,2017,12
20,420500005,ZKE1,,2020,12
20,423330145,ZTN1,,2005,12
20,610038252,ZGU1,,2018,3
20,510360064IN07,EP16,,2016,12
20,310010001,EP05,,2021,6
20,510020708IN01,BI01,,2024,3
20,421110069,EMP2,,2009,6
20,492220038,BKA2,,2016,2
20,424440086,EBI1,,2012,11
20,510020141IN02,BI01,,2024,9
20,427770129,ZMHA,,2022,6
20,614002625,ZMH2,,2021,12
20,610035865,ZAP1,,2017,3
20,910003254,EP12,,2024,12
20,210002155,EP24,,2022,6
20,423331541,ZJH1,,2024,4
20,423330722,ZMH2,,2020,7
20,610036282,ZRA1,,2015,12
20,423331317,ZTN1,,2021,9
20,420000375,EMH1,,2020,12
20,110310053,EP18,,2009,12
20,421112865,EKE1,,2025,4
20,110003918,EP04,,2024,12
20,931600414,EP09,,2023,8
20,422220041,BMHA,,2019,12
20,423330392,ZMHA,,2011,9
20,421110028,EKA1,,2009,9
20,611008127,EWB1,,2016,12
20,5177713458X01,ZH05,,2022,12
20,491110141,EAP1,,2013,9
20,510310580IN01,EP18,,2019,3
20,491110124,EBI2,,2014,9
20,421111671,EJH1,,2015,12
20,611003482,EJK2,,2016,12
20,610037256,ZTN1,,2017,6
20,421110056,EBI1,,2011,10
20,514441648LK01,EP16,,2024,1
20,423330365,ZMP2,,2013,7
20,429930246,ZMH1,,2015,12
20,421110100,EMP1,,2004,12
20,611001788,EMHA,,2012,10
20,610039774,ZHR1,,2018,12
20,510000513CG01,EP01,,2008,11
20,424440001,EAP1,,2010,7
20,429930909,ZLE2,,2021,12
20,931402841,EP10,,2017,12
20,421110935,EJH1,,2012,2
20,610038744,ZMHA,,2018,8
20,510002898UA02,ELM3,,2024,7
20,424440442,EHR1,,2017,9
20,910000966,EP12,,2017,5
20,424440680,EP16,,2014,12
20,510710098IN02,EP10,,2019,10
20,421111485,EGU1,,2015,12
20,613007444,EMH2,,2020,12
20,423330925,ZUP2,,2024,5
20,421112034,EWB1,,2020,1
20,510004428IN01,EP16,,2015,7
20,423331085,ZMH3,,2022,5
20,427790072,ZUT1,,2021,12
20,427770511,ZJH1,,2025,12
20,310020155,BMHC,,2022,8
20,510001685CG01,EP01,,2007,4
20,514445132NP01,EP16,,2022,9
20,428880215,EP16,,2023,1
20,110000821,ZH01,,2024,9
20,423331186,ZTN1,,2018,4
20,514444051IN04,EP16,,2025,4
20,423330825,ZUP1,,2025,4
20,423330278,ZMHA,,2011,5
20,421110296,EMH2,,2019,11
20,492220010,BPU1,,2007,6
20,422220079,BUP1,,2016,8
20,110010783,EP09,,2017,7
20,421111928,EGU1,,2021,12
20,420230013,EP04,,2023,3
20,493330072,ZAS1,,2014,10
20,422220023,EP08,,2013,12
20,421111516,EHR1,,2020,7
20,423330047,ZLS1,,2010,6
20,421112012,EJH1,,2018,2
20,910000774,EP09,,2018,8
20,510002851KZ01,EP04,,2025,1
20,421112028,EMH1,,2023,7
20,423331380,ZTN1,,2021,9
20,517771083IN01,ZH05,,2025,1
20,424440249,EHR1,,2011,4
20,423330225,ZUT1,,2011,10
20,421110643,EMH1,,2014,2
20,421112142,EJH1,,2021,12
20,310001826,ZH05,,2023,9
20,611004836,EWB1,,2017,3
20,510002395IN01,ELC1,,2006,12
20,427770153,ZUP1,,2019,5
20,427770026,ZUP3,,2015,5
20,5944402898X01,EP16,,2024,7
20,423331311,ZJH1,,2023,2
20,931454408,EP28,,2022,4
20,931665115,ZH05,,2024,12
20,610039439,ZMHA,,2017,12
20,514440110IN01,EP16,,2010,1
20,210000041,EP16,,2014,1
20,424440064,EPU2,,2009,11
20,423330162,ZWB1,,2013,5
20,423331093,ZAP1,,2025,10
20,510005702IN01,ELS1,,2022,9
20,428880035,EP16,,2023,12
20,614000226,ZTN1,,2019,12
20,110011500,EP09,,2024,5
20,493330047,ZUP2,,2013,6
20,423330340,ZDEA,,2011,11
20,420008826,EWB1,,2025,9
20,421111502,EAP2,,2016,2
20,424440967,ERA1,,2018,10
20,110010452,EP10,,2010,12
20,510250253IN01,EP04,,2023,3
20,492220003,BGU1,,2015,5
20,420520532,EP28,,2023,10
20,424440141,ERA1,,2012,9
20,421110364,EMH3,,2008,5
20,510030157IN03,ZLC1,,2007,8
20,614003072,ZKE1,,2023,2
20,424440633,EKA1,,2018,1
20,421110698,EKE1,,2010,12
20,429930116,ZMHA,,2010,6
20,510009297IN02,ELS1,,2022,7
20,210005903,EP16,,2021,1
20,110002593,EP04,,2018,12
20,421110364,EJK2,,2008,8
20,424440100,EKA1,,2015,12
20,423330387,ZTN1,,2011,7
20,423330568,ZMP1,,2014,3
20,931203413,EP22,,2025,9
20,613004549,EWB1,,2019,11
20,514440332IN01,EP16,,2009,12
20,514441597TM01,EP16,,2024,2
20,610038039,ZAP2,,2017,12
20,498880001,EP16,,2025,6
20,610039266,ZJH1,,2019,2
20,510030357IN02,ZLC1,,2024,8
20,423330673,ZJK1,,2016,6
20,421111753,EMP2,,2016,10
20,931556019,BI06,,2022,12
20,210003795,EP04,,2025,7
20,423330182,ZMH3,,2005,12
20,424441025,ERA1,,2022,6
20,110001682,EP16,,2017,7
20,110000962,ZH06,,2022,1
20,427770130,ZDE1,,2018,12
20,421110385,EWB1,,2008,10
20,421111388,ERA1,,2018,12
20,420000089,EMH2,,2005,12
20,429991226,EUP1,,2017,3
20,423330754,ZAP2,,2015,10
20,423331749,ZMH3,,2025,12
20,613005770,EBI2,,2020,12
20,423331361,ZMH1,,2025,10
20,421110085,ETN1,,2021,5
20,5144412178X01,EP16,,2022,6
20,421110558,EOR2,,2016,10
20,613006073,EOR1,,2020,12
20,610038595,ZDE1,,2017,12
20,21U000200204,EU01,,2019,2
20,420000369,EP01,,2007,10
20,910012288,EP04,,2020,3
20,421111454,EDE1,,2017,3
20,110002636,EP20,,2015,2
20,423330755,ZAP2,,2019,4
20,423331709,ZMH3,,2024,3
20,951020992,EP10,,2015,12
20,611001244,EMHA,,2012,7
20,910000610,EP08,,2003,12
20,421112108,EKE1,,2023,12
20,421113072,ETN1,,2025,9
20,42U005000012,EU01,,2021,7
20,310001183,EP29,,2026,1
20,491110047,EHP1,,2011,7
20,420030002,ZMH3,,2007,5
20,110002562,ELW2,,2022,6
20,422220144,EGU1,,2018,12
20,423330013,ZMP2,,2012,8
20,940000006,EP02,,2002,12
20,510710372IN01,EP04,,2023,3
20,42TU00075,TILD,,2023,1
20,491110015,EDE1,,2008,7
20,424440460,EP16,,2025,5
20,421111694,EAP3,,2019,11
20,424440298,EEXP,,2016,9
20,611006976,EJK3,,2016,12
20,110003376,ZH03,,2019,6
20,421112141,EMH3,,2020,4
20,421111343,EKA3,,2013,12
20,614006454,ZOR1,,2025,9
20,613008693,EMH2,,2021,12
20,421110295,EMH1,,2006,12
20,614007047,ZMHA,,2024,12
20,610039154,ZDEB,,2017,12
20,491110141,EMH3,,2018,6
20,423330180,ZAS1,,2012,10
20,423331475,ZCN1,,2019,12
20,613005024,EMH6,,2019,12
20,310002999,EP26,,2024,1
20,110000067,ELW2,,2025,8
20,421111235,EPU2,,2014,10
20,910011875,EP27,,2025,6
20,614005169,ZGU1,,2024,9
20,614001750,ZAS1,,2019,12
20,614001380,ZUP1,,2019,12
20,423330446,ZBI1,,2019,9
20,420006807,EP22,,2024,2
20,429991030,EMHA,,2010,12
20,423331714,ZMH2,,2025,12
20,427770124,ZHR1,,2021,8
20,421111094,EMHA,,2013,5
20,915006094,EP09,,2025,4
20,517770458IN01,ZH05,,2018,11
20,421111447,ECH1,,2016,12
20,421110673,EWB2,,2010,3
20,427770300,ZOR1,,2023,10
20,613004495,ERA1,,2017,12
20,110001823,EP16,,2020,11
20,210011898,EP20,,2021,10
20,310000155,ELI1,,2004,12
20,210002174,EP04,,2026,2
20,951021547,EP18,,2017,8
20,110000368,ZH01,,2022,4
20,613009274,EMHC,,2021,12
20,516002607IN02,ELS3,,2024,7
20,420720087,MPIA,,2024,1
20,5100320878X01,ZH06,,2024,3
20,421110550,EP08,,2019,11
20,423330318,ZMP2,,2010,2
20,210270338,EP04,,2023,12
20,423330021,ZUP3,,2014,4
20,424440942,EUT1,,2019,11
20,424440999,EMH1,,2020,10
20,510030562IN02,ZLM3,,2012,12
20,910020209,BI01,,2014,11
20,210001279,EP16,,2025,10
20,424441533,EHR1,,2026,3
20,911306808,EP03,,2021,12
20,514440500IN01,EP16,,2026,3
20,421112261,EMHA,,2020,10
20,517770205IN01,ZH01,,2022,5
20,510006884IN01,EP04,,2017,12
20,5144410558X01,EP16,,2024,6
20,613008741,EUP2,,2022,12
20,210000087,EP01,,2006,3
20,429930621,ZHR1,,2020,12
20,420001020,EP01,,2006,5
20,310001756,EP04,,2019,12
20,421110815,EMH4,,2011,6
20,911300751,EP22,,2022,3
20,421110203,EMH3,,2011,12
20,510006480IN03,EP04,,2014,2
20,613004607,EDE1,,2017,12
20,110002015,ZH06,,2023,10
20,420020085,BMHA,,2023,12
20,421110971,EMH6,,2011,12
20,421112933,EHR1,,2024,6
20,614004665,ZUT1,,2023,12
20,614001620,ZUP3,,2020,12
20,915000169,BAS1,,2017,12
20,427770027,ZUP2,,2013,12
20,613007913,EMH6,,2020,12
20,423330730,ZAS1,,2015,8
20,422220349,EUT1,,2022,12
20,210470442,EP16,,2022,3
20,421111349,EMH1,,2015,12
20,423330115,ZMH2,,2010,8
20,420690011,ZH05,,2025,1
20,614003630,ZWBA,,2023,7
20,510009321DE02,EP04,,2020,12
20,421111544,EOR1,,2015,12
20,421110086,EMH1,,2019,11
20,210003171,EP04,,2025,2
20,613004644,EUP1,,2019,11
20,514443713IN03,EP16,,2020,11
20,911304443,EP24,,2023,9
20,613008924,ETN2,,2021,12
20,210520013,EP04,,2024,4
20,614005803,ZPU1,,2025,3
20,429930159,ZHR1,,2003,12
20,420500007,ZDE1,,2012,1
20,510002556IN01,ELC1,,2010,12
20,494440093,EP16,,2025,6
20,310001120,ELC1,,2013,5
20,110000036,ZLS1,,2025,12
20,424440502,EAP1,,2020,12
20,492220044,EDEA,,2017,8
20,510004827IN01,ELG1,,2026,3
20,510522049GB01,EP04,,2022,12
20,421111938,EPU2,,2017,12
20,422220196,BRA1,,2018,4
20,610036203,ZMHA,,2014,12
20,510002723IN02,ELL2,,2006,12
20,42U008000039,EU01,,2022,12
20,429930620,ZMHA,,2017,8
20,423330483,ZTN1,,2018,4
20,422220140,BMP2,,2025,3
20,421110055,EKA1,,2009,5
20,110001416,EP04,,2025,5
20,610036412,ZUP2,,2016,12
20,423331151,ZAS1,,2024,8
20,910012140,EP22,,2020,3
20,910001278,EP01,,2004,4
20,492220012,BUP1,,2013,10
20,910002335,EMHC,,2021,5
20,424440052,EUP2,,2006,12
20,420280026,EP04,,2025,4
20,423330808,ZUP3,,2017,11
20,427790215,ZAP2,,2020,12
20,614003159,ZWB1,,2022,12
20,491110288,EMHA,,2017,2
20,423330755,ZOR1,,2017,4
20,5106100578X02,ZH05,,2024,10
20,423330012,ZUP1,,2020,3
20,424441008,EAS1,,2025,12
20,423330359,ZDE1,,2009,12
20,514442071IN01,EP16,,2025,3
20,423331125,ZBI1,,2017,9
20,610032625,ZMHA,,2010,8
20,110000781,EP16,,2016,4
20,420030062,ZAS1,,2005,10
20,613009040,EMHC,,2023,2
20,420250042,EP04,,2011,7
20,420500040,LMHA,,2010,4
20,423331333,ZBI1,,2023,3
20,210011137,EP09,,2015,1
20,421110802,EAP1,,2012,9
20,423330375,ZDEA,,2014,12
20,614006334,ZJH1,,2024,12
20,424440502,EJK2,,2018,3
20,110000174,EP07,,2012,2
20,510003317IN01,EP04,,2011,12
20,421110413,EJK2,,2021,2
20,610002043,EMHA,,2012,3
20,423331112,ZDEB,,2018,6
20,510003001IN03,ELS1,,2022,2
20,420002461,EP04,,2024,11
20,210510008,EP04,,2022,7
20,421112370,EKE1,,2021,4
20,31U000000003,EU01,,2023,11
20,427770154,ZCH1,,2022,1
20,423331079,ZAP2,,2020,3
20,421110607,EP08,,2014,12
20,420003480,EP04,,2025,3
20,931550149,EP27,,2023,3
20,940000046,ZH01,,2015,12
20,21U000200251,EU01,,2017,12
20,427790191,ZH05,,2020,12
20,110000378,EP16,,2015,12
20,614007030,ZTN1,,2024,12
20,610002001,EMHA,,2009,3
20,429931135,ZMHA,,2023,12
20,613003280,EMH6,,2018,12
20,429991168,EWB2,,2019,12
20,420001709,EUP2,,2020,12
20,420000837,EUP2,,2019,12
20,110000672,EP02,,2005,4
20,423330740,ZRA1,,2017,5
20,614004201,ZDE1,,2022,12
20,614002300,ZWB1,,2022,5
20,110001907,EP04,,2011,3
20,951020326,EP19,,2017,3
20,110000187,EP16,,2013,9
20,390020022,BI01,,2008,9
20,491110309,ELG1,,2015,12
20,420000146,EMH2,,2005,12
20,421111699,EDE1,,2017,12
20,421111296,EAS1,,2017,2
20,610020493,BMHA,,2010,5
20,590310019IN02,EP18,,2022,11
20,510310192IN04,EP18,,2023,8
20,5160001408X01,ELS1,,2024,12
20,514443961IN02,EP16,,2023,5
20,423330302,ZJH1,,2015,8
20,423330401,ZJK1,,2018,1
20,931661607,ZH05,,2025,5
20,491110043,EUP3,,2010,10
20,423331095,ZHR1,,2020,3
20,423331344,ZLM3,,2024,12
20,610038487,ZDE1,,2016,12
20,429990665,ELS1,,2023,6
20,613006713,EUP1,,2021,8
20,910310095,EP18,,2019,6
20,420001674,EOR2,,2020,12
20,429990273,EP16,,2011,1
20,421110032,EOR1,,2007,10
20,420001273,ERA1,,2006,6
20,421110453,EKA1,,2008,5
20,110030273,ZH01,,2024,11
20,310000488,EP10,,2018,10
20,510002964GH01,EP04,,2011,12
20,420711014,EP04,,2024,6
20,421111162,EBI2,,2016,12
20,614001212,ZKE1,,2020,12
20,590000774IN01,ELG1,,2024,12
20,424440976,EJH1,,2018,10
20,420004117,EP04,,2022,3
20,110002879,EP04,,2022,7
20,427770193,ZUT1,,2022,12
20,951020019,EP29,,2023,12
20,423331451,ZOR1,,2025,10
20,5104901728X01,EP22,,2020,6
20,491110231,EWB3,,2015,12
20,290000042,EP16,,2013,7
20,517770143IN06,ZH01,,2023,9
20,610007299,EMHA,,2010,1
20,310030191,ZLS1,,2022,11
20,420000527,EMH4,,2017,8
20,423330853,ZGU1,,2017,9
20,614006022,ZOR1,,2025,4
20,210003877,EP04,,2015,2
20,310002391,EP04,,2021,8
20,422220074,EDE1,,2013,10
20,423330777,ZAP2,,2021,1
20,420030138,ZRA1,,2019,12
20,423330722,ZKE1,,2017,8
20,424441650,EP16,,2025,5
20,423330162,ZGU1,,2022,12
20,110250010,EP04,,2008,8
20,510001263IN01,ELS1,,2025,12
20,492220033,EKE1,,2018,7
20,421112217,EKA1,,2018,11
20,421110026,EBI3,,2006,5
20,420030121,ZJH1,,2007,3
20,421110808,EUP1,,2018,5
20,420030204,ZAS1,,2006,8
20,421111045,EJH1,,2024,11
20,210005785,EP04,,2023,5
20,510000238CG02,ELM5,,2009,12
20,421111274,EAS1,,2019,4
20,610022287,BMP2,,2025,4
20,310000413,EP04,,2025,4
20,423330431,ZAS1,,2015,5
20,420030018,ZTN1,,2004,6
20,421111466,EKA1,,2020,7
20,613008021,EMH7,,2021,12
20,590020083IN03,BI01,,2011,5
20,423330382,ZKE1,,2019,10
20,424440170,EAP1,,2010,11
20,915000473,EP12,,2019,7
20,420000388,EJK2,,2004,5
20,420210008,EP04,,2023,7
20,423330765,ZJK1,,2021,2
20,110470187,EP09,,2021,12
20,210030299,ZLM3,,2022,7
20,429930952,ZMHA,,2023,3
20,210001152,EP04,,2024,2
20,423330066,ZMP1,,2012,6
20,421111121,EPU2,,2017,1
20,427770178,ZWBA,,2024,5
20,110470361,EP05,,2022,3
20,421111023,EJK3,,2015,8
20,421112566,EUP3,,2021,12
20,422220165,EMH6,,2015,12
20,110030065,ZH01,,2011,8
20,510000462IN05,EP16,,2025,10
20,110010026,EP09,,2009,11
20,420000242,EOR1,,2006,5
20,613008930,EMH6,,2021,12
20,421111335,ECH1,,2017,6
20,492220037,EGU1,,2020,12
20,421111051,EOR2,,2014,8
20,420000463,EUP2,,2019,12
20,423330012,ZCH1,,2016,3
20,423330783,ZJH1,,2016,11
20,931201908,EP22,,2021,6
20,427790048,ZMHA,,2016,4
20,491110133,EUP2,,2017,10
20,421110315,EWB1,,2007,12
20,494440069,EAP2,,2021,12
20,613009390,EAP1,,2023,4
20,610009132,EMHA,,2012,4
20,940000096,EP09,,2015,12
20,210011231,EP09,,2025,9
20,424441214,EGU1,,2022,3
20,423330401,ZAP2,,2023,1
20,423330496,ZAP2,,2016,4
20,493330118,ZMH2,,2018,6
20,510004601NG02,ELC1,,2012,2
20,510003734IN01,EP04,,2022,8
20,42TU01694,TIMB,,2024,12
20,931204459,BI01,,2024,12
20,421112874,EOR1,,2025,5
20,614001202,ZAP1,,2021,4
20,421110348,EGU1,,2007,3
20,910000074,EP06,,2010,5
20,210030172,ZH01,,2023,1
20,420001407,EMHA,,2007,5
20,610039649,ZUP3,,2017,12
20,423331762,ZUP3,,2025,5
20,421110230,EMP1,,2007,12
20,514440130IN01,EP16,,2024,10
20,614005115,ZHR1,,2024,8
20,424440730,EMH5,,2015,3
20,510006254IN01,ELS1,,2010,12
20,510030431IN02,ZLC1,,2012,2
20,310270015,EP04,,2023,5
20,421110212,BRA1,,2004,12
20,610008710,EMHC,,2017,3
20,424440129,EUT1,,2012,12
20,915002010,EP04,,2025,7
20,510520538GB01,EP04,,2025,11
20,421112413,ERA1,,2025,7
20,613003989,EMH6,,2019,7
20,421111288,EMH1,,2016,7
20,421110243,EUT1,,2012,12
20,427790108,ZAS1,,2016,12
20,510003458AZ01,ELS1,,2021,9
20,420000064,EHR1,,2007,12
20,510005047IN03,ELS1,,2024,7
20,420710018,MPIB,,2021,8
20,610035859,ZAP1,,2016,12
20,613003855,EWB1,,2018,12
20,310310081,EP18,,2024,10
20,421113069,EMH2,,2025,3
20,422220061,BDEA,,2013,5
20,424440583,EMH2,,2018,12
20,931450635,EP04,,2021,9
20,613006917,EHR1,,2019,12
20,5144412288X01,EP16,,2025,8
20,613008276,EUP2,,2021,12
20,421110923,EMH1,,2012,11
20,424440052,EKA1,,2013,4
20,421110263,EMH3,,2016,10
20,420007070,EP04,,2022,12
20,423330226,ZGU1,,2010,5
20,424440964,ETN1,,2017,8
20,510020381IN01,BI01,,2019,9
20,611008258,EDEB,,2017,3
20,423330385,ZHR1,,2012,11
20,420005190,EMH2,,2023,3
20,210000663,EP04,,2026,1
20,423331143,ZJH1,,2018,9
20,491110141,EMH5,,2016,1
20,494440002,EEXP,,2012,5
20,423330831,ZRA1,,2021,2
20,421112080,EKA1,,2016,12
20,420030188,ZUP2,,2006,12
20,613003316,EUP2,,2019,3
20,423330108,ZCH1,,2008,2
20,421110265,EPU1,,2007,3
20,427770183,ZRA1,,2019,4
20,611004925,EMHA,,2013,12
20,110002965,EP04,,2026,2
20,110000072,EP16,,2011,5
20,424441221,ECH1,,2021,2
20,611008803,EMHC,,2017,8
20,420710246,EP04,,2025,5
20,614003303,ZDEB,,2021,12
20,420270128,EP04,,2024,9
20,210003094,EP04,,2024,9
20,421111534,EKA1,,2018,3
20,420000122,EKA2,,2005,12
20,424440970,EMH7,,2016,10
20,421112596,EOR1,,2022,6
20,491110058,EMHA,,2011,11
20,310000867,EP22,,2016,12
20,423330767,ZMH3,,2017,12
20,421110761,EPU2,,2015,7
20,510004033IN01,ELC1,,2011,3
20,910000292,EP12,,2012,9
20,427770140,ZAP1,,2018,10
20,310001843,EP16,,2019,9
20,423330004,ZGU1,,2012,2
20,420030054,ZKA1,,2004,6
20,423330801,ZOR1,,2017,3
20,110000302,ELO1,,2002,12
20,427770163,ZWB1,,2024,10
20,421112702,EHR1,,2024,2
20,42TU01390,TIMB,,2025,10
20,428880219,EP16,,2015,2
20,422220009,EP04,,2025,1
20,110002442,EP04,,2022,10
20,610036863,ZHP1,,2017,3
20,423331054,ZMH3,,2021,9
20,610037239,ZHR1,,2015,12
20,11U060000005,EU01,,2018,10
20,610036636,ZKA1,,2016,12
20,510320002IN01,EP09,,2021,11
20,390000044,EP16,,2015,12
20,421110074,EMH2,,2007,6
20,423330495,ZAS1,,2014,6
20,424441248,ECH1,,2019,3
20,423330067,ZGU1,,2016,7
20,427770586,ZUP3,,2026,2
20,614002966,ZCH1,,2022,12
20,515550098IN02,EP16,,2025,1
20,427770045,ZUP2,,2013,10
20,613005780,EUP3,,2021,2
20,514441159IN01,EP16,,2022,11
20,310000955,ZH05,,2023,12
20,514441258TH02,EP16,,2024,1
20,492220100,EDEB,,2017,11
20,910001234,EP20,,2014,12
20,421111344,EBI2,,2016,6
20,421112029,EAP1,,2019,2
20,110001443,ZLC1,,2009,12
20,420000348,EJK2,,2005,10
20,424440001,EBI1,,2010,6
20,610035790,ZCN1,,2017,3
20,614000960,ZKE1,,2020,12
20,613012946,EJK2,,2025,5
20,423330054,ZAP1,,2013,4
20,421110321,EMH1,,2012,4
20,423331204,ZAS1,,2019,11
20,590030121IN01,BI01,,2010,7
20,310030184,ZH01,,2023,6
20,510031020IN02,ZLA3,,2020,12
20,427790052,ZH01,,2020,12
20,421110322,EMH6,,2007,12
20,110100011,EP04,,2015,12
20,931302510,EP18,,2020,6
20,424440123,EAP1,,2014,1
20,427770141,ZAP2,,2020,9
20,210001488,EP16,,2019,1
20,614004844,ZHR1,,2024,6
20,421110066,EKA2,,2011,1
20,310002827,EP27,,2025,4
20,423331046,ZMH2,,2023,2
20,492220044,BHR1,,2017,1
20,423330453,ZTN1,,2019,5
20,424440041,ECN1,,2006,12
20,910001573,EP01,,2004,5
20,423330234,ZKE1,,2012,3
20,424441451,EBI2,,2022,12
20,423330305,ZUT1,,2013,12
20,420500028,LMP2,,2009,12
20,610036544,ZMHA,,2015,12
20,613006438,EMP2,,2021,6
20,931456401,EP22,,2022,11
20,310030251,ZH05,,2015,12
20,423331620,ZPU1,,2022,12
20,420030021,ZWB1,,2006,11
20,423331782,ZKA1,,2026,3
20,421111094,EAP2,,2014,7
20,610039996,ZJH1,,2018,12
20,110002301,ZH05,,2025,6
20,420710332,MPIC,,2022,1
20,310003059,EP04,,2025,7
20,910007856,EP20,,2017,1
20,510710871CA02,EP04,,2025,7
20,210004960,EP04,,2024,2
20,210004537,EP04,,2024,5
20,427770118,ZUP3,,2017,1
20,514440009IN03,EP16,,2014,9
20,421110157,EAS1,,2007,9
20,310001560,EP27,,2025,1
20,110000943,EP04,,2012,2
20,210190010,EP04,,2025,5
20,421110267,EMH3,,2007,7
20,421110802,EHR1,,2012,12
20,423330004,ZJH1,,2008,6
20,951021853,EP21,,2017,12
20,614004846,ZDEB,,2023,12
20,21U000100211,EU01,,2021,7
20,421110501,EMH4,,2008,11
20,951020413,EP09,,2016,12
20,423331122,ZJH1,,2022,3
20,429930813,ZUP3,,2021,10
20,424442011,ECH1,,2024,8
20,420000273,ECN1,,2004,9
20,951020767,ZH01,,2017,3
20,491110271,EWB1,,2020,12
20,910010526,EP09,,2017,12
20,421111079,EKE1,,2013,12
20,424440757,EP16,,2019,7
20,614005644,ZMH3,,2024,12
20,514441387NG01,EP16,,2023,1
20,421111811,EWB1,,2018,4
20,421110645,EUP2,,2010,10
20,110000055,EP01,,2009,2
20,310003464,ELM9,,2025,4
20,613007000,EAS1,,2021,11
20,613009221,EMHC,,2022,12
20,390000110,ELS1,,2022,9
20,611009385,EMHC,,2017,11
20,427770139,ZWB1,,2023,3
20,420004103,ELS1,,2021,12
20,614004078,ZMH3,,2023,12
20,427770131,ZKA1,,2019,3
20,931451883,EP04,,2020,12
20,613006541,EMHC,,2023,3
20,190000095,ZLC1,,2026,3
20,421110900,EOR1,,2021,2
20,610003353,EMHA,,2005,12
20,110000346,ELW1,,2022,3
20,5100011038X01,EP03,,2006,5
20,424440008,EBI1,,2014,6
20,421111958,EDEB,,2020,8
20,421112488,EUT1,,2021,11
20,951020022,ZP02,,2024,4
20,931655838,EP28,,2025,4
20,421111321,EJK2,,2015,4
20,514445383IN01,EP27,,2025,4
20,510006599IN03,EP10,,2015,6
20,110310079,EP18,,2012,8
20,420000417,EAS1,,2019,12
20,614000401,ZWB1,,2020,5
20,514440180IN02,EP16,,2015,12
20,614003686,ZJK1,,2021,12
20,420000295,EAS1,,2006,7
20,493330029,ZMP1,,2012,4
20,424440730,ECH1,,2025,1
20,421112664,EMHC,,2025,4
20,613005237,EMHC,,2020,11
20,429991450,ZH05,,2022,11
20,614003642,ZTN1,,2021,12
20,491110298,EBI2,,2016,1
20,491110021,EMH6,,2010,2
20,310001242,EP16,,2010,12
20,423331197,ZGU1,,2024,8
20,421110897,EMH6,,2013,12
20,613004936,EJK2,,2018,12
20,429991067,EPU1,,2019,11
20,493330022,ZMH1,,2007,5
20,310000819,EP04,,2024,7
20,423330745,ZRA1,,2015,5
20,421110761,EAS1,,2017,9
20,421112472,EOR1,,2021,5
20,420000488,EUT1,,2004,12
20,310000417,ELS3,,2006,7
20,421112884,EJH1,,2023,11
20,427770028,ZH01,,2024,11
20,421110266,EGU1,,2017,8
20,614003288,ZTN1,,2021,12
20,420720193,MPIA,,2021,12
20,910004628,EP12,,2010,12
20,210011860,EP04,,2025,7
20,423331546,ZMHA,,2026,3
20,421111011,EMH2,,2014,12
20,614001996,ZOR1,,2021,12
20,421111948,EMHA,,2020,12
20,510002486IN02,ELS1,,2026,3
20,210030209,ZLB2,,2026,1
20,910030092,ZOR1,,2021,2
20,614002787,ZAP1,,2022,11
20,424440758,EUT1,,2019,11
20,421110564,EMH2,,2022,4
20,613004837,EMH7,,2019,12
20,510520606ES03,EP04,,2024,9
20,613005693,EMHA,,2021,1
20,428880262,EMH2,,2016,12
20,613007085,EWB1,,2021,12
20,931456725,EP05,,2022,12
20,423330721,ZJH1,,2016,11
20,420001219,EDE1,,2020,12
20,610036996,ZOR1,,2016,12
20,491110174,EAP1,,2014,6
20,210000086,EP16,,2012,5
20,421110757,EWB2,,2013,2
20,423330839,ZKE1,,2025,4
20,910009694,EP26,,2022,8
20,427770048,ZUT1,,2015,2
20,420001641,EP04,,2008,1
20,610037914,ZMHA,,2017,11
20,514440549SN01,EP16,,2018,4
20,424440823,EHR1,,2020,12
20,420500041,EMH2,,2019,11
20,491110308,EKE1,,2013,12
20,423331040,ZJH1,,2016,7
20,424440081,EBI1,,2009,11
20,110000295,ZLB1,,2025,4
20,420000360,EBI2,,2005,7
20,614005999,ZJH1,,2023,12
20,931658177,ZH05,,2023,12
20,420030007,ZWB1,,2005,4
20,421110101,EMH2,,2007,3
20,420000185,EBI2,,2005,12
20,594440092SN01,EP16,,2022,3
20,421112147,EAP1,,2021,7
20,613010161,EMHC,,2023,12
20,910000402,EP03,,2004,4
20,423331126,ZCH1,,2019,7
20,310001983,EP26,,2022,6
20,427770202,ZMH1,,2024,10
20,110010352,EP09,,2024,9
20,423330829,ZBI1,,2025,4
20,42TU00581,TILE,,2025,5
20,614001072,ZDEB,,2019,12
20,423330931,ZKE1,,2017,3
20,420005136,EP20,,2021,12
20,421110219,EMH4,,2013,11
20,422220285,BBI1,,2025,10
20,614001998,ZCH1,,2021,12
20,110003601,EP16,,2019,10
20,614006671,ZJK1,,2025,12
20,21U000200121,EU01,,2019,2
20,424441192,EWB1,,2023,6
20,613005035,ERA1,,2020,5
20,423330679,ZBI1,,2017,8
20,421110756,EMP2,,2013,10
20,424440162,EWB2,,2019,11
20,421110158,EUP3,,2020,12
20,423330381,ZMP2,,2024,3
20,423330202,ZJK1,,2006,12
20,429930800,ZKE1,,2017,12
20,51U000000410US01,EU01,,2024,10
20,613008212,ECH1,,2020,12
20,421111110,EMH2,,2020,12
20,422220001,BKE1,,2016,12
20,494440018,EP16,,2010,12
20,210005757,ELA6,,2024,11
20,614005099,ZUP2,,2023,12
20,210000812,EP04,,2024,11
20,510521049GB01,EP22,,2021,1
20,491110242,EMH1,,2019,3
20,5177712728X02,ZH01,,2023,5
20,910003836,EP24,,2020,9
20,310000991,ELG1,,2010,11
20,421111301,EAS1,,2019,12
20,421110960,EMH3,,2015,7
20,429990098,ELC1,,2005,9
20,421110509,EUT1,,2021,2
20,420001836,EEXP,,2012,3
20,421111285,EWB3,,2017,3
20,423331074,ZDE1,,2021,5
20,423330372,ZGU1,,2009,12
20,423331197,ZJH1,,2020,2
20,421110458,EGU1,,2009,3
20,610038222,ZMHA,,2019,7
20,421110081,EPU2,,2020,12
20,423331768,ZMP2,,2025,12
20,492220011,BAP1,,2009,7
20,210001242,EP01,,2010,1
20,423330709,ZMH2,,2019,9
20,494440033,EP16,,2022,7
20,910015021,EP04,,2021,10
20,614000883,ZGU1,,2020,11
20,420000238,EDE1,,2006,12
20,510250165IN01,EMHA,,2012,5
20,510711389CA01,EP27,,2024,7
20,420001168,EMHA,,2019,12
20,210010563,EP09,,2023,4
20,516001861IN01,EP04,,2022,11
20,420000521,EKA1,,2004,10
20,421111114,EMH1,,2017,11
20,423330173,ZBI1,,2010,5
20,424441913,EKE1,,2023,6
20,420004392,EP04,,2018,10
20,110000791,ZH05,,2024,5
20,422220040,EKA1,,2011,9
20,931407105,EP22,,2021,2
20,422220189,EMH4,,2019,11
20,610021539,BJH1,,2016,12
20,424441913,EMH2,,2024,1
20,427770032,ZUP3,,2018,9
20,424440081,EMH3,,2014,5
20,428880069,EP16,,2025,10
20,510250100IN01,EP04,,2026,2
20,931404707,EP04,,2021,7
20,423330406,ZDE1,,2011,11
20,429930727,ZUP1,,2022,8
20,510009326GB01,EP04,,2024,3
20,110010028,EP06,,2005,11
20,424440061,EWB1,,2017,8
20,210012334,ELV5,,2024,10
20,610038800,ZJK1,,2017,12
20,951021853,EMHC,,2016,12
20,423331491,ZLE2,,2021,12
20,423331598,ZUP3,,2024,7
20,423330762,ZUP3,,2018,1
20,423331102,ZJH1,,2025,3
20,614002732,ZOR1,,2021,12
20,421110286,EPU1,,2007,8
20,424441793,EJK2,,2021,12
20,420500004,ZMH3,,2012,2
20,423330596,ZDEB,,2023,6
20,423331631,ZUP3,,2023,11
20,510006979MA01,EP10,,2014,1
20,510270119IN03,EP04,,2025,7
20,514440158IN01,EP16,,2012,1
20,421110126,EOR2,,2009,11
20,614001461,ZMHA,,2020,12
20,510031158IN03,ZLM3,,2022,7
20,510030764IN01,ZLA2,,2015,11
20,911300292,EP26,,2022,6
20,931204957,EP26,,2024,3
20,510310001IN01,EP18,,2023,9
20,613007120,EGU1,,2020,12
20,421110332,EGU1,,2008,3
20,423330099,ZGU1,,2009,8
20,423330199,ZAP1,,2012,7
20,420020002,BKE1,,2006,6
20,420100080,EP04,,2026,3
20,110250231,EP04,,2007,10
20,420610020,ZOR1,,2024,4
20,427770196,ZMH3,,2020,7
20,427770129,ZGU1,,2025,2
20,210210024,EP04,,2022,1
20,5177711768X01,ZH01,,2024,3
20,421111114,EMH3,,2014,8
20,420000387,EEXP,,2004,4
20,429930627,ELA4,,2015,11
20,421112032,EBI2,,2026,2
20,510010032IN01,EP09,,2009,6
20,491110147,EWB1,,2011,4
20,424441408,EMH6,,2020,5
20,110270122,EP04,,2009,8
20,613006090,EGU1,,2021,4
20,951021764,EP26,,2019,12
20,423330893,ZUP2,,2017,10
20,420030045,ZGU1,,2021,2
20,423330417,ZPU1,,2011,8
20,423330671,ZOR1,,2025,7
20,514440768IN01,EP16,,2010,12
20,21U000200084,EU01,,2019,7
20,421111483,EMHC,,2018,5
20,423330383,ZHP1,,2017,12
20,514441089VN04,EP16,,2019,3
20,310310034,EP18,,2010,3
20,614000240,ZJH1,,2019,12
20,422220280,EAS1,,2023,3
20,421111915,EMP2,,2016,12
20,21U000100071,EU01,,2014,10
20,421110490,ETN1,,2012,6
20,421110589,EAP1,,2019,3
20,423330062,ZOR1,,2014,12
20,424440048,EKA1,,2015,5
20,614000645,ZKA1,,2018,12
20,910006850,EP09,,2021,10
20,423330010,ZUP1,,2009,7
20,423330487,ZMHA,,2020,10
20,510521418GB01,EP04,,2022,11
20,494440065,EMP1,,2012,12
20,423330349,ZPU1,,2014,9
20,421111843,ETN2,,2017,7
20,420000160,EMH2,,2006,1
20,610035930,ZRA1,,2017,12
20,420002863,ELS1,,2018,1
20,190000183,EP16,,2024,2
20,951010089,EMHA,,2016,1
20,420000516,EAS1,,2019,12
20,910002187,EP12,,2010,12
20,427770222,ZTN1,,2022,5
20,110000851,EP07,,2006,2
20,911301094,EP22,,2022,1
20,422220027,BKE1,,2008,6
20,424440260,EUT1,,2009,12
20,420000953,BKA2,,2021,2
20,510007349KH01,ELM3,,2025,1
20,421110070,EUP1,,2013,1
20,510270090IN01,EP04,,2009,9
20,493330038,ZMH2,,2015,10
20,421110716,EUP2,,2011,9
20,421111559,EDE1,,2017,1
20,424440116,EP16,,2012,5
20,613005069,EAS1,,2020,5
20,613006558,EUP2,,2019,12
20,911304513,EP20,,2022,12
20,420001317,EP04,,2022,10
20,931304571,EP29,,2026,1
20,421110207,ECH1,,2013,2
20,422220181,EMHA,,2014,12
20,491110132,EWB1,,2018,4
20,422220172,ERA1,,2015,12
20,421110148,EOR2,,2006,12
20,421110478,EJK3,,2012,12
20,610032634,ZMHA,,2010,9
20,110040025,EP10,,2019,10
20,421110560,EMHA,,2008,12
20,514442789IN01,EP16,,2018,12
20,110001399,EP04,,2022,3
20,420006093,EP04,,2025,4
20,514442431NL01,EP16,,2018,12
20,613008331,EGU1,,2022,10
20,613003320,EDE1,,2018,12
20,492220010,BMHA,,2009,8
20,614005609,ZAS1,,2024,12
20,491110071,EMH5,,2009,11
20,614006031,ZTN1,,2023,12
20,491110174,EMH6,,2015,10
20,610022037,BGU1,,2023,2
20,423331338,ZDE1,,2024,4
20,421110560,EUP2,,2014,5
20,931456713,EP22,,2025,12
20,310001724,EP22,,2023,3
20,613008985,EKA1,,2023,1
20,517770281IN03,ZH01,,2021,9
20,931403765,EP09,,2019,12
20,210002571,EP04,,2024,3
20,423330169,ZMH3,,2008,6
20,424440059,EKE1,,2011,4
20,421111238,EAP1,,2012,12
20,910003270,EP12,,2020,6
20,429930872,ZWBA,,2018,12
20,210001144,EP16,,2025,12
20,910030079,ZMH3,,2023,12
20,611006789,EMHA,,2016,2
20,423330827,ZUP3,,2022,8
20,510570021IN02,ELG2,,2022,12
20,931664155,EP12,,2025,7
20,514443471KZ01,EP16,,2024,10
20,514440382IN04,EP16,,2018,5
20,421111371,EMP2,,2017,5
20,423330066,ZBI1,,2010,2
20,310000947,EP16,,2016,5
20,494440037,EUP3,,2020,5
20,421111442,EKA1,,2025,8
20,423330385,ZPU1,,2015,11
20,614003515,ZMP2,,2023,6
20,951021127,ZH05,,2015,12
20,613008522,EWB3,,2020,12
20,110000750,ZH02,,2017,12
20,429990531,EMP2,,2008,12
20,210005785,EP04,,2023,4
20,614001298,ZBI1,,2021,5
20,110001537,ZH06,,2016,12
20,510270023IN03,EP04,,2025,10
20,210030032,ZH01,,2020,12
20,613005298,EOR1,,2020,9
20,424440242,EDE1,,2019,12
20,492220004,BAS1,,2007,6
20,421110711,ECH1,,2023,12
20,423331311,ZWBA,,2022,12
20,5100035078X01,ELS1,,2023,12
20,423330171,ZMP1,,2011,10
20,210006010,ELM9,,2025,8
20,490000039,EMH6,,2008,1
20,423330385,ZHP1,,2013,4
20,210010062,ZH05,,2024,7
20,910030091,ZBI1,,2022,12
20,514443953IN01,EP16,,2021,6
20,420005135,ELS1,,2026,3
20,514442394IN03,EP16,,2019,9
20,5144422658X01,EP16,,2015,12
20,421111975,EUP1,,2018,2
20,424440442,EJH1,,2017,4
20,421110117,EMH5,,2016,6
20,510310418DE04,EP18,,2019,12
20,427770183,ZMH3,,2021,10
20,510711266CA01,EP04,,2025,4
20,423330063,ZGU1,,2006,5
20,422220061,BGU1,,2011,2
20,421111385,EMP2,,2019,4
20,493330030,ZCH1,,2011,2
20,420000213,EOR1,,2007,1
20,423330160,ZTN1,,2009,2
20,210002687,EP04,,2025,7
20,492220088,EBI2,,2017,7
20,421112305,EKA2,,2018,12
20,423330880,ZWB1,,2018,10
20,590350099IN01,BI01,,2017,1
20,613004355,EJH1,,2018,12
20,110010046,EP05,,2024,2
20,423330003,ZHP1,,2010,12
20,514441133SN01,EP16,,2025,10
20,514443350SN01,EP16,,2018,10
20,614002905,ZHR1,,2023,1
20,613000144,EMHC,,2016,12
20,514441435VN05,EP16,,2025,5
20,420000221,BMP1,,2005,11
20,423331423,ZMH1,,2025,10
20,614005251,ZTN1,,2024,9
20,423330475,ZKA1,,2020,1
20,310001898,EP04,,2023,2
20,421111456,EJK2,,2019,11
20,610031626,ZMHA,,2009,3
20,11U000000178,EU01,,2015,12
20,517771288YE01,ZH05,,2024,2
20,421112877,EKE1,,2024,10
20,594440402SY01,EP16,,2019,11
20,590020142IN01,BI01,,2023,11
20,421110411,EMH3,,2011,5
20,514441638PA02,EP16,,2025,6
20,421111896,EAP1,,2024,8
20,51U000000457US01,EU01,,2024,6
20,424441213,EMP2,,2018,12
20,424440590,EAS1,,2014,2
20,421110648,EHR1,,2021,3
20,510009046LK01,ELM3,,2025,8
20,427790011,ZOR1,,2018,3
20,613006445,EOR1,,2020,12
20,21U000200162,EU01,,2019,10
20,421112882,EMH2,,2023,10
20,424441889,EKE1,,2023,7
20,420001912,EP04,,2009,5
20,610036406,ZMH3,,2017,12
20,422220083,BMHA,,2016,2
20,514440142IN01,EP16,,2026,2
20,421111182,EKA1,,2015,4
20,516005220GB01,EP26,,2023,12
20,491110013,EMH1,,2010,5
20,611008874,EUT1,,2015,12
20,510280009IN01,EP04,,2013,8
20,610020460,BMHA,,2009,1
20,422220003,EWB3,,2021,2
20,423331524,ZCH1,,2021,12
20,421111834,EAS1,,2018,1
20,421110709,EMH2,,2013,9
20,422220120,BUP3,,2019,5
20,210000622,ELC1,,2007,4
20,423330603,ZKE1,,2015,12
20,421110165,EAS1,,2010,3
20,420000835,BMH2,,2003,12
20,613007251,ETN1,,2021,12
20,210010597,EP09,,2016,7
