MANDT,MATNR,ALAND,TAXM1,TAXM2,TAXM3,TAXM4,TAXM5,TAXM6,TAXM7,TAXM8,TAXM9,TAXIM
20,1,IN,,,,,,,,,,0
20,2,IN,,,,,,,,,,0
20,110000458,IN,,,,,,,,,,0
20,110000459,IN,,,,,,,,,,0
20,110000463,IN,,,,,,,,,,0
20,110000464,IN,,,,,,,,,,0
20,110000466,IN,,,,,,,,,,0
20,110000467,IN,,,,,,,,,,0
20,110000470,IN,,,,,,,,,,0
20,110000472,IN,,,,,,,,,,0
20,110000474,IN,,,,,,,,,,0
20,110000480,IN,,,,,,,,,,0
20,110000482,IN,,,,,,,,,,0
20,110000517,IN,,,,,,,,,,0
20,110000519,IN,,,,,,,,,,0
20,110000520,IN,,,,,,,,,,0
20,110000521,IN,,,,,,,,,,0
20,110000522,IN,,,,,,,,,,0
20,110000523,IN,,,,,,,,,,0
20,110000524,IN,,,,,,,,,,0
20,110000525,IN,,,,,,,,,,0
20,110000537,IN,,,,,,,,,,0
20,110000547,IN,,,,,,,,,,0
20,110000548,IN,,,,,,,,,,0
20,110000550,IN,,,,,,,,,,0
20,110000557,IN,,,,,,,,,,0
20,110000558,IN,,,,,,,,,,0
20,110000564,IN,,,,,,,,,,0
20,110000574,IN,,,,,,,,,,0
20,110000577,IN,,,,,,,,,,0
20,110000581,IN,,,,,,,,,,0
20,110000583,IN,,,,,,,,,,0
20,110000586,IN,,,,,,,,,,0
20,110000587,IN,,,,,,,,,,0
20,110000588,IN,,,,,,,,,,0
20,110000609,IN,,,,,,,,,,0
20,110000610,IN,,,,,,,,,,0
20,110000611,IN,,,,,,,,,,0
20,110000612,IN,,,,,,,,,,0
20,110000613,IN,,,,,,,,,,0
20,110000623,IN,,,,,,,,,,0
20,110000625,IN,,,,,,,,,,0
20,110000629,IN,,,,,,,,,,0
20,110000636,IN,,,,,,,,,,0
20,110000694,IN,,,,,,,,,,0
20,110000716,IN,,,,,,,,,,0
20,110000913,IN,,,,,,,,,,0
20,110000914,IN,,,,,,,,,,0
20,110000915,IN,,,,,,,,,,0
20,110000916,IN,,,,,,,,,,0
20,110000968,IN,,,,,,,,,,0
20,110000969,IN,,,,,,,,,,0
20,110000980,IN,,,,,,,,,,0
20,110000983,IN,,,,,,,,,,0
20,110000987,IN,,,,,,,,,,0
20,110000989,IN,,,,,,,,,,0
20,110000990,IN,,,,,,,,,,0
20,110000992,IN,,,,,,,,,,0
20,110000993,IN,,,,,,,,,,0
20,110000994,IN,,,,,,,,,,0
20,110000995,IN,,,,,,,,,,0
20,110000996,IN,,,,,,,,,,0
20,110000997,IN,,,,,,,,,,0
20,110000998,IN,,,,,,,,,,0
20,110001001,IN,,,,,,,,,,0
20,110001005,IN,,,,,,,,,,0
20,110001006,IN,,,,,,,,,,0
20,110001007,IN,,,,,,,,,,0
20,110001008,IN,,,,,,,,,,0
20,110001009,IN,,,,,,,,,,0
20,110001014,IN,,,,,,,,,,0
20,110001015,IN,,,,,,,,,,0
20,110001016,IN,,,,,,,,,,0
20,110001017,IN,,,,,,,,,,0
20,110001020,IN,,,,,,,,,,0
20,110001023,IN,,,,,,,,,,0
20,110001024,IN,,,,,,,,,,0
20,110001025,IN,,,,,,,,,,0
20,110001026,IN,,,,,,,,,,0
20,110001027,IN,,,,,,,,,,0
20,110001028,IN,,,,,,,,,,0
20,110001029,IN,,,,,,,,,,0
20,110001030,IN,,,,,,,,,,0
20,110001031,IN,,,,,,,,,,0
20,110001032,IN,,,,,,,,,,0
20,110001035,IN,,,,,,,,,,0
20,110001039,IN,,,,,,,,,,0
20,110001040,IN,,,,,,,,,,0
20,110001041,IN,,,,,,,,,,0
20,110001042,IN,,,,,,,,,,0
20,110001044,IN,,,,,,,,,,0
20,110001050,IN,,,,,,,,,,0
20,110001052,IN,,,,,,,,,,0
20,110001055,IN,,,,,,,,,,0
20,110001056,IN,,,,,,,,,,0
20,110001057,IN,,,,,,,,,,0
20,110001058,IN,,,,,,,,,,0
20,110001059,IN,,,,,,,,,,0
20,110001060,IN,,,,,,,,,,0
20,110001061,IN,,,,,,,,,,0
20,110001062,IN,,,,,,,,,,0
20,110001063,IN,,,,,,,,,,0
20,110001064,IN,,,,,,,,,,0
20,110001066,IN,,,,,,,,,,0
20,110001067,IN,,,,,,,,,,0
20,110001068,IN,,,,,,,,,,0
20,110001069,IN,,,,,,,,,,0
20,110001072,IN,,,,,,,,,,0
20,110001078,IN,,,,,,,,,,0
20,110001079,IN,,,,,,,,,,0
20,110001081,IN,,,,,,,,,,0
20,110001082,IN,,,,,,,,,,0
20,110001087,IN,,,,,,,,,,0
20,110001088,IN,,,,,,,,,,0
20,110001090,IN,,,,,,,,,,0
20,110001092,IN,,,,,,,,,,0
20,110001093,IN,,,,,,,,,,0
20,110001094,IN,,,,,,,,,,0
20,110001096,IN,,,,,,,,,,0
20,110001097,IN,,,,,,,,,,0
20,110001098,IN,,,,,,,,,,0
20,110001102,IN,,,,,,,,,,0
20,110001105,IN,,,,,,,,,,0
20,110001106,IN,,,,,,,,,,0
20,110001107,IN,,,,,,,,,,0
20,110001111,IN,,,,,,,,,,0
20,110001122,IN,,,,,,,,,,0
20,110001123,IN,,,,,,,,,,0
20,110001132,IN,,,,,,,,,,0
20,110001133,IN,,,,,,,,,,0
20,110001134,IN,,,,,,,,,,0
20,110001135,IN,,,,,,,,,,0
20,110001136,IN,,,,,,,,,,0
20,110001137,IN,,,,,,,,,,0
20,110001138,IN,,,,,,,,,,0
20,110001139,IN,,,,,,,,,,0
20,110001140,IN,,,,,,,,,,0
20,110001141,IN,,,,,,,,,,0
20,110001142,IN,,,,,,,,,,0
20,110001143,IN,,,,,,,,,,0
20,110001145,IN,,,,,,,,,,0
20,110001148,IN,,,,,,,,,,0
20,110001152,IN,,,,,,,,,,0
20,110001153,IN,,,,,,,,,,0
20,110001155,IN,,,,,,,,,,0
20,110001156,IN,,,,,,,,,,0
20,110001158,IN,,,,,,,,,,0
20,110001159,IN,,,,,,,,,,0
20,110001160,IN,,,,,,,,,,0
20,110001161,IN,,,,,,,,,,0
20,110001163,IN,,,,,,,,,,0
20,110001164,IN,,,,,,,,,,0
20,110001165,IN,,,,,,,,,,0
20,110001166,IN,,,,,,,,,,0
20,110001167,IN,,,,,,,,,,0
20,110001169,IN,,,,,,,,,,0
20,110001170,IN,,,,,,,,,,0
20,110001171,IN,,,,,,,,,,0
20,110001172,IN,,,,,,,,,,0
20,110001173,IN,,,,,,,,,,0
20,110001176,IN,,,,,,,,,,0
20,110001177,IN,,,,,,,,,,0
20,110001178,IN,,,,,,,,,,0
20,110001181,IN,,,,,,,,,,0
20,110001182,IN,,,,,,,,,,0
20,110001184,IN,,,,,,,,,,0
20,110001186,IN,,,,,,,,,,0
20,110001190,IN,,,,,,,,,,0
20,110001194,IN,,,,,,,,,,0
20,110001195,IN,,,,,,,,,,0
20,110001196,IN,,,,,,,,,,0
20,110001197,IN,,,,,,,,,,0
20,110001198,IN,,,,,,,,,,0
20,110001199,IN,,,,,,,,,,0
20,110001200,IN,,,,,,,,,,0
20,110001201,IN,,,,,,,,,,0
20,110001202,IN,,,,,,,,,,0
20,110001203,IN,,,,,,,,,,0
20,110001204,IN,,,,,,,,,,0
20,110001206,IN,,,,,,,,,,0
20,110001207,IN,,,,,,,,,,0
20,110001208,IN,,,,,,,,,,0
20,110001209,IN,,,,,,,,,,0
20,110001210,IN,,,,,,,,,,0
20,110001211,IN,,,,,,,,,,0
20,110001213,IN,,,,,,,,,,0
20,110001214,IN,,,,,,,,,,0
20,110001215,IN,,,,,,,,,,0
20,110001216,IN,,,,,,,,,,0
20,110001218,IN,,,,,,,,,,0
20,110001219,IN,,,,,,,,,,0
20,110001220,IN,,,,,,,,,,0
20,110001221,IN,,,,,,,,,,0
20,110001223,IN,,,,,,,,,,0
20,110001224,IN,,,,,,,,,,0
20,110001225,IN,,,,,,,,,,0
20,110001226,IN,,,,,,,,,,0
20,110001227,IN,,,,,,,,,,0
20,110001229,IN,,,,,,,,,,0
20,110001230,IN,,,,,,,,,,0
20,110002067,IN,,,,,,,,,,0
20,110002068,IN,,,,,,,,,,0
20,110002071,IN,,,,,,,,,,0
20,110002072,IN,,,,,,,,,,0
20,110002078,IN,,,,,,,,,,0
20,110002090,IN,,,,,,,,,,0
20,110002091,IN,,,,,,,,,,0
20,110002094,IN,,,,,,,,,,0
20,110002097,IN,,,,,,,,,,0
20,110002098,IN,,,,,,,,,,0
20,110002099,IN,,,,,,,,,,0
20,110002101,IN,,,,,,,,,,0
20,110002102,IN,,,,,,,,,,0
20,110002103,IN,,,,,,,,,,0
20,110002104,IN,,,,,,,,,,0
20,110002106,IN,,,,,,,,,,0
20,110002108,IN,,,,,,,,,,0
20,110002109,IN,,,,,,,,,,0
20,110002111,IN,,,,,,,,,,0
20,110002113,IN,,,,,,,,,,0
20,110002116,IN,,,,,,,,,,0
20,110002118,IN,,,,,,,,,,0
20,110002119,IN,,,,,,,,,,0
20,110002120,IN,,,,,,,,,,0
20,110002121,IN,,,,,,,,,,0
20,110002122,IN,,,,,,,,,,0
20,110002124,IN,,,,,,,,,,0
20,110002126,IN,,,,,,,,,,0
20,110002127,IN,,,,,,,,,,0
20,110002128,IN,,,,,,,,,,0
20,110002136,IN,,,,,,,,,,0
20,110002144,IN,,,,,,,,,,0
20,110002145,IN,,,,,,,,,,0
20,110002151,IN,,,,,,,,,,0
20,110002164,IN,,,,,,,,,,0
20,110002165,IN,,,,,,,,,,0
20,110002168,IN,,,,,,,,,,0
20,110002169,IN,,,,,,,,,,0
20,110002170,IN,,,,,,,,,,0
20,110002171,IN,,,,,,,,,,0
20,110002172,IN,,,,,,,,,,0
20,110002173,IN,,,,,,,,,,0
20,110002174,IN,,,,,,,,,,0
20,110002175,IN,,,,,,,,,,0
20,110002176,IN,,,,,,,,,,0
20,110002177,IN,,,,,,,,,,0
20,110002178,IN,,,,,,,,,,0
20,110002179,IN,,,,,,,,,,0
20,110002180,IN,,,,,,,,,,0
20,110002182,IN,,,,,,,,,,0
20,110002184,IN,,,,,,,,,,0
20,110002185,IN,,,,,,,,,,0
20,110002186,IN,,,,,,,,,,0
20,110002187,IN,,,,,,,,,,0
20,110002190,IN,,,,,,,,,,0
20,110002192,IN,,,,,,,,,,0
20,110002193,IN,,,,,,,,,,0
20,110002194,IN,,,,,,,,,,0
20,110002195,IN,,,,,,,,,,0
20,110002197,IN,,,,,,,,,,0
20,110002201,IN,,,,,,,,,,0
20,110002203,IN,,,,,,,,,,0
20,110002206,IN,,,,,,,,,,0
20,110002207,IN,,,,,,,,,,0
20,110002210,IN,,,,,,,,,,0
20,110002212,IN,,,,,,,,,,0
20,110002213,IN,,,,,,,,,,0
20,110002217,IN,,,,,,,,,,0
20,110002218,IN,,,,,,,,,,0
20,110002220,IN,,,,,,,,,,0
20,110002221,IN,,,,,,,,,,0
20,110002222,IN,,,,,,,,,,0
20,110002223,IN,,,,,,,,,,0
20,110002227,IN,,,,,,,,,,0
20,110002231,IN,,,,,,,,,,0
20,110002232,IN,,,,,,,,,,0
20,110002238,IN,,,,,,,,,,0
20,110002240,IN,,,,,,,,,,0
20,110002241,IN,,,,,,,,,,0
20,110002243,IN,,,,,,,,,,0
20,110002245,IN,,,,,,,,,,0
20,110002246,IN,,,,,,,,,,0
20,110002247,IN,,,,,,,,,,0
20,110002249,IN,,,,,,,,,,0
20,110002250,IN,,,,,,,,,,0
20,110002253,IN,,,,,,,,,,0
20,110002254,IN,,,,,,,,,,0
20,110002255,IN,,,,,,,,,,0
20,110002256,IN,,,,,,,,,,0
20,110002257,IN,,,,,,,,,,0
20,110002266,IN,,,,,,,,,,0
20,110002267,IN,,,,,,,,,,0
20,110002268,IN,,,,,,,,,,0
20,110002276,IN,,,,,,,,,,0
20,110002280,IN,,,,,,,,,,0
20,110002285,IN,,,,,,,,,,0
20,110002286,IN,,,,,,,,,,0
20,110002287,IN,,,,,,,,,,0
20,110002289,IN,,,,,,,,,,0
20,110002290,IN,,,,,,,,,,0
20,110002291,IN,,,,,,,,,,0
20,110002292,IN,,,,,,,,,,0
20,110002294,IN,,,,,,,,,,0
20,110002295,IN,,,,,,,,,,0
20,110002300,IN,,,,,,,,,,0
20,110002303,IN,,,,,,,,,,0
20,110002305,IN,,,,,,,,,,0
20,110002307,IN,,,,,,,,,,0
20,110002317,IN,,,,,,,,,,0
20,110002319,IN,,,,,,,,,,0
20,110002321,IN,,,,,,,,,,0
20,110002323,IN,,,,,,,,,,0
20,110002324,IN,,,,,,,,,,0
20,110002328,IN,,,,,,,,,,0
20,110002332,IN,,,,,,,,,,0
20,110002340,IN,,,,,,,,,,0
20,110002341,IN,,,,,,,,,,0
20,110002343,IN,,,,,,,,,,0
20,110002346,IN,,,,,,,,,,0
20,110002348,IN,,,,,,,,,,0
20,110002350,IN,,,,,,,,,,0
20,110002351,IN,,,,,,,,,,0
20,110002352,IN,,,,,,,,,,0
20,110002353,IN,,,,,,,,,,0
20,110002354,IN,,,,,,,,,,0
20,110002355,IN,,,,,,,,,,0
20,110002359,IN,,,,,,,,,,0
20,110002368,IN,,,,,,,,,,0
20,110002371,IN,,,,,,,,,,0
20,110002375,IN,,,,,,,,,,0
20,110002376,IN,,,,,,,,,,0
20,110002377,IN,,,,,,,,,,0
20,110002379,IN,,,,,,,,,,0
20,110002380,IN,,,,,,,,,,0
20,110002381,IN,,,,,,,,,,0
20,110002382,IN,,,,,,,,,,0
20,110003259,IN,,,,,,,,,,0
20,110003260,IN,,,,,,,,,,0
20,110003276,IN,,,,,,,,,,0
20,110003277,IN,,,,,,,,,,0
20,110003278,IN,,,,,,,,,,0
20,110003291,IN,,,,,,,,,,0
20,110003292,IN,,,,,,,,,,0
20,110003293,IN,,,,,,,,,,0
20,110003309,IN,,,,,,,,,,0
20,110003324,IN,,,,,,,,,,0
20,110003342,IN,,,,,,,,,,0
20,110003344,IN,,,,,,,,,,0
20,110003345,IN,,,,,,,,,,0
20,110003346,IN,,,,,,,,,,0
20,110003348,IN,,,,,,,,,,0
20,110003349,IN,,,,,,,,,,0
20,110003352,IN,,,,,,,,,,0
20,110003354,IN,,,,,,,,,,0
20,110003356,IN,,,,,,,,,,0
20,110003361,IN,,,,,,,,,,0
20,110003365,IN,,,,,,,,,,0
20,110003370,IN,,,,,,,,,,0
20,110003371,IN,,,,,,,,,,0
20,110003372,IN,,,,,,,,,,0
20,110003373,IN,,,,,,,,,,0
20,110003375,IN,,,,,,,,,,0
20,110003384,IN,,,,,,,,,,0
20,110003386,IN,,,,,,,,,,0
20,110003387,IN,,,,,,,,,,0
20,110003388,IN,,,,,,,,,,0
20,110003389,IN,,,,,,,,,,0
20,110003390,IN,,,,,,,,,,0
20,110003391,IN,,,,,,,,,,0
20,110003392,IN,,,,,,,,,,0
20,110003407,IN,,,,,,,,,,0
20,110003408,IN,,,,,,,,,,0
20,110003411,IN,,,,,,,,,,0
20,110003414,IN,,,,,,,,,,0
20,110003415,IN,,,,,,,,,,0
20,110003416,IN,,,,,,,,,,0
20,110003417,IN,,,,,,,,,,0
20,110003418,IN,,,,,,,,,,0
20,110003419,IN,,,,,,,,,,0
20,110003420,IN,,,,,,,,,,0
20,110003421,IN,,,,,,,,,,0
20,110003422,IN,,,,,,,,,,0
20,110003423,IN,,,,,,,,,,0
20,110003424,IN,,,,,,,,,,0
20,110003429,IN,,,,,,,,,,0
20,110003430,IN,,,,,,,,,,0
20,110003431,IN,,,,,,,,,,0
20,110003432,IN,,,,,,,,,,0
20,110003435,IN,,,,,,,,,,0
20,110003439,IN,,,,,,,,,,0
20,110003444,IN,,,,,,,,,,0
20,110003454,IN,,,,,,,,,,0
20,110003458,IN,,,,,,,,,,0
20,110003460,IN,,,,,,,,,,0
20,110003465,IN,,,,,,,,,,0
20,110003469,IN,,,,,,,,,,0
20,110003470,IN,,,,,,,,,,0
20,110003471,IN,,,,,,,,,,0
20,110003472,IN,,,,,,,,,,0
20,110003473,IN,,,,,,,,,,0
20,110003474,IN,,,,,,,,,,0
20,110003475,IN,,,,,,,,,,0
20,110003476,IN,,,,,,,,,,0
20,110003477,IN,,,,,,,,,,0
20,110003478,IN,,,,,,,,,,0
20,110003479,IN,,,,,,,,,,0
20,110003480,IN,,,,,,,,,,0
20,110003482,IN,,,,,,,,,,0
20,110003483,IN,,,,,,,,,,0
20,110003485,IN,,,,,,,,,,0
20,110003486,IN,,,,,,,,,,0
20,110003488,IN,,,,,,,,,,0
20,110003496,IN,,,,,,,,,,0
20,110003497,IN,,,,,,,,,,0
20,110003498,IN,,,,,,,,,,0
20,110003499,IN,,,,,,,,,,0
20,110003500,IN,,,,,,,,,,0
20,110003501,IN,,,,,,,,,,0
20,110003506,IN,,,,,,,,,,0
20,110003508,IN,,,,,,,,,,0
20,110003509,IN,,,,,,,,,,0
20,110003510,IN,,,,,,,,,,0
20,110003514,IN,,,,,,,,,,0
20,110003516,IN,,,,,,,,,,0
20,110003518,IN,,,,,,,,,,0
20,110003519,IN,,,,,,,,,,0
20,110003521,IN,,,,,,,,,,0
20,110003522,IN,,,,,,,,,,0
20,110003530,IN,,,,,,,,,,0
20,110003534,IN,,,,,,,,,,0
20,110003536,IN,,,,,,,,,,0
20,110003540,IN,,,,,,,,,,0
20,110003542,IN,,,,,,,,,,0
20,110003543,IN,,,,,,,,,,0
20,110003551,IN,,,,,,,,,,0
20,110003553,IN,,,,,,,,,,0
20,110003554,IN,,,,,,,,,,0
20,110003555,IN,,,,,,,,,,0
20,110003556,IN,,,,,,,,,,0
20,110003565,IN,,,,,,,,,,0
20,110003568,IN,,,,,,,,,,0
20,110003569,IN,,,,,,,,,,0
20,110010066,IN,,,,,,,,,,0
20,110010067,IN,,,,,,,,,,0
20,110010069,IN,,,,,,,,,,0
20,110010084,IN,,,,,,,,,,0
20,110010095,IN,,,,,,,,,,0
20,110010096,IN,,,,,,,,,,0
20,110010099,IN,,,,,,,,,,0
20,110010100,IN,,,,,,,,,,0
20,110010102,IN,,,,,,,,,,0
20,110010103,IN,,,,,,,,,,0
20,110010104,IN,,,,,,,,,,0
20,110010105,IN,,,,,,,,,,0
20,110010107,IN,,,,,,,,,,0
20,110010108,IN,,,,,,,,,,0
20,110010109,IN,,,,,,,,,,0
20,110010254,IN,,,,,,,,,,0
20,110010256,IN,,,,,,,,,,0
20,110010273,IN,,,,,,,,,,0
20,110010274,IN,,,,,,,,,,0
20,110010275,IN,,,,,,,,,,0
20,110010276,IN,,,,,,,,,,0
20,110010286,IN,,,,,,,,,,0
20,110010289,IN,,,,,,,,,,0
20,110010291,IN,,,,,,,,,,0
20,110010294,IN,,,,,,,,,,0
20,110010295,IN,,,,,,,,,,0
20,110010297,IN,,,,,,,,,,0
20,110010298,IN,,,,,,,,,,0
20,110010307,IN,,,,,,,,,,0
20,110010312,IN,,,,,,,,,,0
20,110010888,IN,,,,,,,,,,0
20,110010894,IN,,,,,,,,,,0
20,110010896,IN,,,,,,,,,,0
20,110010898,IN,,,,,,,,,,0
20,110010900,IN,,,,,,,,,,0
20,110010901,IN,,,,,,,,,,0
20,110010902,IN,,,,,,,,,,0
20,110010903,IN,,,,,,,,,,0
20,110010910,IN,,,,,,,,,,0
20,110010911,IN,,,,,,,,,,0
20,110010918,IN,,,,,,,,,,0
20,110010922,IN,,,,,,,,,,0
20,110010927,IN,,,,,,,,,,0
20,110010928,IN,,,,,,,,,,0
20,110010930,IN,,,,,,,,,,0
20,110010932,IN,,,,,,,,,,0
20,110010933,IN,,,,,,,,,,0
20,110010934,IN,,,,,,,,,,0
20,110010935,IN,,,,,,,,,,0
20,110010948,IN,,,,,,,,,,0
20,110010953,IN,,,,,,,,,,0
20,110010954,IN,,,,,,,,,,0
20,110010955,IN,,,,,,,,,,0
20,110010956,IN,,,,,,,,,,0
20,110010957,IN,,,,,,,,,,0
20,110010958,IN,,,,,,,,,,0
20,110010965,IN,,,,,,,,,,0
20,110010969,IN,,,,,,,,,,0
20,110010971,IN,,,,,,,,,,0
20,110010978,IN,,,,,,,,,,0
20,110010979,IN,,,,,,,,,,0
20,110010981,IN,,,,,,,,,,0
20,110010982,IN,,,,,,,,,,0
20,110010983,IN,,,,,,,,,,0
20,110010984,IN,,,,,,,,,,0
20,110010985,IN,,,,,,,,,,0
20,110010992,IN,,,,,,,,,,0
20,110011000,IN,,,,,,,,,,0
20,110011001,IN,,,,,,,,,,0
20,110011003,IN,,,,,,,,,,0
20,110011006,IN,,,,,,,,,,0
20,110011011,IN,,,,,,,,,,0
20,110011015,IN,,,,,,,,,,0
20,110011022,IN,,,,,,,,,,0
20,110011023,IN,,,,,,,,,,0
20,110011024,IN,,,,,,,,,,0
20,110011032,IN,,,,,,,,,,0
20,110011035,IN,,,,,,,,,,0
20,110011036,IN,,,,,,,,,,0
20,110011040,IN,,,,,,,,,,0
20,110011041,IN,,,,,,,,,,0
20,110011042,IN,,,,,,,,,,0
20,110011044,IN,,,,,,,,,,0
20,110011049,IN,,,,,,,,,,0
20,110011051,IN,,,,,,,,,,0
20,110011055,IN,,,,,,,,,,0
20,110011056,IN,,,,,,,,,,0
20,110011062,IN,,,,,,,,,,0
20,110011072,IN,,,,,,,,,,0
20,110011073,IN,,,,,,,,,,0
20,110011074,IN,,,,,,,,,,0
20,110011089,IN,,,,,,,,,,0
20,110011093,IN,,,,,,,,,,0
20,110011104,IN,,,,,,,,,,0
20,110011106,IN,,,,,,,,,,0
20,110011118,IN,,,,,,,,,,0
20,110011120,IN,,,,,,,,,,0
20,110011122,IN,,,,,,,,,,0
20,110011123,IN,,,,,,,,,,0
20,110011125,IN,,,,,,,,,,0
20,110011141,IN,,,,,,,,,,0
20,110011148,IN,,,,,,,,,,0
20,110011154,IN,,,,,,,,,,0
20,110011163,IN,,,,,,,,,,0
20,110011179,IN,,,,,,,,,,0
20,110011181,IN,,,,,,,,,,0
20,110011196,IN,,,,,,,,,,0
20,110011208,IN,,,,,,,,,,0
20,110011219,IN,,,,,,,,,,0
20,110011220,IN,,,,,,,,,,0
20,110011231,IN,,,,,,,,,,0
20,110011232,IN,,,,,,,,,,0
20,110011233,IN,,,,,,,,,,0
20,110011240,IN,,,,,,,,,,0
20,110011244,IN,,,,,,,,,,0
20,110011247,IN,,,,,,,,,,0
20,110011252,IN,,,,,,,,,,0
20,110011257,IN,,,,,,,,,,0
20,110011259,IN,,,,,,,,,,0
20,110011260,IN,,,,,,,,,,0
20,110011261,IN,,,,,,,,,,0
20,110011263,IN,,,,,,,,,,0
20,110011264,IN,,,,,,,,,,0
20,110011265,IN,,,,,,,,,,0
20,110011266,IN,,,,,,,,,,0
20,110011267,IN,,,,,,,,,,0
20,110011268,IN,,,,,,,,,,0
20,110011269,IN,,,,,,,,,,0
20,110011270,IN,,,,,,,,,,0
20,110011271,IN,,,,,,,,,,0
20,110011272,IN,,,,,,,,,,0
20,110011273,IN,,,,,,,,,,0
20,110011281,IN,,,,,,,,,,0
20,110011286,IN,,,,,,,,,,0
20,110011289,IN,,,,,,,,,,0
20,110011290,IN,,,,,,,,,,0
20,110011302,IN,,,,,,,,,,0
20,110011303,IN,,,,,,,,,,0
20,110011304,IN,,,,,,,,,,0
20,110011305,IN,,,,,,,,,,0
20,110011306,IN,,,,,,,,,,0
20,110011330,IN,,,,,,,,,,0
20,110011339,IN,,,,,,,,,,0
20,110011344,IN,,,,,,,,,,0
20,110011345,IN,,,,,,,,,,0
20,110011346,IN,,,,,,,,,,0
20,110011351,IN,,,,,,,,,,0
20,110011352,IN,,,,,,,,,,0
20,110020031,IN,,,,,,,,,,0
20,110020032,IN,,,,,,,,,,0
20,110020033,IN,,,,,,,,,,0
20,110020034,IN,,,,,,,,,,0
20,110020035,IN,,,,,,,,,,0
20,110020036,IN,,,,,,,,,,0
20,110020037,IN,,,,,,,,,,0
20,110020038,IN,,,,,,,,,,0
20,110020039,IN,,,,,,,,,,0
20,110020040,IN,,,,,,,,,,0
20,110020041,IN,,,,,,,,,,0
20,110020042,IN,,,,,,,,,,0
20,110020043,IN,,,,,,,,,,0
20,110020045,IN,,,,,,,,,,0
20,110020046,IN,,,,,,,,,,0
20,110020047,IN,,,,,,,,,,0
20,110020048,IN,,,,,,,,,,0
20,110020049,IN,,,,,,,,,,0
20,210020175,IN,,,,,,,,,,0
20,931451296,IN,,,,,,,,,,0
20,516001827IN01,IN,,,,,,,,,,0
20,516001826IN01,IN,,,,,,,,,,0
20,911300211,IN,,,,,,,,,,0
20,516001885PH01,IN,,,,,,,,,,0
20,420520537,IN,,,,,,,,,,0
20,420520536,IN,,,,,,,,,,0
20,420520535,IN,,,,,,,,,,0
20,931451759,IN,,,,,,,,,,0
20,514444231PH06,IN,,,,,,,,,,0
20,420005153,IN,,,,,,,,,,0
20,514444478TZ01,IN,,,,,,,,,,0
20,931406638,IN,,,,,,,,,,0
20,510310719CH01,IN,,,,,,,,,,0
20,931452010,IN,,,,,,,,,,0
20,910009891,IN,,,,,,,,,,0
20,310002877,IN,,,,,,,,,,0
20,614001786,IN,,,,,,,,,,0
20,931452557,IN,,,,,,,,,,0
20,931452556,IN,,,,,,,,,,0
20,613007139,IN,,,,,,,,,,0
20,613007138,IN,,,,,,,,,,0
20,613007137,IN,,,,,,,,,,0
20,931100390,IN,,,,,,,,,,0
20,930010078,IN,,,,,,,,,,0
20,930010077,IN,,,,,,,,,,0
20,930010076,IN,,,,,,,,,,0
20,930010075,IN,,,,,,,,,,0
20,910016815,IN,,,,,,,,,,0
20,931305965,IN,,,,,,,,,,0
20,310002927,IN,,,,,,,,,,0
20,911301364,IN,,,,,,,,,,0
20,951022312,IN,,,,,,,,,,0
20,931453874,IN,,,,,,,,,,0
20,931453873,IN,,,,,,,,,,0
20,931453872,IN,,,,,,,,,,0
20,931453871,IN,,,,,,,,,,0
20,931301325,IN,,,,,,,,,,0
20,931301031,IN,,,,,,,,,,0
20,931301032,IN,,,,,,,,,,0
20,931301033,IN,,,,,,,,,,0
20,931301034,IN,,,,,,,,,,0
20,931301035,IN,,,,,,,,,,0
20,931301036,IN,,,,,,,,,,0
20,931301037,IN,,,,,,,,,,0
20,931301038,IN,,,,,,,,,,0
20,931301039,IN,,,,,,,,,,0
20,911301616,IN,,,,,,,,,,0
20,911301889,IN,,,,,,,,,,0
20,911301888,IN,,,,,,,,,,0
20,911301887,IN,,,,,,,,,,0
20,930010099,IN,,,,,,,,,,0
20,516002548IN01,IN,,,,,,,,,,0
20,516002287CL02,IN,,,,,,,,,,0
20,931304426,IN,,,,,,,,,,0
20,931304427,IN,,,,,,,,,,0
20,516002677IN01,IN,,,,,,,,,,0
20,516002729IN01,IN,,,,,,,,,,0
20,310003104,IN,,,,,,,,,,0
20,931457347,IN,,,,,,,,,,0
20,911304487,IN,,,,,,,,,,0
20,931201026,IN,,,,,,,,,,0
20,931203986,IN,,,,,,,,,,0
20,911304951,IN,,,,,,,,,,0
20,910014793,IN,,,,,,,,,,0
20,931552061,IN,,,,,,,,,,0
20,911304669,IN,,,,,,,,,,0
20,514444927IN03,IN,,,,,,,,,,0
20,110210042,IN,,,,,,,,,,0
20,110210044,IN,,,,,,,,,,0
20,110210045,IN,,,,,,,,,,0
20,110210046,IN,,,,,,,,,,0
20,110210048,IN,,,,,,,,,,0
20,110210050,IN,,,,,,,,,,0
20,110210051,IN,,,,,,,,,,0
20,110210052,IN,,,,,,,,,,0
20,110210053,IN,,,,,,,,,,0
20,110210055,IN,,,,,,,,,,0
20,110220002,IN,,,,,,,,,,0
20,110220003,IN,,,,,,,,,,0
20,110220004,IN,,,,,,,,,,0
20,110220005,IN,,,,,,,,,,0
20,110220006,IN,,,,,,,,,,0
20,110220008,IN,,,,,,,,,,0
20,110220009,IN,,,,,,,,,,0
20,110220012,IN,,,,,,,,,,0
20,110220013,IN,,,,,,,,,,0
20,110220014,IN,,,,,,,,,,0
20,110230003,IN,,,,,,,,,,0
20,110230007,IN,,,,,,,,,,0
20,110230025,IN,,,,,,,,,,0
20,110230026,IN,,,,,,,,,,0
20,110230027,IN,,,,,,,,,,0
20,110230028,IN,,,,,,,,,,0
20,110230029,IN,,,,,,,,,,0
20,110230030,IN,,,,,,,,,,0
20,110230031,IN,,,,,,,,,,0
20,110230032,IN,,,,,,,,,,0
20,110230033,IN,,,,,,,,,,0
20,110230034,IN,,,,,,,,,,0
20,110230035,IN,,,,,,,,,,0
20,110230036,IN,,,,,,,,,,0
20,110230037,IN,,,,,,,,,,0
20,110230038,IN,,,,,,,,,,0
20,110230039,IN,,,,,,,,,,0
20,110230040,IN,,,,,,,,,,0
20,110230041,IN,,,,,,,,,,0
20,110230042,IN,,,,,,,,,,0
20,110230043,IN,,,,,,,,,,0
20,110230044,IN,,,,,,,,,,0
20,110230045,IN,,,,,,,,,,0
20,110230046,IN,,,,,,,,,,0
20,110230048,IN,,,,,,,,,,0
20,110230050,IN,,,,,,,,,,0
20,110230051,IN,,,,,,,,,,0
20,110230052,IN,,,,,,,,,,0
20,110230053,IN,,,,,,,,,,0
20,110230054,IN,,,,,,,,,,0
20,110240001,IN,,,,,,,,,,0
20,110240002,IN,,,,,,,,,,0
20,110240003,IN,,,,,,,,,,0
20,110240004,IN,,,,,,,,,,0
20,110240005,IN,,,,,,,,,,0
20,110240006,IN,,,,,,,,,,0
20,110240007,IN,,,,,,,,,,0
20,110240008,IN,,,,,,,,,,0
20,110240009,IN,,,,,,,,,,0
20,110240010,IN,,,,,,,,,,0
20,110240011,IN,,,,,,,,,,0
20,110240012,IN,,,,,,,,,,0
20,110240013,IN,,,,,,,,,,0
20,110240014,IN,,,,,,,,,,0
20,110240015,IN,,,,,,,,,,0
20,110240016,IN,,,,,,,,,,0
20,110240017,IN,,,,,,,,,,0
20,110310150,IN,,,,,,,,,,0
20,110310157,IN,,,,,,,,,,0
20,110310158,IN,,,,,,,,,,0
20,110310159,IN,,,,,,,,,,0
20,110310160,IN,,,,,,,,,,0
20,110320002,IN,,,,,,,,,,0
20,110320004,IN,,,,,,,,,,0
20,110320006,IN,,,,,,,,,,0
20,110320007,IN,,,,,,,,,,0
20,110320008,IN,,,,,,,,,,0
20,110320010,IN,,,,,,,,,,0
20,110320011,IN,,,,,,,,,,0
20,110320012,IN,,,,,,,,,,0
20,110320014,IN,,,,,,,,,,0
20,110320015,IN,,,,,,,,,,0
20,110320016,IN,,,,,,,,,,0
20,110320032,IN,,,,,,,,,,0
20,110320034,IN,,,,,,,,,,0
20,110320037,IN,,,,,,,,,,0
20,110320038,IN,,,,,,,,,,0
20,110320039,IN,,,,,,,,,,0
20,110320047,IN,,,,,,,,,,0
20,110320048,IN,,,,,,,,,,0
20,110320049,IN,,,,,,,,,,0
20,110320053,IN,,,,,,,,,,0
20,110320054,IN,,,,,,,,,,0
20,110320057,IN,,,,,,,,,,0
20,110320059,IN,,,,,,,,,,0
20,110320060,IN,,,,,,,,,,0
20,110340001,IN,,,,,,,,,,0
20,110340003,IN,,,,,,,,,,0
20,110340004,IN,,,,,,,,,,0
20,110340005,IN,,,,,,,,,,0
20,110340006,IN,,,,,,,,,,0
20,110340007,IN,,,,,,,,,,0
20,110340008,IN,,,,,,,,,,0
20,110340009,IN,,,,,,,,,,0
20,110340010,IN,,,,,,,,,,0
20,110340011,IN,,,,,,,,,,0
20,110340012,IN,,,,,,,,,,0
20,110340013,IN,,,,,,,,,,0
20,110340014,IN,,,,,,,,,,0
20,110340020,IN,,,,,,,,,,0
20,110340021,IN,,,,,,,,,,0
20,110340022,IN,,,,,,,,,,0
20,110340023,IN,,,,,,,,,,0
20,110340024,IN,,,,,,,,,,0
20,110340025,IN,,,,,,,,,,0
20,110340026,IN,,,,,,,,,,0
20,110340027,IN,,,,,,,,,,0
20,110350001,IN,,,,,,,,,,0
20,110350002,IN,,,,,,,,,,0
20,110350003,IN,,,,,,,,,,0
20,110350004,IN,,,,,,,,,,0
20,110350005,IN,,,,,,,,,,0
20,110350006,IN,,,,,,,,,,0
20,110350007,IN,,,,,,,,,,0
20,110350008,IN,,,,,,,,,,0
20,110350009,IN,,,,,,,,,,0
20,110350010,IN,,,,,,,,,,0
20,110350011,IN,,,,,,,,,,0
20,110350012,IN,,,,,,,,,,0
20,110350013,IN,,,,,,,,,,0
20,110350014,IN,,,,,,,,,,0
20,110350015,IN,,,,,,,,,,0
20,110350017,IN,,,,,,,,,,0
20,110350018,IN,,,,,,,,,,0
20,110360001,IN,,,,,,,,,,0
20,110360002,IN,,,,,,,,,,0
20,110360003,IN,,,,,,,,,,0
20,110360004,IN,,,,,,,,,,0
20,110360005,IN,,,,,,,,,,0
20,110360006,IN,,,,,,,,,,0
20,110360007,IN,,,,,,,,,,0
20,110360008,IN,,,,,,,,,,0
20,110360009,IN,,,,,,,,,,0
20,110360010,IN,,,,,,,,,,0
20,110360011,IN,,,,,,,,,,0
20,110360012,IN,,,,,,,,,,0
20,110360013,IN,,,,,,,,,,0
20,110360015,IN,,,,,,,,,,0
20,110360016,IN,,,,,,,,,,0
20,110360017,IN,,,,,,,,,,0
20,110360019,IN,,,,,,,,,,0
20,110360020,IN,,,,,,,,,,0
20,110360021,IN,,,,,,,,,,0
20,110360022,IN,,,,,,,,,,0
20,110360025,IN,,,,,,,,,,0
20,110360027,IN,,,,,,,,,,0
20,110360029,IN,,,,,,,,,,0
20,110360031,IN,,,,,,,,,,0
20,110360032,IN,,,,,,,,,,0
20,110360034,IN,,,,,,,,,,0
20,110360035,IN,,,,,,,,,,0
20,110360036,IN,,,,,,,,,,0
20,110360042,IN,,,,,,,,,,0
20,110360045,IN,,,,,,,,,,0
20,110360046,IN,,,,,,,,,,0
20,110360047,IN,,,,,,,,,,0
20,110360049,IN,,,,,,,,,,0
20,110360050,IN,,,,,,,,,,0
20,110360052,IN,,,,,,,,,,0
20,110360053,IN,,,,,,,,,,0
20,110360054,IN,,,,,,,,,,0
20,110360055,IN,,,,,,,,,,0
20,110360056,IN,,,,,,,,,,0
20,110360058,IN,,,,,,,,,,0
20,110360059,IN,,,,,,,,,,0
20,110360060,IN,,,,,,,,,,0
20,110360061,IN,,,,,,,,,,0
20,110360062,IN,,,,,,,,,,0
20,110360063,IN,,,,,,,,,,0
20,110360064,IN,,,,,,,,,,0
20,110360065,IN,,,,,,,,,,0
20,110360066,IN,,,,,,,,,,0
20,110360067,IN,,,,,,,,,,0
20,110360068,IN,,,,,,,,,,0
20,110360069,IN,,,,,,,,,,0
20,110380001,IN,,,,,,,,,,0
20,110390001,IN,,,,,,,,,,0
20,110410001,IN,,,,,,,,,,0
20,110430001,IN,,,,,,,,,,0
20,110430002,IN,,,,,,,,,,0
20,110430003,IN,,,,,,,,,,0
20,110430004,IN,,,,,,,,,,0
20,110450001,IN,,,,,,,,,,0
20,110460001,IN,,,,,,,,,,0
20,110460002,IN,,,,,,,,,,0
20,110460004,IN,,,,,,,,,,0
20,110460005,IN,,,,,,,,,,0
20,110460006,IN,,,,,,,,,,0
20,110460007,IN,,,,,,,,,,0
20,110460008,IN,,,,,,,,,,0
20,110460010,IN,,,,,,,,,,0
20,110460011,IN,,,,,,,,,,0
20,110460012,IN,,,,,,,,,,0
20,210004979,IN,,,,,,,,,,0
20,210004980,IN,,,,,,,,,,0
20,210004983,IN,,,,,,,,,,0
20,210004985,IN,,,,,,,,,,0
20,210004986,IN,,,,,,,,,,0
20,210004987,IN,,,,,,,,,,0
20,210004988,IN,,,,,,,,,,0
20,210004989,IN,,,,,,,,,,0
20,210004990,IN,,,,,,,,,,0
20,210004991,IN,,,,,,,,,,0
20,210004992,IN,,,,,,,,,,0
20,210004993,IN,,,,,,,,,,0
20,210004994,IN,,,,,,,,,,0
20,210004995,IN,,,,,,,,,,0
20,210004996,IN,,,,,,,,,,0
20,210004997,IN,,,,,,,,,,0
20,210004998,IN,,,,,,,,,,0
20,210004999,IN,,,,,,,,,,0
20,210005000,IN,,,,,,,,,,0
20,210005001,IN,,,,,,,,,,0
20,210005002,IN,,,,,,,,,,0
20,210005003,IN,,,,,,,,,,0
20,210005004,IN,,,,,,,,,,0
20,210005005,IN,,,,,,,,,,0
20,210005006,IN,,,,,,,,,,0
20,210005007,IN,,,,,,,,,,0
20,210005008,IN,,,,,,,,,,0
20,210005009,IN,,,,,,,,,,0
20,210005010,IN,,,,,,,,,,0
20,210005011,IN,,,,,,,,,,0
20,210005012,IN,,,,,,,,,,0
20,210005013,IN,,,,,,,,,,0
20,210005014,IN,,,,,,,,,,0
20,210005015,IN,,,,,,,,,,0
20,210005016,IN,,,,,,,,,,0
20,210005017,IN,,,,,,,,,,0
20,210005018,IN,,,,,,,,,,0
20,210005019,IN,,,,,,,,,,0
20,210005021,IN,,,,,,,,,,0
20,210005022,IN,,,,,,,,,,0
20,210005023,IN,,,,,,,,,,0
20,210005024,IN,,,,,,,,,,0
20,210005025,IN,,,,,,,,,,0
20,210005026,IN,,,,,,,,,,0
20,210005027,IN,,,,,,,,,,0
20,210005028,IN,,,,,,,,,,0
20,210005029,IN,,,,,,,,,,0
20,210005030,IN,,,,,,,,,,0
20,210005031,IN,,,,,,,,,,0
20,210005033,IN,,,,,,,,,,0
20,210005034,IN,,,,,,,,,,0
20,210005035,IN,,,,,,,,,,0
20,210005036,IN,,,,,,,,,,0
20,210005037,IN,,,,,,,,,,0
20,210005038,IN,,,,,,,,,,0
20,210005039,IN,,,,,,,,,,0
20,210005040,IN,,,,,,,,,,0
20,210005041,IN,,,,,,,,,,0
20,210005042,IN,,,,,,,,,,0
20,210005043,IN,,,,,,,,,,0
20,210005044,IN,,,,,,,,,,0
20,210005045,IN,,,,,,,,,,0
20,210005046,IN,,,,,,,,,,0
20,210005047,IN,,,,,,,,,,0
20,210005048,IN,,,,,,,,,,0
20,210005049,IN,,,,,,,,,,0
20,210005050,IN,,,,,,,,,,0
20,210005051,IN,,,,,,,,,,0
20,210005052,IN,,,,,,,,,,0
20,210005053,IN,,,,,,,,,,0
20,210005054,IN,,,,,,,,,,0
20,210005055,IN,,,,,,,,,,0
20,210005056,IN,,,,,,,,,,0
20,210005057,IN,,,,,,,,,,0
20,210005058,IN,,,,,,,,,,0
20,210005059,IN,,,,,,,,,,0
20,210005060,IN,,,,,,,,,,0
20,210005062,IN,,,,,,,,,,0
20,210005064,IN,,,,,,,,,,0
20,210005065,IN,,,,,,,,,,0
20,210005066,IN,,,,,,,,,,0
20,210005067,IN,,,,,,,,,,0
20,210005068,IN,,,,,,,,,,0
20,210005069,IN,,,,,,,,,,0
20,210005070,IN,,,,,,,,,,0
20,210005072,IN,,,,,,,,,,0
20,210005073,IN,,,,,,,,,,0
20,210005074,IN,,,,,,,,,,0
20,210005075,IN,,,,,,,,,,0
20,210005078,IN,,,,,,,,,,0
20,210005079,IN,,,,,,,,,,0
20,210005080,IN,,,,,,,,,,0
20,210005081,IN,,,,,,,,,,0
20,210005082,IN,,,,,,,,,,0
20,210005083,IN,,,,,,,,,,0
20,210005084,IN,,,,,,,,,,0
20,210005089,IN,,,,,,,,,,0
20,210005093,IN,,,,,,,,,,0
20,210005097,IN,,,,,,,,,,0
20,210005098,IN,,,,,,,,,,0
20,210005111,IN,,,,,,,,,,0
20,210005112,IN,,,,,,,,,,0
20,210005113,IN,,,,,,,,,,0
20,210005114,IN,,,,,,,,,,0
20,210005115,IN,,,,,,,,,,0
20,210005116,IN,,,,,,,,,,0
20,210005117,IN,,,,,,,,,,0
20,210005118,IN,,,,,,,,,,0
20,210005119,IN,,,,,,,,,,0
20,210005120,IN,,,,,,,,,,0
20,210005125,IN,,,,,,,,,,0
20,210005126,IN,,,,,,,,,,0
20,210005127,IN,,,,,,,,,,0
20,210005128,IN,,,,,,,,,,0
20,210005129,IN,,,,,,,,,,0
20,210005130,IN,,,,,,,,,,0
20,210005131,IN,,,,,,,,,,0
20,210005132,IN,,,,,,,,,,0
20,210005133,IN,,,,,,,,,,0
20,210005134,IN,,,,,,,,,,0
20,210005135,IN,,,,,,,,,,0
20,210005136,IN,,,,,,,,,,0
20,210005137,IN,,,,,,,,,,0
20,210005139,IN,,,,,,,,,,0
20,210005140,IN,,,,,,,,,,0
20,210005141,IN,,,,,,,,,,0
20,210005142,IN,,,,,,,,,,0
20,210005143,IN,,,,,,,,,,0
20,210005144,IN,,,,,,,,,,0
20,210005145,IN,,,,,,,,,,0
20,210005146,IN,,,,,,,,,,0
20,210005147,IN,,,,,,,,,,0
20,210005148,IN,,,,,,,,,,0
20,210005149,IN,,,,,,,,,,0
20,210005150,IN,,,,,,,,,,0
20,210005151,IN,,,,,,,,,,0
20,210005452,IN,,,,,,,,,,0
20,210005453,IN,,,,,,,,,,0
20,210005454,IN,,,,,,,,,,0
20,210005455,IN,,,,,,,,,,0
20,210005456,IN,,,,,,,,,,0
20,210005457,IN,,,,,,,,,,0
20,210005458,IN,,,,,,,,,,0
20,210005459,IN,,,,,,,,,,0
20,210005460,IN,,,,,,,,,,0
20,210005461,IN,,,,,,,,,,0
20,210005462,IN,,,,,,,,,,0
20,210005463,IN,,,,,,,,,,0
20,210005464,IN,,,,,,,,,,0
20,210005465,IN,,,,,,,,,,0
20,210005466,IN,,,,,,,,,,0
20,210005467,IN,,,,,,,,,,0
20,210005468,IN,,,,,,,,,,0
20,210005469,IN,,,,,,,,,,0
20,210005470,IN,,,,,,,,,,0
20,210005471,IN,,,,,,,,,,0
20,210005472,IN,,,,,,,,,,0
20,210005473,IN,,,,,,,,,,0
20,210005474,IN,,,,,,,,,,0
20,210005475,IN,,,,,,,,,,0
20,210005477,IN,,,,,,,,,,0
20,210005478,IN,,,,,,,,,,0
20,210005479,IN,,,,,,,,,,0
20,210005480,IN,,,,,,,,,,0
20,210005481,IN,,,,,,,,,,0
20,210005482,IN,,,,,,,,,,0
20,210005483,IN,,,,,,,,,,0
20,210005484,IN,,,,,,,,,,0
20,210005485,IN,,,,,,,,,,0
20,210005486,IN,,,,,,,,,,0
20,210005487,IN,,,,,,,,,,0
20,210005488,IN,,,,,,,,,,0
20,210005489,IN,,,,,,,,,,0
20,210005490,IN,,,,,,,,,,0
20,210005491,IN,,,,,,,,,,0
20,210005492,IN,,,,,,,,,,0
20,210005507,IN,,,,,,,,,,0
20,210005508,IN,,,,,,,,,,0
20,210005509,IN,,,,,,,,,,0
20,210005510,IN,,,,,,,,,,0
20,210005511,IN,,,,,,,,,,0
20,210005516,IN,,,,,,,,,,0
20,210005517,IN,,,,,,,,,,0
20,210005518,IN,,,,,,,,,,0
20,210005519,IN,,,,,,,,,,0
20,210005520,IN,,,,,,,,,,0
20,210005521,IN,,,,,,,,,,0
20,210005522,IN,,,,,,,,,,0
20,210005523,IN,,,,,,,,,,0
20,210005524,IN,,,,,,,,,,0
20,210005525,IN,,,,,,,,,,0
20,210005526,IN,,,,,,,,,,0
20,210005527,IN,,,,,,,,,,0
20,210005528,IN,,,,,,,,,,0
20,210005529,IN,,,,,,,,,,0
20,210005530,IN,,,,,,,,,,0
20,210005531,IN,,,,,,,,,,0
20,210005532,IN,,,,,,,,,,0
20,210005533,IN,,,,,,,,,,0
20,210005534,IN,,,,,,,,,,0
20,210005535,IN,,,,,,,,,,0
20,210005536,IN,,,,,,,,,,0
20,210005537,IN,,,,,,,,,,0
20,210010966,IN,,,,,,,,,,0
20,210011680,IN,,,,,,,,,,0
20,210011697,IN,,,,,,,,,,0
20,210011726,IN,,,,,,,,,,0
20,210011744,IN,,,,,,,,,,0
20,210011746,IN,,,,,,,,,,0
20,210011756,IN,,,,,,,,,,0
20,210011757,IN,,,,,,,,,,0
20,210011761,IN,,,,,,,,,,0
20,210011763,IN,,,,,,,,,,0
20,210011769,IN,,,,,,,,,,0
20,210011774,IN,,,,,,,,,,0
20,210011775,IN,,,,,,,,,,0
20,210011776,IN,,,,,,,,,,0
20,210011779,IN,,,,,,,,,,0
20,210011782,IN,,,,,,,,,,0
20,210011789,IN,,,,,,,,,,0
20,210011791,IN,,,,,,,,,,0
20,210011797,IN,,,,,,,,,,0
20,210011800,IN,,,,,,,,,,0
20,210011803,IN,,,,,,,,,,0
20,210011805,IN,,,,,,,,,,0
20,210011807,IN,,,,,,,,,,0
20,210011811,IN,,,,,,,,,,0
20,210011815,IN,,,,,,,,,,0
20,210011816,IN,,,,,,,,,,0
20,210011817,IN,,,,,,,,,,0
20,210011818,IN,,,,,,,,,,0
20,210011821,IN,,,,,,,,,,0
20,210011822,IN,,,,,,,,,,0
20,210011823,IN,,,,,,,,,,0
20,210011826,IN,,,,,,,,,,0
20,210011830,IN,,,,,,,,,,0
20,210011832,IN,,,,,,,,,,0
20,210011835,IN,,,,,,,,,,0
20,210011838,IN,,,,,,,,,,0
20,210011839,IN,,,,,,,,,,0
20,210011844,IN,,,,,,,,,,0
20,210011847,IN,,,,,,,,,,0
20,210011848,IN,,,,,,,,,,0
20,210011855,IN,,,,,,,,,,0
20,210011856,IN,,,,,,,,,,0
20,210011859,IN,,,,,,,,,,0
20,210020022,IN,,,,,,,,,,0
20,210020025,IN,,,,,,,,,,0
20,210020064,IN,,,,,,,,,,0
20,210020099,IN,,,,,,,,,,0
20,210020100,IN,,,,,,,,,,0
20,210020101,IN,,,,,,,,,,0
20,210020108,IN,,,,,,,,,,0
20,210020110,IN,,,,,,,,,,0
20,210020112,IN,,,,,,,,,,0
20,210020130,IN,,,,,,,,,,0
20,210030042,IN,,,,,,,,,,0
20,210030106,IN,,,,,,,,,,0
20,210030181,IN,,,,,,,,,,0
20,210030189,IN,,,,,,,,,,0
20,210030253,IN,,,,,,,,,,0
20,210030254,IN,,,,,,,,,,0
20,210030306,IN,,,,,,,,,,0
20,210030307,IN,,,,,,,,,,0
20,210030308,IN,,,,,,,,,,0
20,210030309,IN,,,,,,,,,,0
20,210030321,IN,,,,,,,,,,0
20,210030322,IN,,,,,,,,,,0
20,210030323,IN,,,,,,,,,,0
20,210030324,IN,,,,,,,,,,0
20,210030325,IN,,,,,,,,,,0
20,210030326,IN,,,,,,,,,,0
20,310002054,IN,,,,,,,,,,0
20,310002055,IN,,,,,,,,,,0
20,310002056,IN,,,,,,,,,,0
20,310002057,IN,,,,,,,,,,0
20,310002058,IN,,,,,,,,,,0
20,310002059,IN,,,,,,,,,,0
20,310002060,IN,,,,,,,,,,0
20,310002061,IN,,,,,,,,,,0
20,310002067,IN,,,,,,,,,,0
20,310002068,IN,,,,,,,,,,0
20,310002069,IN,,,,,,,,,,0
20,310002070,IN,,,,,,,,,,0
20,310002071,IN,,,,,,,,,,0
20,310002073,IN,,,,,,,,,,0
20,310002074,IN,,,,,,,,,,0
20,310002076,IN,,,,,,,,,,0
20,310002078,IN,,,,,,,,,,0
20,310002079,IN,,,,,,,,,,0
20,310002080,IN,,,,,,,,,,0
20,310002081,IN,,,,,,,,,,0
20,310002083,IN,,,,,,,,,,0
20,310002084,IN,,,,,,,,,,0
20,310002085,IN,,,,,,,,,,0
20,310002088,IN,,,,,,,,,,0
20,310002089,IN,,,,,,,,,,0
20,310002091,IN,,,,,,,,,,0
20,310002093,IN,,,,,,,,,,0
20,310002094,IN,,,,,,,,,,0
20,310002095,IN,,,,,,,,,,0
20,310002107,IN,,,,,,,,,,0
20,310002108,IN,,,,,,,,,,0
20,310002109,IN,,,,,,,,,,0
20,310002110,IN,,,,,,,,,,0
20,310002111,IN,,,,,,,,,,0
20,310002112,IN,,,,,,,,,,0
20,310002113,IN,,,,,,,,,,0
20,310002114,IN,,,,,,,,,,0
20,310002115,IN,,,,,,,,,,0
20,310002116,IN,,,,,,,,,,0
20,310002117,IN,,,,,,,,,,0
20,310002118,IN,,,,,,,,,,0
20,310002120,IN,,,,,,,,,,0
20,310002122,IN,,,,,,,,,,0
20,310002125,IN,,,,,,,,,,0
20,310002126,IN,,,,,,,,,,0
20,310002127,IN,,,,,,,,,,0
20,310002128,IN,,,,,,,,,,0
20,310002129,IN,,,,,,,,,,0
20,310002130,IN,,,,,,,,,,0
20,310002131,IN,,,,,,,,,,0
20,310002132,IN,,,,,,,,,,0
20,310002133,IN,,,,,,,,,,0
20,310002135,IN,,,,,,,,,,0
20,310002136,IN,,,,,,,,,,0
20,310002137,IN,,,,,,,,,,0
20,310002138,IN,,,,,,,,,,0
20,310002139,IN,,,,,,,,,,0
20,310002140,IN,,,,,,,,,,0
20,310002141,IN,,,,,,,,,,0
20,310002142,IN,,,,,,,,,,0
20,310002143,IN,,,,,,,,,,0
20,310002144,IN,,,,,,,,,,0
20,310002145,IN,,,,,,,,,,0
20,310002146,IN,,,,,,,,,,0
20,310002147,IN,,,,,,,,,,0
20,310002148,IN,,,,,,,,,,0
20,310002149,IN,,,,,,,,,,0
20,310002152,IN,,,,,,,,,,0
20,310002153,IN,,,,,,,,,,0
20,310002154,IN,,,,,,,,,,0
20,310002155,IN,,,,,,,,,,0
20,613003271,IN,,,,,,,,,,0
20,931404039,IN,,,,,,,,,,0
20,514443994IN01,IN,,,,,,,,,,0
20,514443993IN01,IN,,,,,,,,,,0
20,5144441188X01,IN,,,,,,,,,,0
20,931404943,IN,,,,,,,,,,0
20,420005528,IN,,,,,,,,,,0
20,931405246,IN,,,,,,,,,,0
20,931405247,IN,,,,,,,,,,0
20,514444201MU01,IN,,,,,,,,,,0
20,931405789,IN,,,,,,,,,,0
20,931405788,IN,,,,,,,,,,0
20,931405786,IN,,,,,,,,,,0
20,931405785,IN,,,,,,,,,,0
20,931405784,IN,,,,,,,,,,0
20,517770799IN01,IN,,,,,,,,,,0
20,915000607,IN,,,,,,,,,,0
20,931201090,IN,,,,,,,,,,0
20,594440188PH02,IN,,,,,,,,,,0
20,594440268BO05,IN,,,,,,,,,,0
20,510310564IL01,IN,,,,,,,,,,0
20,510031699IN01,IN,,,,,,,,,,0
20,510520572ES02,IN,,,,,,,,,,0
20,510310424ES05,IN,,,,,,,,,,0
20,210011947,IN,,,,,,,,,,0
20,516001248IN01,IN,,,,,,,,,,0
20,931408250,IN,,,,,,,,,,0
20,910011559,IN,,,,,,,,,,0
20,910014205,IN,,,,,,,,,,0
20,910020317,IN,,,,,,,,,,0
20,910020316,IN,,,,,,,,,,0
20,910020315,IN,,,,,,,,,,0
20,310310336,IN,,,,,,,,,,0
20,910015144,IN,,,,,,,,,,0
20,910005446,IN,,,,,,,,,,0
20,910010496,IN,,,,,,,,,,0
20,931450691,IN,,,,,,,,,,0
20,510007899ZA02,IN,,,,,,,,,,0
20,510031627IN02,IN,,,,,,,,,,0
20,911300119,IN,,,,,,,,,,0
20,910015783,IN,,,,,,,,,,0
20,931452555,IN,,,,,,,,,,0
20,910016813,IN,,,,,,,,,,0
20,931301066,IN,,,,,,,,,,0
20,931301067,IN,,,,,,,,,,0
20,931301068,IN,,,,,,,,,,0
20,5160024368X01,IN,,,,,,,,,,0
20,516002435DZ01,IN,,,,,,,,,,0
20,516002434DZ01,IN,,,,,,,,,,0
20,516002433DZ01,IN,,,,,,,,,,0
20,931406736,IN,,,,,,,,,,0
20,510009404PE04,IN,,,,,,,,,,0
20,516002675IN01,IN,,,,,,,,,,0
20,516002726IN01,IN,,,,,,,,,,0
20,516002725IN01,IN,,,,,,,,,,0
20,931456223,IN,,,,,,,,,,0
20,911302509,IN,,,,,,,,,,0
20,931406970,IN,,,,,,,,,,0
20,931456818,IN,,,,,,,,,,0
20,910005512,IN,,,,,,,,,,0
20,613008523,IN,,,,,,,,,,0
20,931457346,IN,,,,,,,,,,0
20,911303292,IN,,,,,,,,,,0
20,911303291,IN,,,,,,,,,,0
20,931457149,IN,,,,,,,,,,0
20,310040013,IN,,,,,,,,,,0
20,310040014,IN,,,,,,,,,,0
20,310040015,IN,,,,,,,,,,0
20,310050001,IN,,,,,,,,,,0
20,310050002,IN,,,,,,,,,,0
20,310050003,IN,,,,,,,,,,0
20,310060001,IN,,,,,,,,,,0
20,310080020,IN,,,,,,,,,,0
20,310080021,IN,,,,,,,,,,0
20,310080031,IN,,,,,,,,,,0
20,310080032,IN,,,,,,,,,,0
20,310100033,IN,,,,,,,,,,0
20,310100034,IN,,,,,,,,,,0
20,310100035,IN,,,,,,,,,,0
20,310100039,IN,,,,,,,,,,0
20,310100040,IN,,,,,,,,,,0
20,310100041,IN,,,,,,,,,,0
20,310100051,IN,,,,,,,,,,0
20,310100052,IN,,,,,,,,,,0
20,310100056,IN,,,,,,,,,,0
20,310110003,IN,,,,,,,,,,0
20,310110004,IN,,,,,,,,,,0
20,310110006,IN,,,,,,,,,,0
20,310120004,IN,,,,,,,,,,0
20,310120006,IN,,,,,,,,,,0
20,310120007,IN,,,,,,,,,,0
20,310120013,IN,,,,,,,,,,0
20,310120015,IN,,,,,,,,,,0
20,310120023,IN,,,,,,,,,,0
20,310120025,IN,,,,,,,,,,0
20,310120026,IN,,,,,,,,,,0
20,310120027,IN,,,,,,,,,,0
20,310120028,IN,,,,,,,,,,0
20,310120029,IN,,,,,,,,,,0
20,310120031,IN,,,,,,,,,,0
20,310120034,IN,,,,,,,,,,0
20,310120037,IN,,,,,,,,,,0
20,310120043,IN,,,,,,,,,,0
20,310120047,IN,,,,,,,,,,0
20,310120051,IN,,,,,,,,,,0
20,310120057,IN,,,,,,,,,,0
20,310120061,IN,,,,,,,,,,0
20,310120070,IN,,,,,,,,,,0
20,310140001,IN,,,,,,,,,,0
20,310140002,IN,,,,,,,,,,0
20,310140003,IN,,,,,,,,,,0
20,310140004,IN,,,,,,,,,,0
20,310140005,IN,,,,,,,,,,0
20,310140006,IN,,,,,,,,,,0
20,310140007,IN,,,,,,,,,,0
20,310140008,IN,,,,,,,,,,0
20,310140009,IN,,,,,,,,,,0
20,310140010,IN,,,,,,,,,,0
20,310140011,IN,,,,,,,,,,0
20,310150006,IN,,,,,,,,,,0
20,310150010,IN,,,,,,,,,,0
20,310150012,IN,,,,,,,,,,0
20,310150013,IN,,,,,,,,,,0
20,310150014,IN,,,,,,,,,,0
20,310150015,IN,,,,,,,,,,0
20,310150016,IN,,,,,,,,,,0
20,310150017,IN,,,,,,,,,,0
20,310150018,IN,,,,,,,,,,0
20,310160004,IN,,,,,,,,,,0
20,310160007,IN,,,,,,,,,,0
20,310160008,IN,,,,,,,,,,0
20,310220001,IN,,,,,,,,,,0
20,310220002,IN,,,,,,,,,,0
20,310230003,IN,,,,,,,,,,0
20,310230004,IN,,,,,,,,,,0
20,310230005,IN,,,,,,,,,,0
20,310230006,IN,,,,,,,,,,0
20,310230007,IN,,,,,,,,,,0
20,310230008,IN,,,,,,,,,,0
20,310230009,IN,,,,,,,,,,0
20,310230010,IN,,,,,,,,,,0
20,310230011,IN,,,,,,,,,,0
20,310230012,IN,,,,,,,,,,0
20,310230013,IN,,,,,,,,,,0
20,310230015,IN,,,,,,,,,,0
20,310230017,IN,,,,,,,,,,0
20,310240001,IN,,,,,,,,,,0
20,310240002,IN,,,,,,,,,,0
20,310240003,IN,,,,,,,,,,0
20,310240004,IN,,,,,,,,,,0
20,310240005,IN,,,,,,,,,,0
20,310240006,IN,,,,,,,,,,0
20,310240007,IN,,,,,,,,,,0
20,310240008,IN,,,,,,,,,,0
20,310250001,IN,,,,,,,,,,0
20,310250002,IN,,,,,,,,,,0
20,310250003,IN,,,,,,,,,,0
20,310250010,IN,,,,,,,,,,0
20,310250011,IN,,,,,,,,,,0
20,310250012,IN,,,,,,,,,,0
20,310250013,IN,,,,,,,,,,0
20,310250014,IN,,,,,,,,,,0
20,310250015,IN,,,,,,,,,,0
20,310250016,IN,,,,,,,,,,0
20,310250017,IN,,,,,,,,,,0
20,310250018,IN,,,,,,,,,,0
20,310250019,IN,,,,,,,,,,0
20,310250020,IN,,,,,,,,,,0
20,310250021,IN,,,,,,,,,,0
20,310250022,IN,,,,,,,,,,0
20,310250023,IN,,,,,,,,,,0
20,310250024,IN,,,,,,,,,,0
20,310250025,IN,,,,,,,,,,0
20,310250029,IN,,,,,,,,,,0
20,310250031,IN,,,,,,,,,,0
20,310250032,IN,,,,,,,,,,0
20,310250033,IN,,,,,,,,,,0
20,310250034,IN,,,,,,,,,,0
20,310250035,IN,,,,,,,,,,0
20,310250036,IN,,,,,,,,,,0
20,310250037,IN,,,,,,,,,,0
20,310250039,IN,,,,,,,,,,0
20,310250040,IN,,,,,,,,,,0
20,310250042,IN,,,,,,,,,,0
20,310250043,IN,,,,,,,,,,0
20,310250047,IN,,,,,,,,,,0
20,310250048,IN,,,,,,,,,,0
20,310250049,IN,,,,,,,,,,0
20,310250050,IN,,,,,,,,,,0
20,310250051,IN,,,,,,,,,,0
20,310250053,IN,,,,,,,,,,0
20,310250054,IN,,,,,,,,,,0
20,310250055,IN,,,,,,,,,,0
20,310250056,IN,,,,,,,,,,0
20,310250057,IN,,,,,,,,,,0
20,310250059,IN,,,,,,,,,,0
20,310250061,IN,,,,,,,,,,0
20,310250062,IN,,,,,,,,,,0
20,310250063,IN,,,,,,,,,,0
20,310250064,IN,,,,,,,,,,0
20,310250065,IN,,,,,,,,,,0
20,390350009,IN,,,,,,,,,,0
20,390350010,IN,,,,,,,,,,0
20,390350011,IN,,,,,,,,,,0
20,420000667,IN,,,,,,,,,,0
20,420000668,IN,,,,,,,,,,0
20,420000679,IN,,,,,,,,,,0
20,420000680,IN,,,,,,,,,,0
20,420000682,IN,,,,,,,,,,0
20,420000687,IN,,,,,,,,,,0
20,420001543,IN,,,,,,,,,,0
20,420001544,IN,,,,,,,,,,0
20,420001545,IN,,,,,,,,,,0
20,420001626,IN,,,,,,,,,,0
20,420001627,IN,,,,,,,,,,0
20,420001628,IN,,,,,,,,,,0
20,420001714,IN,,,,,,,,,,0
20,420001716,IN,,,,,,,,,,0
20,420001718,IN,,,,,,,,,,0
20,420001979,IN,,,,,,,,,,0
20,420001980,IN,,,,,,,,,,0
20,420002097,IN,,,,,,,,,,0
20,420002164,IN,,,,,,,,,,0
20,420002165,IN,,,,,,,,,,0
20,420002166,IN,,,,,,,,,,0
20,420002173,IN,,,,,,,,,,0
20,420002231,IN,,,,,,,,,,0
20,420002289,IN,,,,,,,,,,0
20,420002290,IN,,,,,,,,,,0
20,420002291,IN,,,,,,,,,,0
20,420002296,IN,,,,,,,,,,0
20,420002297,IN,,,,,,,,,,0
20,420002371,IN,,,,,,,,,,0
20,420002372,IN,,,,,,,,,,0
20,420002373,IN,,,,,,,,,,0
20,420002374,IN,,,,,,,,,,0
20,420002375,IN,,,,,,,,,,0
20,420002383,IN,,,,,,,,,,0
20,420002388,IN,,,,,,,,,,0
20,420002389,IN,,,,,,,,,,0
20,420002650,IN,,,,,,,,,,0
20,420002667,IN,,,,,,,,,,0
20,420002820,IN,,,,,,,,,,0
20,420002821,IN,,,,,,,,,,0
20,420002822,IN,,,,,,,,,,0
20,420002823,IN,,,,,,,,,,0
20,420002833,IN,,,,,,,,,,0
20,420002834,IN,,,,,,,,,,0
20,420002871,IN,,,,,,,,,,0
20,420004151,IN,,,,,,,,,,0
20,420004876,IN,,,,,,,,,,0
20,420004877,IN,,,,,,,,,,0
20,420004878,IN,,,,,,,,,,0
20,420004879,IN,,,,,,,,,,0
20,420004880,IN,,,,,,,,,,0
20,420004881,IN,,,,,,,,,,0
20,420004882,IN,,,,,,,,,,0
20,420004883,IN,,,,,,,,,,0
20,420004884,IN,,,,,,,,,,0
20,420004885,IN,,,,,,,,,,0
20,420004886,IN,,,,,,,,,,0
20,420004887,IN,,,,,,,,,,0
20,420004888,IN,,,,,,,,,,0
20,420004889,IN,,,,,,,,,,0
20,420004890,IN,,,,,,,,,,0
20,420004891,IN,,,,,,,,,,0
20,420004892,IN,,,,,,,,,,0
20,420004893,IN,,,,,,,,,,0
20,420004894,IN,,,,,,,,,,0
20,420004895,IN,,,,,,,,,,0
20,420004896,IN,,,,,,,,,,0
20,420004897,IN,,,,,,,,,,0
20,420004898,IN,,,,,,,,,,0
20,420004899,IN,,,,,,,,,,0
20,420004900,IN,,,,,,,,,,0
20,420004901,IN,,,,,,,,,,0
20,420004902,IN,,,,,,,,,,0
20,420004903,IN,,,,,,,,,,0
20,420004904,IN,,,,,,,,,,0
20,420004905,IN,,,,,,,,,,0
20,420004906,IN,,,,,,,,,,0
20,420004907,IN,,,,,,,,,,0
20,420004908,IN,,,,,,,,,,0
20,420004999,IN,,,,,,,,,,0
20,420005018,IN,,,,,,,,,,0
20,420005019,IN,,,,,,,,,,0
20,420005025,IN,,,,,,,,,,0
20,420005026,IN,,,,,,,,,,0
20,420005093,IN,,,,,,,,,,0
20,420005094,IN,,,,,,,,,,0
20,420005095,IN,,,,,,,,,,0
20,420005096,IN,,,,,,,,,,0
20,420005097,IN,,,,,,,,,,0
20,420005098,IN,,,,,,,,,,0
20,420005106,IN,,,,,,,,,,0
20,420005107,IN,,,,,,,,,,0
20,420005108,IN,,,,,,,,,,0
20,420005109,IN,,,,,,,,,,0
20,420005110,IN,,,,,,,,,,0
20,420005111,IN,,,,,,,,,,0
20,420005112,IN,,,,,,,,,,0
20,420005116,IN,,,,,,,,,,0
20,420005117,IN,,,,,,,,,,0
20,420005118,IN,,,,,,,,,,0
20,420005119,IN,,,,,,,,,,0
20,420005120,IN,,,,,,,,,,0
20,420005121,IN,,,,,,,,,,0
20,420005122,IN,,,,,,,,,,0
20,420005123,IN,,,,,,,,,,0
20,420005124,IN,,,,,,,,,,0
20,420005125,IN,,,,,,,,,,0
20,420005127,IN,,,,,,,,,,0
20,420005128,IN,,,,,,,,,,0
20,420005130,IN,,,,,,,,,,0
20,420005132,IN,,,,,,,,,,0
20,420005137,IN,,,,,,,,,,0
20,420005139,IN,,,,,,,,,,0
20,420005140,IN,,,,,,,,,,0
20,420005141,IN,,,,,,,,,,0
20,420005146,IN,,,,,,,,,,0
20,420005147,IN,,,,,,,,,,0
20,420005148,IN,,,,,,,,,,0
20,420005149,IN,,,,,,,,,,0
20,420005157,IN,,,,,,,,,,0
20,420005159,IN,,,,,,,,,,0
20,420005160,IN,,,,,,,,,,0
20,420005162,IN,,,,,,,,,,0
20,420005163,IN,,,,,,,,,,0
20,420005165,IN,,,,,,,,,,0
20,420005166,IN,,,,,,,,,,0
20,420005168,IN,,,,,,,,,,0
20,420005169,IN,,,,,,,,,,0
20,420005171,IN,,,,,,,,,,0
20,420005174,IN,,,,,,,,,,0
20,420005175,IN,,,,,,,,,,0
20,420005176,IN,,,,,,,,,,0
20,420005177,IN,,,,,,,,,,0
20,910002025,IN,,,,,,,,,,0
20,910002028,IN,,,,,,,,,,0
20,910002029,IN,,,,,,,,,,0
20,910002030,IN,,,,,,,,,,0
20,910002031,IN,,,,,,,,,,0
20,910002032,IN,,,,,,,,,,0
20,910002033,IN,,,,,,,,,,0
20,910002034,IN,,,,,,,,,,0
20,910002035,IN,,,,,,,,,,0
20,910002036,IN,,,,,,,,,,0
20,910002049,IN,,,,,,,,,,0
20,910002050,IN,,,,,,,,,,0
20,910002051,IN,,,,,,,,,,0
20,910002052,IN,,,,,,,,,,0
20,910002053,IN,,,,,,,,,,0
20,910002056,IN,,,,,,,,,,0
20,910002058,IN,,,,,,,,,,0
20,910002059,IN,,,,,,,,,,0
20,910002060,IN,,,,,,,,,,0
20,910002062,IN,,,,,,,,,,0
20,910002063,IN,,,,,,,,,,0
20,910002065,IN,,,,,,,,,,0
20,910002067,IN,,,,,,,,,,0
20,910002071,IN,,,,,,,,,,0
20,910002073,IN,,,,,,,,,,0
20,910002074,IN,,,,,,,,,,0
20,910002077,IN,,,,,,,,,,0
20,910002078,IN,,,,,,,,,,0
20,910002080,IN,,,,,,,,,,0
20,910002082,IN,,,,,,,,,,0
20,910002083,IN,,,,,,,,,,0
20,910002084,IN,,,,,,,,,,0
20,910002085,IN,,,,,,,,,,0
20,910002086,IN,,,,,,,,,,0
20,910002087,IN,,,,,,,,,,0
20,910002088,IN,,,,,,,,,,0
20,910002090,IN,,,,,,,,,,0
20,910002091,IN,,,,,,,,,,0
20,910002092,IN,,,,,,,,,,0
20,910002093,IN,,,,,,,,,,0
20,910002094,IN,,,,,,,,,,0
20,910002097,IN,,,,,,,,,,0
20,910002098,IN,,,,,,,,,,0
20,910002099,IN,,,,,,,,,,0
20,910002101,IN,,,,,,,,,,0
20,910002102,IN,,,,,,,,,,0
20,910002103,IN,,,,,,,,,,0
20,910002104,IN,,,,,,,,,,0
20,910002106,IN,,,,,,,,,,0
20,910002110,IN,,,,,,,,,,0
20,910002111,IN,,,,,,,,,,0
20,910002112,IN,,,,,,,,,,0
20,910002115,IN,,,,,,,,,,0
20,910002123,IN,,,,,,,,,,0
20,910002130,IN,,,,,,,,,,0
20,910002133,IN,,,,,,,,,,0
20,910002134,IN,,,,,,,,,,0
20,910002138,IN,,,,,,,,,,0
20,910002143,IN,,,,,,,,,,0
20,910002145,IN,,,,,,,,,,0
20,910002146,IN,,,,,,,,,,0
20,910002148,IN,,,,,,,,,,0
20,910002151,IN,,,,,,,,,,0
20,910002152,IN,,,,,,,,,,0
20,910002153,IN,,,,,,,,,,0
20,910002154,IN,,,,,,,,,,0
20,910002155,IN,,,,,,,,,,0
20,910002157,IN,,,,,,,,,,0
20,910002158,IN,,,,,,,,,,0
20,910002160,IN,,,,,,,,,,0
20,910002161,IN,,,,,,,,,,0
20,910002162,IN,,,,,,,,,,0
20,910002163,IN,,,,,,,,,,0
20,910002165,IN,,,,,,,,,,0
20,910002166,IN,,,,,,,,,,0
20,910002167,IN,,,,,,,,,,0
20,910002168,IN,,,,,,,,,,0
20,910002169,IN,,,,,,,,,,0
20,910002171,IN,,,,,,,,,,0
20,910002172,IN,,,,,,,,,,0
20,910002173,IN,,,,,,,,,,0
20,910002174,IN,,,,,,,,,,0
20,910002175,IN,,,,,,,,,,0
20,910002176,IN,,,,,,,,,,0
20,910002178,IN,,,,,,,,,,0
20,910002184,IN,,,,,,,,,,0
20,910002185,IN,,,,,,,,,,0
20,910002186,IN,,,,,,,,,,0
20,910002188,IN,,,,,,,,,,0
20,910002189,IN,,,,,,,,,,0
20,910002190,IN,,,,,,,,,,0
20,910002191,IN,,,,,,,,,,0
20,910002192,IN,,,,,,,,,,0
20,910002193,IN,,,,,,,,,,0
20,910002194,IN,,,,,,,,,,0
20,910002195,IN,,,,,,,,,,0
20,910002196,IN,,,,,,,,,,0
20,910002197,IN,,,,,,,,,,0
20,910002198,IN,,,,,,,,,,0
20,910002199,IN,,,,,,,,,,0
20,910002200,IN,,,,,,,,,,0
20,910002201,IN,,,,,,,,,,0
20,910002202,IN,,,,,,,,,,0
20,910002205,IN,,,,,,,,,,0
20,910002209,IN,,,,,,,,,,0
20,910002210,IN,,,,,,,,,,0
20,910002211,IN,,,,,,,,,,0
20,910002213,IN,,,,,,,,,,0
20,910002214,IN,,,,,,,,,,0
20,910002222,IN,,,,,,,,,,0
20,910002223,IN,,,,,,,,,,0
20,910002224,IN,,,,,,,,,,0
20,910002225,IN,,,,,,,,,,0
20,910002226,IN,,,,,,,,,,0
20,910002227,IN,,,,,,,,,,0
20,910002229,IN,,,,,,,,,,0
20,910002230,IN,,,,,,,,,,0
20,910002231,IN,,,,,,,,,,0
20,910002232,IN,,,,,,,,,,0
20,910002234,IN,,,,,,,,,,0
20,910002235,IN,,,,,,,,,,0
20,910002236,IN,,,,,,,,,,0
20,910002237,IN,,,,,,,,,,0
20,910002238,IN,,,,,,,,,,0
20,910002239,IN,,,,,,,,,,0
20,910002243,IN,,,,,,,,,,0
20,910002245,IN,,,,,,,,,,0
20,910002246,IN,,,,,,,,,,0
20,910002247,IN,,,,,,,,,,0
20,910002252,IN,,,,,,,,,,0
20,910002253,IN,,,,,,,,,,0
20,910002256,IN,,,,,,,,,,0
20,910002258,IN,,,,,,,,,,0
20,910002259,IN,,,,,,,,,,0
20,910002260,IN,,,,,,,,,,0
20,910002261,IN,,,,,,,,,,0
20,910003202,IN,,,,,,,,,,0
20,910003203,IN,,,,,,,,,,0
20,910003206,IN,,,,,,,,,,0
20,910003207,IN,,,,,,,,,,0
20,910003208,IN,,,,,,,,,,0
20,910003211,IN,,,,,,,,,,0
20,910003216,IN,,,,,,,,,,0
20,910003220,IN,,,,,,,,,,0
20,910003221,IN,,,,,,,,,,0
20,910003222,IN,,,,,,,,,,0
20,910003223,IN,,,,,,,,,,0
20,910003224,IN,,,,,,,,,,0
20,910003226,IN,,,,,,,,,,0
20,910003229,IN,,,,,,,,,,0
20,910003235,IN,,,,,,,,,,0
20,910003236,IN,,,,,,,,,,0
20,910003237,IN,,,,,,,,,,0
20,910003239,IN,,,,,,,,,,0
20,910003241,IN,,,,,,,,,,0
20,910003242,IN,,,,,,,,,,0
20,910003243,IN,,,,,,,,,,0
20,910003245,IN,,,,,,,,,,0
20,910003246,IN,,,,,,,,,,0
20,910003249,IN,,,,,,,,,,0
20,910003250,IN,,,,,,,,,,0
20,910003253,IN,,,,,,,,,,0
20,910003254,IN,,,,,,,,,,0
20,910003255,IN,,,,,,,,,,0
20,910003256,IN,,,,,,,,,,0
20,910003257,IN,,,,,,,,,,0
20,910003259,IN,,,,,,,,,,0
20,910003261,IN,,,,,,,,,,0
20,910003262,IN,,,,,,,,,,0
20,910003263,IN,,,,,,,,,,0
20,910003264,IN,,,,,,,,,,0
20,910003265,IN,,,,,,,,,,0
20,910003266,IN,,,,,,,,,,0
20,910003267,IN,,,,,,,,,,0
20,910003268,IN,,,,,,,,,,0
20,910003269,IN,,,,,,,,,,0
20,910011048,IN,,,,,,,,,,0
20,510031464IN02,IN,,,,,,,,,,0
20,210470308,IN,,,,,,,,,,0
20,613003264,IN,,,,,,,,,,0
20,5160002108X01,IN,,,,,,,,,,0
20,517770753IN01,IN,,,,,,,,,,0
20,517770752IN01,IN,,,,,,,,,,0
20,517770751IN01,IN,,,,,,,,,,0
20,517770750IN01,IN,,,,,,,,,,0
20,517770749IN01,IN,,,,,,,,,,0
20,517770748IN01,IN,,,,,,,,,,0
20,517770747IN01,IN,,,,,,,,,,0
20,517770746IN01,IN,,,,,,,,,,0
20,517770745IN01,IN,,,,,,,,,,0
20,517770744IN01,IN,,,,,,,,,,0
20,310010079,IN,,,,,,,,,,0
20,516000232LK01,IN,,,,,,,,,,0
20,210005577,IN,,,,,,,,,,0
20,210005578,IN,,,,,,,,,,0
20,910007726,IN,,,,,,,,,,0
20,210020153,IN,,,,,,,,,,0
20,931404037,IN,,,,,,,,,,0
20,110003616,IN,,,,,,,,,,0
20,514444062IN01,IN,,,,,,,,,,0
20,514444061IN01,IN,,,,,,,,,,0
20,910007491,IN,,,,,,,,,,0
20,931404794,IN,,,,,,,,,,0
20,5144441158X01,IN,,,,,,,,,,0
20,5144441148X01,IN,,,,,,,,,,0
20,5144441138X01,IN,,,,,,,,,,0
20,931405121,IN,,,,,,,,,,0
20,420520244,IN,,,,,,,,,,0
20,420520243,IN,,,,,,,,,,0
20,420520242,IN,,,,,,,,,,0
20,420520241,IN,,,,,,,,,,0
20,931405250,IN,,,,,,,,,,0
20,510031299IN02,IN,,,,,,,,,,0
20,510031298IN02,IN,,,,,,,,,,0
20,510031297IN02,IN,,,,,,,,,,0
20,510031296IN02,IN,,,,,,,,,,0
20,510031295IN02,IN,,,,,,,,,,0
20,931405783,IN,,,,,,,,,,0
20,931405782,IN,,,,,,,,,,0
20,510520111GB02,IN,,,,,,,,,,0
20,514442527IN03,IN,,,,,,,,,,0
20,514442526IN03,IN,,,,,,,,,,0
20,915000608,IN,,,,,,,,,,0
20,514442201MZ01,IN,,,,,,,,,,0
20,210004984,IN,,,,,,,,,,0
20,931405898,IN,,,,,,,,,,0
20,5144442888X01,IN,,,,,,,,,,0
20,931405945,IN,,,,,,,,,,0
20,310002580,IN,,,,,,,,,,0
20,316000032,IN,,,,,,,,,,0
20,910011612,IN,,,,,,,,,,0
20,210000352,IN,,,,,,,,,,0
20,210000353,IN,,,,,,,,,,0
20,210000360,IN,,,,,,,,,,0
20,516000596IN01,IN,,,,,,,,,,0
20,910009175,IN,,,,,,,,,,0
20,910002488,IN,,,,,,,,,,0
20,910004059,IN,,,,,,,,,,0
20,910001741,IN,,,,,,,,,,0
20,910001761,IN,,,,,,,,,,0
20,516000614JM01,IN,,,,,,,,,,0
20,516000615JM01,IN,,,,,,,,,,0
20,931302731,IN,,,,,,,,,,0
20,931406710,IN,,,,,,,,,,0
20,931303122,IN,,,,,,,,,,0
20,931600479,IN,,,,,,,,,,0
20,910012690,IN,,,,,,,,,,0
20,310002695,IN,,,,,,,,,,0
20,510710428IN02,IN,,,,,,,,,,0
20,910013112,IN,,,,,,,,,,0
20,910013111,IN,,,,,,,,,,0
20,510521100FR01,IN,,,,,,,,,,0
20,510521101FR01,IN,,,,,,,,,,0
20,910014007,IN,,,,,,,,,,0
20,910020311,IN,,,,,,,,,,0
20,910014364,IN,,,,,,,,,,0
20,910013959,IN,,,,,,,,,,0
20,516001570IN01,IN,,,,,,,,,,0
20,516000843IN01,IN,,,,,,,,,,0
20,510004488IN01,IN,,,,,,,,,,0
20,911300020,IN,,,,,,,,,,0
20,516001649IN01,IN,,,,,,,,,,0
20,931450689,IN,,,,,,,,,,0
20,420006483,IN,,,,,,,,,,0
20,420006482,IN,,,,,,,,,,0
20,911300115,IN,,,,,,,,,,0
20,911300114,IN,,,,,,,,,,0
20,931451730,IN,,,,,,,,,,0
20,931451729,IN,,,,,,,,,,0
20,911300579,IN,,,,,,,,,,0
20,931452549,IN,,,,,,,,,,0
20,931452548,IN,,,,,,,,,,0
20,910005575,IN,,,,,,,,,,0
20,910005576,IN,,,,,,,,,,0
20,910005578,IN,,,,,,,,,,0
20,910005581,IN,,,,,,,,,,0
20,910005582,IN,,,,,,,,,,0
20,910005583,IN,,,,,,,,,,0
20,910005584,IN,,,,,,,,,,0
20,910005585,IN,,,,,,,,,,0
20,910005586,IN,,,,,,,,,,0
20,910005587,IN,,,,,,,,,,0
20,910005588,IN,,,,,,,,,,0
20,910005589,IN,,,,,,,,,,0
20,910005591,IN,,,,,,,,,,0
20,910005592,IN,,,,,,,,,,0
20,910005593,IN,,,,,,,,,,0
20,910005595,IN,,,,,,,,,,0
20,910005598,IN,,,,,,,,,,0
20,910005599,IN,,,,,,,,,,0
20,910005606,IN,,,,,,,,,,0
20,910005621,IN,,,,,,,,,,0
20,910005622,IN,,,,,,,,,,0
20,910005624,IN,,,,,,,,,,0
20,910005625,IN,,,,,,,,,,0
20,910005627,IN,,,,,,,,,,0
20,910005628,IN,,,,,,,,,,0
20,910005646,IN,,,,,,,,,,0
20,910005657,IN,,,,,,,,,,0
20,910005687,IN,,,,,,,,,,0
20,910005688,IN,,,,,,,,,,0
20,910005692,IN,,,,,,,,,,0
20,910005693,IN,,,,,,,,,,0
20,910005719,IN,,,,,,,,,,0
20,910005754,IN,,,,,,,,,,0
20,910005765,IN,,,,,,,,,,0
20,910005774,IN,,,,,,,,,,0
20,910005781,IN,,,,,,,,,,0
20,910005783,IN,,,,,,,,,,0
20,910005801,IN,,,,,,,,,,0
20,910005802,IN,,,,,,,,,,0
20,910005807,IN,,,,,,,,,,0
20,910005808,IN,,,,,,,,,,0
20,910005809,IN,,,,,,,,,,0
20,910005810,IN,,,,,,,,,,0
20,910005811,IN,,,,,,,,,,0
20,910005813,IN,,,,,,,,,,0
20,910005817,IN,,,,,,,,,,0
20,910005821,IN,,,,,,,,,,0
20,910005822,IN,,,,,,,,,,0
20,910005823,IN,,,,,,,,,,0
20,910005825,IN,,,,,,,,,,0
20,910005826,IN,,,,,,,,,,0
20,910005847,IN,,,,,,,,,,0
20,910005852,IN,,,,,,,,,,0
20,910005853,IN,,,,,,,,,,0
20,910005854,IN,,,,,,,,,,0
20,910005855,IN,,,,,,,,,,0
20,910005856,IN,,,,,,,,,,0
20,910005859,IN,,,,,,,,,,0
20,910005863,IN,,,,,,,,,,0
20,910005867,IN,,,,,,,,,,0
20,910005868,IN,,,,,,,,,,0
20,910005869,IN,,,,,,,,,,0
20,910005871,IN,,,,,,,,,,0
20,910005873,IN,,,,,,,,,,0
20,910005874,IN,,,,,,,,,,0
20,910005875,IN,,,,,,,,,,0
20,910005882,IN,,,,,,,,,,0
20,910005913,IN,,,,,,,,,,0
20,910005915,IN,,,,,,,,,,0
20,910005916,IN,,,,,,,,,,0
20,910005918,IN,,,,,,,,,,0
20,910005919,IN,,,,,,,,,,0
20,910005922,IN,,,,,,,,,,0
20,910005923,IN,,,,,,,,,,0
20,910005924,IN,,,,,,,,,,0
20,910005925,IN,,,,,,,,,,0
20,910005930,IN,,,,,,,,,,0
20,910005949,IN,,,,,,,,,,0
20,910005950,IN,,,,,,,,,,0
20,910005954,IN,,,,,,,,,,0
20,910005956,IN,,,,,,,,,,0
20,910005957,IN,,,,,,,,,,0
20,910005958,IN,,,,,,,,,,0
20,910005959,IN,,,,,,,,,,0
20,910005960,IN,,,,,,,,,,0
20,910005963,IN,,,,,,,,,,0
20,910005964,IN,,,,,,,,,,0
20,910005967,IN,,,,,,,,,,0
20,910005968,IN,,,,,,,,,,0
20,910005969,IN,,,,,,,,,,0
20,910005970,IN,,,,,,,,,,0
20,910005971,IN,,,,,,,,,,0
20,910005972,IN,,,,,,,,,,0
20,910005973,IN,,,,,,,,,,0
20,910005974,IN,,,,,,,,,,0
20,910005975,IN,,,,,,,,,,0
20,910005976,IN,,,,,,,,,,0
20,910005978,IN,,,,,,,,,,0
20,910005979,IN,,,,,,,,,,0
20,910005980,IN,,,,,,,,,,0
20,910005983,IN,,,,,,,,,,0
20,910005985,IN,,,,,,,,,,0
20,910005986,IN,,,,,,,,,,0
20,910005987,IN,,,,,,,,,,0
20,910005993,IN,,,,,,,,,,0
20,910005995,IN,,,,,,,,,,0
20,910005997,IN,,,,,,,,,,0
20,910005998,IN,,,,,,,,,,0
20,910005999,IN,,,,,,,,,,0
20,910006007,IN,,,,,,,,,,0
20,910006008,IN,,,,,,,,,,0
20,910006010,IN,,,,,,,,,,0
20,910006011,IN,,,,,,,,,,0
20,910006012,IN,,,,,,,,,,0
20,910006013,IN,,,,,,,,,,0
20,910006014,IN,,,,,,,,,,0
20,910006015,IN,,,,,,,,,,0
20,910006017,IN,,,,,,,,,,0
20,910006018,IN,,,,,,,,,,0
20,910006020,IN,,,,,,,,,,0
20,910006022,IN,,,,,,,,,,0
20,910006023,IN,,,,,,,,,,0
20,910006025,IN,,,,,,,,,,0
20,910006029,IN,,,,,,,,,,0
20,910006030,IN,,,,,,,,,,0
20,910006032,IN,,,,,,,,,,0
20,910006033,IN,,,,,,,,,,0
20,910006035,IN,,,,,,,,,,0
20,910006039,IN,,,,,,,,,,0
20,910006041,IN,,,,,,,,,,0
20,910006042,IN,,,,,,,,,,0
20,910006043,IN,,,,,,,,,,0
20,910006044,IN,,,,,,,,,,0
20,910006046,IN,,,,,,,,,,0
20,910006047,IN,,,,,,,,,,0
20,910006048,IN,,,,,,,,,,0
20,110001231,IN,,,,,,,,,,0
20,110001232,IN,,,,,,,,,,0
20,110001233,IN,,,,,,,,,,0
20,110001234,IN,,,,,,,,,,0
20,110001235,IN,,,,,,,,,,0
20,110001236,IN,,,,,,,,,,0
20,110001237,IN,,,,,,,,,,0
20,110001238,IN,,,,,,,,,,0
20,110001239,IN,,,,,,,,,,0
20,110001240,IN,,,,,,,,,,0
20,110001241,IN,,,,,,,,,,0
20,110001242,IN,,,,,,,,,,0
20,110001243,IN,,,,,,,,,,0
20,110001245,IN,,,,,,,,,,0
20,110001246,IN,,,,,,,,,,0
20,110001247,IN,,,,,,,,,,0
20,110001248,IN,,,,,,,,,,0
20,110001249,IN,,,,,,,,,,0
20,110001250,IN,,,,,,,,,,0
20,110001251,IN,,,,,,,,,,0
20,110001252,IN,,,,,,,,,,0
20,110001253,IN,,,,,,,,,,0
20,110001256,IN,,,,,,,,,,0
20,110001258,IN,,,,,,,,,,0
20,110001259,IN,,,,,,,,,,0
20,110001260,IN,,,,,,,,,,0
20,110001263,IN,,,,,,,,,,0
20,110001267,IN,,,,,,,,,,0
20,110001268,IN,,,,,,,,,,0
20,110001269,IN,,,,,,,,,,0
20,110001270,IN,,,,,,,,,,0
20,110001271,IN,,,,,,,,,,0
20,110001272,IN,,,,,,,,,,0
20,110001274,IN,,,,,,,,,,0
20,110001275,IN,,,,,,,,,,0
20,110001276,IN,,,,,,,,,,0
20,110001280,IN,,,,,,,,,,0
20,110001282,IN,,,,,,,,,,0
20,110001283,IN,,,,,,,,,,0
20,110001284,IN,,,,,,,,,,0
20,110001285,IN,,,,,,,,,,0
20,110001286,IN,,,,,,,,,,0
20,110001287,IN,,,,,,,,,,0
20,110001288,IN,,,,,,,,,,0
20,110001289,IN,,,,,,,,,,0
20,110001290,IN,,,,,,,,,,0
20,110001291,IN,,,,,,,,,,0
20,110001292,IN,,,,,,,,,,0
20,110001293,IN,,,,,,,,,,0
20,110001294,IN,,,,,,,,,,0
20,110001295,IN,,,,,,,,,,0
20,110001297,IN,,,,,,,,,,0
20,110001298,IN,,,,,,,,,,0
20,110001299,IN,,,,,,,,,,0
20,110001300,IN,,,,,,,,,,0
20,110001301,IN,,,,,,,,,,0
20,110001311,IN,,,,,,,,,,0
20,110001314,IN,,,,,,,,,,0
20,110001318,IN,,,,,,,,,,0
20,110001319,IN,,,,,,,,,,0
20,110001320,IN,,,,,,,,,,0
20,110001321,IN,,,,,,,,,,0
20,110001322,IN,,,,,,,,,,0
20,110001323,IN,,,,,,,,,,0
20,110001324,IN,,,,,,,,,,0
20,110001326,IN,,,,,,,,,,0
20,110001327,IN,,,,,,,,,,0
20,110001331,IN,,,,,,,,,,0
20,110001332,IN,,,,,,,,,,0
20,110001333,IN,,,,,,,,,,0
20,110001335,IN,,,,,,,,,,0
20,110001336,IN,,,,,,,,,,0
20,110001338,IN,,,,,,,,,,0
20,110001340,IN,,,,,,,,,,0
20,110001341,IN,,,,,,,,,,0
20,110001342,IN,,,,,,,,,,0
20,110001343,IN,,,,,,,,,,0
20,110001344,IN,,,,,,,,,,0
20,110001345,IN,,,,,,,,,,0
20,110001346,IN,,,,,,,,,,0
20,110001347,IN,,,,,,,,,,0
20,110001348,IN,,,,,,,,,,0
20,110001350,IN,,,,,,,,,,0
20,110001351,IN,,,,,,,,,,0
20,110001352,IN,,,,,,,,,,0
20,110001353,IN,,,,,,,,,,0
20,110001355,IN,,,,,,,,,,0
20,110001356,IN,,,,,,,,,,0
20,110001359,IN,,,,,,,,,,0
20,110001360,IN,,,,,,,,,,0
20,110001361,IN,,,,,,,,,,0
20,110001374,IN,,,,,,,,,,0
20,110001376,IN,,,,,,,,,,0
20,110001378,IN,,,,,,,,,,0
20,110001379,IN,,,,,,,,,,0
20,110001392,IN,,,,,,,,,,0
20,110001393,IN,,,,,,,,,,0
20,110001394,IN,,,,,,,,,,0
20,110001395,IN,,,,,,,,,,0
20,110001396,IN,,,,,,,,,,0
20,110001397,IN,,,,,,,,,,0
20,110001398,IN,,,,,,,,,,0
20,110001399,IN,,,,,,,,,,0
20,110001400,IN,,,,,,,,,,0
20,110001402,IN,,,,,,,,,,0
20,110001403,IN,,,,,,,,,,0
20,110001404,IN,,,,,,,,,,0
20,110001408,IN,,,,,,,,,,0
20,110001410,IN,,,,,,,,,,0
20,110001411,IN,,,,,,,,,,0
20,110001412,IN,,,,,,,,,,0
20,110001417,IN,,,,,,,,,,0
20,110001418,IN,,,,,,,,,,0
20,110001420,IN,,,,,,,,,,0
20,110001421,IN,,,,,,,,,,0
20,110001422,IN,,,,,,,,,,0
20,110001423,IN,,,,,,,,,,0
20,110001424,IN,,,,,,,,,,0
20,110001425,IN,,,,,,,,,,0
20,110001427,IN,,,,,,,,,,0
20,110001428,IN,,,,,,,,,,0
20,110001430,IN,,,,,,,,,,0
20,110001431,IN,,,,,,,,,,0
20,110001432,IN,,,,,,,,,,0
20,110001433,IN,,,,,,,,,,0
20,110001436,IN,,,,,,,,,,0
20,110001437,IN,,,,,,,,,,0
20,110001438,IN,,,,,,,,,,0
20,110001439,IN,,,,,,,,,,0
20,110001440,IN,,,,,,,,,,0
20,110001442,IN,,,,,,,,,,0
20,110001444,IN,,,,,,,,,,0
20,110001445,IN,,,,,,,,,,0
20,110001446,IN,,,,,,,,,,0
20,110001448,IN,,,,,,,,,,0
20,110001449,IN,,,,,,,,,,0
20,110002384,IN,,,,,,,,,,0
20,110002387,IN,,,,,,,,,,0
20,110002389,IN,,,,,,,,,,0
20,110002390,IN,,,,,,,,,,0
20,110002391,IN,,,,,,,,,,0
20,110002392,IN,,,,,,,,,,0
20,110002393,IN,,,,,,,,,,0
20,110002394,IN,,,,,,,,,,0
20,110002395,IN,,,,,,,,,,0
20,110002396,IN,,,,,,,,,,0
20,110002397,IN,,,,,,,,,,0
20,110002398,IN,,,,,,,,,,0
20,110002400,IN,,,,,,,,,,0
20,110002401,IN,,,,,,,,,,0
20,110002402,IN,,,,,,,,,,0
20,110002403,IN,,,,,,,,,,0
20,110002404,IN,,,,,,,,,,0
20,110002405,IN,,,,,,,,,,0
20,110002418,IN,,,,,,,,,,0
20,110002420,IN,,,,,,,,,,0
20,110002425,IN,,,,,,,,,,0
20,110002426,IN,,,,,,,,,,0
20,110002427,IN,,,,,,,,,,0
20,110002429,IN,,,,,,,,,,0
20,110002430,IN,,,,,,,,,,0
20,110002433,IN,,,,,,,,,,0
20,110002434,IN,,,,,,,,,,0
20,110002435,IN,,,,,,,,,,0
20,110002436,IN,,,,,,,,,,0
20,110002437,IN,,,,,,,,,,0
20,110002438,IN,,,,,,,,,,0
20,110002439,IN,,,,,,,,,,0
20,110002441,IN,,,,,,,,,,0
20,110002442,IN,,,,,,,,,,0
20,110002443,IN,,,,,,,,,,0
20,110002444,IN,,,,,,,,,,0
20,110002445,IN,,,,,,,,,,0
20,110002446,IN,,,,,,,,,,0
20,110002448,IN,,,,,,,,,,0
20,110002449,IN,,,,,,,,,,0
20,110002450,IN,,,,,,,,,,0
20,110002452,IN,,,,,,,,,,0
20,110002454,IN,,,,,,,,,,0
20,110002455,IN,,,,,,,,,,0
20,110002456,IN,,,,,,,,,,0
20,110002457,IN,,,,,,,,,,0
20,110002459,IN,,,,,,,,,,0
20,110002460,IN,,,,,,,,,,0
20,110002461,IN,,,,,,,,,,0
20,110002463,IN,,,,,,,,,,0
20,110002464,IN,,,,,,,,,,0
20,110002465,IN,,,,,,,,,,0
20,110002466,IN,,,,,,,,,,0
20,110002467,IN,,,,,,,,,,0
20,110002468,IN,,,,,,,,,,0
20,110002469,IN,,,,,,,,,,0
20,110002470,IN,,,,,,,,,,0
20,110002471,IN,,,,,,,,,,0
20,110002473,IN,,,,,,,,,,0
20,110002474,IN,,,,,,,,,,0
20,110002475,IN,,,,,,,,,,0
20,110002476,IN,,,,,,,,,,0
20,110002478,IN,,,,,,,,,,0
20,110002480,IN,,,,,,,,,,0
20,110002481,IN,,,,,,,,,,0
20,110002482,IN,,,,,,,,,,0
20,110002484,IN,,,,,,,,,,0
20,110002486,IN,,,,,,,,,,0
20,110002487,IN,,,,,,,,,,0
20,110002488,IN,,,,,,,,,,0
20,110002489,IN,,,,,,,,,,0
20,110002491,IN,,,,,,,,,,0
20,110002494,IN,,,,,,,,,,0
20,110002496,IN,,,,,,,,,,0
20,110002497,IN,,,,,,,,,,0
20,110002498,IN,,,,,,,,,,0
20,110002499,IN,,,,,,,,,,0
20,110002500,IN,,,,,,,,,,0
20,110002504,IN,,,,,,,,,,0
20,110002505,IN,,,,,,,,,,0
20,110002508,IN,,,,,,,,,,0
20,110002509,IN,,,,,,,,,,0
20,110002511,IN,,,,,,,,,,0
20,110002512,IN,,,,,,,,,,0
20,110002520,IN,,,,,,,,,,0
20,110002521,IN,,,,,,,,,,0
20,110002528,IN,,,,,,,,,,0
20,110002529,IN,,,,,,,,,,0
20,110002531,IN,,,,,,,,,,0
20,110002532,IN,,,,,,,,,,0
20,110002533,IN,,,,,,,,,,0
20,110002541,IN,,,,,,,,,,0
20,110002544,IN,,,,,,,,,,0
20,110002545,IN,,,,,,,,,,0
20,110002546,IN,,,,,,,,,,0
20,110002550,IN,,,,,,,,,,0
20,110002555,IN,,,,,,,,,,0
20,110002556,IN,,,,,,,,,,0
20,110002557,IN,,,,,,,,,,0
20,110002558,IN,,,,,,,,,,0
20,110002560,IN,,,,,,,,,,0
20,110002561,IN,,,,,,,,,,0
20,110002563,IN,,,,,,,,,,0
20,110002564,IN,,,,,,,,,,0
20,110002565,IN,,,,,,,,,,0
20,110002566,IN,,,,,,,,,,0
20,110002569,IN,,,,,,,,,,0
20,110002570,IN,,,,,,,,,,0
20,110002571,IN,,,,,,,,,,0
20,110002572,IN,,,,,,,,,,0
20,110002573,IN,,,,,,,,,,0
20,110002574,IN,,,,,,,,,,0
20,110002575,IN,,,,,,,,,,0
20,110002577,IN,,,,,,,,,,0
20,110002578,IN,,,,,,,,,,0
20,110002579,IN,,,,,,,,,,0
20,110002580,IN,,,,,,,,,,0
20,110002581,IN,,,,,,,,,,0
20,110002582,IN,,,,,,,,,,0
20,110002589,IN,,,,,,,,,,0
20,110002590,IN,,,,,,,,,,0
20,110002607,IN,,,,,,,,,,0
20,110002608,IN,,,,,,,,,,0
20,110002612,IN,,,,,,,,,,0
20,110002618,IN,,,,,,,,,,0
20,110002621,IN,,,,,,,,,,0
20,110002622,IN,,,,,,,,,,0
20,110002624,IN,,,,,,,,,,0
20,110002638,IN,,,,,,,,,,0
20,110002646,IN,,,,,,,,,,0
20,110002648,IN,,,,,,,,,,0
20,110002649,IN,,,,,,,,,,0
20,110002650,IN,,,,,,,,,,0
20,110002651,IN,,,,,,,,,,0
20,110002652,IN,,,,,,,,,,0
20,110002653,IN,,,,,,,,,,0
20,110003040,IN,,,,,,,,,,0
20,110003042,IN,,,,,,,,,,0
20,110003043,IN,,,,,,,,,,0
20,110003048,IN,,,,,,,,,,0
20,110003049,IN,,,,,,,,,,0
20,110003053,IN,,,,,,,,,,0
20,110003054,IN,,,,,,,,,,0
20,110003055,IN,,,,,,,,,,0
20,110003058,IN,,,,,,,,,,0
20,110003059,IN,,,,,,,,,,0
20,110003060,IN,,,,,,,,,,0
20,110003061,IN,,,,,,,,,,0
20,110003062,IN,,,,,,,,,,0
20,110003063,IN,,,,,,,,,,0
20,110003065,IN,,,,,,,,,,0
20,110003066,IN,,,,,,,,,,0
20,110003067,IN,,,,,,,,,,0
20,110003070,IN,,,,,,,,,,0
20,110003071,IN,,,,,,,,,,0
20,110003072,IN,,,,,,,,,,0
20,110003074,IN,,,,,,,,,,0
20,110003075,IN,,,,,,,,,,0
20,110003076,IN,,,,,,,,,,0
20,110003077,IN,,,,,,,,,,0
20,110003078,IN,,,,,,,,,,0
20,110003079,IN,,,,,,,,,,0
20,110003080,IN,,,,,,,,,,0
20,110003081,IN,,,,,,,,,,0
20,110003082,IN,,,,,,,,,,0
20,110003083,IN,,,,,,,,,,0
20,110003084,IN,,,,,,,,,,0
20,110003085,IN,,,,,,,,,,0
20,110003086,IN,,,,,,,,,,0
20,110003090,IN,,,,,,,,,,0
20,110003091,IN,,,,,,,,,,0
20,110003093,IN,,,,,,,,,,0
20,110003096,IN,,,,,,,,,,0
20,110003097,IN,,,,,,,,,,0
20,110003099,IN,,,,,,,,,,0
20,110003114,IN,,,,,,,,,,0
20,110003115,IN,,,,,,,,,,0
20,110003116,IN,,,,,,,,,,0
20,110003117,IN,,,,,,,,,,0
20,110003121,IN,,,,,,,,,,0
20,110003122,IN,,,,,,,,,,0
20,110003124,IN,,,,,,,,,,0
20,110003125,IN,,,,,,,,,,0
20,110003128,IN,,,,,,,,,,0
20,110003129,IN,,,,,,,,,,0
20,110003130,IN,,,,,,,,,,0
20,110003132,IN,,,,,,,,,,0
20,110003134,IN,,,,,,,,,,0
20,110003135,IN,,,,,,,,,,0
20,110003136,IN,,,,,,,,,,0
20,110003137,IN,,,,,,,,,,0
20,110003139,IN,,,,,,,,,,0
20,110003140,IN,,,,,,,,,,0
20,110003141,IN,,,,,,,,,,0
20,110003142,IN,,,,,,,,,,0
20,110003143,IN,,,,,,,,,,0
20,110003144,IN,,,,,,,,,,0
20,110003145,IN,,,,,,,,,,0
20,110003146,IN,,,,,,,,,,0
20,110003147,IN,,,,,,,,,,0
20,110003148,IN,,,,,,,,,,0
20,110003149,IN,,,,,,,,,,0
20,110003150,IN,,,,,,,,,,0
20,110003151,IN,,,,,,,,,,0
20,110003152,IN,,,,,,,,,,0
20,110003153,IN,,,,,,,,,,0
20,110003154,IN,,,,,,,,,,0
20,110003155,IN,,,,,,,,,,0
20,110003156,IN,,,,,,,,,,0
20,110003158,IN,,,,,,,,,,0
20,110003159,IN,,,,,,,,,,0
20,110003162,IN,,,,,,,,,,0
20,110003163,IN,,,,,,,,,,0
20,110003164,IN,,,,,,,,,,0
20,110003165,IN,,,,,,,,,,0
20,110003168,IN,,,,,,,,,,0
20,110003169,IN,,,,,,,,,,0
20,110003171,IN,,,,,,,,,,0
20,110003173,IN,,,,,,,,,,0
20,110003175,IN,,,,,,,,,,0
20,110003178,IN,,,,,,,,,,0
20,110003179,IN,,,,,,,,,,0
20,110003181,IN,,,,,,,,,,0
20,110003182,IN,,,,,,,,,,0
20,110003183,IN,,,,,,,,,,0
20,110003184,IN,,,,,,,,,,0
20,110003191,IN,,,,,,,,,,0
20,110003192,IN,,,,,,,,,,0
20,110003193,IN,,,,,,,,,,0
20,110003194,IN,,,,,,,,,,0
20,110003195,IN,,,,,,,,,,0
20,110003196,IN,,,,,,,,,,0
20,110003197,IN,,,,,,,,,,0
20,110003198,IN,,,,,,,,,,0
20,110003200,IN,,,,,,,,,,0
20,110003201,IN,,,,,,,,,,0
20,110003202,IN,,,,,,,,,,0
20,110003203,IN,,,,,,,,,,0
20,110003204,IN,,,,,,,,,,0
20,110003206,IN,,,,,,,,,,0
20,110003208,IN,,,,,,,,,,0
20,110003211,IN,,,,,,,,,,0
20,110003212,IN,,,,,,,,,,0
20,110003213,IN,,,,,,,,,,0
20,110003218,IN,,,,,,,,,,0
20,110003219,IN,,,,,,,,,,0
20,110003220,IN,,,,,,,,,,0
20,110003221,IN,,,,,,,,,,0
20,110003222,IN,,,,,,,,,,0
20,110003223,IN,,,,,,,,,,0
20,110003224,IN,,,,,,,,,,0
20,110003225,IN,,,,,,,,,,0
20,110003226,IN,,,,,,,,,,0
20,110003227,IN,,,,,,,,,,0
20,110003229,IN,,,,,,,,,,0
20,110003231,IN,,,,,,,,,,0
20,110003235,IN,,,,,,,,,,0
20,110003239,IN,,,,,,,,,,0
20,110003240,IN,,,,,,,,,,0
20,110003244,IN,,,,,,,,,,0
20,110003245,IN,,,,,,,,,,0
20,110003246,IN,,,,,,,,,,0
20,110003247,IN,,,,,,,,,,0
20,110003248,IN,,,,,,,,,,0
20,110003249,IN,,,,,,,,,,0
20,110003250,IN,,,,,,,,,,0
20,110003251,IN,,,,,,,,,,0
20,110003253,IN,,,,,,,,,,0
20,110003254,IN,,,,,,,,,,0
20,110003256,IN,,,,,,,,,,0
20,110003257,IN,,,,,,,,,,0
20,110003258,IN,,,,,,,,,,0
20,110010324,IN,,,,,,,,,,0
20,110010327,IN,,,,,,,,,,0
20,110010338,IN,,,,,,,,,,0
20,110010342,IN,,,,,,,,,,0
20,110010346,IN,,,,,,,,,,0
20,110010347,IN,,,,,,,,,,0
20,110010348,IN,,,,,,,,,,0
20,110010349,IN,,,,,,,,,,0
20,110010350,IN,,,,,,,,,,0
20,110010351,IN,,,,,,,,,,0
20,110010353,IN,,,,,,,,,,0
20,110010355,IN,,,,,,,,,,0
20,110010356,IN,,,,,,,,,,0
20,110010368,IN,,,,,,,,,,0
20,110010370,IN,,,,,,,,,,0
20,110010373,IN,,,,,,,,,,0
20,110010380,IN,,,,,,,,,,0
20,110010383,IN,,,,,,,,,,0
20,110010390,IN,,,,,,,,,,0
20,110010391,IN,,,,,,,,,,0
20,110010393,IN,,,,,,,,,,0
20,110010395,IN,,,,,,,,,,0
20,110010397,IN,,,,,,,,,,0
20,110010399,IN,,,,,,,,,,0
20,110010407,IN,,,,,,,,,,0
20,110010411,IN,,,,,,,,,,0
20,110010414,IN,,,,,,,,,,0
20,110010415,IN,,,,,,,,,,0
20,110010416,IN,,,,,,,,,,0
20,110010421,IN,,,,,,,,,,0
20,110010431,IN,,,,,,,,,,0
20,110010435,IN,,,,,,,,,,0
20,110010438,IN,,,,,,,,,,0
20,110010442,IN,,,,,,,,,,0
20,110010445,IN,,,,,,,,,,0
20,110010459,IN,,,,,,,,,,0
20,110010464,IN,,,,,,,,,,0
20,110010467,IN,,,,,,,,,,0
20,110010478,IN,,,,,,,,,,0
20,110010487,IN,,,,,,,,,,0
20,110010488,IN,,,,,,,,,,0
20,110010491,IN,,,,,,,,,,0
20,110010492,IN,,,,,,,,,,0
20,110010517,IN,,,,,,,,,,0
20,110010520,IN,,,,,,,,,,0
20,110010526,IN,,,,,,,,,,0
20,110010533,IN,,,,,,,,,,0
20,110010539,IN,,,,,,,,,,0
20,110010540,IN,,,,,,,,,,0
20,110010554,IN,,,,,,,,,,0
20,110010557,IN,,,,,,,,,,0
20,110010559,IN,,,,,,,,,,0
20,110010560,IN,,,,,,,,,,0
20,110010561,IN,,,,,,,,,,0
20,110010563,IN,,,,,,,,,,0
20,110010568,IN,,,,,,,,,,0
20,110010571,IN,,,,,,,,,,0
20,110010574,IN,,,,,,,,,,0
20,110010578,IN,,,,,,,,,,0
20,110010588,IN,,,,,,,,,,0
20,110010590,IN,,,,,,,,,,0
20,110010591,IN,,,,,,,,,,0
20,110010592,IN,,,,,,,,,,0
20,110010596,IN,,,,,,,,,,0
20,110010604,IN,,,,,,,,,,0
20,110010607,IN,,,,,,,,,,0
20,110010611,IN,,,,,,,,,,0
20,110010616,IN,,,,,,,,,,0
20,110010628,IN,,,,,,,,,,0
20,110010630,IN,,,,,,,,,,0
20,110010631,IN,,,,,,,,,,0
20,110010643,IN,,,,,,,,,,0
20,110010646,IN,,,,,,,,,,0
20,110010648,IN,,,,,,,,,,0
20,110010649,IN,,,,,,,,,,0
20,110010650,IN,,,,,,,,,,0
20,110010653,IN,,,,,,,,,,0
20,110010654,IN,,,,,,,,,,0
20,110010657,IN,,,,,,,,,,0
20,110010660,IN,,,,,,,,,,0
20,110010661,IN,,,,,,,,,,0
20,110010668,IN,,,,,,,,,,0
20,110010671,IN,,,,,,,,,,0
20,110010672,IN,,,,,,,,,,0
20,110010676,IN,,,,,,,,,,0
20,110010678,IN,,,,,,,,,,0
20,110010683,IN,,,,,,,,,,0
20,110010684,IN,,,,,,,,,,0
20,110010686,IN,,,,,,,,,,0
20,110010687,IN,,,,,,,,,,0
20,110010702,IN,,,,,,,,,,0
20,110010717,IN,,,,,,,,,,0
20,110010718,IN,,,,,,,,,,0
20,110010719,IN,,,,,,,,,,0
20,110010728,IN,,,,,,,,,,0
20,110010729,IN,,,,,,,,,,0
20,110010739,IN,,,,,,,,,,0
20,110010740,IN,,,,,,,,,,0
20,110010746,IN,,,,,,,,,,0
20,110010769,IN,,,,,,,,,,0
20,110010774,IN,,,,,,,,,,0
20,110010778,IN,,,,,,,,,,0
20,110010779,IN,,,,,,,,,,0
20,110010780,IN,,,,,,,,,,0
20,110010781,IN,,,,,,,,,,0
20,110010799,IN,,,,,,,,,,0
20,110010800,IN,,,,,,,,,,0
20,110010803,IN,,,,,,,,,,0
20,110010805,IN,,,,,,,,,,0
20,110010807,IN,,,,,,,,,,0
20,110010808,IN,,,,,,,,,,0
20,110010814,IN,,,,,,,,,,0
20,110010819,IN,,,,,,,,,,0
20,110010821,IN,,,,,,,,,,0
20,110010828,IN,,,,,,,,,,0
20,110010829,IN,,,,,,,,,,0
20,110010832,IN,,,,,,,,,,0
20,110010833,IN,,,,,,,,,,0
20,110010835,IN,,,,,,,,,,0
20,110010836,IN,,,,,,,,,,0
20,110010837,IN,,,,,,,,,,0
20,110010838,IN,,,,,,,,,,0
20,110010839,IN,,,,,,,,,,0
20,110010841,IN,,,,,,,,,,0
20,110010844,IN,,,,,,,,,,0
20,110010848,IN,,,,,,,,,,0
20,110010849,IN,,,,,,,,,,0
20,110010850,IN,,,,,,,,,,0
20,110010851,IN,,,,,,,,,,0
20,110010856,IN,,,,,,,,,,0
20,110010860,IN,,,,,,,,,,0
20,110010873,IN,,,,,,,,,,0
20,110010875,IN,,,,,,,,,,0
20,110010876,IN,,,,,,,,,,0
20,110010877,IN,,,,,,,,,,0
20,110010880,IN,,,,,,,,,,0
20,110030146,IN,,,,,,,,,,0
20,110030150,IN,,,,,,,,,,0
20,110030151,IN,,,,,,,,,,0
20,110030152,IN,,,,,,,,,,0
20,110030153,IN,,,,,,,,,,0
20,110030156,IN,,,,,,,,,,0
20,110030157,IN,,,,,,,,,,0
20,110030161,IN,,,,,,,,,,0
20,110030163,IN,,,,,,,,,,0
20,110030164,IN,,,,,,,,,,0
20,110030173,IN,,,,,,,,,,0
20,110030174,IN,,,,,,,,,,0
20,110030175,IN,,,,,,,,,,0
20,110030178,IN,,,,,,,,,,0
20,110030179,IN,,,,,,,,,,0
20,110030180,IN,,,,,,,,,,0
20,110030182,IN,,,,,,,,,,0
20,110030183,IN,,,,,,,,,,0
20,110030184,IN,,,,,,,,,,0
20,110030192,IN,,,,,,,,,,0
20,110030196,IN,,,,,,,,,,0
20,110030201,IN,,,,,,,,,,0
20,110040020,IN,,,,,,,,,,0
20,110040021,IN,,,,,,,,,,0
20,110040022,IN,,,,,,,,,,0
20,110040023,IN,,,,,,,,,,0
20,110040024,IN,,,,,,,,,,0
20,110040025,IN,,,,,,,,,,0
20,110040026,IN,,,,,,,,,,0
20,110040027,IN,,,,,,,,,,0
20,110040028,IN,,,,,,,,,,0
20,110040029,IN,,,,,,,,,,0
20,110040030,IN,,,,,,,,,,0
20,110040031,IN,,,,,,,,,,0
20,110040032,IN,,,,,,,,,,0
20,110040033,IN,,,,,,,,,,0
20,110080071,IN,,,,,,,,,,0
20,110080072,IN,,,,,,,,,,0
20,110080073,IN,,,,,,,,,,0
20,110080074,IN,,,,,,,,,,0
20,110080075,IN,,,,,,,,,,0
20,110080076,IN,,,,,,,,,,0
20,110080077,IN,,,,,,,,,,0
20,110080082,IN,,,,,,,,,,0
20,110080085,IN,,,,,,,,,,0
20,110080086,IN,,,,,,,,,,0
20,110110023,IN,,,,,,,,,,0
20,110110024,IN,,,,,,,,,,0
20,110140041,IN,,,,,,,,,,0
20,110140042,IN,,,,,,,,,,0
20,110140043,IN,,,,,,,,,,0
20,110140044,IN,,,,,,,,,,0
20,110140045,IN,,,,,,,,,,0
20,110140046,IN,,,,,,,,,,0
20,110150065,IN,,,,,,,,,,0
20,110210024,IN,,,,,,,,,,0
20,110210025,IN,,,,,,,,,,0
20,110210027,IN,,,,,,,,,,0
20,110210028,IN,,,,,,,,,,0
20,110210029,IN,,,,,,,,,,0
20,110210031,IN,,,,,,,,,,0
20,110210033,IN,,,,,,,,,,0
20,110210034,IN,,,,,,,,,,0
20,110210035,IN,,,,,,,,,,0
20,110210036,IN,,,,,,,,,,0
20,110210038,IN,,,,,,,,,,0
20,110210040,IN,,,,,,,,,,0
20,110210041,IN,,,,,,,,,,0
20,980000306,IN,,,,,,,,,,0
20,514441666KH02,IN,,,,,,,,,,0
20,931404034,IN,,,,,,,,,,0
20,931404033,IN,,,,,,,,,,0
20,931404031,IN,,,,,,,,,,0
20,931404030,IN,,,,,,,,,,0
20,931404040,IN,,,,,,,,,,0
20,931301748,IN,,,,,,,,,,0
20,514443996IN01,IN,,,,,,,,,,0
20,510520596GB01,IN,,,,,,,,,,0
20,514444066IN01,IN,,,,,,,,,,0
20,514444065IN01,IN,,,,,,,,,,0
20,514444064IN01,IN,,,,,,,,,,0
20,910020206,IN,,,,,,,,,,0
20,910011420,IN,,,,,,,,,,0
20,5144441228X01,IN,,,,,,,,,,0
20,5144441218X01,IN,,,,,,,,,,0
20,510520672DE01,IN,,,,,,,,,,0
20,910006993,IN,,,,,,,,,,0
20,931405242,IN,,,,,,,,,,0
20,590000703IN03,IN,,,,,,,,,,0
20,510030921IN03,IN,,,,,,,,,,0
20,510030914IN03,IN,,,,,,,,,,0
20,210005382,IN,,,,,,,,,,0
20,210005388,IN,,,,,,,,,,0
20,516000389IN01,IN,,,,,,,,,,0
20,915000599,IN,,,,,,,,,,0
20,420520319,IN,,,,,,,,,,0
20,420520322,IN,,,,,,,,,,0
20,931600513,IN,,,,,,,,,,0
20,931600512,IN,,,,,,,,,,0
20,210005862,IN,,,,,,,,,,0
20,516000622ZA01,IN,,,,,,,,,,0
20,510520696FR02,IN,,,,,,,,,,0
20,910020291,IN,,,,,,,,,,0
20,915000730,IN,,,,,,,,,,0
20,915000187,IN,,,,,,,,,,0
20,510710439IN01,IN,,,,,,,,,,0
20,910003285,IN,,,,,,,,,,0
20,514442397IN03,IN,,,,,,,,,,0
20,915000333,IN,,,,,,,,,,0
20,915000917,IN,,,,,,,,,,0
20,910001678,IN,,,,,,,,,,0
20,910012268,IN,,,,,,,,,,0
20,516001243IN01,IN,,,,,,,,,,0
20,516001242IN01,IN,,,,,,,,,,0
20,516001244IN01,IN,,,,,,,,,,0
20,510350120IN01,IN,,,,,,,,,,0
20,910013115,IN,,,,,,,,,,0
20,931302038,IN,,,,,,,,,,0
20,420650161,IN,,,,,,,,,,0
20,910014355,IN,,,,,,,,,,0
20,110710047,IN,,,,,,,,,,0
20,510020360IN02,IN,,,,,,,,,,0
20,932000196,IN,,,,,,,,,,0
20,210006180,IN,,,,,,,,,,0
20,210006179,IN,,,,,,,,,,0
20,510310695SA01,IN,,,,,,,,,,0
20,931408651,IN,,,,,,,,,,0
20,910002511,IN,,,,,,,,,,0
20,910014424,IN,,,,,,,,,,0
20,910015121,IN,,,,,,,,,,0
20,910015120,IN,,,,,,,,,,0
20,5177710448X01,IN,,,,,,,,,,0
20,5177710458X01,IN,,,,,,,,,,0
20,516001147KE01,IN,,,,,,,,,,0
20,510521012NL02,IN,,,,,,,,,,0
20,516001647IN01,IN,,,,,,,,,,0
20,110270235,IN,,,,,,,,,,0
20,110270236,IN,,,,,,,,,,0
20,110270237,IN,,,,,,,,,,0
20,110270238,IN,,,,,,,,,,0
20,110280001,IN,,,,,,,,,,0
20,110280002,IN,,,,,,,,,,0
20,110280003,IN,,,,,,,,,,0
20,110280005,IN,,,,,,,,,,0
20,110280006,IN,,,,,,,,,,0
20,110280007,IN,,,,,,,,,,0
20,110280008,IN,,,,,,,,,,0
20,110280009,IN,,,,,,,,,,0
20,110280010,IN,,,,,,,,,,0
20,110280011,IN,,,,,,,,,,0
20,110280013,IN,,,,,,,,,,0
20,110280014,IN,,,,,,,,,,0
20,110280015,IN,,,,,,,,,,0
20,110280016,IN,,,,,,,,,,0
20,110280017,IN,,,,,,,,,,0
20,110280018,IN,,,,,,,,,,0
20,110280019,IN,,,,,,,,,,0
20,110280020,IN,,,,,,,,,,0
20,110280021,IN,,,,,,,,,,0
20,110280022,IN,,,,,,,,,,0
20,110280023,IN,,,,,,,,,,0
20,110280024,IN,,,,,,,,,,0
20,110280025,IN,,,,,,,,,,0
20,110280026,IN,,,,,,,,,,0
20,110280027,IN,,,,,,,,,,0
20,110280028,IN,,,,,,,,,,0
20,110280029,IN,,,,,,,,,,0
20,110280030,IN,,,,,,,,,,0
20,110280031,IN,,,,,,,,,,0
20,110280037,IN,,,,,,,,,,0
20,110280038,IN,,,,,,,,,,0
20,110280040,IN,,,,,,,,,,0
20,110280041,IN,,,,,,,,,,0
20,110280044,IN,,,,,,,,,,0
20,110290001,IN,,,,,,,,,,0
20,110290002,IN,,,,,,,,,,0
20,110290003,IN,,,,,,,,,,0
20,110290004,IN,,,,,,,,,,0
20,110290005,IN,,,,,,,,,,0
20,110310001,IN,,,,,,,,,,0
20,110310002,IN,,,,,,,,,,0
20,110310004,IN,,,,,,,,,,0
20,110310005,IN,,,,,,,,,,0
20,110310009,IN,,,,,,,,,,0
20,110310012,IN,,,,,,,,,,0
20,110310016,IN,,,,,,,,,,0
20,110310018,IN,,,,,,,,,,0
20,110310021,IN,,,,,,,,,,0
20,110310022,IN,,,,,,,,,,0
20,110310024,IN,,,,,,,,,,0
20,110310025,IN,,,,,,,,,,0
20,110310026,IN,,,,,,,,,,0
20,110310028,IN,,,,,,,,,,0
20,110310030,IN,,,,,,,,,,0
20,110310032,IN,,,,,,,,,,0
20,110310033,IN,,,,,,,,,,0
20,110310035,IN,,,,,,,,,,0
20,110310036,IN,,,,,,,,,,0
20,110310037,IN,,,,,,,,,,0
20,110310038,IN,,,,,,,,,,0
20,110310039,IN,,,,,,,,,,0
20,110310040,IN,,,,,,,,,,0
20,110310041,IN,,,,,,,,,,0
20,110310042,IN,,,,,,,,,,0
20,110310043,IN,,,,,,,,,,0
20,110310044,IN,,,,,,,,,,0
20,110310046,IN,,,,,,,,,,0
20,110310047,IN,,,,,,,,,,0
20,110310049,IN,,,,,,,,,,0
20,110310051,IN,,,,,,,,,,0
20,110310053,IN,,,,,,,,,,0
20,110310054,IN,,,,,,,,,,0
20,110310055,IN,,,,,,,,,,0
20,110310056,IN,,,,,,,,,,0
20,110310058,IN,,,,,,,,,,0
20,110310060,IN,,,,,,,,,,0
20,110310061,IN,,,,,,,,,,0
20,110310062,IN,,,,,,,,,,0
20,110310063,IN,,,,,,,,,,0
20,110310065,IN,,,,,,,,,,0
20,110310067,IN,,,,,,,,,,0
20,110310069,IN,,,,,,,,,,0
20,110310070,IN,,,,,,,,,,0
20,110310071,IN,,,,,,,,,,0
20,110310072,IN,,,,,,,,,,0
20,110310073,IN,,,,,,,,,,0
20,110310074,IN,,,,,,,,,,0
20,110310075,IN,,,,,,,,,,0
20,110310076,IN,,,,,,,,,,0
20,110310077,IN,,,,,,,,,,0
20,110310078,IN,,,,,,,,,,0
20,110310079,IN,,,,,,,,,,0
20,110310080,IN,,,,,,,,,,0
20,110310081,IN,,,,,,,,,,0
20,110310082,IN,,,,,,,,,,0
20,110310083,IN,,,,,,,,,,0
20,110310084,IN,,,,,,,,,,0
20,110310085,IN,,,,,,,,,,0
20,110310086,IN,,,,,,,,,,0
20,110310087,IN,,,,,,,,,,0
20,110310090,IN,,,,,,,,,,0
20,110310092,IN,,,,,,,,,,0
20,110310101,IN,,,,,,,,,,0
20,110310102,IN,,,,,,,,,,0
20,110310103,IN,,,,,,,,,,0
20,110310104,IN,,,,,,,,,,0
20,110310105,IN,,,,,,,,,,0
20,110310106,IN,,,,,,,,,,0
20,110310107,IN,,,,,,,,,,0
20,110310108,IN,,,,,,,,,,0
20,110310109,IN,,,,,,,,,,0
20,110310111,IN,,,,,,,,,,0
20,110310112,IN,,,,,,,,,,0
20,110310114,IN,,,,,,,,,,0
20,110310115,IN,,,,,,,,,,0
20,110310116,IN,,,,,,,,,,0
20,110310117,IN,,,,,,,,,,0
20,110310119,IN,,,,,,,,,,0
20,110310120,IN,,,,,,,,,,0
20,110310122,IN,,,,,,,,,,0
20,110310123,IN,,,,,,,,,,0
20,110310124,IN,,,,,,,,,,0
20,110310127,IN,,,,,,,,,,0
20,110310129,IN,,,,,,,,,,0
20,110310131,IN,,,,,,,,,,0
20,110310132,IN,,,,,,,,,,0
20,110310133,IN,,,,,,,,,,0
20,110310138,IN,,,,,,,,,,0
20,110310140,IN,,,,,,,,,,0
20,110310146,IN,,,,,,,,,,0
20,110310147,IN,,,,,,,,,,0
20,110310149,IN,,,,,,,,,,0
20,931203761,IN,,,,,,,,,,0
20,931457513,IN,,,,,,,,,,0
20,510020673IN01,IN,,,,,,,,,,0
20,190000186,IN,,,,,,,,,,0
20,190000188,IN,,,,,,,,,,0
20,190000189,IN,,,,,,,,,,0
20,190000190,IN,,,,,,,,,,0
20,190000207,IN,,,,,,,,,,0
20,190000213,IN,,,,,,,,,,0
20,190000222,IN,,,,,,,,,,0
20,190000224,IN,,,,,,,,,,0
20,190000225,IN,,,,,,,,,,0
20,190000226,IN,,,,,,,,,,0
20,190000227,IN,,,,,,,,,,0
20,190000228,IN,,,,,,,,,,0
20,190000229,IN,,,,,,,,,,0
20,190000231,IN,,,,,,,,,,0
20,190000232,IN,,,,,,,,,,0
20,190000233,IN,,,,,,,,,,0
20,190000234,IN,,,,,,,,,,0
20,190000236,IN,,,,,,,,,,0
20,190000241,IN,,,,,,,,,,0
20,190000243,IN,,,,,,,,,,0
20,190000244,IN,,,,,,,,,,0
20,190000245,IN,,,,,,,,,,0
20,190000246,IN,,,,,,,,,,0
20,190000261,IN,,,,,,,,,,0
20,190000277,IN,,,,,,,,,,0
20,190000278,IN,,,,,,,,,,0
20,190000280,IN,,,,,,,,,,0
20,190000281,IN,,,,,,,,,,0
20,190000290,IN,,,,,,,,,,0
20,190000294,IN,,,,,,,,,,0
20,190000305,IN,,,,,,,,,,0
20,190000306,IN,,,,,,,,,,0
20,190000310,IN,,,,,,,,,,0
20,190000314,IN,,,,,,,,,,0
20,190000315,IN,,,,,,,,,,0
20,190000316,IN,,,,,,,,,,0
20,190000321,IN,,,,,,,,,,0
20,190000322,IN,,,,,,,,,,0
20,190000324,IN,,,,,,,,,,0
20,190000325,IN,,,,,,,,,,0
20,190020157,IN,,,,,,,,,,0
20,190020160,IN,,,,,,,,,,0
20,190020163,IN,,,,,,,,,,0
20,190020164,IN,,,,,,,,,,0
20,190020167,IN,,,,,,,,,,0
20,190030009,IN,,,,,,,,,,0
20,190310007,IN,,,,,,,,,,0
20,190310010,IN,,,,,,,,,,0
20,210000116,IN,,,,,,,,,,0
20,210000117,IN,,,,,,,,,,0
20,210000120,IN,,,,,,,,,,0
20,210000128,IN,,,,,,,,,,0
20,210000132,IN,,,,,,,,,,0
20,210000133,IN,,,,,,,,,,0
20,210000141,IN,,,,,,,,,,0
20,210000206,IN,,,,,,,,,,0
20,210000208,IN,,,,,,,,,,0
20,210000244,IN,,,,,,,,,,0
20,210000322,IN,,,,,,,,,,0
20,210000361,IN,,,,,,,,,,0
20,210000362,IN,,,,,,,,,,0
20,210000575,IN,,,,,,,,,,0
20,210000576,IN,,,,,,,,,,0
20,210000589,IN,,,,,,,,,,0
20,210000590,IN,,,,,,,,,,0
20,210000879,IN,,,,,,,,,,0
20,210000933,IN,,,,,,,,,,0
20,210001012,IN,,,,,,,,,,0
20,210001013,IN,,,,,,,,,,0
20,210001302,IN,,,,,,,,,,0
20,210001303,IN,,,,,,,,,,0
20,210001543,IN,,,,,,,,,,0
20,210001886,IN,,,,,,,,,,0
20,210001887,IN,,,,,,,,,,0
20,210001975,IN,,,,,,,,,,0
20,210001976,IN,,,,,,,,,,0
20,210001990,IN,,,,,,,,,,0
20,210001991,IN,,,,,,,,,,0
20,210002031,IN,,,,,,,,,,0
20,210002032,IN,,,,,,,,,,0
20,210002034,IN,,,,,,,,,,0
20,210002036,IN,,,,,,,,,,0
20,210002038,IN,,,,,,,,,,0
20,210002041,IN,,,,,,,,,,0
20,210002079,IN,,,,,,,,,,0
20,210002080,IN,,,,,,,,,,0
20,210002106,IN,,,,,,,,,,0
20,210002337,IN,,,,,,,,,,0
20,210002338,IN,,,,,,,,,,0
20,210002518,IN,,,,,,,,,,0
20,210003732,IN,,,,,,,,,,0
20,210003764,IN,,,,,,,,,,0
20,210004045,IN,,,,,,,,,,0
20,210004046,IN,,,,,,,,,,0
20,210004047,IN,,,,,,,,,,0
20,210004048,IN,,,,,,,,,,0
20,210004175,IN,,,,,,,,,,0
20,210004447,IN,,,,,,,,,,0
20,210004450,IN,,,,,,,,,,0
20,210004459,IN,,,,,,,,,,0
20,210004460,IN,,,,,,,,,,0
20,210004563,IN,,,,,,,,,,0
20,210004585,IN,,,,,,,,,,0
20,210004840,IN,,,,,,,,,,0
20,210004841,IN,,,,,,,,,,0
20,210004842,IN,,,,,,,,,,0
20,210004843,IN,,,,,,,,,,0
20,210004844,IN,,,,,,,,,,0
20,210004845,IN,,,,,,,,,,0
20,210004846,IN,,,,,,,,,,0
20,210004847,IN,,,,,,,,,,0
20,210004853,IN,,,,,,,,,,0
20,210004854,IN,,,,,,,,,,0
20,210004902,IN,,,,,,,,,,0
20,210004925,IN,,,,,,,,,,0
20,210004926,IN,,,,,,,,,,0
20,210004929,IN,,,,,,,,,,0
20,210004930,IN,,,,,,,,,,0
20,210004931,IN,,,,,,,,,,0
20,210004940,IN,,,,,,,,,,0
20,210004963,IN,,,,,,,,,,0
20,210004964,IN,,,,,,,,,,0
20,210004965,IN,,,,,,,,,,0
20,210004966,IN,,,,,,,,,,0
20,210004969,IN,,,,,,,,,,0
20,210004971,IN,,,,,,,,,,0
20,210004972,IN,,,,,,,,,,0
20,210004973,IN,,,,,,,,,,0
20,210004974,IN,,,,,,,,,,0
20,210004975,IN,,,,,,,,,,0
20,210004976,IN,,,,,,,,,,0
20,210004977,IN,,,,,,,,,,0
20,210004978,IN,,,,,,,,,,0
20,210005290,IN,,,,,,,,,,0
20,210005291,IN,,,,,,,,,,0
20,210005292,IN,,,,,,,,,,0
20,210005293,IN,,,,,,,,,,0
20,210005294,IN,,,,,,,,,,0
20,210005295,IN,,,,,,,,,,0
20,210005296,IN,,,,,,,,,,0
20,210005297,IN,,,,,,,,,,0
20,210005298,IN,,,,,,,,,,0
20,210005299,IN,,,,,,,,,,0
20,210005300,IN,,,,,,,,,,0
20,210005301,IN,,,,,,,,,,0
20,210005302,IN,,,,,,,,,,0
20,210005303,IN,,,,,,,,,,0
20,210005304,IN,,,,,,,,,,0
20,210005305,IN,,,,,,,,,,0
20,210005306,IN,,,,,,,,,,0
20,210005307,IN,,,,,,,,,,0
20,210005308,IN,,,,,,,,,,0
20,210005309,IN,,,,,,,,,,0
20,210005310,IN,,,,,,,,,,0
20,210005311,IN,,,,,,,,,,0
20,210005312,IN,,,,,,,,,,0
20,210005314,IN,,,,,,,,,,0
20,210005315,IN,,,,,,,,,,0
20,210005316,IN,,,,,,,,,,0
20,210005317,IN,,,,,,,,,,0
20,210005318,IN,,,,,,,,,,0
20,210005325,IN,,,,,,,,,,0
20,210005326,IN,,,,,,,,,,0
20,210005327,IN,,,,,,,,,,0
20,210005328,IN,,,,,,,,,,0
20,210005329,IN,,,,,,,,,,0
20,210005330,IN,,,,,,,,,,0
20,210005331,IN,,,,,,,,,,0
20,210005332,IN,,,,,,,,,,0
20,210005333,IN,,,,,,,,,,0
20,210005334,IN,,,,,,,,,,0
20,210005335,IN,,,,,,,,,,0
20,210005336,IN,,,,,,,,,,0
20,210005337,IN,,,,,,,,,,0
20,210005338,IN,,,,,,,,,,0
20,210005339,IN,,,,,,,,,,0
20,210005340,IN,,,,,,,,,,0
20,210005341,IN,,,,,,,,,,0
20,210005342,IN,,,,,,,,,,0
20,210005343,IN,,,,,,,,,,0
20,210005344,IN,,,,,,,,,,0
20,210005345,IN,,,,,,,,,,0
20,210005346,IN,,,,,,,,,,0
20,210005347,IN,,,,,,,,,,0
20,210005348,IN,,,,,,,,,,0
20,210005349,IN,,,,,,,,,,0
20,210005350,IN,,,,,,,,,,0
20,210005351,IN,,,,,,,,,,0
20,210005352,IN,,,,,,,,,,0
20,210005353,IN,,,,,,,,,,0
20,210005354,IN,,,,,,,,,,0
20,210005355,IN,,,,,,,,,,0
20,210005356,IN,,,,,,,,,,0
20,210005357,IN,,,,,,,,,,0
20,210005358,IN,,,,,,,,,,0
20,210005359,IN,,,,,,,,,,0
20,210005360,IN,,,,,,,,,,0
20,210005361,IN,,,,,,,,,,0
20,210005362,IN,,,,,,,,,,0
20,210005363,IN,,,,,,,,,,0
20,210005364,IN,,,,,,,,,,0
20,210005365,IN,,,,,,,,,,0
20,210005366,IN,,,,,,,,,,0
20,210005367,IN,,,,,,,,,,0
20,210005368,IN,,,,,,,,,,0
20,210005369,IN,,,,,,,,,,0
20,210005370,IN,,,,,,,,,,0
20,210005371,IN,,,,,,,,,,0
20,210005372,IN,,,,,,,,,,0
20,210005373,IN,,,,,,,,,,0
20,210005374,IN,,,,,,,,,,0
20,210005375,IN,,,,,,,,,,0
20,210005376,IN,,,,,,,,,,0
20,210005377,IN,,,,,,,,,,0
20,210005378,IN,,,,,,,,,,0
20,210005379,IN,,,,,,,,,,0
20,210005380,IN,,,,,,,,,,0
20,210005381,IN,,,,,,,,,,0
20,210005383,IN,,,,,,,,,,0
20,210005384,IN,,,,,,,,,,0
20,210005385,IN,,,,,,,,,,0
20,210005386,IN,,,,,,,,,,0
20,210005387,IN,,,,,,,,,,0
20,210005389,IN,,,,,,,,,,0
20,210005390,IN,,,,,,,,,,0
20,210005391,IN,,,,,,,,,,0
20,210005392,IN,,,,,,,,,,0
20,210005393,IN,,,,,,,,,,0
20,210005394,IN,,,,,,,,,,0
20,210005404,IN,,,,,,,,,,0
20,210005405,IN,,,,,,,,,,0
20,210005406,IN,,,,,,,,,,0
20,210005407,IN,,,,,,,,,,0
20,210005408,IN,,,,,,,,,,0
20,210005409,IN,,,,,,,,,,0
20,210005410,IN,,,,,,,,,,0
20,210005411,IN,,,,,,,,,,0
20,210005412,IN,,,,,,,,,,0
20,210005413,IN,,,,,,,,,,0
20,210005414,IN,,,,,,,,,,0
20,210005415,IN,,,,,,,,,,0
20,210005416,IN,,,,,,,,,,0
20,210005417,IN,,,,,,,,,,0
20,210005418,IN,,,,,,,,,,0
20,210005419,IN,,,,,,,,,,0
20,210005420,IN,,,,,,,,,,0
20,210005421,IN,,,,,,,,,,0
20,210005422,IN,,,,,,,,,,0
20,210005423,IN,,,,,,,,,,0
20,210005427,IN,,,,,,,,,,0
20,210005429,IN,,,,,,,,,,0
20,210005430,IN,,,,,,,,,,0
20,210005432,IN,,,,,,,,,,0
20,210005434,IN,,,,,,,,,,0
20,210005436,IN,,,,,,,,,,0
20,210005437,IN,,,,,,,,,,0
20,210005438,IN,,,,,,,,,,0
20,210005440,IN,,,,,,,,,,0
20,210005441,IN,,,,,,,,,,0
20,210005442,IN,,,,,,,,,,0
20,210005443,IN,,,,,,,,,,0
20,210005444,IN,,,,,,,,,,0
20,210005445,IN,,,,,,,,,,0
20,210005446,IN,,,,,,,,,,0
20,210005447,IN,,,,,,,,,,0
20,210005448,IN,,,,,,,,,,0
20,210005449,IN,,,,,,,,,,0
20,210005450,IN,,,,,,,,,,0
20,210005451,IN,,,,,,,,,,0
20,310001164,IN,,,,,,,,,,0
20,310001165,IN,,,,,,,,,,0
20,310001168,IN,,,,,,,,,,0
20,310001169,IN,,,,,,,,,,0
20,310001170,IN,,,,,,,,,,0
20,310001172,IN,,,,,,,,,,0
20,310001173,IN,,,,,,,,,,0
20,310001175,IN,,,,,,,,,,0
20,310001176,IN,,,,,,,,,,0
20,310001178,IN,,,,,,,,,,0
20,310001179,IN,,,,,,,,,,0
20,310001184,IN,,,,,,,,,,0
20,310001185,IN,,,,,,,,,,0
20,310001186,IN,,,,,,,,,,0
20,310001187,IN,,,,,,,,,,0
20,310001188,IN,,,,,,,,,,0
20,310001189,IN,,,,,,,,,,0
20,310001190,IN,,,,,,,,,,0
20,310001191,IN,,,,,,,,,,0
20,310001192,IN,,,,,,,,,,0
20,310001193,IN,,,,,,,,,,0
20,310001195,IN,,,,,,,,,,0
20,310001196,IN,,,,,,,,,,0
20,310001197,IN,,,,,,,,,,0
20,310001199,IN,,,,,,,,,,0
20,310001200,IN,,,,,,,,,,0
20,310001204,IN,,,,,,,,,,0
20,310001205,IN,,,,,,,,,,0
20,310001206,IN,,,,,,,,,,0
20,310001207,IN,,,,,,,,,,0
20,310001208,IN,,,,,,,,,,0
20,310001209,IN,,,,,,,,,,0
20,310001210,IN,,,,,,,,,,0
20,310001212,IN,,,,,,,,,,0
20,310001214,IN,,,,,,,,,,0
20,310001215,IN,,,,,,,,,,0
20,310001220,IN,,,,,,,,,,0
20,310001221,IN,,,,,,,,,,0
20,310001222,IN,,,,,,,,,,0
20,310001224,IN,,,,,,,,,,0
20,310001226,IN,,,,,,,,,,0
20,310001227,IN,,,,,,,,,,0
20,310001228,IN,,,,,,,,,,0
20,310001229,IN,,,,,,,,,,0
20,310001230,IN,,,,,,,,,,0
20,310001232,IN,,,,,,,,,,0
20,310001237,IN,,,,,,,,,,0
20,310001238,IN,,,,,,,,,,0
20,310001239,IN,,,,,,,,,,0
20,310001240,IN,,,,,,,,,,0
20,310001241,IN,,,,,,,,,,0
20,310001242,IN,,,,,,,,,,0
20,310001243,IN,,,,,,,,,,0
20,310001244,IN,,,,,,,,,,0
20,310001245,IN,,,,,,,,,,0
20,310001246,IN,,,,,,,,,,0
20,310001249,IN,,,,,,,,,,0
20,310001250,IN,,,,,,,,,,0
20,310001256,IN,,,,,,,,,,0
20,310001257,IN,,,,,,,,,,0
20,310001258,IN,,,,,,,,,,0
20,310001259,IN,,,,,,,,,,0
20,310001260,IN,,,,,,,,,,0
20,310001261,IN,,,,,,,,,,0
20,310001269,IN,,,,,,,,,,0
20,310001270,IN,,,,,,,,,,0
20,310001271,IN,,,,,,,,,,0
20,310001272,IN,,,,,,,,,,0
20,310001274,IN,,,,,,,,,,0
20,310001275,IN,,,,,,,,,,0
20,310001276,IN,,,,,,,,,,0
20,310001277,IN,,,,,,,,,,0
20,310001279,IN,,,,,,,,,,0
20,310001280,IN,,,,,,,,,,0
20,310001286,IN,,,,,,,,,,0
20,310001287,IN,,,,,,,,,,0
20,310001288,IN,,,,,,,,,,0
20,310001289,IN,,,,,,,,,,0
20,310001290,IN,,,,,,,,,,0
20,310001291,IN,,,,,,,,,,0
20,310001292,IN,,,,,,,,,,0
20,310001293,IN,,,,,,,,,,0
20,310001294,IN,,,,,,,,,,0
20,310001295,IN,,,,,,,,,,0
20,310001296,IN,,,,,,,,,,0
20,310001297,IN,,,,,,,,,,0
20,310001298,IN,,,,,,,,,,0
20,310001299,IN,,,,,,,,,,0
20,310001301,IN,,,,,,,,,,0
20,310001305,IN,,,,,,,,,,0
20,310001308,IN,,,,,,,,,,0
20,310001309,IN,,,,,,,,,,0
20,310001310,IN,,,,,,,,,,0
20,310001313,IN,,,,,,,,,,0
20,310001314,IN,,,,,,,,,,0
20,310001315,IN,,,,,,,,,,0
20,310001322,IN,,,,,,,,,,0
20,310001327,IN,,,,,,,,,,0
20,310001330,IN,,,,,,,,,,0
20,310001331,IN,,,,,,,,,,0
20,310001332,IN,,,,,,,,,,0
20,310001334,IN,,,,,,,,,,0
20,310001335,IN,,,,,,,,,,0
20,310001336,IN,,,,,,,,,,0
20,310001337,IN,,,,,,,,,,0
20,310001340,IN,,,,,,,,,,0
20,310001343,IN,,,,,,,,,,0
20,310001350,IN,,,,,,,,,,0
20,310001351,IN,,,,,,,,,,0
20,310001358,IN,,,,,,,,,,0
20,310001361,IN,,,,,,,,,,0
20,310001362,IN,,,,,,,,,,0
20,310001365,IN,,,,,,,,,,0
20,310001369,IN,,,,,,,,,,0
20,310001371,IN,,,,,,,,,,0
20,310001372,IN,,,,,,,,,,0
20,310001373,IN,,,,,,,,,,0
20,310001374,IN,,,,,,,,,,0
20,310001375,IN,,,,,,,,,,0
20,310001377,IN,,,,,,,,,,0
20,310001380,IN,,,,,,,,,,0
20,310001381,IN,,,,,,,,,,0
20,310001384,IN,,,,,,,,,,0
20,310001388,IN,,,,,,,,,,0
20,310001389,IN,,,,,,,,,,0
20,310001390,IN,,,,,,,,,,0
20,310001396,IN,,,,,,,,,,0
20,310001399,IN,,,,,,,,,,0
20,310001400,IN,,,,,,,,,,0
20,310001403,IN,,,,,,,,,,0
20,310001404,IN,,,,,,,,,,0
20,310001405,IN,,,,,,,,,,0
20,310001406,IN,,,,,,,,,,0
20,310001409,IN,,,,,,,,,,0
20,310001410,IN,,,,,,,,,,0
20,310001412,IN,,,,,,,,,,0
20,310001849,IN,,,,,,,,,,0
20,310001850,IN,,,,,,,,,,0
20,310001851,IN,,,,,,,,,,0
20,310001852,IN,,,,,,,,,,0
20,310001853,IN,,,,,,,,,,0
20,310001854,IN,,,,,,,,,,0
20,310001855,IN,,,,,,,,,,0
20,310001856,IN,,,,,,,,,,0
20,310001857,IN,,,,,,,,,,0
20,310001858,IN,,,,,,,,,,0
20,310001868,IN,,,,,,,,,,0
20,310001870,IN,,,,,,,,,,0
20,310001872,IN,,,,,,,,,,0
20,310001874,IN,,,,,,,,,,0
20,310001879,IN,,,,,,,,,,0
20,310001881,IN,,,,,,,,,,0
20,310001882,IN,,,,,,,,,,0
20,310001883,IN,,,,,,,,,,0
20,310001884,IN,,,,,,,,,,0
20,310001885,IN,,,,,,,,,,0
20,310001887,IN,,,,,,,,,,0
20,310001889,IN,,,,,,,,,,0
20,310001890,IN,,,,,,,,,,0
20,310001891,IN,,,,,,,,,,0
20,310001892,IN,,,,,,,,,,0
20,310001893,IN,,,,,,,,,,0
20,310001894,IN,,,,,,,,,,0
20,310001895,IN,,,,,,,,,,0
20,310001896,IN,,,,,,,,,,0
20,310001898,IN,,,,,,,,,,0
20,310001899,IN,,,,,,,,,,0
20,310001900,IN,,,,,,,,,,0
20,310001901,IN,,,,,,,,,,0
20,310001902,IN,,,,,,,,,,0
20,310001903,IN,,,,,,,,,,0
20,310001904,IN,,,,,,,,,,0
20,310001909,IN,,,,,,,,,,0
20,310001912,IN,,,,,,,,,,0
20,310001913,IN,,,,,,,,,,0
20,310001914,IN,,,,,,,,,,0
20,310001915,IN,,,,,,,,,,0
20,310001916,IN,,,,,,,,,,0
20,310001918,IN,,,,,,,,,,0
20,310001919,IN,,,,,,,,,,0
20,310001921,IN,,,,,,,,,,0
20,310001922,IN,,,,,,,,,,0
20,310001923,IN,,,,,,,,,,0
20,310001924,IN,,,,,,,,,,0
20,310001927,IN,,,,,,,,,,0
20,310001932,IN,,,,,,,,,,0
20,310001935,IN,,,,,,,,,,0
20,310001936,IN,,,,,,,,,,0
20,310001937,IN,,,,,,,,,,0
20,310001938,IN,,,,,,,,,,0
20,310001939,IN,,,,,,,,,,0
20,310001940,IN,,,,,,,,,,0
20,310001941,IN,,,,,,,,,,0
20,310001942,IN,,,,,,,,,,0
20,310001943,IN,,,,,,,,,,0
20,310001944,IN,,,,,,,,,,0
20,310001945,IN,,,,,,,,,,0
20,310001946,IN,,,,,,,,,,0
20,310001947,IN,,,,,,,,,,0
20,310001948,IN,,,,,,,,,,0
20,310001949,IN,,,,,,,,,,0
20,310001950,IN,,,,,,,,,,0
20,310001951,IN,,,,,,,,,,0
20,310001952,IN,,,,,,,,,,0
20,310001953,IN,,,,,,,,,,0
20,310001954,IN,,,,,,,,,,0
20,310001955,IN,,,,,,,,,,0
20,310001956,IN,,,,,,,,,,0
20,310001957,IN,,,,,,,,,,0
20,310001958,IN,,,,,,,,,,0
20,310001959,IN,,,,,,,,,,0
20,310001960,IN,,,,,,,,,,0
20,310001961,IN,,,,,,,,,,0
20,310001962,IN,,,,,,,,,,0
20,310001965,IN,,,,,,,,,,0
20,310001966,IN,,,,,,,,,,0
20,310001968,IN,,,,,,,,,,0
20,310001969,IN,,,,,,,,,,0
20,310001970,IN,,,,,,,,,,0
20,310001974,IN,,,,,,,,,,0
20,310001975,IN,,,,,,,,,,0
20,310001977,IN,,,,,,,,,,0
20,310001980,IN,,,,,,,,,,0
20,310001981,IN,,,,,,,,,,0
20,310001982,IN,,,,,,,,,,0
20,310001987,IN,,,,,,,,,,0
20,310001989,IN,,,,,,,,,,0
20,310001990,IN,,,,,,,,,,0
20,310001992,IN,,,,,,,,,,0
20,310001993,IN,,,,,,,,,,0
20,310001994,IN,,,,,,,,,,0
20,310001995,IN,,,,,,,,,,0
20,310001996,IN,,,,,,,,,,0
20,310001997,IN,,,,,,,,,,0
20,310001998,IN,,,,,,,,,,0
20,310001999,IN,,,,,,,,,,0
20,310002002,IN,,,,,,,,,,0
20,310002003,IN,,,,,,,,,,0
20,310002004,IN,,,,,,,,,,0
20,310002005,IN,,,,,,,,,,0
20,310002006,IN,,,,,,,,,,0
20,310002008,IN,,,,,,,,,,0
20,310002012,IN,,,,,,,,,,0
20,310002013,IN,,,,,,,,,,0
20,310002014,IN,,,,,,,,,,0
20,310002015,IN,,,,,,,,,,0
20,310002016,IN,,,,,,,,,,0
20,310002017,IN,,,,,,,,,,0
20,310002018,IN,,,,,,,,,,0
20,310002019,IN,,,,,,,,,,0
20,310002020,IN,,,,,,,,,,0
20,310002021,IN,,,,,,,,,,0
20,310002023,IN,,,,,,,,,,0
20,310002027,IN,,,,,,,,,,0
20,310002028,IN,,,,,,,,,,0
20,310002032,IN,,,,,,,,,,0
20,310002033,IN,,,,,,,,,,0
20,310002037,IN,,,,,,,,,,0
20,310002038,IN,,,,,,,,,,0
20,310002039,IN,,,,,,,,,,0
20,310002040,IN,,,,,,,,,,0
20,310002041,IN,,,,,,,,,,0
20,310002042,IN,,,,,,,,,,0
20,310002043,IN,,,,,,,,,,0
20,310002044,IN,,,,,,,,,,0
20,310002046,IN,,,,,,,,,,0
20,310002047,IN,,,,,,,,,,0
20,310002048,IN,,,,,,,,,,0
20,310002049,IN,,,,,,,,,,0
20,310002050,IN,,,,,,,,,,0
20,310002052,IN,,,,,,,,,,0
20,310002053,IN,,,,,,,,,,0
20,310030044,IN,,,,,,,,,,0
20,310030045,IN,,,,,,,,,,0
20,310030046,IN,,,,,,,,,,0
20,310030053,IN,,,,,,,,,,0
20,310030055,IN,,,,,,,,,,0
20,310030056,IN,,,,,,,,,,0
20,310030058,IN,,,,,,,,,,0
20,310030068,IN,,,,,,,,,,0
20,310030070,IN,,,,,,,,,,0
20,310030071,IN,,,,,,,,,,0
20,310030072,IN,,,,,,,,,,0
20,310030073,IN,,,,,,,,,,0
20,310030076,IN,,,,,,,,,,0
20,310030077,IN,,,,,,,,,,0
20,310030078,IN,,,,,,,,,,0
20,310030079,IN,,,,,,,,,,0
20,310030080,IN,,,,,,,,,,0
20,310030084,IN,,,,,,,,,,0
20,310030085,IN,,,,,,,,,,0
20,310030086,IN,,,,,,,,,,0
20,310030088,IN,,,,,,,,,,0
20,310030089,IN,,,,,,,,,,0
20,310030090,IN,,,,,,,,,,0
20,310030091,IN,,,,,,,,,,0
20,310030092,IN,,,,,,,,,,0
20,310030093,IN,,,,,,,,,,0
20,310030094,IN,,,,,,,,,,0
20,310030095,IN,,,,,,,,,,0
20,310030096,IN,,,,,,,,,,0
20,310030099,IN,,,,,,,,,,0
20,310030100,IN,,,,,,,,,,0
20,310030102,IN,,,,,,,,,,0
20,310030103,IN,,,,,,,,,,0
20,310030104,IN,,,,,,,,,,0
20,310030105,IN,,,,,,,,,,0
20,310030106,IN,,,,,,,,,,0
20,310030107,IN,,,,,,,,,,0
20,310030110,IN,,,,,,,,,,0
20,310030111,IN,,,,,,,,,,0
20,310030118,IN,,,,,,,,,,0
20,310030119,IN,,,,,,,,,,0
20,310030120,IN,,,,,,,,,,0
20,310030121,IN,,,,,,,,,,0
20,310030122,IN,,,,,,,,,,0
20,310030123,IN,,,,,,,,,,0
20,310030126,IN,,,,,,,,,,0
20,310030128,IN,,,,,,,,,,0
20,310030129,IN,,,,,,,,,,0
20,310030133,IN,,,,,,,,,,0
20,310030134,IN,,,,,,,,,,0
20,310030135,IN,,,,,,,,,,0
20,310030136,IN,,,,,,,,,,0
20,310030137,IN,,,,,,,,,,0
20,310030141,IN,,,,,,,,,,0
20,310030145,IN,,,,,,,,,,0
20,310030146,IN,,,,,,,,,,0
20,310030147,IN,,,,,,,,,,0
20,310030148,IN,,,,,,,,,,0
20,310030149,IN,,,,,,,,,,0
20,310030150,IN,,,,,,,,,,0
20,310030151,IN,,,,,,,,,,0
20,310030152,IN,,,,,,,,,,0
20,310030153,IN,,,,,,,,,,0
20,310030158,IN,,,,,,,,,,0
20,310030162,IN,,,,,,,,,,0
20,310030164,IN,,,,,,,,,,0
20,310030165,IN,,,,,,,,,,0
20,310030167,IN,,,,,,,,,,0
20,310030168,IN,,,,,,,,,,0
20,310030169,IN,,,,,,,,,,0
20,310030174,IN,,,,,,,,,,0
20,310030175,IN,,,,,,,,,,0
20,310030176,IN,,,,,,,,,,0
20,310030177,IN,,,,,,,,,,0
20,310030182,IN,,,,,,,,,,0
20,310030183,IN,,,,,,,,,,0
20,310030184,IN,,,,,,,,,,0
20,310030192,IN,,,,,,,,,,0
20,310030196,IN,,,,,,,,,,0
20,310030197,IN,,,,,,,,,,0
20,310030200,IN,,,,,,,,,,0
20,310030201,IN,,,,,,,,,,0
20,310030202,IN,,,,,,,,,,0
20,310030204,IN,,,,,,,,,,0
20,310030208,IN,,,,,,,,,,0
20,310030209,IN,,,,,,,,,,0
20,310030210,IN,,,,,,,,,,0
20,310030211,IN,,,,,,,,,,0
20,310030212,IN,,,,,,,,,,0
20,310030213,IN,,,,,,,,,,0
20,310030214,IN,,,,,,,,,,0
20,310030215,IN,,,,,,,,,,0
20,310030216,IN,,,,,,,,,,0
20,310030222,IN,,,,,,,,,,0
20,310030223,IN,,,,,,,,,,0
20,310030224,IN,,,,,,,,,,0
20,310030227,IN,,,,,,,,,,0
20,310030228,IN,,,,,,,,,,0
20,310030229,IN,,,,,,,,,,0
20,310030230,IN,,,,,,,,,,0
20,310030231,IN,,,,,,,,,,0
20,310030232,IN,,,,,,,,,,0
20,310030233,IN,,,,,,,,,,0
20,310030234,IN,,,,,,,,,,0
20,310030236,IN,,,,,,,,,,0
20,310030238,IN,,,,,,,,,,0
20,310030239,IN,,,,,,,,,,0
20,310030240,IN,,,,,,,,,,0
20,310030241,IN,,,,,,,,,,0
20,310030242,IN,,,,,,,,,,0
20,310030243,IN,,,,,,,,,,0
20,310030244,IN,,,,,,,,,,0
20,310030245,IN,,,,,,,,,,0
20,310030246,IN,,,,,,,,,,0
20,310030248,IN,,,,,,,,,,0
20,310030249,IN,,,,,,,,,,0
20,310030251,IN,,,,,,,,,,0
20,310030253,IN,,,,,,,,,,0
20,310030256,IN,,,,,,,,,,0
20,310030257,IN,,,,,,,,,,0
20,310030258,IN,,,,,,,,,,0
20,310030260,IN,,,,,,,,,,0
20,310030261,IN,,,,,,,,,,0
20,310030263,IN,,,,,,,,,,0
20,310030265,IN,,,,,,,,,,0
20,310030268,IN,,,,,,,,,,0
20,310030269,IN,,,,,,,,,,0
20,310040004,IN,,,,,,,,,,0
20,310040005,IN,,,,,,,,,,0
20,310040006,IN,,,,,,,,,,0
20,310040007,IN,,,,,,,,,,0
20,310040008,IN,,,,,,,,,,0
20,310040009,IN,,,,,,,,,,0
20,310040010,IN,,,,,,,,,,0
20,310040011,IN,,,,,,,,,,0
20,310040012,IN,,,,,,,,,,0
20,420310258,IN,,,,,,,,,,0
20,420310259,IN,,,,,,,,,,0
20,420310260,IN,,,,,,,,,,0
20,420310263,IN,,,,,,,,,,0
20,420310265,IN,,,,,,,,,,0
20,420310266,IN,,,,,,,,,,0
20,420310267,IN,,,,,,,,,,0
20,420310269,IN,,,,,,,,,,0
20,420310270,IN,,,,,,,,,,0
20,420310271,IN,,,,,,,,,,0
20,420310272,IN,,,,,,,,,,0
20,420310273,IN,,,,,,,,,,0
20,420310274,IN,,,,,,,,,,0
20,420310275,IN,,,,,,,,,,0
20,420310276,IN,,,,,,,,,,0
20,420310277,IN,,,,,,,,,,0
20,420310278,IN,,,,,,,,,,0
20,420310279,IN,,,,,,,,,,0
20,420310285,IN,,,,,,,,,,0
20,420310286,IN,,,,,,,,,,0
20,420310287,IN,,,,,,,,,,0
20,420310288,IN,,,,,,,,,,0
20,420310289,IN,,,,,,,,,,0
20,420310290,IN,,,,,,,,,,0
20,420310292,IN,,,,,,,,,,0
20,420310293,IN,,,,,,,,,,0
20,420310294,IN,,,,,,,,,,0
20,420490151,IN,,,,,,,,,,0
20,420490152,IN,,,,,,,,,,0
20,420490153,IN,,,,,,,,,,0
20,420490155,IN,,,,,,,,,,0
20,420490156,IN,,,,,,,,,,0
20,420490157,IN,,,,,,,,,,0
20,420490161,IN,,,,,,,,,,0
20,420490162,IN,,,,,,,,,,0
20,420490163,IN,,,,,,,,,,0
20,420490164,IN,,,,,,,,,,0
20,420490165,IN,,,,,,,,,,0
20,420490166,IN,,,,,,,,,,0
20,420490167,IN,,,,,,,,,,0
20,420490168,IN,,,,,,,,,,0
20,420490169,IN,,,,,,,,,,0
20,420490170,IN,,,,,,,,,,0
20,420490171,IN,,,,,,,,,,0
20,420490172,IN,,,,,,,,,,0
20,420490173,IN,,,,,,,,,,0
20,420490174,IN,,,,,,,,,,0
20,420490175,IN,,,,,,,,,,0
20,420490176,IN,,,,,,,,,,0
20,420490177,IN,,,,,,,,,,0
20,420490178,IN,,,,,,,,,,0
20,420490179,IN,,,,,,,,,,0
20,420490180,IN,,,,,,,,,,0
20,420490181,IN,,,,,,,,,,0
20,420490182,IN,,,,,,,,,,0
20,420490183,IN,,,,,,,,,,0
20,420490184,IN,,,,,,,,,,0
20,420490185,IN,,,,,,,,,,0
20,420520042,IN,,,,,,,,,,0
20,420520043,IN,,,,,,,,,,0
20,420520044,IN,,,,,,,,,,0
20,420520047,IN,,,,,,,,,,0
20,420520081,IN,,,,,,,,,,0
20,420520083,IN,,,,,,,,,,0
20,420520090,IN,,,,,,,,,,0
20,420520091,IN,,,,,,,,,,0
20,420520092,IN,,,,,,,,,,0
20,420520093,IN,,,,,,,,,,0
20,420520094,IN,,,,,,,,,,0
20,420520095,IN,,,,,,,,,,0
20,420520096,IN,,,,,,,,,,0
20,420520103,IN,,,,,,,,,,0
20,420520104,IN,,,,,,,,,,0
20,420520105,IN,,,,,,,,,,0
20,420520111,IN,,,,,,,,,,0
20,420520112,IN,,,,,,,,,,0
20,420520113,IN,,,,,,,,,,0
20,420520114,IN,,,,,,,,,,0
20,420520115,IN,,,,,,,,,,0
20,420520116,IN,,,,,,,,,,0
20,420520119,IN,,,,,,,,,,0
20,420520133,IN,,,,,,,,,,0
20,420520135,IN,,,,,,,,,,0
20,420520138,IN,,,,,,,,,,0
20,420520139,IN,,,,,,,,,,0
20,420520142,IN,,,,,,,,,,0
20,420520143,IN,,,,,,,,,,0
20,420520144,IN,,,,,,,,,,0
20,420520145,IN,,,,,,,,,,0
20,420520146,IN,,,,,,,,,,0
20,420520147,IN,,,,,,,,,,0
20,420520148,IN,,,,,,,,,,0
20,420520149,IN,,,,,,,,,,0
20,420520150,IN,,,,,,,,,,0
20,420520153,IN,,,,,,,,,,0
20,420520154,IN,,,,,,,,,,0
20,420520155,IN,,,,,,,,,,0
20,420520156,IN,,,,,,,,,,0
20,420520161,IN,,,,,,,,,,0
20,420520162,IN,,,,,,,,,,0
20,420520163,IN,,,,,,,,,,0
20,420520164,IN,,,,,,,,,,0
20,420520166,IN,,,,,,,,,,0
20,420520168,IN,,,,,,,,,,0
20,420520170,IN,,,,,,,,,,0
20,420520172,IN,,,,,,,,,,0
20,420570015,IN,,,,,,,,,,0
20,420710334,IN,,,,,,,,,,0
20,420710335,IN,,,,,,,,,,0
20,420710359,IN,,,,,,,,,,0
20,420710375,IN,,,,,,,,,,0
20,420710378,IN,,,,,,,,,,0
20,420710379,IN,,,,,,,,,,0
20,420710382,IN,,,,,,,,,,0
20,420710384,IN,,,,,,,,,,0
20,420710420,IN,,,,,,,,,,0
20,420710434,IN,,,,,,,,,,0
20,420710435,IN,,,,,,,,,,0
20,420710436,IN,,,,,,,,,,0
20,420710474,IN,,,,,,,,,,0
20,420710475,IN,,,,,,,,,,0
20,420710479,IN,,,,,,,,,,0
20,420710480,IN,,,,,,,,,,0
20,420710481,IN,,,,,,,,,,0
20,420710482,IN,,,,,,,,,,0
20,420710483,IN,,,,,,,,,,0
20,420710484,IN,,,,,,,,,,0
20,420710485,IN,,,,,,,,,,0
20,420710486,IN,,,,,,,,,,0
20,421111304,IN,,,,,,,,,,0
20,421111305,IN,,,,,,,,,,0
20,421111306,IN,,,,,,,,,,0
20,421111942,IN,,,,,,,,,,0
20,421111945,IN,,,,,,,,,,0
20,421111950,IN,,,,,,,,,,0
20,421111952,IN,,,,,,,,,,0
20,910002502,IN,,,,,,,,,,0
20,910002503,IN,,,,,,,,,,0
20,910002504,IN,,,,,,,,,,0
20,910002505,IN,,,,,,,,,,0
20,910002506,IN,,,,,,,,,,0
20,910002507,IN,,,,,,,,,,0
20,910002512,IN,,,,,,,,,,0
20,910002513,IN,,,,,,,,,,0
20,910002514,IN,,,,,,,,,,0
20,910002517,IN,,,,,,,,,,0
20,910002518,IN,,,,,,,,,,0
20,910002522,IN,,,,,,,,,,0
20,910002524,IN,,,,,,,,,,0
20,910002525,IN,,,,,,,,,,0
20,910002527,IN,,,,,,,,,,0
20,910002530,IN,,,,,,,,,,0
20,910002539,IN,,,,,,,,,,0
20,910002542,IN,,,,,,,,,,0
20,910002545,IN,,,,,,,,,,0
20,910002546,IN,,,,,,,,,,0
20,910002547,IN,,,,,,,,,,0
20,910002549,IN,,,,,,,,,,0
20,910002550,IN,,,,,,,,,,0
20,910002551,IN,,,,,,,,,,0
20,910002552,IN,,,,,,,,,,0
20,910002557,IN,,,,,,,,,,0
20,910002558,IN,,,,,,,,,,0
20,910002559,IN,,,,,,,,,,0
20,910002560,IN,,,,,,,,,,0
20,910002561,IN,,,,,,,,,,0
20,910002562,IN,,,,,,,,,,0
20,910002563,IN,,,,,,,,,,0
20,910002565,IN,,,,,,,,,,0
20,910002566,IN,,,,,,,,,,0
20,910002567,IN,,,,,,,,,,0
20,910002568,IN,,,,,,,,,,0
20,910002569,IN,,,,,,,,,,0
20,910002572,IN,,,,,,,,,,0
20,910002574,IN,,,,,,,,,,0
20,910002576,IN,,,,,,,,,,0
20,910002578,IN,,,,,,,,,,0
20,910002581,IN,,,,,,,,,,0
20,910002584,IN,,,,,,,,,,0
20,910002586,IN,,,,,,,,,,0
20,910002587,IN,,,,,,,,,,0
20,910002589,IN,,,,,,,,,,0
20,910002591,IN,,,,,,,,,,0
20,910002592,IN,,,,,,,,,,0
20,910002593,IN,,,,,,,,,,0
20,910002595,IN,,,,,,,,,,0
20,910002596,IN,,,,,,,,,,0
20,910002598,IN,,,,,,,,,,0
20,910002599,IN,,,,,,,,,,0
20,910002600,IN,,,,,,,,,,0
20,910002601,IN,,,,,,,,,,0
20,910002602,IN,,,,,,,,,,0
20,910002606,IN,,,,,,,,,,0
20,910002607,IN,,,,,,,,,,0
20,910002608,IN,,,,,,,,,,0
20,910002610,IN,,,,,,,,,,0
20,910002611,IN,,,,,,,,,,0
20,910002613,IN,,,,,,,,,,0
20,910002615,IN,,,,,,,,,,0
20,910002618,IN,,,,,,,,,,0
20,910002621,IN,,,,,,,,,,0
20,910002622,IN,,,,,,,,,,0
20,910002624,IN,,,,,,,,,,0
20,910002625,IN,,,,,,,,,,0
20,910002631,IN,,,,,,,,,,0
20,910002632,IN,,,,,,,,,,0
20,910002633,IN,,,,,,,,,,0
20,910002635,IN,,,,,,,,,,0
20,910002636,IN,,,,,,,,,,0
20,910002637,IN,,,,,,,,,,0
20,910002640,IN,,,,,,,,,,0
20,910002641,IN,,,,,,,,,,0
20,910002643,IN,,,,,,,,,,0
20,910002646,IN,,,,,,,,,,0
20,910002647,IN,,,,,,,,,,0
20,910002648,IN,,,,,,,,,,0
20,910002649,IN,,,,,,,,,,0
20,910002650,IN,,,,,,,,,,0
20,910002651,IN,,,,,,,,,,0
20,910002652,IN,,,,,,,,,,0
20,910002653,IN,,,,,,,,,,0
20,910002655,IN,,,,,,,,,,0
20,910002656,IN,,,,,,,,,,0
20,910002657,IN,,,,,,,,,,0
20,910002658,IN,,,,,,,,,,0
20,910002659,IN,,,,,,,,,,0
20,910002660,IN,,,,,,,,,,0
20,910002665,IN,,,,,,,,,,0
20,910002668,IN,,,,,,,,,,0
20,910002669,IN,,,,,,,,,,0
20,910002670,IN,,,,,,,,,,0
20,910002671,IN,,,,,,,,,,0
20,910002673,IN,,,,,,,,,,0
20,910002674,IN,,,,,,,,,,0
20,910002675,IN,,,,,,,,,,0
20,910002676,IN,,,,,,,,,,0
20,910002678,IN,,,,,,,,,,0
20,910002680,IN,,,,,,,,,,0
20,910002681,IN,,,,,,,,,,0
20,910002682,IN,,,,,,,,,,0
20,910002685,IN,,,,,,,,,,0
20,910002686,IN,,,,,,,,,,0
20,910002689,IN,,,,,,,,,,0
20,910002690,IN,,,,,,,,,,0
20,910002692,IN,,,,,,,,,,0
20,910002693,IN,,,,,,,,,,0
20,910002694,IN,,,,,,,,,,0
20,910002695,IN,,,,,,,,,,0
20,910002696,IN,,,,,,,,,,0
20,910002699,IN,,,,,,,,,,0
20,910002700,IN,,,,,,,,,,0
20,910002701,IN,,,,,,,,,,0
20,910002702,IN,,,,,,,,,,0
20,910002703,IN,,,,,,,,,,0
20,910002704,IN,,,,,,,,,,0
20,910002707,IN,,,,,,,,,,0
20,910002709,IN,,,,,,,,,,0
20,910002710,IN,,,,,,,,,,0
20,910002711,IN,,,,,,,,,,0
20,910002712,IN,,,,,,,,,,0
20,910002713,IN,,,,,,,,,,0
20,910002714,IN,,,,,,,,,,0
20,910002715,IN,,,,,,,,,,0
20,910002716,IN,,,,,,,,,,0
20,910002717,IN,,,,,,,,,,0
20,910002718,IN,,,,,,,,,,0
20,910002719,IN,,,,,,,,,,0
20,910002720,IN,,,,,,,,,,0
20,910002721,IN,,,,,,,,,,0
20,910002722,IN,,,,,,,,,,0
20,910002723,IN,,,,,,,,,,0
20,910002724,IN,,,,,,,,,,0
20,910008912,IN,,,,,,,,,,0
20,910002687,IN,,,,,,,,,,0
20,910011638,IN,,,,,,,,,,0
20,910001755,IN,,,,,,,,,,0
20,510031599IN01,IN,,,,,,,,,,0
20,420520368,IN,,,,,,,,,,0
20,915000818,IN,,,,,,,,,,0
20,931303121,IN,,,,,,,,,,0
20,510031697IN01,IN,,,,,,,,,,0
20,517770367IN02,IN,,,,,,,,,,0
20,910010275,IN,,,,,,,,,,0
20,310002696,IN,,,,,,,,,,0
20,510710427IN02,IN,,,,,,,,,,0
20,420520445,IN,,,,,,,,,,0
20,931408247,IN,,,,,,,,,,0
20,910014006,IN,,,,,,,,,,0
20,910014087,IN,,,,,,,,,,0
20,910020310,IN,,,,,,,,,,0
20,420005984,IN,,,,,,,,,,0
20,931409104,IN,,,,,,,,,,0
20,931409284,IN,,,,,,,,,,0
20,310310337,IN,,,,,,,,,,0
20,910014865,IN,,,,,,,,,,0
20,910015412,IN,,,,,,,,,,0
20,910015757,IN,,,,,,,,,,0
20,931450688,IN,,,,,,,,,,0
20,910016694,IN,,,,,,,,,,0
20,910016693,IN,,,,,,,,,,0
20,516001508KE01,IN,,,,,,,,,,0
20,510031868IN01,IN,,,,,,,,,,0
20,514443361PH10,IN,,,,,,,,,,0
20,429991459,IN,,,,,,,,,,0
20,429991457,IN,,,,,,,,,,0
20,910015792,IN,,,,,,,,,,0
20,910015878,IN,,,,,,,,,,0
20,910015879,IN,,,,,,,,,,0
20,910015880,IN,,,,,,,,,,0
20,910015908,IN,,,,,,,,,,0
20,910015955,IN,,,,,,,,,,0
20,910015956,IN,,,,,,,,,,0
20,910015957,IN,,,,,,,,,,0
20,910015958,IN,,,,,,,,,,0
20,910015959,IN,,,,,,,,,,0
20,910016070,IN,,,,,,,,,,0
20,911300477,IN,,,,,,,,,,0
20,911300665,IN,,,,,,,,,,0
20,516002017IN01,IN,,,,,,,,,,0
20,951022292,IN,,,,,,,,,,0
20,931452544,IN,,,,,,,,,,0
20,931452543,IN,,,,,,,,,,0
20,911301069,IN,,,,,,,,,,0
20,951020276,IN,,,,,,,,,,0
20,930010068,IN,,,,,,,,,,0
20,930010067,IN,,,,,,,,,,0
20,930010066,IN,,,,,,,,,,0
20,910016811,IN,,,,,,,,,,0
20,931454130,IN,,,,,,,,,,0
20,5177712138X01,IN,,,,,,,,,,0
20,5177712128X01,IN,,,,,,,,,,0
20,5177712118X01,IN,,,,,,,,,,0
20,931301096,IN,,,,,,,,,,0
20,931301097,IN,,,,,,,,,,0
20,931301098,IN,,,,,,,,,,0
20,931301099,IN,,,,,,,,,,0
20,931301100,IN,,,,,,,,,,0
20,931301101,IN,,,,,,,,,,0
20,931203091,IN,,,,,,,,,,0
20,110011566,IN,,,,,,,,,,0
20,910016943,IN,,,,,,,,,,0
20,910016942,IN,,,,,,,,,,0
20,514445182IN01,IN,,,,,,,,,,0
20,514445181IN01,IN,,,,,,,,,,0
20,910015701,IN,,,,,,,,,,0
20,910005079,IN,,,,,,,,,,0
20,931455019,IN,,,,,,,,,,0
20,911301884,IN,,,,,,,,,,0
20,931600592,IN,,,,,,,,,,0
20,931455129,IN,,,,,,,,,,0
20,911302000,IN,,,,,,,,,,0
20,911301999,IN,,,,,,,,,,0
20,931304432,IN,,,,,,,,,,0
20,931304433,IN,,,,,,,,,,0
20,931304434,IN,,,,,,,,,,0
20,931304435,IN,,,,,,,,,,0
20,931304436,IN,,,,,,,,,,0
20,911302506,IN,,,,,,,,,,0
20,911302505,IN,,,,,,,,,,0
20,911302504,IN,,,,,,,,,,0
20,931300735,IN,,,,,,,,,,0
20,910003637,IN,,,,,,,,,,0
20,910003077,IN,,,,,,,,,,0
20,910002736,IN,,,,,,,,,,0
20,931456945,IN,,,,,,,,,,0
20,911302823,IN,,,,,,,,,,0
20,911302123,IN,,,,,,,,,,0
20,931455464,IN,,,,,,,,,,0
20,510520607ES02,IN,,,,,,,,,,0
20,613008517,IN,,,,,,,,,,0
20,613008516,IN,,,,,,,,,,0
20,931457345,IN,,,,,,,,,,0
20,931457344,IN,,,,,,,,,,0
20,931457343,IN,,,,,,,,,,0
20,915001694,IN,,,,,,,,,,0
20,915001695,IN,,,,,,,,,,0
20,915000285,IN,,,,,,,,,,0
20,911303471,IN,,,,,,,,,,0
20,911303470,IN,,,,,,,,,,0
20,931458280,IN,,,,,,,,,,0
20,931458281,IN,,,,,,,,,,0
20,510521612FR01,IN,,,,,,,,,,0
20,510521361DK02,IN,,,,,,,,,,0
20,910001683,IN,,,,,,,,,,0
20,931552059,IN,,,,,,,,,,0
20,210470545,IN,,,,,,,,,,0
20,911301076,IN,,,,,,,,,,0
20,931553338,IN,,,,,,,,,,0
20,510521490AT01,IN,,,,,,,,,,0
20,510521488AT01,IN,,,,,,,,,,0
20,931450062,IN,,,,,,,,,,0
20,931554269,IN,,,,,,,,,,0
20,910015968,IN,,,,,,,,,,0
20,910004949,IN,,,,,,,,,,0
20,910004955,IN,,,,,,,,,,0
20,910004956,IN,,,,,,,,,,0
20,910004958,IN,,,,,,,,,,0
20,910004961,IN,,,,,,,,,,0
20,910004962,IN,,,,,,,,,,0
20,910004963,IN,,,,,,,,,,0
20,910004964,IN,,,,,,,,,,0
20,910004965,IN,,,,,,,,,,0
20,910004966,IN,,,,,,,,,,0
20,910004972,IN,,,,,,,,,,0
20,910004974,IN,,,,,,,,,,0
20,910004975,IN,,,,,,,,,,0
20,910004990,IN,,,,,,,,,,0
20,910004993,IN,,,,,,,,,,0
20,110001450,IN,,,,,,,,,,0
20,110001451,IN,,,,,,,,,,0
20,110001452,IN,,,,,,,,,,0
20,110001454,IN,,,,,,,,,,0
20,110001455,IN,,,,,,,,,,0
20,110001456,IN,,,,,,,,,,0
20,110001457,IN,,,,,,,,,,0
20,110001458,IN,,,,,,,,,,0
20,110001462,IN,,,,,,,,,,0
20,110001463,IN,,,,,,,,,,0
20,110001464,IN,,,,,,,,,,0
20,110001465,IN,,,,,,,,,,0
20,110001466,IN,,,,,,,,,,0
20,110001467,IN,,,,,,,,,,0
20,110001468,IN,,,,,,,,,,0
20,110001469,IN,,,,,,,,,,0
20,110001473,IN,,,,,,,,,,0
20,110001475,IN,,,,,,,,,,0
20,110001478,IN,,,,,,,,,,0
20,110001485,IN,,,,,,,,,,0
20,110001494,IN,,,,,,,,,,0
20,110001495,IN,,,,,,,,,,0
20,110001497,IN,,,,,,,,,,0
20,110001498,IN,,,,,,,,,,0
20,110001499,IN,,,,,,,,,,0
20,110001500,IN,,,,,,,,,,0
20,110001501,IN,,,,,,,,,,0
20,110001502,IN,,,,,,,,,,0
20,110001503,IN,,,,,,,,,,0
20,110001505,IN,,,,,,,,,,0
20,110001506,IN,,,,,,,,,,0
20,110001510,IN,,,,,,,,,,0
20,110001511,IN,,,,,,,,,,0
20,110001513,IN,,,,,,,,,,0
20,110001514,IN,,,,,,,,,,0
20,110001516,IN,,,,,,,,,,0
20,110001517,IN,,,,,,,,,,0
20,110001518,IN,,,,,,,,,,0
20,110001521,IN,,,,,,,,,,0
20,110001530,IN,,,,,,,,,,0
20,110001531,IN,,,,,,,,,,0
20,110001533,IN,,,,,,,,,,0
20,110001534,IN,,,,,,,,,,0
20,110001538,IN,,,,,,,,,,0
20,110001539,IN,,,,,,,,,,0
20,110001541,IN,,,,,,,,,,0
20,110001542,IN,,,,,,,,,,0
20,110001547,IN,,,,,,,,,,0
20,110001548,IN,,,,,,,,,,0
20,110001549,IN,,,,,,,,,,0
20,110001551,IN,,,,,,,,,,0
20,110001557,IN,,,,,,,,,,0
20,110001558,IN,,,,,,,,,,0
20,110001559,IN,,,,,,,,,,0
20,110001562,IN,,,,,,,,,,0
20,110001563,IN,,,,,,,,,,0
20,110001564,IN,,,,,,,,,,0
20,110001565,IN,,,,,,,,,,0
20,110001567,IN,,,,,,,,,,0
20,110001569,IN,,,,,,,,,,0
20,110001570,IN,,,,,,,,,,0
20,110001571,IN,,,,,,,,,,0
20,110001572,IN,,,,,,,,,,0
20,110001577,IN,,,,,,,,,,0
20,110001578,IN,,,,,,,,,,0
20,110001579,IN,,,,,,,,,,0
20,110001580,IN,,,,,,,,,,0
20,110001581,IN,,,,,,,,,,0
20,110001582,IN,,,,,,,,,,0
20,110001584,IN,,,,,,,,,,0
20,110001585,IN,,,,,,,,,,0
20,110001588,IN,,,,,,,,,,0
20,110001589,IN,,,,,,,,,,0
20,110001593,IN,,,,,,,,,,0
20,110001594,IN,,,,,,,,,,0
20,110001595,IN,,,,,,,,,,0
20,110001596,IN,,,,,,,,,,0
20,110001597,IN,,,,,,,,,,0
20,110001598,IN,,,,,,,,,,0
20,110001603,IN,,,,,,,,,,0
20,110001606,IN,,,,,,,,,,0
20,110001609,IN,,,,,,,,,,0
20,110001610,IN,,,,,,,,,,0
20,110001613,IN,,,,,,,,,,0
20,110001614,IN,,,,,,,,,,0
20,110001615,IN,,,,,,,,,,0
20,110001625,IN,,,,,,,,,,0
20,110001626,IN,,,,,,,,,,0
20,110001627,IN,,,,,,,,,,0
20,110001628,IN,,,,,,,,,,0
20,110001629,IN,,,,,,,,,,0
20,110001630,IN,,,,,,,,,,0
20,110001631,IN,,,,,,,,,,0
20,110001632,IN,,,,,,,,,,0
20,110001634,IN,,,,,,,,,,0
20,110001636,IN,,,,,,,,,,0
20,110001637,IN,,,,,,,,,,0
20,110001638,IN,,,,,,,,,,0
20,110001639,IN,,,,,,,,,,0
20,110001640,IN,,,,,,,,,,0
20,110001641,IN,,,,,,,,,,0
20,110001642,IN,,,,,,,,,,0
20,110001643,IN,,,,,,,,,,0
20,110001644,IN,,,,,,,,,,0
20,110001645,IN,,,,,,,,,,0
20,110001650,IN,,,,,,,,,,0
20,110001652,IN,,,,,,,,,,0
20,110001653,IN,,,,,,,,,,0
20,110001655,IN,,,,,,,,,,0
20,110001658,IN,,,,,,,,,,0
20,110001664,IN,,,,,,,,,,0
20,110001665,IN,,,,,,,,,,0
20,110001668,IN,,,,,,,,,,0
20,110001669,IN,,,,,,,,,,0
20,110001672,IN,,,,,,,,,,0
20,110001677,IN,,,,,,,,,,0
20,110001680,IN,,,,,,,,,,0
20,110001683,IN,,,,,,,,,,0
20,110001685,IN,,,,,,,,,,0
20,110001686,IN,,,,,,,,,,0
20,110001688,IN,,,,,,,,,,0
20,110001697,IN,,,,,,,,,,0
20,110001699,IN,,,,,,,,,,0
20,110001700,IN,,,,,,,,,,0
20,110001701,IN,,,,,,,,,,0
20,110001703,IN,,,,,,,,,,0
20,110001704,IN,,,,,,,,,,0
20,110001705,IN,,,,,,,,,,0
20,110001706,IN,,,,,,,,,,0
20,110001707,IN,,,,,,,,,,0
20,110001708,IN,,,,,,,,,,0
20,110001709,IN,,,,,,,,,,0
20,110001710,IN,,,,,,,,,,0
20,110001711,IN,,,,,,,,,,0
20,110001713,IN,,,,,,,,,,0
20,110001715,IN,,,,,,,,,,0
20,110002654,IN,,,,,,,,,,0
20,110002655,IN,,,,,,,,,,0
20,110002656,IN,,,,,,,,,,0
20,110002657,IN,,,,,,,,,,0
20,110002660,IN,,,,,,,,,,0
20,110002662,IN,,,,,,,,,,0
20,110002663,IN,,,,,,,,,,0
20,110002664,IN,,,,,,,,,,0
20,110002667,IN,,,,,,,,,,0
20,110002669,IN,,,,,,,,,,0
20,110002670,IN,,,,,,,,,,0
20,110002672,IN,,,,,,,,,,0
20,110002673,IN,,,,,,,,,,0
20,110002675,IN,,,,,,,,,,0
20,110002681,IN,,,,,,,,,,0
20,110002684,IN,,,,,,,,,,0
20,110002693,IN,,,,,,,,,,0
20,110002694,IN,,,,,,,,,,0
20,110002699,IN,,,,,,,,,,0
20,110002703,IN,,,,,,,,,,0
20,110002705,IN,,,,,,,,,,0
20,110002706,IN,,,,,,,,,,0
20,110002708,IN,,,,,,,,,,0
20,110002709,IN,,,,,,,,,,0
20,110002710,IN,,,,,,,,,,0
20,110002713,IN,,,,,,,,,,0
20,110002716,IN,,,,,,,,,,0
20,110002729,IN,,,,,,,,,,0
20,110002730,IN,,,,,,,,,,0
20,110002732,IN,,,,,,,,,,0
20,110002733,IN,,,,,,,,,,0
20,110002740,IN,,,,,,,,,,0
20,110002749,IN,,,,,,,,,,0
20,110002752,IN,,,,,,,,,,0
20,110002753,IN,,,,,,,,,,0
20,110002754,IN,,,,,,,,,,0
20,110002755,IN,,,,,,,,,,0
20,110002756,IN,,,,,,,,,,0
20,110002757,IN,,,,,,,,,,0
20,110002758,IN,,,,,,,,,,0
20,110002759,IN,,,,,,,,,,0
20,110002760,IN,,,,,,,,,,0
20,110002761,IN,,,,,,,,,,0
20,110002764,IN,,,,,,,,,,0
20,110002766,IN,,,,,,,,,,0
20,110002770,IN,,,,,,,,,,0
20,110002771,IN,,,,,,,,,,0
20,110002772,IN,,,,,,,,,,0
20,110002774,IN,,,,,,,,,,0
20,110002775,IN,,,,,,,,,,0
20,110002776,IN,,,,,,,,,,0
20,110002777,IN,,,,,,,,,,0
20,110002778,IN,,,,,,,,,,0
20,110002780,IN,,,,,,,,,,0
20,110002781,IN,,,,,,,,,,0
20,110002783,IN,,,,,,,,,,0
20,110002786,IN,,,,,,,,,,0
20,110002787,IN,,,,,,,,,,0
20,110002791,IN,,,,,,,,,,0
20,110002792,IN,,,,,,,,,,0
20,110002793,IN,,,,,,,,,,0
20,110002795,IN,,,,,,,,,,0
20,110002796,IN,,,,,,,,,,0
20,110002798,IN,,,,,,,,,,0
20,110002799,IN,,,,,,,,,,0
20,514441881KH02,IN,,,,,,,,,,0
20,514443997IN01,IN,,,,,,,,,,0
20,510520597GB01,IN,,,,,,,,,,0
20,931404798,IN,,,,,,,,,,0
20,5144441238X01,IN,,,,,,,,,,0
20,931404704,IN,,,,,,,,,,0
20,910011499,IN,,,,,,,,,,0
20,110470421,IN,,,,,,,,,,0
20,510520110GB01,IN,,,,,,,,,,0
20,510520108GB01,IN,,,,,,,,,,0
20,420520318,IN,,,,,,,,,,0
20,517770257IN03,IN,,,,,,,,,,0
20,310310325,IN,,,,,,,,,,0
20,310310326,IN,,,,,,,,,,0
20,514443373IN02,IN,,,,,,,,,,0
20,516000584IN01,IN,,,,,,,,,,0
20,516000585IN01,IN,,,,,,,,,,0
20,516000586IN01,IN,,,,,,,,,,0
20,310002197,IN,,,,,,,,,,0
20,590020251IN01,IN,,,,,,,,,,0
20,910310322,IN,,,,,,,,,,0
20,510490182IN03,IN,,,,,,,,,,0
20,910013116,IN,,,,,,,,,,0
20,910002096,IN,,,,,,,,,,0
20,310002722,IN,,,,,,,,,,0
20,510031734IN01,IN,,,,,,,,,,0
20,5160013448X01,IN,,,,,,,,,,0
20,910013617,IN,,,,,,,,,,0
20,910014519,IN,,,,,,,,,,0
20,931304702,IN,,,,,,,,,,0
20,510310694SA01,IN,,,,,,,,,,0
20,910014515,IN,,,,,,,,,,0
20,931600956,IN,,,,,,,,,,0
20,931600955,IN,,,,,,,,,,0
20,210012007,IN,,,,,,,,,,0
20,5177710438X01,IN,,,,,,,,,,0
20,514444231PH05,IN,,,,,,,,,,0
20,910015697,IN,,,,,,,,,,0
20,931452012,IN,,,,,,,,,,0
20,931452126,IN,,,,,,,,,,0
20,911300804,IN,,,,,,,,,,0
20,931452558,IN,,,,,,,,,,0
20,930010079,IN,,,,,,,,,,0
20,424441858,IN,,,,,,,,,,0
20,911301363,IN,,,,,,,,,,0
20,931301026,IN,,,,,,,,,,0
20,931301027,IN,,,,,,,,,,0
20,931301028,IN,,,,,,,,,,0
20,931301029,IN,,,,,,,,,,0
20,931301030,IN,,,,,,,,,,0
20,931454441,IN,,,,,,,,,,0
20,911301618,IN,,,,,,,,,,0
20,911301715,IN,,,,,,,,,,0
20,911301891,IN,,,,,,,,,,0
20,911301890,IN,,,,,,,,,,0
20,931455106,IN,,,,,,,,,,0
20,930010098,IN,,,,,,,,,,0
20,931304115,IN,,,,,,,,,,0
20,931304409,IN,,,,,,,,,,0
20,931304424,IN,,,,,,,,,,0
20,931304425,IN,,,,,,,,,,0
20,516002730IN01,IN,,,,,,,,,,0
20,911302513,IN,,,,,,,,,,0
20,911302512,IN,,,,,,,,,,0
20,911302511,IN,,,,,,,,,,0
20,910010910,IN,,,,,,,,,,0
20,911303477,IN,,,,,,,,,,0
20,516002933IN01,IN,,,,,,,,,,0
20,910020427,IN,,,,,,,,,,0
20,110470722,IN,,,,,,,,,,0
20,516000042BR01,IN,,,,,,,,,,0
20,110240018,IN,,,,,,,,,,0
20,110240019,IN,,,,,,,,,,0
20,110240020,IN,,,,,,,,,,0
20,110240021,IN,,,,,,,,,,0
20,110240022,IN,,,,,,,,,,0
20,110240023,IN,,,,,,,,,,0
20,110240024,IN,,,,,,,,,,0
20,110240025,IN,,,,,,,,,,0
20,110240026,IN,,,,,,,,,,0
20,110240027,IN,,,,,,,,,,0
20,110240028,IN,,,,,,,,,,0
20,110240029,IN,,,,,,,,,,0
20,110240030,IN,,,,,,,,,,0
20,110240031,IN,,,,,,,,,,0
20,110240032,IN,,,,,,,,,,0
20,110240033,IN,,,,,,,,,,0
20,110240034,IN,,,,,,,,,,0
20,110240035,IN,,,,,,,,,,0
20,110240036,IN,,,,,,,,,,0
20,110240037,IN,,,,,,,,,,0
20,110240038,IN,,,,,,,,,,0
20,110240039,IN,,,,,,,,,,0
20,110240040,IN,,,,,,,,,,0
20,110240041,IN,,,,,,,,,,0
20,110240042,IN,,,,,,,,,,0
20,110240043,IN,,,,,,,,,,0
20,110240044,IN,,,,,,,,,,0
20,110240045,IN,,,,,,,,,,0
20,110240046,IN,,,,,,,,,,0
20,110240047,IN,,,,,,,,,,0
20,110240048,IN,,,,,,,,,,0
20,110240049,IN,,,,,,,,,,0
20,110240050,IN,,,,,,,,,,0
20,110240051,IN,,,,,,,,,,0
20,110240052,IN,,,,,,,,,,0
20,110240053,IN,,,,,,,,,,0
20,110240054,IN,,,,,,,,,,0
20,110240055,IN,,,,,,,,,,0
20,110240056,IN,,,,,,,,,,0
20,110240057,IN,,,,,,,,,,0
20,110240058,IN,,,,,,,,,,0
20,110240059,IN,,,,,,,,,,0
20,110240060,IN,,,,,,,,,,0
20,110240061,IN,,,,,,,,,,0
20,110240062,IN,,,,,,,,,,0
20,110240063,IN,,,,,,,,,,0
20,110240064,IN,,,,,,,,,,0
20,110240065,IN,,,,,,,,,,0
20,110250004,IN,,,,,,,,,,0
20,110250005,IN,,,,,,,,,,0
20,110250006,IN,,,,,,,,,,0
20,110250008,IN,,,,,,,,,,0
20,110250009,IN,,,,,,,,,,0
20,110250010,IN,,,,,,,,,,0
20,110250011,IN,,,,,,,,,,0
20,110250012,IN,,,,,,,,,,0
20,110250015,IN,,,,,,,,,,0
20,110250023,IN,,,,,,,,,,0
20,110250024,IN,,,,,,,,,,0
20,110250025,IN,,,,,,,,,,0
20,110250026,IN,,,,,,,,,,0
20,110250028,IN,,,,,,,,,,0
20,110250029,IN,,,,,,,,,,0
20,110250031,IN,,,,,,,,,,0
20,110250032,IN,,,,,,,,,,0
20,110250033,IN,,,,,,,,,,0
20,110250034,IN,,,,,,,,,,0
20,110250035,IN,,,,,,,,,,0
20,110250037,IN,,,,,,,,,,0
20,110250042,IN,,,,,,,,,,0
20,110250044,IN,,,,,,,,,,0
20,110250045,IN,,,,,,,,,,0
20,110250047,IN,,,,,,,,,,0
20,110250048,IN,,,,,,,,,,0
20,110250050,IN,,,,,,,,,,0
20,110250053,IN,,,,,,,,,,0
20,110250054,IN,,,,,,,,,,0
20,110250055,IN,,,,,,,,,,0
20,110250056,IN,,,,,,,,,,0
20,110250057,IN,,,,,,,,,,0
20,110250058,IN,,,,,,,,,,0
20,110250059,IN,,,,,,,,,,0
20,110250060,IN,,,,,,,,,,0
20,110250061,IN,,,,,,,,,,0
20,110250062,IN,,,,,,,,,,0
20,110250063,IN,,,,,,,,,,0
20,110250064,IN,,,,,,,,,,0
20,110250065,IN,,,,,,,,,,0
20,110250066,IN,,,,,,,,,,0
20,110250067,IN,,,,,,,,,,0
20,110250068,IN,,,,,,,,,,0
20,110250069,IN,,,,,,,,,,0
20,110250070,IN,,,,,,,,,,0
20,110250071,IN,,,,,,,,,,0
20,110250073,IN,,,,,,,,,,0
20,110250074,IN,,,,,,,,,,0
20,110250075,IN,,,,,,,,,,0
20,110250076,IN,,,,,,,,,,0
20,110250077,IN,,,,,,,,,,0
20,110250078,IN,,,,,,,,,,0
20,110250079,IN,,,,,,,,,,0
20,110250081,IN,,,,,,,,,,0
20,110250082,IN,,,,,,,,,,0
20,110250083,IN,,,,,,,,,,0
20,110250084,IN,,,,,,,,,,0
20,110250085,IN,,,,,,,,,,0
20,110250086,IN,,,,,,,,,,0
20,110250087,IN,,,,,,,,,,0
20,110250088,IN,,,,,,,,,,0
20,110250089,IN,,,,,,,,,,0
20,110250090,IN,,,,,,,,,,0
20,110250091,IN,,,,,,,,,,0
20,110250092,IN,,,,,,,,,,0
20,110250094,IN,,,,,,,,,,0
20,110250095,IN,,,,,,,,,,0
20,110250098,IN,,,,,,,,,,0
20,110250099,IN,,,,,,,,,,0
20,110250100,IN,,,,,,,,,,0
20,110250101,IN,,,,,,,,,,0
20,110250102,IN,,,,,,,,,,0
20,110250103,IN,,,,,,,,,,0
20,110250104,IN,,,,,,,,,,0
20,110250105,IN,,,,,,,,,,0
20,110250106,IN,,,,,,,,,,0
20,110250107,IN,,,,,,,,,,0
20,110250108,IN,,,,,,,,,,0
20,110250109,IN,,,,,,,,,,0
20,110250110,IN,,,,,,,,,,0
20,110250112,IN,,,,,,,,,,0
20,110250113,IN,,,,,,,,,,0
20,110250114,IN,,,,,,,,,,0
20,110250115,IN,,,,,,,,,,0
20,110250116,IN,,,,,,,,,,0
20,110250117,IN,,,,,,,,,,0
20,110250118,IN,,,,,,,,,,0
20,110250119,IN,,,,,,,,,,0
20,110270038,IN,,,,,,,,,,0
20,110270039,IN,,,,,,,,,,0
20,110270040,IN,,,,,,,,,,0
20,110270041,IN,,,,,,,,,,0
20,110270042,IN,,,,,,,,,,0
20,110270043,IN,,,,,,,,,,0
20,110270048,IN,,,,,,,,,,0
20,110270052,IN,,,,,,,,,,0
20,110270055,IN,,,,,,,,,,0
20,110270056,IN,,,,,,,,,,0
20,110270057,IN,,,,,,,,,,0
20,110270058,IN,,,,,,,,,,0
20,110270059,IN,,,,,,,,,,0
20,110270062,IN,,,,,,,,,,0
20,110270063,IN,,,,,,,,,,0
20,110270071,IN,,,,,,,,,,0
20,110270072,IN,,,,,,,,,,0
20,110270073,IN,,,,,,,,,,0
20,110270074,IN,,,,,,,,,,0
20,110270075,IN,,,,,,,,,,0
20,110270078,IN,,,,,,,,,,0
20,110270079,IN,,,,,,,,,,0
20,110270080,IN,,,,,,,,,,0
20,110270081,IN,,,,,,,,,,0
20,110270086,IN,,,,,,,,,,0
20,110270090,IN,,,,,,,,,,0
20,110270091,IN,,,,,,,,,,0
20,110270092,IN,,,,,,,,,,0
20,110270093,IN,,,,,,,,,,0
20,110270094,IN,,,,,,,,,,0
20,110270095,IN,,,,,,,,,,0
20,110270096,IN,,,,,,,,,,0
20,110270097,IN,,,,,,,,,,0
20,110270098,IN,,,,,,,,,,0
20,110270099,IN,,,,,,,,,,0
20,110270101,IN,,,,,,,,,,0
20,110270102,IN,,,,,,,,,,0
20,110270103,IN,,,,,,,,,,0
20,110270105,IN,,,,,,,,,,0
20,110270108,IN,,,,,,,,,,0
20,110270109,IN,,,,,,,,,,0
20,110270112,IN,,,,,,,,,,0
20,110270113,IN,,,,,,,,,,0
20,110270114,IN,,,,,,,,,,0
20,110270118,IN,,,,,,,,,,0
20,110270119,IN,,,,,,,,,,0
20,110270120,IN,,,,,,,,,,0
20,110270121,IN,,,,,,,,,,0
20,110270122,IN,,,,,,,,,,0
20,110270123,IN,,,,,,,,,,0
20,110270124,IN,,,,,,,,,,0
20,110270125,IN,,,,,,,,,,0
20,110270126,IN,,,,,,,,,,0
20,110270128,IN,,,,,,,,,,0
20,110270129,IN,,,,,,,,,,0
20,110270130,IN,,,,,,,,,,0
20,110270132,IN,,,,,,,,,,0
20,110270133,IN,,,,,,,,,,0
20,110270134,IN,,,,,,,,,,0
20,110270135,IN,,,,,,,,,,0
20,110270136,IN,,,,,,,,,,0
20,110270137,IN,,,,,,,,,,0
20,110270139,IN,,,,,,,,,,0
20,110270140,IN,,,,,,,,,,0
20,110270141,IN,,,,,,,,,,0
20,110270145,IN,,,,,,,,,,0
20,110270146,IN,,,,,,,,,,0
20,110270147,IN,,,,,,,,,,0
20,110270148,IN,,,,,,,,,,0
20,110270149,IN,,,,,,,,,,0
20,110270150,IN,,,,,,,,,,0
20,110270157,IN,,,,,,,,,,0
20,110270158,IN,,,,,,,,,,0
20,110270159,IN,,,,,,,,,,0
20,110270160,IN,,,,,,,,,,0
20,110270161,IN,,,,,,,,,,0
20,110270163,IN,,,,,,,,,,0
20,110270164,IN,,,,,,,,,,0
20,110270165,IN,,,,,,,,,,0
20,110270166,IN,,,,,,,,,,0
20,110270167,IN,,,,,,,,,,0
20,110270168,IN,,,,,,,,,,0
20,110270169,IN,,,,,,,,,,0
20,110270171,IN,,,,,,,,,,0
20,110270172,IN,,,,,,,,,,0
20,110270173,IN,,,,,,,,,,0
20,110270174,IN,,,,,,,,,,0
20,110270175,IN,,,,,,,,,,0
20,110270177,IN,,,,,,,,,,0
20,110270179,IN,,,,,,,,,,0
20,110270181,IN,,,,,,,,,,0
20,110270182,IN,,,,,,,,,,0
20,110270184,IN,,,,,,,,,,0
20,110270185,IN,,,,,,,,,,0
20,110270186,IN,,,,,,,,,,0
20,110270187,IN,,,,,,,,,,0
20,110270190,IN,,,,,,,,,,0
20,110270191,IN,,,,,,,,,,0
20,110270192,IN,,,,,,,,,,0
20,110270194,IN,,,,,,,,,,0
20,110270195,IN,,,,,,,,,,0
20,110270196,IN,,,,,,,,,,0
20,110270197,IN,,,,,,,,,,0
20,110270198,IN,,,,,,,,,,0
20,110270199,IN,,,,,,,,,,0
20,110270200,IN,,,,,,,,,,0
20,110270201,IN,,,,,,,,,,0
20,110270202,IN,,,,,,,,,,0
20,110270203,IN,,,,,,,,,,0
20,110270204,IN,,,,,,,,,,0
20,110270205,IN,,,,,,,,,,0
20,110270206,IN,,,,,,,,,,0
20,110270207,IN,,,,,,,,,,0
20,110270208,IN,,,,,,,,,,0
20,110270209,IN,,,,,,,,,,0
20,110270210,IN,,,,,,,,,,0
20,110270211,IN,,,,,,,,,,0
20,110270212,IN,,,,,,,,,,0
20,110270213,IN,,,,,,,,,,0
20,110270214,IN,,,,,,,,,,0
20,110270215,IN,,,,,,,,,,0
20,110270217,IN,,,,,,,,,,0
20,110270218,IN,,,,,,,,,,0
20,110270219,IN,,,,,,,,,,0
20,110270220,IN,,,,,,,,,,0
20,110270221,IN,,,,,,,,,,0
20,110270222,IN,,,,,,,,,,0
20,110270223,IN,,,,,,,,,,0
20,110270226,IN,,,,,,,,,,0
20,110270227,IN,,,,,,,,,,0
20,110270228,IN,,,,,,,,,,0
20,110270229,IN,,,,,,,,,,0
20,110270230,IN,,,,,,,,,,0
20,110270231,IN,,,,,,,,,,0
20,110270233,IN,,,,,,,,,,0
20,110270234,IN,,,,,,,,,,0
20,110510016,IN,,,,,,,,,,0
20,110510017,IN,,,,,,,,,,0
20,110510018,IN,,,,,,,,,,0
20,110510019,IN,,,,,,,,,,0
20,110510020,IN,,,,,,,,,,0
20,110510021,IN,,,,,,,,,,0
20,110510022,IN,,,,,,,,,,0
20,110510023,IN,,,,,,,,,,0
20,110510024,IN,,,,,,,,,,0
20,110510025,IN,,,,,,,,,,0
20,110510026,IN,,,,,,,,,,0
20,110510027,IN,,,,,,,,,,0
20,110510029,IN,,,,,,,,,,0
20,110510030,IN,,,,,,,,,,0
20,110510031,IN,,,,,,,,,,0
20,110510032,IN,,,,,,,,,,0
20,110510033,IN,,,,,,,,,,0
20,110510034,IN,,,,,,,,,,0
20,110510035,IN,,,,,,,,,,0
20,110510036,IN,,,,,,,,,,0
20,110510037,IN,,,,,,,,,,0
20,110510040,IN,,,,,,,,,,0
20,110510041,IN,,,,,,,,,,0
20,110510042,IN,,,,,,,,,,0
20,110510044,IN,,,,,,,,,,0
20,110510045,IN,,,,,,,,,,0
20,110510046,IN,,,,,,,,,,0
20,110510048,IN,,,,,,,,,,0
20,110510049,IN,,,,,,,,,,0
20,110510050,IN,,,,,,,,,,0
20,110520009,IN,,,,,,,,,,0
20,110520017,IN,,,,,,,,,,0
20,110520018,IN,,,,,,,,,,0
20,110520019,IN,,,,,,,,,,0
20,110520022,IN,,,,,,,,,,0
20,110520023,IN,,,,,,,,,,0
20,110520024,IN,,,,,,,,,,0
20,110520025,IN,,,,,,,,,,0
20,110520026,IN,,,,,,,,,,0
20,110520027,IN,,,,,,,,,,0
20,110520028,IN,,,,,,,,,,0
20,110520029,IN,,,,,,,,,,0
20,110520030,IN,,,,,,,,,,0
20,110520031,IN,,,,,,,,,,0
20,110520032,IN,,,,,,,,,,0
20,110610016,IN,,,,,,,,,,0
20,110610019,IN,,,,,,,,,,0
20,110610020,IN,,,,,,,,,,0
20,110610027,IN,,,,,,,,,,0
20,110610028,IN,,,,,,,,,,0
20,110610029,IN,,,,,,,,,,0
20,110610036,IN,,,,,,,,,,0
20,110610037,IN,,,,,,,,,,0
20,110610038,IN,,,,,,,,,,0
20,110610039,IN,,,,,,,,,,0
20,110610041,IN,,,,,,,,,,0
20,110610043,IN,,,,,,,,,,0
20,110610044,IN,,,,,,,,,,0
20,110610046,IN,,,,,,,,,,0
20,110610047,IN,,,,,,,,,,0
20,110610048,IN,,,,,,,,,,0
20,110610049,IN,,,,,,,,,,0
20,111020002,IN,,,,,,,,,,0
20,190000103,IN,,,,,,,,,,0
20,190000123,IN,,,,,,,,,,0
20,190000130,IN,,,,,,,,,,0
20,190000131,IN,,,,,,,,,,0
20,190000142,IN,,,,,,,,,,0
20,190000149,IN,,,,,,,,,,0
20,190000152,IN,,,,,,,,,,0
20,190000159,IN,,,,,,,,,,0
20,190000161,IN,,,,,,,,,,0
20,190000162,IN,,,,,,,,,,0
20,190000163,IN,,,,,,,,,,0
20,190000165,IN,,,,,,,,,,0
20,190000166,IN,,,,,,,,,,0
20,190000167,IN,,,,,,,,,,0
20,190000183,IN,,,,,,,,,,0
20,190000184,IN,,,,,,,,,,0
20,190000185,IN,,,,,,,,,,0
20,590000669IN02,IN,,,,,,,,,,0
20,514443238IN02,IN,,,,,,,,,,0
20,590000720MZ01,IN,,,,,,,,,,0
20,910008406,IN,,,,,,,,,,0
20,514443995IN01,IN,,,,,,,,,,0
20,510520595GB01,IN,,,,,,,,,,0
20,510520594GB01,IN,,,,,,,,,,0
20,910011335,IN,,,,,,,,,,0
20,910011418,IN,,,,,,,,,,0
20,5144441208X01,IN,,,,,,,,,,0
20,5144441198X01,IN,,,,,,,,,,0
20,420520226,IN,,,,,,,,,,0
20,931405243,IN,,,,,,,,,,0
20,931405244,IN,,,,,,,,,,0
20,514444202MU01,IN,,,,,,,,,,0
20,510031145IN03,IN,,,,,,,,,,0
20,517770798IN01,IN,,,,,,,,,,0
20,516000450HK01,IN,,,,,,,,,,0
20,915000625,IN,,,,,,,,,,0
20,915000623,IN,,,,,,,,,,0
20,931600511,IN,,,,,,,,,,0
20,931600510,IN,,,,,,,,,,0
20,910012336,IN,,,,,,,,,,0
20,915000915,IN,,,,,,,,,,0
20,915000918,IN,,,,,,,,,,0
20,516001245IN01,IN,,,,,,,,,,0
20,910014088,IN,,,,,,,,,,0
20,910020319,IN,,,,,,,,,,0
20,310020092,IN,,,,,,,,,,0
20,910015145,IN,,,,,,,,,,0
20,931450695,IN,,,,,,,,,,0
20,931450694,IN,,,,,,,,,,0
20,931450693,IN,,,,,,,,,,0
20,911300120,IN,,,,,,,,,,0
20,517770910IN04,IN,,,,,,,,,,0
20,931202072,IN,,,,,,,,,,0
20,931201147,IN,,,,,,,,,,0
20,420005156,IN,,,,,,,,,,0
20,910015698,IN,,,,,,,,,,0
20,911300802,IN,,,,,,,,,,0
20,911300801,IN,,,,,,,,,,0
20,911300800,IN,,,,,,,,,,0
20,930010074,IN,,,,,,,,,,0
20,930010073,IN,,,,,,,,,,0
20,910016814,IN,,,,,,,,,,0
20,515550238IN04,IN,,,,,,,,,,0
20,515550173IN04,IN,,,,,,,,,,0
20,931301040,IN,,,,,,,,,,0
20,931301041,IN,,,,,,,,,,0
20,931301042,IN,,,,,,,,,,0
20,931301043,IN,,,,,,,,,,0
20,516002288CL02,IN,,,,,,,,,,0
20,516002728IN01,IN,,,,,,,,,,0
20,911302510,IN,,,,,,,,,,0
20,910015524,IN,,,,,,,,,,0
20,510521366DK02,IN,,,,,,,,,,0
20,310001413,IN,,,,,,,,,,0
20,310001414,IN,,,,,,,,,,0
20,310001415,IN,,,,,,,,,,0
20,310001416,IN,,,,,,,,,,0
20,310001418,IN,,,,,,,,,,0
20,310001419,IN,,,,,,,,,,0
20,310001422,IN,,,,,,,,,,0
20,310001423,IN,,,,,,,,,,0
20,310001425,IN,,,,,,,,,,0
20,310001430,IN,,,,,,,,,,0
20,310001431,IN,,,,,,,,,,0
20,310001433,IN,,,,,,,,,,0
20,310001434,IN,,,,,,,,,,0
20,310001436,IN,,,,,,,,,,0
20,310001437,IN,,,,,,,,,,0
20,310001438,IN,,,,,,,,,,0
20,310001440,IN,,,,,,,,,,0
20,310001441,IN,,,,,,,,,,0
20,310001448,IN,,,,,,,,,,0
20,310001451,IN,,,,,,,,,,0
20,310001452,IN,,,,,,,,,,0
20,310001453,IN,,,,,,,,,,0
20,310001454,IN,,,,,,,,,,0
20,310001455,IN,,,,,,,,,,0
20,310001456,IN,,,,,,,,,,0
20,310001457,IN,,,,,,,,,,0
20,310001458,IN,,,,,,,,,,0
20,310001459,IN,,,,,,,,,,0
20,310001461,IN,,,,,,,,,,0
20,310001462,IN,,,,,,,,,,0
20,310001463,IN,,,,,,,,,,0
20,310001465,IN,,,,,,,,,,0
20,310001467,IN,,,,,,,,,,0
20,310001468,IN,,,,,,,,,,0
20,310001469,IN,,,,,,,,,,0
20,310001471,IN,,,,,,,,,,0
20,310001474,IN,,,,,,,,,,0
20,310001478,IN,,,,,,,,,,0
20,310001479,IN,,,,,,,,,,0
20,310001480,IN,,,,,,,,,,0
20,310001481,IN,,,,,,,,,,0
20,310001482,IN,,,,,,,,,,0
20,310001483,IN,,,,,,,,,,0
20,310001484,IN,,,,,,,,,,0
20,310001485,IN,,,,,,,,,,0
20,310001486,IN,,,,,,,,,,0
20,310001488,IN,,,,,,,,,,0
20,310001489,IN,,,,,,,,,,0
20,310001491,IN,,,,,,,,,,0
20,310001492,IN,,,,,,,,,,0
20,310001495,IN,,,,,,,,,,0
20,310001496,IN,,,,,,,,,,0
20,310001500,IN,,,,,,,,,,0
20,310001501,IN,,,,,,,,,,0
20,310001502,IN,,,,,,,,,,0
20,310001503,IN,,,,,,,,,,0
20,310001504,IN,,,,,,,,,,0
20,310001509,IN,,,,,,,,,,0
20,310001510,IN,,,,,,,,,,0
20,310001511,IN,,,,,,,,,,0
20,310001512,IN,,,,,,,,,,0
20,310001516,IN,,,,,,,,,,0
20,310001517,IN,,,,,,,,,,0
20,310001518,IN,,,,,,,,,,0
20,310001524,IN,,,,,,,,,,0
20,310001525,IN,,,,,,,,,,0
20,310001526,IN,,,,,,,,,,0
20,310001527,IN,,,,,,,,,,0
20,310001528,IN,,,,,,,,,,0
20,310001529,IN,,,,,,,,,,0
20,310001530,IN,,,,,,,,,,0
20,310001531,IN,,,,,,,,,,0
20,310001532,IN,,,,,,,,,,0
20,310001533,IN,,,,,,,,,,0
20,310001534,IN,,,,,,,,,,0
20,310001535,IN,,,,,,,,,,0
20,310001536,IN,,,,,,,,,,0
20,310001537,IN,,,,,,,,,,0
20,310001539,IN,,,,,,,,,,0
20,310001540,IN,,,,,,,,,,0
20,310001543,IN,,,,,,,,,,0
20,310001544,IN,,,,,,,,,,0
20,310001545,IN,,,,,,,,,,0
20,310001546,IN,,,,,,,,,,0
20,310001547,IN,,,,,,,,,,0
20,310001548,IN,,,,,,,,,,0
20,310001549,IN,,,,,,,,,,0
20,310001550,IN,,,,,,,,,,0
20,310001553,IN,,,,,,,,,,0
20,310001555,IN,,,,,,,,,,0
20,310001556,IN,,,,,,,,,,0
20,310001557,IN,,,,,,,,,,0
20,310001558,IN,,,,,,,,,,0
20,310001559,IN,,,,,,,,,,0
20,310001567,IN,,,,,,,,,,0
20,310001568,IN,,,,,,,,,,0
20,310001569,IN,,,,,,,,,,0
20,310001570,IN,,,,,,,,,,0
20,310001571,IN,,,,,,,,,,0
20,310001572,IN,,,,,,,,,,0
20,310001573,IN,,,,,,,,,,0
20,310001574,IN,,,,,,,,,,0
20,310001575,IN,,,,,,,,,,0
20,310001576,IN,,,,,,,,,,0
20,310001577,IN,,,,,,,,,,0
20,310001578,IN,,,,,,,,,,0
20,310001579,IN,,,,,,,,,,0
20,310001580,IN,,,,,,,,,,0
20,310001581,IN,,,,,,,,,,0
20,310001582,IN,,,,,,,,,,0
20,310001583,IN,,,,,,,,,,0
20,310001584,IN,,,,,,,,,,0
20,310001589,IN,,,,,,,,,,0
20,310001590,IN,,,,,,,,,,0
20,310001595,IN,,,,,,,,,,0
20,310001596,IN,,,,,,,,,,0
20,310001598,IN,,,,,,,,,,0
20,310001601,IN,,,,,,,,,,0
20,310001602,IN,,,,,,,,,,0
20,310001603,IN,,,,,,,,,,0
20,310001605,IN,,,,,,,,,,0
20,310001606,IN,,,,,,,,,,0
20,310001608,IN,,,,,,,,,,0
20,310001609,IN,,,,,,,,,,0
20,310001610,IN,,,,,,,,,,0
20,310001611,IN,,,,,,,,,,0
20,310001612,IN,,,,,,,,,,0
20,310001613,IN,,,,,,,,,,0
20,310001614,IN,,,,,,,,,,0
20,310001615,IN,,,,,,,,,,0
20,310001616,IN,,,,,,,,,,0
20,310001617,IN,,,,,,,,,,0
20,310001618,IN,,,,,,,,,,0
20,310001619,IN,,,,,,,,,,0
20,310001630,IN,,,,,,,,,,0
20,310001631,IN,,,,,,,,,,0
20,931457150,IN,,,,,,,,,,0
20,931458278,IN,,,,,,,,,,0
20,911304497,IN,,,,,,,,,,0
20,931553235,IN,,,,,,,,,,0
20,931553236,IN,,,,,,,,,,0
20,910014998,IN,,,,,,,,,,0
20,931554267,IN,,,,,,,,,,0
20,310002156,IN,,,,,,,,,,0
20,310002157,IN,,,,,,,,,,0
20,310002158,IN,,,,,,,,,,0
20,310002159,IN,,,,,,,,,,0
20,310002160,IN,,,,,,,,,,0
20,310002161,IN,,,,,,,,,,0
20,310002162,IN,,,,,,,,,,0
20,310002163,IN,,,,,,,,,,0
20,310002164,IN,,,,,,,,,,0
20,310002166,IN,,,,,,,,,,0
20,310002168,IN,,,,,,,,,,0
20,310002170,IN,,,,,,,,,,0
20,310002171,IN,,,,,,,,,,0
20,310002172,IN,,,,,,,,,,0
20,310002173,IN,,,,,,,,,,0
20,310002174,IN,,,,,,,,,,0
20,310002177,IN,,,,,,,,,,0
20,310002181,IN,,,,,,,,,,0
20,310002183,IN,,,,,,,,,,0
20,310002190,IN,,,,,,,,,,0
20,310002192,IN,,,,,,,,,,0
20,310002194,IN,,,,,,,,,,0
20,310002195,IN,,,,,,,,,,0
20,310002196,IN,,,,,,,,,,0
20,310002201,IN,,,,,,,,,,0
20,310002204,IN,,,,,,,,,,0
20,310002205,IN,,,,,,,,,,0
20,310002206,IN,,,,,,,,,,0
20,310002207,IN,,,,,,,,,,0
20,310002209,IN,,,,,,,,,,0
20,310002210,IN,,,,,,,,,,0
20,310002212,IN,,,,,,,,,,0
20,310002213,IN,,,,,,,,,,0
20,310002214,IN,,,,,,,,,,0
20,310002215,IN,,,,,,,,,,0
20,310002216,IN,,,,,,,,,,0
20,310002217,IN,,,,,,,,,,0
20,310002218,IN,,,,,,,,,,0
20,310002220,IN,,,,,,,,,,0
20,310002221,IN,,,,,,,,,,0
20,310002222,IN,,,,,,,,,,0
20,310002224,IN,,,,,,,,,,0
20,310002225,IN,,,,,,,,,,0
20,310002226,IN,,,,,,,,,,0
20,310002227,IN,,,,,,,,,,0
20,310002229,IN,,,,,,,,,,0
20,310002231,IN,,,,,,,,,,0
20,310002232,IN,,,,,,,,,,0
20,310002233,IN,,,,,,,,,,0
20,310002236,IN,,,,,,,,,,0
20,310002237,IN,,,,,,,,,,0
20,310002238,IN,,,,,,,,,,0
20,310002240,IN,,,,,,,,,,0
20,310002241,IN,,,,,,,,,,0
20,310002242,IN,,,,,,,,,,0
20,310002244,IN,,,,,,,,,,0
20,310002245,IN,,,,,,,,,,0
20,310002246,IN,,,,,,,,,,0
20,310002247,IN,,,,,,,,,,0
20,310002249,IN,,,,,,,,,,0
20,310002250,IN,,,,,,,,,,0
20,310002251,IN,,,,,,,,,,0
20,310002252,IN,,,,,,,,,,0
20,310002253,IN,,,,,,,,,,0
20,310002254,IN,,,,,,,,,,0
20,310002255,IN,,,,,,,,,,0
20,310002259,IN,,,,,,,,,,0
20,310002260,IN,,,,,,,,,,0
20,310002261,IN,,,,,,,,,,0
20,310002262,IN,,,,,,,,,,0
20,310002263,IN,,,,,,,,,,0
20,310002264,IN,,,,,,,,,,0
20,310002265,IN,,,,,,,,,,0
20,310002266,IN,,,,,,,,,,0
20,310002267,IN,,,,,,,,,,0
20,310002270,IN,,,,,,,,,,0
20,310002271,IN,,,,,,,,,,0
20,310002272,IN,,,,,,,,,,0
20,310002273,IN,,,,,,,,,,0
20,310002275,IN,,,,,,,,,,0
20,310002277,IN,,,,,,,,,,0
20,310002282,IN,,,,,,,,,,0
20,310002283,IN,,,,,,,,,,0
20,310002284,IN,,,,,,,,,,0
20,310002286,IN,,,,,,,,,,0
20,310002288,IN,,,,,,,,,,0
20,310002290,IN,,,,,,,,,,0
20,310002291,IN,,,,,,,,,,0
20,310002292,IN,,,,,,,,,,0
20,310002294,IN,,,,,,,,,,0
20,310002295,IN,,,,,,,,,,0
20,310002296,IN,,,,,,,,,,0
20,310002297,IN,,,,,,,,,,0
20,310002298,IN,,,,,,,,,,0
20,310002299,IN,,,,,,,,,,0
20,310002300,IN,,,,,,,,,,0
20,310002302,IN,,,,,,,,,,0
20,310002303,IN,,,,,,,,,,0
20,310002304,IN,,,,,,,,,,0
20,310002305,IN,,,,,,,,,,0
20,310002306,IN,,,,,,,,,,0
20,310002309,IN,,,,,,,,,,0
20,310002312,IN,,,,,,,,,,0
20,310002315,IN,,,,,,,,,,0
20,310002316,IN,,,,,,,,,,0
20,310002317,IN,,,,,,,,,,0
20,310002318,IN,,,,,,,,,,0
20,310002320,IN,,,,,,,,,,0
20,310002322,IN,,,,,,,,,,0
20,310002323,IN,,,,,,,,,,0
20,310002326,IN,,,,,,,,,,0
20,310002328,IN,,,,,,,,,,0
20,310002331,IN,,,,,,,,,,0
20,310002333,IN,,,,,,,,,,0
20,310002335,IN,,,,,,,,,,0
20,310002337,IN,,,,,,,,,,0
20,310002340,IN,,,,,,,,,,0
20,310002341,IN,,,,,,,,,,0
20,310002342,IN,,,,,,,,,,0
20,310002344,IN,,,,,,,,,,0
20,310002345,IN,,,,,,,,,,0
20,310002347,IN,,,,,,,,,,0
20,310002350,IN,,,,,,,,,,0
20,310002358,IN,,,,,,,,,,0
20,310002359,IN,,,,,,,,,,0
20,310002360,IN,,,,,,,,,,0
20,310002361,IN,,,,,,,,,,0
20,310002362,IN,,,,,,,,,,0
20,310002363,IN,,,,,,,,,,0
20,910001660,IN,,,,,,,,,,0
20,910001662,IN,,,,,,,,,,0
20,910001667,IN,,,,,,,,,,0
20,910001672,IN,,,,,,,,,,0
20,910001673,IN,,,,,,,,,,0
20,910001675,IN,,,,,,,,,,0
20,910001676,IN,,,,,,,,,,0
20,910001677,IN,,,,,,,,,,0
20,910001680,IN,,,,,,,,,,0
20,910001687,IN,,,,,,,,,,0
20,910001688,IN,,,,,,,,,,0
20,910001690,IN,,,,,,,,,,0
20,910001691,IN,,,,,,,,,,0
20,910001692,IN,,,,,,,,,,0
20,910001694,IN,,,,,,,,,,0
20,910001696,IN,,,,,,,,,,0
20,910001697,IN,,,,,,,,,,0
20,910001702,IN,,,,,,,,,,0
20,910001703,IN,,,,,,,,,,0
20,910001704,IN,,,,,,,,,,0
20,910001706,IN,,,,,,,,,,0
20,910001707,IN,,,,,,,,,,0
20,910001708,IN,,,,,,,,,,0
20,910001710,IN,,,,,,,,,,0
20,910001711,IN,,,,,,,,,,0
20,910001712,IN,,,,,,,,,,0
20,910001715,IN,,,,,,,,,,0
20,910001716,IN,,,,,,,,,,0
20,910001717,IN,,,,,,,,,,0
20,910001722,IN,,,,,,,,,,0
20,910001723,IN,,,,,,,,,,0
20,910001726,IN,,,,,,,,,,0
20,910001727,IN,,,,,,,,,,0
20,910001728,IN,,,,,,,,,,0
20,910001730,IN,,,,,,,,,,0
20,910001733,IN,,,,,,,,,,0
20,910001734,IN,,,,,,,,,,0
20,910001737,IN,,,,,,,,,,0
20,910001738,IN,,,,,,,,,,0
20,910001739,IN,,,,,,,,,,0
20,910001740,IN,,,,,,,,,,0
20,910001742,IN,,,,,,,,,,0
20,910001747,IN,,,,,,,,,,0
20,910001748,IN,,,,,,,,,,0
20,910001749,IN,,,,,,,,,,0
20,910001750,IN,,,,,,,,,,0
20,910001751,IN,,,,,,,,,,0
20,910001753,IN,,,,,,,,,,0
20,910001754,IN,,,,,,,,,,0
20,910001756,IN,,,,,,,,,,0
20,910001757,IN,,,,,,,,,,0
20,910001758,IN,,,,,,,,,,0
20,910001759,IN,,,,,,,,,,0
20,910001760,IN,,,,,,,,,,0
20,910001762,IN,,,,,,,,,,0
20,910001763,IN,,,,,,,,,,0
20,910001764,IN,,,,,,,,,,0
20,910001765,IN,,,,,,,,,,0
20,910001767,IN,,,,,,,,,,0
20,613003268,IN,,,,,,,,,,0
20,931404038,IN,,,,,,,,,,0
20,931404126,IN,,,,,,,,,,0
20,910001805,IN,,,,,,,,,,0
20,514443991IN01,IN,,,,,,,,,,0
20,514443990IN01,IN,,,,,,,,,,0
20,514444063IN01,IN,,,,,,,,,,0
20,910011333,IN,,,,,,,,,,0
20,5144441168X01,IN,,,,,,,,,,0
20,931600486,IN,,,,,,,,,,0
20,514443264IN03,IN,,,,,,,,,,0
20,510009557IT02,IN,,,,,,,,,,0
20,915000601,IN,,,,,,,,,,0
20,915000600,IN,,,,,,,,,,0
20,514442529IN02,IN,,,,,,,,,,0
20,931405899,IN,,,,,,,,,,0
20,510031594IN01,IN,,,,,,,,,,0
20,516000613JM01,IN,,,,,,,,,,0
20,510006724VN02,IN,,,,,,,,,,0
20,510006727VN03,IN,,,,,,,,,,0
20,931303123,IN,,,,,,,,,,0
20,510710429IN02,IN,,,,,,,,,,0
20,910013113,IN,,,,,,,,,,0
20,931408249,IN,,,,,,,,,,0
20,931408248,IN,,,,,,,,,,0
20,910020312,IN,,,,,,,,,,0
20,931409106,IN,,,,,,,,,,0
20,931409105,IN,,,,,,,,,,0
20,514444508IN01,IN,,,,,,,,,,0
20,510710630IN01,IN,,,,,,,,,,0
20,910015143,IN,,,,,,,,,,0
20,911300116,IN,,,,,,,,,,0
20,517770911IN04,IN,,,,,,,,,,0
20,931451735,IN,,,,,,,,,,0
20,931451734,IN,,,,,,,,,,0
20,931451733,IN,,,,,,,,,,0
20,931451732,IN,,,,,,,,,,0
20,910015785,IN,,,,,,,,,,0
20,910015787,IN,,,,,,,,,,0
20,910015788,IN,,,,,,,,,,0
20,931452554,IN,,,,,,,,,,0
20,931452553,IN,,,,,,,,,,0
20,931452551,IN,,,,,,,,,,0
20,930010070,IN,,,,,,,,,,0
20,930010069,IN,,,,,,,,,,0
20,424441856,IN,,,,,,,,,,0
20,310002957,IN,,,,,,,,,,0
20,310002956,IN,,,,,,,,,,0
20,514444434TZ01,IN,,,,,,,,,,0
20,931453870,IN,,,,,,,,,,0
20,514444225IN04,IN,,,,,,,,,,0
20,5177712198X01,IN,,,,,,,,,,0
20,931301087,IN,,,,,,,,,,0
20,931301088,IN,,,,,,,,,,0
20,931454439,IN,,,,,,,,,,0
20,931454437,IN,,,,,,,,,,0
20,931450372,IN,,,,,,,,,,0
20,910060003,IN,,,,,,,,,,0
20,931454906,IN,,,,,,,,,,0
20,931454907,IN,,,,,,,,,,0
20,910310213,IN,,,,,,,,,,0
20,910011484,IN,,,,,,,,,,0
20,514445184IN01,IN,,,,,,,,,,0
20,613008050,IN,,,,,,,,,,0
20,510320002IN01,IN,,,,,,,,,,0
20,429930983,IN,,,,,,,,,,0
20,931300843,IN,,,,,,,,,,0
20,951022007,IN,,,,,,,,,,0
20,516002722IN01,IN,,,,,,,,,,0
20,516002721IN01,IN,,,,,,,,,,0
20,516002720IN01,IN,,,,,,,,,,0
20,931456221,IN,,,,,,,,,,0
20,931456817,IN,,,,,,,,,,0
20,911305714,IN,,,,,,,,,,0
20,931553336,IN,,,,,,,,,,0
20,510020675IN01,IN,,,,,,,,,,0
20,910001768,IN,,,,,,,,,,0
20,910003664,IN,,,,,,,,,,0
20,910003665,IN,,,,,,,,,,0
20,910003666,IN,,,,,,,,,,0
20,910003667,IN,,,,,,,,,,0
20,910003671,IN,,,,,,,,,,0
20,910003672,IN,,,,,,,,,,0
20,910003673,IN,,,,,,,,,,0
20,910003674,IN,,,,,,,,,,0
20,910003675,IN,,,,,,,,,,0
20,910003676,IN,,,,,,,,,,0
20,910003677,IN,,,,,,,,,,0
20,910003678,IN,,,,,,,,,,0
20,910003679,IN,,,,,,,,,,0
20,910003680,IN,,,,,,,,,,0
20,910003681,IN,,,,,,,,,,0
20,910003683,IN,,,,,,,,,,0
20,910003684,IN,,,,,,,,,,0
20,910003685,IN,,,,,,,,,,0
20,910003692,IN,,,,,,,,,,0
20,910003695,IN,,,,,,,,,,0
20,910003696,IN,,,,,,,,,,0
20,910003697,IN,,,,,,,,,,0
20,910003704,IN,,,,,,,,,,0
20,910003706,IN,,,,,,,,,,0
20,910003707,IN,,,,,,,,,,0
20,910003708,IN,,,,,,,,,,0
20,910003710,IN,,,,,,,,,,0
20,910003711,IN,,,,,,,,,,0
20,910003713,IN,,,,,,,,,,0
20,910003715,IN,,,,,,,,,,0
20,910003716,IN,,,,,,,,,,0
20,910003717,IN,,,,,,,,,,0
20,910003724,IN,,,,,,,,,,0
20,910003725,IN,,,,,,,,,,0
20,910003726,IN,,,,,,,,,,0
20,910003727,IN,,,,,,,,,,0
20,910003728,IN,,,,,,,,,,0
20,910003732,IN,,,,,,,,,,0
20,910003733,IN,,,,,,,,,,0
20,910003735,IN,,,,,,,,,,0
20,910003736,IN,,,,,,,,,,0
20,910003740,IN,,,,,,,,,,0
20,910003741,IN,,,,,,,,,,0
20,910003742,IN,,,,,,,,,,0
20,910003743,IN,,,,,,,,,,0
20,910003744,IN,,,,,,,,,,0
20,910003745,IN,,,,,,,,,,0
20,910003747,IN,,,,,,,,,,0
20,910003749,IN,,,,,,,,,,0
20,910003750,IN,,,,,,,,,,0
20,910003751,IN,,,,,,,,,,0
20,910003752,IN,,,,,,,,,,0
20,910003753,IN,,,,,,,,,,0
20,910003754,IN,,,,,,,,,,0
20,910003756,IN,,,,,,,,,,0
20,910003758,IN,,,,,,,,,,0
20,910003759,IN,,,,,,,,,,0
20,910003760,IN,,,,,,,,,,0
20,910003764,IN,,,,,,,,,,0
20,910003765,IN,,,,,,,,,,0
20,910003766,IN,,,,,,,,,,0
20,910003768,IN,,,,,,,,,,0
20,910003769,IN,,,,,,,,,,0
20,910003771,IN,,,,,,,,,,0
20,910003773,IN,,,,,,,,,,0
20,910003774,IN,,,,,,,,,,0
20,910003775,IN,,,,,,,,,,0
20,910003777,IN,,,,,,,,,,0
20,910003778,IN,,,,,,,,,,0
20,910003780,IN,,,,,,,,,,0
20,910003786,IN,,,,,,,,,,0
20,910003788,IN,,,,,,,,,,0
20,910003789,IN,,,,,,,,,,0
20,910003790,IN,,,,,,,,,,0
20,910003792,IN,,,,,,,,,,0
20,910003839,IN,,,,,,,,,,0
20,910003847,IN,,,,,,,,,,0
20,910003848,IN,,,,,,,,,,0
20,910003849,IN,,,,,,,,,,0
20,910003854,IN,,,,,,,,,,0
20,910003855,IN,,,,,,,,,,0
20,910003856,IN,,,,,,,,,,0
20,910003859,IN,,,,,,,,,,0
20,910003860,IN,,,,,,,,,,0
20,910003862,IN,,,,,,,,,,0
20,910003863,IN,,,,,,,,,,0
20,910003865,IN,,,,,,,,,,0
20,910003867,IN,,,,,,,,,,0
20,910003868,IN,,,,,,,,,,0
20,910003869,IN,,,,,,,,,,0
20,910003870,IN,,,,,,,,,,0
20,910003875,IN,,,,,,,,,,0
20,910003877,IN,,,,,,,,,,0
20,910003880,IN,,,,,,,,,,0
20,910003881,IN,,,,,,,,,,0
20,910003884,IN,,,,,,,,,,0
20,910003885,IN,,,,,,,,,,0
20,910003886,IN,,,,,,,,,,0
20,910003887,IN,,,,,,,,,,0
20,910003888,IN,,,,,,,,,,0
20,910003889,IN,,,,,,,,,,0
20,910003890,IN,,,,,,,,,,0
20,910003891,IN,,,,,,,,,,0
20,910003892,IN,,,,,,,,,,0
20,910003894,IN,,,,,,,,,,0
20,910003895,IN,,,,,,,,,,0
20,910003899,IN,,,,,,,,,,0
20,910003900,IN,,,,,,,,,,0
20,910003901,IN,,,,,,,,,,0
20,910003905,IN,,,,,,,,,,0
20,910003908,IN,,,,,,,,,,0
20,910003912,IN,,,,,,,,,,0
20,910003913,IN,,,,,,,,,,0
20,910003914,IN,,,,,,,,,,0
20,910003915,IN,,,,,,,,,,0
20,910003918,IN,,,,,,,,,,0
20,910003920,IN,,,,,,,,,,0
20,910003922,IN,,,,,,,,,,0
20,910003924,IN,,,,,,,,,,0
20,910003927,IN,,,,,,,,,,0
20,910003929,IN,,,,,,,,,,0
20,910003930,IN,,,,,,,,,,0
20,910003931,IN,,,,,,,,,,0
20,910003933,IN,,,,,,,,,,0
20,910003934,IN,,,,,,,,,,0
20,910003935,IN,,,,,,,,,,0
20,910003936,IN,,,,,,,,,,0
20,910003937,IN,,,,,,,,,,0
20,910003938,IN,,,,,,,,,,0
20,910003941,IN,,,,,,,,,,0
20,910003943,IN,,,,,,,,,,0
20,910003944,IN,,,,,,,,,,0
20,910003946,IN,,,,,,,,,,0
20,910003947,IN,,,,,,,,,,0
20,910003948,IN,,,,,,,,,,0
20,910003950,IN,,,,,,,,,,0
20,110001716,IN,,,,,,,,,,0
20,110001719,IN,,,,,,,,,,0
20,110001720,IN,,,,,,,,,,0
20,110001725,IN,,,,,,,,,,0
20,110001726,IN,,,,,,,,,,0
20,110001727,IN,,,,,,,,,,0
20,110001728,IN,,,,,,,,,,0
20,110001743,IN,,,,,,,,,,0
20,110001744,IN,,,,,,,,,,0
20,110001746,IN,,,,,,,,,,0
20,110001747,IN,,,,,,,,,,0
20,110001749,IN,,,,,,,,,,0
20,110001750,IN,,,,,,,,,,0
20,110001753,IN,,,,,,,,,,0
20,110001757,IN,,,,,,,,,,0
20,110001758,IN,,,,,,,,,,0
20,110001760,IN,,,,,,,,,,0
20,110001761,IN,,,,,,,,,,0
20,110001762,IN,,,,,,,,,,0
20,110001763,IN,,,,,,,,,,0
20,110001766,IN,,,,,,,,,,0
20,110001767,IN,,,,,,,,,,0
20,110001768,IN,,,,,,,,,,0
20,110001769,IN,,,,,,,,,,0
20,110001775,IN,,,,,,,,,,0
20,110001776,IN,,,,,,,,,,0
20,110001777,IN,,,,,,,,,,0
20,110001781,IN,,,,,,,,,,0
20,110001782,IN,,,,,,,,,,0
20,110001791,IN,,,,,,,,,,0
20,110001794,IN,,,,,,,,,,0
20,110001795,IN,,,,,,,,,,0
20,110001796,IN,,,,,,,,,,0
20,110001800,IN,,,,,,,,,,0
20,110001811,IN,,,,,,,,,,0
20,110001816,IN,,,,,,,,,,0
20,110001822,IN,,,,,,,,,,0
20,110001827,IN,,,,,,,,,,0
20,110001831,IN,,,,,,,,,,0
20,110001832,IN,,,,,,,,,,0
20,110001834,IN,,,,,,,,,,0
20,110001836,IN,,,,,,,,,,0
20,110001837,IN,,,,,,,,,,0
20,110001838,IN,,,,,,,,,,0
20,110001840,IN,,,,,,,,,,0
20,110001842,IN,,,,,,,,,,0
20,110001845,IN,,,,,,,,,,0
20,110001846,IN,,,,,,,,,,0
20,110001848,IN,,,,,,,,,,0
20,110001850,IN,,,,,,,,,,0
20,110001857,IN,,,,,,,,,,0
20,110001859,IN,,,,,,,,,,0
20,110001861,IN,,,,,,,,,,0
20,110001865,IN,,,,,,,,,,0
20,110001867,IN,,,,,,,,,,0
20,110001868,IN,,,,,,,,,,0
20,110001879,IN,,,,,,,,,,0
20,110001881,IN,,,,,,,,,,0
20,110001882,IN,,,,,,,,,,0
20,110001886,IN,,,,,,,,,,0
20,110001888,IN,,,,,,,,,,0
20,110001889,IN,,,,,,,,,,0
20,110001891,IN,,,,,,,,,,0
20,110001892,IN,,,,,,,,,,0
20,110001893,IN,,,,,,,,,,0
20,110001895,IN,,,,,,,,,,0
20,110001896,IN,,,,,,,,,,0
20,110001898,IN,,,,,,,,,,0
20,110001899,IN,,,,,,,,,,0
20,110001900,IN,,,,,,,,,,0
20,110001911,IN,,,,,,,,,,0
20,110001916,IN,,,,,,,,,,0
20,110001920,IN,,,,,,,,,,0
20,110001921,IN,,,,,,,,,,0
20,110001926,IN,,,,,,,,,,0
20,110001927,IN,,,,,,,,,,0
20,110001929,IN,,,,,,,,,,0
20,110001930,IN,,,,,,,,,,0
20,110001931,IN,,,,,,,,,,0
20,110001933,IN,,,,,,,,,,0
20,110001935,IN,,,,,,,,,,0
20,110001937,IN,,,,,,,,,,0
20,110001938,IN,,,,,,,,,,0
20,110001939,IN,,,,,,,,,,0
20,110001940,IN,,,,,,,,,,0
20,110001941,IN,,,,,,,,,,0
20,110001942,IN,,,,,,,,,,0
20,110001943,IN,,,,,,,,,,0
20,110001944,IN,,,,,,,,,,0
20,110001946,IN,,,,,,,,,,0
20,110001950,IN,,,,,,,,,,0
20,110001952,IN,,,,,,,,,,0
20,110001953,IN,,,,,,,,,,0
20,110001962,IN,,,,,,,,,,0
20,110001963,IN,,,,,,,,,,0
20,110001967,IN,,,,,,,,,,0
20,110001968,IN,,,,,,,,,,0
20,110001969,IN,,,,,,,,,,0
20,110001970,IN,,,,,,,,,,0
20,110001974,IN,,,,,,,,,,0
20,110001975,IN,,,,,,,,,,0
20,110001978,IN,,,,,,,,,,0
20,110001989,IN,,,,,,,,,,0
20,110001991,IN,,,,,,,,,,0
20,110001992,IN,,,,,,,,,,0
20,110001994,IN,,,,,,,,,,0
20,110001996,IN,,,,,,,,,,0
20,110001998,IN,,,,,,,,,,0
20,110001999,IN,,,,,,,,,,0
20,110002000,IN,,,,,,,,,,0
20,110002004,IN,,,,,,,,,,0
20,110002018,IN,,,,,,,,,,0
20,110002019,IN,,,,,,,,,,0
20,110002022,IN,,,,,,,,,,0
20,110002023,IN,,,,,,,,,,0
20,110002024,IN,,,,,,,,,,0
20,110002025,IN,,,,,,,,,,0
20,110002026,IN,,,,,,,,,,0
20,110002029,IN,,,,,,,,,,0
20,110002030,IN,,,,,,,,,,0
20,110002031,IN,,,,,,,,,,0
20,110002033,IN,,,,,,,,,,0
20,110002035,IN,,,,,,,,,,0
20,110002036,IN,,,,,,,,,,0
20,110002037,IN,,,,,,,,,,0
20,110002038,IN,,,,,,,,,,0
20,110002049,IN,,,,,,,,,,0
20,110002050,IN,,,,,,,,,,0
20,110002051,IN,,,,,,,,,,0
20,110002052,IN,,,,,,,,,,0
20,110002053,IN,,,,,,,,,,0
20,110002054,IN,,,,,,,,,,0
20,110002058,IN,,,,,,,,,,0
20,110002060,IN,,,,,,,,,,0
20,110002065,IN,,,,,,,,,,0
20,110002066,IN,,,,,,,,,,0
20,510020671IN01,IN,,,,,,,,,,0
20,510020672IN01,IN,,,,,,,,,,0
20,911306693,IN,,,,,,,,,,0
20,514444895IN02,IN,,,,,,,,,,0
20,110002800,IN,,,,,,,,,,0
20,110002801,IN,,,,,,,,,,0
20,110002802,IN,,,,,,,,,,0
20,110002803,IN,,,,,,,,,,0
20,110002804,IN,,,,,,,,,,0
20,110002805,IN,,,,,,,,,,0
20,110002807,IN,,,,,,,,,,0
20,110002808,IN,,,,,,,,,,0
20,110002818,IN,,,,,,,,,,0
20,110002819,IN,,,,,,,,,,0
20,110002820,IN,,,,,,,,,,0
20,110002821,IN,,,,,,,,,,0
20,110002822,IN,,,,,,,,,,0
20,110002825,IN,,,,,,,,,,0
20,110002826,IN,,,,,,,,,,0
20,110002827,IN,,,,,,,,,,0
20,110002828,IN,,,,,,,,,,0
20,110002832,IN,,,,,,,,,,0
20,110002834,IN,,,,,,,,,,0
20,110002836,IN,,,,,,,,,,0
20,110002837,IN,,,,,,,,,,0
20,110002839,IN,,,,,,,,,,0
20,110002840,IN,,,,,,,,,,0
20,110002841,IN,,,,,,,,,,0
20,110002844,IN,,,,,,,,,,0
20,110002845,IN,,,,,,,,,,0
20,110002846,IN,,,,,,,,,,0
20,110002847,IN,,,,,,,,,,0
20,110002850,IN,,,,,,,,,,0
20,110002851,IN,,,,,,,,,,0
20,110002853,IN,,,,,,,,,,0
20,110002854,IN,,,,,,,,,,0
20,110002855,IN,,,,,,,,,,0
20,110002856,IN,,,,,,,,,,0
20,110002857,IN,,,,,,,,,,0
20,110002859,IN,,,,,,,,,,0
20,110002860,IN,,,,,,,,,,0
20,110002861,IN,,,,,,,,,,0
20,110002862,IN,,,,,,,,,,0
20,110002863,IN,,,,,,,,,,0
20,110002864,IN,,,,,,,,,,0
20,110002865,IN,,,,,,,,,,0
20,110002867,IN,,,,,,,,,,0
20,110002870,IN,,,,,,,,,,0
20,110002871,IN,,,,,,,,,,0
20,110002874,IN,,,,,,,,,,0
20,110002875,IN,,,,,,,,,,0
20,110002880,IN,,,,,,,,,,0
20,110002881,IN,,,,,,,,,,0
20,110002882,IN,,,,,,,,,,0
20,110002884,IN,,,,,,,,,,0
20,110002886,IN,,,,,,,,,,0
20,110002887,IN,,,,,,,,,,0
20,110002888,IN,,,,,,,,,,0
20,110002889,IN,,,,,,,,,,0
20,110002890,IN,,,,,,,,,,0
20,110002891,IN,,,,,,,,,,0
20,110002892,IN,,,,,,,,,,0
20,110002893,IN,,,,,,,,,,0
20,110002894,IN,,,,,,,,,,0
20,110002897,IN,,,,,,,,,,0
20,110002898,IN,,,,,,,,,,0
20,110002899,IN,,,,,,,,,,0
20,110002900,IN,,,,,,,,,,0
20,110002901,IN,,,,,,,,,,0
20,110002903,IN,,,,,,,,,,0
20,110002904,IN,,,,,,,,,,0
20,110002905,IN,,,,,,,,,,0
20,110002906,IN,,,,,,,,,,0
20,110002907,IN,,,,,,,,,,0
20,110002910,IN,,,,,,,,,,0
20,110002911,IN,,,,,,,,,,0
20,110002912,IN,,,,,,,,,,0
20,110002923,IN,,,,,,,,,,0
20,110002926,IN,,,,,,,,,,0
20,110002933,IN,,,,,,,,,,0
20,110002936,IN,,,,,,,,,,0
20,110002939,IN,,,,,,,,,,0
20,110002940,IN,,,,,,,,,,0
20,110002944,IN,,,,,,,,,,0
20,110002947,IN,,,,,,,,,,0
20,110002948,IN,,,,,,,,,,0
20,110002951,IN,,,,,,,,,,0
20,110002952,IN,,,,,,,,,,0
20,110002954,IN,,,,,,,,,,0
20,110002956,IN,,,,,,,,,,0
20,110002959,IN,,,,,,,,,,0
20,110002960,IN,,,,,,,,,,0
20,110002961,IN,,,,,,,,,,0
20,110002963,IN,,,,,,,,,,0
20,110002964,IN,,,,,,,,,,0
20,110002965,IN,,,,,,,,,,0
20,110002966,IN,,,,,,,,,,0
20,110002969,IN,,,,,,,,,,0
20,110002973,IN,,,,,,,,,,0
20,110002974,IN,,,,,,,,,,0
20,110002978,IN,,,,,,,,,,0
20,110002979,IN,,,,,,,,,,0
20,110002980,IN,,,,,,,,,,0
20,110002981,IN,,,,,,,,,,0
20,110002986,IN,,,,,,,,,,0
20,110002988,IN,,,,,,,,,,0
20,110002989,IN,,,,,,,,,,0
20,110002990,IN,,,,,,,,,,0
20,110002991,IN,,,,,,,,,,0
20,110002992,IN,,,,,,,,,,0
20,110002996,IN,,,,,,,,,,0
20,110002997,IN,,,,,,,,,,0
20,110003002,IN,,,,,,,,,,0
20,110003005,IN,,,,,,,,,,0
20,110003006,IN,,,,,,,,,,0
20,110003007,IN,,,,,,,,,,0
20,110003009,IN,,,,,,,,,,0
20,110003010,IN,,,,,,,,,,0
20,110003011,IN,,,,,,,,,,0
20,110003012,IN,,,,,,,,,,0
20,110003015,IN,,,,,,,,,,0
20,110003017,IN,,,,,,,,,,0
20,110003020,IN,,,,,,,,,,0
20,110003026,IN,,,,,,,,,,0
20,110003028,IN,,,,,,,,,,0
20,110003029,IN,,,,,,,,,,0
20,110003030,IN,,,,,,,,,,0
20,110003031,IN,,,,,,,,,,0
20,110003032,IN,,,,,,,,,,0
20,110003033,IN,,,,,,,,,,0
20,110003034,IN,,,,,,,,,,0
20,110003035,IN,,,,,,,,,,0
20,110003036,IN,,,,,,,,,,0
20,110003037,IN,,,,,,,,,,0
20,110003038,IN,,,,,,,,,,0
20,110003039,IN,,,,,,,,,,0
20,110020050,IN,,,,,,,,,,0
20,110020051,IN,,,,,,,,,,0
20,110020052,IN,,,,,,,,,,0
20,110020055,IN,,,,,,,,,,0
20,110020057,IN,,,,,,,,,,0
20,110020058,IN,,,,,,,,,,0
20,110020061,IN,,,,,,,,,,0
20,110020063,IN,,,,,,,,,,0
20,110020064,IN,,,,,,,,,,0
20,110020067,IN,,,,,,,,,,0
20,110020068,IN,,,,,,,,,,0
20,110020069,IN,,,,,,,,,,0
20,110020070,IN,,,,,,,,,,0
20,110020071,IN,,,,,,,,,,0
20,110020072,IN,,,,,,,,,,0
20,110020076,IN,,,,,,,,,,0
20,110020078,IN,,,,,,,,,,0
20,110020080,IN,,,,,,,,,,0
20,110020082,IN,,,,,,,,,,0
20,110020084,IN,,,,,,,,,,0
20,110020086,IN,,,,,,,,,,0
20,110020087,IN,,,,,,,,,,0
20,110020088,IN,,,,,,,,,,0
20,110020089,IN,,,,,,,,,,0
20,110020090,IN,,,,,,,,,,0
20,110020091,IN,,,,,,,,,,0
20,110020092,IN,,,,,,,,,,0
20,110020093,IN,,,,,,,,,,0
20,110020094,IN,,,,,,,,,,0
20,110020096,IN,,,,,,,,,,0
20,110020097,IN,,,,,,,,,,0
20,110020098,IN,,,,,,,,,,0
20,110020099,IN,,,,,,,,,,0
20,110020100,IN,,,,,,,,,,0
20,110020102,IN,,,,,,,,,,0
20,110020103,IN,,,,,,,,,,0
20,110020105,IN,,,,,,,,,,0
20,110020106,IN,,,,,,,,,,0
20,110020107,IN,,,,,,,,,,0
20,110020108,IN,,,,,,,,,,0
20,110020109,IN,,,,,,,,,,0
20,110020110,IN,,,,,,,,,,0
20,110020111,IN,,,,,,,,,,0
20,110020112,IN,,,,,,,,,,0
20,110020113,IN,,,,,,,,,,0
20,110020114,IN,,,,,,,,,,0
20,110020117,IN,,,,,,,,,,0
20,110020118,IN,,,,,,,,,,0
20,110020123,IN,,,,,,,,,,0
20,110020130,IN,,,,,,,,,,0
20,110020139,IN,,,,,,,,,,0
20,110020140,IN,,,,,,,,,,0
20,110020142,IN,,,,,,,,,,0
20,110020143,IN,,,,,,,,,,0
20,110020144,IN,,,,,,,,,,0
20,110020145,IN,,,,,,,,,,0
20,110020146,IN,,,,,,,,,,0
20,110020147,IN,,,,,,,,,,0
20,110020148,IN,,,,,,,,,,0
20,110020149,IN,,,,,,,,,,0
20,110020150,IN,,,,,,,,,,0
20,110020151,IN,,,,,,,,,,0
20,110020152,IN,,,,,,,,,,0
20,110020153,IN,,,,,,,,,,0
20,110020155,IN,,,,,,,,,,0
20,110020156,IN,,,,,,,,,,0
20,110020157,IN,,,,,,,,,,0
20,110020160,IN,,,,,,,,,,0
20,110020162,IN,,,,,,,,,,0
20,110020169,IN,,,,,,,,,,0
20,110020170,IN,,,,,,,,,,0
20,110020171,IN,,,,,,,,,,0
20,110020172,IN,,,,,,,,,,0
20,110020201,IN,,,,,,,,,,0
20,110020205,IN,,,,,,,,,,0
20,110020211,IN,,,,,,,,,,0
20,110020213,IN,,,,,,,,,,0
20,110020226,IN,,,,,,,,,,0
20,110020232,IN,,,,,,,,,,0
20,110020233,IN,,,,,,,,,,0
20,110020234,IN,,,,,,,,,,0
20,110020235,IN,,,,,,,,,,0
20,110020236,IN,,,,,,,,,,0
20,110020237,IN,,,,,,,,,,0
20,110020238,IN,,,,,,,,,,0
20,110020252,IN,,,,,,,,,,0
20,110020258,IN,,,,,,,,,,0
20,110030037,IN,,,,,,,,,,0
20,110030039,IN,,,,,,,,,,0
20,110030040,IN,,,,,,,,,,0
20,110030043,IN,,,,,,,,,,0
20,110030048,IN,,,,,,,,,,0
20,110030050,IN,,,,,,,,,,0
20,110030056,IN,,,,,,,,,,0
20,110030057,IN,,,,,,,,,,0
20,110030070,IN,,,,,,,,,,0
20,110030072,IN,,,,,,,,,,0
20,110030074,IN,,,,,,,,,,0
20,110030076,IN,,,,,,,,,,0
20,110030077,IN,,,,,,,,,,0
20,110030078,IN,,,,,,,,,,0
20,110030079,IN,,,,,,,,,,0
20,110030081,IN,,,,,,,,,,0
20,110030082,IN,,,,,,,,,,0
20,110030083,IN,,,,,,,,,,0
20,110030086,IN,,,,,,,,,,0
20,110030087,IN,,,,,,,,,,0
20,110030090,IN,,,,,,,,,,0
20,110030091,IN,,,,,,,,,,0
20,110030092,IN,,,,,,,,,,0
20,110030093,IN,,,,,,,,,,0
20,110030094,IN,,,,,,,,,,0
20,110030097,IN,,,,,,,,,,0
20,110030099,IN,,,,,,,,,,0
20,110030100,IN,,,,,,,,,,0
20,110030103,IN,,,,,,,,,,0
20,110030105,IN,,,,,,,,,,0
20,110030106,IN,,,,,,,,,,0
20,110030107,IN,,,,,,,,,,0
20,110030108,IN,,,,,,,,,,0
20,110030109,IN,,,,,,,,,,0
20,110030115,IN,,,,,,,,,,0
20,110030116,IN,,,,,,,,,,0
20,110030117,IN,,,,,,,,,,0
20,110030118,IN,,,,,,,,,,0
20,110030119,IN,,,,,,,,,,0
20,110030121,IN,,,,,,,,,,0
20,110030122,IN,,,,,,,,,,0
20,110030128,IN,,,,,,,,,,0
20,110030134,IN,,,,,,,,,,0
20,110030135,IN,,,,,,,,,,0
20,110030137,IN,,,,,,,,,,0
20,110030140,IN,,,,,,,,,,0
20,110030143,IN,,,,,,,,,,0
20,110030144,IN,,,,,,,,,,0
20,110030145,IN,,,,,,,,,,0
20,110250120,IN,,,,,,,,,,0
20,110250123,IN,,,,,,,,,,0
20,110250124,IN,,,,,,,,,,0
20,110250125,IN,,,,,,,,,,0
20,110250126,IN,,,,,,,,,,0
20,110250127,IN,,,,,,,,,,0
20,110250128,IN,,,,,,,,,,0
20,110250129,IN,,,,,,,,,,0
20,110250130,IN,,,,,,,,,,0
20,110250131,IN,,,,,,,,,,0
20,110250132,IN,,,,,,,,,,0
20,110250133,IN,,,,,,,,,,0
20,110250134,IN,,,,,,,,,,0
20,110250135,IN,,,,,,,,,,0
20,110250136,IN,,,,,,,,,,0
20,110250137,IN,,,,,,,,,,0
20,110250138,IN,,,,,,,,,,0
20,110250139,IN,,,,,,,,,,0
20,110250140,IN,,,,,,,,,,0
20,110250141,IN,,,,,,,,,,0
20,110250142,IN,,,,,,,,,,0
20,110250143,IN,,,,,,,,,,0
20,110250144,IN,,,,,,,,,,0
20,110250145,IN,,,,,,,,,,0
20,110250146,IN,,,,,,,,,,0
20,110250147,IN,,,,,,,,,,0
20,110250148,IN,,,,,,,,,,0
20,110250149,IN,,,,,,,,,,0
20,110250151,IN,,,,,,,,,,0
20,110250152,IN,,,,,,,,,,0
20,110250153,IN,,,,,,,,,,0
20,110250154,IN,,,,,,,,,,0
20,110250156,IN,,,,,,,,,,0
20,110250157,IN,,,,,,,,,,0
20,110250158,IN,,,,,,,,,,0
20,110250159,IN,,,,,,,,,,0
20,110250160,IN,,,,,,,,,,0
20,110250161,IN,,,,,,,,,,0
20,110250162,IN,,,,,,,,,,0
20,110250163,IN,,,,,,,,,,0
20,110250164,IN,,,,,,,,,,0
20,110250165,IN,,,,,,,,,,0
20,110250166,IN,,,,,,,,,,0
20,110250167,IN,,,,,,,,,,0
20,110250169,IN,,,,,,,,,,0
20,110250170,IN,,,,,,,,,,0
20,110250171,IN,,,,,,,,,,0
20,110250172,IN,,,,,,,,,,0
20,110250173,IN,,,,,,,,,,0
20,110250174,IN,,,,,,,,,,0
20,110250175,IN,,,,,,,,,,0
20,110250176,IN,,,,,,,,,,0
20,110250177,IN,,,,,,,,,,0
20,110250178,IN,,,,,,,,,,0
20,110250179,IN,,,,,,,,,,0
20,110250180,IN,,,,,,,,,,0
20,110250181,IN,,,,,,,,,,0
20,110250182,IN,,,,,,,,,,0
20,110250183,IN,,,,,,,,,,0
20,110250184,IN,,,,,,,,,,0
20,110250185,IN,,,,,,,,,,0
20,110250186,IN,,,,,,,,,,0
20,110250187,IN,,,,,,,,,,0
20,110250188,IN,,,,,,,,,,0
20,110250189,IN,,,,,,,,,,0
20,110250190,IN,,,,,,,,,,0
20,110250191,IN,,,,,,,,,,0
20,110250192,IN,,,,,,,,,,0
20,110250193,IN,,,,,,,,,,0
20,110250194,IN,,,,,,,,,,0
20,110250195,IN,,,,,,,,,,0
20,110250196,IN,,,,,,,,,,0
20,110250197,IN,,,,,,,,,,0
20,110250198,IN,,,,,,,,,,0
20,110250199,IN,,,,,,,,,,0
20,110250200,IN,,,,,,,,,,0
20,110250201,IN,,,,,,,,,,0
20,110250202,IN,,,,,,,,,,0
20,110250203,IN,,,,,,,,,,0
20,110250204,IN,,,,,,,,,,0
20,110250205,IN,,,,,,,,,,0
20,110250206,IN,,,,,,,,,,0
20,110250207,IN,,,,,,,,,,0
20,110250208,IN,,,,,,,,,,0
20,110250209,IN,,,,,,,,,,0
20,110250210,IN,,,,,,,,,,0
20,110250211,IN,,,,,,,,,,0
20,110250212,IN,,,,,,,,,,0
20,110250213,IN,,,,,,,,,,0
20,110250214,IN,,,,,,,,,,0
20,110250215,IN,,,,,,,,,,0
20,110250216,IN,,,,,,,,,,0
20,110250217,IN,,,,,,,,,,0
20,110250219,IN,,,,,,,,,,0
20,110250220,IN,,,,,,,,,,0
20,110250221,IN,,,,,,,,,,0
20,110250222,IN,,,,,,,,,,0
20,110250223,IN,,,,,,,,,,0
20,110250224,IN,,,,,,,,,,0
20,110250225,IN,,,,,,,,,,0
20,110250226,IN,,,,,,,,,,0
20,110250227,IN,,,,,,,,,,0
20,110250228,IN,,,,,,,,,,0
20,110250229,IN,,,,,,,,,,0
20,110250230,IN,,,,,,,,,,0
20,110250231,IN,,,,,,,,,,0
20,110250232,IN,,,,,,,,,,0
20,110250233,IN,,,,,,,,,,0
20,110250234,IN,,,,,,,,,,0
20,110250235,IN,,,,,,,,,,0
20,110250236,IN,,,,,,,,,,0
20,110250239,IN,,,,,,,,,,0
20,110250241,IN,,,,,,,,,,0
20,110250242,IN,,,,,,,,,,0
20,110250243,IN,,,,,,,,,,0
20,110250244,IN,,,,,,,,,,0
20,110250245,IN,,,,,,,,,,0
20,110250246,IN,,,,,,,,,,0
20,110250247,IN,,,,,,,,,,0
20,110250248,IN,,,,,,,,,,0
20,110250249,IN,,,,,,,,,,0
20,110250250,IN,,,,,,,,,,0
20,110250251,IN,,,,,,,,,,0
20,110250252,IN,,,,,,,,,,0
20,110250253,IN,,,,,,,,,,0
20,110260001,IN,,,,,,,,,,0
20,110260002,IN,,,,,,,,,,0
20,110270002,IN,,,,,,,,,,0
20,110270006,IN,,,,,,,,,,0
20,110270008,IN,,,,,,,,,,0
20,110270011,IN,,,,,,,,,,0
20,110270012,IN,,,,,,,,,,0
20,110270013,IN,,,,,,,,,,0
20,110270027,IN,,,,,,,,,,0
20,110270036,IN,,,,,,,,,,0
20,110270037,IN,,,,,,,,,,0
20,110460013,IN,,,,,,,,,,0
20,110460014,IN,,,,,,,,,,0
20,110460015,IN,,,,,,,,,,0
20,110460016,IN,,,,,,,,,,0
20,110460017,IN,,,,,,,,,,0
20,110460018,IN,,,,,,,,,,0
20,110460019,IN,,,,,,,,,,0
20,110460020,IN,,,,,,,,,,0
20,110460021,IN,,,,,,,,,,0
20,110460022,IN,,,,,,,,,,0
20,110460023,IN,,,,,,,,,,0
20,110460024,IN,,,,,,,,,,0
20,110460025,IN,,,,,,,,,,0
20,110460026,IN,,,,,,,,,,0
20,110460027,IN,,,,,,,,,,0
20,110470001,IN,,,,,,,,,,0
20,110470005,IN,,,,,,,,,,0
20,110470009,IN,,,,,,,,,,0
20,110470013,IN,,,,,,,,,,0
20,110470014,IN,,,,,,,,,,0
20,110470015,IN,,,,,,,,,,0
20,110470018,IN,,,,,,,,,,0
20,110470019,IN,,,,,,,,,,0
20,110470020,IN,,,,,,,,,,0
20,110470021,IN,,,,,,,,,,0
20,110470022,IN,,,,,,,,,,0
20,110470025,IN,,,,,,,,,,0
20,110470026,IN,,,,,,,,,,0
20,110470028,IN,,,,,,,,,,0
20,110470029,IN,,,,,,,,,,0
20,110470030,IN,,,,,,,,,,0
20,110470031,IN,,,,,,,,,,0
20,110470032,IN,,,,,,,,,,0
20,110470033,IN,,,,,,,,,,0
20,110470035,IN,,,,,,,,,,0
20,110470036,IN,,,,,,,,,,0
20,110470041,IN,,,,,,,,,,0
20,110470042,IN,,,,,,,,,,0
20,110470043,IN,,,,,,,,,,0
20,110470044,IN,,,,,,,,,,0
20,110470045,IN,,,,,,,,,,0
20,110470046,IN,,,,,,,,,,0
20,110470048,IN,,,,,,,,,,0
20,110470050,IN,,,,,,,,,,0
20,110470053,IN,,,,,,,,,,0
20,110470054,IN,,,,,,,,,,0
20,110470055,IN,,,,,,,,,,0
20,110470056,IN,,,,,,,,,,0
20,110470058,IN,,,,,,,,,,0
20,110470065,IN,,,,,,,,,,0
20,110470072,IN,,,,,,,,,,0
20,110470073,IN,,,,,,,,,,0
20,110470074,IN,,,,,,,,,,0
20,110470075,IN,,,,,,,,,,0
20,110470078,IN,,,,,,,,,,0
20,110470083,IN,,,,,,,,,,0
20,110470086,IN,,,,,,,,,,0
20,110470087,IN,,,,,,,,,,0
20,110470120,IN,,,,,,,,,,0
20,110470134,IN,,,,,,,,,,0
20,110470135,IN,,,,,,,,,,0
20,110470137,IN,,,,,,,,,,0
20,110470138,IN,,,,,,,,,,0
20,110470139,IN,,,,,,,,,,0
20,110470140,IN,,,,,,,,,,0
20,110470141,IN,,,,,,,,,,0
20,110470142,IN,,,,,,,,,,0
20,110470143,IN,,,,,,,,,,0
20,110470149,IN,,,,,,,,,,0
20,110470156,IN,,,,,,,,,,0
20,110470158,IN,,,,,,,,,,0
20,110470167,IN,,,,,,,,,,0
20,110470169,IN,,,,,,,,,,0
20,110470170,IN,,,,,,,,,,0
20,110470171,IN,,,,,,,,,,0
20,110470172,IN,,,,,,,,,,0
20,110470173,IN,,,,,,,,,,0
20,110470188,IN,,,,,,,,,,0
20,110470190,IN,,,,,,,,,,0
20,110470192,IN,,,,,,,,,,0
20,110470193,IN,,,,,,,,,,0
20,110470195,IN,,,,,,,,,,0
20,110470196,IN,,,,,,,,,,0
20,110470198,IN,,,,,,,,,,0
20,110470201,IN,,,,,,,,,,0
20,110470202,IN,,,,,,,,,,0
20,110470211,IN,,,,,,,,,,0
20,110470214,IN,,,,,,,,,,0
20,110470217,IN,,,,,,,,,,0
20,110470219,IN,,,,,,,,,,0
20,110470220,IN,,,,,,,,,,0
20,110470222,IN,,,,,,,,,,0
20,110470226,IN,,,,,,,,,,0
20,110470228,IN,,,,,,,,,,0
20,110470238,IN,,,,,,,,,,0
20,110470239,IN,,,,,,,,,,0
20,110470240,IN,,,,,,,,,,0
20,110470241,IN,,,,,,,,,,0
20,110470242,IN,,,,,,,,,,0
20,110470243,IN,,,,,,,,,,0
20,110470251,IN,,,,,,,,,,0
20,110470255,IN,,,,,,,,,,0
20,110470257,IN,,,,,,,,,,0
20,110470259,IN,,,,,,,,,,0
20,110470269,IN,,,,,,,,,,0
20,110470280,IN,,,,,,,,,,0
20,110470296,IN,,,,,,,,,,0
20,110470298,IN,,,,,,,,,,0
20,110470299,IN,,,,,,,,,,0
20,110470304,IN,,,,,,,,,,0
20,110470323,IN,,,,,,,,,,0
20,110470324,IN,,,,,,,,,,0
20,110470325,IN,,,,,,,,,,0
20,110470328,IN,,,,,,,,,,0
20,110470329,IN,,,,,,,,,,0
20,110470337,IN,,,,,,,,,,0
20,110470342,IN,,,,,,,,,,0
20,110470345,IN,,,,,,,,,,0
20,110470348,IN,,,,,,,,,,0
20,110470349,IN,,,,,,,,,,0
20,110470350,IN,,,,,,,,,,0
20,110470352,IN,,,,,,,,,,0
20,110480003,IN,,,,,,,,,,0
20,110480004,IN,,,,,,,,,,0
20,110480005,IN,,,,,,,,,,0
20,110480006,IN,,,,,,,,,,0
20,110480007,IN,,,,,,,,,,0
20,110480008,IN,,,,,,,,,,0
20,110510002,IN,,,,,,,,,,0
20,110510004,IN,,,,,,,,,,0
20,110510006,IN,,,,,,,,,,0
20,110510010,IN,,,,,,,,,,0
20,110510011,IN,,,,,,,,,,0
20,110510012,IN,,,,,,,,,,0
20,110510014,IN,,,,,,,,,,0
20,110510015,IN,,,,,,,,,,0
20,210005152,IN,,,,,,,,,,0
20,210005153,IN,,,,,,,,,,0
20,210005154,IN,,,,,,,,,,0
20,210005155,IN,,,,,,,,,,0
20,210005156,IN,,,,,,,,,,0
20,210005157,IN,,,,,,,,,,0
20,210005158,IN,,,,,,,,,,0
20,210005159,IN,,,,,,,,,,0
20,210005160,IN,,,,,,,,,,0
20,210005161,IN,,,,,,,,,,0
20,210005162,IN,,,,,,,,,,0
20,210005163,IN,,,,,,,,,,0
20,210005164,IN,,,,,,,,,,0
20,210005165,IN,,,,,,,,,,0
20,210005166,IN,,,,,,,,,,0
20,210005167,IN,,,,,,,,,,0
20,210005168,IN,,,,,,,,,,0
20,210005169,IN,,,,,,,,,,0
20,210005170,IN,,,,,,,,,,0
20,210005171,IN,,,,,,,,,,0
20,210005172,IN,,,,,,,,,,0
20,210005173,IN,,,,,,,,,,0
20,210005174,IN,,,,,,,,,,0
20,210005175,IN,,,,,,,,,,0
20,210005176,IN,,,,,,,,,,0
20,210005177,IN,,,,,,,,,,0
20,210005178,IN,,,,,,,,,,0
20,210005179,IN,,,,,,,,,,0
20,210005180,IN,,,,,,,,,,0
20,210005181,IN,,,,,,,,,,0
20,210005182,IN,,,,,,,,,,0
20,210005183,IN,,,,,,,,,,0
20,210005184,IN,,,,,,,,,,0
20,210005185,IN,,,,,,,,,,0
20,210005186,IN,,,,,,,,,,0
20,210005187,IN,,,,,,,,,,0
20,210005188,IN,,,,,,,,,,0
20,210005189,IN,,,,,,,,,,0
20,210005190,IN,,,,,,,,,,0
20,210005191,IN,,,,,,,,,,0
20,210005192,IN,,,,,,,,,,0
20,210005193,IN,,,,,,,,,,0
20,210005195,IN,,,,,,,,,,0
20,210005196,IN,,,,,,,,,,0
20,210005197,IN,,,,,,,,,,0
20,210005198,IN,,,,,,,,,,0
20,210005199,IN,,,,,,,,,,0
20,210005200,IN,,,,,,,,,,0
20,210005201,IN,,,,,,,,,,0
20,210005202,IN,,,,,,,,,,0
20,210005203,IN,,,,,,,,,,0
20,210005204,IN,,,,,,,,,,0
20,210005206,IN,,,,,,,,,,0
20,210005207,IN,,,,,,,,,,0
20,210005208,IN,,,,,,,,,,0
20,210005209,IN,,,,,,,,,,0
20,210005210,IN,,,,,,,,,,0
20,210005211,IN,,,,,,,,,,0
20,210005212,IN,,,,,,,,,,0
20,210005213,IN,,,,,,,,,,0
20,210005214,IN,,,,,,,,,,0
20,210005215,IN,,,,,,,,,,0
20,210005216,IN,,,,,,,,,,0
20,210005217,IN,,,,,,,,,,0
20,210005218,IN,,,,,,,,,,0
20,210005219,IN,,,,,,,,,,0
20,210005220,IN,,,,,,,,,,0
20,210005221,IN,,,,,,,,,,0
20,210005222,IN,,,,,,,,,,0
20,210005223,IN,,,,,,,,,,0
20,210005224,IN,,,,,,,,,,0
20,210005225,IN,,,,,,,,,,0
20,210005226,IN,,,,,,,,,,0
20,210005227,IN,,,,,,,,,,0
20,210005228,IN,,,,,,,,,,0
20,210005229,IN,,,,,,,,,,0
20,210005230,IN,,,,,,,,,,0
20,210005231,IN,,,,,,,,,,0
20,210005232,IN,,,,,,,,,,0
20,210005233,IN,,,,,,,,,,0
20,210005234,IN,,,,,,,,,,0
20,210005235,IN,,,,,,,,,,0
20,210005236,IN,,,,,,,,,,0
20,210005237,IN,,,,,,,,,,0
20,210005238,IN,,,,,,,,,,0
20,210005239,IN,,,,,,,,,,0
20,210005240,IN,,,,,,,,,,0
20,210005241,IN,,,,,,,,,,0
20,210005242,IN,,,,,,,,,,0
20,210005243,IN,,,,,,,,,,0
20,210005244,IN,,,,,,,,,,0
20,210005245,IN,,,,,,,,,,0
20,210005246,IN,,,,,,,,,,0
20,210005247,IN,,,,,,,,,,0
20,210005248,IN,,,,,,,,,,0
20,210005249,IN,,,,,,,,,,0
20,210005250,IN,,,,,,,,,,0
20,210005251,IN,,,,,,,,,,0
20,210005252,IN,,,,,,,,,,0
20,210005253,IN,,,,,,,,,,0
20,210005254,IN,,,,,,,,,,0
20,210005255,IN,,,,,,,,,,0
20,210005256,IN,,,,,,,,,,0
20,210005257,IN,,,,,,,,,,0
20,210005258,IN,,,,,,,,,,0
20,210005259,IN,,,,,,,,,,0
20,210005260,IN,,,,,,,,,,0
20,210005261,IN,,,,,,,,,,0
20,210005262,IN,,,,,,,,,,0
20,210005263,IN,,,,,,,,,,0
20,210005264,IN,,,,,,,,,,0
20,210005265,IN,,,,,,,,,,0
20,210005266,IN,,,,,,,,,,0
20,210005267,IN,,,,,,,,,,0
20,210005268,IN,,,,,,,,,,0
20,210005269,IN,,,,,,,,,,0
20,210005270,IN,,,,,,,,,,0
20,210005271,IN,,,,,,,,,,0
20,210005272,IN,,,,,,,,,,0
20,210005273,IN,,,,,,,,,,0
20,210005274,IN,,,,,,,,,,0
20,210005275,IN,,,,,,,,,,0
20,210005276,IN,,,,,,,,,,0
20,210005277,IN,,,,,,,,,,0
20,210005278,IN,,,,,,,,,,0
20,210005279,IN,,,,,,,,,,0
20,210005280,IN,,,,,,,,,,0
20,210005281,IN,,,,,,,,,,0
20,210005282,IN,,,,,,,,,,0
20,210005283,IN,,,,,,,,,,0
20,210005284,IN,,,,,,,,,,0
20,210005285,IN,,,,,,,,,,0
20,210005286,IN,,,,,,,,,,0
20,210005287,IN,,,,,,,,,,0
20,210005288,IN,,,,,,,,,,0
20,210005289,IN,,,,,,,,,,0
20,310001636,IN,,,,,,,,,,0
20,310001637,IN,,,,,,,,,,0
20,310001638,IN,,,,,,,,,,0
20,310001639,IN,,,,,,,,,,0
20,310001641,IN,,,,,,,,,,0
20,310001642,IN,,,,,,,,,,0
20,310001643,IN,,,,,,,,,,0
20,310001644,IN,,,,,,,,,,0
20,310001645,IN,,,,,,,,,,0
20,310001647,IN,,,,,,,,,,0
20,310001649,IN,,,,,,,,,,0
20,310001650,IN,,,,,,,,,,0
20,310001651,IN,,,,,,,,,,0
20,310001652,IN,,,,,,,,,,0
20,310001653,IN,,,,,,,,,,0
20,310001655,IN,,,,,,,,,,0
20,310001659,IN,,,,,,,,,,0
20,310001661,IN,,,,,,,,,,0
20,310001662,IN,,,,,,,,,,0
20,310001663,IN,,,,,,,,,,0
20,310001665,IN,,,,,,,,,,0
20,310001666,IN,,,,,,,,,,0
20,310001667,IN,,,,,,,,,,0
20,310001668,IN,,,,,,,,,,0
20,310001669,IN,,,,,,,,,,0
20,310001671,IN,,,,,,,,,,0
20,310001672,IN,,,,,,,,,,0
20,310001673,IN,,,,,,,,,,0
20,310001675,IN,,,,,,,,,,0
20,310001676,IN,,,,,,,,,,0
20,310001677,IN,,,,,,,,,,0
20,310001678,IN,,,,,,,,,,0
20,310001679,IN,,,,,,,,,,0
20,310001680,IN,,,,,,,,,,0
20,310001681,IN,,,,,,,,,,0
20,310001682,IN,,,,,,,,,,0
20,310001683,IN,,,,,,,,,,0
20,310001684,IN,,,,,,,,,,0
20,310001685,IN,,,,,,,,,,0
20,310001686,IN,,,,,,,,,,0
20,310001687,IN,,,,,,,,,,0
20,310001688,IN,,,,,,,,,,0
20,310001689,IN,,,,,,,,,,0
20,310001690,IN,,,,,,,,,,0
20,310001691,IN,,,,,,,,,,0
20,310001692,IN,,,,,,,,,,0
20,310001693,IN,,,,,,,,,,0
20,310001694,IN,,,,,,,,,,0
20,310001695,IN,,,,,,,,,,0
20,310001696,IN,,,,,,,,,,0
20,310001697,IN,,,,,,,,,,0
20,310001698,IN,,,,,,,,,,0
20,310001699,IN,,,,,,,,,,0
20,310001700,IN,,,,,,,,,,0
20,310001701,IN,,,,,,,,,,0
20,310001702,IN,,,,,,,,,,0
20,310001704,IN,,,,,,,,,,0
20,310001705,IN,,,,,,,,,,0
20,310001706,IN,,,,,,,,,,0
20,310001707,IN,,,,,,,,,,0
20,310001708,IN,,,,,,,,,,0
20,310001709,IN,,,,,,,,,,0
20,310001710,IN,,,,,,,,,,0
20,310001714,IN,,,,,,,,,,0
20,310001715,IN,,,,,,,,,,0
20,310001726,IN,,,,,,,,,,0
20,310001728,IN,,,,,,,,,,0
20,310001730,IN,,,,,,,,,,0
20,310001731,IN,,,,,,,,,,0
20,310001737,IN,,,,,,,,,,0
20,310001741,IN,,,,,,,,,,0
20,310001742,IN,,,,,,,,,,0
20,310001743,IN,,,,,,,,,,0
20,310001745,IN,,,,,,,,,,0
20,310001748,IN,,,,,,,,,,0
20,310001749,IN,,,,,,,,,,0
20,310001750,IN,,,,,,,,,,0
20,310001757,IN,,,,,,,,,,0
20,310001758,IN,,,,,,,,,,0
20,310001759,IN,,,,,,,,,,0
20,310001760,IN,,,,,,,,,,0
20,310001761,IN,,,,,,,,,,0
20,310001762,IN,,,,,,,,,,0
20,310001763,IN,,,,,,,,,,0
20,310001764,IN,,,,,,,,,,0
20,310001765,IN,,,,,,,,,,0
20,310001772,IN,,,,,,,,,,0
20,310001775,IN,,,,,,,,,,0
20,310001776,IN,,,,,,,,,,0
20,310001779,IN,,,,,,,,,,0
20,310001781,IN,,,,,,,,,,0
20,310001782,IN,,,,,,,,,,0
20,310001783,IN,,,,,,,,,,0
20,310001784,IN,,,,,,,,,,0
20,310001785,IN,,,,,,,,,,0
20,310001786,IN,,,,,,,,,,0
20,310001787,IN,,,,,,,,,,0
20,310001788,IN,,,,,,,,,,0
20,310001790,IN,,,,,,,,,,0
20,310001791,IN,,,,,,,,,,0
20,310001792,IN,,,,,,,,,,0
20,310001793,IN,,,,,,,,,,0
20,310001794,IN,,,,,,,,,,0
20,310001795,IN,,,,,,,,,,0
20,310001796,IN,,,,,,,,,,0
20,310001797,IN,,,,,,,,,,0
20,310001798,IN,,,,,,,,,,0
20,310001799,IN,,,,,,,,,,0
20,310001801,IN,,,,,,,,,,0
20,310001802,IN,,,,,,,,,,0
20,310001803,IN,,,,,,,,,,0
20,310001804,IN,,,,,,,,,,0
20,310001806,IN,,,,,,,,,,0
20,310001810,IN,,,,,,,,,,0
20,310001811,IN,,,,,,,,,,0
20,310001812,IN,,,,,,,,,,0
20,310001814,IN,,,,,,,,,,0
20,310001815,IN,,,,,,,,,,0
20,310001818,IN,,,,,,,,,,0
20,310001823,IN,,,,,,,,,,0
20,310001824,IN,,,,,,,,,,0
20,310001828,IN,,,,,,,,,,0
20,310001831,IN,,,,,,,,,,0
20,310001833,IN,,,,,,,,,,0
20,310001834,IN,,,,,,,,,,0
20,310001835,IN,,,,,,,,,,0
20,310001836,IN,,,,,,,,,,0
20,310001837,IN,,,,,,,,,,0
20,310001838,IN,,,,,,,,,,0
20,310001839,IN,,,,,,,,,,0
20,310001841,IN,,,,,,,,,,0
20,310001842,IN,,,,,,,,,,0
20,310001844,IN,,,,,,,,,,0
20,310001846,IN,,,,,,,,,,0
20,310001847,IN,,,,,,,,,,0
20,310001848,IN,,,,,,,,,,0
20,310002364,IN,,,,,,,,,,0
20,310002365,IN,,,,,,,,,,0
20,310002366,IN,,,,,,,,,,0
20,310002367,IN,,,,,,,,,,0
20,310002368,IN,,,,,,,,,,0
20,310002369,IN,,,,,,,,,,0
20,310002370,IN,,,,,,,,,,0
20,310002371,IN,,,,,,,,,,0
20,310002372,IN,,,,,,,,,,0
20,310002373,IN,,,,,,,,,,0
20,310002374,IN,,,,,,,,,,0
20,310002375,IN,,,,,,,,,,0
20,310002376,IN,,,,,,,,,,0
20,310002377,IN,,,,,,,,,,0
20,310002378,IN,,,,,,,,,,0
20,310002379,IN,,,,,,,,,,0
20,310002385,IN,,,,,,,,,,0
20,310002390,IN,,,,,,,,,,0
20,310002393,IN,,,,,,,,,,0
20,310002396,IN,,,,,,,,,,0
20,310002397,IN,,,,,,,,,,0
20,310002398,IN,,,,,,,,,,0
20,310002399,IN,,,,,,,,,,0
20,310002400,IN,,,,,,,,,,0
20,310002402,IN,,,,,,,,,,0
20,310002405,IN,,,,,,,,,,0
20,310002407,IN,,,,,,,,,,0
20,310002408,IN,,,,,,,,,,0
20,310002412,IN,,,,,,,,,,0
20,310002413,IN,,,,,,,,,,0
20,310002414,IN,,,,,,,,,,0
20,310002415,IN,,,,,,,,,,0
20,310002417,IN,,,,,,,,,,0
20,310002418,IN,,,,,,,,,,0
20,310002421,IN,,,,,,,,,,0
20,310002423,IN,,,,,,,,,,0
20,310002424,IN,,,,,,,,,,0
20,310002425,IN,,,,,,,,,,0
20,310002426,IN,,,,,,,,,,0
20,310002427,IN,,,,,,,,,,0
20,310002428,IN,,,,,,,,,,0
20,310002429,IN,,,,,,,,,,0
20,310002432,IN,,,,,,,,,,0
20,310002433,IN,,,,,,,,,,0
20,310002434,IN,,,,,,,,,,0
20,310002435,IN,,,,,,,,,,0
20,310002436,IN,,,,,,,,,,0
20,310002437,IN,,,,,,,,,,0
20,310002438,IN,,,,,,,,,,0
20,310002441,IN,,,,,,,,,,0
20,310002442,IN,,,,,,,,,,0
20,310002443,IN,,,,,,,,,,0
20,310010006,IN,,,,,,,,,,0
20,310010014,IN,,,,,,,,,,0
20,310010016,IN,,,,,,,,,,0
20,310010017,IN,,,,,,,,,,0
20,310010018,IN,,,,,,,,,,0
20,310010024,IN,,,,,,,,,,0
20,310010026,IN,,,,,,,,,,0
20,310010027,IN,,,,,,,,,,0
20,310010028,IN,,,,,,,,,,0
20,310010030,IN,,,,,,,,,,0
20,310010036,IN,,,,,,,,,,0
20,310010037,IN,,,,,,,,,,0
20,310010040,IN,,,,,,,,,,0
20,310010041,IN,,,,,,,,,,0
20,310010042,IN,,,,,,,,,,0
20,310010043,IN,,,,,,,,,,0
20,310010045,IN,,,,,,,,,,0
20,310010046,IN,,,,,,,,,,0
20,310010048,IN,,,,,,,,,,0
20,310010049,IN,,,,,,,,,,0
20,310010053,IN,,,,,,,,,,0
20,310010055,IN,,,,,,,,,,0
20,310010056,IN,,,,,,,,,,0
20,310010057,IN,,,,,,,,,,0
20,310010058,IN,,,,,,,,,,0
20,310010062,IN,,,,,,,,,,0
20,310010068,IN,,,,,,,,,,0
20,310010070,IN,,,,,,,,,,0
20,310010084,IN,,,,,,,,,,0
20,310010090,IN,,,,,,,,,,0
20,310010096,IN,,,,,,,,,,0
20,310010098,IN,,,,,,,,,,0
20,310010099,IN,,,,,,,,,,0
20,310010100,IN,,,,,,,,,,0
20,310010102,IN,,,,,,,,,,0
20,310010115,IN,,,,,,,,,,0
20,310010117,IN,,,,,,,,,,0
20,310010118,IN,,,,,,,,,,0
20,310010119,IN,,,,,,,,,,0
20,310010120,IN,,,,,,,,,,0
20,310010121,IN,,,,,,,,,,0
20,310010122,IN,,,,,,,,,,0
20,310020007,IN,,,,,,,,,,0
20,310020027,IN,,,,,,,,,,0
20,310020040,IN,,,,,,,,,,0
20,310020041,IN,,,,,,,,,,0
20,310020042,IN,,,,,,,,,,0
20,310020045,IN,,,,,,,,,,0
20,310020047,IN,,,,,,,,,,0
20,310020048,IN,,,,,,,,,,0
20,310020064,IN,,,,,,,,,,0
20,310020066,IN,,,,,,,,,,0
20,310020067,IN,,,,,,,,,,0
20,310020071,IN,,,,,,,,,,0
20,310020073,IN,,,,,,,,,,0
20,310020074,IN,,,,,,,,,,0
20,310020075,IN,,,,,,,,,,0
20,310020076,IN,,,,,,,,,,0
20,310020078,IN,,,,,,,,,,0
20,310020080,IN,,,,,,,,,,0
20,310020081,IN,,,,,,,,,,0
20,310020084,IN,,,,,,,,,,0
20,310020086,IN,,,,,,,,,,0
20,310020087,IN,,,,,,,,,,0
20,310020095,IN,,,,,,,,,,0
20,310020098,IN,,,,,,,,,,0
20,310020099,IN,,,,,,,,,,0
20,310020100,IN,,,,,,,,,,0
20,310020101,IN,,,,,,,,,,0
20,310020102,IN,,,,,,,,,,0
20,310020104,IN,,,,,,,,,,0
20,310020105,IN,,,,,,,,,,0
20,310020106,IN,,,,,,,,,,0
20,310020107,IN,,,,,,,,,,0
20,310020108,IN,,,,,,,,,,0
20,310020109,IN,,,,,,,,,,0
20,310020110,IN,,,,,,,,,,0
20,310030001,IN,,,,,,,,,,0
20,310030003,IN,,,,,,,,,,0
20,310030036,IN,,,,,,,,,,0
20,310030039,IN,,,,,,,,,,0
20,310030040,IN,,,,,,,,,,0
20,310030042,IN,,,,,,,,,,0
20,310030043,IN,,,,,,,,,,0
20,390000073,IN,,,,,,,,,,0
20,390000074,IN,,,,,,,,,,0
20,390000081,IN,,,,,,,,,,0
20,390000084,IN,,,,,,,,,,0
20,390000085,IN,,,,,,,,,,0
20,390000096,IN,,,,,,,,,,0
20,390000099,IN,,,,,,,,,,0
20,390000101,IN,,,,,,,,,,0
20,390000102,IN,,,,,,,,,,0
20,390000107,IN,,,,,,,,,,0
20,390000109,IN,,,,,,,,,,0
20,390000110,IN,,,,,,,,,,0
20,390000117,IN,,,,,,,,,,0
20,390000118,IN,,,,,,,,,,0
20,390000119,IN,,,,,,,,,,0
20,390000120,IN,,,,,,,,,,0
20,390000121,IN,,,,,,,,,,0
20,390000124,IN,,,,,,,,,,0
20,390000125,IN,,,,,,,,,,0
20,390000130,IN,,,,,,,,,,0
20,390000131,IN,,,,,,,,,,0
20,390000132,IN,,,,,,,,,,0
20,390000133,IN,,,,,,,,,,0
20,390000135,IN,,,,,,,,,,0
20,390000137,IN,,,,,,,,,,0
20,390000138,IN,,,,,,,,,,0
20,390000139,IN,,,,,,,,,,0
20,390000140,IN,,,,,,,,,,0
20,390000142,IN,,,,,,,,,,0
20,390000144,IN,,,,,,,,,,0
20,390000145,IN,,,,,,,,,,0
20,390000146,IN,,,,,,,,,,0
20,390000147,IN,,,,,,,,,,0
20,390000149,IN,,,,,,,,,,0
20,390000150,IN,,,,,,,,,,0
20,390000155,IN,,,,,,,,,,0
20,390000156,IN,,,,,,,,,,0
20,390000157,IN,,,,,,,,,,0
20,390000158,IN,,,,,,,,,,0
20,390000159,IN,,,,,,,,,,0
20,390000161,IN,,,,,,,,,,0
20,390000162,IN,,,,,,,,,,0
20,390000164,IN,,,,,,,,,,0
20,390000165,IN,,,,,,,,,,0
20,390000166,IN,,,,,,,,,,0
20,390000167,IN,,,,,,,,,,0
20,390000168,IN,,,,,,,,,,0
20,390000169,IN,,,,,,,,,,0
20,390000170,IN,,,,,,,,,,0
20,390000171,IN,,,,,,,,,,0
20,390000172,IN,,,,,,,,,,0
20,390000173,IN,,,,,,,,,,0
20,390000174,IN,,,,,,,,,,0
20,390000175,IN,,,,,,,,,,0
20,390000176,IN,,,,,,,,,,0
20,390000177,IN,,,,,,,,,,0
20,390000178,IN,,,,,,,,,,0
20,390000179,IN,,,,,,,,,,0
20,390000180,IN,,,,,,,,,,0
20,390000181,IN,,,,,,,,,,0
20,390000183,IN,,,,,,,,,,0
20,390000184,IN,,,,,,,,,,0
20,390000185,IN,,,,,,,,,,0
20,390000186,IN,,,,,,,,,,0
20,390000188,IN,,,,,,,,,,0
20,390000189,IN,,,,,,,,,,0
20,390000193,IN,,,,,,,,,,0
20,390000194,IN,,,,,,,,,,0
20,390000195,IN,,,,,,,,,,0
20,390000196,IN,,,,,,,,,,0
20,390000197,IN,,,,,,,,,,0
20,390000198,IN,,,,,,,,,,0
20,390000199,IN,,,,,,,,,,0
20,390020005,IN,,,,,,,,,,0
20,390020006,IN,,,,,,,,,,0
20,390020010,IN,,,,,,,,,,0
20,390020011,IN,,,,,,,,,,0
20,390020024,IN,,,,,,,,,,0
20,390020043,IN,,,,,,,,,,0
20,390020045,IN,,,,,,,,,,0
20,390020053,IN,,,,,,,,,,0
20,390020054,IN,,,,,,,,,,0
20,390020057,IN,,,,,,,,,,0
20,390020059,IN,,,,,,,,,,0
20,390020063,IN,,,,,,,,,,0
20,390020064,IN,,,,,,,,,,0
20,390020065,IN,,,,,,,,,,0
20,390020066,IN,,,,,,,,,,0
20,390020067,IN,,,,,,,,,,0
20,390020070,IN,,,,,,,,,,0
20,390020071,IN,,,,,,,,,,0
20,390020072,IN,,,,,,,,,,0
20,390020073,IN,,,,,,,,,,0
20,390020074,IN,,,,,,,,,,0
20,390020076,IN,,,,,,,,,,0
20,390020078,IN,,,,,,,,,,0
20,390020079,IN,,,,,,,,,,0
20,390020082,IN,,,,,,,,,,0
20,390020083,IN,,,,,,,,,,0
20,390020085,IN,,,,,,,,,,0
20,390020090,IN,,,,,,,,,,0
20,390020092,IN,,,,,,,,,,0
20,390030011,IN,,,,,,,,,,0
20,390030013,IN,,,,,,,,,,0
20,390030014,IN,,,,,,,,,,0
20,390030016,IN,,,,,,,,,,0
20,390030017,IN,,,,,,,,,,0
20,390030022,IN,,,,,,,,,,0
20,390030023,IN,,,,,,,,,,0
20,390030027,IN,,,,,,,,,,0
20,390030028,IN,,,,,,,,,,0
20,390030029,IN,,,,,,,,,,0
20,390030030,IN,,,,,,,,,,0
20,390030031,IN,,,,,,,,,,0
20,390030032,IN,,,,,,,,,,0
20,390030034,IN,,,,,,,,,,0
20,390030035,IN,,,,,,,,,,0
20,390060002,IN,,,,,,,,,,0
20,390080004,IN,,,,,,,,,,0
20,390140001,IN,,,,,,,,,,0
20,390140003,IN,,,,,,,,,,0
20,390140004,IN,,,,,,,,,,0
20,390140006,IN,,,,,,,,,,0
20,390260001,IN,,,,,,,,,,0
20,390260003,IN,,,,,,,,,,0
20,390260004,IN,,,,,,,,,,0
20,390260008,IN,,,,,,,,,,0
20,390260010,IN,,,,,,,,,,0
20,390260011,IN,,,,,,,,,,0
20,390310002,IN,,,,,,,,,,0
20,390350003,IN,,,,,,,,,,0
20,390350004,IN,,,,,,,,,,0
20,390350005,IN,,,,,,,,,,0
20,390350006,IN,,,,,,,,,,0
20,390350007,IN,,,,,,,,,,0
20,390350008,IN,,,,,,,,,,0
20,910001769,IN,,,,,,,,,,0
20,910001770,IN,,,,,,,,,,0
20,910001771,IN,,,,,,,,,,0
20,910001772,IN,,,,,,,,,,0
20,910001774,IN,,,,,,,,,,0
20,910001775,IN,,,,,,,,,,0
20,910001776,IN,,,,,,,,,,0
20,910001777,IN,,,,,,,,,,0
20,910001780,IN,,,,,,,,,,0
20,910001781,IN,,,,,,,,,,0
20,910001782,IN,,,,,,,,,,0
20,910001783,IN,,,,,,,,,,0
20,910001785,IN,,,,,,,,,,0
20,910001786,IN,,,,,,,,,,0
20,910001787,IN,,,,,,,,,,0
20,910001792,IN,,,,,,,,,,0
20,910001793,IN,,,,,,,,,,0
20,910001799,IN,,,,,,,,,,0
20,910001804,IN,,,,,,,,,,0
20,910001807,IN,,,,,,,,,,0
20,910001808,IN,,,,,,,,,,0
20,910001809,IN,,,,,,,,,,0
20,910001810,IN,,,,,,,,,,0
20,910001811,IN,,,,,,,,,,0
20,910001815,IN,,,,,,,,,,0
20,910001821,IN,,,,,,,,,,0
20,910001822,IN,,,,,,,,,,0
20,910001830,IN,,,,,,,,,,0
20,910001831,IN,,,,,,,,,,0
20,910001833,IN,,,,,,,,,,0
20,910001834,IN,,,,,,,,,,0
20,910001835,IN,,,,,,,,,,0
20,910001836,IN,,,,,,,,,,0
20,910001837,IN,,,,,,,,,,0
20,910001838,IN,,,,,,,,,,0
20,910001839,IN,,,,,,,,,,0
20,910001840,IN,,,,,,,,,,0
20,910001842,IN,,,,,,,,,,0
20,910001843,IN,,,,,,,,,,0
20,910001844,IN,,,,,,,,,,0
20,910001845,IN,,,,,,,,,,0
20,910001846,IN,,,,,,,,,,0
20,910001847,IN,,,,,,,,,,0
20,910001848,IN,,,,,,,,,,0
20,910001849,IN,,,,,,,,,,0
20,910001851,IN,,,,,,,,,,0
20,910001852,IN,,,,,,,,,,0
20,910001855,IN,,,,,,,,,,0
20,910001857,IN,,,,,,,,,,0
20,910001858,IN,,,,,,,,,,0
20,910001860,IN,,,,,,,,,,0
20,910001861,IN,,,,,,,,,,0
20,910001862,IN,,,,,,,,,,0
20,910001863,IN,,,,,,,,,,0
20,910001867,IN,,,,,,,,,,0
20,910001868,IN,,,,,,,,,,0
20,910001869,IN,,,,,,,,,,0
20,910001871,IN,,,,,,,,,,0
20,910001872,IN,,,,,,,,,,0
20,910001873,IN,,,,,,,,,,0
20,910001874,IN,,,,,,,,,,0
20,910001877,IN,,,,,,,,,,0
20,910001880,IN,,,,,,,,,,0
20,910001885,IN,,,,,,,,,,0
20,910001888,IN,,,,,,,,,,0
20,910001889,IN,,,,,,,,,,0
20,910001890,IN,,,,,,,,,,0
20,910001898,IN,,,,,,,,,,0
20,910001901,IN,,,,,,,,,,0
20,910001902,IN,,,,,,,,,,0
20,910001912,IN,,,,,,,,,,0
20,910001914,IN,,,,,,,,,,0
20,910001917,IN,,,,,,,,,,0
20,910001920,IN,,,,,,,,,,0
20,910001922,IN,,,,,,,,,,0
20,910001923,IN,,,,,,,,,,0
20,910001926,IN,,,,,,,,,,0
20,910001927,IN,,,,,,,,,,0
20,910001931,IN,,,,,,,,,,0
20,910001932,IN,,,,,,,,,,0
20,910001933,IN,,,,,,,,,,0
20,910001935,IN,,,,,,,,,,0
20,910001936,IN,,,,,,,,,,0
20,910001937,IN,,,,,,,,,,0
20,910001938,IN,,,,,,,,,,0
20,910001939,IN,,,,,,,,,,0
20,910001940,IN,,,,,,,,,,0
20,910001943,IN,,,,,,,,,,0
20,910001944,IN,,,,,,,,,,0
20,910001945,IN,,,,,,,,,,0
20,910001946,IN,,,,,,,,,,0
20,910001948,IN,,,,,,,,,,0
20,910001949,IN,,,,,,,,,,0
20,910001952,IN,,,,,,,,,,0
20,910001953,IN,,,,,,,,,,0
20,910001955,IN,,,,,,,,,,0
20,910001956,IN,,,,,,,,,,0
20,910001958,IN,,,,,,,,,,0
20,910001959,IN,,,,,,,,,,0
20,910001961,IN,,,,,,,,,,0
20,910001962,IN,,,,,,,,,,0
20,910001963,IN,,,,,,,,,,0
20,910001964,IN,,,,,,,,,,0
20,910001969,IN,,,,,,,,,,0
20,910001970,IN,,,,,,,,,,0
20,910001971,IN,,,,,,,,,,0
20,910001973,IN,,,,,,,,,,0
20,910001974,IN,,,,,,,,,,0
20,910001975,IN,,,,,,,,,,0
20,910001979,IN,,,,,,,,,,0
20,910001981,IN,,,,,,,,,,0
20,910001983,IN,,,,,,,,,,0
20,910001986,IN,,,,,,,,,,0
20,910001987,IN,,,,,,,,,,0
20,910001988,IN,,,,,,,,,,0
20,910001991,IN,,,,,,,,,,0
20,910001992,IN,,,,,,,,,,0
20,910002003,IN,,,,,,,,,,0
20,910002004,IN,,,,,,,,,,0
20,910002005,IN,,,,,,,,,,0
20,910002006,IN,,,,,,,,,,0
20,910002008,IN,,,,,,,,,,0
20,910002009,IN,,,,,,,,,,0
20,910002012,IN,,,,,,,,,,0
20,910002013,IN,,,,,,,,,,0
20,910002014,IN,,,,,,,,,,0
20,910002015,IN,,,,,,,,,,0
20,910002016,IN,,,,,,,,,,0
20,910002017,IN,,,,,,,,,,0
20,910002018,IN,,,,,,,,,,0
20,910002019,IN,,,,,,,,,,0
20,910002020,IN,,,,,,,,,,0
20,910002021,IN,,,,,,,,,,0
20,910002022,IN,,,,,,,,,,0
20,910002023,IN,,,,,,,,,,0
20,910002024,IN,,,,,,,,,,0
20,910005331,IN,,,,,,,,,,0
20,910005332,IN,,,,,,,,,,0
20,910005333,IN,,,,,,,,,,0
20,910005337,IN,,,,,,,,,,0
20,910005338,IN,,,,,,,,,,0
20,910005340,IN,,,,,,,,,,0
20,910005341,IN,,,,,,,,,,0
20,910005343,IN,,,,,,,,,,0
20,910005344,IN,,,,,,,,,,0
20,910005345,IN,,,,,,,,,,0
20,910005346,IN,,,,,,,,,,0
20,910005347,IN,,,,,,,,,,0
20,910005348,IN,,,,,,,,,,0
20,910005350,IN,,,,,,,,,,0
20,910005351,IN,,,,,,,,,,0
20,910005352,IN,,,,,,,,,,0
20,910005353,IN,,,,,,,,,,0
20,910005354,IN,,,,,,,,,,0
20,910005355,IN,,,,,,,,,,0
20,910005356,IN,,,,,,,,,,0
20,910005357,IN,,,,,,,,,,0
20,910005359,IN,,,,,,,,,,0
20,910005360,IN,,,,,,,,,,0
20,910005362,IN,,,,,,,,,,0
20,910005363,IN,,,,,,,,,,0
20,910005364,IN,,,,,,,,,,0
20,910005366,IN,,,,,,,,,,0
20,910005367,IN,,,,,,,,,,0
20,910005369,IN,,,,,,,,,,0
20,910005373,IN,,,,,,,,,,0
20,910005374,IN,,,,,,,,,,0
20,910005375,IN,,,,,,,,,,0
20,910005376,IN,,,,,,,,,,0
20,910005377,IN,,,,,,,,,,0
20,910005378,IN,,,,,,,,,,0
20,910005379,IN,,,,,,,,,,0
20,910005380,IN,,,,,,,,,,0
20,910005381,IN,,,,,,,,,,0
20,910005383,IN,,,,,,,,,,0
20,910005384,IN,,,,,,,,,,0
20,910005385,IN,,,,,,,,,,0
20,910005386,IN,,,,,,,,,,0
20,910005387,IN,,,,,,,,,,0
20,910005393,IN,,,,,,,,,,0
20,910005394,IN,,,,,,,,,,0
20,910005396,IN,,,,,,,,,,0
20,910005397,IN,,,,,,,,,,0
20,910005398,IN,,,,,,,,,,0
20,910005399,IN,,,,,,,,,,0
20,910005404,IN,,,,,,,,,,0
20,910005408,IN,,,,,,,,,,0
20,910005409,IN,,,,,,,,,,0
20,910005410,IN,,,,,,,,,,0
20,910005411,IN,,,,,,,,,,0
20,910005412,IN,,,,,,,,,,0
20,910005413,IN,,,,,,,,,,0
20,910005415,IN,,,,,,,,,,0
20,910005416,IN,,,,,,,,,,0
20,910005417,IN,,,,,,,,,,0
20,910005419,IN,,,,,,,,,,0
20,910005420,IN,,,,,,,,,,0
20,910005423,IN,,,,,,,,,,0
20,910005427,IN,,,,,,,,,,0
20,910005428,IN,,,,,,,,,,0
20,910005429,IN,,,,,,,,,,0
20,910005431,IN,,,,,,,,,,0
20,910005441,IN,,,,,,,,,,0
20,910005445,IN,,,,,,,,,,0
20,910005448,IN,,,,,,,,,,0
20,910005455,IN,,,,,,,,,,0
20,910005456,IN,,,,,,,,,,0
20,910005457,IN,,,,,,,,,,0
20,910005458,IN,,,,,,,,,,0
20,910005459,IN,,,,,,,,,,0
20,910005460,IN,,,,,,,,,,0
20,910005461,IN,,,,,,,,,,0
20,910005462,IN,,,,,,,,,,0
20,910005465,IN,,,,,,,,,,0
20,910005467,IN,,,,,,,,,,0
20,910005468,IN,,,,,,,,,,0
20,910005470,IN,,,,,,,,,,0
20,910005471,IN,,,,,,,,,,0
20,910005473,IN,,,,,,,,,,0
20,910005474,IN,,,,,,,,,,0
20,910005475,IN,,,,,,,,,,0
20,910005476,IN,,,,,,,,,,0
20,910005479,IN,,,,,,,,,,0
20,910005482,IN,,,,,,,,,,0
20,910005485,IN,,,,,,,,,,0
20,910005486,IN,,,,,,,,,,0
20,910005487,IN,,,,,,,,,,0
20,910005488,IN,,,,,,,,,,0
20,910005489,IN,,,,,,,,,,0
20,910005495,IN,,,,,,,,,,0
20,910005502,IN,,,,,,,,,,0
20,910005503,IN,,,,,,,,,,0
20,910005505,IN,,,,,,,,,,0
20,910005506,IN,,,,,,,,,,0
20,910005507,IN,,,,,,,,,,0
20,910005510,IN,,,,,,,,,,0
20,910005511,IN,,,,,,,,,,0
20,910005513,IN,,,,,,,,,,0
20,910005514,IN,,,,,,,,,,0
20,910005515,IN,,,,,,,,,,0
20,910005516,IN,,,,,,,,,,0
20,910005517,IN,,,,,,,,,,0
20,910005518,IN,,,,,,,,,,0
20,910005522,IN,,,,,,,,,,0
20,910005525,IN,,,,,,,,,,0
20,910005526,IN,,,,,,,,,,0
20,910005527,IN,,,,,,,,,,0
20,910005537,IN,,,,,,,,,,0
20,910005538,IN,,,,,,,,,,0
20,910005540,IN,,,,,,,,,,0
20,910005541,IN,,,,,,,,,,0
20,910005543,IN,,,,,,,,,,0
20,910005544,IN,,,,,,,,,,0
20,910005545,IN,,,,,,,,,,0
20,910005546,IN,,,,,,,,,,0
20,910005548,IN,,,,,,,,,,0
20,910005549,IN,,,,,,,,,,0
20,910005550,IN,,,,,,,,,,0
20,910005551,IN,,,,,,,,,,0
20,910005553,IN,,,,,,,,,,0
20,910005555,IN,,,,,,,,,,0
20,910005558,IN,,,,,,,,,,0
20,910005561,IN,,,,,,,,,,0
20,910005564,IN,,,,,,,,,,0
20,910005565,IN,,,,,,,,,,0
20,910005566,IN,,,,,,,,,,0
20,910005569,IN,,,,,,,,,,0
20,910005570,IN,,,,,,,,,,0
20,910005571,IN,,,,,,,,,,0
20,910005572,IN,,,,,,,,,,0
20,910005573,IN,,,,,,,,,,0
20,910005574,IN,,,,,,,,,,0
20,210030327,IN,,,,,,,,,,0
20,210030328,IN,,,,,,,,,,0
20,210030329,IN,,,,,,,,,,0
20,210030330,IN,,,,,,,,,,0
20,210030331,IN,,,,,,,,,,0
20,210030332,IN,,,,,,,,,,0
20,210030333,IN,,,,,,,,,,0
20,210030334,IN,,,,,,,,,,0
20,210030335,IN,,,,,,,,,,0
20,210030336,IN,,,,,,,,,,0
20,210030337,IN,,,,,,,,,,0
20,210030338,IN,,,,,,,,,,0
20,210030339,IN,,,,,,,,,,0
20,210030340,IN,,,,,,,,,,0
20,210030341,IN,,,,,,,,,,0
20,210030342,IN,,,,,,,,,,0
20,210030343,IN,,,,,,,,,,0
20,210030344,IN,,,,,,,,,,0
20,210030345,IN,,,,,,,,,,0
20,210030346,IN,,,,,,,,,,0
20,210030347,IN,,,,,,,,,,0
20,210030348,IN,,,,,,,,,,0
20,210030349,IN,,,,,,,,,,0
20,210030350,IN,,,,,,,,,,0
20,210030351,IN,,,,,,,,,,0
20,210030352,IN,,,,,,,,,,0
20,210030353,IN,,,,,,,,,,0
20,210030354,IN,,,,,,,,,,0
20,210030355,IN,,,,,,,,,,0
20,210030356,IN,,,,,,,,,,0
20,210030357,IN,,,,,,,,,,0
20,210030358,IN,,,,,,,,,,0
20,210030359,IN,,,,,,,,,,0
20,210030360,IN,,,,,,,,,,0
20,210030361,IN,,,,,,,,,,0
20,210030362,IN,,,,,,,,,,0
20,210030363,IN,,,,,,,,,,0
20,210030364,IN,,,,,,,,,,0
20,210030365,IN,,,,,,,,,,0
20,210030366,IN,,,,,,,,,,0
20,210030367,IN,,,,,,,,,,0
20,210030368,IN,,,,,,,,,,0
20,210030369,IN,,,,,,,,,,0
20,210030370,IN,,,,,,,,,,0
20,210030371,IN,,,,,,,,,,0
20,210030372,IN,,,,,,,,,,0
20,210030373,IN,,,,,,,,,,0
20,210030375,IN,,,,,,,,,,0
20,210030376,IN,,,,,,,,,,0
20,210030377,IN,,,,,,,,,,0
20,210030378,IN,,,,,,,,,,0
20,210030379,IN,,,,,,,,,,0
20,210030380,IN,,,,,,,,,,0
20,210030381,IN,,,,,,,,,,0
20,210030382,IN,,,,,,,,,,0
20,210030383,IN,,,,,,,,,,0
20,210030384,IN,,,,,,,,,,0
20,210030385,IN,,,,,,,,,,0
20,210030386,IN,,,,,,,,,,0
20,210210037,IN,,,,,,,,,,0
20,210210038,IN,,,,,,,,,,0
20,210210039,IN,,,,,,,,,,0
20,210210040,IN,,,,,,,,,,0
20,210210092,IN,,,,,,,,,,0
20,210210093,IN,,,,,,,,,,0
20,210210094,IN,,,,,,,,,,0
20,210210095,IN,,,,,,,,,,0
20,210210096,IN,,,,,,,,,,0
20,210210097,IN,,,,,,,,,,0
20,210210098,IN,,,,,,,,,,0
20,210210103,IN,,,,,,,,,,0
20,210210104,IN,,,,,,,,,,0
20,210210105,IN,,,,,,,,,,0
20,210210106,IN,,,,,,,,,,0
20,210210107,IN,,,,,,,,,,0
20,210210108,IN,,,,,,,,,,0
20,210210109,IN,,,,,,,,,,0
20,210210110,IN,,,,,,,,,,0
20,210210111,IN,,,,,,,,,,0
20,210210112,IN,,,,,,,,,,0
20,210210113,IN,,,,,,,,,,0
20,210210114,IN,,,,,,,,,,0
20,210210115,IN,,,,,,,,,,0
20,210210116,IN,,,,,,,,,,0
20,210210117,IN,,,,,,,,,,0
20,210210118,IN,,,,,,,,,,0
20,210210120,IN,,,,,,,,,,0
20,210210121,IN,,,,,,,,,,0
20,210210122,IN,,,,,,,,,,0
20,210260003,IN,,,,,,,,,,0
20,210260006,IN,,,,,,,,,,0
20,210260011,IN,,,,,,,,,,0
20,210260037,IN,,,,,,,,,,0
20,210310367,IN,,,,,,,,,,0
20,210310368,IN,,,,,,,,,,0
20,210310377,IN,,,,,,,,,,0
20,210310378,IN,,,,,,,,,,0
20,210310379,IN,,,,,,,,,,0
20,210310380,IN,,,,,,,,,,0
20,210310381,IN,,,,,,,,,,0
20,210310382,IN,,,,,,,,,,0
20,210310383,IN,,,,,,,,,,0
20,210310384,IN,,,,,,,,,,0
20,210310385,IN,,,,,,,,,,0
20,210310386,IN,,,,,,,,,,0
20,210310387,IN,,,,,,,,,,0
20,210310388,IN,,,,,,,,,,0
20,210310389,IN,,,,,,,,,,0
20,210310390,IN,,,,,,,,,,0
20,210310391,IN,,,,,,,,,,0
20,210310392,IN,,,,,,,,,,0
20,210310393,IN,,,,,,,,,,0
20,210310394,IN,,,,,,,,,,0
20,210310395,IN,,,,,,,,,,0
20,210310396,IN,,,,,,,,,,0
20,210310397,IN,,,,,,,,,,0
20,210310398,IN,,,,,,,,,,0
20,210310399,IN,,,,,,,,,,0
20,210310400,IN,,,,,,,,,,0
20,210310401,IN,,,,,,,,,,0
20,210310402,IN,,,,,,,,,,0
20,210310403,IN,,,,,,,,,,0
20,210310404,IN,,,,,,,,,,0
20,210310405,IN,,,,,,,,,,0
20,210310406,IN,,,,,,,,,,0
20,210310407,IN,,,,,,,,,,0
20,210310408,IN,,,,,,,,,,0
20,210310411,IN,,,,,,,,,,0
20,210310412,IN,,,,,,,,,,0
20,210320003,IN,,,,,,,,,,0
20,210320004,IN,,,,,,,,,,0
20,210320084,IN,,,,,,,,,,0
20,210320129,IN,,,,,,,,,,0
20,210320131,IN,,,,,,,,,,0
20,210470189,IN,,,,,,,,,,0
20,210470220,IN,,,,,,,,,,0
20,421111953,IN,,,,,,,,,,0
20,421111954,IN,,,,,,,,,,0
20,421111956,IN,,,,,,,,,,0
20,421111959,IN,,,,,,,,,,0
20,421111960,IN,,,,,,,,,,0
20,421111967,IN,,,,,,,,,,0
20,421111968,IN,,,,,,,,,,0
20,421111974,IN,,,,,,,,,,0
20,421111976,IN,,,,,,,,,,0
20,421111978,IN,,,,,,,,,,0
20,421111981,IN,,,,,,,,,,0
20,421111984,IN,,,,,,,,,,0
20,421111985,IN,,,,,,,,,,0
20,421111986,IN,,,,,,,,,,0
20,421112112,IN,,,,,,,,,,0
20,421112119,IN,,,,,,,,,,0
20,421112160,IN,,,,,,,,,,0
20,421112162,IN,,,,,,,,,,0
20,421112164,IN,,,,,,,,,,0
20,421112165,IN,,,,,,,,,,0
20,421112170,IN,,,,,,,,,,0
20,421112171,IN,,,,,,,,,,0
20,421112172,IN,,,,,,,,,,0
20,421112173,IN,,,,,,,,,,0
20,421112175,IN,,,,,,,,,,0
20,421112181,IN,,,,,,,,,,0
20,421112182,IN,,,,,,,,,,0
20,421112183,IN,,,,,,,,,,0
20,421112196,IN,,,,,,,,,,0
20,421112220,IN,,,,,,,,,,0
20,421112231,IN,,,,,,,,,,0
20,422220102,IN,,,,,,,,,,0
20,422220239,IN,,,,,,,,,,0
20,422220243,IN,,,,,,,,,,0
20,422220244,IN,,,,,,,,,,0
20,422220249,IN,,,,,,,,,,0
20,422220250,IN,,,,,,,,,,0
20,422220251,IN,,,,,,,,,,0
20,423331189,IN,,,,,,,,,,0
20,423331214,IN,,,,,,,,,,0
20,423331217,IN,,,,,,,,,,0
20,423331219,IN,,,,,,,,,,0
20,423331220,IN,,,,,,,,,,0
20,423331232,IN,,,,,,,,,,0
20,423331241,IN,,,,,,,,,,0
20,423331242,IN,,,,,,,,,,0
20,423331247,IN,,,,,,,,,,0
20,423331248,IN,,,,,,,,,,0
20,423331249,IN,,,,,,,,,,0
20,423331250,IN,,,,,,,,,,0
20,423331251,IN,,,,,,,,,,0
20,423331252,IN,,,,,,,,,,0
20,423331253,IN,,,,,,,,,,0
20,423331254,IN,,,,,,,,,,0
20,423331255,IN,,,,,,,,,,0
20,423331256,IN,,,,,,,,,,0
20,423331257,IN,,,,,,,,,,0
20,423331258,IN,,,,,,,,,,0
20,423331259,IN,,,,,,,,,,0
20,423331260,IN,,,,,,,,,,0
20,423331261,IN,,,,,,,,,,0
20,423331262,IN,,,,,,,,,,0
20,423331263,IN,,,,,,,,,,0
20,423331264,IN,,,,,,,,,,0
20,423331265,IN,,,,,,,,,,0
20,423331266,IN,,,,,,,,,,0
20,423331269,IN,,,,,,,,,,0
20,423331271,IN,,,,,,,,,,0
20,423331272,IN,,,,,,,,,,0
20,423331280,IN,,,,,,,,,,0
20,423331281,IN,,,,,,,,,,0
20,423331296,IN,,,,,,,,,,0
20,423331297,IN,,,,,,,,,,0
20,424440136,IN,,,,,,,,,,0
20,424440699,IN,,,,,,,,,,0
20,424440700,IN,,,,,,,,,,0
20,424441315,IN,,,,,,,,,,0
20,427770185,IN,,,,,,,,,,0
20,427770187,IN,,,,,,,,,,0
20,427770188,IN,,,,,,,,,,0
20,427770189,IN,,,,,,,,,,0
20,427770190,IN,,,,,,,,,,0
20,427790119,IN,,,,,,,,,,0
20,427790133,IN,,,,,,,,,,0
20,427790135,IN,,,,,,,,,,0
20,427790139,IN,,,,,,,,,,0
20,428880105,IN,,,,,,,,,,0
20,428880212,IN,,,,,,,,,,0
20,428880309,IN,,,,,,,,,,0
20,428880310,IN,,,,,,,,,,0
20,428880312,IN,,,,,,,,,,0
20,429930781,IN,,,,,,,,,,0
20,429930785,IN,,,,,,,,,,0
20,429930786,IN,,,,,,,,,,0
20,429930787,IN,,,,,,,,,,0
20,429930790,IN,,,,,,,,,,0
20,429930791,IN,,,,,,,,,,0
20,429930795,IN,,,,,,,,,,0
20,429930796,IN,,,,,,,,,,0
20,429930797,IN,,,,,,,,,,0
20,429930798,IN,,,,,,,,,,0
20,429930799,IN,,,,,,,,,,0
20,429930802,IN,,,,,,,,,,0
20,429930810,IN,,,,,,,,,,0
20,429930811,IN,,,,,,,,,,0
20,429930812,IN,,,,,,,,,,0
20,429930815,IN,,,,,,,,,,0
20,429930818,IN,,,,,,,,,,0
20,429930821,IN,,,,,,,,,,0
20,429930830,IN,,,,,,,,,,0
20,429930831,IN,,,,,,,,,,0
20,429930838,IN,,,,,,,,,,0
20,429930839,IN,,,,,,,,,,0
20,429990032,IN,,,,,,,,,,0
20,429990033,IN,,,,,,,,,,0
20,429990062,IN,,,,,,,,,,0
20,429990063,IN,,,,,,,,,,0
20,429990235,IN,,,,,,,,,,0
20,429990236,IN,,,,,,,,,,0
20,429990637,IN,,,,,,,,,,0
20,429990677,IN,,,,,,,,,,0
20,429990678,IN,,,,,,,,,,0
20,429990749,IN,,,,,,,,,,0
20,429990750,IN,,,,,,,,,,0
20,429990845,IN,,,,,,,,,,0
20,429991167,IN,,,,,,,,,,0
20,429991320,IN,,,,,,,,,,0
20,429991328,IN,,,,,,,,,,0
20,429991329,IN,,,,,,,,,,0
20,429991332,IN,,,,,,,,,,0
20,429991333,IN,,,,,,,,,,0
20,429991334,IN,,,,,,,,,,0
20,429991336,IN,,,,,,,,,,0
20,429991337,IN,,,,,,,,,,0
20,429991339,IN,,,,,,,,,,0
20,429991341,IN,,,,,,,,,,0
20,910002726,IN,,,,,,,,,,0
20,910002727,IN,,,,,,,,,,0
20,910002728,IN,,,,,,,,,,0
20,910002730,IN,,,,,,,,,,0
20,910002731,IN,,,,,,,,,,0
20,910002733,IN,,,,,,,,,,0
20,910002735,IN,,,,,,,,,,0
20,910002737,IN,,,,,,,,,,0
20,910002738,IN,,,,,,,,,,0
20,910002739,IN,,,,,,,,,,0
20,910002740,IN,,,,,,,,,,0
20,910002741,IN,,,,,,,,,,0
20,910002742,IN,,,,,,,,,,0
20,910002743,IN,,,,,,,,,,0
20,910002744,IN,,,,,,,,,,0
20,910002745,IN,,,,,,,,,,0
20,910002746,IN,,,,,,,,,,0
20,910002748,IN,,,,,,,,,,0
20,910002750,IN,,,,,,,,,,0
20,910002754,IN,,,,,,,,,,0
20,910002758,IN,,,,,,,,,,0
20,910002759,IN,,,,,,,,,,0
20,910002760,IN,,,,,,,,,,0
20,910002762,IN,,,,,,,,,,0
20,910002767,IN,,,,,,,,,,0
20,910002772,IN,,,,,,,,,,0
20,910002774,IN,,,,,,,,,,0
20,910002775,IN,,,,,,,,,,0
20,910002778,IN,,,,,,,,,,0
20,910002779,IN,,,,,,,,,,0
20,910002784,IN,,,,,,,,,,0
20,910002785,IN,,,,,,,,,,0
20,910002788,IN,,,,,,,,,,0
20,910002789,IN,,,,,,,,,,0
20,910002792,IN,,,,,,,,,,0
20,910002793,IN,,,,,,,,,,0
20,910002794,IN,,,,,,,,,,0
20,910002798,IN,,,,,,,,,,0
20,910002802,IN,,,,,,,,,,0
20,910002805,IN,,,,,,,,,,0
20,910002807,IN,,,,,,,,,,0
20,910002808,IN,,,,,,,,,,0
20,910002809,IN,,,,,,,,,,0
20,910002811,IN,,,,,,,,,,0
20,910002813,IN,,,,,,,,,,0
20,910002814,IN,,,,,,,,,,0
20,910002815,IN,,,,,,,,,,0
20,910002816,IN,,,,,,,,,,0
20,910002817,IN,,,,,,,,,,0
20,910002818,IN,,,,,,,,,,0
20,910002820,IN,,,,,,,,,,0
20,910002821,IN,,,,,,,,,,0
20,910002822,IN,,,,,,,,,,0
20,910002825,IN,,,,,,,,,,0
20,910002827,IN,,,,,,,,,,0
20,910002828,IN,,,,,,,,,,0
20,910002829,IN,,,,,,,,,,0
20,910002830,IN,,,,,,,,,,0
20,910002831,IN,,,,,,,,,,0
20,910002832,IN,,,,,,,,,,0
20,910002833,IN,,,,,,,,,,0
20,910002834,IN,,,,,,,,,,0
20,910002835,IN,,,,,,,,,,0
20,910002837,IN,,,,,,,,,,0
20,910002838,IN,,,,,,,,,,0
20,910002839,IN,,,,,,,,,,0
20,910002840,IN,,,,,,,,,,0
20,910002841,IN,,,,,,,,,,0
20,910002842,IN,,,,,,,,,,0
20,910002843,IN,,,,,,,,,,0
20,910002844,IN,,,,,,,,,,0
20,910002845,IN,,,,,,,,,,0
20,910002848,IN,,,,,,,,,,0
20,910002849,IN,,,,,,,,,,0
20,910002851,IN,,,,,,,,,,0
20,910002852,IN,,,,,,,,,,0
20,910002853,IN,,,,,,,,,,0
20,910002854,IN,,,,,,,,,,0
20,910002855,IN,,,,,,,,,,0
20,910002856,IN,,,,,,,,,,0
20,910002857,IN,,,,,,,,,,0
20,910002859,IN,,,,,,,,,,0
20,910002861,IN,,,,,,,,,,0
20,910002863,IN,,,,,,,,,,0
20,910002866,IN,,,,,,,,,,0
20,910002867,IN,,,,,,,,,,0
20,910002868,IN,,,,,,,,,,0
20,910002869,IN,,,,,,,,,,0
20,910002872,IN,,,,,,,,,,0
20,910002873,IN,,,,,,,,,,0
20,910002874,IN,,,,,,,,,,0
20,910002875,IN,,,,,,,,,,0
20,910002876,IN,,,,,,,,,,0
20,910002877,IN,,,,,,,,,,0
20,910002878,IN,,,,,,,,,,0
20,910002879,IN,,,,,,,,,,0
20,910002880,IN,,,,,,,,,,0
20,910002881,IN,,,,,,,,,,0
20,910002883,IN,,,,,,,,,,0
20,910002884,IN,,,,,,,,,,0
20,910002886,IN,,,,,,,,,,0
20,910002889,IN,,,,,,,,,,0
20,910002891,IN,,,,,,,,,,0
20,910002892,IN,,,,,,,,,,0
20,910002894,IN,,,,,,,,,,0
20,910002898,IN,,,,,,,,,,0
20,910002901,IN,,,,,,,,,,0
20,910002904,IN,,,,,,,,,,0
20,910002909,IN,,,,,,,,,,0
20,910002912,IN,,,,,,,,,,0
20,910002914,IN,,,,,,,,,,0
20,910002916,IN,,,,,,,,,,0
20,910002918,IN,,,,,,,,,,0
20,910002919,IN,,,,,,,,,,0
20,910002921,IN,,,,,,,,,,0
20,910002924,IN,,,,,,,,,,0
20,910002930,IN,,,,,,,,,,0
20,910002934,IN,,,,,,,,,,0
20,910002936,IN,,,,,,,,,,0
20,910002938,IN,,,,,,,,,,0
20,910002940,IN,,,,,,,,,,0
20,910002945,IN,,,,,,,,,,0
20,910002946,IN,,,,,,,,,,0
20,910002947,IN,,,,,,,,,,0
20,910002948,IN,,,,,,,,,,0
20,910002949,IN,,,,,,,,,,0
20,910002951,IN,,,,,,,,,,0
20,910002953,IN,,,,,,,,,,0
20,910002957,IN,,,,,,,,,,0
20,910002958,IN,,,,,,,,,,0
20,910002959,IN,,,,,,,,,,0
20,910002963,IN,,,,,,,,,,0
20,910002964,IN,,,,,,,,,,0
20,910002967,IN,,,,,,,,,,0
20,910002970,IN,,,,,,,,,,0
20,910002972,IN,,,,,,,,,,0
20,910003434,IN,,,,,,,,,,0
20,910003435,IN,,,,,,,,,,0
20,910003436,IN,,,,,,,,,,0
20,910003437,IN,,,,,,,,,,0
20,910003439,IN,,,,,,,,,,0
20,910003440,IN,,,,,,,,,,0
20,910003442,IN,,,,,,,,,,0
20,910003445,IN,,,,,,,,,,0
20,910003446,IN,,,,,,,,,,0
20,910003447,IN,,,,,,,,,,0
20,910003449,IN,,,,,,,,,,0
20,910003450,IN,,,,,,,,,,0
20,910003452,IN,,,,,,,,,,0
20,910003454,IN,,,,,,,,,,0
20,910003456,IN,,,,,,,,,,0
20,910003457,IN,,,,,,,,,,0
20,910003458,IN,,,,,,,,,,0
20,910003461,IN,,,,,,,,,,0
20,910003462,IN,,,,,,,,,,0
20,910003463,IN,,,,,,,,,,0
20,910003464,IN,,,,,,,,,,0
20,910003466,IN,,,,,,,,,,0
20,910003467,IN,,,,,,,,,,0
20,910003468,IN,,,,,,,,,,0
20,910003469,IN,,,,,,,,,,0
20,910003470,IN,,,,,,,,,,0
20,910003471,IN,,,,,,,,,,0
20,910003474,IN,,,,,,,,,,0
20,910003481,IN,,,,,,,,,,0
20,910003482,IN,,,,,,,,,,0
20,910003483,IN,,,,,,,,,,0
20,910003484,IN,,,,,,,,,,0
20,910003485,IN,,,,,,,,,,0
20,910003486,IN,,,,,,,,,,0
20,910003488,IN,,,,,,,,,,0
20,910003489,IN,,,,,,,,,,0
20,910003490,IN,,,,,,,,,,0
20,910003495,IN,,,,,,,,,,0
20,910003496,IN,,,,,,,,,,0
20,910003497,IN,,,,,,,,,,0
20,910003499,IN,,,,,,,,,,0
20,910003506,IN,,,,,,,,,,0
20,910003507,IN,,,,,,,,,,0
20,910003508,IN,,,,,,,,,,0
20,910003511,IN,,,,,,,,,,0
20,910003512,IN,,,,,,,,,,0
20,910003513,IN,,,,,,,,,,0
20,910003514,IN,,,,,,,,,,0
20,910003515,IN,,,,,,,,,,0
20,910003516,IN,,,,,,,,,,0
20,910003517,IN,,,,,,,,,,0
20,910003518,IN,,,,,,,,,,0
20,910003521,IN,,,,,,,,,,0
20,910003522,IN,,,,,,,,,,0
20,910003523,IN,,,,,,,,,,0
20,910003524,IN,,,,,,,,,,0
20,910003525,IN,,,,,,,,,,0
20,910003527,IN,,,,,,,,,,0
20,910003529,IN,,,,,,,,,,0
20,910003530,IN,,,,,,,,,,0
20,910003533,IN,,,,,,,,,,0
20,910003534,IN,,,,,,,,,,0
20,910003535,IN,,,,,,,,,,0
20,910003536,IN,,,,,,,,,,0
20,910003537,IN,,,,,,,,,,0
20,910003538,IN,,,,,,,,,,0
20,910003539,IN,,,,,,,,,,0
20,910003540,IN,,,,,,,,,,0
20,910003541,IN,,,,,,,,,,0
20,910003542,IN,,,,,,,,,,0
20,910003543,IN,,,,,,,,,,0
20,910003545,IN,,,,,,,,,,0
20,910003546,IN,,,,,,,,,,0
20,910003547,IN,,,,,,,,,,0
20,910003548,IN,,,,,,,,,,0
20,910003550,IN,,,,,,,,,,0
20,910003553,IN,,,,,,,,,,0
20,910003554,IN,,,,,,,,,,0
20,910003555,IN,,,,,,,,,,0
20,910003556,IN,,,,,,,,,,0
20,910003557,IN,,,,,,,,,,0
20,910003558,IN,,,,,,,,,,0
20,910003559,IN,,,,,,,,,,0
20,910003560,IN,,,,,,,,,,0
20,910003561,IN,,,,,,,,,,0
20,910003566,IN,,,,,,,,,,0
20,910003568,IN,,,,,,,,,,0
20,910003569,IN,,,,,,,,,,0
20,910003571,IN,,,,,,,,,,0
20,910003572,IN,,,,,,,,,,0
20,910003573,IN,,,,,,,,,,0
20,910003574,IN,,,,,,,,,,0
20,910003575,IN,,,,,,,,,,0
20,910003576,IN,,,,,,,,,,0
20,910003578,IN,,,,,,,,,,0
20,910003579,IN,,,,,,,,,,0
20,910003582,IN,,,,,,,,,,0
20,910003586,IN,,,,,,,,,,0
20,910003587,IN,,,,,,,,,,0
20,910003589,IN,,,,,,,,,,0
20,910003590,IN,,,,,,,,,,0
20,910003591,IN,,,,,,,,,,0
20,910003592,IN,,,,,,,,,,0
20,910003593,IN,,,,,,,,,,0
20,910003594,IN,,,,,,,,,,0
20,910003595,IN,,,,,,,,,,0
20,910003596,IN,,,,,,,,,,0
20,910003600,IN,,,,,,,,,,0
20,910003603,IN,,,,,,,,,,0
20,910003604,IN,,,,,,,,,,0
20,910003606,IN,,,,,,,,,,0
20,910003607,IN,,,,,,,,,,0
20,910003608,IN,,,,,,,,,,0
20,910003609,IN,,,,,,,,,,0
20,910003611,IN,,,,,,,,,,0
20,910003616,IN,,,,,,,,,,0
20,910003617,IN,,,,,,,,,,0
20,910003623,IN,,,,,,,,,,0
20,910003624,IN,,,,,,,,,,0
20,910003628,IN,,,,,,,,,,0
20,910003629,IN,,,,,,,,,,0
20,910003630,IN,,,,,,,,,,0
20,910003631,IN,,,,,,,,,,0
20,910003632,IN,,,,,,,,,,0
20,910003633,IN,,,,,,,,,,0
20,910003638,IN,,,,,,,,,,0
20,910003639,IN,,,,,,,,,,0
20,910003640,IN,,,,,,,,,,0
20,910003644,IN,,,,,,,,,,0
20,910003647,IN,,,,,,,,,,0
20,910003655,IN,,,,,,,,,,0
20,910003656,IN,,,,,,,,,,0
20,910003657,IN,,,,,,,,,,0
20,910003659,IN,,,,,,,,,,0
20,910003661,IN,,,,,,,,,,0
20,910003663,IN,,,,,,,,,,0
20,910004706,IN,,,,,,,,,,0
20,910004707,IN,,,,,,,,,,0
20,910004708,IN,,,,,,,,,,0
20,910004709,IN,,,,,,,,,,0
20,910004710,IN,,,,,,,,,,0
20,910004711,IN,,,,,,,,,,0
20,910004712,IN,,,,,,,,,,0
20,910004717,IN,,,,,,,,,,0
20,910004718,IN,,,,,,,,,,0
20,910004722,IN,,,,,,,,,,0
20,910004727,IN,,,,,,,,,,0
20,910004728,IN,,,,,,,,,,0
20,910004729,IN,,,,,,,,,,0
20,910004730,IN,,,,,,,,,,0
20,910004731,IN,,,,,,,,,,0
20,910004732,IN,,,,,,,,,,0
20,910004733,IN,,,,,,,,,,0
20,910004734,IN,,,,,,,,,,0
20,910004735,IN,,,,,,,,,,0
20,910004736,IN,,,,,,,,,,0
20,910004738,IN,,,,,,,,,,0
20,910004741,IN,,,,,,,,,,0
20,910004743,IN,,,,,,,,,,0
20,910004744,IN,,,,,,,,,,0
20,910004748,IN,,,,,,,,,,0
20,910004749,IN,,,,,,,,,,0
20,910004750,IN,,,,,,,,,,0
20,910004751,IN,,,,,,,,,,0
20,910004752,IN,,,,,,,,,,0
20,910004753,IN,,,,,,,,,,0
20,910004755,IN,,,,,,,,,,0
20,910004759,IN,,,,,,,,,,0
20,910004760,IN,,,,,,,,,,0
20,910004763,IN,,,,,,,,,,0
20,910004766,IN,,,,,,,,,,0
20,910004767,IN,,,,,,,,,,0
20,910004768,IN,,,,,,,,,,0
20,910004774,IN,,,,,,,,,,0
20,910004776,IN,,,,,,,,,,0
20,910004779,IN,,,,,,,,,,0
20,910004780,IN,,,,,,,,,,0
20,910004781,IN,,,,,,,,,,0
20,910004783,IN,,,,,,,,,,0
20,910004784,IN,,,,,,,,,,0
20,910004792,IN,,,,,,,,,,0
20,910004793,IN,,,,,,,,,,0
20,910004794,IN,,,,,,,,,,0
20,910004795,IN,,,,,,,,,,0
20,910004805,IN,,,,,,,,,,0
20,910004810,IN,,,,,,,,,,0
20,910004811,IN,,,,,,,,,,0
20,910004812,IN,,,,,,,,,,0
20,910004816,IN,,,,,,,,,,0
20,910004821,IN,,,,,,,,,,0
20,910004827,IN,,,,,,,,,,0
20,910004828,IN,,,,,,,,,,0
20,910004836,IN,,,,,,,,,,0
20,910004837,IN,,,,,,,,,,0
20,910004844,IN,,,,,,,,,,0
20,910004845,IN,,,,,,,,,,0
20,910004850,IN,,,,,,,,,,0
20,910004851,IN,,,,,,,,,,0
20,910004852,IN,,,,,,,,,,0
20,910004853,IN,,,,,,,,,,0
20,910004854,IN,,,,,,,,,,0
20,910004856,IN,,,,,,,,,,0
20,910004858,IN,,,,,,,,,,0
20,910004860,IN,,,,,,,,,,0
20,910004861,IN,,,,,,,,,,0
20,910004866,IN,,,,,,,,,,0
20,910004871,IN,,,,,,,,,,0
20,910004874,IN,,,,,,,,,,0
20,910004878,IN,,,,,,,,,,0
20,910004879,IN,,,,,,,,,,0
20,910004880,IN,,,,,,,,,,0
20,910004884,IN,,,,,,,,,,0
20,910004885,IN,,,,,,,,,,0
20,910004889,IN,,,,,,,,,,0
20,910004890,IN,,,,,,,,,,0
20,910004892,IN,,,,,,,,,,0
20,910004893,IN,,,,,,,,,,0
20,910004894,IN,,,,,,,,,,0
20,910004897,IN,,,,,,,,,,0
20,910004901,IN,,,,,,,,,,0
20,910004907,IN,,,,,,,,,,0
20,910004908,IN,,,,,,,,,,0
20,910004909,IN,,,,,,,,,,0
20,910004910,IN,,,,,,,,,,0
20,910004912,IN,,,,,,,,,,0
20,910004913,IN,,,,,,,,,,0
20,910004914,IN,,,,,,,,,,0
20,910004915,IN,,,,,,,,,,0
20,910004916,IN,,,,,,,,,,0
20,910004917,IN,,,,,,,,,,0
20,910004918,IN,,,,,,,,,,0
20,910004923,IN,,,,,,,,,,0
20,910004927,IN,,,,,,,,,,0
20,910004928,IN,,,,,,,,,,0
20,910004931,IN,,,,,,,,,,0
20,910004935,IN,,,,,,,,,,0
20,910004936,IN,,,,,,,,,,0
20,910004940,IN,,,,,,,,,,0
20,910004941,IN,,,,,,,,,,0
20,910004943,IN,,,,,,,,,,0
20,910004946,IN,,,,,,,,,,0
20,910004947,IN,,,,,,,,,,0
20,910004948,IN,,,,,,,,,,0
20,915000301,IN,,,,,,,,,,0
20,210020152,IN,,,,,,,,,,0
20,516000274IN01,IN,,,,,,,,,,0
20,514444060IN01,IN,,,,,,,,,,0
20,5144441128X01,IN,,,,,,,,,,0
20,5144441118X01,IN,,,,,,,,,,0
20,110003466,IN,,,,,,,,,,0
20,110003646,IN,,,,,,,,,,0
20,931405253,IN,,,,,,,,,,0
20,931405254,IN,,,,,,,,,,0
20,510031294IN02,IN,,,,,,,,,,0
20,510031293IN02,IN,,,,,,,,,,0
20,510520802GB01,IN,,,,,,,,,,0
20,510520801GB01,IN,,,,,,,,,,0
20,516000451HK01,IN,,,,,,,,,,0
20,931405944,IN,,,,,,,,,,0
20,931405943,IN,,,,,,,,,,0
20,516000595IN01,IN,,,,,,,,,,0
20,516000594IN01,IN,,,,,,,,,,0
20,516000593IN01,IN,,,,,,,,,,0
20,516000592IN01,IN,,,,,,,,,,0
20,516000591IN01,IN,,,,,,,,,,0
20,516000590IN01,IN,,,,,,,,,,0
20,516000589IN01,IN,,,,,,,,,,0
20,516000588IN01,IN,,,,,,,,,,0
20,516000587IN01,IN,,,,,,,,,,0
20,421112375,IN,,,,,,,,,,0
20,421112374,IN,,,,,,,,,,0
20,910008957,IN,,,,,,,,,,0
20,210470229,IN,,,,,,,,,,0
20,210470235,IN,,,,,,,,,,0
20,210470236,IN,,,,,,,,,,0
20,210470240,IN,,,,,,,,,,0
20,210470243,IN,,,,,,,,,,0
20,210470244,IN,,,,,,,,,,0
20,210470250,IN,,,,,,,,,,0
20,210470253,IN,,,,,,,,,,0
20,210470258,IN,,,,,,,,,,0
20,210470259,IN,,,,,,,,,,0
20,210470268,IN,,,,,,,,,,0
20,210470275,IN,,,,,,,,,,0
20,210470278,IN,,,,,,,,,,0
20,210470281,IN,,,,,,,,,,0
20,210470286,IN,,,,,,,,,,0
20,210470295,IN,,,,,,,,,,0
20,210470297,IN,,,,,,,,,,0
20,210470300,IN,,,,,,,,,,0
20,210470302,IN,,,,,,,,,,0
20,210470303,IN,,,,,,,,,,0
20,210470304,IN,,,,,,,,,,0
20,210470305,IN,,,,,,,,,,0
20,210610010,IN,,,,,,,,,,0
20,210610011,IN,,,,,,,,,,0
20,210610012,IN,,,,,,,,,,0
20,210610013,IN,,,,,,,,,,0
20,210610014,IN,,,,,,,,,,0
20,210610015,IN,,,,,,,,,,0
20,210610016,IN,,,,,,,,,,0
20,210610017,IN,,,,,,,,,,0
20,210610018,IN,,,,,,,,,,0
20,210610019,IN,,,,,,,,,,0
20,210610020,IN,,,,,,,,,,0
20,210610021,IN,,,,,,,,,,0
20,210610022,IN,,,,,,,,,,0
20,210610023,IN,,,,,,,,,,0
20,210610024,IN,,,,,,,,,,0
20,210610025,IN,,,,,,,,,,0
20,210610026,IN,,,,,,,,,,0
20,310000001,IN,,,,,,,,,,0
20,310000003,IN,,,,,,,,,,0
20,310000013,IN,,,,,,,,,,0
20,310000017,IN,,,,,,,,,,0
20,310000024,IN,,,,,,,,,,0
20,310000025,IN,,,,,,,,,,0
20,310000029,IN,,,,,,,,,,0
20,310000030,IN,,,,,,,,,,0
20,310000031,IN,,,,,,,,,,0
20,310000032,IN,,,,,,,,,,0
20,310000035,IN,,,,,,,,,,0
20,310000036,IN,,,,,,,,,,0
20,310000038,IN,,,,,,,,,,0
20,310000039,IN,,,,,,,,,,0
20,310000040,IN,,,,,,,,,,0
20,310000041,IN,,,,,,,,,,0
20,310000042,IN,,,,,,,,,,0
20,310000043,IN,,,,,,,,,,0
20,310000045,IN,,,,,,,,,,0
20,310000052,IN,,,,,,,,,,0
20,310000055,IN,,,,,,,,,,0
20,310000061,IN,,,,,,,,,,0
20,310000066,IN,,,,,,,,,,0
20,310000072,IN,,,,,,,,,,0
20,310000073,IN,,,,,,,,,,0
20,310000074,IN,,,,,,,,,,0
20,310000075,IN,,,,,,,,,,0
20,310000077,IN,,,,,,,,,,0
20,310000083,IN,,,,,,,,,,0
20,310000087,IN,,,,,,,,,,0
20,310000094,IN,,,,,,,,,,0
20,310000097,IN,,,,,,,,,,0
20,310000099,IN,,,,,,,,,,0
20,310000109,IN,,,,,,,,,,0
20,310000110,IN,,,,,,,,,,0
20,310000111,IN,,,,,,,,,,0
20,310000112,IN,,,,,,,,,,0
20,310000113,IN,,,,,,,,,,0
20,310000114,IN,,,,,,,,,,0
20,310000115,IN,,,,,,,,,,0
20,310000120,IN,,,,,,,,,,0
20,310000128,IN,,,,,,,,,,0
20,310000131,IN,,,,,,,,,,0
20,310000132,IN,,,,,,,,,,0
20,310000135,IN,,,,,,,,,,0
20,310000139,IN,,,,,,,,,,0
20,310000141,IN,,,,,,,,,,0
20,310000142,IN,,,,,,,,,,0
20,310000143,IN,,,,,,,,,,0
20,310000144,IN,,,,,,,,,,0
20,310000147,IN,,,,,,,,,,0
20,310000149,IN,,,,,,,,,,0
20,310000150,IN,,,,,,,,,,0
20,310000151,IN,,,,,,,,,,0
20,310000155,IN,,,,,,,,,,0
20,310000162,IN,,,,,,,,,,0
20,310000163,IN,,,,,,,,,,0
20,310000166,IN,,,,,,,,,,0
20,310000167,IN,,,,,,,,,,0
20,310000170,IN,,,,,,,,,,0
20,310000172,IN,,,,,,,,,,0
20,310000180,IN,,,,,,,,,,0
20,310000182,IN,,,,,,,,,,0
20,310000183,IN,,,,,,,,,,0
20,310000201,IN,,,,,,,,,,0
20,310000205,IN,,,,,,,,,,0
20,310000206,IN,,,,,,,,,,0
20,310000207,IN,,,,,,,,,,0
20,310000211,IN,,,,,,,,,,0
20,310000214,IN,,,,,,,,,,0
20,310000225,IN,,,,,,,,,,0
20,310000226,IN,,,,,,,,,,0
20,310000229,IN,,,,,,,,,,0
20,310000230,IN,,,,,,,,,,0
20,310000252,IN,,,,,,,,,,0
20,310000253,IN,,,,,,,,,,0
20,310000254,IN,,,,,,,,,,0
20,310000258,IN,,,,,,,,,,0
20,310000260,IN,,,,,,,,,,0
20,310000270,IN,,,,,,,,,,0
20,310000277,IN,,,,,,,,,,0
20,310000286,IN,,,,,,,,,,0
20,310000292,IN,,,,,,,,,,0
20,310000293,IN,,,,,,,,,,0
20,310000294,IN,,,,,,,,,,0
20,310000297,IN,,,,,,,,,,0
20,310000302,IN,,,,,,,,,,0
20,310000309,IN,,,,,,,,,,0
20,310000310,IN,,,,,,,,,,0
20,310000313,IN,,,,,,,,,,0
20,310000314,IN,,,,,,,,,,0
20,310000477,IN,,,,,,,,,,0
20,310000499,IN,,,,,,,,,,0
20,110003571,IN,,,,,,,,,,0
20,516000212IN01,IN,,,,,,,,,,0
20,510520460GB01,IN,,,,,,,,,,0
20,510520459GB01,IN,,,,,,,,,,0
20,420520246,IN,,,,,,,,,,0
20,931405248,IN,,,,,,,,,,0
20,514444200MU01,IN,,,,,,,,,,0
20,931600487,IN,,,,,,,,,,0
20,510520803GB01,IN,,,,,,,,,,0
20,931405896,IN,,,,,,,,,,0
20,931405895,IN,,,,,,,,,,0
20,514443361PH07,IN,,,,,,,,,,0
20,516000623ZA01,IN,,,,,,,,,,0
20,516000624ZA01,IN,,,,,,,,,,0
20,910009152,IN,,,,,,,,,,0
20,910012335,IN,,,,,,,,,,0
20,310020121,IN,,,,,,,,,,0
20,510031698IN01,IN,,,,,,,,,,0
20,516001249IN01,IN,,,,,,,,,,0
20,516001250IN01,IN,,,,,,,,,,0
20,516001251IN01,IN,,,,,,,,,,0
20,510020394IN01,IN,,,,,,,,,,0
20,310001020,IN,,,,,,,,,,0
20,510521099FR01,IN,,,,,,,,,,0
20,910013441,IN,,,,,,,,,,0
20,910020314,IN,,,,,,,,,,0
20,910020313,IN,,,,,,,,,,0
20,910014354,IN,,,,,,,,,,0
20,510710627IN01,IN,,,,,,,,,,0
20,510710629IN01,IN,,,,,,,,,,0
20,516001571IN01,IN,,,,,,,,,,0
20,510006193IN01,IN,,,,,,,,,,0
20,931403093,IN,,,,,,,,,,0
20,931450690,IN,,,,,,,,,,0
20,420006484,IN,,,,,,,,,,0
20,931451295,IN,,,,,,,,,,0
20,910016695,IN,,,,,,,,,,0
20,911300117,IN,,,,,,,,,,0
20,911300537,IN,,,,,,,,,,0
20,930010072,IN,,,,,,,,,,0
20,930010071,IN,,,,,,,,,,0
20,910016812,IN,,,,,,,,,,0
20,931454134,IN,,,,,,,,,,0
20,931454133,IN,,,,,,,,,,0
20,931454131,IN,,,,,,,,,,0
20,210011808,IN,,,,,,,,,,0
20,931301069,IN,,,,,,,,,,0
20,931301070,IN,,,,,,,,,,0
20,931301071,IN,,,,,,,,,,0
20,931301072,IN,,,,,,,,,,0
20,931301075,IN,,,,,,,,,,0
20,931301076,IN,,,,,,,,,,0
20,931301077,IN,,,,,,,,,,0
20,931301086,IN,,,,,,,,,,0
20,910014098,IN,,,,,,,,,,0
20,911301613,IN,,,,,,,,,,0
20,931454691,IN,,,,,,,,,,0
20,931454690,IN,,,,,,,,,,0
20,931454689,IN,,,,,,,,,,0
20,931454688,IN,,,,,,,,,,0
20,931452552,IN,,,,,,,,,,0
20,910030229,IN,,,,,,,,,,0
20,910030228,IN,,,,,,,,,,0
20,911301886,IN,,,,,,,,,,0
20,514441734BO05,IN,,,,,,,,,,0
20,931304429,IN,,,,,,,,,,0
20,931304430,IN,,,,,,,,,,0
20,516002724IN01,IN,,,,,,,,,,0
20,516002723IN01,IN,,,,,,,,,,0
20,931406972,IN,,,,,,,,,,0
20,915001693,IN,,,,,,,,,,0
20,5177713638X01,IN,,,,,,,,,,0
20,514441721DO02,IN,,,,,,,,,,0
20,514443408IN06,IN,,,,,,,,,,0
20,911304498,IN,,,,,,,,,,0
20,911304500,IN,,,,,,,,,,0
20,931306024,IN,,,,,,,,,,0
20,931553334,IN,,,,,,,,,,0
20,510521489AT01,IN,,,,,,,,,,0
20,931554268,IN,,,,,,,,,,0
20,310460028,IN,,,,,,,,,,0
20,310460029,IN,,,,,,,,,,0
20,310460030,IN,,,,,,,,,,0
20,310460031,IN,,,,,,,,,,0
20,310460032,IN,,,,,,,,,,0
20,310460033,IN,,,,,,,,,,0
20,310460034,IN,,,,,,,,,,0
20,310460035,IN,,,,,,,,,,0
20,310460036,IN,,,,,,,,,,0
20,310460037,IN,,,,,,,,,,0
20,310460038,IN,,,,,,,,,,0
20,310460042,IN,,,,,,,,,,0
20,310460044,IN,,,,,,,,,,0
20,310460045,IN,,,,,,,,,,0
20,310460046,IN,,,,,,,,,,0
20,310460047,IN,,,,,,,,,,0
20,310470002,IN,,,,,,,,,,0
20,310470005,IN,,,,,,,,,,0
20,310470006,IN,,,,,,,,,,0
20,310480001,IN,,,,,,,,,,0
20,310550001,IN,,,,,,,,,,0
20,310550002,IN,,,,,,,,,,0
20,310550003,IN,,,,,,,,,,0
20,310570001,IN,,,,,,,,,,0
20,310570002,IN,,,,,,,,,,0
20,310570003,IN,,,,,,,,,,0
20,310570004,IN,,,,,,,,,,0
20,310570005,IN,,,,,,,,,,0
20,310570006,IN,,,,,,,,,,0
20,310610001,IN,,,,,,,,,,0
20,310610002,IN,,,,,,,,,,0
20,310610003,IN,,,,,,,,,,0
20,310610004,IN,,,,,,,,,,0
20,310610006,IN,,,,,,,,,,0
20,310610007,IN,,,,,,,,,,0
20,310610014,IN,,,,,,,,,,0
20,310610015,IN,,,,,,,,,,0
20,310610016,IN,,,,,,,,,,0
20,310610017,IN,,,,,,,,,,0
20,316000001,IN,,,,,,,,,,0
20,316000003,IN,,,,,,,,,,0
20,317770002,IN,,,,,,,,,,0
20,317770003,IN,,,,,,,,,,0
20,317770004,IN,,,,,,,,,,0
20,317770005,IN,,,,,,,,,,0
20,390000012,IN,,,,,,,,,,0
20,390000013,IN,,,,,,,,,,0
20,390000017,IN,,,,,,,,,,0
20,390000025,IN,,,,,,,,,,0
20,390000045,IN,,,,,,,,,,0
20,390000047,IN,,,,,,,,,,0
20,390000053,IN,,,,,,,,,,0
20,390000054,IN,,,,,,,,,,0
20,390000058,IN,,,,,,,,,,0
20,390000059,IN,,,,,,,,,,0
20,390000062,IN,,,,,,,,,,0
20,390000063,IN,,,,,,,,,,0
20,390000068,IN,,,,,,,,,,0
20,390000070,IN,,,,,,,,,,0
20,390000071,IN,,,,,,,,,,0
20,910002973,IN,,,,,,,,,,0
20,910002974,IN,,,,,,,,,,0
20,910002975,IN,,,,,,,,,,0
20,910002976,IN,,,,,,,,,,0
20,910002977,IN,,,,,,,,,,0
20,910002979,IN,,,,,,,,,,0
20,910002980,IN,,,,,,,,,,0
20,910002981,IN,,,,,,,,,,0
20,910002982,IN,,,,,,,,,,0
20,910002983,IN,,,,,,,,,,0
20,910002985,IN,,,,,,,,,,0
20,910002987,IN,,,,,,,,,,0
20,910002988,IN,,,,,,,,,,0
20,910002989,IN,,,,,,,,,,0
20,910002992,IN,,,,,,,,,,0
20,910002994,IN,,,,,,,,,,0
20,910002996,IN,,,,,,,,,,0
20,910003001,IN,,,,,,,,,,0
20,910003005,IN,,,,,,,,,,0
20,910003006,IN,,,,,,,,,,0
20,910003007,IN,,,,,,,,,,0
20,910003008,IN,,,,,,,,,,0
20,910003010,IN,,,,,,,,,,0
20,910003013,IN,,,,,,,,,,0
20,910003014,IN,,,,,,,,,,0
20,910003015,IN,,,,,,,,,,0
20,910003016,IN,,,,,,,,,,0
20,910003017,IN,,,,,,,,,,0
20,910003019,IN,,,,,,,,,,0
20,910003021,IN,,,,,,,,,,0
20,910003022,IN,,,,,,,,,,0
20,910003023,IN,,,,,,,,,,0
20,910003026,IN,,,,,,,,,,0
20,910003027,IN,,,,,,,,,,0
20,910003029,IN,,,,,,,,,,0
20,910003032,IN,,,,,,,,,,0
20,910003033,IN,,,,,,,,,,0
20,910003034,IN,,,,,,,,,,0
20,910003035,IN,,,,,,,,,,0
20,910003036,IN,,,,,,,,,,0
20,910003037,IN,,,,,,,,,,0
20,910003038,IN,,,,,,,,,,0
20,910003041,IN,,,,,,,,,,0
20,910003042,IN,,,,,,,,,,0
20,910003048,IN,,,,,,,,,,0
20,910003049,IN,,,,,,,,,,0
20,910003051,IN,,,,,,,,,,0
20,910003054,IN,,,,,,,,,,0
20,910003055,IN,,,,,,,,,,0
20,910003056,IN,,,,,,,,,,0
20,910003059,IN,,,,,,,,,,0
20,910003060,IN,,,,,,,,,,0
20,910003061,IN,,,,,,,,,,0
20,910003062,IN,,,,,,,,,,0
20,910003063,IN,,,,,,,,,,0
20,910003065,IN,,,,,,,,,,0
20,910003066,IN,,,,,,,,,,0
20,910003067,IN,,,,,,,,,,0
20,910003068,IN,,,,,,,,,,0
20,910003070,IN,,,,,,,,,,0
20,910003071,IN,,,,,,,,,,0
20,910003073,IN,,,,,,,,,,0
20,910003075,IN,,,,,,,,,,0
20,910003076,IN,,,,,,,,,,0
20,910003078,IN,,,,,,,,,,0
20,910003079,IN,,,,,,,,,,0
20,910003082,IN,,,,,,,,,,0
20,910003083,IN,,,,,,,,,,0
20,910003084,IN,,,,,,,,,,0
20,910003085,IN,,,,,,,,,,0
20,910003087,IN,,,,,,,,,,0
20,910003090,IN,,,,,,,,,,0
20,910003092,IN,,,,,,,,,,0
20,910003093,IN,,,,,,,,,,0
20,910003096,IN,,,,,,,,,,0
20,910003098,IN,,,,,,,,,,0
20,910003099,IN,,,,,,,,,,0
20,910003100,IN,,,,,,,,,,0
20,910003101,IN,,,,,,,,,,0
20,910003102,IN,,,,,,,,,,0
20,910003104,IN,,,,,,,,,,0
20,910003108,IN,,,,,,,,,,0
20,910003110,IN,,,,,,,,,,0
20,910003111,IN,,,,,,,,,,0
20,910003112,IN,,,,,,,,,,0
20,910003113,IN,,,,,,,,,,0
20,910003115,IN,,,,,,,,,,0
20,910003116,IN,,,,,,,,,,0
20,910003119,IN,,,,,,,,,,0
20,910003122,IN,,,,,,,,,,0
20,910003124,IN,,,,,,,,,,0
20,910003126,IN,,,,,,,,,,0
20,910003127,IN,,,,,,,,,,0
20,910003129,IN,,,,,,,,,,0
20,910003133,IN,,,,,,,,,,0
20,910003134,IN,,,,,,,,,,0
20,910003135,IN,,,,,,,,,,0
20,910003136,IN,,,,,,,,,,0
20,910003137,IN,,,,,,,,,,0
20,910003138,IN,,,,,,,,,,0
20,910003141,IN,,,,,,,,,,0
20,910003144,IN,,,,,,,,,,0
20,910003146,IN,,,,,,,,,,0
20,910003147,IN,,,,,,,,,,0
20,910003149,IN,,,,,,,,,,0
20,910003152,IN,,,,,,,,,,0
20,910003155,IN,,,,,,,,,,0
20,910003156,IN,,,,,,,,,,0
20,910003157,IN,,,,,,,,,,0
20,910003159,IN,,,,,,,,,,0
20,910003160,IN,,,,,,,,,,0
20,910003161,IN,,,,,,,,,,0
20,910003163,IN,,,,,,,,,,0
20,910003164,IN,,,,,,,,,,0
20,910003165,IN,,,,,,,,,,0
20,910003166,IN,,,,,,,,,,0
20,910003167,IN,,,,,,,,,,0
20,910003168,IN,,,,,,,,,,0
20,910003171,IN,,,,,,,,,,0
20,910003173,IN,,,,,,,,,,0
20,910003175,IN,,,,,,,,,,0
20,910003180,IN,,,,,,,,,,0
20,910003182,IN,,,,,,,,,,0
20,910003183,IN,,,,,,,,,,0
20,910003184,IN,,,,,,,,,,0
20,910003185,IN,,,,,,,,,,0
20,910003186,IN,,,,,,,,,,0
20,910003187,IN,,,,,,,,,,0
20,910003189,IN,,,,,,,,,,0
20,910003190,IN,,,,,,,,,,0
20,910003192,IN,,,,,,,,,,0
20,910003193,IN,,,,,,,,,,0
20,910003194,IN,,,,,,,,,,0
20,910003195,IN,,,,,,,,,,0
20,910003196,IN,,,,,,,,,,0
20,910003198,IN,,,,,,,,,,0
20,910004467,IN,,,,,,,,,,0
20,910004470,IN,,,,,,,,,,0
20,910004471,IN,,,,,,,,,,0
20,910004472,IN,,,,,,,,,,0
20,910004473,IN,,,,,,,,,,0
20,910004475,IN,,,,,,,,,,0
20,910004476,IN,,,,,,,,,,0
20,910004477,IN,,,,,,,,,,0
20,910004480,IN,,,,,,,,,,0
20,910004483,IN,,,,,,,,,,0
20,910004484,IN,,,,,,,,,,0
20,910004488,IN,,,,,,,,,,0
20,910004489,IN,,,,,,,,,,0
20,910004490,IN,,,,,,,,,,0
20,910004491,IN,,,,,,,,,,0
20,910004496,IN,,,,,,,,,,0
20,910004497,IN,,,,,,,,,,0
20,910004498,IN,,,,,,,,,,0
20,910004499,IN,,,,,,,,,,0
20,910004502,IN,,,,,,,,,,0
20,910004505,IN,,,,,,,,,,0
20,910004506,IN,,,,,,,,,,0
20,910004507,IN,,,,,,,,,,0
20,910004508,IN,,,,,,,,,,0
20,910004509,IN,,,,,,,,,,0
20,910004510,IN,,,,,,,,,,0
20,910004511,IN,,,,,,,,,,0
20,910004512,IN,,,,,,,,,,0
20,910004516,IN,,,,,,,,,,0
20,910004517,IN,,,,,,,,,,0
20,910004521,IN,,,,,,,,,,0
20,910004523,IN,,,,,,,,,,0
20,910004524,IN,,,,,,,,,,0
20,910004525,IN,,,,,,,,,,0
20,910004526,IN,,,,,,,,,,0
20,910004527,IN,,,,,,,,,,0
20,910004528,IN,,,,,,,,,,0
20,910004529,IN,,,,,,,,,,0
20,910004530,IN,,,,,,,,,,0
20,910004533,IN,,,,,,,,,,0
20,910004534,IN,,,,,,,,,,0
20,910004543,IN,,,,,,,,,,0
20,910004544,IN,,,,,,,,,,0
20,910004545,IN,,,,,,,,,,0
20,910004548,IN,,,,,,,,,,0
20,910004550,IN,,,,,,,,,,0
20,910004551,IN,,,,,,,,,,0
20,910004555,IN,,,,,,,,,,0
20,910004558,IN,,,,,,,,,,0
20,910004559,IN,,,,,,,,,,0
20,910004560,IN,,,,,,,,,,0
20,910004561,IN,,,,,,,,,,0
20,910004565,IN,,,,,,,,,,0
20,910004567,IN,,,,,,,,,,0
20,910004568,IN,,,,,,,,,,0
20,910004569,IN,,,,,,,,,,0
20,910004570,IN,,,,,,,,,,0
20,910004573,IN,,,,,,,,,,0
20,910004574,IN,,,,,,,,,,0
20,910004575,IN,,,,,,,,,,0
20,910004576,IN,,,,,,,,,,0
20,910004577,IN,,,,,,,,,,0
20,910004579,IN,,,,,,,,,,0
20,910004581,IN,,,,,,,,,,0
20,910004582,IN,,,,,,,,,,0
20,910004583,IN,,,,,,,,,,0
20,910004585,IN,,,,,,,,,,0
20,910004587,IN,,,,,,,,,,0
20,910004588,IN,,,,,,,,,,0
20,910004589,IN,,,,,,,,,,0
20,910004590,IN,,,,,,,,,,0
20,910004591,IN,,,,,,,,,,0
20,910004592,IN,,,,,,,,,,0
20,910004594,IN,,,,,,,,,,0
20,910004595,IN,,,,,,,,,,0
20,910004598,IN,,,,,,,,,,0
20,910004599,IN,,,,,,,,,,0
20,910004600,IN,,,,,,,,,,0
20,910004601,IN,,,,,,,,,,0
20,910004602,IN,,,,,,,,,,0
20,910004604,IN,,,,,,,,,,0
20,910004605,IN,,,,,,,,,,0
20,910004606,IN,,,,,,,,,,0
20,910004607,IN,,,,,,,,,,0
20,910004611,IN,,,,,,,,,,0
20,910004612,IN,,,,,,,,,,0
20,910004613,IN,,,,,,,,,,0
20,910004618,IN,,,,,,,,,,0
20,910004619,IN,,,,,,,,,,0
20,910004621,IN,,,,,,,,,,0
20,910004622,IN,,,,,,,,,,0
20,910004623,IN,,,,,,,,,,0
20,910004625,IN,,,,,,,,,,0
20,910004626,IN,,,,,,,,,,0
20,910004627,IN,,,,,,,,,,0
20,910004628,IN,,,,,,,,,,0
20,910004629,IN,,,,,,,,,,0
20,910004630,IN,,,,,,,,,,0
20,910004634,IN,,,,,,,,,,0
20,910004636,IN,,,,,,,,,,0
20,910004637,IN,,,,,,,,,,0
20,910004642,IN,,,,,,,,,,0
20,910004643,IN,,,,,,,,,,0
20,910004646,IN,,,,,,,,,,0
20,910004647,IN,,,,,,,,,,0
20,910004648,IN,,,,,,,,,,0
20,910004650,IN,,,,,,,,,,0
20,910004651,IN,,,,,,,,,,0
20,910004652,IN,,,,,,,,,,0
20,910004653,IN,,,,,,,,,,0
20,910004654,IN,,,,,,,,,,0
20,910004655,IN,,,,,,,,,,0
20,910004658,IN,,,,,,,,,,0
20,910004659,IN,,,,,,,,,,0
20,910004663,IN,,,,,,,,,,0
20,910004672,IN,,,,,,,,,,0
20,910004674,IN,,,,,,,,,,0
20,910004675,IN,,,,,,,,,,0
20,910004678,IN,,,,,,,,,,0
20,910004680,IN,,,,,,,,,,0
20,910004682,IN,,,,,,,,,,0
20,910004683,IN,,,,,,,,,,0
20,910004685,IN,,,,,,,,,,0
20,910004686,IN,,,,,,,,,,0
20,910004687,IN,,,,,,,,,,0
20,910004689,IN,,,,,,,,,,0
20,910004692,IN,,,,,,,,,,0
20,910004693,IN,,,,,,,,,,0
20,910004694,IN,,,,,,,,,,0
20,910004695,IN,,,,,,,,,,0
20,910004696,IN,,,,,,,,,,0
20,910004700,IN,,,,,,,,,,0
20,910004702,IN,,,,,,,,,,0
20,910004703,IN,,,,,,,,,,0
20,910004704,IN,,,,,,,,,,0
20,910004705,IN,,,,,,,,,,0
20,910006358,IN,,,,,,,,,,0
20,910006359,IN,,,,,,,,,,0
20,910006360,IN,,,,,,,,,,0
20,910006361,IN,,,,,,,,,,0
20,910006362,IN,,,,,,,,,,0
20,910006363,IN,,,,,,,,,,0
20,910006364,IN,,,,,,,,,,0
20,910006365,IN,,,,,,,,,,0
20,910006366,IN,,,,,,,,,,0
20,910006369,IN,,,,,,,,,,0
20,910006372,IN,,,,,,,,,,0
20,910006373,IN,,,,,,,,,,0
20,910006374,IN,,,,,,,,,,0
20,910006377,IN,,,,,,,,,,0
20,910006378,IN,,,,,,,,,,0
20,910006379,IN,,,,,,,,,,0
20,910006380,IN,,,,,,,,,,0
20,910006381,IN,,,,,,,,,,0
20,910006382,IN,,,,,,,,,,0
20,910006385,IN,,,,,,,,,,0
20,910006386,IN,,,,,,,,,,0
20,910006387,IN,,,,,,,,,,0
20,910006388,IN,,,,,,,,,,0
20,910006389,IN,,,,,,,,,,0
20,910006390,IN,,,,,,,,,,0
20,910006391,IN,,,,,,,,,,0
20,910006392,IN,,,,,,,,,,0
20,910006395,IN,,,,,,,,,,0
20,910006396,IN,,,,,,,,,,0
20,910006397,IN,,,,,,,,,,0
20,910006398,IN,,,,,,,,,,0
20,910006399,IN,,,,,,,,,,0
20,910006403,IN,,,,,,,,,,0
20,910006404,IN,,,,,,,,,,0
20,910006405,IN,,,,,,,,,,0
20,910006407,IN,,,,,,,,,,0
20,910006408,IN,,,,,,,,,,0
20,910006409,IN,,,,,,,,,,0
20,910006410,IN,,,,,,,,,,0
20,910006411,IN,,,,,,,,,,0
20,910006412,IN,,,,,,,,,,0
20,910006413,IN,,,,,,,,,,0
20,910006414,IN,,,,,,,,,,0
20,910006416,IN,,,,,,,,,,0
20,910006418,IN,,,,,,,,,,0
20,910006419,IN,,,,,,,,,,0
20,910006420,IN,,,,,,,,,,0
20,910006421,IN,,,,,,,,,,0
20,910006422,IN,,,,,,,,,,0
20,910006423,IN,,,,,,,,,,0
20,910006428,IN,,,,,,,,,,0
20,910006429,IN,,,,,,,,,,0
20,910006430,IN,,,,,,,,,,0
20,910006431,IN,,,,,,,,,,0
20,910006433,IN,,,,,,,,,,0
20,910006437,IN,,,,,,,,,,0
20,910006438,IN,,,,,,,,,,0
20,910006440,IN,,,,,,,,,,0
20,910006452,IN,,,,,,,,,,0
20,910006456,IN,,,,,,,,,,0
20,910006457,IN,,,,,,,,,,0
20,910006458,IN,,,,,,,,,,0
20,910006465,IN,,,,,,,,,,0
20,910006466,IN,,,,,,,,,,0
20,910006467,IN,,,,,,,,,,0
20,910006470,IN,,,,,,,,,,0
20,910006473,IN,,,,,,,,,,0
20,910006476,IN,,,,,,,,,,0
20,910006480,IN,,,,,,,,,,0
20,910006481,IN,,,,,,,,,,0
20,910006485,IN,,,,,,,,,,0
20,910006486,IN,,,,,,,,,,0
20,910006487,IN,,,,,,,,,,0
20,910006488,IN,,,,,,,,,,0
20,910006490,IN,,,,,,,,,,0
20,910006493,IN,,,,,,,,,,0
20,910006494,IN,,,,,,,,,,0
20,910006495,IN,,,,,,,,,,0
20,910006496,IN,,,,,,,,,,0
20,910006497,IN,,,,,,,,,,0
20,910006498,IN,,,,,,,,,,0
20,910006499,IN,,,,,,,,,,0
20,910006503,IN,,,,,,,,,,0
20,910006504,IN,,,,,,,,,,0
20,910006505,IN,,,,,,,,,,0
20,910006506,IN,,,,,,,,,,0
20,910006507,IN,,,,,,,,,,0
20,910006508,IN,,,,,,,,,,0
20,910006510,IN,,,,,,,,,,0
20,910006511,IN,,,,,,,,,,0
20,910006515,IN,,,,,,,,,,0
20,910006516,IN,,,,,,,,,,0
20,910006517,IN,,,,,,,,,,0
20,910006519,IN,,,,,,,,,,0
20,910006520,IN,,,,,,,,,,0
20,910006521,IN,,,,,,,,,,0
20,910006522,IN,,,,,,,,,,0
20,910006523,IN,,,,,,,,,,0
20,910006524,IN,,,,,,,,,,0
20,910006525,IN,,,,,,,,,,0
20,910006526,IN,,,,,,,,,,0
20,910006528,IN,,,,,,,,,,0
20,910006531,IN,,,,,,,,,,0
20,910006532,IN,,,,,,,,,,0
20,910006533,IN,,,,,,,,,,0
20,910006534,IN,,,,,,,,,,0
20,910006536,IN,,,,,,,,,,0
20,910006537,IN,,,,,,,,,,0
20,910006538,IN,,,,,,,,,,0
20,910006539,IN,,,,,,,,,,0
20,910006545,IN,,,,,,,,,,0
20,910006547,IN,,,,,,,,,,0
20,910006549,IN,,,,,,,,,,0
20,910006550,IN,,,,,,,,,,0
20,910006551,IN,,,,,,,,,,0
20,910006552,IN,,,,,,,,,,0
20,910006554,IN,,,,,,,,,,0
20,910006555,IN,,,,,,,,,,0
20,910006560,IN,,,,,,,,,,0
20,910006562,IN,,,,,,,,,,0
20,910006564,IN,,,,,,,,,,0
20,910006567,IN,,,,,,,,,,0
20,910006568,IN,,,,,,,,,,0
20,910006569,IN,,,,,,,,,,0
20,910006571,IN,,,,,,,,,,0
20,910006573,IN,,,,,,,,,,0
20,910006574,IN,,,,,,,,,,0
20,910006575,IN,,,,,,,,,,0
20,910006578,IN,,,,,,,,,,0
20,910006580,IN,,,,,,,,,,0
20,910006581,IN,,,,,,,,,,0
20,910006582,IN,,,,,,,,,,0
20,910006583,IN,,,,,,,,,,0
20,910006584,IN,,,,,,,,,,0
20,910006585,IN,,,,,,,,,,0
20,910006586,IN,,,,,,,,,,0
20,510520458GB01,IN,,,,,,,,,,0
20,590000674IN02,IN,,,,,,,,,,0
20,590000638DO01,IN,,,,,,,,,,0
20,590000718MZ01,IN,,,,,,,,,,0
20,910002812,IN,,,,,,,,,,0
20,931405123,IN,,,,,,,,,,0
20,110003653,IN,,,,,,,,,,0
20,931405245,IN,,,,,,,,,,0
20,931600489,IN,,,,,,,,,,0
20,514444090IN02,IN,,,,,,,,,,0
20,931405793,IN,,,,,,,,,,0
20,931405792,IN,,,,,,,,,,0
20,931405791,IN,,,,,,,,,,0
20,931405790,IN,,,,,,,,,,0
20,110510003,IN,,,,,,,,,,0
20,910011563,IN,,,,,,,,,,0
20,910011562,IN,,,,,,,,,,0
20,510031199IN03,IN,,,,,,,,,,0
20,210005110,IN,,,,,,,,,,0
20,210005108,IN,,,,,,,,,,0
20,510031700IN01,IN,,,,,,,,,,0
20,510520566ES03,IN,,,,,,,,,,0
20,516001246IN01,IN,,,,,,,,,,0
20,516001247IN01,IN,,,,,,,,,,0
20,910013114,IN,,,,,,,,,,0
20,931408252,IN,,,,,,,,,,0
20,910020318,IN,,,,,,,,,,0
20,915001035,IN,,,,,,,,,,0
20,210006178,IN,,,,,,,,,,0
20,210006177,IN,,,,,,,,,,0
20,931409107,IN,,,,,,,,,,0
20,310020091,IN,,,,,,,,,,0
20,910015119,IN,,,,,,,,,,0
20,516001572IN01,IN,,,,,,,,,,0
20,510010401IN01,IN,,,,,,,,,,0
20,910015771,IN,,,,,,,,,,0
20,910015781,IN,,,,,,,,,,0
20,931452003,IN,,,,,,,,,,0
20,911300799,IN,,,,,,,,,,0
20,310002926,IN,,,,,,,,,,0
20,931454137,IN,,,,,,,,,,0
20,420520592,IN,,,,,,,,,,0
20,931301044,IN,,,,,,,,,,0
20,931301045,IN,,,,,,,,,,0
20,931301046,IN,,,,,,,,,,0
20,931301047,IN,,,,,,,,,,0
20,931301048,IN,,,,,,,,,,0
20,931301049,IN,,,,,,,,,,0
20,931301050,IN,,,,,,,,,,0
20,931301051,IN,,,,,,,,,,0
20,931301052,IN,,,,,,,,,,0
20,931301053,IN,,,,,,,,,,0
20,931301058,IN,,,,,,,,,,0
20,931301059,IN,,,,,,,,,,0
20,931301060,IN,,,,,,,,,,0
20,931301061,IN,,,,,,,,,,0
20,931301062,IN,,,,,,,,,,0
20,931301065,IN,,,,,,,,,,0
20,931454440,IN,,,,,,,,,,0
20,517771200IN01,IN,,,,,,,,,,0
20,911301615,IN,,,,,,,,,,0
20,910016945,IN,,,,,,,,,,0
20,911301755,IN,,,,,,,,,,0
20,516001722ZA03,IN,,,,,,,,,,0
20,514441730BO05,IN,,,,,,,,,,0
20,514441731BO05,IN,,,,,,,,,,0
20,931304428,IN,,,,,,,,,,0
20,516002676IN01,IN,,,,,,,,,,0
20,516002727IN01,IN,,,,,,,,,,0
20,613008526,IN,,,,,,,,,,0
20,514445529PE01,IN,,,,,,,,,,0
20,310000500,IN,,,,,,,,,,0
20,310000501,IN,,,,,,,,,,0
20,310000503,IN,,,,,,,,,,0
20,310000504,IN,,,,,,,,,,0
20,310000505,IN,,,,,,,,,,0
20,310000506,IN,,,,,,,,,,0
20,310000507,IN,,,,,,,,,,0
20,310000538,IN,,,,,,,,,,0
20,310000539,IN,,,,,,,,,,0
20,310000541,IN,,,,,,,,,,0
20,310000543,IN,,,,,,,,,,0
20,310000554,IN,,,,,,,,,,0
20,310000555,IN,,,,,,,,,,0
20,310000556,IN,,,,,,,,,,0
20,310000558,IN,,,,,,,,,,0
20,310000561,IN,,,,,,,,,,0
20,310000565,IN,,,,,,,,,,0
20,310000566,IN,,,,,,,,,,0
20,310000568,IN,,,,,,,,,,0
20,310000569,IN,,,,,,,,,,0
20,310000570,IN,,,,,,,,,,0
20,310000571,IN,,,,,,,,,,0
20,310000575,IN,,,,,,,,,,0
20,310000578,IN,,,,,,,,,,0
20,310000587,IN,,,,,,,,,,0
20,310000588,IN,,,,,,,,,,0
20,310000589,IN,,,,,,,,,,0
20,310000596,IN,,,,,,,,,,0
20,310000597,IN,,,,,,,,,,0
20,310000598,IN,,,,,,,,,,0
20,310000599,IN,,,,,,,,,,0
20,310000601,IN,,,,,,,,,,0
20,310000602,IN,,,,,,,,,,0
20,310000603,IN,,,,,,,,,,0
20,310000604,IN,,,,,,,,,,0
20,310000610,IN,,,,,,,,,,0
20,310000615,IN,,,,,,,,,,0
20,310000618,IN,,,,,,,,,,0
20,310000620,IN,,,,,,,,,,0
20,310000621,IN,,,,,,,,,,0
20,310000622,IN,,,,,,,,,,0
20,310000623,IN,,,,,,,,,,0
20,310000625,IN,,,,,,,,,,0
20,310000630,IN,,,,,,,,,,0
20,310000631,IN,,,,,,,,,,0
20,310000633,IN,,,,,,,,,,0
20,310000638,IN,,,,,,,,,,0
20,310000641,IN,,,,,,,,,,0
20,310000642,IN,,,,,,,,,,0
20,310000643,IN,,,,,,,,,,0
20,310000644,IN,,,,,,,,,,0
20,310000646,IN,,,,,,,,,,0
20,310000647,IN,,,,,,,,,,0
20,310000649,IN,,,,,,,,,,0
20,310000650,IN,,,,,,,,,,0
20,310000651,IN,,,,,,,,,,0
20,310000652,IN,,,,,,,,,,0
20,310000653,IN,,,,,,,,,,0
20,310000654,IN,,,,,,,,,,0
20,310000655,IN,,,,,,,,,,0
20,310000657,IN,,,,,,,,,,0
20,310000658,IN,,,,,,,,,,0
20,310000659,IN,,,,,,,,,,0
20,310000661,IN,,,,,,,,,,0
20,310000662,IN,,,,,,,,,,0
20,310310266,IN,,,,,,,,,,0
20,310310271,IN,,,,,,,,,,0
20,310310272,IN,,,,,,,,,,0
20,310310274,IN,,,,,,,,,,0
20,310310275,IN,,,,,,,,,,0
20,310310276,IN,,,,,,,,,,0
20,310310277,IN,,,,,,,,,,0
20,310310278,IN,,,,,,,,,,0
20,310310283,IN,,,,,,,,,,0
20,310310286,IN,,,,,,,,,,0
20,310310289,IN,,,,,,,,,,0
20,310310298,IN,,,,,,,,,,0
20,310310299,IN,,,,,,,,,,0
20,310310302,IN,,,,,,,,,,0
20,310310304,IN,,,,,,,,,,0
20,310310305,IN,,,,,,,,,,0
20,310310306,IN,,,,,,,,,,0
20,310310307,IN,,,,,,,,,,0
20,310310308,IN,,,,,,,,,,0
20,310310309,IN,,,,,,,,,,0
20,310310310,IN,,,,,,,,,,0
20,310310311,IN,,,,,,,,,,0
20,310310312,IN,,,,,,,,,,0
20,310310313,IN,,,,,,,,,,0
20,310310314,IN,,,,,,,,,,0
20,310310315,IN,,,,,,,,,,0
20,310310317,IN,,,,,,,,,,0
20,310310321,IN,,,,,,,,,,0
20,310320001,IN,,,,,,,,,,0
20,310320002,IN,,,,,,,,,,0
20,310320003,IN,,,,,,,,,,0
20,310320004,IN,,,,,,,,,,0
20,310340001,IN,,,,,,,,,,0
20,310340002,IN,,,,,,,,,,0
20,310340003,IN,,,,,,,,,,0
20,310340004,IN,,,,,,,,,,0
20,310340005,IN,,,,,,,,,,0
20,310340006,IN,,,,,,,,,,0
20,310340007,IN,,,,,,,,,,0
20,310340008,IN,,,,,,,,,,0
20,310340009,IN,,,,,,,,,,0
20,310340010,IN,,,,,,,,,,0
20,310340011,IN,,,,,,,,,,0
20,310340012,IN,,,,,,,,,,0
20,310340013,IN,,,,,,,,,,0
20,310340014,IN,,,,,,,,,,0
20,310340015,IN,,,,,,,,,,0
20,310340016,IN,,,,,,,,,,0
20,310340017,IN,,,,,,,,,,0
20,310340018,IN,,,,,,,,,,0
20,310340019,IN,,,,,,,,,,0
20,310350001,IN,,,,,,,,,,0
20,310350002,IN,,,,,,,,,,0
20,310350003,IN,,,,,,,,,,0
20,310350004,IN,,,,,,,,,,0
20,310350005,IN,,,,,,,,,,0
20,310350007,IN,,,,,,,,,,0
20,310350008,IN,,,,,,,,,,0
20,310350009,IN,,,,,,,,,,0
20,310350010,IN,,,,,,,,,,0
20,310350011,IN,,,,,,,,,,0
20,310350012,IN,,,,,,,,,,0
20,310350013,IN,,,,,,,,,,0
20,310350014,IN,,,,,,,,,,0
20,310350015,IN,,,,,,,,,,0
20,310350016,IN,,,,,,,,,,0
20,310350017,IN,,,,,,,,,,0
20,310350018,IN,,,,,,,,,,0
20,310350019,IN,,,,,,,,,,0
20,310350020,IN,,,,,,,,,,0
20,310350027,IN,,,,,,,,,,0
20,310350028,IN,,,,,,,,,,0
20,310350036,IN,,,,,,,,,,0
20,310350037,IN,,,,,,,,,,0
20,310360001,IN,,,,,,,,,,0
20,310360002,IN,,,,,,,,,,0
20,310360003,IN,,,,,,,,,,0
20,310360004,IN,,,,,,,,,,0
20,310360005,IN,,,,,,,,,,0
20,310360007,IN,,,,,,,,,,0
20,310380001,IN,,,,,,,,,,0
20,310380004,IN,,,,,,,,,,0
20,310380005,IN,,,,,,,,,,0
20,310380006,IN,,,,,,,,,,0
20,310380008,IN,,,,,,,,,,0
20,310380013,IN,,,,,,,,,,0
20,310380014,IN,,,,,,,,,,0
20,310380015,IN,,,,,,,,,,0
20,310380018,IN,,,,,,,,,,0
20,310380021,IN,,,,,,,,,,0
20,310450001,IN,,,,,,,,,,0
20,310450002,IN,,,,,,,,,,0
20,310450003,IN,,,,,,,,,,0
20,310460001,IN,,,,,,,,,,0
20,310460002,IN,,,,,,,,,,0
20,310460003,IN,,,,,,,,,,0
20,310460004,IN,,,,,,,,,,0
20,310460005,IN,,,,,,,,,,0
20,310460006,IN,,,,,,,,,,0
20,310460007,IN,,,,,,,,,,0
20,310460008,IN,,,,,,,,,,0
20,310460009,IN,,,,,,,,,,0
20,310460010,IN,,,,,,,,,,0
20,310460011,IN,,,,,,,,,,0
20,310460012,IN,,,,,,,,,,0
20,310460013,IN,,,,,,,,,,0
20,310460014,IN,,,,,,,,,,0
20,310460015,IN,,,,,,,,,,0
20,310460016,IN,,,,,,,,,,0
20,310460017,IN,,,,,,,,,,0
20,310460019,IN,,,,,,,,,,0
20,310460020,IN,,,,,,,,,,0
20,310460021,IN,,,,,,,,,,0
20,310460022,IN,,,,,,,,,,0
20,310460023,IN,,,,,,,,,,0
20,310460024,IN,,,,,,,,,,0
20,310460025,IN,,,,,,,,,,0
20,310460026,IN,,,,,,,,,,0
20,310460027,IN,,,,,,,,,,0
20,613003270,IN,,,,,,,,,,0
20,613003269,IN,,,,,,,,,,0
20,516000211IN01,IN,,,,,,,,,,0
20,310030277,IN,,,,,,,,,,0
20,310030276,IN,,,,,,,,,,0
20,514443992IN01,IN,,,,,,,,,,0
20,510520593GB01,IN,,,,,,,,,,0
20,510520592GB01,IN,,,,,,,,,,0
20,510520591GB01,IN,,,,,,,,,,0
20,5144441178X01,IN,,,,,,,,,,0
20,310020115,IN,,,,,,,,,,0
20,931405122,IN,,,,,,,,,,0
20,110003654,IN,,,,,,,,,,0
20,110003655,IN,,,,,,,,,,0
20,420520249,IN,,,,,,,,,,0
20,420520248,IN,,,,,,,,,,0
20,420520247,IN,,,,,,,,,,0
20,910004997,IN,,,,,,,,,,0
20,910004998,IN,,,,,,,,,,0
20,910004999,IN,,,,,,,,,,0
20,910005007,IN,,,,,,,,,,0
20,910005008,IN,,,,,,,,,,0
20,910005011,IN,,,,,,,,,,0
20,910005016,IN,,,,,,,,,,0
20,910005017,IN,,,,,,,,,,0
20,910005018,IN,,,,,,,,,,0
20,910005020,IN,,,,,,,,,,0
20,910005023,IN,,,,,,,,,,0
20,910005024,IN,,,,,,,,,,0
20,910005026,IN,,,,,,,,,,0
20,910005028,IN,,,,,,,,,,0
20,910005031,IN,,,,,,,,,,0
20,910005032,IN,,,,,,,,,,0
20,910005034,IN,,,,,,,,,,0
20,910005035,IN,,,,,,,,,,0
20,910005036,IN,,,,,,,,,,0
20,910005044,IN,,,,,,,,,,0
20,910005045,IN,,,,,,,,,,0
20,910005047,IN,,,,,,,,,,0
20,910005049,IN,,,,,,,,,,0
20,910005051,IN,,,,,,,,,,0
20,910005056,IN,,,,,,,,,,0
20,910005057,IN,,,,,,,,,,0
20,910005058,IN,,,,,,,,,,0
20,910005060,IN,,,,,,,,,,0
20,910005074,IN,,,,,,,,,,0
20,910005077,IN,,,,,,,,,,0
20,910005080,IN,,,,,,,,,,0
20,910005085,IN,,,,,,,,,,0
20,910005089,IN,,,,,,,,,,0
20,910005096,IN,,,,,,,,,,0
20,910005098,IN,,,,,,,,,,0
20,910005103,IN,,,,,,,,,,0
20,910005120,IN,,,,,,,,,,0
20,910005124,IN,,,,,,,,,,0
20,910005125,IN,,,,,,,,,,0
20,910005126,IN,,,,,,,,,,0
20,910005127,IN,,,,,,,,,,0
20,910005128,IN,,,,,,,,,,0
20,910005129,IN,,,,,,,,,,0
20,910005130,IN,,,,,,,,,,0
20,910005131,IN,,,,,,,,,,0
20,910005132,IN,,,,,,,,,,0
20,910005138,IN,,,,,,,,,,0
20,910005139,IN,,,,,,,,,,0
20,910005140,IN,,,,,,,,,,0
20,910005146,IN,,,,,,,,,,0
20,910005147,IN,,,,,,,,,,0
20,910005149,IN,,,,,,,,,,0
20,910005154,IN,,,,,,,,,,0
20,910005158,IN,,,,,,,,,,0
20,910005159,IN,,,,,,,,,,0
20,910005165,IN,,,,,,,,,,0
20,910005167,IN,,,,,,,,,,0
20,910005170,IN,,,,,,,,,,0
20,910005173,IN,,,,,,,,,,0
20,910005174,IN,,,,,,,,,,0
20,910005175,IN,,,,,,,,,,0
20,910005176,IN,,,,,,,,,,0
20,910005178,IN,,,,,,,,,,0
20,910005181,IN,,,,,,,,,,0
20,910005189,IN,,,,,,,,,,0
20,910005191,IN,,,,,,,,,,0
20,910005192,IN,,,,,,,,,,0
20,910005194,IN,,,,,,,,,,0
20,910005197,IN,,,,,,,,,,0
20,910005199,IN,,,,,,,,,,0
20,910005200,IN,,,,,,,,,,0
20,910005201,IN,,,,,,,,,,0
20,910005203,IN,,,,,,,,,,0
20,910005206,IN,,,,,,,,,,0
20,910005207,IN,,,,,,,,,,0
20,910005209,IN,,,,,,,,,,0
20,910005210,IN,,,,,,,,,,0
20,910005211,IN,,,,,,,,,,0
20,910005214,IN,,,,,,,,,,0
20,910005216,IN,,,,,,,,,,0
20,910005217,IN,,,,,,,,,,0
20,910005219,IN,,,,,,,,,,0
20,910005221,IN,,,,,,,,,,0
20,910005222,IN,,,,,,,,,,0
20,910005223,IN,,,,,,,,,,0
20,910005224,IN,,,,,,,,,,0
20,910005225,IN,,,,,,,,,,0
20,910005226,IN,,,,,,,,,,0
20,910005227,IN,,,,,,,,,,0
20,910005242,IN,,,,,,,,,,0
20,910005243,IN,,,,,,,,,,0
20,910005244,IN,,,,,,,,,,0
20,910005245,IN,,,,,,,,,,0
20,910005246,IN,,,,,,,,,,0
20,910005251,IN,,,,,,,,,,0
20,910005260,IN,,,,,,,,,,0
20,910005261,IN,,,,,,,,,,0
20,910005263,IN,,,,,,,,,,0
20,910005265,IN,,,,,,,,,,0
20,910005266,IN,,,,,,,,,,0
20,910005267,IN,,,,,,,,,,0
20,910005268,IN,,,,,,,,,,0
20,910005272,IN,,,,,,,,,,0
20,910005273,IN,,,,,,,,,,0
20,910005274,IN,,,,,,,,,,0
20,910005278,IN,,,,,,,,,,0
20,910005281,IN,,,,,,,,,,0
20,910005282,IN,,,,,,,,,,0
20,910005283,IN,,,,,,,,,,0
20,910005284,IN,,,,,,,,,,0
20,910005288,IN,,,,,,,,,,0
20,910005289,IN,,,,,,,,,,0
20,910005290,IN,,,,,,,,,,0
20,910005291,IN,,,,,,,,,,0
20,910005292,IN,,,,,,,,,,0
20,910005294,IN,,,,,,,,,,0
20,910005296,IN,,,,,,,,,,0
20,910005297,IN,,,,,,,,,,0
20,910005298,IN,,,,,,,,,,0
20,910005299,IN,,,,,,,,,,0
20,910005300,IN,,,,,,,,,,0
20,910005301,IN,,,,,,,,,,0
20,910005302,IN,,,,,,,,,,0
20,910005303,IN,,,,,,,,,,0
20,910005304,IN,,,,,,,,,,0
20,910005307,IN,,,,,,,,,,0
20,910005308,IN,,,,,,,,,,0
20,910005309,IN,,,,,,,,,,0
20,910005311,IN,,,,,,,,,,0
20,910005320,IN,,,,,,,,,,0
20,910005323,IN,,,,,,,,,,0
20,910005325,IN,,,,,,,,,,0
20,910005326,IN,,,,,,,,,,0
20,910005327,IN,,,,,,,,,,0
20,910005328,IN,,,,,,,,,,0
20,910005329,IN,,,,,,,,,,0
20,310000664,IN,,,,,,,,,,0
20,310000667,IN,,,,,,,,,,0
20,310000668,IN,,,,,,,,,,0
20,310000669,IN,,,,,,,,,,0
20,310000673,IN,,,,,,,,,,0
20,310000674,IN,,,,,,,,,,0
20,310000675,IN,,,,,,,,,,0
20,310000682,IN,,,,,,,,,,0
20,310000683,IN,,,,,,,,,,0
20,310000686,IN,,,,,,,,,,0
20,310000687,IN,,,,,,,,,,0
20,310000688,IN,,,,,,,,,,0
20,310000689,IN,,,,,,,,,,0
20,310000690,IN,,,,,,,,,,0
20,310000693,IN,,,,,,,,,,0
20,310000696,IN,,,,,,,,,,0
20,310000697,IN,,,,,,,,,,0
20,310000698,IN,,,,,,,,,,0
20,310000699,IN,,,,,,,,,,0
20,310000700,IN,,,,,,,,,,0
20,310000702,IN,,,,,,,,,,0
20,310000705,IN,,,,,,,,,,0
20,310000706,IN,,,,,,,,,,0
20,310000708,IN,,,,,,,,,,0
20,310000709,IN,,,,,,,,,,0
20,310000710,IN,,,,,,,,,,0
20,310000711,IN,,,,,,,,,,0
20,310000713,IN,,,,,,,,,,0
20,310000716,IN,,,,,,,,,,0
20,310000720,IN,,,,,,,,,,0
20,310000721,IN,,,,,,,,,,0
20,310000722,IN,,,,,,,,,,0
20,310000724,IN,,,,,,,,,,0
20,310000725,IN,,,,,,,,,,0
20,310000726,IN,,,,,,,,,,0
20,310000731,IN,,,,,,,,,,0
20,310000732,IN,,,,,,,,,,0
20,310000734,IN,,,,,,,,,,0
20,310000738,IN,,,,,,,,,,0
20,310000741,IN,,,,,,,,,,0
20,310000742,IN,,,,,,,,,,0
20,310000743,IN,,,,,,,,,,0
20,310000744,IN,,,,,,,,,,0
20,310000746,IN,,,,,,,,,,0
20,310000747,IN,,,,,,,,,,0
20,310000748,IN,,,,,,,,,,0
20,310000750,IN,,,,,,,,,,0
20,310000755,IN,,,,,,,,,,0
20,310000756,IN,,,,,,,,,,0
20,310000759,IN,,,,,,,,,,0
20,310000760,IN,,,,,,,,,,0
20,310000761,IN,,,,,,,,,,0
20,310000762,IN,,,,,,,,,,0
20,310000765,IN,,,,,,,,,,0
20,310000766,IN,,,,,,,,,,0
20,310000767,IN,,,,,,,,,,0
20,310000768,IN,,,,,,,,,,0
20,310000770,IN,,,,,,,,,,0
20,310000771,IN,,,,,,,,,,0
20,310000772,IN,,,,,,,,,,0
20,310000774,IN,,,,,,,,,,0
20,310000775,IN,,,,,,,,,,0
20,310000778,IN,,,,,,,,,,0
20,310000780,IN,,,,,,,,,,0
20,310000781,IN,,,,,,,,,,0
20,310000782,IN,,,,,,,,,,0
20,310000783,IN,,,,,,,,,,0
20,310000784,IN,,,,,,,,,,0
20,310000786,IN,,,,,,,,,,0
20,310000787,IN,,,,,,,,,,0
20,310000789,IN,,,,,,,,,,0
20,310000793,IN,,,,,,,,,,0
20,310000799,IN,,,,,,,,,,0
20,310000801,IN,,,,,,,,,,0
20,310000803,IN,,,,,,,,,,0
20,310000804,IN,,,,,,,,,,0
20,310000805,IN,,,,,,,,,,0
20,310000806,IN,,,,,,,,,,0
20,310000811,IN,,,,,,,,,,0
20,310000812,IN,,,,,,,,,,0
20,310000814,IN,,,,,,,,,,0
20,310000815,IN,,,,,,,,,,0
20,310000816,IN,,,,,,,,,,0
20,310000819,IN,,,,,,,,,,0
20,310000820,IN,,,,,,,,,,0
20,310000821,IN,,,,,,,,,,0
20,310000822,IN,,,,,,,,,,0
20,310000825,IN,,,,,,,,,,0
20,310000826,IN,,,,,,,,,,0
20,310000827,IN,,,,,,,,,,0
20,310000828,IN,,,,,,,,,,0
20,310000830,IN,,,,,,,,,,0
20,310000832,IN,,,,,,,,,,0
20,310000833,IN,,,,,,,,,,0
20,310000834,IN,,,,,,,,,,0
20,310000835,IN,,,,,,,,,,0
20,310000836,IN,,,,,,,,,,0
20,310000840,IN,,,,,,,,,,0
20,310000841,IN,,,,,,,,,,0
20,310000848,IN,,,,,,,,,,0
20,310000849,IN,,,,,,,,,,0
20,310000850,IN,,,,,,,,,,0
20,310000851,IN,,,,,,,,,,0
20,310000853,IN,,,,,,,,,,0
20,310000854,IN,,,,,,,,,,0
20,310000855,IN,,,,,,,,,,0
20,310000859,IN,,,,,,,,,,0
20,310000860,IN,,,,,,,,,,0
20,310000862,IN,,,,,,,,,,0
20,310000863,IN,,,,,,,,,,0
20,310000864,IN,,,,,,,,,,0
20,310000865,IN,,,,,,,,,,0
20,310000866,IN,,,,,,,,,,0
20,310000868,IN,,,,,,,,,,0
20,310000869,IN,,,,,,,,,,0
20,310000872,IN,,,,,,,,,,0
20,310000873,IN,,,,,,,,,,0
20,310000874,IN,,,,,,,,,,0
20,310000875,IN,,,,,,,,,,0
20,310000876,IN,,,,,,,,,,0
20,310000877,IN,,,,,,,,,,0
20,310000878,IN,,,,,,,,,,0
20,310000879,IN,,,,,,,,,,0
20,310000880,IN,,,,,,,,,,0
20,310000883,IN,,,,,,,,,,0
20,310000886,IN,,,,,,,,,,0
20,310000887,IN,,,,,,,,,,0
20,310000889,IN,,,,,,,,,,0
20,310000892,IN,,,,,,,,,,0
20,310000893,IN,,,,,,,,,,0
20,310000894,IN,,,,,,,,,,0
20,310000895,IN,,,,,,,,,,0
20,310000896,IN,,,,,,,,,,0
20,310000897,IN,,,,,,,,,,0
20,310000898,IN,,,,,,,,,,0
20,310000900,IN,,,,,,,,,,0
20,310250066,IN,,,,,,,,,,0
20,310250067,IN,,,,,,,,,,0
20,310250068,IN,,,,,,,,,,0
20,310250069,IN,,,,,,,,,,0
20,310250070,IN,,,,,,,,,,0
20,310250071,IN,,,,,,,,,,0
20,310250072,IN,,,,,,,,,,0
20,310250073,IN,,,,,,,,,,0
20,310250074,IN,,,,,,,,,,0
20,310250078,IN,,,,,,,,,,0
20,310250079,IN,,,,,,,,,,0
20,310250080,IN,,,,,,,,,,0
20,310250081,IN,,,,,,,,,,0
20,310250082,IN,,,,,,,,,,0
20,310250083,IN,,,,,,,,,,0
20,310250084,IN,,,,,,,,,,0
20,310250085,IN,,,,,,,,,,0
20,310250086,IN,,,,,,,,,,0
20,310250087,IN,,,,,,,,,,0
20,310250088,IN,,,,,,,,,,0
20,310250089,IN,,,,,,,,,,0
20,310250090,IN,,,,,,,,,,0
20,310250091,IN,,,,,,,,,,0
20,310250092,IN,,,,,,,,,,0
20,310250093,IN,,,,,,,,,,0
20,310250095,IN,,,,,,,,,,0
20,310250096,IN,,,,,,,,,,0
20,310250098,IN,,,,,,,,,,0
20,310250099,IN,,,,,,,,,,0
20,310250100,IN,,,,,,,,,,0
20,310250101,IN,,,,,,,,,,0
20,310250103,IN,,,,,,,,,,0
20,310250104,IN,,,,,,,,,,0
20,310250105,IN,,,,,,,,,,0
20,310250106,IN,,,,,,,,,,0
20,310250107,IN,,,,,,,,,,0
20,310250108,IN,,,,,,,,,,0
20,310250109,IN,,,,,,,,,,0
20,310250110,IN,,,,,,,,,,0
20,310250111,IN,,,,,,,,,,0
20,310250112,IN,,,,,,,,,,0
20,310250114,IN,,,,,,,,,,0
20,310250115,IN,,,,,,,,,,0
20,310250116,IN,,,,,,,,,,0
20,310250117,IN,,,,,,,,,,0
20,310250118,IN,,,,,,,,,,0
20,310250119,IN,,,,,,,,,,0
20,310250120,IN,,,,,,,,,,0
20,310250121,IN,,,,,,,,,,0
20,310250122,IN,,,,,,,,,,0
20,310250123,IN,,,,,,,,,,0
20,310250124,IN,,,,,,,,,,0
20,310250125,IN,,,,,,,,,,0
20,310250126,IN,,,,,,,,,,0
20,310250127,IN,,,,,,,,,,0
20,310250128,IN,,,,,,,,,,0
20,310250129,IN,,,,,,,,,,0
20,310250130,IN,,,,,,,,,,0
20,310250131,IN,,,,,,,,,,0
20,310250132,IN,,,,,,,,,,0
20,310250133,IN,,,,,,,,,,0
20,310250134,IN,,,,,,,,,,0
20,310250135,IN,,,,,,,,,,0
20,310250136,IN,,,,,,,,,,0
20,310250137,IN,,,,,,,,,,0
20,310250138,IN,,,,,,,,,,0
20,310250139,IN,,,,,,,,,,0
20,310250140,IN,,,,,,,,,,0
20,310250141,IN,,,,,,,,,,0
20,310250142,IN,,,,,,,,,,0
20,310250143,IN,,,,,,,,,,0
20,310250144,IN,,,,,,,,,,0
20,310250146,IN,,,,,,,,,,0
20,310250147,IN,,,,,,,,,,0
20,310250148,IN,,,,,,,,,,0
20,310250150,IN,,,,,,,,,,0
20,310250151,IN,,,,,,,,,,0
20,310250154,IN,,,,,,,,,,0
20,310250155,IN,,,,,,,,,,0
20,310250156,IN,,,,,,,,,,0
20,310250157,IN,,,,,,,,,,0
20,310250158,IN,,,,,,,,,,0
20,310250159,IN,,,,,,,,,,0
20,310250160,IN,,,,,,,,,,0
20,310250161,IN,,,,,,,,,,0
20,310250162,IN,,,,,,,,,,0
20,310260001,IN,,,,,,,,,,0
20,310260002,IN,,,,,,,,,,0
20,310260003,IN,,,,,,,,,,0
20,310260004,IN,,,,,,,,,,0
20,310260005,IN,,,,,,,,,,0
20,310260006,IN,,,,,,,,,,0
20,310260007,IN,,,,,,,,,,0
20,310260008,IN,,,,,,,,,,0
20,310260009,IN,,,,,,,,,,0
20,310260010,IN,,,,,,,,,,0
20,310260011,IN,,,,,,,,,,0
20,310270004,IN,,,,,,,,,,0
20,310270006,IN,,,,,,,,,,0
20,310270007,IN,,,,,,,,,,0
20,310270008,IN,,,,,,,,,,0
20,310270009,IN,,,,,,,,,,0
20,310270010,IN,,,,,,,,,,0
20,310270011,IN,,,,,,,,,,0
20,310270018,IN,,,,,,,,,,0
20,310270019,IN,,,,,,,,,,0
20,310270020,IN,,,,,,,,,,0
20,310270021,IN,,,,,,,,,,0
20,310270022,IN,,,,,,,,,,0
20,310270023,IN,,,,,,,,,,0
20,310270025,IN,,,,,,,,,,0
20,310270026,IN,,,,,,,,,,0
20,310270027,IN,,,,,,,,,,0
20,310270029,IN,,,,,,,,,,0
20,310270030,IN,,,,,,,,,,0
20,310270031,IN,,,,,,,,,,0
20,310270032,IN,,,,,,,,,,0
20,310270033,IN,,,,,,,,,,0
20,310270034,IN,,,,,,,,,,0
20,310270035,IN,,,,,,,,,,0
20,310270036,IN,,,,,,,,,,0
20,310270037,IN,,,,,,,,,,0
20,310270038,IN,,,,,,,,,,0
20,310270039,IN,,,,,,,,,,0
20,310270040,IN,,,,,,,,,,0
20,310270042,IN,,,,,,,,,,0
20,310270043,IN,,,,,,,,,,0
20,310270044,IN,,,,,,,,,,0
20,310270045,IN,,,,,,,,,,0
20,310270046,IN,,,,,,,,,,0
20,310270047,IN,,,,,,,,,,0
20,310270049,IN,,,,,,,,,,0
20,310270050,IN,,,,,,,,,,0
20,310280001,IN,,,,,,,,,,0
20,310280002,IN,,,,,,,,,,0
20,310280004,IN,,,,,,,,,,0
20,420005178,IN,,,,,,,,,,0
20,420005179,IN,,,,,,,,,,0
20,420005180,IN,,,,,,,,,,0
20,420005181,IN,,,,,,,,,,0
20,420005182,IN,,,,,,,,,,0
20,420005183,IN,,,,,,,,,,0
20,420005184,IN,,,,,,,,,,0
20,420005185,IN,,,,,,,,,,0
20,420005186,IN,,,,,,,,,,0
20,420005187,IN,,,,,,,,,,0
20,420005188,IN,,,,,,,,,,0
20,420005196,IN,,,,,,,,,,0
20,420005197,IN,,,,,,,,,,0
20,420005198,IN,,,,,,,,,,0
20,420005199,IN,,,,,,,,,,0
20,420005200,IN,,,,,,,,,,0
20,420005201,IN,,,,,,,,,,0
20,420005202,IN,,,,,,,,,,0
20,420005203,IN,,,,,,,,,,0
20,420005204,IN,,,,,,,,,,0
20,420005205,IN,,,,,,,,,,0
20,420005206,IN,,,,,,,,,,0
20,420005207,IN,,,,,,,,,,0
20,420005208,IN,,,,,,,,,,0
20,420005209,IN,,,,,,,,,,0
20,420005210,IN,,,,,,,,,,0
20,420005211,IN,,,,,,,,,,0
20,420005212,IN,,,,,,,,,,0
20,420005213,IN,,,,,,,,,,0
20,420005215,IN,,,,,,,,,,0
20,420005218,IN,,,,,,,,,,0
20,420005219,IN,,,,,,,,,,0
20,420005220,IN,,,,,,,,,,0
20,420005221,IN,,,,,,,,,,0
20,420005222,IN,,,,,,,,,,0
20,420005223,IN,,,,,,,,,,0
20,420005224,IN,,,,,,,,,,0
20,420005225,IN,,,,,,,,,,0
20,420005226,IN,,,,,,,,,,0
20,420005227,IN,,,,,,,,,,0
20,420005228,IN,,,,,,,,,,0
20,420005229,IN,,,,,,,,,,0
20,420005230,IN,,,,,,,,,,0
20,420005231,IN,,,,,,,,,,0
20,420005232,IN,,,,,,,,,,0
20,420005234,IN,,,,,,,,,,0
20,420005235,IN,,,,,,,,,,0
20,420005252,IN,,,,,,,,,,0
20,420005253,IN,,,,,,,,,,0
20,420005254,IN,,,,,,,,,,0
20,420005255,IN,,,,,,,,,,0
20,420005259,IN,,,,,,,,,,0
20,420005260,IN,,,,,,,,,,0
20,420005275,IN,,,,,,,,,,0
20,420005276,IN,,,,,,,,,,0
20,420005277,IN,,,,,,,,,,0
20,420005278,IN,,,,,,,,,,0
20,420005279,IN,,,,,,,,,,0
20,420005280,IN,,,,,,,,,,0
20,420005281,IN,,,,,,,,,,0
20,420005282,IN,,,,,,,,,,0
20,420005283,IN,,,,,,,,,,0
20,420005285,IN,,,,,,,,,,0
20,420005287,IN,,,,,,,,,,0
20,420005289,IN,,,,,,,,,,0
20,420005290,IN,,,,,,,,,,0
20,420005291,IN,,,,,,,,,,0
20,420005292,IN,,,,,,,,,,0
20,420005293,IN,,,,,,,,,,0
20,420005295,IN,,,,,,,,,,0
20,420005296,IN,,,,,,,,,,0
20,420005297,IN,,,,,,,,,,0
20,420005298,IN,,,,,,,,,,0
20,420005305,IN,,,,,,,,,,0
20,420005306,IN,,,,,,,,,,0
20,420005307,IN,,,,,,,,,,0
20,420005308,IN,,,,,,,,,,0
20,420005310,IN,,,,,,,,,,0
20,420005312,IN,,,,,,,,,,0
20,420005314,IN,,,,,,,,,,0
20,420005315,IN,,,,,,,,,,0
20,420005316,IN,,,,,,,,,,0
20,420005317,IN,,,,,,,,,,0
20,420005320,IN,,,,,,,,,,0
20,420005321,IN,,,,,,,,,,0
20,420005322,IN,,,,,,,,,,0
20,420005323,IN,,,,,,,,,,0
20,420005324,IN,,,,,,,,,,0
20,420005325,IN,,,,,,,,,,0
20,420005326,IN,,,,,,,,,,0
20,420005329,IN,,,,,,,,,,0
20,420005330,IN,,,,,,,,,,0
20,420005332,IN,,,,,,,,,,0
20,420005333,IN,,,,,,,,,,0
20,420005334,IN,,,,,,,,,,0
20,420005335,IN,,,,,,,,,,0
20,420005336,IN,,,,,,,,,,0
20,420005337,IN,,,,,,,,,,0
20,420005338,IN,,,,,,,,,,0
20,420005339,IN,,,,,,,,,,0
20,420005340,IN,,,,,,,,,,0
20,420005341,IN,,,,,,,,,,0
20,420005342,IN,,,,,,,,,,0
20,420005359,IN,,,,,,,,,,0
20,420005361,IN,,,,,,,,,,0
20,420005362,IN,,,,,,,,,,0
20,420005363,IN,,,,,,,,,,0
20,420005364,IN,,,,,,,,,,0
20,420005370,IN,,,,,,,,,,0
20,420005371,IN,,,,,,,,,,0
20,420005372,IN,,,,,,,,,,0
20,420005373,IN,,,,,,,,,,0
20,420005376,IN,,,,,,,,,,0
20,420005381,IN,,,,,,,,,,0
20,420005384,IN,,,,,,,,,,0
20,420005385,IN,,,,,,,,,,0
20,420010006,IN,,,,,,,,,,0
20,420010007,IN,,,,,,,,,,0
20,420020060,IN,,,,,,,,,,0
20,420100101,IN,,,,,,,,,,0
20,420100103,IN,,,,,,,,,,0
20,420100105,IN,,,,,,,,,,0
20,420100106,IN,,,,,,,,,,0
20,420100107,IN,,,,,,,,,,0
20,420210002,IN,,,,,,,,,,0
20,420210003,IN,,,,,,,,,,0
20,420250285,IN,,,,,,,,,,0
20,420270255,IN,,,,,,,,,,0
20,420270256,IN,,,,,,,,,,0
20,420270257,IN,,,,,,,,,,0
20,420270258,IN,,,,,,,,,,0
20,420270259,IN,,,,,,,,,,0
20,420270260,IN,,,,,,,,,,0
20,420270262,IN,,,,,,,,,,0
20,420270263,IN,,,,,,,,,,0
20,420270264,IN,,,,,,,,,,0
20,910002262,IN,,,,,,,,,,0
20,910002263,IN,,,,,,,,,,0
20,910002265,IN,,,,,,,,,,0
20,910002267,IN,,,,,,,,,,0
20,910002268,IN,,,,,,,,,,0
20,910002271,IN,,,,,,,,,,0
20,910002272,IN,,,,,,,,,,0
20,910002273,IN,,,,,,,,,,0
20,910002274,IN,,,,,,,,,,0
20,910002275,IN,,,,,,,,,,0
20,910002277,IN,,,,,,,,,,0
20,910002281,IN,,,,,,,,,,0
20,910002282,IN,,,,,,,,,,0
20,910002285,IN,,,,,,,,,,0
20,910002288,IN,,,,,,,,,,0
20,910002289,IN,,,,,,,,,,0
20,910002291,IN,,,,,,,,,,0
20,910002295,IN,,,,,,,,,,0
20,910002299,IN,,,,,,,,,,0
20,910002300,IN,,,,,,,,,,0
20,910002303,IN,,,,,,,,,,0
20,910002304,IN,,,,,,,,,,0
20,910002305,IN,,,,,,,,,,0
20,910002308,IN,,,,,,,,,,0
20,910002309,IN,,,,,,,,,,0
20,910002310,IN,,,,,,,,,,0
20,910002311,IN,,,,,,,,,,0
20,910002312,IN,,,,,,,,,,0
20,910002313,IN,,,,,,,,,,0
20,910002314,IN,,,,,,,,,,0
20,910002315,IN,,,,,,,,,,0
20,910002316,IN,,,,,,,,,,0
20,910002317,IN,,,,,,,,,,0
20,910002318,IN,,,,,,,,,,0
20,910002319,IN,,,,,,,,,,0
20,910002320,IN,,,,,,,,,,0
20,910002321,IN,,,,,,,,,,0
20,910002323,IN,,,,,,,,,,0
20,910002324,IN,,,,,,,,,,0
20,910002327,IN,,,,,,,,,,0
20,910002328,IN,,,,,,,,,,0
20,910002332,IN,,,,,,,,,,0
20,910002334,IN,,,,,,,,,,0
20,910002336,IN,,,,,,,,,,0
20,910002338,IN,,,,,,,,,,0
20,910002339,IN,,,,,,,,,,0
20,910002340,IN,,,,,,,,,,0
20,910002342,IN,,,,,,,,,,0
20,910002348,IN,,,,,,,,,,0
20,910002349,IN,,,,,,,,,,0
20,910002350,IN,,,,,,,,,,0
20,910002351,IN,,,,,,,,,,0
20,910002352,IN,,,,,,,,,,0
20,910002353,IN,,,,,,,,,,0
20,910002354,IN,,,,,,,,,,0
20,910002355,IN,,,,,,,,,,0
20,910002356,IN,,,,,,,,,,0
20,910002359,IN,,,,,,,,,,0
20,910002361,IN,,,,,,,,,,0
20,910002363,IN,,,,,,,,,,0
20,910002367,IN,,,,,,,,,,0
20,910002370,IN,,,,,,,,,,0
20,910002371,IN,,,,,,,,,,0
20,910002372,IN,,,,,,,,,,0
20,910002373,IN,,,,,,,,,,0
20,910002374,IN,,,,,,,,,,0
20,910002375,IN,,,,,,,,,,0
20,910002376,IN,,,,,,,,,,0
20,910002377,IN,,,,,,,,,,0
20,910002378,IN,,,,,,,,,,0
20,910002380,IN,,,,,,,,,,0
20,910002382,IN,,,,,,,,,,0
20,910002385,IN,,,,,,,,,,0
20,910002386,IN,,,,,,,,,,0
20,910002387,IN,,,,,,,,,,0
20,910002388,IN,,,,,,,,,,0
20,910002390,IN,,,,,,,,,,0
20,910002392,IN,,,,,,,,,,0
20,910002398,IN,,,,,,,,,,0
20,910002399,IN,,,,,,,,,,0
20,910002400,IN,,,,,,,,,,0
20,910002404,IN,,,,,,,,,,0
20,910002405,IN,,,,,,,,,,0
20,910002409,IN,,,,,,,,,,0
20,910002410,IN,,,,,,,,,,0
20,910002412,IN,,,,,,,,,,0
20,910002417,IN,,,,,,,,,,0
20,910002418,IN,,,,,,,,,,0
20,910002423,IN,,,,,,,,,,0
20,910002424,IN,,,,,,,,,,0
20,910002425,IN,,,,,,,,,,0
20,910002426,IN,,,,,,,,,,0
20,910002427,IN,,,,,,,,,,0
20,910002428,IN,,,,,,,,,,0
20,910002429,IN,,,,,,,,,,0
20,910002430,IN,,,,,,,,,,0
20,910002431,IN,,,,,,,,,,0
20,910002433,IN,,,,,,,,,,0
20,910002434,IN,,,,,,,,,,0
20,910002435,IN,,,,,,,,,,0
20,910002437,IN,,,,,,,,,,0
20,910002438,IN,,,,,,,,,,0
20,910002439,IN,,,,,,,,,,0
20,910002440,IN,,,,,,,,,,0
20,910002446,IN,,,,,,,,,,0
20,910002449,IN,,,,,,,,,,0
20,910002450,IN,,,,,,,,,,0
20,910002451,IN,,,,,,,,,,0
20,910002452,IN,,,,,,,,,,0
20,910002455,IN,,,,,,,,,,0
20,910002456,IN,,,,,,,,,,0
20,910002462,IN,,,,,,,,,,0
20,910002464,IN,,,,,,,,,,0
20,910002465,IN,,,,,,,,,,0
20,910002466,IN,,,,,,,,,,0
20,910002467,IN,,,,,,,,,,0
20,910002469,IN,,,,,,,,,,0
20,910002472,IN,,,,,,,,,,0
20,910002474,IN,,,,,,,,,,0
20,910002475,IN,,,,,,,,,,0
20,910002476,IN,,,,,,,,,,0
20,910002477,IN,,,,,,,,,,0
20,910002479,IN,,,,,,,,,,0
20,910002480,IN,,,,,,,,,,0
20,910002481,IN,,,,,,,,,,0
20,910002482,IN,,,,,,,,,,0
20,910002483,IN,,,,,,,,,,0
20,910002484,IN,,,,,,,,,,0
20,910002485,IN,,,,,,,,,,0
20,910002486,IN,,,,,,,,,,0
20,910002490,IN,,,,,,,,,,0
20,910002493,IN,,,,,,,,,,0
20,910002497,IN,,,,,,,,,,0
20,910002498,IN,,,,,,,,,,0
20,910002499,IN,,,,,,,,,,0
20,910002500,IN,,,,,,,,,,0
20,910003951,IN,,,,,,,,,,0
20,910003952,IN,,,,,,,,,,0
20,910003953,IN,,,,,,,,,,0
20,910003954,IN,,,,,,,,,,0
20,910003955,IN,,,,,,,,,,0
20,910003956,IN,,,,,,,,,,0
20,910003957,IN,,,,,,,,,,0
20,910003958,IN,,,,,,,,,,0
20,910003959,IN,,,,,,,,,,0
20,910003960,IN,,,,,,,,,,0
20,910003964,IN,,,,,,,,,,0
20,910003965,IN,,,,,,,,,,0
20,910003966,IN,,,,,,,,,,0
20,910003970,IN,,,,,,,,,,0
20,910003971,IN,,,,,,,,,,0
20,910003972,IN,,,,,,,,,,0
20,910003976,IN,,,,,,,,,,0
20,910003977,IN,,,,,,,,,,0
20,910003978,IN,,,,,,,,,,0
20,910003979,IN,,,,,,,,,,0
20,910003981,IN,,,,,,,,,,0
20,910003982,IN,,,,,,,,,,0
20,910003983,IN,,,,,,,,,,0
20,910003984,IN,,,,,,,,,,0
20,910003985,IN,,,,,,,,,,0
20,910003986,IN,,,,,,,,,,0
20,910003988,IN,,,,,,,,,,0
20,910003989,IN,,,,,,,,,,0
20,910003995,IN,,,,,,,,,,0
20,910004010,IN,,,,,,,,,,0
20,910004012,IN,,,,,,,,,,0
20,910004013,IN,,,,,,,,,,0
20,910004015,IN,,,,,,,,,,0
20,910004017,IN,,,,,,,,,,0
20,910004019,IN,,,,,,,,,,0
20,910004022,IN,,,,,,,,,,0
20,910004023,IN,,,,,,,,,,0
20,910004026,IN,,,,,,,,,,0
20,910004027,IN,,,,,,,,,,0
20,910004028,IN,,,,,,,,,,0
20,910004031,IN,,,,,,,,,,0
20,910004032,IN,,,,,,,,,,0
20,910004035,IN,,,,,,,,,,0
20,910004036,IN,,,,,,,,,,0
20,910004037,IN,,,,,,,,,,0
20,910004038,IN,,,,,,,,,,0
20,910004039,IN,,,,,,,,,,0
20,910004040,IN,,,,,,,,,,0
20,910004049,IN,,,,,,,,,,0
20,910004063,IN,,,,,,,,,,0
20,910004064,IN,,,,,,,,,,0
20,910004065,IN,,,,,,,,,,0
20,910004070,IN,,,,,,,,,,0
20,910004071,IN,,,,,,,,,,0
20,910004073,IN,,,,,,,,,,0
20,910004076,IN,,,,,,,,,,0
20,910004077,IN,,,,,,,,,,0
20,910004082,IN,,,,,,,,,,0
20,910004084,IN,,,,,,,,,,0
20,910004085,IN,,,,,,,,,,0
20,910004087,IN,,,,,,,,,,0
20,910004095,IN,,,,,,,,,,0
20,910004102,IN,,,,,,,,,,0
20,910004103,IN,,,,,,,,,,0
20,910004106,IN,,,,,,,,,,0
20,910004107,IN,,,,,,,,,,0
20,910004108,IN,,,,,,,,,,0
20,910004109,IN,,,,,,,,,,0
20,910004111,IN,,,,,,,,,,0
20,910004114,IN,,,,,,,,,,0
20,910004116,IN,,,,,,,,,,0
20,910004117,IN,,,,,,,,,,0
20,910004118,IN,,,,,,,,,,0
20,910004119,IN,,,,,,,,,,0
20,910004123,IN,,,,,,,,,,0
20,910004124,IN,,,,,,,,,,0
20,910004125,IN,,,,,,,,,,0
20,910004126,IN,,,,,,,,,,0
20,910004127,IN,,,,,,,,,,0
20,910004128,IN,,,,,,,,,,0
20,910004129,IN,,,,,,,,,,0
20,910004130,IN,,,,,,,,,,0
20,910004132,IN,,,,,,,,,,0
20,910004133,IN,,,,,,,,,,0
20,910004135,IN,,,,,,,,,,0
20,910004138,IN,,,,,,,,,,0
20,910004142,IN,,,,,,,,,,0
20,910004143,IN,,,,,,,,,,0
20,910004144,IN,,,,,,,,,,0
20,910004146,IN,,,,,,,,,,0
20,910004147,IN,,,,,,,,,,0
20,910004149,IN,,,,,,,,,,0
20,910004150,IN,,,,,,,,,,0
20,910004151,IN,,,,,,,,,,0
20,910004152,IN,,,,,,,,,,0
20,910004153,IN,,,,,,,,,,0
20,910004158,IN,,,,,,,,,,0
20,910004161,IN,,,,,,,,,,0
20,910004163,IN,,,,,,,,,,0
20,910004164,IN,,,,,,,,,,0
20,910004165,IN,,,,,,,,,,0
20,910004166,IN,,,,,,,,,,0
20,910004168,IN,,,,,,,,,,0
20,910004169,IN,,,,,,,,,,0
20,910004173,IN,,,,,,,,,,0
20,910004174,IN,,,,,,,,,,0
20,910004175,IN,,,,,,,,,,0
20,910004178,IN,,,,,,,,,,0
20,910004179,IN,,,,,,,,,,0
20,910004180,IN,,,,,,,,,,0
20,910004181,IN,,,,,,,,,,0
20,910004182,IN,,,,,,,,,,0
20,910004183,IN,,,,,,,,,,0
20,910004184,IN,,,,,,,,,,0
20,910004187,IN,,,,,,,,,,0
20,910004188,IN,,,,,,,,,,0
20,910004189,IN,,,,,,,,,,0
20,910004190,IN,,,,,,,,,,0
20,910004191,IN,,,,,,,,,,0
20,910004192,IN,,,,,,,,,,0
20,910004194,IN,,,,,,,,,,0
20,910004196,IN,,,,,,,,,,0
20,910004197,IN,,,,,,,,,,0
20,910004198,IN,,,,,,,,,,0
20,910004201,IN,,,,,,,,,,0
20,910004205,IN,,,,,,,,,,0
20,910004206,IN,,,,,,,,,,0
20,910004207,IN,,,,,,,,,,0
20,910004208,IN,,,,,,,,,,0
20,910004210,IN,,,,,,,,,,0
20,910004211,IN,,,,,,,,,,0
20,910004213,IN,,,,,,,,,,0
20,910004215,IN,,,,,,,,,,0
20,910004216,IN,,,,,,,,,,0
20,910004219,IN,,,,,,,,,,0
20,910004220,IN,,,,,,,,,,0
20,910006587,IN,,,,,,,,,,0
20,910006588,IN,,,,,,,,,,0
20,910006589,IN,,,,,,,,,,0
20,910006590,IN,,,,,,,,,,0
20,910006591,IN,,,,,,,,,,0
20,910006592,IN,,,,,,,,,,0
20,910006593,IN,,,,,,,,,,0
20,910006594,IN,,,,,,,,,,0
20,910006595,IN,,,,,,,,,,0
20,910006596,IN,,,,,,,,,,0
20,910006597,IN,,,,,,,,,,0
20,910006598,IN,,,,,,,,,,0
20,910006599,IN,,,,,,,,,,0
20,910006600,IN,,,,,,,,,,0
20,910006605,IN,,,,,,,,,,0
20,910006607,IN,,,,,,,,,,0
20,910006608,IN,,,,,,,,,,0
20,910006609,IN,,,,,,,,,,0
20,910006610,IN,,,,,,,,,,0
20,910006611,IN,,,,,,,,,,0
20,910006612,IN,,,,,,,,,,0
20,910006613,IN,,,,,,,,,,0
20,910006617,IN,,,,,,,,,,0
20,910006618,IN,,,,,,,,,,0
20,910006619,IN,,,,,,,,,,0
20,910006620,IN,,,,,,,,,,0
20,910006622,IN,,,,,,,,,,0
20,910006624,IN,,,,,,,,,,0
20,910006629,IN,,,,,,,,,,0
20,910006630,IN,,,,,,,,,,0
20,910006631,IN,,,,,,,,,,0
20,910006632,IN,,,,,,,,,,0
20,910006633,IN,,,,,,,,,,0
20,910006634,IN,,,,,,,,,,0
20,910006636,IN,,,,,,,,,,0
20,910006637,IN,,,,,,,,,,0
20,910006638,IN,,,,,,,,,,0
20,910006639,IN,,,,,,,,,,0
20,910006640,IN,,,,,,,,,,0
20,910006641,IN,,,,,,,,,,0
20,910006642,IN,,,,,,,,,,0
20,910006643,IN,,,,,,,,,,0
20,910006644,IN,,,,,,,,,,0
20,910006646,IN,,,,,,,,,,0
20,910006649,IN,,,,,,,,,,0
20,910006650,IN,,,,,,,,,,0
20,910006651,IN,,,,,,,,,,0
20,910006652,IN,,,,,,,,,,0
20,910006653,IN,,,,,,,,,,0
20,910006654,IN,,,,,,,,,,0
20,910006655,IN,,,,,,,,,,0
20,910006657,IN,,,,,,,,,,0
20,910006658,IN,,,,,,,,,,0
20,910006659,IN,,,,,,,,,,0
20,910006660,IN,,,,,,,,,,0
20,910006664,IN,,,,,,,,,,0
20,910006670,IN,,,,,,,,,,0
20,910006672,IN,,,,,,,,,,0
20,910006673,IN,,,,,,,,,,0
20,910006674,IN,,,,,,,,,,0
20,910006680,IN,,,,,,,,,,0
20,910006681,IN,,,,,,,,,,0
20,910006682,IN,,,,,,,,,,0
20,910006683,IN,,,,,,,,,,0
20,910006684,IN,,,,,,,,,,0
20,910006685,IN,,,,,,,,,,0
20,910006686,IN,,,,,,,,,,0
20,910006687,IN,,,,,,,,,,0
20,910006688,IN,,,,,,,,,,0
20,910006690,IN,,,,,,,,,,0
20,910006691,IN,,,,,,,,,,0
20,910006692,IN,,,,,,,,,,0
20,910006693,IN,,,,,,,,,,0
20,910006694,IN,,,,,,,,,,0
20,910006696,IN,,,,,,,,,,0
20,910006697,IN,,,,,,,,,,0
20,910006698,IN,,,,,,,,,,0
20,910006699,IN,,,,,,,,,,0
20,910006700,IN,,,,,,,,,,0
20,910006701,IN,,,,,,,,,,0
20,910006702,IN,,,,,,,,,,0
20,910006703,IN,,,,,,,,,,0
20,910006704,IN,,,,,,,,,,0
20,910006705,IN,,,,,,,,,,0
20,910006706,IN,,,,,,,,,,0
20,910006707,IN,,,,,,,,,,0
20,910006708,IN,,,,,,,,,,0
20,910006712,IN,,,,,,,,,,0
20,910006713,IN,,,,,,,,,,0
20,910006715,IN,,,,,,,,,,0
20,910006717,IN,,,,,,,,,,0
20,910006718,IN,,,,,,,,,,0
20,910006719,IN,,,,,,,,,,0
20,910006720,IN,,,,,,,,,,0
20,910006721,IN,,,,,,,,,,0
20,910006722,IN,,,,,,,,,,0
20,910006723,IN,,,,,,,,,,0
20,910006725,IN,,,,,,,,,,0
20,910006727,IN,,,,,,,,,,0
20,910006728,IN,,,,,,,,,,0
20,910006729,IN,,,,,,,,,,0
20,910006730,IN,,,,,,,,,,0
20,910006731,IN,,,,,,,,,,0
20,910006732,IN,,,,,,,,,,0
20,910006733,IN,,,,,,,,,,0
20,910006734,IN,,,,,,,,,,0
20,910006735,IN,,,,,,,,,,0
20,910006736,IN,,,,,,,,,,0
20,910006737,IN,,,,,,,,,,0
20,910006738,IN,,,,,,,,,,0
20,910006739,IN,,,,,,,,,,0
20,910006740,IN,,,,,,,,,,0
20,910006741,IN,,,,,,,,,,0
20,910006744,IN,,,,,,,,,,0
20,910006746,IN,,,,,,,,,,0
20,910006748,IN,,,,,,,,,,0
20,910006749,IN,,,,,,,,,,0
20,910006750,IN,,,,,,,,,,0
20,910006751,IN,,,,,,,,,,0
20,910006754,IN,,,,,,,,,,0
20,910006755,IN,,,,,,,,,,0
20,910006756,IN,,,,,,,,,,0
20,910006759,IN,,,,,,,,,,0
20,910006760,IN,,,,,,,,,,0
20,910006763,IN,,,,,,,,,,0
20,910006764,IN,,,,,,,,,,0
20,910006765,IN,,,,,,,,,,0
20,910006767,IN,,,,,,,,,,0
20,910006776,IN,,,,,,,,,,0
20,910006778,IN,,,,,,,,,,0
20,910006779,IN,,,,,,,,,,0
20,910006782,IN,,,,,,,,,,0
20,910006783,IN,,,,,,,,,,0
20,910006784,IN,,,,,,,,,,0
20,910006785,IN,,,,,,,,,,0
20,910006786,IN,,,,,,,,,,0
20,310000901,IN,,,,,,,,,,0
20,310000902,IN,,,,,,,,,,0
20,310000903,IN,,,,,,,,,,0
20,310000904,IN,,,,,,,,,,0
20,310000906,IN,,,,,,,,,,0
20,310000907,IN,,,,,,,,,,0
20,310000908,IN,,,,,,,,,,0
20,310000913,IN,,,,,,,,,,0
20,310000914,IN,,,,,,,,,,0
20,310000915,IN,,,,,,,,,,0
20,310000919,IN,,,,,,,,,,0
20,310000920,IN,,,,,,,,,,0
20,310000921,IN,,,,,,,,,,0
20,310000922,IN,,,,,,,,,,0
20,310000923,IN,,,,,,,,,,0
20,310000927,IN,,,,,,,,,,0
20,310000928,IN,,,,,,,,,,0
20,310000929,IN,,,,,,,,,,0
20,310000930,IN,,,,,,,,,,0
20,310000931,IN,,,,,,,,,,0
20,310000932,IN,,,,,,,,,,0
20,310000933,IN,,,,,,,,,,0
20,310000934,IN,,,,,,,,,,0
20,310000935,IN,,,,,,,,,,0
20,310000936,IN,,,,,,,,,,0
20,310000941,IN,,,,,,,,,,0
20,310000942,IN,,,,,,,,,,0
20,310000945,IN,,,,,,,,,,0
20,310000947,IN,,,,,,,,,,0
20,310000948,IN,,,,,,,,,,0
20,310000950,IN,,,,,,,,,,0
20,310000951,IN,,,,,,,,,,0
20,310000952,IN,,,,,,,,,,0
20,310000954,IN,,,,,,,,,,0
20,310000956,IN,,,,,,,,,,0
20,310000957,IN,,,,,,,,,,0
20,310000958,IN,,,,,,,,,,0
20,310000960,IN,,,,,,,,,,0
20,310000961,IN,,,,,,,,,,0
20,310000962,IN,,,,,,,,,,0
20,310000966,IN,,,,,,,,,,0
20,310000967,IN,,,,,,,,,,0
20,310000969,IN,,,,,,,,,,0
20,310000977,IN,,,,,,,,,,0
20,310000981,IN,,,,,,,,,,0
20,310000982,IN,,,,,,,,,,0
20,310000986,IN,,,,,,,,,,0
20,310000987,IN,,,,,,,,,,0
20,310000988,IN,,,,,,,,,,0
20,310000990,IN,,,,,,,,,,0
20,310000991,IN,,,,,,,,,,0
20,310000992,IN,,,,,,,,,,0
20,310000994,IN,,,,,,,,,,0
20,310000996,IN,,,,,,,,,,0
20,310001013,IN,,,,,,,,,,0
20,310001014,IN,,,,,,,,,,0
20,310001016,IN,,,,,,,,,,0
20,310001017,IN,,,,,,,,,,0
20,310001018,IN,,,,,,,,,,0
20,310001019,IN,,,,,,,,,,0
20,310001022,IN,,,,,,,,,,0
20,310001023,IN,,,,,,,,,,0
20,310001026,IN,,,,,,,,,,0
20,310001028,IN,,,,,,,,,,0
20,310001033,IN,,,,,,,,,,0
20,310001034,IN,,,,,,,,,,0
20,310001036,IN,,,,,,,,,,0
20,310001037,IN,,,,,,,,,,0
20,310001040,IN,,,,,,,,,,0
20,310001041,IN,,,,,,,,,,0
20,310001043,IN,,,,,,,,,,0
20,310001045,IN,,,,,,,,,,0
20,310001046,IN,,,,,,,,,,0
20,310001047,IN,,,,,,,,,,0
20,310001049,IN,,,,,,,,,,0
20,310001050,IN,,,,,,,,,,0
20,310001052,IN,,,,,,,,,,0
20,310001054,IN,,,,,,,,,,0
20,310001055,IN,,,,,,,,,,0
20,310001056,IN,,,,,,,,,,0
20,310001057,IN,,,,,,,,,,0
20,310001059,IN,,,,,,,,,,0
20,310001060,IN,,,,,,,,,,0
20,310001061,IN,,,,,,,,,,0
20,310001069,IN,,,,,,,,,,0
20,310001071,IN,,,,,,,,,,0
20,310001073,IN,,,,,,,,,,0
20,310001075,IN,,,,,,,,,,0
20,310001077,IN,,,,,,,,,,0
20,310001078,IN,,,,,,,,,,0
20,310001081,IN,,,,,,,,,,0
20,310001085,IN,,,,,,,,,,0
20,310001086,IN,,,,,,,,,,0
20,310001093,IN,,,,,,,,,,0
20,310001094,IN,,,,,,,,,,0
20,310001095,IN,,,,,,,,,,0
20,310001098,IN,,,,,,,,,,0
20,310001102,IN,,,,,,,,,,0
20,310001103,IN,,,,,,,,,,0
20,310001104,IN,,,,,,,,,,0
20,310001107,IN,,,,,,,,,,0
20,310001108,IN,,,,,,,,,,0
20,310001109,IN,,,,,,,,,,0
20,310001110,IN,,,,,,,,,,0
20,310001112,IN,,,,,,,,,,0
20,310001113,IN,,,,,,,,,,0
20,310001114,IN,,,,,,,,,,0
20,310001116,IN,,,,,,,,,,0
20,310001117,IN,,,,,,,,,,0
20,310001118,IN,,,,,,,,,,0
20,310001119,IN,,,,,,,,,,0
20,310001122,IN,,,,,,,,,,0
20,310001124,IN,,,,,,,,,,0
20,310001126,IN,,,,,,,,,,0
20,310001129,IN,,,,,,,,,,0
20,310001130,IN,,,,,,,,,,0
20,310001131,IN,,,,,,,,,,0
20,310001132,IN,,,,,,,,,,0
20,310001135,IN,,,,,,,,,,0
20,310001136,IN,,,,,,,,,,0
20,310001137,IN,,,,,,,,,,0
20,310001141,IN,,,,,,,,,,0
20,310001143,IN,,,,,,,,,,0
20,310001144,IN,,,,,,,,,,0
20,310001146,IN,,,,,,,,,,0
20,310001147,IN,,,,,,,,,,0
20,310001148,IN,,,,,,,,,,0
20,310001149,IN,,,,,,,,,,0
20,310001150,IN,,,,,,,,,,0
20,310001151,IN,,,,,,,,,,0
20,310001152,IN,,,,,,,,,,0
20,310001154,IN,,,,,,,,,,0
20,310001155,IN,,,,,,,,,,0
20,310001157,IN,,,,,,,,,,0
20,310001158,IN,,,,,,,,,,0
20,310001160,IN,,,,,,,,,,0
20,310280005,IN,,,,,,,,,,0
20,310280007,IN,,,,,,,,,,0
20,310280008,IN,,,,,,,,,,0
20,310280009,IN,,,,,,,,,,0
20,310280010,IN,,,,,,,,,,0
20,310280011,IN,,,,,,,,,,0
20,310280012,IN,,,,,,,,,,0
20,310280013,IN,,,,,,,,,,0
20,310280015,IN,,,,,,,,,,0
20,310280016,IN,,,,,,,,,,0
20,310280017,IN,,,,,,,,,,0
20,310280018,IN,,,,,,,,,,0
20,310280020,IN,,,,,,,,,,0
20,310280021,IN,,,,,,,,,,0
20,310280022,IN,,,,,,,,,,0
20,310280023,IN,,,,,,,,,,0
20,310280024,IN,,,,,,,,,,0
20,310280025,IN,,,,,,,,,,0
20,310280033,IN,,,,,,,,,,0
20,310280034,IN,,,,,,,,,,0
20,310280035,IN,,,,,,,,,,0
20,310280036,IN,,,,,,,,,,0
20,310280037,IN,,,,,,,,,,0
20,310280038,IN,,,,,,,,,,0
20,310280039,IN,,,,,,,,,,0
20,310280040,IN,,,,,,,,,,0
20,310280042,IN,,,,,,,,,,0
20,310280043,IN,,,,,,,,,,0
20,310310003,IN,,,,,,,,,,0
20,310310006,IN,,,,,,,,,,0
20,310310007,IN,,,,,,,,,,0
20,310310015,IN,,,,,,,,,,0
20,310310016,IN,,,,,,,,,,0
20,310310025,IN,,,,,,,,,,0
20,310310027,IN,,,,,,,,,,0
20,310310032,IN,,,,,,,,,,0
20,310310037,IN,,,,,,,,,,0
20,310310039,IN,,,,,,,,,,0
20,310310040,IN,,,,,,,,,,0
20,310310043,IN,,,,,,,,,,0
20,310310044,IN,,,,,,,,,,0
20,310310045,IN,,,,,,,,,,0
20,310310046,IN,,,,,,,,,,0
20,310310047,IN,,,,,,,,,,0
20,310310048,IN,,,,,,,,,,0
20,310310049,IN,,,,,,,,,,0
20,310310051,IN,,,,,,,,,,0
20,310310052,IN,,,,,,,,,,0
20,310310053,IN,,,,,,,,,,0
20,310310054,IN,,,,,,,,,,0
20,310310058,IN,,,,,,,,,,0
20,310310059,IN,,,,,,,,,,0
20,310310060,IN,,,,,,,,,,0
20,310310061,IN,,,,,,,,,,0
20,310310062,IN,,,,,,,,,,0
20,310310063,IN,,,,,,,,,,0
20,310310068,IN,,,,,,,,,,0
20,310310069,IN,,,,,,,,,,0
20,310310072,IN,,,,,,,,,,0
20,310310073,IN,,,,,,,,,,0
20,310310074,IN,,,,,,,,,,0
20,310310075,IN,,,,,,,,,,0
20,310310077,IN,,,,,,,,,,0
20,310310078,IN,,,,,,,,,,0
20,310310079,IN,,,,,,,,,,0
20,310310080,IN,,,,,,,,,,0
20,310310082,IN,,,,,,,,,,0
20,310310084,IN,,,,,,,,,,0
20,310310085,IN,,,,,,,,,,0
20,310310086,IN,,,,,,,,,,0
20,310310087,IN,,,,,,,,,,0
20,310310088,IN,,,,,,,,,,0
20,310310089,IN,,,,,,,,,,0
20,310310090,IN,,,,,,,,,,0
20,310310091,IN,,,,,,,,,,0
20,310310092,IN,,,,,,,,,,0
20,310310093,IN,,,,,,,,,,0
20,310310094,IN,,,,,,,,,,0
20,310310096,IN,,,,,,,,,,0
20,310310097,IN,,,,,,,,,,0
20,310310098,IN,,,,,,,,,,0
20,310310100,IN,,,,,,,,,,0
20,310310101,IN,,,,,,,,,,0
20,310310103,IN,,,,,,,,,,0
20,310310104,IN,,,,,,,,,,0
20,310310105,IN,,,,,,,,,,0
20,310310106,IN,,,,,,,,,,0
20,310310107,IN,,,,,,,,,,0
20,310310108,IN,,,,,,,,,,0
20,310310111,IN,,,,,,,,,,0
20,310310112,IN,,,,,,,,,,0
20,310310113,IN,,,,,,,,,,0
20,310310114,IN,,,,,,,,,,0
20,310310115,IN,,,,,,,,,,0
20,310310116,IN,,,,,,,,,,0
20,310310117,IN,,,,,,,,,,0
20,310310118,IN,,,,,,,,,,0
20,310310119,IN,,,,,,,,,,0
20,310310120,IN,,,,,,,,,,0
20,310310121,IN,,,,,,,,,,0
20,310310122,IN,,,,,,,,,,0
20,310310123,IN,,,,,,,,,,0
20,310310124,IN,,,,,,,,,,0
20,310310125,IN,,,,,,,,,,0
20,310310128,IN,,,,,,,,,,0
20,310310129,IN,,,,,,,,,,0
20,310310132,IN,,,,,,,,,,0
20,310310137,IN,,,,,,,,,,0
20,310310138,IN,,,,,,,,,,0
20,310310139,IN,,,,,,,,,,0
20,310310143,IN,,,,,,,,,,0
20,310310148,IN,,,,,,,,,,0
20,310310155,IN,,,,,,,,,,0
20,310310156,IN,,,,,,,,,,0
20,310310157,IN,,,,,,,,,,0
20,310310158,IN,,,,,,,,,,0
20,310310160,IN,,,,,,,,,,0
20,310310163,IN,,,,,,,,,,0
20,310310171,IN,,,,,,,,,,0
20,310310190,IN,,,,,,,,,,0
20,310310195,IN,,,,,,,,,,0
20,310310211,IN,,,,,,,,,,0
20,310310217,IN,,,,,,,,,,0
20,310310229,IN,,,,,,,,,,0
20,310310235,IN,,,,,,,,,,0
20,310310237,IN,,,,,,,,,,0
20,310310238,IN,,,,,,,,,,0
20,310310239,IN,,,,,,,,,,0
20,310310240,IN,,,,,,,,,,0
20,310310246,IN,,,,,,,,,,0
20,310310250,IN,,,,,,,,,,0
20,310310251,IN,,,,,,,,,,0
20,310310252,IN,,,,,,,,,,0
20,310310256,IN,,,,,,,,,,0
20,310310257,IN,,,,,,,,,,0
20,310310259,IN,,,,,,,,,,0
20,429991350,IN,,,,,,,,,,0
20,429991355,IN,,,,,,,,,,0
20,429991357,IN,,,,,,,,,,0
20,429991361,IN,,,,,,,,,,0
20,429991370,IN,,,,,,,,,,0
20,429991373,IN,,,,,,,,,,0
20,429991374,IN,,,,,,,,,,0
20,429991375,IN,,,,,,,,,,0
20,490000062,IN,,,,,,,,,,0
20,499990056,IN,,,,,,,,,,0
20,610010004,IN,,,,,,,,,,0
20,610021683,IN,,,,,,,,,,0
20,610021684,IN,,,,,,,,,,0
20,610021685,IN,,,,,,,,,,0
20,610021686,IN,,,,,,,,,,0
20,610021687,IN,,,,,,,,,,0
20,610021732,IN,,,,,,,,,,0
20,610037119,IN,,,,,,,,,,0
20,610037153,IN,,,,,,,,,,0
20,610037154,IN,,,,,,,,,,0
20,610037340,IN,,,,,,,,,,0
20,610037396,IN,,,,,,,,,,0
20,610037397,IN,,,,,,,,,,0
20,610037398,IN,,,,,,,,,,0
20,610037400,IN,,,,,,,,,,0
20,610037402,IN,,,,,,,,,,0
20,610037977,IN,,,,,,,,,,0
20,610038643,IN,,,,,,,,,,0
20,610038644,IN,,,,,,,,,,0
20,610038645,IN,,,,,,,,,,0
20,610038646,IN,,,,,,,,,,0
20,610038647,IN,,,,,,,,,,0
20,610038648,IN,,,,,,,,,,0
20,610038649,IN,,,,,,,,,,0
20,610038650,IN,,,,,,,,,,0
20,610038651,IN,,,,,,,,,,0
20,610038652,IN,,,,,,,,,,0
20,610038880,IN,,,,,,,,,,0
20,610038881,IN,,,,,,,,,,0
20,610039077,IN,,,,,,,,,,0
20,610039078,IN,,,,,,,,,,0
20,610039079,IN,,,,,,,,,,0
20,610039080,IN,,,,,,,,,,0
20,610039081,IN,,,,,,,,,,0
20,610039082,IN,,,,,,,,,,0
20,610039083,IN,,,,,,,,,,0
20,610039084,IN,,,,,,,,,,0
20,610039085,IN,,,,,,,,,,0
20,610039086,IN,,,,,,,,,,0
20,610039087,IN,,,,,,,,,,0
20,610039088,IN,,,,,,,,,,0
20,610039089,IN,,,,,,,,,,0
20,610039090,IN,,,,,,,,,,0
20,610039091,IN,,,,,,,,,,0
20,610039092,IN,,,,,,,,,,0
20,610039093,IN,,,,,,,,,,0
20,610039094,IN,,,,,,,,,,0
20,610039095,IN,,,,,,,,,,0
20,610039144,IN,,,,,,,,,,0
20,611008781,IN,,,,,,,,,,0
20,611009305,IN,,,,,,,,,,0
20,611009306,IN,,,,,,,,,,0
20,611009307,IN,,,,,,,,,,0
20,611009308,IN,,,,,,,,,,0
20,611009315,IN,,,,,,,,,,0
20,611009316,IN,,,,,,,,,,0
20,611009323,IN,,,,,,,,,,0
20,611009334,IN,,,,,,,,,,0
20,611009336,IN,,,,,,,,,,0
20,611009337,IN,,,,,,,,,,0
20,611009338,IN,,,,,,,,,,0
20,611009339,IN,,,,,,,,,,0
20,611009390,IN,,,,,,,,,,0
20,611009408,IN,,,,,,,,,,0
20,611009409,IN,,,,,,,,,,0
20,611009411,IN,,,,,,,,,,0
20,611009412,IN,,,,,,,,,,0
20,611009413,IN,,,,,,,,,,0
20,611009425,IN,,,,,,,,,,0
20,611009426,IN,,,,,,,,,,0
20,611009428,IN,,,,,,,,,,0
20,611009429,IN,,,,,,,,,,0
20,611009430,IN,,,,,,,,,,0
20,611009431,IN,,,,,,,,,,0
20,611009432,IN,,,,,,,,,,0
20,611009434,IN,,,,,,,,,,0
20,611009435,IN,,,,,,,,,,0
20,611009436,IN,,,,,,,,,,0
20,611009450,IN,,,,,,,,,,0
20,611009474,IN,,,,,,,,,,0
20,611009475,IN,,,,,,,,,,0
20,611009476,IN,,,,,,,,,,0
20,611009478,IN,,,,,,,,,,0
20,611009479,IN,,,,,,,,,,0
20,611009480,IN,,,,,,,,,,0
20,611009656,IN,,,,,,,,,,0
20,611009843,IN,,,,,,,,,,0
20,611009844,IN,,,,,,,,,,0
20,611009845,IN,,,,,,,,,,0
20,611009846,IN,,,,,,,,,,0
20,611100057,IN,,,,,,,,,,0
20,613002189,IN,,,,,,,,,,0
20,613002415,IN,,,,,,,,,,0
20,613002510,IN,,,,,,,,,,0
20,613002530,IN,,,,,,,,,,0
20,613002531,IN,,,,,,,,,,0
20,613002559,IN,,,,,,,,,,0
20,613002728,IN,,,,,,,,,,0
20,613002729,IN,,,,,,,,,,0
20,613002730,IN,,,,,,,,,,0
20,613002731,IN,,,,,,,,,,0
20,613002732,IN,,,,,,,,,,0
20,613002733,IN,,,,,,,,,,0
20,613002976,IN,,,,,,,,,,0
20,613002977,IN,,,,,,,,,,0
20,613002978,IN,,,,,,,,,,0
20,613002979,IN,,,,,,,,,,0
20,613002980,IN,,,,,,,,,,0
20,613002981,IN,,,,,,,,,,0
20,613002982,IN,,,,,,,,,,0
20,613002983,IN,,,,,,,,,,0
20,613002984,IN,,,,,,,,,,0
20,613002985,IN,,,,,,,,,,0
20,613002986,IN,,,,,,,,,,0
20,613002987,IN,,,,,,,,,,0
20,613002988,IN,,,,,,,,,,0
20,613002989,IN,,,,,,,,,,0
20,613002990,IN,,,,,,,,,,0
20,613002991,IN,,,,,,,,,,0
20,613002992,IN,,,,,,,,,,0
20,613002993,IN,,,,,,,,,,0
20,613002994,IN,,,,,,,,,,0
20,910001652,IN,,,,,,,,,,0
20,910001654,IN,,,,,,,,,,0
20,910001655,IN,,,,,,,,,,0
20,910001656,IN,,,,,,,,,,0
20,931452547,IN,,,,,,,,,,0
20,931452546,IN,,,,,,,,,,0
20,931452545,IN,,,,,,,,,,0
20,951022308,IN,,,,,,,,,,0
20,310002925,IN,,,,,,,,,,0
20,310002955,IN,,,,,,,,,,0
20,310002954,IN,,,,,,,,,,0
20,5177712188X01,IN,,,,,,,,,,0
20,5177712178X01,IN,,,,,,,,,,0
20,5177712168X01,IN,,,,,,,,,,0
20,5177712158X01,IN,,,,,,,,,,0
20,5177712148X01,IN,,,,,,,,,,0
20,931301089,IN,,,,,,,,,,0
20,931301091,IN,,,,,,,,,,0
20,931301092,IN,,,,,,,,,,0
20,931301093,IN,,,,,,,,,,0
20,931301094,IN,,,,,,,,,,0
20,910011553,IN,,,,,,,,,,0
20,931203090,IN,,,,,,,,,,0
20,910016944,IN,,,,,,,,,,0
20,514445183IN01,IN,,,,,,,,,,0
20,911301885,IN,,,,,,,,,,0
20,510520905FR04,IN,,,,,,,,,,0
20,931455232,IN,,,,,,,,,,0
20,931455231,IN,,,,,,,,,,0
20,911302001,IN,,,,,,,,,,0
20,510003515IN06,IN,,,,,,,,,,0
20,110030282,IN,,,,,,,,,,0
20,110310068,IN,,,,,,,,,,0
20,931304431,IN,,,,,,,,,,0
20,911302186,IN,,,,,,,,,,0
20,911302185,IN,,,,,,,,,,0
20,310003066,IN,,,,,,,,,,0
20,310003065,IN,,,,,,,,,,0
20,911302508,IN,,,,,,,,,,0
20,911302507,IN,,,,,,,,,,0
20,931456816,IN,,,,,,,,,,0
20,931456815,IN,,,,,,,,,,0
20,310003103,IN,,,,,,,,,,0
20,910005084,IN,,,,,,,,,,0
20,910003928,IN,,,,,,,,,,0
20,911303472,IN,,,,,,,,,,0
20,931458279,IN,,,,,,,,,,0
20,910017048,IN,,,,,,,,,,0
20,510521358DK02,IN,,,,,,,,,,0
20,910015969,IN,,,,,,,,,,0
20,911304530,IN,,,,,,,,,,0
20,910009394,IN,,,,,,,,,,0
20,516003070MZ01,IN,,,,,,,,,,0
20,516003071MZ01,IN,,,,,,,,,,0
20,911305457,IN,,,,,,,,,,0
20,911305849,IN,,,,,,,,,,0
20,931551161,IN,,,,,,,,,,0
20,931551162,IN,,,,,,,,,,0
20,931552057,IN,,,,,,,,,,0
20,931552058,IN,,,,,,,,,,0
20,931204006,IN,,,,,,,,,,0
20,931553337,IN,,,,,,,,,,0
20,5100320878X01,IN,,,,,,,,,,0
20,910003272,IN,,,,,,,,,,0
20,910003274,IN,,,,,,,,,,0
20,910003275,IN,,,,,,,,,,0
20,910003277,IN,,,,,,,,,,0
20,910003278,IN,,,,,,,,,,0
20,910003279,IN,,,,,,,,,,0
20,910003282,IN,,,,,,,,,,0
20,910003284,IN,,,,,,,,,,0
20,910003290,IN,,,,,,,,,,0
20,910003295,IN,,,,,,,,,,0
20,910003296,IN,,,,,,,,,,0
20,910003297,IN,,,,,,,,,,0
20,910003300,IN,,,,,,,,,,0
20,910003301,IN,,,,,,,,,,0
20,910003306,IN,,,,,,,,,,0
20,910003308,IN,,,,,,,,,,0
20,910003311,IN,,,,,,,,,,0
20,910003313,IN,,,,,,,,,,0
20,910003314,IN,,,,,,,,,,0
20,910003315,IN,,,,,,,,,,0
20,910003316,IN,,,,,,,,,,0
20,910003317,IN,,,,,,,,,,0
20,910003318,IN,,,,,,,,,,0
20,910003319,IN,,,,,,,,,,0
20,910003323,IN,,,,,,,,,,0
20,910003324,IN,,,,,,,,,,0
20,910003325,IN,,,,,,,,,,0
20,910003326,IN,,,,,,,,,,0
20,910003328,IN,,,,,,,,,,0
20,910003329,IN,,,,,,,,,,0
20,910003330,IN,,,,,,,,,,0
20,910003331,IN,,,,,,,,,,0
20,910003332,IN,,,,,,,,,,0
20,910003333,IN,,,,,,,,,,0
20,910003334,IN,,,,,,,,,,0
20,910003335,IN,,,,,,,,,,0
20,910003339,IN,,,,,,,,,,0
20,910003341,IN,,,,,,,,,,0
20,910003342,IN,,,,,,,,,,0
20,910003348,IN,,,,,,,,,,0
20,910003350,IN,,,,,,,,,,0
20,910003351,IN,,,,,,,,,,0
20,910003352,IN,,,,,,,,,,0
20,910003354,IN,,,,,,,,,,0
20,910003355,IN,,,,,,,,,,0
20,910003361,IN,,,,,,,,,,0
20,910003363,IN,,,,,,,,,,0
20,910003364,IN,,,,,,,,,,0
20,910003369,IN,,,,,,,,,,0
20,910003370,IN,,,,,,,,,,0
20,910003372,IN,,,,,,,,,,0
20,910003374,IN,,,,,,,,,,0
20,910003377,IN,,,,,,,,,,0
20,910003378,IN,,,,,,,,,,0
20,910003379,IN,,,,,,,,,,0
20,910003380,IN,,,,,,,,,,0
20,910003381,IN,,,,,,,,,,0
20,910003383,IN,,,,,,,,,,0
20,910003384,IN,,,,,,,,,,0
20,910003394,IN,,,,,,,,,,0
20,910003395,IN,,,,,,,,,,0
20,910003396,IN,,,,,,,,,,0
20,910003399,IN,,,,,,,,,,0
20,910003400,IN,,,,,,,,,,0
20,910003401,IN,,,,,,,,,,0
20,910003407,IN,,,,,,,,,,0
20,910003408,IN,,,,,,,,,,0
20,910003409,IN,,,,,,,,,,0
20,910003410,IN,,,,,,,,,,0
20,910003412,IN,,,,,,,,,,0
20,910003415,IN,,,,,,,,,,0
20,910003417,IN,,,,,,,,,,0
20,910003424,IN,,,,,,,,,,0
20,910003425,IN,,,,,,,,,,0
20,910003427,IN,,,,,,,,,,0
20,910003429,IN,,,,,,,,,,0
20,910003433,IN,,,,,,,,,,0
20,910004222,IN,,,,,,,,,,0
20,910004223,IN,,,,,,,,,,0
20,910004224,IN,,,,,,,,,,0
20,910004225,IN,,,,,,,,,,0
20,910004226,IN,,,,,,,,,,0
20,910004227,IN,,,,,,,,,,0
20,910004228,IN,,,,,,,,,,0
20,910004229,IN,,,,,,,,,,0
20,910004232,IN,,,,,,,,,,0
20,910004233,IN,,,,,,,,,,0
20,910004234,IN,,,,,,,,,,0
20,910004235,IN,,,,,,,,,,0
20,910004236,IN,,,,,,,,,,0
20,910004237,IN,,,,,,,,,,0
20,910004238,IN,,,,,,,,,,0
20,910004239,IN,,,,,,,,,,0
20,910004241,IN,,,,,,,,,,0
20,910004242,IN,,,,,,,,,,0
20,910004243,IN,,,,,,,,,,0
20,910004245,IN,,,,,,,,,,0
20,910004248,IN,,,,,,,,,,0
20,910004249,IN,,,,,,,,,,0
20,910004250,IN,,,,,,,,,,0
20,910004251,IN,,,,,,,,,,0
20,910004252,IN,,,,,,,,,,0
20,910004253,IN,,,,,,,,,,0
20,910004261,IN,,,,,,,,,,0
20,910004262,IN,,,,,,,,,,0
20,910004264,IN,,,,,,,,,,0
20,910004265,IN,,,,,,,,,,0
20,910004267,IN,,,,,,,,,,0
20,910004268,IN,,,,,,,,,,0
20,910004269,IN,,,,,,,,,,0
20,910004270,IN,,,,,,,,,,0
20,910004271,IN,,,,,,,,,,0
20,910004282,IN,,,,,,,,,,0
20,910004284,IN,,,,,,,,,,0
20,910004288,IN,,,,,,,,,,0
20,910004289,IN,,,,,,,,,,0
20,910004290,IN,,,,,,,,,,0
20,910004295,IN,,,,,,,,,,0
20,910004296,IN,,,,,,,,,,0
20,910004297,IN,,,,,,,,,,0
20,910004298,IN,,,,,,,,,,0
20,910004302,IN,,,,,,,,,,0
20,910004305,IN,,,,,,,,,,0
20,910004307,IN,,,,,,,,,,0
20,910004311,IN,,,,,,,,,,0
20,910004312,IN,,,,,,,,,,0
20,910004313,IN,,,,,,,,,,0
20,910004314,IN,,,,,,,,,,0
20,910004315,IN,,,,,,,,,,0
20,910004316,IN,,,,,,,,,,0
20,910004317,IN,,,,,,,,,,0
20,910004318,IN,,,,,,,,,,0
20,910004319,IN,,,,,,,,,,0
20,910004321,IN,,,,,,,,,,0
20,910004322,IN,,,,,,,,,,0
20,910004323,IN,,,,,,,,,,0
20,910004324,IN,,,,,,,,,,0
20,910004325,IN,,,,,,,,,,0
20,910004326,IN,,,,,,,,,,0
20,910004327,IN,,,,,,,,,,0
20,910004328,IN,,,,,,,,,,0
20,910004330,IN,,,,,,,,,,0
20,910004331,IN,,,,,,,,,,0
20,910004332,IN,,,,,,,,,,0
20,910004337,IN,,,,,,,,,,0
20,910004339,IN,,,,,,,,,,0
20,910004341,IN,,,,,,,,,,0
20,910004345,IN,,,,,,,,,,0
20,910004347,IN,,,,,,,,,,0
20,910004348,IN,,,,,,,,,,0
20,910004349,IN,,,,,,,,,,0
20,910004350,IN,,,,,,,,,,0
20,910004351,IN,,,,,,,,,,0
20,910004352,IN,,,,,,,,,,0
20,910004353,IN,,,,,,,,,,0
20,910004354,IN,,,,,,,,,,0
20,910004355,IN,,,,,,,,,,0
20,910004356,IN,,,,,,,,,,0
20,910004357,IN,,,,,,,,,,0
20,910004358,IN,,,,,,,,,,0
20,910004359,IN,,,,,,,,,,0
20,910004366,IN,,,,,,,,,,0
20,910004367,IN,,,,,,,,,,0
20,910004368,IN,,,,,,,,,,0
20,910004371,IN,,,,,,,,,,0
20,910004372,IN,,,,,,,,,,0
20,910004376,IN,,,,,,,,,,0
20,910004377,IN,,,,,,,,,,0
20,910004378,IN,,,,,,,,,,0
20,910004379,IN,,,,,,,,,,0
20,910004380,IN,,,,,,,,,,0
20,910004381,IN,,,,,,,,,,0
20,910004384,IN,,,,,,,,,,0
20,910004385,IN,,,,,,,,,,0
20,910004386,IN,,,,,,,,,,0
20,910004388,IN,,,,,,,,,,0
20,910004392,IN,,,,,,,,,,0
20,910004398,IN,,,,,,,,,,0
20,910004400,IN,,,,,,,,,,0
20,910004404,IN,,,,,,,,,,0
20,910004406,IN,,,,,,,,,,0
20,910004407,IN,,,,,,,,,,0
20,910004409,IN,,,,,,,,,,0
20,910004412,IN,,,,,,,,,,0
20,910004413,IN,,,,,,,,,,0
20,910004415,IN,,,,,,,,,,0
20,910004416,IN,,,,,,,,,,0
20,910004417,IN,,,,,,,,,,0
20,910004419,IN,,,,,,,,,,0
20,910004420,IN,,,,,,,,,,0
20,910004421,IN,,,,,,,,,,0
20,910004423,IN,,,,,,,,,,0
20,910004426,IN,,,,,,,,,,0
20,910004429,IN,,,,,,,,,,0
20,910004430,IN,,,,,,,,,,0
20,910004434,IN,,,,,,,,,,0
20,910004435,IN,,,,,,,,,,0
20,910004437,IN,,,,,,,,,,0
20,910004438,IN,,,,,,,,,,0
20,910004439,IN,,,,,,,,,,0
20,910004442,IN,,,,,,,,,,0
20,910004444,IN,,,,,,,,,,0
20,910004445,IN,,,,,,,,,,0
20,910004446,IN,,,,,,,,,,0
20,910004448,IN,,,,,,,,,,0
20,910004450,IN,,,,,,,,,,0
20,910004452,IN,,,,,,,,,,0
20,910004454,IN,,,,,,,,,,0
20,910004455,IN,,,,,,,,,,0
20,910004456,IN,,,,,,,,,,0
20,910004462,IN,,,,,,,,,,0
20,910004463,IN,,,,,,,,,,0
20,910004464,IN,,,,,,,,,,0
20,910006051,IN,,,,,,,,,,0
20,910006052,IN,,,,,,,,,,0
20,910006054,IN,,,,,,,,,,0
20,910006055,IN,,,,,,,,,,0
20,910006056,IN,,,,,,,,,,0
20,910006071,IN,,,,,,,,,,0
20,910006073,IN,,,,,,,,,,0
20,910006075,IN,,,,,,,,,,0
20,910006077,IN,,,,,,,,,,0
20,910006079,IN,,,,,,,,,,0
20,910006081,IN,,,,,,,,,,0
20,910006083,IN,,,,,,,,,,0
20,910006084,IN,,,,,,,,,,0
20,910006089,IN,,,,,,,,,,0
20,910006090,IN,,,,,,,,,,0
20,910006091,IN,,,,,,,,,,0
20,910006092,IN,,,,,,,,,,0
20,910006093,IN,,,,,,,,,,0
20,910006094,IN,,,,,,,,,,0
20,910006098,IN,,,,,,,,,,0
20,910006101,IN,,,,,,,,,,0
20,910006103,IN,,,,,,,,,,0
20,910006105,IN,,,,,,,,,,0
20,910006106,IN,,,,,,,,,,0
20,910006107,IN,,,,,,,,,,0
20,910006108,IN,,,,,,,,,,0
20,910006109,IN,,,,,,,,,,0
20,910006110,IN,,,,,,,,,,0
20,910006111,IN,,,,,,,,,,0
20,910006113,IN,,,,,,,,,,0
20,910006114,IN,,,,,,,,,,0
20,910006115,IN,,,,,,,,,,0
20,910006116,IN,,,,,,,,,,0
20,910006120,IN,,,,,,,,,,0
20,910006124,IN,,,,,,,,,,0
20,910006132,IN,,,,,,,,,,0
20,910006135,IN,,,,,,,,,,0
20,910006136,IN,,,,,,,,,,0
20,910006137,IN,,,,,,,,,,0
20,910006147,IN,,,,,,,,,,0
20,910006148,IN,,,,,,,,,,0
20,910006153,IN,,,,,,,,,,0
20,910006154,IN,,,,,,,,,,0
20,910006155,IN,,,,,,,,,,0
20,910006156,IN,,,,,,,,,,0
20,910006157,IN,,,,,,,,,,0
20,910006158,IN,,,,,,,,,,0
20,910006159,IN,,,,,,,,,,0
20,910006160,IN,,,,,,,,,,0
20,910006161,IN,,,,,,,,,,0
20,910006162,IN,,,,,,,,,,0
20,910006169,IN,,,,,,,,,,0
20,910006170,IN,,,,,,,,,,0
20,910006171,IN,,,,,,,,,,0
20,910006172,IN,,,,,,,,,,0
20,910006173,IN,,,,,,,,,,0
20,910006175,IN,,,,,,,,,,0
20,910006179,IN,,,,,,,,,,0
20,910006182,IN,,,,,,,,,,0
20,910006183,IN,,,,,,,,,,0
20,910006184,IN,,,,,,,,,,0
20,910006188,IN,,,,,,,,,,0
20,910006189,IN,,,,,,,,,,0
20,910006192,IN,,,,,,,,,,0
20,910006193,IN,,,,,,,,,,0
20,910006194,IN,,,,,,,,,,0
20,910006196,IN,,,,,,,,,,0
20,910006198,IN,,,,,,,,,,0
20,910006199,IN,,,,,,,,,,0
20,910006200,IN,,,,,,,,,,0
20,910006201,IN,,,,,,,,,,0
20,910006203,IN,,,,,,,,,,0
20,910006205,IN,,,,,,,,,,0
20,910006206,IN,,,,,,,,,,0
20,910006209,IN,,,,,,,,,,0
20,910006213,IN,,,,,,,,,,0
20,910006214,IN,,,,,,,,,,0
20,910006215,IN,,,,,,,,,,0
20,910006216,IN,,,,,,,,,,0
20,910006218,IN,,,,,,,,,,0
20,910006219,IN,,,,,,,,,,0
20,910006223,IN,,,,,,,,,,0
20,910006224,IN,,,,,,,,,,0
20,910006225,IN,,,,,,,,,,0
20,910006226,IN,,,,,,,,,,0
20,910006227,IN,,,,,,,,,,0
20,910006228,IN,,,,,,,,,,0
20,910006236,IN,,,,,,,,,,0
20,910006237,IN,,,,,,,,,,0
20,910006241,IN,,,,,,,,,,0
20,910006242,IN,,,,,,,,,,0
20,910006243,IN,,,,,,,,,,0
20,910006245,IN,,,,,,,,,,0
20,910006248,IN,,,,,,,,,,0
20,910006253,IN,,,,,,,,,,0
20,910006261,IN,,,,,,,,,,0
20,910006262,IN,,,,,,,,,,0
20,910006264,IN,,,,,,,,,,0
20,910006265,IN,,,,,,,,,,0
20,910006266,IN,,,,,,,,,,0
20,910006267,IN,,,,,,,,,,0
20,910006269,IN,,,,,,,,,,0
20,910006270,IN,,,,,,,,,,0
20,910006271,IN,,,,,,,,,,0
20,910006272,IN,,,,,,,,,,0
20,910006273,IN,,,,,,,,,,0
20,910006274,IN,,,,,,,,,,0
20,910006276,IN,,,,,,,,,,0
20,910006280,IN,,,,,,,,,,0
20,910006281,IN,,,,,,,,,,0
20,910006283,IN,,,,,,,,,,0
20,910006284,IN,,,,,,,,,,0
20,910006286,IN,,,,,,,,,,0
20,910006288,IN,,,,,,,,,,0
20,910006290,IN,,,,,,,,,,0
20,910006294,IN,,,,,,,,,,0
20,910006297,IN,,,,,,,,,,0
20,910006301,IN,,,,,,,,,,0
20,910006302,IN,,,,,,,,,,0
20,910006303,IN,,,,,,,,,,0
20,910006304,IN,,,,,,,,,,0
20,910006307,IN,,,,,,,,,,0
20,910006309,IN,,,,,,,,,,0
20,910006319,IN,,,,,,,,,,0
20,910006329,IN,,,,,,,,,,0
20,910006330,IN,,,,,,,,,,0
20,910006332,IN,,,,,,,,,,0
20,910006334,IN,,,,,,,,,,0
20,910006335,IN,,,,,,,,,,0
20,910006345,IN,,,,,,,,,,0
20,910006346,IN,,,,,,,,,,0
20,910006350,IN,,,,,,,,,,0
20,910006353,IN,,,,,,,,,,0
20,910006354,IN,,,,,,,,,,0
20,910006355,IN,,,,,,,,,,0
20,910006356,IN,,,,,,,,,,0
20,910006787,IN,,,,,,,,,,0
20,910006788,IN,,,,,,,,,,0
20,910006789,IN,,,,,,,,,,0
20,910006790,IN,,,,,,,,,,0
20,910006791,IN,,,,,,,,,,0
20,910006792,IN,,,,,,,,,,0
20,910006793,IN,,,,,,,,,,0
20,910006794,IN,,,,,,,,,,0
