MANDT,SPRAS,KVEWE,KAPPL,KALSM,STUNR,ZAEHK,VTEXT
20,D,A,V,EVP000,100,0,
20,D,A,V,PABR02,20,0,
20,D,A,V,PSER01,60,0,
20,D,A,V,PSER01,61,0,
20,D,A,V,RVAAAR,300,0,
20,D,A,V,RVAAAR,400,0,
20,D,A,V,RVAAAR,800,0,
20,D,A,V,RVAAAR,950,0,
20,D,A,V,RVAAFR,890,0,
20,D,A,V,RVAAIT,890,0,
20,D,A,V,RVAAMX,11,0,
20,D,A,V,RVAAMX,13,0,
20,D,A,V,RVAAMX,103,0,
20,D,A,V,RVAAMX,104,0,
20,D,A,V,RVAAMX,105,0,
20,D,A,V,RVAAMX,106,0,
20,D,A,V,RVAAMX,107,0,
20,D,A,V,RVAAMX,108,0,
20,D,A,V,RVAAMX,109,0,
20,D,A,V,RVAAMX,110,0,
20,D,A,V,RVAAMX,111,0,
20,D,A,V,RVAAMX,112,0,
20,D,A,V,RVAAMX,302,0,
20,D,A,V,RVAAMX,310,0,
20,D,A,V,RVAAMX,320,0,
20,D,A,V,RVAAMX,805,0,
20,D,A,V,RVAAMX,810,0,
20,D,A,V,RVAAMX,815,0,
20,D,A,V,RVAAMX,890,0,
20,D,A,V,RVAAMX,901,0,
20,D,A,V,RVAAMX,902,0,
20,D,A,V,RVAAMX,903,0,
20,D,A,V,RVAAMX,904,0,
20,D,A,V,RVAAMX,905,0,
20,D,A,V,RVAAMX,932,0,
20,D,A,V,RVAAMX,933,0,
20,D,A,V,RVAAMX,935,0,
20,D,A,V,RVAAMX,970,0,
20,D,A,V,RVAAMX,971,0,
20,D,A,V,RVAARU,916,0,
20,D,A,V,RVAARU,917,0,
20,D,A,V,RVAARU,918,0,
20,D,A,V,RVAARU,919,0,
20,D,A,V,RVAXUS,11,0,
20,D,A,V,RVAXUS,13,0,
20,D,A,V,RVAXUS,103,0,
20,D,A,V,RVAXUS,104,0,
20,D,A,V,RVAXUS,105,0,
20,D,A,V,RVAXUS,106,0,
20,D,A,V,RVAXUS,107,0,
20,D,A,V,RVAXUS,108,0,
20,D,A,V,RVAXUS,109,0,
20,D,A,V,RVAXUS,110,0,
20,D,A,V,RVAXUS,111,0,
20,D,A,V,RVAXUS,112,0,
20,D,A,V,RVAXUS,302,0,
20,D,A,V,RVAXUS,310,0,
20,D,A,V,RVAXUS,320,0,
20,D,A,V,RVAXUS,805,0,
20,D,A,V,RVAXUS,810,0,
20,D,A,V,RVAXUS,815,0,
20,D,A,V,RVAXUS,890,0,
20,D,A,V,RVAXUS,901,0,
20,D,A,V,RVAXUS,902,0,
20,D,A,V,RVAXUS,903,0,
20,D,A,V,RVAXUS,904,0,
20,D,A,V,RVAXUS,905,0,
20,D,A,V,RVAXUS,908,0,
20,D,A,V,RVAXUS,909,0,
20,D,A,V,RVAXUS,917,0,
20,D,A,V,RVAXUS,930,0,
20,D,A,V,RVAXUS,932,0,
20,D,A,V,RVAXUS,970,0,
20,D,A,V,RVAXUS,971,0,
20,D,A,V,RVBRC,780,0,
20,D,A,V,RVBRC,786,0,
20,D,A,V,RVBRC,788,0,
20,D,A,V,RVBRCE,786,0,
20,D,A,V,RVBRCE,788,0,
20,D,A,V,RVBRCF,786,0,
20,D,A,V,RVBRCF,788,0,
20,D,A,V,RVBRCK,786,0,
20,D,A,V,RVBRCK,788,0,
20,D,A,V,RVBRCL,786,0,
20,D,A,V,RVBRCL,788,0,
20,D,A,V,RVCEU1,819,0,
20,D,A,V,RVXBRA,45,0,
20,D,A,V,VKA000,10,0,
20,D,A,V,VKA000,20,0,
20,D,A,V,VKP000,10,0,
20,D,A,V,VKP000,20,0,
20,D,A,V,VKP002,5,0,
20,D,A,V,WWS001,350,0,
20,D,A,V,WWS002,390,0,
20,E,A,V,JINDEP,310,0,
20,E,A,V,JINDEP,360,0,
20,E,A,V,JINFAC,310,0,
20,E,A,V,JINFAC,360,0,
20,E,A,V,JINFAC,410,0,
20,E,A,V,JINSTO,310,0,
20,E,A,V,JINSTO,360,0,
20,E,A,V,PSER01,60,0,
20,E,A,V,PSER01,61,0,
20,E,A,V,RVAAFR,890,0,
20,E,A,V,RVAAIT,890,0,
20,E,A,V,RVAAMX,11,0,
20,E,A,V,RVAAMX,13,0,
20,E,A,V,RVAAMX,103,0,
20,E,A,V,RVAAMX,104,0,
20,E,A,V,RVAAMX,105,0,
20,E,A,V,RVAAMX,106,0,
20,E,A,V,RVAAMX,107,0,
20,E,A,V,RVAAMX,108,0,
20,E,A,V,RVAAMX,109,0,
20,E,A,V,RVAAMX,110,0,
20,E,A,V,RVAAMX,111,0,
20,E,A,V,RVAAMX,112,0,
20,E,A,V,RVAAMX,302,0,
20,E,A,V,RVAAMX,310,0,
20,E,A,V,RVAAMX,320,0,
20,E,A,V,RVAAMX,805,0,
20,E,A,V,RVAAMX,810,0,
20,E,A,V,RVAAMX,815,0,
20,E,A,V,RVAAMX,890,0,
20,E,A,V,RVAAMX,901,0,
20,E,A,V,RVAAMX,902,0,
20,E,A,V,RVAAMX,903,0,
20,E,A,V,RVAAMX,904,0,
20,E,A,V,RVAAMX,905,0,
20,E,A,V,RVAAMX,932,0,
20,E,A,V,RVAAMX,933,0,
20,E,A,V,RVAAMX,935,0,
20,E,A,V,RVAAMX,970,0,
20,E,A,V,RVAAMX,971,0,
20,E,A,V,RVAJCA,913,0,
20,E,A,V,RVAXUS,302,0,
20,E,A,V,RVAXUS,320,0,
20,E,A,V,RVAXUS,890,0,
20,E,A,V,RVAXUS,904,0,
20,E,A,V,RVAXUS,909,0,
20,E,A,V,RVAXUS,932,0,
20,E,A,V,RVAXUS,971,0,
20,E,A,V,RVXBRA,290,0,
20,E,A,V,RVXBRA,329,0,
20,E,A,V,RVXBRA,595,0,
20,E,A,V,RVXBRA,700,0,
20,E,A,V,RVXBRA,750,0,
20,E,A,V,RVXBRE,45,0,
20,E,A,V,RVXBRE,290,0,
20,E,A,V,RVXBRE,329,0,
20,E,A,V,RVXBRE,595,0,
20,E,A,V,RVXBRE,700,0,
20,E,A,V,RVXBRE,750,0,
20,E,A,V,RVXBRF,45,0,
20,E,A,V,RVXBRF,290,0,
20,E,A,V,RVXBRF,329,0,
20,E,A,V,RVXBRF,595,0,
20,E,A,V,RVXBRF,700,0,
20,E,A,V,RVXBRF,750,0,
20,E,A,V,RVXBRK,45,0,
20,E,A,V,RVXBRK,290,0,
20,E,A,V,RVXBRK,329,0,
20,E,A,V,RVXBRK,595,0,
20,E,A,V,RVXBRK,700,0,
20,E,A,V,RVXBRK,750,0,
20,E,A,V,RVXBRL,45,0,
20,E,A,V,RVXBRL,290,0,
20,E,A,V,RVXBRL,329,0,
20,E,A,V,RVXBRL,595,0,
20,E,A,V,RVXBRL,700,0,
20,E,A,V,RVXBRL,750,0,
20,E,A,V,ZPRBLL,650,0,
20,E,A,V,ZPRBLL,655,0,
20,E,A,V,ZPRBLL,660,0,
20,E,A,V,ZPRBLL,665,0,
20,E,A,V,ZPRBSD,450,0,
20,E,A,V,ZPRBSD,650,0,
20,E,A,V,ZPRBSD,655,0,
20,E,A,V,ZPRBSD,660,0,
20,E,A,V,ZPRST1,650,0,
20,E,A,V,ZPRST1,655,0,
20,E,A,V,ZPRST1,660,0,
20,E,A,V,ZPRST1,665,0,
20,E,A,V,ZPRSTO,600,0,
20,E,A,V,ZPRTES,400,0,
20,E,A,V,ZPRTES,425,0,
20,E,A,V,ZPRTES,430,0,
20,E,A,V,ZPRTES,435,0,
20,E,A,V,ZPRTES,440,0,
20,E,A,V,ZPRTES,455,0,
20,E,A,V,ZPRTES,460,0,
20,E,A,V,ZPRTES,470,0,
20,F,A,V,JINDEP,310,0,
20,F,A,V,JINDEP,360,0,
20,F,A,V,JINFAC,310,0,
20,F,A,V,JINFAC,360,0,
20,F,A,V,JINFAC,410,0,
20,F,A,V,JINSTO,310,0,
20,F,A,V,JINSTO,360,0,
20,F,A,V,PSER01,60,0,
20,F,A,V,PSER01,61,0,
20,F,A,V,RVAAFR,890,0,
20,F,A,V,RVAAIT,890,0,
20,F,A,V,RVAAMX,11,0,
20,F,A,V,RVAAMX,13,0,
20,F,A,V,RVAAMX,103,0,
20,F,A,V,RVAAMX,104,0,
20,F,A,V,RVAAMX,105,0,
20,F,A,V,RVAAMX,106,0,
20,F,A,V,RVAAMX,107,0,
20,F,A,V,RVAAMX,108,0,
20,F,A,V,RVAAMX,109,0,
20,F,A,V,RVAAMX,110,0,
20,F,A,V,RVAAMX,111,0,
20,F,A,V,RVAAMX,112,0,
20,F,A,V,RVAAMX,302,0,
20,F,A,V,RVAAMX,310,0,
20,F,A,V,RVAAMX,320,0,
20,F,A,V,RVAAMX,805,0,
20,F,A,V,RVAAMX,810,0,
20,F,A,V,RVAAMX,815,0,
20,F,A,V,RVAAMX,890,0,
20,F,A,V,RVAAMX,901,0,
20,F,A,V,RVAAMX,902,0,
20,F,A,V,RVAAMX,903,0,
20,F,A,V,RVAAMX,904,0,
20,F,A,V,RVAAMX,905,0,
20,F,A,V,RVAAMX,932,0,
20,F,A,V,RVAAMX,933,0,
20,F,A,V,RVAAMX,935,0,
20,F,A,V,RVAAMX,970,0,
20,F,A,V,RVAAMX,971,0,
20,F,A,V,RVAJCA,913,0,
20,F,A,V,RVAXUS,302,0,
20,F,A,V,RVAXUS,320,0,
20,F,A,V,RVAXUS,890,0,
20,F,A,V,RVAXUS,904,0,
20,F,A,V,RVAXUS,909,0,
20,F,A,V,RVAXUS,932,0,
20,F,A,V,RVAXUS,971,0,
20,F,A,V,RVXBRA,290,0,
20,F,A,V,RVXBRA,329,0,
20,F,A,V,RVXBRA,595,0,
20,F,A,V,RVXBRA,700,0,
20,F,A,V,RVXBRA,750,0,
20,F,A,V,RVXBRE,45,0,
20,F,A,V,RVXBRE,290,0,
20,F,A,V,RVXBRE,329,0,
20,F,A,V,RVXBRE,595,0,
20,F,A,V,RVXBRE,700,0,
20,F,A,V,RVXBRE,750,0,
20,F,A,V,RVXBRF,45,0,
20,F,A,V,RVXBRF,290,0,
20,F,A,V,RVXBRF,329,0,
20,F,A,V,RVXBRF,595,0,
20,F,A,V,RVXBRF,700,0,
20,F,A,V,RVXBRF,750,0,
20,F,A,V,RVXBRK,45,0,
20,F,A,V,RVXBRK,290,0,
20,F,A,V,RVXBRK,329,0,
20,F,A,V,RVXBRK,595,0,
20,F,A,V,RVXBRK,700,0,
20,F,A,V,RVXBRK,750,0,
20,F,A,V,RVXBRL,45,0,
20,F,A,V,RVXBRL,290,0,
20,F,A,V,RVXBRL,329,0,
20,F,A,V,RVXBRL,595,0,
20,F,A,V,RVXBRL,700,0,
20,F,A,V,RVXBRL,750,0,
20,F,A,V,ZPRBLL,650,0,
20,F,A,V,ZPRBLL,655,0,
20,F,A,V,ZPRBLL,660,0,
20,F,A,V,ZPRBLL,665,0,
20,F,A,V,ZPRBSD,450,0,
20,F,A,V,ZPRBSD,650,0,
20,F,A,V,ZPRBSD,655,0,
20,F,A,V,ZPRBSD,660,0,
20,F,A,V,ZPRST1,650,0,
20,F,A,V,ZPRST1,655,0,
20,F,A,V,ZPRST1,660,0,
20,F,A,V,ZPRST1,665,0,
20,F,A,V,ZPRSTO,600,0,
20,F,A,V,ZPRTES,400,0,
20,F,A,V,ZPRTES,425,0,
20,F,A,V,ZPRTES,430,0,
20,F,A,V,ZPRTES,435,0,
20,F,A,V,ZPRTES,440,0,
20,F,A,V,ZPRTES,455,0,
20,D,A,V,RVAAFR,8,0,Istkosten
20,D,A,V,RVAAFR,11,0,Preis
20,D,A,V,RVAAFR,13,0,Preis Brutto
20,D,A,V,RVAAFR,20,0,Variantenpreis
20,D,A,V,RVAAFR,100,0,Brutto
20,D,A,V,RVAAFR,101,0,Aktion
20,D,A,V,RVAAFR,102,0,Preisgrp/Mat
20,D,A,V,RVAAFR,103,0,Kunde/Material
20,D,A,V,RVAAFR,104,0,Kundenrabatt
20,D,A,V,RVAAFR,105,0,Material
20,D,A,V,RVAAFR,106,0,Preisgruppe
20,D,A,V,RVAAFR,107,0,Materialgruppe
20,D,A,V,RVAAFR,108,0,Kunde/MatGrp
20,D,A,V,RVAAFR,109,0,Preisgrp/MatGrp
20,D,A,V,RVAAFR,110,0,Gewichtsrabatt
20,D,A,V,RVAAFR,111,0,Hierarchie
20,D,A,V,RVAAFR,112,0,Hierarchie/Material
20,D,A,V,RVAAFR,120,0,Variantenpreis
20,D,A,V,RVAAFR,300,0,Rabattbetrag
20,D,A,V,RVAAFR,302,0,Preis
20,D,A,V,RVAAFR,310,0,Preis Netto
20,D,A,V,RVAAFR,320,0,Mindestpreis
20,D,A,V,RVAAFR,400,0,Bonusbasis
20,D,A,V,RVAAFR,800,0,Positionsnetto
20,D,A,V,RVAAFR,805,0,MixAnbruchzuschlag
20,D,A,V,RVAAFR,810,0,Fracht
20,D,A,V,RVAAFR,815,0,Fracht
20,D,A,V,RVAAFR,820,0,Auftragswert
20,D,A,V,RVAAFR,900,0,Nettowert 2
20,D,A,V,RVAAFR,901,0,Mat-/Gruppenbonus
20,D,A,V,RVAAFR,902,0,Materialbonus
20,D,A,V,RVAAFR,903,0,Kundenbonus
20,D,A,V,RVAAFR,904,0,Hierarchiebonus
20,D,A,V,RVAAFR,905,0,Hierarchiebonus/Mat
20,D,A,V,RVAAFR,908,0,Nettowert 3
20,D,A,V,RVAAFR,909,0,PreisInterneVerrProz
20,D,A,V,RVAAFR,910,0,PreisInterneVerrechn
20,D,A,V,RVAAFR,913,0,Skonto
20,D,A,V,RVAAFR,914,0,MwSt-Lizenz Italien
20,D,A,V,RVAAFR,915,0,Ausgangssteuer
20,D,A,V,RVAAFR,919,0,Rundung
20,D,A,V,RVAAFR,920,0,Endbetrag
20,D,A,V,RVAAFR,930,0,Skonto
20,D,A,V,RVAAFR,932,0,Delkredere
20,D,A,V,RVAAFR,933,0,Steuer Delkredere
20,D,A,V,RVAAFR,935,0,Grenzübergangswert
20,D,A,V,RVAAFR,940,0,Verrechnungspreis
20,D,A,V,RVAAFR,941,0,Kalkulierte Kosten
20,D,A,V,RVAAFR,950,0,Deckungsbeitrag
20,D,A,V,RVAAFR,970,0,Erwart. Kundenpreis
20,D,A,V,RVAAFR,971,0,Erwart. Kundenwert
20,D,A,V,RVAAIT,8,0,Istkosten
20,D,A,V,RVAAIT,11,0,Preis
20,D,A,V,RVAAIT,13,0,Preis Brutto
20,D,A,V,RVAAIT,20,0,Variantenpreis
20,D,A,V,RVAAIT,100,0,Brutto
20,D,A,V,RVAAIT,101,0,Aktion
20,D,A,V,RVAAIT,102,0,Preisgrp/Mat
20,D,A,V,RVAAIT,103,0,Kunde/Material
20,D,A,V,RVAAIT,104,0,Kundenrabatt
20,D,A,V,RVAAIT,105,0,Material
20,D,A,V,RVAAIT,106,0,Preisgruppe
20,D,A,V,RVAAIT,107,0,Materialgruppe
20,D,A,V,RVAAIT,108,0,Kunde/MatGrp
20,D,A,V,RVAAIT,109,0,Preisgrp/MatGrp
20,D,A,V,RVAAIT,110,0,Gewichtsrabatt
20,D,A,V,RVAAIT,111,0,Hierarchie
20,D,A,V,RVAAIT,112,0,Hierarchie/Material
20,D,A,V,RVAAIT,120,0,Variantenpreis
20,D,A,V,RVAAIT,300,0,Rabattbetrag
20,D,A,V,RVAAIT,302,0,Preis
20,D,A,V,RVAAIT,310,0,Preis Netto
20,D,A,V,RVAAIT,320,0,Mindestpreis
20,D,A,V,RVAAIT,400,0,Bonusbasis
20,D,A,V,RVAAIT,800,0,Positionsnetto
20,D,A,V,RVAAIT,805,0,MixAnbruchzuschlag
20,D,A,V,RVAAIT,810,0,Fracht
20,D,A,V,RVAAIT,815,0,Fracht
20,D,A,V,RVAAIT,820,0,Auftragswert
20,D,A,V,RVAAIT,900,0,Nettowert 2
20,D,A,V,RVAAIT,901,0,Mat-/Gruppenbonus
20,D,A,V,RVAAIT,902,0,Materialbonus
20,D,A,V,RVAAIT,903,0,Kundenbonus
20,D,A,V,RVAAIT,904,0,Hierarchiebonus
20,D,A,V,RVAAIT,905,0,Hierarchiebonus/Mat
20,D,A,V,RVAAIT,908,0,Nettowert 3
20,D,A,V,RVAAIT,909,0,PreisInterneVerrProz
20,D,A,V,RVAAIT,910,0,PreisInterneVerrechn
20,D,A,V,RVAAIT,913,0,MwSt-Lizenz Italien
20,D,A,V,RVAAIT,914,0,MwSt-Lizenz Italien
20,D,A,V,RVAAIT,915,0,Ausgangssteuer
20,D,A,V,RVAAIT,917,0,Ausgangssteuer
20,D,A,V,RVAAIT,918,0,Bollo in Fattura
20,D,A,V,RVAAIT,919,0,Rundung
20,D,A,V,RVAAIT,920,0,Endbetrag
20,D,A,V,RVAAIT,930,0,Skonto
20,D,A,V,RVAAIT,932,0,Delkredere
20,D,A,V,RVAAIT,933,0,Steuer Delkredere
20,D,A,V,RVAAIT,935,0,Grenzübergangswert
20,D,A,V,RVAAIT,940,0,Verrechnungspreis
20,D,A,V,RVAAIT,941,0,Kalkulierte Kosten
20,D,A,V,RVAAIT,950,0,Deckungsbeitrag
20,D,A,V,RVAAIT,970,0,Erwart. Kundenpreis
20,D,A,V,RVAAIT,971,0,Erwart. Kundenwert
20,D,A,V,VKP002,6,0,Endverbraucherpreis
20,D,A,V,VKP002,9,0,Aktions-VKP    IS-R
20,D,A,V,VKP002,10,0,Verkaufspreis  IS-R
20,D,A,V,VKP002,11,0,Preis
20,D,A,V,VKP002,13,0,Preis Brutto
20,D,A,V,VKP002,100,0,Brutto
20,D,A,V,VKP002,101,0,Aktion
20,D,A,V,VKP002,102,0,Preisgrp/Mat
20,D,A,V,VKP002,103,0,Kunde/Material
20,D,A,V,VKP002,104,0,Kundenrabatt
20,D,A,V,VKP002,105,0,Material
20,D,A,V,VKP002,106,0,Preisgruppe
20,D,A,V,VKP002,107,0,Materialgruppe
20,D,A,V,VKP002,108,0,Kunde/MatGrp
20,D,A,V,VKP002,109,0,Preisgrp/MatGrp
20,D,A,V,VKP002,110,0,Gewichtsrabatt
20,D,A,V,VKP002,111,0,Hierarchie
20,D,A,V,VKP002,112,0,Hierarchie/Material
20,D,A,V,VKP002,300,0,Rabattbetrag
20,D,A,V,VKP002,302,0,Preis
20,D,A,V,VKP002,310,0,Preis Netto
20,D,A,V,VKP002,400,0,Bonusbasis
20,D,A,V,VKP002,800,0,Positionsnetto
20,D,A,V,VKP002,805,0,MixAnbruchzuschlag
20,D,A,V,VKP002,810,0,Fracht
20,D,A,V,VKP002,815,0,Fracht
20,D,A,V,VKP002,820,0,Auftragswert
20,D,A,V,VKP002,900,0,Nettowert 2
20,D,A,V,VKP002,901,0,Gruppenbonus
20,D,A,V,VKP002,902,0,Materialbonus
20,D,A,V,VKP002,903,0,Kundenbonus
20,D,A,V,VKP002,904,0,Hierarchiebonus
20,D,A,V,VKP002,905,0,Hierarchiebonus/Mat
20,D,A,V,VKP002,907,0,Umsatzunabhäng-Bonus
20,D,A,V,VKP002,908,0,Nettowert 3
20,D,A,V,VKP002,910,0,Ausgangssteuer
20,D,A,V,VKP002,915,0,Rundung
20,D,A,V,VKP002,920,0,Endbetrag
20,D,A,V,VKP002,930,0,Skonto
20,D,A,V,VKP002,932,0,Delkredere
20,D,A,V,VKP002,933,0,Steuer Delkredere
20,D,A,V,VKP002,935,0,Grenzübergangswert
20,D,A,V,VKP002,940,0,Verrechnungspreis
20,D,A,V,VKP002,950,0,Deckungsbeitrag
20,D,A,V,VKP002,960,0,Grundbetrag excl. Steuern
20,D,A,V,VKP002,970,0,Endbetrag excl. Steuern
20,D,A,V,VKP002,975,0,Endbetrag incl. Steuern
20,E,A,V,RVAAFR,8,0,Actual Costs
20,E,A,V,RVAAFR,11,0,Price
20,E,A,V,RVAAFR,13,0,Price (Gross)
20,E,A,V,RVAAFR,20,0,Variant Price
20,E,A,V,RVAAFR,100,0,Gross
20,E,A,V,RVAAFR,101,0,Sales Promotion
20,E,A,V,RVAAFR,102,0,Price Group/Material
20,E,A,V,RVAAFR,103,0,Customer/Material
20,E,A,V,RVAAFR,104,0,Customer Discount
20,E,A,V,RVAAFR,105,0,Material
20,E,A,V,RVAAFR,106,0,Price Group
20,E,A,V,RVAAFR,107,0,Material Pricing Group
20,E,A,V,RVAAFR,108,0,Customer/Matl Pricing Group
20,E,A,V,RVAAFR,109,0,Price Grp/Matl Pricing Group
20,E,A,V,RVAAFR,110,0,Weight Discount
20,E,A,V,RVAAFR,111,0,Hierarchy
20,E,A,V,RVAAFR,112,0,Hierarchy/Material
20,E,A,V,RVAAFR,120,0,Variant Price
20,E,A,V,RVAAFR,300,0,Discount Amount
20,E,A,V,RVAAFR,302,0,Price
20,E,A,V,RVAAFR,310,0,Net Price
20,E,A,V,RVAAFR,320,0,Minimum Price
20,E,A,V,RVAAFR,400,0,Rebate Basis
20,E,A,V,RVAAFR,800,0,Net Value for Item
20,E,A,V,RVAAFR,805,0,Mixed Pallet Surch.
20,E,A,V,RVAAFR,810,0,Freight
20,E,A,V,RVAAFR,815,0,Freight
20,E,A,V,RVAAFR,820,0,Order Value
20,E,A,V,RVAAFR,900,0,Net Value 2
20,E,A,V,RVAAFR,901,0,Material / Group Rebate
20,E,A,V,RVAAFR,902,0,Material Rebate
20,E,A,V,RVAAFR,903,0,Customer Rebate
20,E,A,V,RVAAFR,904,0,Hierarchy Rebate
20,E,A,V,RVAAFR,905,0,Hierarchy rebate/mat
20,E,A,V,RVAAFR,908,0,Net Value 3
20,E,A,V,RVAAFR,909,0,Intercompany %
20,E,A,V,RVAAFR,910,0,Intercompany Price
20,E,A,V,RVAAFR,913,0,Cash Discount
20,E,A,V,RVAAFR,914,0,VAT license Italy
20,E,A,V,RVAAFR,915,0,Output Tax
20,E,A,V,RVAAFR,919,0,Rounding
20,E,A,V,RVAAFR,920,0,Total
20,E,A,V,RVAAFR,930,0,Cash Discount
20,E,A,V,RVAAFR,932,0,Factoring Discount
20,E,A,V,RVAAFR,933,0,Factoring Discount Tax
20,E,A,V,RVAAFR,935,0,Statistical Value
20,E,A,V,RVAAFR,940,0,Cost
20,E,A,V,RVAAFR,941,0,Calculated costs
20,E,A,V,RVAAFR,950,0,Profit Margin
20,E,A,V,RVAAFR,970,0,Customer Expected Price
20,E,A,V,RVAAFR,971,0,Customer Expected Value
20,E,A,V,RVAAIT,8,0,Actual Costs
20,E,A,V,RVAAIT,11,0,Price
20,E,A,V,RVAAIT,13,0,Price (Gross)
20,E,A,V,RVAAIT,20,0,Variant Price
20,E,A,V,RVAAIT,100,0,Gross
20,E,A,V,RVAAIT,101,0,Sales Promotion
20,E,A,V,RVAAIT,102,0,Price Group/Material
20,E,A,V,RVAAIT,103,0,Customer/Material
20,E,A,V,RVAAIT,104,0,Customer Discount
20,E,A,V,RVAAIT,105,0,Material
20,E,A,V,RVAAIT,106,0,Price group
20,E,A,V,RVAAIT,107,0,Material pricing group
20,E,A,V,RVAAIT,108,0,Customer/Matl Pricing Group
20,E,A,V,RVAAIT,109,0,Price Grp/Matl Pricing Group
20,E,A,V,RVAAIT,110,0,Weight Discount
20,E,A,V,RVAAIT,111,0,Hierarchy
20,E,A,V,RVAAIT,112,0,Hierarchy/Material
20,E,A,V,RVAAIT,120,0,Variant Price
20,E,A,V,RVAAIT,300,0,Discount Amount
20,E,A,V,RVAAIT,302,0,Price
20,E,A,V,RVAAIT,310,0,Net Price
20,E,A,V,RVAAIT,320,0,Minimum Price
20,E,A,V,RVAAIT,400,0,Rebate Basis
20,E,A,V,RVAAIT,800,0,Net Value for Item
20,E,A,V,RVAAIT,805,0,Mixed Pallet Surch.
20,E,A,V,RVAAIT,810,0,Freight
20,E,A,V,RVAAIT,815,0,Freight
20,E,A,V,RVAAIT,820,0,Order Value
20,E,A,V,RVAAIT,900,0,Net Value 2
20,E,A,V,RVAAIT,901,0,Material / Group Rebate
20,E,A,V,RVAAIT,902,0,Material Rebate
20,E,A,V,RVAAIT,903,0,Customer Rebate
20,E,A,V,RVAAIT,904,0,Hierarchy Rebate
20,E,A,V,RVAAIT,905,0,Hierarchy rebate/mat
20,E,A,V,RVAAIT,908,0,Net Value 3
20,E,A,V,RVAAIT,909,0,Intercompany %
20,E,A,V,RVAAIT,910,0,Intercompany Price
20,E,A,V,RVAAIT,913,0,VAT license Italy
20,E,A,V,RVAAIT,914,0,VAT license Italy
20,E,A,V,RVAAIT,915,0,Output Tax
20,E,A,V,RVAAIT,917,0,Output Tax
20,E,A,V,RVAAIT,918,0,Bollo in Fattura
20,E,A,V,RVAAIT,919,0,Rounding
20,E,A,V,RVAAIT,920,0,Total
20,E,A,V,RVAAIT,930,0,Cash Discount
20,E,A,V,RVAAIT,932,0,Factoring Discount
20,E,A,V,RVAAIT,933,0,Factoring Discount Tax
20,E,A,V,RVAAIT,935,0,Statistical Value
20,E,A,V,RVAAIT,940,0,Cost
20,E,A,V,RVAAIT,941,0,Calculated costs
20,E,A,V,RVAAIT,950,0,Profit Margin
20,E,A,V,RVAAIT,970,0,Customer Expected Price
20,E,A,V,RVAAIT,971,0,Customer Expected Value
20,E,A,V,VKP002,6,0,Retail price
20,E,A,V,VKP002,9,0,Promo SP        IS-R
20,E,A,V,VKP002,10,0,Sales Price IS-R
20,E,A,V,VKP002,11,0,Price
20,E,A,V,VKP002,13,0,Price (Gross)
20,E,A,V,VKP002,100,0,Gross
20,E,A,V,VKP002,101,0,Sales promotion
20,E,A,V,VKP002,102,0,Price Group/Material
20,E,A,V,VKP002,103,0,Customer/Material
20,E,A,V,VKP002,104,0,Customer discount
20,E,A,V,VKP002,105,0,Material
20,E,A,V,VKP002,106,0,Price group
20,E,A,V,VKP002,107,0,Material pricing group
20,E,A,V,VKP002,108,0,Customer/Matl Pricing Group
20,E,A,V,VKP002,109,0,Price Grp/Matl Pricing Group
20,E,A,V,VKP002,110,0,Weight Discount
20,E,A,V,VKP002,111,0,Hierarchy
20,E,A,V,VKP002,112,0,Hierarchy/Material
20,E,A,V,VKP002,300,0,Discount Amount
20,E,A,V,VKP002,302,0,Price
20,E,A,V,VKP002,310,0,Net Price
20,E,A,V,VKP002,400,0,Rebate Basis
20,E,A,V,VKP002,800,0,Net Value for Item
20,E,A,V,VKP002,805,0,Mixed Pallet Surch.
20,E,A,V,VKP002,810,0,Freight
20,E,A,V,VKP002,815,0,Freight
20,E,A,V,VKP002,820,0,Order Value
20,E,A,V,VKP002,900,0,Net Value 2
20,E,A,V,VKP002,901,0,Group Rebate
20,E,A,V,VKP002,902,0,Material Rebate
20,E,A,V,VKP002,903,0,Customer Rebate
20,E,A,V,VKP002,904,0,Hierarchy Rebate
20,E,A,V,VKP002,905,0,Hierarchy rebate/mat
20,E,A,V,VKP002,907,0,Sales Indepndt Rebat
20,E,A,V,VKP002,908,0,Net value 3
20,E,A,V,VKP002,910,0,Output Tax
20,E,A,V,VKP002,915,0,Rounding
20,E,A,V,VKP002,920,0,Total
20,F,A,V,RVAAFR,8,0,Actual Costs
20,F,A,V,RVAAFR,11,0,Price
20,F,A,V,RVAAFR,13,0,Price (Gross)
20,F,A,V,RVAAFR,20,0,Variant Price
20,F,A,V,RVAAFR,100,0,Gross
20,F,A,V,RVAAFR,101,0,Sales Promotion
20,F,A,V,RVAAFR,102,0,Price Group/Material
20,F,A,V,RVAAFR,103,0,Customer/Material
20,F,A,V,RVAAFR,104,0,Customer Discount
20,F,A,V,RVAAFR,105,0,Material
20,F,A,V,RVAAFR,106,0,Price Group
20,F,A,V,RVAAFR,107,0,Material Pricing Group
20,F,A,V,RVAAFR,108,0,Customer/Matl Pricing Group
20,F,A,V,RVAAFR,109,0,Price Grp/Matl Pricing Group
20,F,A,V,RVAAFR,110,0,Weight Discount
20,F,A,V,RVAAFR,111,0,Hierarchy
20,F,A,V,RVAAFR,112,0,Hierarchy/Material
20,F,A,V,RVAAFR,120,0,Variant Price
20,F,A,V,RVAAFR,300,0,Discount Amount
20,F,A,V,RVAAFR,302,0,Price
20,F,A,V,RVAAFR,310,0,Net Price
20,F,A,V,RVAAFR,320,0,Minimum Price
20,F,A,V,RVAAFR,400,0,Rebate Basis
20,F,A,V,RVAAFR,800,0,Net Value for Item
20,F,A,V,RVAAFR,805,0,Mixed Pallet Surch.
20,F,A,V,RVAAFR,810,0,Freight
20,F,A,V,RVAAFR,815,0,Freight
20,F,A,V,RVAAFR,820,0,Order Value
20,F,A,V,RVAAFR,900,0,Net Value 2
20,F,A,V,RVAAFR,901,0,Material / Group Rebate
20,F,A,V,RVAAFR,902,0,Material Rebate
20,F,A,V,RVAAFR,903,0,Customer Rebate
20,F,A,V,RVAAFR,904,0,Hierarchy Rebate
20,F,A,V,RVAAFR,905,0,Hierarchy rebate/mat
20,F,A,V,RVAAFR,908,0,Net Value 3
20,F,A,V,RVAAFR,909,0,Intercompany %
20,F,A,V,RVAAFR,910,0,Intercompany Price
20,F,A,V,RVAAFR,913,0,Cash Discount
20,F,A,V,RVAAFR,914,0,VAT license Italy
20,F,A,V,RVAAFR,915,0,Output Tax
20,F,A,V,RVAAFR,919,0,Rounding
20,F,A,V,RVAAFR,920,0,Total
20,F,A,V,RVAAFR,930,0,Cash Discount
20,F,A,V,RVAAFR,932,0,Factoring Discount
20,F,A,V,RVAAFR,933,0,Factoring Discount Tax
20,F,A,V,RVAAFR,935,0,Statistical Value
20,F,A,V,RVAAFR,940,0,Cost
20,F,A,V,RVAAFR,941,0,Calculated costs
20,F,A,V,RVAAFR,950,0,Profit Margin
20,F,A,V,RVAAFR,970,0,Customer Expected Price
20,F,A,V,RVAAFR,971,0,Customer Expected Value
20,F,A,V,RVAAIT,8,0,Actual Costs
20,F,A,V,RVAAIT,11,0,Price
20,F,A,V,RVAAIT,13,0,Price (Gross)
20,F,A,V,RVAAIT,20,0,Variant Price
20,F,A,V,RVAAIT,100,0,Gross
20,F,A,V,RVAAIT,101,0,Sales Promotion
20,F,A,V,RVAAIT,102,0,Price Group/Material
20,F,A,V,RVAAIT,103,0,Customer/Material
20,F,A,V,RVAAIT,104,0,Customer Discount
20,F,A,V,RVAAIT,105,0,Material
20,F,A,V,RVAAIT,106,0,Price group
20,F,A,V,RVAAIT,107,0,Material pricing group
20,F,A,V,RVAAIT,108,0,Customer/Matl Pricing Group
20,F,A,V,RVAAIT,109,0,Price Grp/Matl Pricing Group
20,F,A,V,RVAAIT,110,0,Weight Discount
20,F,A,V,RVAAIT,111,0,Hierarchy
20,F,A,V,RVAAIT,112,0,Hierarchy/Material
20,F,A,V,RVAAIT,120,0,Variant Price
20,F,A,V,RVAAIT,300,0,Discount Amount
20,F,A,V,RVAAIT,302,0,Price
20,F,A,V,RVAAIT,310,0,Net Price
20,F,A,V,RVAAIT,320,0,Minimum Price
20,F,A,V,RVAAIT,400,0,Rebate Basis
20,F,A,V,RVAAIT,800,0,Net Value for Item
20,F,A,V,RVAAIT,805,0,Mixed Pallet Surch.
20,F,A,V,RVAAIT,810,0,Freight
20,F,A,V,RVAAIT,815,0,Freight
20,F,A,V,RVAAIT,820,0,Order Value
20,F,A,V,RVAAIT,900,0,Net Value 2
20,F,A,V,RVAAIT,901,0,Material / Group Rebate
20,F,A,V,RVAAIT,902,0,Material Rebate
20,F,A,V,RVAAIT,903,0,Customer Rebate
20,F,A,V,RVAAIT,904,0,Hierarchy Rebate
20,F,A,V,RVAAIT,905,0,Hierarchy rebate/mat
20,F,A,V,RVAAIT,908,0,Net Value 3
20,F,A,V,RVAAIT,909,0,Intercompany %
20,F,A,V,RVAAIT,910,0,Intercompany Price
20,F,A,V,RVAAIT,913,0,VAT license Italy
20,F,A,V,RVAAIT,914,0,VAT license Italy
20,F,A,V,RVAAIT,915,0,Output Tax
20,F,A,V,RVAAIT,917,0,Output Tax
20,F,A,V,RVAAIT,918,0,Bollo in Fattura
20,F,A,V,RVAAIT,919,0,Rounding
20,F,A,V,RVAAIT,920,0,Total
20,F,A,V,RVAAIT,930,0,Cash Discount
20,F,A,V,RVAAIT,932,0,Factoring Discount
20,F,A,V,RVAAIT,933,0,Factoring Discount Tax
20,F,A,V,RVAAIT,935,0,Statistical Value
20,F,A,V,RVAAIT,940,0,Cost
20,F,A,V,RVAAIT,941,0,Calculated costs
20,F,A,V,RVAAIT,950,0,Profit Margin
20,F,A,V,RVAAIT,970,0,Customer Expected Price
20,F,A,V,RVAAIT,971,0,Customer Expected Value
20,F,A,V,ZPRTES,460,0,
20,F,A,V,ZPRTES,470,0,
20,E,A,V,VKP002,930,0,Cash Discount
20,E,A,V,VKP002,932,0,Factoring Discount
20,E,A,V,VKP002,933,0,Factoring Discount Tax
20,E,A,V,VKP002,935,0,Statistical Value
20,E,A,V,VKP002,940,0,Cost
20,E,A,V,VKP002,950,0,Profit Margin
20,E,A,V,VKP002,960,0,Basic Amount Excl. Taxes
20,E,A,V,VKP002,970,0,Final Amount Excl. Taxes
20,E,A,V,VKP002,975,0,Final Amount Incl. Taxes
20,F,A,V,VKP002,6,0,Retail price
20,F,A,V,VKP002,9,0,Promo SP        IS-R
20,F,A,V,VKP002,10,0,Sales Price IS-R
20,F,A,V,VKP002,11,0,Price
20,F,A,V,VKP002,13,0,Price (Gross)
20,F,A,V,VKP002,100,0,Gross
20,F,A,V,VKP002,101,0,Sales promotion
20,F,A,V,VKP002,102,0,Price Group/Material
20,F,A,V,VKP002,103,0,Customer/Material
20,F,A,V,VKP002,104,0,Customer discount
20,F,A,V,VKP002,105,0,Material
20,F,A,V,VKP002,106,0,Price group
20,D,A,V,RVAJCA,11,0,Preis
20,D,A,V,RVAJCA,13,0,Preis Brutto
20,D,A,V,RVAJCA,100,0,Brutto
20,D,A,V,RVAJCA,101,0,Aktion
20,D,A,V,RVAJCA,102,0,Preisgrp/Mat
20,D,A,V,RVAJCA,103,0,Kunde/Material
20,D,A,V,RVAJCA,104,0,Kundenrabatt
20,D,A,V,RVAJCA,105,0,Material
20,D,A,V,RVAJCA,106,0,Preisgruppe
20,D,A,V,RVAJCA,107,0,Materialgruppe
20,D,A,V,RVAJCA,108,0,Kunde/MatGrp
20,D,A,V,RVAJCA,109,0,Preisgrp/MatGrp
20,D,A,V,RVAJCA,110,0,Gewichtsrabatt
20,D,A,V,RVAJCA,111,0,Hierarchie
20,D,A,V,RVAJCA,112,0,Hierarchie/Material
20,D,A,V,RVAJCA,300,0,Rabattbetrag
20,D,A,V,RVAJCA,302,0,Preis
20,D,A,V,RVAJCA,310,0,Preis Netto
20,D,A,V,RVAJCA,320,0,Mindestpreis
20,D,A,V,RVAJCA,400,0,Bonusbasis
20,D,A,V,RVAJCA,800,0,Positionsnetto
20,D,A,V,RVAJCA,805,0,MixAnbruchzuschlag
20,D,A,V,RVAJCA,810,0,Fracht
20,D,A,V,RVAJCA,815,0,Fracht
20,D,A,V,RVAJCA,820,0,Auftragswert
20,D,A,V,RVAJCA,890,0,Skonto
20,D,A,V,RVAJCA,900,0,Nettowert 2
20,D,A,V,RVAJCA,901,0,Gruppenbonus
20,D,A,V,RVAJCA,902,0,Materialbonus
20,D,A,V,RVAJCA,903,0,Kundenbonus
20,D,A,V,RVAJCA,904,0,Hierarchiebonus
20,D,A,V,RVAJCA,905,0,Hierarchiebonus/Mat
20,D,A,V,RVAJCA,908,0,PreisInterneVerrProz
20,D,A,V,RVAJCA,909,0,PreisInterneVerrechn
20,D,A,V,RVAJCA,910,0,State Sales Tax
20,D,A,V,RVAJCA,911,0,Tax Jur Code Level 1
20,D,A,V,RVAJCA,912,0,Tax Jur Code Level 2
20,D,A,V,RVAJCA,915,0,Rundung
20,D,A,V,RVAJCA,920,0,Endbetrag
20,D,A,V,RVAJCA,930,0,Skonto
20,D,A,V,RVAJCA,932,0,Delkredere
20,D,A,V,RVAJCA,940,0,Verrechnungspreis
20,D,A,V,RVAJCA,950,0,Standard - CA /mit J
20,D,A,V,RVAJCA,970,0,Erwart. Kundenpreis
20,D,A,V,RVAJCA,971,0,Erwart. Kundenwert
20,D,A,V,RVAXUS,100,0,Brutto
20,D,A,V,RVAXUS,101,0,Aktion
20,D,A,V,RVAXUS,102,0,Aktion
20,D,A,V,RVAXUS,300,0,Rabattbetrag
20,D,A,V,RVAXUS,305,0,Bonusbasis
20,D,A,V,RVAXUS,400,0,Bonusbasis
20,D,A,V,RVAXUS,800,0,Positionsnetto
20,D,A,V,RVAXUS,820,0,Auftragswert
20,D,A,V,RVAXUS,900,0,Nettowert 2
20,D,A,V,RVAXUS,910,0,TaxJurDictionCode
20,D,A,V,RVAXUS,911,0,Tax Jur Code Level 1
20,D,A,V,RVAXUS,912,0,Tax Jur Code Level 2
20,D,A,V,RVAXUS,913,0,Tax Jur Code Level 3
20,D,A,V,RVAXUS,914,0,Tax Jur Code Level 4
20,D,A,V,RVAXUS,915,0,Tax Jur Code Level 5
20,D,A,V,RVAXUS,916,0,Tax Jur Code Level 6
20,D,A,V,RVAXUS,920,0,Endbetrag
20,D,A,V,RVAXUS,938,0,Steuer Delkredere
20,D,A,V,RVAXUS,939,0,Grenzübergangswert
20,D,A,V,RVAXUS,940,0,Verrechnungspreis
20,D,A,V,RVAXUS,950,0,Deckungsbeitrag
20,D,A,V,VKP003,11,0,Preis
20,D,A,V,VKP003,13,0,Preis Brutto
20,D,A,V,VKP003,70,0,Aktions-VKP-GH 1
20,D,A,V,VKP003,80,0,Aktions-VKP-GH 2
20,D,A,V,VKP003,100,0,VK-Listpreis o. MwSt
20,D,A,V,VKP003,101,0,Aktion
20,D,A,V,VKP003,102,0,Preisgrp/Mat
20,D,A,V,VKP003,103,0,Kunde/Material
20,D,A,V,VKP003,104,0,Kundenrabatt
20,D,A,V,VKP003,105,0,Material
20,D,A,V,VKP003,150,0,Aktionsrabatt % 1
20,D,A,V,VKP003,160,0,Aktionsrabatt % 2
20,D,A,V,VKP003,170,0,Aktionsrabatt abs.1
20,D,A,V,VKP003,180,0,Aktionsrabatt abs.2
20,D,A,V,VKP003,200,0,Aktionsrabatte
20,D,A,V,VKP003,300,0,Rabattbetrag
20,D,A,V,VKP003,800,0,VK-Listpreis abzg. Rabatte
20,D,A,V,VKP003,805,0,MixAnbruchzuschlag
20,D,A,V,VKP003,810,0,Fracht
20,D,A,V,VKP003,815,0,Fracht
20,D,A,V,VKP003,820,0,Auftragswert
20,D,A,V,VKP003,890,0,Skonto
20,D,A,V,VKP003,900,0,Nettopreis o. Bonus o. MwSt.
20,D,A,V,VKP003,901,0,Mat-/Gruppenbonus
20,D,A,V,VKP003,902,0,Materialbonus
20,D,A,V,VKP003,905,0,Nettopreis incl. Bonus o. MwSt
20,D,A,V,VKP003,910,0,Ausgangssteuer
20,D,A,V,VKP003,915,0,Rundung
20,D,A,V,VKP003,920,0,Endbetrag
20,D,A,V,VKP003,930,0,Skonto
20,D,A,V,VKP003,932,0,Delkredere
20,D,A,V,VKP003,933,0,Steuer Delkredere
20,D,A,V,VKP003,935,0,Grenzübergangswert
20,D,A,V,VKP003,940,0,Verrechnungspreis
20,D,A,V,VKP003,950,0,Deckungsbeitrag
20,D,A,V,VKP003,970,0,Endbetrag excl. Steuern
20,D,A,V,VKP003,975,0,Bruttowert (BRTWR)
20,E,A,V,RVAJCA,11,0,Price
20,E,A,V,RVAJCA,13,0,Price (Gross)
20,E,A,V,RVAJCA,100,0,Gross
20,E,A,V,RVAJCA,101,0,Sales Promotion
20,E,A,V,RVAJCA,102,0,Price Group/Material
20,E,A,V,RVAJCA,103,0,Customer/Material
20,E,A,V,RVAJCA,104,0,Customer Discount
20,E,A,V,RVAJCA,105,0,Material
20,E,A,V,RVAJCA,106,0,Price group
20,E,A,V,RVAJCA,107,0,Material pricing group
20,E,A,V,RVAJCA,108,0,Customer/Matl Pricing Group
20,E,A,V,RVAJCA,109,0,Price Grp/Matl Pricing Group
20,E,A,V,RVAJCA,110,0,Weight Discount
20,E,A,V,RVAJCA,111,0,Hierarchy
20,E,A,V,RVAJCA,112,0,Hierarchy/Material
20,E,A,V,RVAJCA,300,0,Discount Amount
20,E,A,V,RVAJCA,302,0,Price
20,E,A,V,RVAJCA,310,0,Net Price
20,E,A,V,RVAJCA,320,0,Minimum Price
20,E,A,V,RVAJCA,400,0,Rebate Basis
20,E,A,V,RVAJCA,800,0,Net Value for Item
20,E,A,V,RVAJCA,805,0,Mixed Pallet Surch.
20,E,A,V,RVAJCA,810,0,Freight
20,E,A,V,RVAJCA,815,0,Freight
20,E,A,V,RVAJCA,820,0,Order Value
20,E,A,V,RVAJCA,890,0,Cash Discount
20,E,A,V,RVAJCA,900,0,Net Value 2
20,E,A,V,RVAJCA,901,0,Group Rebate
20,E,A,V,RVAJCA,902,0,Material Rebate
20,E,A,V,RVAJCA,903,0,Customer Rebate
20,E,A,V,RVAJCA,904,0,Hierarchy Rebate
20,E,A,V,RVAJCA,905,0,Hierarchy Rebate/Matl
20,E,A,V,RVAJCA,908,0,Intercompany %
20,E,A,V,RVAJCA,909,0,Intercompany Price
20,E,A,V,RVAJCA,910,0,State Sales Tax
20,E,A,V,RVAJCA,911,0,Tax Jur Code Level 1
20,E,A,V,RVAJCA,912,0,Tax Jur Code Level 2
20,E,A,V,RVAJCA,915,0,Rounding
20,E,A,V,RVAJCA,920,0,Total
20,E,A,V,RVAJCA,930,0,Cash Discount
20,E,A,V,RVAJCA,932,0,Factoring Discount
20,E,A,V,RVAJCA,940,0,Cost
20,E,A,V,RVAJCA,950,0,Standard - CA/with Jur. code
20,E,A,V,RVAJCA,970,0,Customer Expected Price
20,E,A,V,RVAJCA,971,0,Customer Expected Value
20,E,A,V,RVAXUS,11,0,Price
20,E,A,V,RVAXUS,13,0,Price (Gross)
20,E,A,V,RVAXUS,100,0,Gross
20,E,A,V,RVAXUS,101,0,Sales Promotion
20,E,A,V,RVAXUS,102,0,Sales Promotion
20,E,A,V,RVAXUS,103,0,Customer/Material
20,E,A,V,RVAXUS,104,0,Customer Discount
20,E,A,V,RVAXUS,105,0,Material
20,E,A,V,RVAXUS,106,0,Price Group
20,E,A,V,RVAXUS,107,0,Material Pricing Group
20,E,A,V,RVAXUS,108,0,Customer/Matl Pricing Group
20,E,A,V,RVAXUS,109,0,Price Grp/Matl Pricing Group
20,E,A,V,RVAXUS,110,0,Weight Discount
20,E,A,V,RVAXUS,111,0,Hierarchy
20,E,A,V,RVAXUS,112,0,Hierarchy/Material
20,E,A,V,RVAXUS,300,0,Discount Amount
20,E,A,V,RVAXUS,305,0,Rebate Basis
20,E,A,V,RVAXUS,310,0,Net Price
20,E,A,V,RVAXUS,400,0,Rebate Basis
20,E,A,V,RVAXUS,800,0,Net Value for Item
20,E,A,V,RVAXUS,805,0,Pallet Discount
20,E,A,V,RVAXUS,810,0,Freight
20,E,A,V,RVAXUS,815,0,Freight
20,E,A,V,RVAXUS,820,0,Order Value
20,E,A,V,RVAXUS,900,0,Net Value 2
20,E,A,V,RVAXUS,901,0,Group Rebate
20,E,A,V,RVAXUS,902,0,Material Rebate
20,E,A,V,RVAXUS,903,0,Customer Rebate
20,E,A,V,RVAXUS,905,0,Inter-company %
20,E,A,V,RVAXUS,908,0,Inter-company Price
20,E,A,V,RVAXUS,910,0,Tax Jurisdiction Code
20,E,A,V,RVAXUS,911,0,Tax Jur Code Level 1
20,E,A,V,RVAXUS,912,0,Tax Jur Code Level 2
20,E,A,V,RVAXUS,913,0,Tax Jur Code Level 3
20,E,A,V,RVAXUS,914,0,Tax Jur Code Level 4
20,E,A,V,RVAXUS,915,0,Tax Jur Code Level 5
20,E,A,V,RVAXUS,916,0,Tax Jur Code Level 6
20,E,A,V,RVAXUS,917,0,US-Taxes External 2
20,E,A,V,RVAXUS,920,0,Total
20,E,A,V,RVAXUS,930,0,Cash Discount
20,E,A,V,RVAXUS,938,0,Factoring Discount Tax
20,E,A,V,RVAXUS,939,0,Statistical Value
20,E,A,V,RVAXUS,940,0,Cost
20,E,A,V,RVAXUS,950,0,Profit Margin
20,E,A,V,RVAXUS,970,0,Customer Expected Value
20,E,A,V,VKP003,11,0,Price
20,E,A,V,VKP003,13,0,Price (Gross)
20,E,A,V,VKP003,70,0,Promo SP wholesale 1
20,E,A,V,VKP003,80,0,Promo SP wholesale 2
20,E,A,V,VKP003,100,0,Sls list price w/o VAT
20,E,A,V,VKP003,101,0,Sales promotion
20,E,A,V,VKP003,102,0,Price Group/Material
20,E,A,V,VKP003,103,0,Customer/Material
20,E,A,V,VKP003,104,0,Customer Discount
20,E,A,V,VKP003,105,0,Material
20,E,A,V,VKP003,150,0,Promo Discount % 1
20,E,A,V,VKP003,160,0,Promo Discount % 2
20,E,A,V,VKP003,170,0,Promo Discount MD 1
20,E,A,V,VKP003,180,0,Promo Discount MD 2
20,E,A,V,VKP003,200,0,Special offer discounts
20,E,A,V,VKP003,300,0,Discount Amount
20,E,A,V,VKP003,800,0,Sls List Price after Discount
20,E,A,V,VKP003,805,0,Mixed Pallet Surch.
20,E,A,V,VKP003,810,0,Freight
20,E,A,V,VKP003,815,0,Freight
20,E,A,V,VKP003,820,0,Order value
20,E,A,V,VKP003,890,0,Cash Discount
20,E,A,V,VKP003,900,0,Net Price w/o rebate w/o VAT
20,E,A,V,VKP003,901,0,Material / Group Rebate
20,F,A,V,RVAJCA,11,0,Price
20,F,A,V,RVAJCA,13,0,Price (Gross)
20,F,A,V,RVAJCA,100,0,Gross
20,F,A,V,RVAJCA,101,0,Sales Promotion
20,F,A,V,RVAJCA,102,0,Price Group/Material
20,F,A,V,RVAJCA,103,0,Customer/Material
20,F,A,V,RVAJCA,104,0,Customer Discount
20,F,A,V,RVAJCA,105,0,Material
20,F,A,V,RVAJCA,106,0,Price group
20,F,A,V,RVAJCA,107,0,Material pricing group
20,F,A,V,RVAJCA,108,0,Customer/Matl Pricing Group
20,F,A,V,RVAJCA,109,0,Price Grp/Matl Pricing Group
20,F,A,V,RVAJCA,110,0,Weight Discount
20,F,A,V,RVAJCA,111,0,Hierarchy
20,F,A,V,RVAJCA,112,0,Hierarchy/Material
20,F,A,V,RVAJCA,300,0,Discount Amount
20,F,A,V,RVAJCA,302,0,Price
20,F,A,V,RVAJCA,310,0,Net Price
20,F,A,V,RVAJCA,320,0,Minimum Price
20,F,A,V,RVAJCA,400,0,Rebate Basis
20,F,A,V,RVAJCA,800,0,Net Value for Item
20,F,A,V,RVAJCA,805,0,Mixed Pallet Surch.
20,F,A,V,RVAJCA,810,0,Freight
20,F,A,V,RVAJCA,815,0,Freight
20,F,A,V,RVAJCA,820,0,Order Value
20,F,A,V,RVAJCA,890,0,Cash Discount
20,F,A,V,RVAJCA,900,0,Net Value 2
20,F,A,V,RVAJCA,901,0,Group Rebate
20,F,A,V,RVAJCA,902,0,Material Rebate
20,F,A,V,RVAJCA,903,0,Customer Rebate
20,F,A,V,RVAJCA,904,0,Hierarchy Rebate
20,F,A,V,RVAJCA,905,0,Hierarchy Rebate/Matl
20,F,A,V,RVAJCA,908,0,Intercompany %
20,F,A,V,RVAJCA,909,0,Intercompany Price
20,F,A,V,RVAJCA,910,0,State Sales Tax
20,F,A,V,RVAJCA,911,0,Tax Jur Code Level 1
20,F,A,V,RVAJCA,912,0,Tax Jur Code Level 2
20,F,A,V,RVAJCA,915,0,Rounding
20,F,A,V,RVAJCA,920,0,Total
20,F,A,V,RVAJCA,930,0,Cash Discount
20,F,A,V,RVAJCA,932,0,Factoring Discount
20,F,A,V,RVAJCA,940,0,Cost
20,F,A,V,RVAJCA,950,0,Standard - CA/with Jur. code
20,F,A,V,RVAJCA,970,0,Customer Expected Price
20,F,A,V,RVAJCA,971,0,Customer Expected Value
20,F,A,V,RVAXUS,11,0,Price
20,F,A,V,RVAXUS,13,0,Price (Gross)
20,F,A,V,RVAXUS,100,0,Gross
20,F,A,V,RVAXUS,101,0,Sales Promotion
20,F,A,V,RVAXUS,102,0,Sales Promotion
20,F,A,V,RVAXUS,103,0,Customer/Material
20,F,A,V,RVAXUS,104,0,Customer Discount
20,F,A,V,RVAXUS,105,0,Material
20,F,A,V,RVAXUS,106,0,Price Group
20,F,A,V,RVAXUS,107,0,Material Pricing Group
20,F,A,V,RVAXUS,108,0,Customer/Matl Pricing Group
20,F,A,V,RVAXUS,109,0,Price Grp/Matl Pricing Group
20,F,A,V,RVAXUS,110,0,Weight Discount
20,F,A,V,RVAXUS,111,0,Hierarchy
20,F,A,V,RVAXUS,112,0,Hierarchy/Material
20,F,A,V,RVAXUS,300,0,Discount Amount
20,F,A,V,RVAXUS,305,0,Rebate Basis
20,F,A,V,RVAXUS,310,0,Net Price
20,F,A,V,RVAXUS,400,0,Rebate Basis
20,F,A,V,RVAXUS,800,0,Net Value for Item
20,F,A,V,RVAXUS,805,0,Pallet Discount
20,F,A,V,RVAXUS,810,0,Freight
20,F,A,V,RVAXUS,815,0,Freight
20,F,A,V,RVAXUS,820,0,Order Value
20,F,A,V,RVAXUS,900,0,Net Value 2
20,F,A,V,RVAXUS,901,0,Group Rebate
20,F,A,V,RVAXUS,902,0,Material Rebate
20,F,A,V,RVAXUS,903,0,Customer Rebate
20,F,A,V,RVAXUS,905,0,Inter-company %
20,F,A,V,RVAXUS,908,0,Inter-company Price
20,F,A,V,RVAXUS,910,0,Tax Jurisdiction Code
20,F,A,V,RVAXUS,911,0,Tax Jur Code Level 1
20,F,A,V,RVAXUS,912,0,Tax Jur Code Level 2
20,F,A,V,RVAXUS,913,0,Tax Jur Code Level 3
20,F,A,V,RVAXUS,914,0,Tax Jur Code Level 4
20,F,A,V,RVAXUS,915,0,Tax Jur Code Level 5
20,F,A,V,RVAXUS,916,0,Tax Jur Code Level 6
20,F,A,V,RVAXUS,917,0,US-Taxes External 2
20,F,A,V,RVAXUS,920,0,Total
20,F,A,V,RVAXUS,930,0,Cash Discount
20,F,A,V,RVAXUS,938,0,Factoring Discount Tax
20,F,A,V,RVAXUS,939,0,Statistical Value
20,F,A,V,RVAXUS,940,0,Cost
20,F,A,V,RVAXUS,950,0,Profit Margin
20,F,A,V,RVAXUS,970,0,Customer Expected Value
20,F,A,V,VKP002,107,0,Material pricing group
20,F,A,V,VKP002,108,0,Customer/Matl Pricing Group
20,F,A,V,VKP002,109,0,Price Grp/Matl Pricing Group
20,F,A,V,VKP002,110,0,Weight Discount
20,F,A,V,VKP002,111,0,Hierarchy
20,F,A,V,VKP002,112,0,Hierarchy/Material
20,F,A,V,VKP002,300,0,Discount Amount
20,F,A,V,VKP002,302,0,Price
20,F,A,V,VKP002,310,0,Net Price
20,F,A,V,VKP002,400,0,Rebate Basis
20,F,A,V,VKP002,800,0,Net Value for Item
20,F,A,V,VKP002,805,0,Mixed Pallet Surch.
20,F,A,V,VKP002,810,0,Freight
20,F,A,V,VKP002,815,0,Freight
20,F,A,V,VKP002,820,0,Order Value
20,F,A,V,VKP002,900,0,Net Value 2
20,F,A,V,VKP002,901,0,Group Rebate
20,F,A,V,VKP002,902,0,Material Rebate
20,F,A,V,VKP002,903,0,Customer Rebate
20,F,A,V,VKP002,904,0,Hierarchy Rebate
20,F,A,V,VKP002,905,0,Hierarchy rebate/mat
20,F,A,V,VKP002,907,0,Sales Indepndt Rebat
20,F,A,V,VKP002,908,0,Net value 3
20,F,A,V,VKP002,910,0,Output Tax
20,F,A,V,VKP002,915,0,Rounding
20,F,A,V,VKP002,920,0,Total
20,F,A,V,VKP002,930,0,Cash Discount
20,F,A,V,VKP002,932,0,Factoring Discount
20,F,A,V,VKP002,933,0,Factoring Discount Tax
20,F,A,V,VKP002,935,0,Statistical Value
20,F,A,V,VKP002,940,0,Cost
20,F,A,V,VKP002,950,0,Profit Margin
20,F,A,V,VKP002,960,0,Basic Amount Excl. Taxes
20,F,A,V,VKP002,970,0,Final Amount Excl. Taxes
20,F,A,V,VKP002,975,0,Final Amount Incl. Taxes
20,D,A,V,RVAAMX,8,0,Istkosten
20,D,A,V,RVAAMX,20,0,Preis Brutto
20,D,A,V,RVAAMX,100,0,Brutto
20,D,A,V,RVAAMX,101,0,Aktion
20,D,A,V,RVAAMX,102,0,Aktion
20,D,A,V,RVAAMX,120,0,Variantenpreis
20,D,A,V,RVAAMX,300,0,Rabattbetrag
20,D,A,V,RVAAMX,400,0,Bonusbasis
20,D,A,V,RVAAMX,800,0,Positionsnetto
20,D,A,V,RVAAMX,820,0,Auftragswert
20,D,A,V,RVAAMX,900,0,Nettowert 2
20,D,A,V,RVAAMX,906,0,Skonto
20,D,A,V,RVAAMX,908,0,Nettowert 3
20,D,A,V,RVAAMX,909,0,PreisInterneVerrProz
20,D,A,V,RVAAMX,910,0,PreisInterneVerrechn
20,D,A,V,RVAAMX,913,0,I.E.P.S.  (MEXIKO)
20,D,A,V,RVAAMX,915,0,Ausgangssteuer
20,D,A,V,RVAAMX,920,0,Endbetrag
20,D,A,V,RVAAMX,930,0,Skonto
20,D,A,V,RVAAMX,940,0,Verrechnungspreis
20,D,A,V,RVAAMX,941,0,Herstellkosten
20,D,A,V,RVAAMX,950,0,Deckungsbeitrag
20,E,A,V,RVAAMX,8,0,Actual Costs
20,E,A,V,RVAAMX,20,0,Price (Gross)
20,E,A,V,RVAAMX,100,0,Gross
20,E,A,V,RVAAMX,101,0,Sales Promotion
20,E,A,V,RVAAMX,102,0,Sales Promotion
20,E,A,V,RVAAMX,120,0,Variant Price
20,E,A,V,RVAAMX,300,0,Discount Amount
20,E,A,V,RVAAMX,400,0,Rebate Basis
20,E,A,V,RVAAMX,800,0,Net Value for Item
20,E,A,V,RVAAMX,820,0,Order Value
20,E,A,V,RVAAMX,900,0,Net Value 2
20,E,A,V,RVAAMX,906,0,Cash Discount
20,E,A,V,RVAAMX,908,0,Net value 3
20,E,A,V,RVAAMX,909,0,Inter-company %
20,E,A,V,RVAAMX,910,0,Inter-company price
20,E,A,V,RVAAMX,913,0,I.E.P.S. (MEXICO)
20,E,A,V,RVAAMX,915,0,Output tax
20,E,A,V,RVAAMX,920,0,Total Amount
20,E,A,V,RVAAMX,930,0,Cash discount
20,E,A,V,RVAAMX,940,0,Cost
20,E,A,V,RVAAMX,941,0,Cost of Goods Manufactured
20,E,A,V,RVAAMX,950,0,Profit Margin
20,E,A,V,VKP003,902,0,Material Rebate
20,E,A,V,VKP003,905,0,Net Price incl. Rebate w/o VAT
20,E,A,V,VKP003,910,0,Output tax
20,E,A,V,VKP003,915,0,Rounding
20,E,A,V,VKP003,920,0,Total
20,E,A,V,VKP003,930,0,Cash Discount
20,E,A,V,VKP003,932,0,Factoring Discount
20,E,A,V,VKP003,933,0,Factoring Discount Tax
20,E,A,V,VKP003,935,0,Statistical value
20,E,A,V,VKP003,940,0,Cost
20,E,A,V,VKP003,950,0,Profit Margin
20,E,A,V,VKP003,970,0,Final Amount Excl. Taxes
20,E,A,V,VKP003,975,0,Gross Value (BRTWR)
20,F,A,V,VKP003,11,0,Price
20,F,A,V,VKP003,13,0,Price (Gross)
20,F,A,V,VKP003,70,0,Promo SP wholesale 1
20,F,A,V,VKP003,80,0,Promo SP wholesale 2
20,F,A,V,VKP003,100,0,Sls list price w/o VAT
20,F,A,V,VKP003,101,0,Sales promotion
20,F,A,V,VKP003,102,0,Price Group/Material
20,F,A,V,VKP003,103,0,Customer/Material
20,F,A,V,VKP003,104,0,Customer Discount
20,F,A,V,VKP003,105,0,Material
20,F,A,V,VKP003,150,0,Promo Discount % 1
20,F,A,V,VKP003,160,0,Promo Discount % 2
20,F,A,V,VKP003,170,0,Promo Discount MD 1
20,F,A,V,VKP003,180,0,Promo Discount MD 2
20,F,A,V,VKP003,200,0,Special offer discounts
20,F,A,V,VKP003,300,0,Discount Amount
20,F,A,V,VKP003,800,0,Sls List Price after Discount
20,F,A,V,VKP003,805,0,Mixed Pallet Surch.
20,F,A,V,VKP003,810,0,Freight
20,F,A,V,VKP003,815,0,Freight
20,F,A,V,VKP003,820,0,Order value
20,F,A,V,VKP003,890,0,Cash Discount
20,F,A,V,VKP003,900,0,Net Price w/o rebate w/o VAT
20,F,A,V,VKP003,901,0,Material / Group Rebate
20,F,A,V,VKP003,902,0,Material Rebate
20,F,A,V,VKP003,905,0,Net Price incl. Rebate w/o VAT
20,F,A,V,VKP003,910,0,Output tax
20,F,A,V,VKP003,915,0,Rounding
20,F,A,V,VKP003,920,0,Total
20,F,A,V,VKP003,930,0,Cash Discount
20,F,A,V,VKP003,932,0,Factoring Discount
20,F,A,V,VKP003,933,0,Factoring Discount Tax
20,F,A,V,VKP003,935,0,Statistical value
20,F,A,V,VKP003,940,0,Cost
20,F,A,V,VKP003,950,0,Profit Margin
20,F,A,V,VKP003,970,0,Final Amount Excl. Taxes
20,F,A,V,VKP003,975,0,Gross Value (BRTWR)
20,D,A,V,POS000,10,0,Abverkaufspreis
20,D,A,V,POS000,140,0,Reklamations-Rabatt
20,D,A,V,POS000,150,0,Mitnahme-Rabatt
20,D,A,V,POS000,160,0,sonstige Rabatte
20,D,A,V,POS000,200,0,Bruttowert
20,D,A,V,POS000,201,0,Bruttowert
20,D,A,V,POS000,215,0,Wertübernahme B.VK
20,D,A,V,POS000,216,0,Bewertungspreis VK
20,D,A,V,POS000,220,0,Preisdifferenz
20,D,A,V,POS000,310,0,Absolutrabatt
20,D,A,V,POS000,320,0,Kundenrabatt
20,D,A,V,POS000,390,0,Abverkaufspreis
20,D,A,V,POS000,395,0,Summe Kopfrabatte
20,D,A,V,POS000,400,0,abzügl. Kopf-Rabatte
20,D,A,V,POS000,410,0,Ausgangssteuer
20,D,A,V,POS000,411,0,Bewertungspreis VK
20,D,A,V,POS000,510,0,Bruttowert
20,D,A,V,POS000,511,0,Verrechnungspreis
20,D,A,V,POS000,512,0,Bewertung nach EP
20,D,A,V,POS000,610,0,Summe Positionsrab.
20,D,A,V,POS000,620,0,Preisdifferenz
20,D,A,V,POS000,630,0,Summe Kopfrabatte
20,D,A,V,POS000,690,0,Gesamtsumme Rabatte
20,D,A,V,POS000,810,0,Zahlungsart Cash
20,D,A,V,POS000,811,0,Zahlungsart Scheck
20,D,A,V,POS000,812,0,Gutschein
20,D,A,V,POS000,840,0,Rechnungsbetrag
20,D,A,V,POS000,900,0,Ausgangssteuer
20,D,A,V,POS000,901,0,Erlös
20,D,A,V,RVAA01,8,0,Istkosten
20,D,A,V,RVAA01,20,0,Preis Brutto
20,D,A,V,RVAA01,100,0,Brutto
20,D,A,V,RVAA01,101,0,Aktion
20,D,A,V,RVAA01,102,0,Aktion
20,D,A,V,RVAA01,120,0,Variantenpreis
20,D,A,V,RVAA01,300,0,Rabattbetrag
20,D,A,V,RVAA01,400,0,Bonusbasis
20,D,A,V,RVAA01,800,0,Positionsnetto
20,D,A,V,RVAA01,820,0,Auftragswert
20,D,A,V,RVAA01,900,0,Nettowert 2
20,D,A,V,RVAA01,908,0,Nettowert 3
20,D,A,V,RVAA01,909,0,PreisInterneVerrProz
20,D,A,V,RVAA01,910,0,PreisInterneVerrechn
20,D,A,V,RVAA01,914,0,Skonto
20,D,A,V,RVAA01,915,0,Ausgangssteuer
20,D,A,V,RVAA01,919,0,Rundung
20,D,A,V,RVAA01,920,0,Endbetrag
20,D,A,V,RVAA01,930,0,Skonto
20,D,A,V,RVAA01,940,0,Verrechnungspreis
20,D,A,V,RVAA01,941,0,Herstellkosten
20,D,A,V,RVAA01,950,0,Deckungsbeitrag
20,E,A,V,POS000,10,0,Sales Price
20,E,A,V,POS000,140,0,Complaint Discount
20,E,A,V,POS000,150,0,Cash and Carry Disc.
20,E,A,V,POS000,160,0,Other Discounts
20,E,A,V,POS000,200,0,Gross Value
20,E,A,V,POS000,201,0,Gross value
20,E,A,V,POS000,215,0,Value Transfer - Sales
20,E,A,V,POS000,216,0,Valuation Price - Sales
20,E,A,V,POS000,220,0,Price Difference
20,E,A,V,POS000,310,0,Discount (Value)
20,E,A,V,POS000,320,0,Customer Discount
20,E,A,V,POS000,390,0,Sales Price
20,E,A,V,POS000,395,0,Total Header Discount
20,E,A,V,POS000,400,0,Minus Header Discounts
20,E,A,V,POS000,410,0,Output Tax
20,E,A,V,POS000,411,0,Valuation Price - Sales
20,E,A,V,POS000,510,0,Gross Value
20,E,A,V,POS000,511,0,Cost
20,E,A,V,POS000,512,0,Valuation by Purchase Price
20,E,A,V,POS000,610,0,Total Item Discount
20,E,A,V,POS000,620,0,Price difference
20,E,A,V,POS000,630,0,Total Header Discount
20,E,A,V,POS000,690,0,Total Discount
20,E,A,V,POS000,810,0,Payment Type - Cash
20,E,A,V,POS000,811,0,Payment Type - Check
20,E,A,V,POS000,812,0,Voucher
20,E,A,V,POS000,840,0,Invoiced Amount
20,E,A,V,POS000,900,0,Output tax
20,E,A,V,POS000,901,0,Revenue
20,E,A,V,RVAA01,8,0,Actual Costs
20,E,A,V,RVAA01,20,0,Price (Gross)
20,E,A,V,RVAA01,100,0,Gross
20,E,A,V,RVAA01,101,0,Sales Promotion
20,E,A,V,RVAA01,102,0,Sales Promotion
20,E,A,V,RVAA01,120,0,Variant Price
20,E,A,V,RVAA01,300,0,Discount Amount
20,E,A,V,RVAA01,400,0,Rebate Basis
20,E,A,V,RVAA01,800,0,Net Value for Item
20,E,A,V,RVAA01,820,0,Order Value
20,E,A,V,RVAA01,900,0,Net Value 2
20,E,A,V,RVAA01,908,0,Net Value 3
20,E,A,V,RVAA01,909,0,Intercompany %
20,E,A,V,RVAA01,910,0,Intercompany Price
20,E,A,V,RVAA01,914,0,Cash Discount
20,E,A,V,RVAA01,915,0,Output Tax
20,E,A,V,RVAA01,919,0,Rounding
20,E,A,V,RVAA01,920,0,Total
20,E,A,V,RVAA01,930,0,Cash Discount
20,E,A,V,RVAA01,940,0,Cost
20,E,A,V,RVAA01,941,0,Cost of Goods Manufactured
20,E,A,V,RVAA01,950,0,Profit Margin
20,F,A,V,POS000,10,0,Sales Price
20,F,A,V,POS000,140,0,Complaint Discount
20,F,A,V,POS000,150,0,Cash and Carry Disc.
20,F,A,V,POS000,160,0,Other Discounts
20,F,A,V,POS000,200,0,Gross Value
20,F,A,V,POS000,201,0,Gross value
20,F,A,V,POS000,215,0,Value Transfer - Sales
20,F,A,V,POS000,216,0,Valuation Price - Sales
20,F,A,V,POS000,220,0,Price Difference
20,F,A,V,POS000,310,0,Discount (Value)
20,F,A,V,POS000,320,0,Customer Discount
20,F,A,V,POS000,390,0,Sales Price
20,F,A,V,POS000,395,0,Total Header Discount
20,F,A,V,POS000,400,0,Minus Header Discounts
20,F,A,V,POS000,410,0,Output Tax
20,F,A,V,POS000,411,0,Valuation Price - Sales
20,F,A,V,POS000,510,0,Gross Value
20,F,A,V,POS000,511,0,Cost
20,F,A,V,POS000,512,0,Valuation by Purchase Price
20,F,A,V,POS000,610,0,Total Item Discount
20,F,A,V,POS000,620,0,Price difference
20,F,A,V,POS000,630,0,Total Header Discount
20,F,A,V,POS000,690,0,Total Discount
20,F,A,V,POS000,810,0,Payment Type - Cash
20,F,A,V,POS000,811,0,Payment Type - Check
20,F,A,V,POS000,812,0,Voucher
20,F,A,V,POS000,840,0,Invoiced Amount
20,F,A,V,POS000,900,0,Output tax
20,F,A,V,POS000,901,0,Revenue
20,F,A,V,RVAA01,8,0,Actual Costs
20,F,A,V,RVAA01,20,0,Price (Gross)
20,F,A,V,RVAA01,100,0,Gross
20,F,A,V,RVAA01,101,0,Sales Promotion
20,F,A,V,RVAA01,102,0,Sales Promotion
20,F,A,V,RVAA01,120,0,Variant Price
20,F,A,V,RVAA01,300,0,Discount Amount
20,F,A,V,RVAA01,400,0,Rebate Basis
20,F,A,V,RVAA01,800,0,Net Value for Item
20,F,A,V,RVAA01,820,0,Order Value
20,F,A,V,RVAA01,900,0,Net Value 2
20,F,A,V,RVAA01,908,0,Net Value 3
20,F,A,V,RVAA01,909,0,Intercompany %
20,F,A,V,RVAA01,910,0,Intercompany Price
20,F,A,V,RVAA01,914,0,Cash Discount
20,F,A,V,RVAA01,915,0,Output Tax
20,F,A,V,RVAA01,919,0,Rounding
20,F,A,V,RVAA01,920,0,Total
20,F,A,V,RVAA01,930,0,Cash Discount
20,F,A,V,RVAA01,940,0,Cost
20,F,A,V,RVAA01,941,0,Cost of Goods Manufactured
20,F,A,V,RVAA01,950,0,Profit Margin
20,F,A,V,RVAAMX,8,0,Actual Costs
20,F,A,V,RVAAMX,20,0,Price (Gross)
20,F,A,V,RVAAMX,100,0,Gross
20,F,A,V,RVAAMX,101,0,Sales Promotion
20,F,A,V,RVAAMX,102,0,Sales Promotion
20,F,A,V,RVAAMX,120,0,Variant Price
20,F,A,V,RVAAMX,300,0,Discount Amount
20,F,A,V,RVAAMX,400,0,Rebate Basis
20,F,A,V,RVAAMX,800,0,Net Value for Item
20,F,A,V,RVAAMX,820,0,Order Value
20,F,A,V,RVAAMX,900,0,Net Value 2
20,F,A,V,RVAAMX,906,0,Cash Discount
20,F,A,V,RVAAMX,908,0,Net value 3
20,F,A,V,RVAAMX,909,0,Inter-company %
20,F,A,V,RVAAMX,910,0,Inter-company price
20,F,A,V,RVAAMX,913,0,I.E.P.S. (MEXICO)
20,F,A,V,RVAAMX,915,0,Output tax
20,F,A,V,RVAAMX,920,0,Total Amount
20,F,A,V,RVAAMX,930,0,Cash discount
20,F,A,V,RVAAMX,940,0,Cost
20,F,A,V,RVAAMX,941,0,Cost of Goods Manufactured
20,F,A,V,RVAAMX,950,0,Profit Margin
20,D,A,V,ICAA01,100,0,Brutto
20,D,A,V,PSER01,10,0,Preis Pos. Service
20,D,A,V,PSER01,20,0,Preis Pos.Hierarchie
20,D,A,V,PSER01,100,0,Brutto
20,D,A,V,PSER01,102,0,Preisgrp/Mat
20,D,A,V,PSER01,103,0,Kunde/Material
20,D,A,V,PSER01,104,0,Kundenrabatt
20,D,A,V,PSER01,105,0,Material
20,D,A,V,PSER01,106,0,Preisgruppe
20,D,A,V,PSER01,107,0,Materialgruppe
20,D,A,V,PSER01,108,0,Kunde/MatGrp
20,D,A,V,PSER01,109,0,Preisgrp/MatGrp
20,D,A,V,PSER01,110,0,Absolutrabatt
20,D,A,V,PSER01,120,0,Variantenpreis
20,D,A,V,PSER01,300,0,Rabattbetrag
20,D,A,V,PSER01,800,0,Positionsnetto
20,D,A,V,PSER01,910,0,Ausgangssteuer
20,D,A,V,PSER01,920,0,Endbetrag
20,D,A,V,PSER01,930,0,Skonto
20,D,A,V,PSER01,941,0,Herstellkosten
20,D,A,V,PSER02,8,0,Istkosten
20,D,A,V,PSER02,11,0,Preis
20,D,A,V,PSER02,20,0,Preis Pos. Abrechng.
20,D,A,V,PSER02,30,0,Preis Pos. MatGruppe
20,D,A,V,PSER02,40,0,Preis Kopf Abrechng.
20,D,A,V,PSER02,100,0,Brutto
20,D,A,V,PSER02,101,0,Aktion
20,D,A,V,PSER02,102,0,Preisgrp/Mat
20,D,A,V,PSER02,103,0,Kunde/Material
20,D,A,V,PSER02,104,0,Kundenrabatt
20,D,A,V,PSER02,105,0,Material
20,D,A,V,PSER02,106,0,Preisgruppe
20,D,A,V,PSER02,107,0,Materialgruppe
20,D,A,V,PSER02,108,0,Kunde/MatGrp
20,D,A,V,PSER02,109,0,Preisgrp/MatGrp
20,D,A,V,PSER02,110,0,Absolutrabatt
20,D,A,V,PSER02,300,0,Rabattbetrag
20,D,A,V,PSER02,800,0,Positionsnetto
20,D,A,V,PSER02,910,0,Ausgangssteuer
20,D,A,V,PSER02,920,0,Endbetrag
20,D,A,V,PSER02,930,0,Skonto
20,D,A,V,RVAA02,100,0,Brutto
20,D,A,V,RVAACA,100,0,Gross
20,D,A,V,RVAACH,100,0,Brutto
20,D,A,V,RVAACN,100,0,Brutto
20,D,A,V,RVAACO,100,0,Brutto
20,D,A,V,RVAAHU,100,0,Brutto
20,D,A,V,RVAAKZ,100,0,Brutto
20,D,A,V,RVAARU,100,0,Brutto
20,D,A,V,RVAAUS,100,0,Brutto
20,D,A,V,RVAAVE,100,0,Brutto
20,D,A,V,RVAJUS,100,0,Brutto
20,D,A,V,RVAXUD,100,0,Brutto
20,D,A,V,RVCA01,100,0,Gross
20,D,A,V,RVCA02,100,0,Gross
20,D,A,V,VKP001,100,0,Grundbetrag incl. Steuern
20,D,A,V,WWS001,100,0,EK-Netto-Netto
20,D,A,V,WWS002,100,0,EK-Netto-Netto
20,D,A,V,ZCANBR,100,0,Brutto
20,D,A,V,ZCANSA,100,0,Brutto
20,D,A,V,ZCANSR,100,0,Brutto
20,E,A,V,ICAA01,100,0,Gross
20,E,A,V,PSER01,10,0,Service Price Item
20,E,A,V,PSER01,20,0,Hierarchy Price Item
20,E,A,V,PSER01,100,0,Gross
20,E,A,V,PSER01,102,0,Price Group/Material
20,E,A,V,PSER01,103,0,Customer/Material
20,E,A,V,PSER01,104,0,Customer Discount
20,E,A,V,PSER01,105,0,Material
20,E,A,V,PSER01,106,0,Price Group
20,E,A,V,PSER01,107,0,Material Pricing Group
20,E,A,V,PSER01,108,0,Customer/Matl Pricing Group
20,E,A,V,PSER01,109,0,Price Grp/Matl Pricing Group
20,E,A,V,PSER01,110,0,Discount (Value)
20,E,A,V,PSER01,120,0,Variant Price
20,E,A,V,PSER01,300,0,Discount Amount
20,E,A,V,PSER01,800,0,Net Value for Item
20,E,A,V,PSER01,910,0,Output Tax
20,E,A,V,PSER01,920,0,Total
20,E,A,V,PSER01,930,0,Cash Discount
20,E,A,V,PSER01,941,0,Cost of Goods Manufactured
20,E,A,V,PSER02,8,0,Actual Costs
20,E,A,V,PSER02,11,0,Price
20,E,A,V,PSER02,20,0,Settlement price item
20,E,A,V,PSER02,30,0,MatlGroup price item
20,E,A,V,PSER02,40,0,Settlement price header
20,E,A,V,PSER02,100,0,Gross
20,E,A,V,PSER02,101,0,Sales promotion
20,E,A,V,PSER02,102,0,Price group/material
20,E,A,V,PSER02,103,0,Customer/Material
20,E,A,V,PSER02,104,0,Customer Discount
20,E,A,V,PSER02,105,0,Material
20,E,A,V,PSER02,106,0,Price group
20,E,A,V,PSER02,107,0,Material pricing group
20,E,A,V,PSER02,108,0,Customer/Matl Pricing Group
20,E,A,V,PSER02,109,0,Price Grp/Matl Pricing Group
20,E,A,V,PSER02,110,0,Discount (Value)
20,E,A,V,PSER02,300,0,Discount Amount
20,E,A,V,PSER02,800,0,Net Value for Item
20,E,A,V,PSER02,910,0,Output Tax
20,E,A,V,PSER02,920,0,Total
20,E,A,V,PSER02,930,0,Cash Discount
20,E,A,V,RVAA02,100,0,Gross
20,E,A,V,RVAACA,100,0,Gross
20,E,A,V,RVAACH,100,0,Gross
20,E,A,V,RVAACN,100,0,Gross
20,E,A,V,RVAACO,100,0,Gross
20,E,A,V,RVAAHU,100,0,Gross
20,E,A,V,RVAAKZ,100,0,Gross
20,E,A,V,RVAARU,100,0,Gross
20,E,A,V,RVAAUS,100,0,Gross
20,E,A,V,RVAAVE,100,0,Gross
20,E,A,V,RVAJUS,100,0,Gross
20,E,A,V,RVAXUD,100,0,Gross
20,E,A,V,RVCA01,100,0,Gross
20,E,A,V,RVCA02,100,0,Gross
20,E,A,V,VKP001,100,0,Basic Amount Incl. Taxes
20,E,A,V,WWS001,100,0,Net/net purch. pr.
20,E,A,V,WWS002,100,0,Net/net purch. pr.
20,E,A,V,ZCANBR,100,0,Gross
20,E,A,V,ZCANSA,100,0,Gross
20,E,A,V,ZCANSR,100,0,Gross
20,F,A,V,ICAA01,100,0,Gross
20,F,A,V,PSER01,10,0,Service Price Item
20,F,A,V,PSER01,20,0,Hierarchy Price Item
20,F,A,V,PSER01,100,0,Gross
20,F,A,V,PSER01,102,0,Price Group/Material
20,F,A,V,PSER01,103,0,Customer/Material
20,F,A,V,PSER01,104,0,Customer Discount
20,F,A,V,PSER01,105,0,Material
20,F,A,V,PSER01,106,0,Price Group
20,F,A,V,PSER01,107,0,Material Pricing Group
20,F,A,V,PSER01,108,0,Customer/Matl Pricing Group
20,F,A,V,PSER01,109,0,Price Grp/Matl Pricing Group
20,F,A,V,PSER01,110,0,Discount (Value)
20,F,A,V,PSER01,120,0,Variant Price
20,F,A,V,PSER01,300,0,Discount Amount
20,F,A,V,PSER01,800,0,Net Value for Item
20,F,A,V,PSER01,910,0,Output Tax
20,F,A,V,PSER01,920,0,Total
20,F,A,V,PSER01,930,0,Cash Discount
20,F,A,V,PSER01,941,0,Cost of Goods Manufactured
20,F,A,V,PSER02,8,0,Actual Costs
20,F,A,V,PSER02,11,0,Price
20,F,A,V,PSER02,20,0,Settlement price item
20,F,A,V,PSER02,30,0,MatlGroup price item
20,F,A,V,PSER02,40,0,Settlement price header
20,F,A,V,PSER02,100,0,Gross
20,F,A,V,PSER02,101,0,Sales promotion
20,F,A,V,PSER02,102,0,Price group/material
20,F,A,V,PSER02,103,0,Customer/Material
20,F,A,V,PSER02,104,0,Customer Discount
20,F,A,V,PSER02,105,0,Material
20,F,A,V,PSER02,106,0,Price group
20,F,A,V,PSER02,107,0,Material pricing group
20,F,A,V,PSER02,108,0,Customer/Matl Pricing Group
20,F,A,V,PSER02,109,0,Price Grp/Matl Pricing Group
20,F,A,V,PSER02,110,0,Discount (Value)
20,F,A,V,PSER02,300,0,Discount Amount
20,F,A,V,PSER02,800,0,Net Value for Item
20,F,A,V,PSER02,910,0,Output Tax
20,F,A,V,PSER02,920,0,Total
20,F,A,V,PSER02,930,0,Cash Discount
20,F,A,V,RVAA02,100,0,Gross
20,F,A,V,RVAACA,100,0,Gross
20,F,A,V,RVAACH,100,0,Gross
20,F,A,V,RVAACN,100,0,Gross
20,F,A,V,RVAACO,100,0,Gross
20,F,A,V,RVAAHU,100,0,Gross
20,F,A,V,RVAAKZ,100,0,Gross
20,F,A,V,RVAARU,100,0,Gross
20,F,A,V,RVAAUS,100,0,Gross
20,F,A,V,RVAAVE,100,0,Gross
20,F,A,V,RVAJUS,100,0,Gross
20,F,A,V,RVAXUD,100,0,Gross
20,F,A,V,RVCA01,100,0,Gross
20,F,A,V,RVCA02,100,0,Gross
20,F,A,V,VKP001,100,0,Basic Amount Incl. Taxes
20,F,A,V,WWS001,100,0,Net/net purch. pr.
20,F,A,V,WWS002,100,0,Net/net purch. pr.
20,F,A,V,ZCANBR,100,0,Gross
20,F,A,V,ZCANSA,100,0,Gross
20,F,A,V,ZCANSR,100,0,Gross
20,D,A,V,PREF00,100,0,Bruttopreis
20,D,A,V,PREP01,100,0,Brutto
20,D,A,V,RVAA02,900,0,Nettowert 2
20,D,A,V,RVAAAR,100,0,Brutto Wert
20,D,A,V,RVAACA,900,0,Net value 2
20,D,A,V,RVAACH,900,0,Nettowert 2
20,D,A,V,RVAACN,900,0,Nettowert 2
20,D,A,V,RVAAHU,900,0,Nettowert 2
20,D,A,V,RVAARU,900,0,Nettowert 2
20,D,A,V,RVAAUS,900,0,Nettowert 2
20,D,A,V,RVAJUS,900,0,Nettowert 2
20,D,A,V,RVAXUD,900,0,Nettowert 2
20,D,A,V,RVCA01,900,0,Frachtwert
20,D,A,V,RVCA02,900,0,Nettowert 2
20,D,A,V,RVCEU1,100,0,Brutto
20,D,A,V,RVCXUS,100,0,Brutto
20,D,A,V,RVSB01,100,0,Brutto
20,D,A,V,VPKPS1,100,0,Brutto
20,D,A,V,WK0001,100,0,Positionsnetto
20,D,A,V,WWS003,100,0,EK-Netto-Netto
20,D,A,V,WWS004,100,0,EK-Netto-Netto
20,D,A,V,ZEPE01,100,0,Brutto
20,D,A,V,ZESA01,100,0,Brutto
20,D,A,V,ZVAA01,100,0,Brutto
20,D,A,V,ZVAABR,100,0,Brutto
20,D,A,V,ZVAABT,100,0,Brutto
20,D,A,V,ZVAATU,100,0,Brutto
20,E,A,V,PREF00,100,0,Gross Price
20,E,A,V,PREP01,100,0,Gross
20,E,A,V,RVAA02,900,0,Net value 2
20,E,A,V,RVAAAR,100,0,Gross Value
20,E,A,V,RVAACA,900,0,Net Value 2
20,E,A,V,RVAACH,900,0,Net Value 2
20,E,A,V,RVAACN,900,0,Net Value 2
20,E,A,V,RVAAHU,900,0,Net Value 2
20,E,A,V,RVAARU,900,0,Net Value 2
20,E,A,V,RVAAUA,100,0,Gross Value
20,E,A,V,RVAAUS,900,0,Net Value 2
20,E,A,V,RVAJUS,900,0,Net Value 2
20,E,A,V,RVAXUD,900,0,Net value 2
20,E,A,V,RVCA01,900,0,Freight Value
20,E,A,V,RVCA02,900,0,Net Value 2
20,E,A,V,RVCEU1,100,0,Gross
20,E,A,V,RVCXUS,100,0,Gross
20,E,A,V,RVSB01,100,0,Gross
20,E,A,V,VPKPS1,100,0,Gross
20,E,A,V,WK0001,100,0,Net Value for Item
20,E,A,V,WWS003,100,0,Net/net purch. pr.
20,E,A,V,WWS004,100,0,Net/net purch. pr.
20,E,A,V,ZEPE01,100,0,Gross
20,E,A,V,ZESA01,100,0,Gross
20,E,A,V,ZVAA01,100,0,Gross
20,E,A,V,ZVAABR,100,0,Gross
20,E,A,V,ZVAABT,100,0,Gross
20,E,A,V,ZVAATU,100,0,Gross
20,D,A,V,ZEPE0E,100,0,Brutto
20,E,A,V,ZEPE0E,100,0,Gross
20,D,A,V,ZESARE,100,0,Brutto
20,E,A,V,ZESARE,100,0,Gross
20,D,A,V,ZEPP01,100,0,Brutto
20,E,A,V,ZEPP01,100,0,Gross
20,D,A,V,ZEPPRE,100,0,Brutto
20,D,A,V,ZLPK01,100,0,Brutto
20,D,A,V,ZLPKRE,100,0,Brutto
20,E,A,V,ZEPPRE,100,0,Gross
20,E,A,V,ZLPK01,100,0,Gross
20,E,A,V,ZLPKRE,100,0,Gross
20,D,A,V,ZEPC01,100,0,Brutto
20,D,A,V,ZEPCRE,100,0,Brutto
20,E,A,V,ZEPC01,100,0,Gross
20,E,A,V,ZEPCRE,100,0,Gross
20,S,A,V,ZEPE01,100,0,Bruto
20,S,A,V,ZEPC01,100,0,Bruto
20,D,A,V,ZEPC02,100,0,Brutto
20,E,A,V,ZEPC02,100,0,Gross
20,S,A,V,ZEPC02,100,0,Bruto
20,E,A,V,ZTI001,100,0,Base Price
20,E,A,V,ZTI002,100,0,Base Price
20,E,A,V,ZTI003,100,0,Base Price
20,E,A,V,ZTI006,100,0,Base Price
20,I,A,V,ZTI001,100,0,Prezzo Base
20,I,A,V,ZTI002,100,0,Prezzo Base
20,I,A,V,ZTI006,100,0,Prezzo Base
20,E,A,V,ZTI008,100,0,Base Price
20,I,A,V,ZTI003,100,0,Prezzo base
20,I,A,V,ZTI008,100,0,Prezzo base
20,D,A,V,ZVAABM,100,0,Brutto
20,D,A,V,ZVAATM,100,0,Brutto
20,E,A,V,ZVAABM,100,0,Gross
20,E,A,V,ZVAATM,100,0,Gross
20,F,A,V,PREF00,100,0,Gross Price
20,F,A,V,PREP01,100,0,Gross
20,F,A,V,RVAA02,900,0,Net value 2
20,F,A,V,RVAAAR,100,0,Gross Value
20,F,A,V,RVAACA,900,0,Net Value 2
20,F,A,V,RVAACH,900,0,Net Value 2
20,F,A,V,RVAACN,900,0,Net Value 2
20,F,A,V,RVAAHU,900,0,Net Value 2
20,F,A,V,RVAARU,900,0,Net Value 2
20,F,A,V,RVAAUA,100,0,Gross Value
20,F,A,V,RVAAUS,900,0,Net Value 2
20,F,A,V,RVAJUS,900,0,Net Value 2
20,F,A,V,RVAXUD,900,0,Net value 2
20,F,A,V,RVCA01,900,0,Freight Value
20,F,A,V,RVCA02,900,0,Net Value 2
20,F,A,V,RVCEU1,100,0,Gross
20,F,A,V,RVCXUS,100,0,Gross
20,F,A,V,RVSB01,100,0,Gross
20,F,A,V,VPKPS1,100,0,Gross
20,F,A,V,WK0001,100,0,Net Value for Item
20,F,A,V,WWS003,100,0,Net/net purch. pr.
20,F,A,V,WWS004,100,0,Net/net purch. pr.
20,F,A,V,ZEPC01,100,0,Gross
20,F,A,V,ZEPC02,100,0,Gross
20,F,A,V,ZEPCRE,100,0,Gross
20,F,A,V,ZEPE01,100,0,Gross
20,F,A,V,ZEPE0E,100,0,Gross
20,F,A,V,ZEPP01,100,0,Gross
20,F,A,V,ZEPPRE,100,0,Gross
20,F,A,V,ZESA01,100,0,Gross
20,F,A,V,ZESARE,100,0,Gross
20,F,A,V,ZLPK01,100,0,Gross
20,F,A,V,ZLPKRE,100,0,Gross
20,F,A,V,ZTI001,100,0,Base Price
20,F,A,V,ZTI002,100,0,Base Price
20,F,A,V,ZTI003,100,0,Base Price
20,F,A,V,ZTI006,100,0,Base Price
20,F,A,V,ZTI008,100,0,Base Price
20,F,A,V,ZVAA01,100,0,Gross
20,F,A,V,ZVAABM,100,0,Gross
20,F,A,V,ZVAABR,100,0,Gross
20,F,A,V,ZVAABT,100,0,Gross
20,F,A,V,ZVAATM,100,0,Gross
20,F,A,V,ZVAATU,100,0,Gross
20,D,A,V,POSUSJ,400,0,abzügl. Kopf-Rabatte
20,E,A,V,POSUSJ,400,0,Minus Header Discounts
20,F,A,V,POSUSJ,400,0,Minus Header Discounts
20,D,A,V,POSUSJ,200,0,Bruttowert
20,E,A,V,POSUSJ,200,0,Gross value
20,D,A,V,ZMANBR,100,0,Brutto
20,D,A,V,ZMANDC,100,0,Brutto
20,D,A,V,ZMANSA,100,0,Brutto
20,D,A,V,ZMANSR,100,0,Brutto
20,E,A,V,ZMANBR,100,0,Gross
20,E,A,V,ZMANDC,100,0,Gross
20,E,A,V,ZMANSA,100,0,Gross
20,E,A,V,ZMANSR,100,0,Gross
20,F,A,V,ZMANBR,100,0,Gross
20,F,A,V,ZMANDC,100,0,Gross
20,F,A,V,ZMANSA,100,0,Gross
20,F,A,V,ZMANSR,100,0,Gross
20,D,A,V,ZCANCS,100,0,Brutto
20,E,A,V,ZCANCS,100,0,Gross
20,F,A,V,ZCANCS,100,0,Gross
20,덆,A,V,ZCANCS,100,0,Gross
20,D,A,V,ZEPDR1,100,0,Brutto
20,D,A,V,ZEPDRE,100,0,Brutto
20,F,A,V,POSUSJ,200,0,Gross value
20,D,A,V,POSUSJ,201,0,Bruttowert
20,D,A,V,POSUSJ,216,0,Bewertungspreis VK
20,D,A,V,POSUSJ,220,0,Preisdifferenz
20,D,A,V,POSUSJ,390,0,Abverkaufspreis
20,D,A,V,POSUSJ,395,0,Summe Kopfrabatte
20,D,A,V,POSUSJ,411,0,Bewertungspreis VK
20,D,A,V,POSUSJ,512,0,Bewertung nach EP
20,D,A,V,POSUSJ,610,0,Summe Positionsrab.
20,D,A,V,POSUSJ,620,0,Preisdifferenz
20,D,A,V,POSUSJ,630,0,Summe Kopfrabatte
20,D,A,V,POSUSJ,690,0,Gesamtsumme Rabatte
20,D,A,V,POSUSJ,905,0,State Tax Sales Aud.
20,D,A,V,POSUSJ,906,0,County Tax Sal. Aud.
20,D,A,V,POSUSJ,907,0,City Tax Sales Aud.
20,E,A,V,POSUSJ,201,0,Gross value
20,E,A,V,POSUSJ,216,0,Valuation Price - Sales
20,E,A,V,POSUSJ,220,0,Price difference
20,E,A,V,POSUSJ,390,0,Sales Price
20,E,A,V,POSUSJ,395,0,Total Header Discount
20,E,A,V,POSUSJ,411,0,Valuation Price - Sales
20,E,A,V,POSUSJ,512,0,Valuation by Purchase Price
20,E,A,V,POSUSJ,610,0,Total Item Discount
20,E,A,V,POSUSJ,620,0,Price difference
20,E,A,V,POSUSJ,630,0,Total Header Discount
20,E,A,V,POSUSJ,690,0,Total Discount
20,E,A,V,POSUSJ,905,0,State Tax Sales Aud.
20,E,A,V,POSUSJ,906,0,County Tax Sal. Aud.
20,E,A,V,POSUSJ,907,0,City Tax Sales Aud.
20,F,A,V,POSUSJ,201,0,Gross value
20,F,A,V,POSUSJ,216,0,Valuation Price - Sales
20,F,A,V,POSUSJ,220,0,Price difference
20,F,A,V,POSUSJ,390,0,Sales Price
20,F,A,V,POSUSJ,395,0,Total Header Discount
20,F,A,V,POSUSJ,411,0,Valuation Price - Sales
20,F,A,V,POSUSJ,512,0,Valuation by Purchase Price
20,F,A,V,POSUSJ,610,0,Total Item Discount
20,F,A,V,POSUSJ,620,0,Price difference
20,F,A,V,POSUSJ,630,0,Total Header Discount
20,F,A,V,POSUSJ,690,0,Total Discount
20,F,A,V,POSUSJ,905,0,State Tax Sales Aud.
20,F,A,V,POSUSJ,906,0,County Tax Sal. Aud.
20,F,A,V,POSUSJ,907,0,City Tax Sales Aud.
20,E,A,V,ZEPDR1,100,0,Gross
20,E,A,V,ZEPDRE,100,0,Gross
20,F,A,V,ZEPDR1,100,0,Gross
20,F,A,V,ZEPDRE,100,0,Gross
20,덆,A,V,ZEPDR1,100,0,Gross
20,덆,A,V,ZEPDRE,100,0,Gross
20,D,A,V,ZEMX01,100,0,Brutto
20,E,A,V,ZEMX01,100,0,Gross
20,F,A,V,ZEMX01,100,0,Gross
20,S,A,V,ZEMX01,100,0,Bruto
20,덆,A,V,ZEMX01,100,0,Gross
20,D,A,V,ICAA01,300,0,Rabattbetrag
20,D,A,V,ICAA01,900,0,Nettowert 2
20,D,A,V,PREF00,300,0,Rabattbetrag
20,D,A,V,PREP01,300,0,Rabattbetrag
20,D,A,V,RVAA02,300,0,Rabattbetrag
20,D,A,V,RVAAAR,900,0,Netto Wert 2
20,D,A,V,RVAACA,300,0,Rabattbetrag
20,D,A,V,RVAACA,800,0,Positionsnetto
20,D,A,V,RVAACH,300,0,Rabattbetrag
20,D,A,V,RVAACH,800,0,Positionsnetto
20,D,A,V,RVAACN,300,0,Rabatt- und Skontobetrag
20,D,A,V,RVAACN,800,0,Positionsnetto
20,D,A,V,RVAACO,300,0,Rabattbetrag
20,D,A,V,RVAACO,900,0,Nettowert 2
20,D,A,V,RVAAHU,300,0,Rabattbetrag
20,D,A,V,RVAAHU,800,0,Positionsnetto
20,D,A,V,RVAAKZ,300,0,Rabattbetrag
20,D,A,V,RVAAKZ,900,0,Nettowert 2
20,D,A,V,RVAAPL,900,0,Netto Stückpreis
20,D,A,V,RVAARU,300,0,Rabattbetrag
20,D,A,V,RVAARU,800,0,Positionsnetto
20,D,A,V,RVAAUS,300,0,Rabattbetrag
20,D,A,V,RVAAUS,800,0,Positionsnetto
20,D,A,V,RVAAVE,300,0,Rabattbetrag
20,D,A,V,RVAAVE,900,0,Nettowert 2
20,D,A,V,RVAB01,300,0,Positionsnetto
20,D,A,V,RVAJUS,300,0,Rabattbetrag
20,D,A,V,RVAJUS,800,0,Positionsnetto
20,D,A,V,RVAXUD,300,0,Rabattbetrag
20,D,A,V,RVCA01,300,0,Discount amount
20,F,A,V,ZCANSR,800,0,Net Value for Item
20,F,A,V,ZEPC01,800,0,Net Value for Item
20,F,A,V,ZEPC02,800,0,Net Value for Item
20,F,A,V,ZEPE01,800,0,Net Value for Item
20,F,A,V,ZEPE0E,800,0,Net Value for Item
20,F,A,V,ZEPP01,800,0,Net Value for Item
20,F,A,V,ZESARE,800,0,Net Value for Item
20,F,A,V,ZVAATM,800,0,Net Value for Item
20,F,A,V,ZVAATU,800,0,Net Value for Item
20,D,A,V,ZMANBR,300,0,Rabattbetrag
20,D,A,V,ZMANBR,800,0,Positionsnetto
20,D,A,V,ZMANBR,900,0,Nettowert 2
20,D,A,V,ZMANDC,300,0,Rabattbetrag
20,D,A,V,ZMANDC,800,0,Positionsnetto
20,D,A,V,ZMANDC,900,0,Nettowert 2
20,D,A,V,ZMANSA,300,0,Rabattbetrag
20,D,A,V,ZMANSA,800,0,Positionsnetto
20,D,A,V,ZMANSA,900,0,Nettowert 2
20,D,A,V,ZMANSR,300,0,Rabattbetrag
20,D,A,V,ZMANSR,800,0,Positionsnetto
20,D,A,V,ZMANSR,900,0,Nettowert 2
20,E,A,V,ZMANBR,300,0,Discount Amount
20,E,A,V,ZMANBR,800,0,Net Value for Item
20,E,A,V,ZMANBR,900,0,Net Value 2
20,E,A,V,ZMANDC,300,0,Discount Amount
20,E,A,V,ZMANDC,800,0,Net Value for Item
20,E,A,V,ZMANDC,900,0,Net Value 2
20,E,A,V,ZMANSA,300,0,Discount Amount
20,E,A,V,ZMANSA,800,0,Net Value for Item
20,E,A,V,ZMANSA,900,0,Net Value 2
20,E,A,V,ZMANSR,300,0,Discount Amount
20,E,A,V,ZMANSR,800,0,Net Value for Item
20,E,A,V,ZMANSR,900,0,Net Value 2
20,F,A,V,ZMANBR,300,0,Discount Amount
20,F,A,V,ZMANBR,800,0,Net Value for Item
20,F,A,V,ZMANBR,900,0,Net Value 2
20,F,A,V,ZMANDC,300,0,Discount Amount
20,F,A,V,ZMANDC,800,0,Net Value for Item
20,F,A,V,ZMANDC,900,0,Net Value 2
20,F,A,V,ZMANSA,300,0,Discount Amount
20,F,A,V,ZMANSA,800,0,Net Value for Item
20,F,A,V,ZMANSA,900,0,Net Value 2
20,F,A,V,ZMANSR,300,0,Discount Amount
20,F,A,V,ZMANSR,800,0,Net Value for Item
20,F,A,V,ZMANSR,900,0,Net Value 2
20,D,A,V,ZCANCS,300,0,Rabattbetrag
20,D,A,V,ZCANCS,800,0,Positionsnetto
20,D,A,V,ZCANCS,900,0,Nettowert 2
20,E,A,V,ZCANCS,300,0,Discount Amount
20,E,A,V,ZCANCS,800,0,Net Value for Item
20,E,A,V,ZCANCS,900,0,Net Value 2
20,F,A,V,ZCANCS,300,0,Discount Amount
20,F,A,V,ZCANCS,800,0,Net Value for Item
20,F,A,V,ZCANCS,900,0,Net Value 2
20,덆,A,V,ZCANCS,300,0,Discount Amount
20,덆,A,V,ZCANCS,800,0,Net Value for Item
20,덆,A,V,ZCANCS,900,0,Net Value 2
20,D,A,V,ZEPDR1,300,0,Rabattbetrag
20,D,A,V,ZEPDR1,800,0,Positionsnetto
20,D,A,V,ZEPDR1,900,0,Nettowert 2
20,D,A,V,ZEPDRE,300,0,Rabattbetrag
20,D,A,V,ZEPDRE,800,0,Positionsnetto
20,D,A,V,ZEPDRE,900,0,Nettowert 2
20,E,A,V,ZEPDR1,300,0,Discount Amount
20,E,A,V,ZEPDR1,800,0,Net Value for Item
20,E,A,V,ZEPDR1,900,0,Net Value 2
20,E,A,V,ZEPDRE,300,0,Discount Amount
20,E,A,V,ZEPDRE,800,0,Net Value for Item
20,E,A,V,ZEPDRE,900,0,Net Value 2
20,F,A,V,ZEPDR1,300,0,Discount Amount
20,F,A,V,ZEPDR1,800,0,Net Value for Item
20,F,A,V,ZEPDR1,900,0,Net Value 2
20,F,A,V,ZEPDRE,300,0,Discount Amount
20,F,A,V,ZEPDRE,800,0,Net Value for Item
20,F,A,V,ZEPDRE,900,0,Net Value 2
20,덆,A,V,ZEPDR1,300,0,Discount Amount
20,덆,A,V,ZEPDR1,800,0,Net Value for Item
20,덆,A,V,ZEPDR1,900,0,Net Value 2
20,덆,A,V,ZEPDRE,300,0,Discount Amount
20,덆,A,V,ZEPDRE,800,0,Net Value for Item
20,덆,A,V,ZEPDRE,900,0,Net Value 2
20,D,A,V,ZEMX01,300,0,Rabattbetrag
20,D,A,V,ZEMX01,800,0,Positionsnetto
20,D,A,V,ZEMX01,900,0,Nettowert 2
20,E,A,V,ZEMX01,300,0,Discount Amount
20,E,A,V,ZEMX01,800,0,Net Value for Item
20,E,A,V,ZEMX01,900,0,Net Value 2
20,F,A,V,ZEMX01,300,0,Discount Amount
20,F,A,V,ZEMX01,800,0,Net Value for Item
20,F,A,V,ZEMX01,900,0,Net Value 2
20,S,A,V,ZEMX01,300,0,Importe de descuento
20,S,A,V,ZEMX01,800,0,Valor neto del ítem
20,S,A,V,ZEMX01,900,0,Valor neto 2
20,덆,A,V,ZEMX01,300,0,Discount Amount
20,덆,A,V,ZEMX01,800,0,Net Value for Item
20,덆,A,V,ZEMX01,900,0,Net Value 2
20,D,A,V,ICAA01,400,0,Bonusbasis
20,D,A,V,ICAA01,920,0,Endbetrag
20,D,A,V,ICAA01,950,0,Deckungsbeitrag
20,D,A,V,POS100,400,0,abzügl. Kopf-Rabatte
20,D,A,V,PREF00,800,0,Positionsnetto
20,D,A,V,PREP01,800,0,Positionsnetto
20,D,A,V,RVAA02,400,0,Bonusbasis
20,D,A,V,RVAA02,920,0,Endbetrag
20,D,A,V,RVAA02,950,0,Deckungsbeitrag
20,D,A,V,RVAACA,920,0,Endbetrag
20,D,A,V,RVAACA,950,0,Deckungsbeitrag
20,D,A,V,RVAACH,920,0,Endbetrag
20,D,A,V,RVAACH,950,0,Deckungsbeitrag
20,D,A,V,RVAACN,400,0,Bonusbasis
20,D,A,V,RVAACN,950,0,Deckungsbeitrag
20,D,A,V,RVAACO,400,0,Bonusbasis
20,D,A,V,RVAACO,950,0,Deckungsbeitrag
20,D,A,V,RVAAHU,400,0,Bonusbasis
20,D,A,V,RVAAHU,920,0,Endbetrag
20,D,A,V,RVAAHU,950,0,Deckungsbeitrag
20,D,A,V,RVAAKZ,400,0,Bonusbasis
20,D,A,V,RVAAKZ,920,0,Endbetrag
20,D,A,V,RVAAKZ,950,0,Deckungsbeitrag
20,D,A,V,RVAAPL,400,0,Darlehen
20,D,A,V,RVAAPL,950,0,Profit Margin
20,D,A,V,RVAARU,400,0,Bonusbasis
20,D,A,V,RVAARU,950,0,Deckungsbeitrag
20,D,A,V,RVAAUS,400,0,Bonusbasis
20,D,A,V,RVAAUS,920,0,Endbetrag
20,D,A,V,RVAAUS,950,0,Standard - USA /ohne Jur.Code
20,D,A,V,RVAAVE,400,0,Bonusbasis
20,D,A,V,RVAAVE,950,0,Deckungsbeitrag
20,D,A,V,RVAB01,400,0,Endbetrag
20,D,A,V,RVAJUS,400,0,Bonusbasis
20,D,A,V,RVAJUS,920,0,Endbetrag
20,D,A,V,RVAJUS,950,0,Standard - USA /mit Jur. Code
20,D,A,V,RVAXUD,400,0,Bonusbasis
20,D,A,V,RVAXUD,920,0,Endbetrag
20,D,A,V,RVAXUD,950,0,Deckungsbeitrag
20,D,A,V,RVCA01,920,0,Endbetrag
20,D,A,V,RVCA01,950,0,Deckungsbeitrag
20,D,A,V,RVCA02,920,0,Endbetrag
20,D,A,V,RVCA02,950,0,Deckungsbeitrag
20,D,A,V,RVCEU1,920,0,Endbetrag
20,D,A,V,RVCEU2,400,0,Endbetrag
20,D,A,V,RVCXUS,920,0,Endbetrag
20,D,A,V,RVSB01,800,0,Positionsnetto
20,D,A,V,VPKPS1,920,0,Endbetrag
20,D,A,V,VPKPS1,950,0,Deckungsbeitrag
20,D,A,V,WWS001,400,0,VK-Netto mit Kosten
20,E,A,V,RVAXUD,950,0,Profit Margin
20,E,A,V,RVCA01,920,0,Total
20,E,A,V,RVCA01,950,0,Profit Margin
20,E,A,V,RVCA02,920,0,Total
20,E,A,V,RVCA02,950,0,Profit Margin
20,E,A,V,RVCEU1,400,0,Rebate Basis
20,E,A,V,RVCEU1,920,0,Total
20,E,A,V,RVCEU1,950,0,Profit Margin
20,E,A,V,RVCEU2,400,0,Total
20,E,A,V,RVCXUS,400,0,Rebate Basis
20,E,A,V,RVCXUS,920,0,Total
20,E,A,V,RVCXUS,950,0,Standard - USA /With Jur.Code
20,E,A,V,RVSB01,800,0,Net Value for Item
20,E,A,V,VPKPS1,920,0,Total Amount
20,E,A,V,VPKPS1,950,0,Profit Margin
20,E,A,V,WWS001,400,0,Sales-Net with Costs
20,E,A,V,WWS001,920,0,Sales-Gross
20,E,A,V,WWS002,400,0,Sales-net with costs
20,E,A,V,WWS002,920,0,Sales-Gross
20,E,A,V,WWS003,400,0,Sales (w/o Tax)
20,E,A,V,WWS004,400,0,Sales-Net with Costs
20,E,A,V,ZCANBR,400,0,Rebate Basis
20,E,A,V,ZCANBR,920,0,Total
20,E,A,V,ZCANBR,950,0,Standard - CA/with Jur. code
20,E,A,V,ZCANSA,400,0,Rebate Basis
20,E,A,V,ZCANSA,920,0,Total
20,E,A,V,ZCANSA,950,0,Standard - CA/with Jur. code
20,E,A,V,ZCANSR,400,0,Rebate Basis
20,E,A,V,ZCANSR,920,0,Total
20,E,A,V,ZCANSR,950,0,Standard - CA/with Jur. code
20,E,A,V,ZEPE01,400,0,Rebate Basis
20,E,A,V,ZEPE01,920,0,Total
20,E,A,V,ZEPE01,950,0,Profit Margin
20,E,A,V,ZESA01,400,0,Rebate Basis
20,E,A,V,ZESA01,800,0,Net Value for Item
20,E,A,V,ZESA01,950,0,Profit Margin
20,E,A,V,ZVAA01,400,0,Rebate Basis
20,E,A,V,ZVAA01,800,0,Net Value for Item
20,E,A,V,ZVAA01,950,0,Profit Margin
20,E,A,V,ZVAABR,400,0,Rebate Basis
20,E,A,V,ZVAABR,800,0,Net Value for Item
20,E,A,V,ZVAABR,950,0,Profit Margin
20,E,A,V,ZVAABT,400,0,Rebate Basis
20,E,A,V,ZVAABT,800,0,Net Value for Item
20,E,A,V,ZVAABT,950,0,Profit Margin
20,E,A,V,ZVAATU,400,0,Rebate Basis
20,E,A,V,ZVAATU,950,0,Profit Margin
20,D,A,V,ZEPE0E,400,0,Bonusbasis
20,D,A,V,ZEPE0E,950,0,Deckungsbeitrag
20,E,A,V,ZEPE0E,400,0,Rebate Basis
20,E,A,V,ZEPE0E,950,0,Profit Margin
20,D,A,V,ZESARE,400,0,Bonusbasis
20,D,A,V,ZESARE,950,0,Deckungsbeitrag
20,E,A,V,ZESARE,400,0,Rebate Basis
20,E,A,V,ZESARE,950,0,Profit Margin
20,D,A,V,ZEPP01,400,0,Bonusbasis
20,D,A,V,ZEPP01,950,0,Deckungsbeitrag
20,E,A,V,ZEPP01,400,0,Rebate Basis
20,E,A,V,ZEPP01,950,0,Profit Margin
20,D,A,V,ZEPPRE,400,0,Bonusbasis
20,D,A,V,ZEPPRE,800,0,Positionsnetto
20,D,A,V,ZEPPRE,950,0,Deckungsbeitrag
20,D,A,V,ZLPK01,400,0,Bonusbasis
20,D,A,V,ZLPK01,800,0,Positionsnetto
20,D,A,V,ZLPK01,950,0,Deckungsbeitrag
20,D,A,V,ZLPKRE,400,0,Bonusbasis
20,D,A,V,ZLPKRE,800,0,Positionsnetto
20,D,A,V,ZLPKRE,950,0,Deckungsbeitrag
20,E,A,V,ZEPPRE,400,0,Rebate Basis
20,E,A,V,ZEPPRE,800,0,Net Value for Item
20,E,A,V,ZEPPRE,950,0,Profit Margin
20,E,A,V,ZLPK01,400,0,Rebate Basis
20,E,A,V,ZLPK01,800,0,Net Value for Item
20,E,A,V,ZCANCS,400,0,Rebate Basis
20,E,A,V,ZCANCS,920,0,Total
20,E,A,V,ZCANCS,950,0,Standard - CA/with Jur. code
20,F,A,V,ZCANCS,400,0,Rebate Basis
20,F,A,V,ZCANCS,920,0,Total
20,F,A,V,ZCANCS,950,0,Standard - CA/with Jur. code
20,덆,A,V,ZCANCS,400,0,Rebate Basis
20,덆,A,V,ZCANCS,920,0,Total
20,덆,A,V,ZCANCS,950,0,Standard - CA/with Jur. code
20,D,A,V,ZEPDR1,400,0,Bonusbasis
20,D,A,V,ZEPDR1,920,0,Endbetrag
20,D,A,V,ZEPDR1,950,0,Deckungsbeitrag
20,D,A,V,ZEPDRE,400,0,Bonusbasis
20,D,A,V,ZEPDRE,920,0,Endbetrag
20,D,A,V,ZEPDRE,950,0,Deckungsbeitrag
20,E,A,V,ZEPDR1,400,0,Rebate Basis
20,E,A,V,ZEPDR1,920,0,Total
20,E,A,V,ZEPDR1,950,0,Profit Margin
20,E,A,V,ZEPDRE,400,0,Rebate Basis
20,E,A,V,ZEPDRE,920,0,Total
20,E,A,V,ZEPDRE,950,0,Profit Margin
20,F,A,V,ZEPDR1,400,0,Rebate Basis
20,F,A,V,ZEPDR1,920,0,Total
20,F,A,V,ZEPDR1,950,0,Profit Margin
20,F,A,V,ZEPDRE,400,0,Rebate Basis
20,F,A,V,ZEPDRE,920,0,Total
20,F,A,V,ZEPDRE,950,0,Profit Margin
20,덆,A,V,ZEPDR1,400,0,Rebate Basis
20,덆,A,V,ZEPDR1,920,0,Total
20,덆,A,V,ZEPDR1,950,0,Profit Margin
20,덆,A,V,ZEPDRE,400,0,Rebate Basis
20,덆,A,V,ZEPDRE,920,0,Total
20,덆,A,V,ZEPDRE,950,0,Profit Margin
20,D,A,V,ZEMX01,400,0,Bonusbasis
20,D,A,V,ZEMX01,920,0,Endbetrag
20,D,A,V,ZEMX01,950,0,Deckungsbeitrag
20,E,A,V,ZEMX01,400,0,Rebate Basis
20,E,A,V,ZEMX01,920,0,Total
20,E,A,V,ZEMX01,950,0,Profit Margin
20,F,A,V,ZEMX01,400,0,Rebate Basis
20,F,A,V,ZEMX01,920,0,Total
20,F,A,V,ZEMX01,950,0,Profit Margin
20,S,A,V,ZEMX01,400,0,Base reembolso
20,S,A,V,ZEMX01,920,0,Total
20,S,A,V,ZEMX01,950,0,Margen de beneficio
20,덆,A,V,ZEMX01,400,0,Rebate Basis
20,덆,A,V,ZEMX01,920,0,Total
20,덆,A,V,ZEMX01,950,0,Profit Margin
20,D,A,V,PREP01,920,0,Endbetrag
20,D,A,V,RVAAPL,920,0,Brutto Stückpreis
20,D,A,V,ZESA01,920,0,Endbetrag
20,D,A,V,ZVAA01,920,0,Endbetrag
20,D,A,V,ZVAABR,920,0,Endbetrag
20,D,A,V,ZVAABT,920,0,Endbetrag
20,D,A,V,ZVAATU,920,0,Endbetrag
20,E,A,V,PREP01,920,0,Total Amount
20,E,A,V,RVAAPL,920,0,Gross price / piece
20,E,A,V,ZESA01,920,0,Total
20,E,A,V,ZVAA01,920,0,Total
20,E,A,V,ZVAABR,920,0,Total
20,E,A,V,ZVAABT,920,0,Total
20,E,A,V,ZVAATU,920,0,Total
20,D,A,V,ZEPE0E,920,0,Endbetrag
20,E,A,V,ZEPE0E,920,0,Total
20,D,A,V,ZESARE,920,0,Endbetrag
20,E,A,V,ZESARE,920,0,Total
20,D,A,V,ZEPP01,920,0,Endbetrag
20,E,A,V,ZEPP01,920,0,Total
20,D,A,V,ZEPPRE,920,0,Endbetrag
20,D,A,V,ZLPK01,920,0,Endbetrag
20,D,A,V,ZLPKRE,920,0,Endbetrag
20,E,A,V,ZEPPRE,920,0,Total
20,E,A,V,ZLPK01,920,0,Total
20,E,A,V,ZEPDR1,908,0,Net Value 3
20,E,A,V,ZEPDRE,908,0,Net Value 3
20,F,A,V,ZEPDR1,908,0,Net Value 3
20,F,A,V,ZEPDRE,908,0,Net Value 3
20,덆,A,V,ZEPDR1,908,0,Net Value 3
20,덆,A,V,ZEPDRE,908,0,Net Value 3
20,E,A,V,ZRBSIR,375,0,Base prices
20,E,A,V,ZRBL1Z,375,0,Base prices
20,E,A,V,ZRBL2Z,375,0,Base prices
20,E,A,V,ZRBL3Z,375,0,Base prices
20,E,A,V,ZRBLPC,375,0,Base prices
20,E,A,V,ZRBLPZ,375,0,Base prices
20,E,A,V,ZRBW1Z,375,0,Base prices
20,E,A,V,ZRBW2Z,375,0,Base prices
20,E,A,V,ZRBW3Z,375,0,Base prices
20,E,A,V,ZRBWPC,375,0,Base prices
20,E,A,V,ZRBWPZ,375,0,Base prices
20,F,A,V,ZRBL1Z,375,0,Base prices
20,F,A,V,ZRBL2Z,375,0,Base prices
20,F,A,V,ZRBL3Z,375,0,Base prices
20,F,A,V,ZRBLPC,375,0,Base prices
20,F,A,V,ZRBLPZ,375,0,Base prices
20,F,A,V,ZRBW1Z,375,0,Base prices
20,F,A,V,ZRBW2Z,375,0,Base prices
20,F,A,V,ZRBW3Z,375,0,Base prices
20,F,A,V,ZRBWPC,375,0,Base prices
20,F,A,V,ZRBWPZ,375,0,Base prices
20,덆,A,V,ZRBL1Z,375,0,Base prices
20,덆,A,V,ZRBL2Z,375,0,Base prices
20,덆,A,V,ZRBL3Z,375,0,Base prices
20,덆,A,V,ZRBLPC,375,0,Base prices
20,덆,A,V,ZRBLPZ,375,0,Base prices
20,덆,A,V,ZRBW1Z,375,0,Base prices
20,덆,A,V,ZRBW2Z,375,0,Base prices
20,덆,A,V,ZRBW3Z,375,0,Base prices
20,덆,A,V,ZRBWPC,375,0,Base prices
20,덆,A,V,ZRBWPZ,375,0,Base prices
20,D,A,V,ZEMX01,908,0,Nettowert 3
20,E,A,V,ZEMX01,908,0,Net Value 3
20,F,A,V,ZEMX01,908,0,Net Value 3
20,S,A,V,ZEMX01,908,0,Valor neto 3
20,덆,A,V,ZEMX01,908,0,Net Value 3
20,D,A,V,PABR01,10,0,Preis Kopf Abrechng.
20,D,A,V,PABR02,10,0,Preis Pos. Abrechng.
20,D,A,V,POS100,200,0,Bruttowert
20,D,A,V,RVAACA,101,0,Special offer
20,D,A,V,RVAACA,102,0,Special offer
20,D,A,V,RVAACA,820,0,Order value
20,D,A,V,RVAACA,940,0,Stock price
20,D,A,V,RVAACH,101,0,Aktion
20,D,A,V,RVAACH,102,0,Aktion
20,D,A,V,RVAACH,820,0,Auftragswert
20,D,A,V,RVAACH,910,0,RV-Standard
20,D,A,V,RVAACH,940,0,Verrechnungspreis
20,D,A,V,RVAACN,200,0,Rabattbetrag
20,D,A,V,RVAAHU,101,0,Aktion
20,D,A,V,RVAAHU,102,0,Aktion
20,D,A,V,RVAAHU,820,0,Auftragswert
20,D,A,V,RVAAHU,910,0,RV-Standard
20,D,A,V,RVAAHU,940,0,Verrechnungspreis
20,D,A,V,RVAAPL,600,0,Rabatt für Bestellungen
20,D,A,V,RVAAUS,101,0,Aktion
20,D,A,V,RVAAUS,102,0,Aktion
20,D,A,V,RVAAUS,820,0,Auftragswert
20,D,A,V,RVAAUS,910,0,RV-Standard
20,D,A,V,RVAAUS,940,0,Verrechnungspreis
20,D,A,V,RVAB01,210,0,RV inclusive Steuer
20,D,A,V,RVAJUS,101,0,Aktion
20,D,A,V,RVAJUS,102,0,Aktion
20,D,A,V,RVAJUS,820,0,Auftragswert
20,D,A,V,RVAJUS,910,0,TaxJurDictionCode
20,D,A,V,RVAJUS,940,0,Verrechnungspreis
20,D,A,V,RVBRC,60,0,Preis ohne ICMS/IPI
20,E,A,V,ZRABTZ,775,0,Price + taxes
20,E,A,V,ZRABTZ,782,0,Base Price For Discount
20,E,A,V,ZRABTZ,790,0,Total price
20,E,A,V,ZRBFDZ,150,0,Total Price
20,E,A,V,ZRBFSZ,775,0,Price + taxes
20,E,A,V,ZRBFSZ,790,0,Total price
20,E,A,V,ZRBS1N,775,0,Price + taxes
20,E,A,V,ZRBS1N,790,0,Total price
20,E,A,V,ZRBS1Z,775,0,Price + taxes
20,E,A,V,ZRBS1Z,790,0,Total price
20,E,A,V,ZRBS2N,775,0,Price + taxes
20,E,A,V,ZRBS2N,782,0,Base Price For Discount
20,E,A,V,ZRBS2N,790,0,Total price
20,E,A,V,ZRBS2Z,775,0,Price + taxes
20,E,A,V,ZRBS2Z,782,0,Base Price For Discount
20,E,A,V,ZRBS2Z,790,0,Total price
20,E,A,V,ZRBS3N,775,0,Price + taxes
20,E,A,V,ZRBS3N,782,0,Base Price For Discount
20,E,A,V,ZRBS3N,790,0,Total price
20,E,A,V,ZRBS3Z,775,0,Price + taxes
20,E,A,V,ZRBS3Z,782,0,Base Price For Discount
20,E,A,V,ZRBS3Z,790,0,Total price
20,E,A,V,ZRBSDZ,775,0,Price + Ed + taxes
20,E,A,V,ZRBSIN,775,0,Price + taxes
20,E,A,V,ZRBSIN,782,0,Base price for Discount
20,E,A,V,ZRBSIN,790,0,Total price
20,E,A,V,ZRBSIZ,775,0,Price + taxes
20,E,A,V,ZRBSIZ,782,0,Base price for Discount
20,E,A,V,ZRBSIZ,790,0,Total price
20,E,A,V,ZRPBNS,200,0,Total Price
20,E,A,V,ZRPFAZ,775,0,Price + taxes
20,E,A,V,ZRPFAZ,790,0,Total price
20,E,A,V,ZRPWOT,790,0,Total price
20,E,A,V,ZRSTOZ,200,0,Base prices
20,E,A,V,ZRSTOZ,500,0,Total price
20,E,A,V,ZWBAB1,210,0,MRP + Bonus Offer
20,E,A,V,ZWBAB1,500,0,Copy of Entry Tax
20,E,A,V,ZWBAB1,775,0,Price + taxes
20,E,A,V,ZWBAB1,790,0,Total price
20,E,A,V,ZWBABD,210,0,MRP + Bonus Offer
20,E,A,V,ZWBABD,775,0,Price + taxes
20,E,A,V,ZWBABD,790,0,Total price
20,E,A,V,ZWBABT,210,0,MRP + Bonus Offer
20,E,A,V,ZWBABT,500,0,Copy of Entry Tax
20,E,A,V,ZWBABT,775,0,Price + taxes
20,E,A,V,ZWBABT,782,0,Base Price For Discount
20,E,A,V,ZWBABT,790,0,Total price
20,E,A,V,ZWBBDY,775,0,Price + taxes
20,E,A,V,ZWBBDY,790,0,Total price
20,E,A,V,ZWBBSE,160,0,PTS + Bonus Offer
20,E,A,V,ZWBBSE,775,0,Price + taxes
20,E,A,V,ZWBBSE,790,0,Total price
20,E,A,V,ZWBBSI,160,0,PTS + Bonus Offer
20,E,A,V,ZWBBSI,775,0,Price + taxes
20,E,A,V,ZWBBSI,790,0,Total price
20,E,A,V,ZRBINS,775,0,Price + taxes
20,E,A,V,ZRBINS,790,0,Total price
20,D,A,V,ZEPE0E,20,0,Preis Brutto
20,D,A,V,ZEPE0E,101,0,Aktion
20,D,A,V,ZEPE0E,102,0,Aktion
20,D,A,V,ZEPE0E,120,0,Variantenpreis
20,D,A,V,ZEPE0E,820,0,Auftragswert
20,D,A,V,ZEPE0E,910,0,PreisInterneVerrechn
20,D,A,V,ZEPE0E,940,0,Verrechnungspreis
20,E,A,V,ZRBSD1,775,0,Price + Ed + taxes
20,E,A,V,ZRBSD1,790,0,Price+ED+Taxes+TCS
20,E,A,V,ZRBSDY,775,0,Price + Ed + taxes
20,E,A,V,ZRBSDY,790,0,Price+ED+Taxes+TCS
20,E,A,V,ZRBSDZ,910,0,Invoie Amount
20,D,A,V,ZESARE,20,0,Preis Brutto
20,D,A,V,ZESARE,101,0,Aktion
20,D,A,V,ZESARE,102,0,Aktion
20,D,A,V,ZESARE,120,0,Variantenpreis
20,F,A,V,ZPRFCU,775,0,Price + Ed + taxes
20,F,A,V,ZPRSTO,200,0,Base prices
20,F,A,V,ZPRSTO,500,0,Total price
20,F,A,V,ZPSDDY,200,0,Total Price
20,F,A,V,ZPSPRZ,775,0,Price + taxes
20,F,A,V,ZPSPRZ,790,0,Total price
20,F,A,V,ZRAB1Z,500,0,Copy of Entry Tax
20,F,A,V,ZRAB1Z,775,0,Price + taxes
20,F,A,V,ZRAB1Z,790,0,Total price
20,F,A,V,ZRABTZ,500,0,Copy of Entry Tax
20,F,A,V,ZRABTZ,775,0,Price + taxes
20,F,A,V,ZRABTZ,782,0,Base Price For Discount
20,F,A,V,ZRABTZ,790,0,Total price
20,F,A,V,ZRBFDZ,150,0,Total Price
20,F,A,V,ZRBFSZ,775,0,Price + taxes
20,F,A,V,ZRBFSZ,790,0,Total price
20,F,A,V,ZRBINS,775,0,Price + taxes
20,F,A,V,ZRBINS,790,0,Total price
20,F,A,V,ZRBS1N,775,0,Price + taxes
20,F,A,V,ZRBS1N,790,0,Total price
20,F,A,V,ZRBS1Z,775,0,Price + taxes
20,F,A,V,ZRBS1Z,790,0,Total price
20,F,A,V,ZRBS2N,775,0,Price + taxes
20,F,A,V,ZRBS2N,782,0,Base Price For Discount
20,F,A,V,ZRBS2N,790,0,Total price
20,F,A,V,ZRBS2Z,775,0,Price + taxes
20,F,A,V,ZRBS2Z,782,0,Base Price For Discount
20,F,A,V,ZRBS2Z,790,0,Total price
20,F,A,V,ZRBS3N,775,0,Price + taxes
20,F,A,V,ZRBS3N,782,0,Base Price For Discount
20,F,A,V,ZRBS3N,790,0,Total price
20,F,A,V,ZRBS3Z,775,0,Price + taxes
20,F,A,V,ZRBS3Z,782,0,Base Price For Discount
20,F,A,V,ZRBS3Z,790,0,Total price
20,F,A,V,ZRBSD1,775,0,Price + Ed + taxes
20,F,A,V,ZRBSD1,790,0,Price+ED+Taxes+TCS
20,F,A,V,ZRBSDE,775,0,Price + Ed + taxes
20,F,A,V,ZRBSDE,790,0,Price+ED+Taxes+TCS
20,F,A,V,ZRBSDY,775,0,Price + Ed + taxes
20,F,A,V,ZRBSDY,790,0,Price+ED+Taxes+TCS
20,F,A,V,ZRBSDZ,775,0,Price + Ed + taxes
20,F,A,V,ZRBSDZ,910,0,Invoie Amount
20,F,A,V,ZRBSIC,775,0,Price + taxes
20,F,A,V,ZRBSIC,782,0,Base price for Discount
20,F,A,V,ZRBSIC,790,0,Total price
20,F,A,V,ZRBSIN,775,0,Price + taxes
20,F,A,V,ZRBSIN,782,0,Base price for Discount
20,F,A,V,ZRBSIN,790,0,Total price
20,F,A,V,ZRBSIS,775,0,Price + taxes
20,F,A,V,ZRBSIS,782,0,Base price for Discount
20,F,A,V,ZRBSIS,790,0,Total price
20,F,A,V,ZRBSIZ,775,0,Price + taxes
20,F,A,V,ZRBSIZ,782,0,Base price for Discount
20,F,A,V,ZRBSIZ,790,0,Total price
20,F,A,V,ZRBSZZ,775,0,Price + taxes
20,F,A,V,ZRBSZZ,782,0,Base price for Discount
20,F,A,V,ZRBSZZ,790,0,Total price
20,F,A,V,ZRPBNS,200,0,Total Price
20,F,A,V,ZRPFAZ,775,0,Price + taxes
20,F,A,V,ZRPFAZ,790,0,Total price
20,F,A,V,ZRPWOT,790,0,Total price
20,F,A,V,ZRSTOZ,200,0,Base prices
20,F,A,V,ZRSTOZ,500,0,Total price
20,F,A,V,ZWBAB1,210,0,MRP + Bonus Offer
20,F,A,V,ZWBAB1,500,0,Copy of Entry Tax
20,F,A,V,ZWBAB1,775,0,Price + taxes
20,F,A,V,ZWBAB1,790,0,Total price
20,F,A,V,ZWBABD,210,0,MRP + Bonus Offer
20,F,A,V,ZWBABD,775,0,Price + taxes
20,F,A,V,ZWBABD,790,0,Total price
20,F,A,V,ZWBABT,210,0,MRP + Bonus Offer
20,F,A,V,ZWBABT,500,0,Copy of Entry Tax
20,F,A,V,ZWBABT,775,0,Price + taxes
20,D,A,V,RVCA01,800,0,Net item value
20,D,A,V,RVCA02,300,0,Discount amount
20,D,A,V,RVCA02,800,0,Net item value
20,D,A,V,RVCEU1,300,0,Rabattbetrag
20,D,A,V,RVCEU1,900,0,Nettowert 2
20,D,A,V,RVCEU2,300,0,Positionsnetto
20,D,A,V,RVCXUS,300,0,Rabattbetrag
20,D,A,V,RVCXUS,900,0,Nettowert 2
20,D,A,V,VKP001,300,0,Endbetrag excl. Steuern
20,D,A,V,VPKPS1,300,0,Rabattbetrag
20,D,A,V,VPKPS1,900,0,Nettowert
20,D,A,V,WWS001,300,0,VK-Netto ohne Kosten
20,D,A,V,WWS002,300,0,VK-Netto ohne Kosten
20,D,A,V,WWS003,300,0,VK-Netto ohne Kosten
20,D,A,V,WWS004,300,0,VK-Netto ohne Kosten
20,D,A,V,ZCANBR,300,0,Rabattbetrag
20,D,A,V,ZCANBR,900,0,Nettowert 2
20,D,A,V,ZCANSA,300,0,Rabattbetrag
20,D,A,V,ZCANSA,900,0,Nettowert 2
20,D,A,V,ZCANSR,300,0,Rabattbetrag
20,D,A,V,ZCANSR,900,0,Nettowert 2
20,D,A,V,ZEPE01,300,0,Rabattbetrag
20,D,A,V,ZEPE01,900,0,Nettowert 2
20,D,A,V,ZESA01,300,0,Rabattbetrag
20,D,A,V,ZESA01,900,0,Nettowert 2
20,D,A,V,ZVAA01,300,0,Rabattbetrag
20,D,A,V,ZVAA01,900,0,Nettowert 2
20,D,A,V,ZVAABR,300,0,Rabattbetrag
20,D,A,V,ZVAABR,900,0,Nettowert 2
20,D,A,V,ZVAABT,300,0,Rabattbetrag
20,D,A,V,ZVAABT,900,0,Nettowert 2
20,D,A,V,ZVAATU,300,0,Rabattbetrag
20,D,A,V,ZVAATU,900,0,Nettowert 2
20,E,A,V,ICAA01,300,0,Discount Amount
20,E,A,V,ICAA01,900,0,Net value 2
20,E,A,V,PREF00,300,0,Discount Amount
20,E,A,V,PREP01,300,0,Discount Amount
20,E,A,V,RVAA02,300,0,Discount Amount
20,E,A,V,RVAAAR,900,0,Net Value 2
20,E,A,V,RVAACA,300,0,Discount Amount
20,E,A,V,RVAACA,800,0,Net Value for Item
20,E,A,V,RVAACH,300,0,Discount Amount
20,E,A,V,RVAACH,800,0,Net Value for Item
20,E,A,V,RVAACN,300,0,Discount Amount
20,E,A,V,RVAACN,800,0,Net Value for Item
20,E,A,V,RVAACO,300,0,Discount Amount
20,E,A,V,RVAACO,900,0,Net value 2
20,E,A,V,RVAAHU,300,0,Discount Amount
20,E,A,V,RVAAHU,800,0,Net Value for Item
20,E,A,V,RVAAKZ,300,0,Discount Amount
20,E,A,V,RVAAKZ,900,0,Net value 2
20,E,A,V,RVAAPL,900,0,Net price / piece
20,E,A,V,RVAARU,300,0,Discount Amount
20,E,A,V,RVAARU,800,0,Net Value for Item
20,E,A,V,RVAAUA,300,0,Discount Amount
20,E,A,V,RVAAUA,900,0,Net Value 2
20,E,A,V,RVAAUS,300,0,Discount Amount
20,E,A,V,RVAAUS,800,0,Net Value for Item
20,E,A,V,RVAAVE,300,0,Discount Amount
20,E,A,V,RVAAVE,900,0,Net value 2
20,E,A,V,RVAB01,300,0,Net Value for Item
20,E,A,V,RVAJUS,300,0,Discount Amount
20,E,A,V,RVAJUS,800,0,Net Value for Item
20,E,A,V,RVAXUD,300,0,Discount Amount
20,E,A,V,RVCA01,300,0,Discount amount
20,E,A,V,RVCA01,800,0,Net item value
20,E,A,V,RVCA02,300,0,Discount amount
20,E,A,V,RVCA02,800,0,Net item value
20,E,A,V,RVCEU1,300,0,Discount Amount
20,E,A,V,RVCEU1,900,0,Net Value 2
20,E,A,V,RVCEU2,300,0,Net Value for Item
20,E,A,V,RVCXUS,300,0,Discount Amount
20,E,A,V,RVCXUS,900,0,Net Value 2
20,D,A,V,WWS001,920,0,VK-Brutto
20,D,A,V,WWS002,400,0,VK-Netto mit Kosten
20,D,A,V,WWS002,920,0,VK-Brutto
20,D,A,V,WWS003,400,0,VK (ohne Steuern)
20,D,A,V,WWS004,400,0,VK-Netto mit Kosten
20,D,A,V,ZCANBR,400,0,Bonusbasis
20,D,A,V,ZCANBR,920,0,Endbetrag
20,D,A,V,ZCANBR,950,0,Standard - CA /mit J
20,D,A,V,ZCANSA,400,0,Bonusbasis
20,D,A,V,ZCANSA,920,0,Endbetrag
20,D,A,V,ZCANSA,950,0,Standard - CA /mit J
20,D,A,V,ZCANSR,400,0,Bonusbasis
20,D,A,V,ZCANSR,920,0,Endbetrag
20,D,A,V,ZCANSR,950,0,Standard - CA /mit J
20,D,A,V,ZEPE01,400,0,Bonusbasis
20,D,A,V,ZEPE01,920,0,Endbetrag
20,D,A,V,ZEPE01,950,0,Deckungsbeitrag
20,D,A,V,ZESA01,400,0,Bonusbasis
20,D,A,V,ZESA01,800,0,Positionsnetto
20,D,A,V,ZESA01,950,0,Deckungsbeitrag
20,D,A,V,ZVAA01,400,0,Bonusbasis
20,D,A,V,ZVAA01,800,0,Positionsnetto
20,D,A,V,ZVAA01,950,0,Deckungsbeitrag
20,D,A,V,ZVAABR,400,0,Bonusbasis
20,D,A,V,ZVAABR,800,0,Positionsnetto
20,D,A,V,ZVAABR,950,0,Deckungsbeitrag
20,D,A,V,ZVAABT,400,0,Bonusbasis
20,D,A,V,ZVAABT,800,0,Positionsnetto
20,D,A,V,ZVAABT,950,0,Deckungsbeitrag
20,D,A,V,ZVAATU,400,0,Bonusbasis
20,D,A,V,ZVAATU,950,0,Deckungsbeitrag
20,E,A,V,ICAA01,400,0,Rebate basis
20,E,A,V,ICAA01,920,0,Total
20,E,A,V,ICAA01,950,0,Profit Margin
20,E,A,V,POS100,400,0,Minus Header Discounts
20,E,A,V,PREF00,800,0,Net Value for Item
20,E,A,V,PREP01,800,0,Net Value for Item
20,E,A,V,RVAA02,400,0,Rebate basis
20,E,A,V,RVAA02,920,0,Total Amount
20,E,A,V,RVAA02,950,0,Profit Margin
20,E,A,V,RVAACA,920,0,Total
20,E,A,V,RVAACA,950,0,Profit Margin
20,E,A,V,RVAACH,920,0,Total
20,E,A,V,RVAACH,950,0,Profit Margin
20,E,A,V,RVAACN,400,0,Rebate Basis
20,E,A,V,RVAACN,950,0,Profit Margin
20,E,A,V,RVAACO,400,0,Rebate basis
20,E,A,V,RVAACO,950,0,Profit Margin
20,E,A,V,RVAAHU,400,0,Rebate Basis
20,E,A,V,RVAAHU,920,0,Total
20,E,A,V,RVAAHU,950,0,Profit Margin
20,E,A,V,RVAAKZ,400,0,Rebate basis
20,E,A,V,RVAAKZ,920,0,Total Amount
20,E,A,V,RVAAKZ,950,0,Profit Margin
20,E,A,V,RVAAPL,400,0,Loans
20,E,A,V,RVAAPL,950,0,Profit Margin
20,E,A,V,RVAARU,400,0,Rebate Basis
20,E,A,V,RVAARU,920,0,Total
20,E,A,V,RVAARU,950,0,Profit Margin
20,E,A,V,RVAAUA,400,0,Rebate Basis
20,E,A,V,RVAAUA,800,0,Net Value for Item
20,E,A,V,RVAAUA,950,0,Profit Margin
20,E,A,V,RVAAUS,400,0,Rebate Basis
20,E,A,V,RVAAUS,920,0,Total
20,E,A,V,RVAAUS,950,0,Standard - USA /w/out Jur.Code
20,E,A,V,RVAAVE,400,0,Rebate basis
20,E,A,V,RVAAVE,950,0,Profit Margin
20,E,A,V,RVAB01,400,0,Total
20,E,A,V,RVAJUS,400,0,Rebate Basis
20,E,A,V,RVAJUS,920,0,Total
20,E,A,V,RVAJUS,950,0,Standard - USA /With Jur.Code
20,E,A,V,RVAXUD,400,0,Rebate basis
20,E,A,V,RVAXUD,920,0,Total Amount
20,E,A,V,ZRAB1Z,375,0,Base prices
20,E,A,V,ZRABTZ,375,0,Base prices
20,E,A,V,ZRBFSZ,375,0,Base prices
20,E,A,V,ZRBLLZ,375,0,Base Price
20,E,A,V,ZRBS1N,375,0,Base prices
20,E,A,V,ZRBS1Z,375,0,Base prices
20,E,A,V,ZRBS2N,375,0,Base prices
20,E,A,V,ZRBS2Z,375,0,Base prices
20,E,A,V,ZRBS3N,375,0,Base prices
20,E,A,V,ZRBS3Z,375,0,Base prices
20,E,A,V,ZRBSDZ,375,0,Base prices
20,E,A,V,ZRBSIN,375,0,Base prices
20,E,A,V,ZRBSIZ,375,0,Base prices
20,E,A,V,ZRPFAZ,375,0,Base prices
20,E,A,V,ZRST1Z,375,0,Base prices
20,E,A,V,ZRTESZ,375,0,Base prices
20,E,A,V,ZVAA01,908,0,Net Value 3
20,E,A,V,ZVAABR,908,0,Net Value 3
20,E,A,V,ZVAABT,908,0,Net Value 3
20,E,A,V,ZVAATU,908,0,Net Value 3
20,E,A,V,ZWBAB1,375,0,Base prices
20,E,A,V,ZWBABD,375,0,Base prices
20,E,A,V,ZWBABT,375,0,Base prices
20,E,A,V,ZWBBDY,375,0,Base prices
20,E,A,V,ZWBBSE,375,0,Base prices
20,E,A,V,ZWBBSI,375,0,Base prices
20,E,A,V,ZRBINS,375,0,Base prices
20,D,A,V,ZEPE0E,908,0,Nettowert 3
20,E,A,V,ZEPE0E,908,0,Net Value 3
20,E,A,V,ZRBSD1,375,0,Base prices
20,E,A,V,ZRBSDY,375,0,Base prices
20,D,A,V,ZESARE,908,0,Nettowert 3
20,E,A,V,ZESARE,908,0,Net Value 3
20,E,A,V,ZRBSDE,375,0,Base prices
20,D,A,V,ZEPP01,908,0,Nettowert 3
20,E,A,V,ZEPP01,908,0,Net Value 3
20,D,A,V,ZEPPRE,908,0,Nettowert 3
20,D,A,V,ZLPK01,908,0,Nettowert 3
20,D,A,V,ZLPKRE,908,0,Nettowert 3
20,E,A,V,ZEPPRE,908,0,Net Value 3
20,E,A,V,ZLPK01,908,0,Net Value 3
20,E,A,V,ZLPKRE,908,0,Net Value 3
20,D,A,V,ZEPC01,908,0,Nettowert 3
20,D,A,V,ZEPCRE,908,0,Nettowert 3
20,E,A,V,ZEPC01,908,0,Net Value 3
20,E,A,V,ZEPCRE,908,0,Net Value 3
20,S,A,V,ZEPE01,908,0,Valor neto 3
20,S,A,V,ZEPC01,908,0,Valor neto 3
20,D,A,V,ZMANBR,908,0,PreisInterneVerrProz
20,D,A,V,ZMANDC,908,0,PreisInterneVerrProz
20,D,A,V,ZMANSA,908,0,PreisInterneVerrProz
20,D,A,V,ZMANSR,908,0,PreisInterneVerrProz
20,E,A,V,ZRBS4Z,375,0,Base prices
20,F,A,V,ZRBS4Z,375,0,Base prices
20,덆,A,V,ZRBS4Z,375,0,Base prices
20,D,A,V,ZCANCS,908,0,PreisInterneVerrProz
20,D,A,V,ZEPDR1,908,0,Nettowert 3
20,D,A,V,ZEPC02,908,0,Nettowert 3
20,E,A,V,ZEPC02,908,0,Net Value 3
20,S,A,V,ZEPC02,908,0,Valor neto 3
20,D,A,V,ZVAABM,908,0,Nettowert 3
20,D,A,V,ZVAATM,908,0,Nettowert 3
20,E,A,V,ZVAABM,908,0,Net Value 3
20,E,A,V,ZVAATM,908,0,Net Value 3
20,E,A,V,ZRBSIS,375,0,Base prices
20,E,A,V,ZRBSIC,375,0,Base prices
20,E,A,V,ZRBSZZ,375,0,Base prices
20,F,A,V,JDEPOT,375,0,Base prices
20,F,A,V,JFACT,375,0,Base prices
20,F,A,V,JSTKTR,375,0,Base prices
20,F,A,V,RVAA02,908,0,Net value 3
20,F,A,V,RVAACN,908,0,Net Value 3
20,F,A,V,RVAACO,908,0,Net value 3
20,D,A,V,ZCANSR,820,0,Auftragswert
20,D,A,V,ZCANSR,910,0,State Sales Tax
20,D,A,V,ZCANSR,940,0,Verrechnungspreis
20,D,A,V,ZEPE01,20,0,Preis Brutto
20,D,A,V,ZEPE01,101,0,Aktion
20,D,A,V,ZEPE01,102,0,Aktion
20,D,A,V,ZEPE01,120,0,Variantenpreis
20,D,A,V,ZEPE01,820,0,Auftragswert
20,D,A,V,ZEPE01,910,0,PreisInterneVerrechn
20,D,A,V,ZEPE01,940,0,Verrechnungspreis
20,D,A,V,ZESA01,20,0,Preis Brutto
20,D,A,V,ZESA01,101,0,Aktion
20,D,A,V,ZESA01,102,0,Aktion
20,D,A,V,ZESA01,120,0,Variantenpreis
20,D,A,V,ZESA01,820,0,Auftragswert
20,D,A,V,ZESA01,910,0,PreisInterneVerrechn
20,D,A,V,ZESA01,940,0,Verrechnungspreis
20,D,A,V,ZPRUSA,101,0,Aktion
20,D,A,V,ZPRUSA,102,0,Aktion
20,D,A,V,ZPRUSA,820,0,Auftragswert
20,D,A,V,ZPRUSA,910,0,TaxJurDictionCode
20,D,A,V,ZPRUSA,940,0,Verrechnungspreis
20,D,A,V,ZVAA01,20,0,Preis Brutto
20,D,A,V,ZVAA01,101,0,Aktion
20,D,A,V,ZVAA01,102,0,Aktion
20,D,A,V,ZVAA01,120,0,Variantenpreis
20,D,A,V,ZVAA01,820,0,Auftragswert
20,D,A,V,ZVAA01,910,0,PreisInterneVerrechn
20,D,A,V,ZVAA01,940,0,Verrechnungspreis
20,D,A,V,ZVAABR,20,0,Preis Brutto
20,D,A,V,ZVAABR,101,0,Aktion
20,D,A,V,ZVAABR,102,0,Aktion
20,D,A,V,ZVAABR,120,0,Variantenpreis
20,D,A,V,ZVAABR,820,0,Auftragswert
20,D,A,V,ZVAABR,910,0,PreisInterneVerrechn
20,D,A,V,ZVAABR,940,0,Verrechnungspreis
20,D,A,V,ZVAABT,20,0,Preis Brutto
20,D,A,V,ZVAABT,101,0,Aktion
20,D,A,V,ZVAABT,102,0,Aktion
20,D,A,V,ZVAABT,120,0,Variantenpreis
20,D,A,V,ZVAABT,820,0,Auftragswert
20,D,A,V,ZVAABT,910,0,PreisInterneVerrechn
20,D,A,V,ZVAABT,940,0,Verrechnungspreis
20,D,A,V,ZVAATU,20,0,Preis Brutto
20,D,A,V,ZVAATU,101,0,Aktion
20,D,A,V,ZVAATU,102,0,Aktion
20,D,A,V,ZVAATU,120,0,Variantenpreis
20,D,A,V,ZVAATU,820,0,Auftragswert
20,D,A,V,ZVAATU,910,0,PreisInterneVerrechn
20,D,A,V,ZVAATU,940,0,Verrechnungspreis
20,D,A,V,ZVAGBT,940,0,Verrechnungspreis
20,E,A,V,JDEPOT,775,0,Price + taxes
20,E,A,V,JDEPOT,790,0,Total price
20,E,A,V,JFACT,775,0,Price + taxes
20,E,A,V,JFACT,790,0,Total price
20,E,A,V,JINDEP,210,0,base + ed
20,E,A,V,JINDEP,600,0,Base + ED + ST
20,E,A,V,JINFAC,210,0,base + ed
20,E,A,V,JINFAC,600,0,Base + ED + ST
20,E,A,V,JINSTO,210,0,base + ed
20,E,A,V,JSTKTR,790,0,Total price
20,E,A,V,PABR01,10,0,Settlement Price Header
20,E,A,V,PABR02,10,0,Settlement Price Item
20,E,A,V,PABR02,20,0,Test
20,E,A,V,POS100,200,0,Gross value
20,E,A,V,RVAACA,101,0,Special Offer
20,E,A,V,RVAACA,102,0,Special Offer
20,E,A,V,RVAACA,820,0,Order Value
20,E,A,V,RVAACA,910,0,SD Standard
20,E,A,V,RVAACA,940,0,Stock Price
20,E,A,V,RVAACH,101,0,Sales Promotion
20,E,A,V,RVAACH,102,0,Sales Promotion
20,E,A,V,RVAACH,820,0,Order Value
20,F,A,V,PABR02,20,0,Test
20,F,A,V,POS100,200,0,Gross value
20,F,A,V,RVAACA,101,0,Special Offer
20,F,A,V,RVAACA,102,0,Special Offer
20,F,A,V,RVAACA,820,0,Order Value
20,F,A,V,RVAACA,910,0,SD Standard
20,F,A,V,RVAACA,940,0,Stock Price
20,F,A,V,RVAACH,101,0,Sales Promotion
20,F,A,V,RVAACH,102,0,Sales Promotion
20,F,A,V,RVAACH,820,0,Order Value
20,F,A,V,RVAACH,910,0,SD Standard
20,F,A,V,RVAACH,940,0,Cost
20,F,A,V,RVAACN,200,0,Discount Amount
20,F,A,V,RVAAHU,101,0,Sales Promotion
20,F,A,V,RVAAHU,102,0,Sales Promotion
20,F,A,V,RVAAHU,820,0,Order Value
20,F,A,V,RVAAHU,910,0,SD Standard
20,F,A,V,RVAAHU,940,0,Cost
20,F,A,V,RVAAPL,600,0,Discount for purchase orders
20,F,A,V,RVAARU,101,0,Sales Promotion
20,F,A,V,RVAARU,102,0,Sales Promotion
20,F,A,V,RVAARU,820,0,Order Value
20,F,A,V,RVAARU,910,0,SD Standard
20,F,A,V,RVAARU,940,0,Cost
20,F,A,V,RVAAUS,101,0,Sales Promotion
20,F,A,V,RVAAUS,102,0,Sales Promotion
20,F,A,V,RVAAUS,820,0,Order Value
20,F,A,V,RVAAUS,910,0,SD Standard
20,F,A,V,RVAAUS,940,0,Cost
20,F,A,V,RVAB01,210,0,SD Standard incl. Sales Tax
20,F,A,V,RVAJUS,101,0,Sales Promotion
20,F,A,V,RVAJUS,102,0,Sales Promotion
20,F,A,V,RVAJUS,820,0,Order Value
20,F,A,V,RVAJUS,910,0,Tax Jurisdiction Code
20,F,A,V,RVAJUS,940,0,Cost
20,F,A,V,RVBRC,60,0,Price Without ICMS/IPI
20,F,A,V,RVBRC,115,0,100' Dummy
20,F,A,V,RVBRC,150,0,100' Dummy
20,F,A,V,RVBRC,160,0,Tax Base Calculation Factor
20,F,A,V,RVBRC,600,0,Brazilian Tax Calculation
20,F,A,V,RVBRC,700,0,Total Tax Amount
20,F,A,V,RVBRC,750,0,Invoice Value (ex. Sub.Trib.)
20,F,A,V,RVBRC,782,0,Subtotal
20,F,A,V,RVBRCE,60,0,Price Without ICMS/IPI
20,F,A,V,RVBRCE,115,0,100' Dummy
20,F,A,V,RVBRCE,150,0,100' Dummy
20,F,A,V,RVBRCE,160,0,Tax Base Calculation Factor
20,F,A,V,RVBRCE,600,0,Brazilian Tax Calculation
20,F,A,V,RVBRCE,700,0,Total Tax Amount
20,F,A,V,RVBRCE,750,0,Invoice Value (ex. Sub.Trib.)
20,F,A,V,RVBRCE,782,0,Subtotal
20,F,A,V,RVBRCF,60,0,Price Without ICMS/IPI
20,F,A,V,RVBRCF,115,0,100' Dummy
20,F,A,V,RVBRCF,150,0,100' Dummy
20,F,A,V,RVBRCF,160,0,Tax Base Calculation Factor
20,F,A,V,RVBRCF,600,0,Brazilian Tax Calculation
20,F,A,V,RVBRCF,700,0,Total Tax Amount
20,F,A,V,RVBRCF,750,0,Invoice Value (ex. Sub.Trib.)
20,F,A,V,RVBRCF,782,0,Subtotal
20,F,A,V,RVBRCK,60,0,Price Without ICMS/IPI
20,F,A,V,RVBRCK,115,0,100' Dummy
20,F,A,V,RVBRCK,150,0,100' Dummy
20,F,A,V,RVBRCK,160,0,Tax Base Calculation Factor
20,F,A,V,RVBRCK,600,0,Brazilian Tax Calculation
20,F,A,V,RVBRCK,700,0,Total Tax Amount
20,F,A,V,RVBRCK,750,0,Invoice Value (ex. Sub.Trib.)
20,F,A,V,RVBRCK,782,0,Subtotal
20,F,A,V,RVBRCL,60,0,Price Without ICMS/IPI
20,F,A,V,RVBRCL,115,0,100' Dummy
20,F,A,V,RVBRCL,150,0,100' Dummy
20,F,A,V,RVBRCL,160,0,Tax Base Calculation Factor
20,F,A,V,RVBRCL,600,0,Brazilian Tax Calculation
20,F,A,V,RVBRCL,700,0,Total Tax Amount
20,F,A,V,ZRBL3Z,775,0,Price + taxes
20,F,A,V,ZRBL3Z,782,0,Base Price For Discount
20,F,A,V,ZRBL3Z,790,0,Total price
20,F,A,V,ZRBLPC,775,0,Price + taxes
20,F,A,V,ZRBLPC,782,0,Base price for Discount
20,F,A,V,ZRBLPC,790,0,Total price
20,F,A,V,ZRBLPZ,775,0,Price + taxes
20,F,A,V,ZRBLPZ,782,0,Base price for Discount
20,F,A,V,ZRBLPZ,790,0,Total price
20,F,A,V,ZRBW1Z,775,0,Price + taxes
20,F,A,V,ZRBW1Z,782,0,Base Price For Discount
20,F,A,V,ZRBW1Z,790,0,Total price
20,F,A,V,ZRBW2Z,775,0,Price + taxes
20,F,A,V,ZRBW2Z,790,0,Total price
20,F,A,V,ZRBW3Z,775,0,Price + taxes
20,F,A,V,ZRBW3Z,782,0,Base Price For Discount
20,F,A,V,ZRBW3Z,790,0,Total price
20,F,A,V,ZRBWPC,775,0,Price + taxes
20,F,A,V,ZRBWPC,782,0,Base price for Discount
20,F,A,V,ZRBWPC,790,0,Total price
20,F,A,V,ZRBWPZ,775,0,Price + taxes
20,F,A,V,ZRBWPZ,782,0,Base price for Discount
20,F,A,V,ZRBWPZ,790,0,Total price
20,덆,A,V,ZRBL1Z,775,0,Price + taxes
20,덆,A,V,ZRBL1Z,782,0,Base Price For Discount
20,덆,A,V,ZRBL1Z,790,0,Total price
20,덆,A,V,ZRBL2Z,775,0,Price + taxes
20,덆,A,V,ZRBL2Z,790,0,Total price
20,덆,A,V,ZRBL3Z,775,0,Price + taxes
20,덆,A,V,ZRBL3Z,782,0,Base Price For Discount
20,덆,A,V,ZRBL3Z,790,0,Total price
20,덆,A,V,ZRBLPC,775,0,Price + taxes
20,덆,A,V,ZRBLPC,782,0,Base price for Discount
20,덆,A,V,ZRBLPC,790,0,Total price
20,덆,A,V,ZRBLPZ,775,0,Price + taxes
20,덆,A,V,ZRBLPZ,782,0,Base price for Discount
20,덆,A,V,ZRBLPZ,790,0,Total price
20,덆,A,V,ZRBW1Z,775,0,Price + taxes
20,덆,A,V,ZRBW1Z,782,0,Base Price For Discount
20,덆,A,V,ZRBW1Z,790,0,Total price
20,덆,A,V,ZRBW2Z,775,0,Price + taxes
20,덆,A,V,ZRBW2Z,790,0,Total price
20,덆,A,V,ZRBW3Z,775,0,Price + taxes
20,덆,A,V,ZRBW3Z,782,0,Base Price For Discount
20,덆,A,V,ZRBW3Z,790,0,Total price
20,덆,A,V,ZRBWPC,775,0,Price + taxes
20,덆,A,V,ZRBWPC,782,0,Base price for Discount
20,덆,A,V,ZRBWPC,790,0,Total price
20,덆,A,V,ZRBWPZ,775,0,Price + taxes
20,덆,A,V,ZRBWPZ,782,0,Base price for Discount
20,덆,A,V,ZRBWPZ,790,0,Total price
20,D,A,V,ZEMX01,20,0,Preis Brutto
20,D,A,V,ZEMX01,101,0,Aktion
20,D,A,V,ZEMX01,102,0,Aktion
20,D,A,V,ZEMX01,120,0,Variantenpreis
20,D,A,V,ZEMX01,820,0,Auftragswert
20,D,A,V,ZEMX01,910,0,PreisInterneVerrechn
20,D,A,V,ZEMX01,930,0,Skonto
20,D,A,V,ZEMX01,940,0,Verrechnungspreis
20,D,A,V,ZEPE01,914,0,Skonto
20,D,A,V,ZVAATU,914,0,Skonto
20,E,A,V,RVAJUS,914,0,Tax Jurisdiction Code
20,E,A,V,ZBAB1Z,425,0,Base prices + E.Tax
20,E,A,V,ZBABTZ,425,0,Base prices + E.Tax
20,E,A,V,ZMRPFS,425,0,Base prices + E.Tax
20,E,A,V,ZPABTD,425,0,Base prices + E.Tax
20,E,A,V,ZPRAB1,425,0,Base prices + E.Tax
20,E,A,V,ZPRABT,425,0,Base prices + E.Tax
20,E,A,V,ZPRBDY,425,0,Base prices + E.Tax
20,E,A,V,ZPRBFS,425,0,Base prices + E.Tax
20,E,A,V,ZPRBS1,425,0,Base prices + E.Tax
20,E,A,V,ZPRBS2,425,0,Base prices + E.Tax
20,E,A,V,ZPRBS3,425,0,Base prices + E.Tax
20,D,A,V,ZCANSA,105,0,Material
20,D,A,V,ZCANSA,106,0,Preisgruppe
20,D,A,V,ZCANSA,107,0,Materialgruppe
20,D,A,V,ZCANSA,108,0,Kunde/MatGrp
20,D,A,V,ZCANSA,109,0,Preisgrp/MatGrp
20,D,A,V,ZCANSA,111,0,Hierarchie
20,D,A,V,ZCANSA,112,0,Hierarchie/Material
20,D,A,V,ZCANSA,302,0,Preis
20,D,A,V,ZCANSA,310,0,Preis Netto
20,D,A,V,ZCANSA,320,0,Mindestpreis
20,D,A,V,ZCANSA,815,0,Fracht
20,D,A,V,ZCANSA,890,0,Skonto
20,D,A,V,ZCANSA,901,0,Gruppenbonus
20,D,A,V,ZCANSA,902,0,Materialbonus
20,D,A,V,ZCANSA,903,0,Kundenbonus
20,D,A,V,ZCANSA,904,0,Hierarchiebonus
20,D,A,V,ZCANSA,905,0,Hierarchiebonus/Mat
20,D,A,V,ZCANSA,909,0,PreisInterneVerrechn
20,D,A,V,ZCANSA,911,0,Tax Jur Code Level 1
20,D,A,V,ZCANSA,912,0,Tax Jur Code Level 2
20,D,A,V,ZCANSA,932,0,Delkredere
20,D,A,V,ZCANSA,970,0,Erwart. Kundenpreis
20,D,A,V,ZCANSA,971,0,Erwart. Kundenwert
20,D,A,V,ZCANSR,11,0,Preis
20,D,A,V,ZCANSR,13,0,Preis Brutto
20,D,A,V,ZCANSR,103,0,Kunde/Material
20,D,A,V,ZCANSR,104,0,Kundenrabatt
20,D,A,V,ZCANSR,105,0,Material
20,D,A,V,ZCANSR,106,0,Preisgruppe
20,D,A,V,ZCANSR,107,0,Materialgruppe
20,D,A,V,ZCANSR,108,0,Kunde/MatGrp
20,D,A,V,ZCANSR,109,0,Preisgrp/MatGrp
20,D,A,V,ZCANSR,111,0,Hierarchie
20,D,A,V,ZCANSR,112,0,Hierarchie/Material
20,D,A,V,ZCANSR,302,0,Preis
20,D,A,V,ZCANSR,310,0,Preis Netto
20,D,A,V,ZCANSR,320,0,Mindestpreis
20,D,A,V,ZCANSR,815,0,Fracht
20,D,A,V,ZCANSR,890,0,Skonto
20,D,A,V,ZCANSR,901,0,Gruppenbonus
20,D,A,V,ZCANSR,902,0,Materialbonus
20,D,A,V,ZCANSR,903,0,Kundenbonus
20,D,A,V,ZCANSR,904,0,Hierarchiebonus
20,D,A,V,ZCANSR,905,0,Hierarchiebonus/Mat
20,D,A,V,ZCANSR,909,0,PreisInterneVerrechn
20,D,A,V,ZCANSR,911,0,Tax Jur Code Level 1
20,D,A,V,ZCANSR,912,0,Tax Jur Code Level 2
20,D,A,V,ZCANSR,915,0,Rundung
20,D,A,V,ZCANSR,932,0,Delkredere
20,D,A,V,ZCANSR,970,0,Erwart. Kundenpreis
20,D,A,V,ZCANSR,971,0,Erwart. Kundenwert
20,D,A,V,ZEPE01,8,0,Istkosten
20,D,A,V,ZEPE01,909,0,PreisInterneVerrProz
20,D,A,V,ZEPE01,915,0,Ausgangssteuer
20,D,A,V,ZEPE01,919,0,Rundung
20,D,A,V,ZEPE01,941,0,Herstellkosten
20,D,A,V,ZESA01,8,0,Istkosten
20,D,A,V,ZESA01,909,0,PreisInterneVerrProz
20,D,A,V,ZESA01,914,0,Skonto
20,D,A,V,ZESA01,915,0,Ausgangssteuer
20,D,A,V,ZESA01,919,0,Rundung
20,D,A,V,ZESA01,941,0,Herstellkosten
20,D,A,V,ZPRUSA,810,0,Auftragswert
20,D,A,V,ZVAA01,8,0,Istkosten
20,D,A,V,ZVAA01,909,0,PreisInterneVerrProz
20,D,A,V,ZVAA01,914,0,Skonto
20,D,A,V,ZVAA01,915,0,Ausgangssteuer
20,D,A,V,ZVAA01,919,0,Rundung
20,D,A,V,ZVAA01,941,0,Herstellkosten
20,D,A,V,ZVAABR,8,0,Istkosten
20,D,A,V,ZVAABR,909,0,PreisInterneVerrProz
20,D,A,V,ZVAABR,914,0,Skonto
20,D,A,V,ZVAABR,915,0,Ausgangssteuer
20,F,A,V,RVCEU2,530,0,Profit Margin
20,F,A,V,VKP001,15,0,Price
20,F,A,V,VKP001,105,0,Customer Discount
20,F,A,V,VKP001,960,0,Basic Amount Incl. Taxes
20,F,A,V,VKP001,965,0,End Amount Incl. Taxes
20,F,A,V,VKP001,970,0,Basic Amount Excl. Taxes
20,F,A,V,VKP001,975,0,Final Amount Incl. Taxes
20,F,A,V,VKP001,980,0,Final Amount Excl. Taxes
20,F,A,V,WMP001,30,0,Gross Price
20,F,A,V,WWS001,11,0,Net/Net PP IS-R
20,F,A,V,WWS001,110,0,VKP Calculation Surcharge
20,F,A,V,WWS001,350,0,Test
20,F,A,V,WWS001,390,0,Rounding
20,F,A,V,WWS002,11,0,Net/Net PP IS-R
20,F,A,V,WWS002,110,0,VKP Calculation Surcharge
20,F,A,V,WWS002,350,0,Sales Costs ISR
20,F,A,V,WWS002,450,0,Output tax
20,F,A,V,WWS002,550,0,Gross price
20,F,A,V,WWS003,550,0,Gross price
20,F,A,V,ZBAB1Z,250,0,MRP - Abatement
20,F,A,V,ZBAB1Z,450,0,Copy of PTS
20,F,A,V,ZBABTZ,250,0,MRP - Abatement
20,F,A,V,ZBABTZ,450,0,Copy of PTS
20,F,A,V,ZPABTD,250,0,MRP - Abatement
20,F,A,V,ZPRAB1,250,0,MRP - Abatement
20,F,A,V,ZPRAB1,450,0,Copy of PTS
20,F,A,V,ZPRABT,250,0,MRP - Abatement
20,F,A,V,ZPRABT,450,0,Copy of PTS
20,F,A,V,ZPRBLL,475,0,Base prices  + BED
20,F,A,V,ZPRBLL,525,0,BASE+BED+AED
20,F,A,V,ZPRBLL,575,0,Base + BED+AED+SED
20,F,A,V,ZPRBLL,625,0,Base + BED+AED+SED+cess+
20,F,A,V,ZPRBLL,670,0,Base + BED+AED+SED+cess+ecs
20,F,A,V,ZPRBLL,675,0,Base+BED+AED+SED+cess+ecs+sch
20,F,A,V,ZPRBSD,475,0,Base prices  + BED
20,F,A,V,ZPRBSD,525,0,BASE+BED+AED
20,F,A,V,ZPRBSD,575,0,BASE+BED+AED+SED
20,F,A,V,ZPRBSD,625,0,BASE+BED+AED+SED+CESS
20,F,A,V,ZPRBSD,665,0,A/R SEC&HR.ECS-
20,F,A,V,ZPRBSD,670,0,Base+BED+AED+SED+cess+ecs
20,F,A,V,ZPRBSD,675,0,Base+BED+AED+SED+cess+ecs+Seh
20,F,A,V,ZPRBSE,475,0,Base prices  + BED
20,F,A,V,ZPRBSE,525,0,BASE+BED+AED
20,F,A,V,ZPRBSE,575,0,Base + BED+AED+SED
20,F,A,V,ZPRBSE,610,0,Base+BED+AED+SED+cess
20,F,A,V,ZPRBSE,625,0,Base+BED+AED+SED+cess+EC+ET
20,F,A,V,ZPRBSI,777,0,Price + taxes+ Free PTS
20,F,A,V,ZPRFCU,475,0,Base prices  + BED
20,F,A,V,ZPRFCU,525,0,BASE+BED+AED
20,F,A,V,ZPRFCU,575,0,BASE+BED+AED+SED
20,F,A,V,ZPRFCU,625,0,BASE+BED+AED+SED+CESS
20,F,A,V,ZPRFCU,670,0,Base+BED+AED+SED+cess+ecs
20,F,A,V,ZPRFCU,675,0,Base+BED+AED+SED+cess+ecs+Seh
20,F,A,V,ZPRST1,475,0,Base prices  + BED
20,F,A,V,ZPRST1,525,0,BASE+BED+AED
20,F,A,V,ZPRST1,575,0,Base + BED+AED+SED
20,F,A,V,ZPRST1,625,0,Base + BED+AED+SED+cess+
20,F,A,V,ZPRST1,670,0,Base + BED+AED+SED+cess+ecs
20,F,A,V,ZPRST1,675,0,Base+BED+AED+SED+cess+ecs+sch
20,F,A,V,ZPRST2,475,0,Base prices  + BED
20,F,A,V,ZPRST2,525,0,BASE+BED+AED
20,F,A,V,ZPRST2,575,0,Base + BED+AED+SED
20,F,A,V,ZPRST2,625,0,Base + BED+AED+SED+cess+
20,F,A,V,ZPRST2,670,0,Base + BED+AED+SED+cess+ecs
20,F,A,V,ZPRST2,675,0,Base+BED+AED+SED+cess+ecs+sch
20,F,A,V,ZPRTES,420,0,Basic price+BED
20,F,A,V,ZPRTES,445,0,Basic price+BED+Ecess
20,F,A,V,ZPRTES,450,0,Basic price+BED+Ecess+SEcess
20,F,A,V,ZPRTES,465,0,Basic price+ED+Taxes
20,F,A,V,ZRAB1Z,250,0,MRP - Abatement
20,F,A,V,ZRAB1Z,450,0,Copy of PTS
20,F,A,V,ZRABTZ,250,0,MRP - Abatement
20,F,A,V,ZRABTZ,450,0,Copy of PTS
20,E,A,TX,TAXUSX,240,0,A/P Sales Tax 4 Inv.
20,E,A,TX,TAXUSX,250,0,A/P Sales Tax 5 Inv.
20,E,A,TX,TAXUSX,260,0,A/P Sales Tax 6 Inv.
20,E,A,TX,TAXUSX,300,0,Expensed
20,E,A,TX,TAXUSX,310,0,A/P Sales Tax 1 Exp.
20,E,A,TX,TAXUSX,320,0,A/P Sales Tax 2 Exp.
20,E,A,TX,TAXUSX,330,0,A/P Sales Tax 3 Exp.
20,E,A,TX,TAXUSX,340,0,A/P Sales Tax 4 Exp.
20,E,A,TX,TAXUSX,350,0,A/P Sales Tax 5 Exp
20,E,A,TX,TAXUSX,360,0,A/P Sales Tax 6 Exp
20,E,A,TX,TAXUSX,400,0,Self-assessment
20,E,A,TX,TAXUSX,410,0,A/P Sales Tax 1 Use
20,E,A,TX,TAXUSX,420,0,A/P Sales Tax 2 Use
20,E,A,TX,TAXUSX,430,0,A/P Sales Tax 3 Use
20,E,A,TX,TAXUSX,440,0,A/P Sales Tax 4 Use
20,E,A,TX,TAXUSX,450,0,A/P Sales Tax 5 Use
20,E,A,TX,TAXUSX,460,0,A/P Sales Tax 6 Use
20,E,A,TX,TAXUSX,500,0,Accrued
20,E,A,TX,TAXUSX,510,0,A/R Sales Tax 1
20,E,A,TX,TAXUSX,520,0,A/R Sales Tax 2
20,E,A,TX,TAXUSX,530,0,A/R Sales Tax 3
20,E,A,TX,TAXUSX,540,0,A/R Sales Tax 4
20,E,A,TX,TAXUSX,550,0,A/R Sales Tax 5
20,E,A,TX,TAXUSX,560,0,A/R Sales Tax 6
20,F,A,TX,TAXBRC,25,0,Base + Discount
20,F,A,TX,TAXBRC,30,0,10^n of the Base
20,F,A,TX,TAXBRC,35,0,Recall Discount  <BDIS>
20,F,A,TX,TAXBRC,40,0,Discount Rate   (*10^n)
20,F,A,TX,TAXBRC,99,0,====  ICMS Industrialization =
20,F,A,TX,TAXBRC,120,0,10^n
20,F,A,TX,TAXBRC,125,0,Net value + ICMS (iic)
20,F,A,TX,TAXBRC,130,0,Recall ICMS Rate*Base
20,F,A,TX,TAXBRC,135,0,10^n
20,F,A,TX,TAXBRC,140,0,(Net+Disc) Incl. ICMS
20,F,A,TX,TAXBRC,145,0,Discount Incl. ICMS
20,F,A,TX,TAXBRC,155,0,ICMS Amount
20,F,A,TX,TAXBRC,165,0,Net value + ICMS
20,F,A,TX,TAXBRC,170,0,Calculate excl./oth. base ICMS
20,F,A,TX,TAXBRC,190,0,ICMS Exempt Industr.
20,F,A,TX,TAXBRC,195,0,ICMS Ind.Clear.Off.
20,F,A,TX,TAXBRC,205,0,==== IPI Calculation =========
20,F,A,TX,TAXBRC,210,0,Net+Disc+(ICMS if active)
20,F,A,TX,TAXBRC,220,0,(Net+Disc) incl. ICMS
20,F,A,TX,TAXBRC,250,0,Net value + ICMS
20,F,A,TX,TAXBRC,255,0,Net+ ICMS + IPI
20,F,A,TX,TAXBRC,265,0,Net+ ICMS (+ IPI if active)
20,F,A,TX,TAXBRC,294,0,==== ICMS over IPI ===========
20,F,A,TX,TAXBRC,295,0,Recall 10^n
20,F,A,TX,TAXBRC,300,0,Recall IPI Rate_fn * 10^n
20,F,A,TX,TAXBRC,305,0,Sum  10°n * (1 + IPI Rate FN)
20,F,A,TX,TAXBRC,310,0,(1+ IPI fn - disrate) * 10^n
20,F,A,TX,TAXBRC,325,0,Discount Rate
20,F,A,TX,TAXBRC,330,0,Total
20,F,A,TX,TAXBRC,335,0,Recall 10^n
20,F,A,TX,TAXBRC,340,0,iic
20,F,A,TX,TAXBRC,345,0,Recall 10^n
20,F,A,TX,TAXBRC,350,0,ICMS Cons. w/o Discount
20,F,A,TX,TAXBRC,360,0,Net+Disc. (+ICMS if active)
20,F,A,TX,TAXBRC,375,0,Recall ICMS Consumption
20,F,A,TX,TAXBRC,380,0,Net+ICMS+IPI Consumption
20,F,A,TX,TAXBRC,385,0,Recall ICMS Cons.
20,F,A,TX,TAXBRC,390,0,ICMS Amount Consumption
20,F,A,TX,TAXBRC,400,0,ICMS w/o IPI if IPI Not Active
20,F,A,TX,TAXBRC,415,0,Net+Disc. (+ICMS if active)
20,F,A,TX,TAXBRC,435,0,Icms
20,F,A,TX,TAXBRC,445,0,Recall iicip
20,F,A,TX,TAXBRC,446,0,Get 440
20,F,A,TX,TAXBRC,460,0,ICMS Exempt Consumption
20,F,A,TX,TAXBRC,500,0,==== Begin of Subtrib =====
20,F,A,TX,TAXBRC,505,0,Indus.: Net+ ICMS (+ IPI ?)
20,F,A,TX,TAXBRC,510,0,Take Amount Cons. or Indus.
20,F,A,TX,TAXBRC,520,0,Get 515
20,F,A,TX,TAXBRC,555,0,Calc. Base SubTrib Indus.
20,D,A,TX,TAXTW,100,0,Basisbetrag
20,D,A,TX,TAXVE,100,0,Basisbetrag
20,D,A,TX,ZTAXAU,100,0,
20,D,A,TX,ZTAXMX,100,0,
20,D,A,W,WWS000,100,0,WWS-Standard
20,E,A,CR,CRP001,10,0,Basic Price
20,E,A,CR,CRP001,20,0,Price Multiplier
20,E,A,CR,CRP002,20,0,
20,E,A,CR,CRP002,40,0,
20,E,A,CR,CRP003,20,0,HPM COPAS #23
20,E,A,KA,A00000,20,0,Material OH
20,E,A,KA,A00000,40,0,Wages
20,E,A,KA,A00000,100,0,Cost of goods sold...
20,E,A,KA,A00001,20,0,Material OH/OH surcharge
20,E,A,KA,A00001,40,0,Wages
20,E,A,KA,A00001,100,0,Cost of goods sold...
20,E,A,KA,A00002,20,0,Material OH/plant
20,E,A,KA,A00002,40,0,Wages
20,E,A,KA,A00002,100,0,Cost of goods sold...
20,E,A,KA,A00003,20,0,Material OH/CCode
20,E,A,KA,A00003,40,0,Wages
20,E,A,KA,A00003,100,0,Cost of goods sold...
20,E,A,KA,A00004,20,0,Material OH/BArea
20,E,A,KA,A00004,40,0,Wages
20,E,A,KA,A00004,100,0,Cost of goods sold...
20,E,A,KA,A00005,20,0,Material OH/OType
20,E,A,KA,A00005,40,0,Wages
20,E,A,KA,A00005,100,0,Cost of goods sold...
20,E,A,KA,A00006,10,0,Material
20,E,A,KA,A00006,20,0,Material OH/OType
20,E,A,KA,A00006,40,0,Wages
20,E,A,KA,A00006,100,0,Cost of goods sold...
20,E,A,KA,A00007,10,0,Material
20,E,A,KA,A00007,20,0,Material OH
20,E,A,KA,A00007,40,0,Wages
20,E,A,KA,A00007,100,0,Cost of Goods Sold...
20,E,A,KA,PP-PC1,20,0,Material OH
20,E,A,KA,PP-PC1,40,0,Production
20,E,A,KA,PP-PC2,20,0,Material OH
20,E,A,KA,PP-PC2,40,0,Production
20,E,A,KA,PP-PC2,100,0,Cost of goods sold
20,E,A,KA,PP-PC3,20,0,Administration OH
20,E,A,KA,PP-PC3,40,0,Cost of goods sold
20,E,A,KA,Z001,20,0,Yield Adjustment
20,E,A,KA,Z001,40,0,Yield Adjustment-Lab
20,E,A,M,JIMPOR,20,0,Net value incl. disc.
20,E,A,M,JIMPOR,40,0,Actual value
20,E,A,M,JRM000,20,0,Net value incl. disc.
20,E,A,M,JRM000,40,0,Actual value
20,E,A,M,RM0000,20,0,Net value incl. disc.
20,E,A,M,RM0000,40,0,Actual price
20,E,A,M,RM0002,20,0,Net value incl. disc.
20,E,A,M,RM0002,40,0,Actual price
20,E,A,M,RM1000,20,0,Net value incl. disc.
20,E,A,M,RM1000,40,0,Effective value
20,E,A,M,RM1002,20,0,Net value incl. disc.
20,E,A,M,RM1002,40,0,Effective value
20,E,A,M,RM2000,100,0,Freight/quantity
20,E,A,M,RM5000,100,0,Rebates
20,E,A,M,RMISR1,10,0,Gross value
20,E,A,M,RMMP00,20,0,Market Price
20,E,A,M,XFIN,100,0,Net including discount
20,E,A,M,ZEPLD,100,0,Base for octroi
20,E,A,M,ZEPLD1,100,0,Base for octroi
20,E,A,M,ZIMPR2,40,0,Basic Price
20,E,A,M,ZIMPR3,20,0,Basic customs( BCD)
20,E,A,M,ZIMPR3,40,0,
20,E,A,M,ZIMPR8,40,0,Basic Price
20,E,A,M,ZPRAU,100,0,Net including discount
20,E,A,M,ZPRBR,100,0,Net including discount
20,E,A,M,ZPRDOM,100,0,Net including discount
20,E,A,M,ZPREPE,100,0,Net including discount
20,E,A,M,ZPRMEN,100,0,Net including discount
20,E,A,KA,A00005,50,0,Manuf.OH/OType
20,E,A,KA,A00005,60,0,Manufacturing costs...
20,E,A,KA,A00005,70,0,Cost of goods manufactured...
20,E,A,KA,A00005,80,0,Admin.OH/OType
20,E,A,KA,A00005,90,0,Sales OH/OType
20,E,A,KA,A00006,30,0,Material usage......
20,E,A,KA,A00006,45,0,Salaries
20,E,A,KA,A00006,50,0,Manuf.OH/OType
20,E,A,KA,A00006,60,0,Manufacturing costs...
20,E,A,KA,A00006,70,0,Cost of goods manufactured...
20,E,A,KA,A00006,80,0,Admin.OH/OType
20,E,A,KA,A00006,90,0,Sales OH/OType
20,E,A,KA,A00007,30,0,Material Usage......
20,E,A,KA,A00007,45,0,Salaries
20,E,A,KA,A00007,50,0,Manufacturing OH
20,E,A,KA,A00007,60,0,Manufacturing costs...
20,E,A,KA,A00007,70,0,Cost of Goods Manufactured...
20,E,A,KA,A00007,80,0,Administration OH
20,E,A,KA,A00007,90,0,Sales OH
20,E,A,KA,PP-PC1,10,0,Material
20,E,A,KA,PP-PC1,30,0,Material usage
20,E,A,KA,PP-PC1,50,0,Manufacturing OH
20,E,A,KA,PP-PC1,60,0,Manufacturing costs
20,E,A,KA,PP-PC1,70,0,Cost of goods manufactured
20,E,A,KA,PP-PC2,30,0,Material usage
20,E,A,KA,PP-PC2,50,0,Manufacturing OH
20,E,A,KA,PP-PC2,60,0,Manufacturing costs
20,E,A,KA,PP-PC2,70,0,Cost of goods manufactured
20,E,A,KA,PP-PC2,80,0,Administration OH
20,E,A,KA,PP-PC2,90,0,Sales OH
20,E,A,KA,PP-PC3,10,0,Sales in plant generation
20,E,A,KA,PP-PC3,30,0,Sales OH
20,E,A,KA,Z001,10,0,Material
20,E,A,KA,Z001,30,0,Production
20,E,A,KE,ZSTP,10,0,Std Cost for COPA
20,E,A,M,JIMPOR,22,0,Net value incl. tax
20,E,A,M,JRM000,22,0,Net value incl. tax
20,E,A,M,RM0000,5,0,Gold surcharge
20,E,A,M,RM0000,22,0,Net value incl. tax
20,E,A,M,RM0001,10,0,
20,E,A,M,RM0002,5,0,Test
20,E,A,M,RM0002,10,0,
20,E,A,M,RM1000,22,0,Net value incl. tax
20,E,A,M,RM1002,22,0,Net value incl. tax
20,E,A,M,RM2000,50,0,
20,E,A,M,RM2000,200,0,Delivery costs
20,E,A,M,RM5000,200,0,Material rebate
20,E,A,M,RM5000,800,0,Net Revenue
20,E,A,M,RM5000,900,0,Tax on Sales or Purchases
20,E,A,M,RM5001,800,0,Net Revenue
20,E,A,M,RM6000,200,0,Net value
20,E,A,M,RM6000,700,0,Total Amount
20,E,A,M,RM6001,200,0,Net value
20,E,A,M,RM6001,400,0,Gross value
20,E,A,M,RM6001,700,0,Total Amount
20,E,A,M,RM6002,200,0,Net value
20,E,A,M,RM6002,400,0,Gross value
20,E,A,M,RM6002,700,0,Total Amount
20,E,A,M,RMIMP0,10,0,Transaction value
20,E,A,M,RMIMP0,30,0,Gross value total
20,E,A,M,RMIMP0,60,0,Transaction value
20,E,A,M,RMIMP0,120,0,Customs duty
20,E,A,M,RMIMP0,130,0,Import total value
20,E,A,M,RMISR1,5,0,Gross price
20,E,A,M,RMISR1,110,0,Scheduled Mark-up
20,E,A,M,RMISR1,120,0,Net value incl. disc.
20,E,A,M,RMISR1,140,0,Effective value
20,E,A,M,RMISR1,300,0,Sales Price inc. Tax
20,E,A,M,RMISR1,310,0,Sales Price excl. Tax
20,E,A,M,RMREGU,200,0,Net value
20,E,A,M,RMREGU,400,0,Final amount incl. tax
20,E,A,M,RMREGU,900,0,Effective value incl. tax
20,E,A,M,XFIN,60,0,Basic Price
20,E,A,M,ZPRUSA,145,0,Sub Total
20,E,A,M,ZPRUSA,620,0,Total Stock Value
20,E,A,TX,TAXAR,250,0,Subtotal
20,E,A,TX,TAXB,170,0,Acquisition Tax Cred
20,E,A,TX,TAXF,160,0,
20,E,A,TX,TAXINJ,250,0,IN: Service tax cred
20,E,A,TX,TAXINJ,550,0,IN: AR LST Surcharg
20,E,A,TX,TAXINJ,590,0,Price + ED
20,E,A,TX,TAXINJ,600,0,Net price(BP)
20,E,A,TX,TAXINN,600,0,Net price + ED + ST
20,E,A,TX,TAXMX,160,0,
20,E,A,TX,ZDUBAI,590,0,Price + ED
20,E,A,TX,ZDUBAI,600,0,Net price(BP)
20,E,A,TX,ZTAXEM,588,0,Copy net price
20,E,A,TX,ZTAXEM,590,0,Price + ED
20,E,A,TX,ZTAXIN,222,0,ED for Ecess Setoff-
20,E,A,TX,ZTAXIN,223,0,ED for Ecess Inventory-
20,E,A,TX,ZTAXIN,234,0,Excise Duty w/o Ecess
20,E,A,TX,ZTAXIN,235,0,Total Duties
20,E,A,TX,ZTAXIN,236,0,Base
20,E,A,TX,ZTAXIN,237,0,Base+Total Duties
20,E,A,TX,ZTAXIN,270,0,SET OFF+LST (TOTAL) OR CST(TOT
20,E,A,TX,ZTAXIN,515,0,sub total
20,E,A,TX,ZTAXIN,585,0,Total excise duty
20,E,A,TX,ZTAXIN,588,0,Copy net price
20,E,A,TX,ZTXINJ,215,0,BASE+all duties
20,E,A,TX,ZTXINJ,515,0,sub total
20,E,A,TX,ZTXINJ,585,0,Total excise duty
20,E,A,TX,ZTXINJ,588,0,Copy net price
20,E,A,TX,ZTXINJ,590,0,Price + ED
20,E,A,TX,ZTXINN,265,0,Total A/P Service Tax
20,E,A,TX,ZTXINN,266,0,Base Total
20,E,A,TX,ZTXINN,290,0,Total A/p Service Tax
20,E,A,TX,ZTXINN,291,0,Base Amount
20,E,A,TX,ZTXINN,292,0,Total Base Amount + A/p ST
20,E,A,TX,ZTXINN,585,0,Total Excise Duty
20,E,A,TX,ZTXINN,588,0,Copy Net Price
20,E,A,TX,ZTXINN,589,0,Price + ED
20,E,A,TX,ZTXINN,621,0,Basis for Sale Tax
20,E,A,TX,ZTXINN,680,0,Basic Price + Total Excise
20,E,A,TX,ZTXINN,681,0,Total Ecess + Secess
20,E,A,TX,ZTXINN,682,0,Basic Price+ Excies+ Ecess
20,E,A,TX,ZTXINN,710,0,Total Taxes
20,E,A,TX,ZTXINN,740,0,Base Amt + Old taxes
20,E,A,TX,ZTXINN,750,0,Total Incl All Taxes
20,E,A,M,ZPRUSA,336,0,Total Value with discount
20,E,A,TX,ZTXINN,780,0,Total
20,E,A,KA,Z001,61,0,Other OH -LL Plant
20,E,A,KA,Z001,63,0,Other OH -Plant_EP04
20,E,A,KA,Z001,64,0,Other OH -Plant_EP04
20,E,A,KA,Z001,66,0,Other OH -Plant_EP18
20,E,A,KA,Z001,67,0,Other OH -Plant_EP18
20,E,A,KA,Z001,69,0,Other OH -Plant_EP16
20,E,A,KA,Z001,72,0,Other OH -Plant_EP24
20,E,A,KA,Z001,73,0,Other OH -Plant_EP24
20,E,A,KA,Z001,75,0,Other OH -Plant_EP26
20,E,A,KA,Z001,76,0,Other OH -Plant_EP26
20,E,A,KA,Z001,78,0,Other OH -Plant_EP27
20,E,A,KA,Z001,81,0,Other OH -Plant_EP22
20,E,A,KA,Z001,82,0,Other OH -Plant_EP22
20,E,A,KA,Z001,84,0,Other OH -Plant_EP28
20,E,A,KA,Z001,85,0,Other OH -Plant_EP28
20,E,A,KA,Z001,86,0,Other OH -Plant_EP29
20,E,A,KA,Z001,87,0,Other OH -Plant_EP29
20,F,A,KA,Z001,86,0,Other OH -Plant_EP28
20,F,A,KA,Z001,87,0,Other OH -Plant_EP28
20,F,A,CR,CRP001,315,0,Price incl freight & transport
20,F,A,CR,CRP001,325,0,
20,F,A,CR,CRP001,330,0,Tangible Costs
20,F,A,CR,CRP001,335,0,
20,F,A,CR,CRP001,999,0,Replacement Price JV SCHEMA
20,F,A,CR,CRP002,35,0,
20,F,A,CR,CRP002,999,0,Wholly Owned Replacement Price
20,F,A,M,ZPRPHP,620,0,Total Stock Value
20,F,A,M,ZPRSA,145,0,Sub Total
20,F,A,M,ZPRSA,420,0,Total
20,F,A,M,ZPRSA,450,0,Total Insurance
20,F,A,M,ZPRSA,530,0,Sub Total Before ED
20,F,A,M,ZPRSA,550,0,Total of PF After Taxes
20,F,A,M,ZPRSA,570,0,Total Insurance Value
20,F,A,M,ZPRSA,620,0,Total Stock Value
20,F,A,M,ZPRTII,145,0,Sub Total
20,F,A,M,ZPRTII,420,0,Total
20,F,A,M,ZPRTII,450,0,Total Insurance
20,F,A,M,ZPRTII,530,0,Sub Total Before ED
20,F,A,M,ZPRTII,550,0,Total of PF After Taxes
20,F,A,M,ZPRTII,570,0,Total Insurance Value
20,F,A,M,ZPRTII,620,0,Total Stock Value
20,F,A,M,ZPRTLM,145,0,Sub Total
20,F,A,M,ZPRTLM,420,0,Total
20,F,A,M,ZPRTLM,450,0,Total Insurance
20,F,A,M,ZPRTLM,530,0,Sub Total Before ED
20,F,A,M,ZPRTLM,550,0,Total of PF After Taxes
20,F,A,M,ZPRTLM,570,0,Total Insurance Value
20,F,A,M,ZPRTLM,620,0,Total Stock Value
20,F,A,M,ZPRTLU,145,0,Sub Total
20,F,A,M,ZPRTLU,420,0,Total
20,F,A,M,ZPRTLU,450,0,Total Insurance
20,F,A,M,ZPRTLU,530,0,Sub Total Before ED
20,F,A,M,ZPRTLU,550,0,Total of PF After Taxes
20,F,A,M,ZPRTLU,570,0,Total Insurance Value
20,F,A,M,ZPRTLU,620,0,Total Stock Value
20,F,A,M,ZPRUK,145,0,Sub Total
20,F,A,M,ZPRUK,420,0,Total
20,F,A,M,ZPRUK,450,0,Total Insurance
20,F,A,M,ZPRUK,550,0,Total of PF After Taxes
20,F,A,M,ZPRUK,570,0,Total Insurance Value
20,F,A,M,ZPRUK,620,0,Total Stock Value
20,F,A,M,ZPRUSA,145,0,Sub Total
20,F,A,M,ZPRUSA,336,0,Total Value with discount
20,F,A,M,ZPRUSA,620,0,Total Stock Value
20,F,A,MS,MS0000,12,0,Total Price
20,F,A,MS,MS0000,13,0,Relevant Value
20,F,A,MS,MS0000,14,0,Gross Value
20,F,A,MS,MS0000,15,0,Surcharge % on Net
20,F,A,TX,TAXAR,250,0,Subtotal
20,F,A,TX,TAXAR,410,0,Subtotal
20,F,A,TX,TAXB,170,0,Acquisition Tax Cred
20,F,A,TX,TAXB,180,0,Acquisition Tax Deb.
20,F,A,TX,TAXF,160,0,
20,F,A,TX,TAXINJ,205,0,IN: A/P AED setoff
20,F,A,TX,TAXINJ,207,0,IN: A/P AED setoff
20,F,A,TX,TAXINJ,212,0,IN A/P AED inventory
20,F,A,TX,TAXINJ,214,0,IN: A/P BED setoff
20,F,A,TX,TAXINJ,217,0,IN Sales tax setoff
20,F,A,TX,TAXINJ,222,0,ED for Ecess Setoff-
20,F,A,TX,TAXINJ,223,0,ED for Ecess Inventory-
20,F,A,TX,TAXINJ,225,0,A/R Ecess - setoff
20,F,A,TX,TAXINJ,226,0,
20,F,A,TX,TAXINJ,230,0,
20,F,A,TX,TAXINJ,232,0,
20,F,A,TX,TAXINJ,234,0,Excise Duty w/o Ecess
20,F,A,TX,TAXINJ,235,0,Total Duties
20,F,A,TX,TAXINJ,236,0,Base
20,F,A,TX,TAXINJ,237,0,Base+Total Duties
20,F,A,TX,TAXINJ,238,0,A/P VAT RM Non-Dedu
20,F,A,TX,TAXINJ,239,0,IN:A/P LST
20,F,A,TX,TAXINJ,240,0,A/P VAT RM Deductibl
20,F,A,TX,TAXINJ,241,0,
20,F,A,TX,TAXINJ,242,0,IN: A/P ST setoff
20,F,A,TX,TAXINJ,247,0,
20,F,A,TX,TAXINJ,250,0,IN: Service tax cred
20,F,A,TX,TAXINJ,260,0,IN: Service tax debi
20,F,A,TX,TAXINJ,261,0,
20,F,A,TX,TAXINJ,262,0,
20,F,A,TX,TAXINJ,270,0,SET OFF+LST (TOTAL) OR CST(TOT
20,F,A,M,ZPRSA,220,0,Subtotal After Tax
20,F,A,M,ZPRSA,320,0,Subtotal After PF
20,F,A,M,ZPRTII,220,0,Subtotal After Tax
20,F,A,M,ZPRTII,320,0,Subtotal After PF
20,F,A,M,ZPRTLM,220,0,Subtotal After Tax
20,F,A,M,ZPRTLM,320,0,Subtotal After PF
20,F,A,M,ZPRTLU,220,0,Subtotal After Tax
20,F,A,M,ZPRTLU,320,0,Subtotal After PF
20,F,A,M,ZPRUK,220,0,Subtotal After Tax
20,F,A,M,ZPRUK,320,0,Subtotal After PF
20,F,A,M,ZPRUK,530,0,Sub Total Before ED
20,F,A,M,ZPRUSA,320,0,Subtotal After PF
20,F,A,MS,MS0000,5,0,Price comp.-Overhead
20,F,A,MS,MS0000,22,0,Net value inc. tax
20,F,A,MS,MS0001,5,0,Relevant Value
20,F,A,TX,TAXAR,110,0,Subtotal
20,F,A,TX,TAXAT,140,0,Non-deduct.Input Tax
20,F,A,TX,TAXAT,150,0,
20,F,A,TX,TAXAT,210,0,
20,F,A,TX,TAXBRJ,150,0,Ext. calculation
20,F,A,TX,TAXBRJ,500,0,Level 500
20,F,A,TX,TAXBRJ,700,0,Other taxes
20,F,A,TX,TAXCN,210,0,Acquisition Tax Deb.
20,F,A,TX,TAXCZ,110,0,
20,F,A,TX,TAXCZ,120,0,
20,F,A,TX,TAXDK,130,0,Acquisition Tax Deb.
20,F,A,TX,TAXDK,150,0,Non-ded. Acqu. Tax
20,F,A,TX,TAXES,210,0,Acquisition Tax Deb.
20,F,A,TX,TAXF,140,0,Non-deduct.Input Tax
20,F,A,TX,TAXF,150,0,
20,F,A,TX,TAXFI,110,0,Output Tax
20,F,A,TX,TAXFI,120,0,Input tax
20,F,A,TX,TAXFI,130,0,Input tax
20,F,A,TX,TAXFI,140,0,Travel Expenses (%)
20,F,A,TX,TAXFI,150,0,Non-deduct.Input Tax
20,F,A,TX,TAXFI,210,0,Acquisition Tax Deb.
20,F,A,TX,TAXINJ,110,0,Calculated Call
20,F,A,TX,TAXINJ,120,0,Sub total
20,F,A,TX,TAXINJ,210,0,Sub-total  Ecess Inventory
20,F,A,TX,TAXINJ,220,0,IN C Sales tax inv.
20,F,A,TX,TAXINJ,530,0,IN: AR LST
20,F,A,TX,TAXINN,110,0,Calculated Call
20,F,A,TX,TAXINN,120,0,Sub total
20,F,A,TX,TAXIT,210,0,Acqu.Tax Inc.- Ro.up
20,F,A,TX,TAXJP,120,0,
20,F,A,TX,TAXMX,110,0,Sumptuary Tax
20,F,A,TX,TAXMX,120,0,Output Tax
20,F,A,TX,TAXMX,130,0,
20,F,A,TX,TAXMX,140,0,
20,F,A,TX,TAXMX,150,0,
20,F,A,TX,TAXNO,110,0,
20,F,A,TX,TAXNO,130,0,Non-deduct.Input Tax
20,F,A,TX,TAXNO,310,0,Investment Tax Norw.
20,F,A,TX,TAXNO,320,0,Offsett.Item-Inv.Tax
20,F,A,TX,TAXPT,110,0,Round.Up Output Tax
20,F,A,TX,TAXPT,120,0,Input tax
20,F,A,TX,TAXPT,140,0,Non-deduct.Input Tax
20,F,A,TX,TAXPT,150,0,Non-deduct.Input Tax
20,F,A,TX,TAXPT,210,0,Acquisition Tax Deb.
20,F,A,TX,TAXRU,150,0,Total output tax
20,F,A,TX,TAXTW,110,0,Output Tax
20,F,A,TX,TAXTW,120,0,Input tax
20,F,A,TX,TAXUS,400,0,A/P Use Tax Distributed
20,F,A,TX,TAXUS,500,0,A/R Sales Tax
20,F,A,TX,TAXUSJ,120,0,Subtotal
20,F,A,TX,TAXUSJ,400,0,Self-assessment
20,F,A,TX,TAXUSJ,500,0,Accrued
20,F,A,TX,TAXVE,110,0,Output tax
20,F,A,TX,TAXVE,120,0,Input tax
20,F,A,TX,TAXVE,130,0,Travel Expenses (%)
20,F,A,TX,TAXVE,140,0,Non-deduct.Input Tax
20,F,A,TX,TAXVE,150,0,Non-deduct.Input Tax
20,F,A,TX,ZDUBAI,110,0,Calculated Call
20,D,A,KA,A00006,45,0,Gehälter
20,D,A,KA,A00006,50,0,GK-Fertigung/ATyp
20,D,A,KA,A00006,70,0,Herstellkosten......
20,D,A,KA,A00006,80,0,GK-Verwaltung/ATyp
20,D,A,KA,A00006,90,0,GK-Vertrieb/ATyp
20,D,A,KA,A00007,30,0,Materialeinsatz.....
20,D,A,KA,A00007,45,0,Gehälter
20,D,A,KA,A00007,50,0,GK-Fertigung
20,D,A,KA,A00007,70,0,Herstellkosten......
20,D,A,KA,A00007,80,0,GK-Verwaltung
20,D,A,KA,A00007,90,0,GK-Vertrieb
20,D,A,KA,PP-PC1,30,0,Materialeinsatz
20,D,A,KA,PP-PC1,50,0,GK-Fertigung
20,D,A,KA,PP-PC1,70,0,Herstellkosten
20,D,A,KA,PP-PC2,30,0,Materialeinsatz
20,D,A,KA,PP-PC2,50,0,GK-Fertigung
20,D,A,KA,PP-PC2,70,0,Herstellkosten
20,D,A,KA,PP-PC2,80,0,GK-Verwaltung
20,D,A,KA,PP-PC2,90,0,GK-Vertrieb
20,D,A,KA,PP-PC3,30,0,GK-Vertrieb
20,D,A,M,RM0000,5,0,Goldzuschlag
20,D,A,M,RM0000,22,0,Nettowert incl Vst.
20,D,A,M,RM0002,5,0,
20,D,A,M,RM1000,22,0,Nettowert incl Vst.
20,D,A,M,RM1002,22,0,Nettowert incl Vst.
20,D,A,M,RM5000,800,0,Ertrag netto
20,D,A,M,RM5001,800,0,Ertrag netto
20,D,A,M,RM6000,700,0,Gesamtbetrag
20,D,A,M,RM6001,400,0,Bruttowert
20,D,A,M,RM6001,700,0,Gesamtbetrag
20,D,A,M,RM6002,400,0,Bruttowert
20,D,A,M,RM6002,700,0,Gesamtbetrag
20,D,A,M,RMIMP0,30,0,Bruttowert Gesamt
20,D,A,M,RMIMP0,120,0,Zollabgabe
20,D,A,M,RMIMP0,130,0,Import-Gesamtwert
20,D,A,M,RMISR1,5,0,Bruttopreis
20,D,A,M,RMISR1,120,0,Nettowert incl Rab.
20,D,A,M,RMISR1,140,0,Effektivwert
20,D,A,M,RMISR1,310,0,VKP excl. Steuer
20,D,A,M,RMISRX,140,0,
20,D,A,M,RMREGU,400,0,Endbetrag incl. Steuer
20,D,A,MS,MS0000,5,0,Preisteil Gem.kosten
20,D,A,MS,MS0000,22,0,Nettowert inc. Steuer
20,D,A,MS,MS0001,5,0,relevanter Wert
20,D,A,TX,TAXAT,140,0,Vorst. n. abz. n. zu
20,D,A,TX,TAXAT,150,0,
20,D,A,TX,TAXAT,210,0,
20,D,A,TX,TAXBRJ,150,0,Ext. Kalkulation
20,D,A,TX,TAXBRJ,500,0,Level 500
20,D,A,TX,TAXBRJ,700,0,Sonstige Steuern
20,D,A,TX,TAXCL,130,0,
20,D,A,TX,TAXCL,140,0,
20,D,A,TX,TAXCN,210,0,Acquisition Tax Deb.
20,D,A,TX,TAXCZ,120,0,
20,D,A,TX,TAXDK,130,0,Erwerbsteuer Eingang
20,D,A,TX,TAXDK,150,0,Erwerb.n. abz.n. Zu.
20,D,A,TX,TAXES,210,0,Erwerbsteuer Eingang
20,D,A,TX,TAXF,140,0,Vorst. n. abz. n. zu
20,D,A,TX,TAXF,150,0,
20,D,A,TX,TAXFI,120,0,Vorsteuer
20,D,A,TX,TAXFI,130,0,Vorsteuer
20,D,A,TX,TAXFI,140,0,Reisekosten (vom H)
20,D,A,TX,TAXFI,150,0,Vorst. n. abz. n. zu
20,D,A,TX,TAXFI,210,0,Erwerbsteuer Eingang
20,D,A,TX,TAXIT,210,0,Erwerbst.Eingang-Auf
20,D,A,TX,TAXMX,120,0,Ausgangssteuer
20,D,A,TX,TAXMX,130,0,
20,D,A,TX,TAXMX,140,0,
20,D,A,TX,TAXMX,150,0,
20,D,A,TX,TAXNO,130,0,Vorst. n. abz. n. zu
20,D,A,TX,TAXNO,310,0,Investment Tax Norw.
20,D,A,TX,TAXNO,320,0,Gegenpos.Investm.Tax
20,D,A,TX,TAXPT,120,0,Vorsteuer
20,D,P,PO,5,30,0,Versand-Packvorschr.
20,D,P,PO,RMAT,1,0,RMATP
20,D,R,DR,BDR001,1,0,Mat.Art / Mat.Nummer
20,D,R,DS,BDS001,1,0,Empf.Mat./SenderMat.
20,E,B,MR,MR0004,10,0,ERS procedure EDI
20,E,B,MR,MR0004,20,0,ERS procedure
20,E,B,MR,MR0005,10,0,New valuation EDI
20,E,B,MR,MR0005,20,0,New value method
20,E,B,MR,MR0006,10,0,Invoice plan
20,E,B,NF,NF0001,10,0,Form 1
20,E,B,NF,NF0001,20,0,Form 2
20,E,B,PA,1,1,0,QRelease (EDI)
20,E,B,V1,V05000,30,0,
20,E,B,V1,V10002,10,0,Safety Data Sheet
20,E,B,V2,V10001,20,0,GR/GI slip
20,E,B,V2,V10001,30,0,Forwarding Order
20,E,B,V2,V10001,40,0,Delivr Note DIN4994
20,E,B,V2,V10001,50,0,Material Tags 4902/3
20,E,B,V2,V20001,10,0,
20,E,B,V2,V20001,20,0,Test
20,E,B,V2,V20001,30,0,Test
20,E,B,V3,V40000,10,0,
20,E,B,V3,V40000,50,0,
20,E,B,V5,V50002,10,0,Test
20,E,B,V6,1,10,0,EAN128 sticker
20,E,B,V6,2,20,0,Internal material tag
20,E,B,V7,V70001,10,0,
20,E,B,V7,V7ALLE,20,0,
20,E,B,V7,V7ALLE,30,0,Trans.EDI: General
20,E,B,V7,V7ALLE,40,0,GR/GI slip
20,E,B,V7,V7ALLE,50,0,Forwarding Order
20,E,B,V7,V7AUTO,20,0,Forwarding Order
20,E,B,V7,V7AUTO,30,0,Shipping notification
20,E,B,V7,V7AUTO,40,0,Forwarding Order
20,E,B,V7,V7STRA,10,0,
20,E,B,V7,V7STRA,20,0,CMR bill of lading 2
20,E,B,WN,WNB000,10,0,Settlement Credit Agmt
20,E,B,WN,WNB000,20,0,Settlement Customer Agmt
20,E,B,WR,WRKA00,10,0,"Hdr, Del. Rel. with log data"
20,E,B,WR,WRKA00,20,0,"Header, del. rel. w/o log data"
20,E,B,WR,WRKB00,10,0,"Headr, sing. set. req. with LD"
20,E,B,WR,WRKB00,20,0,"Headr, sing. set. req. w/o LD"
20,E,B,WR,WRKC00,10,0,Posting list with log data
20,E,B,WR,WRKC00,20,0,Posting list without log data
20,E,B,WR,WRKD00,10,0,Sett. req. list with log data
20,E,B,WR,WRKD00,20,0,Sett. req. list w/o log data
20,E,B,WR,WRKE00,10,0,"SRL, VBD, with log data"
20,E,B,WR,WRKE00,20,0,"SRL, VBD, w/o log data"
20,E,B,WR,WRKF00,10,0,"SRL, SSR, list with log"
20,E,B,WR,WRKF00,20,0,"SRL, SSR, cust. with log"
20,E,B,WR,WRKF00,30,0,"SRL, SSR, del. with log"
20,E,B,WR,WRKF00,40,0,"SRL, SSR, cust without log"
20,E,B,WR,WRPC00,10,0,"Item, SSR with log data"
20,E,B,WR,WRPC00,20,0,"Item, SSR w/o log data"
20,E,B,WR,WRPD00,10,0,"Item, SSR with log data"
20,E,B,WR,WRPD00,20,0,"Item, SSR w/o log data"
20,E,B,WR,WRPE00,10,0,"Item, del, with log data"
20,E,B,WR,WRPE00,20,0,"Item, del, w/o loga data"
20,E,B,WR,WRPF00,20,0,"Item, posting list, with log"
20,E,B,WR,WRPF00,30,0,"Item, SRL with log"
20,E,B,WR,WRPF00,40,0,"Item, SSR w/o log data"
20,E,B,WR,WRPF00,50,0,"Item, posting list w/o log"
20,E,B,WS,WSB000,10,0,"Printing Agrmt, Cred."
20,E,B,WS,WSB000,20,0,"Printing Agrmt, Cust."
20,E,C,VB,KOFIAB,10,0,Standard
20,E,C,VC,KOFIAC,10,0,Standard
20,E,C,VD,A00001,10,0,Standard
20,E,D,V,A00001,10,0,Test
20,E,D,VS,CS0001,10,0,Cross selling
20,E,H,CO,CO0001,10,0,
20,E,H,CO,CO0001,20,0,
20,E,H,CO,EMSAP1,10,0,OrdType/Plnt/Matl
20,E,H,CO,EMSAP1,20,0,ProdMaterial
20,E,A,V,VKP001,300,0,Final Amount Excl. Taxes
20,E,A,V,VPKPS1,300,0,Discount Amount
20,E,A,V,VPKPS1,900,0,Net value
20,E,A,V,WWS001,300,0,Sales-Net w/o Costs
20,E,A,V,WWS002,300,0,Sales-Net w/o Costs
20,E,A,V,WWS003,300,0,Sales-Net w/o Costs
20,E,A,V,WWS004,300,0,Sales-Net w/o Costs
20,E,A,V,ZCANBR,300,0,Discount Amount
20,E,A,V,ZCANBR,900,0,Net Value 2
20,E,A,V,ZCANSA,300,0,Discount Amount
20,E,A,V,ZCANSA,900,0,Net Value 2
20,E,A,V,ZCANSR,300,0,Discount Amount
20,E,A,V,ZCANSR,900,0,Net Value 2
20,E,A,V,ZEPE01,300,0,Discount Amount
20,E,A,V,ZEPE01,900,0,Net Value 2
20,E,A,V,ZESA01,300,0,Discount Amount
20,E,A,V,ZESA01,900,0,Net Value 2
20,E,A,V,ZVAA01,300,0,Discount Amount
20,E,A,V,ZVAA01,900,0,Net Value 2
20,E,A,V,ZVAABR,300,0,Discount Amount
20,E,A,V,ZVAABR,900,0,Net Value 2
20,E,A,V,ZVAABT,300,0,Discount Amount
20,E,A,V,ZVAABT,900,0,Net Value 2
20,E,A,V,ZVAATU,300,0,Discount Amount
20,E,A,V,ZVAATU,900,0,Net Value 2
20,D,A,V,ZEPE0E,300,0,Rabattbetrag
20,D,A,V,ZEPE0E,900,0,Nettowert 2
20,E,A,V,ZEPE0E,300,0,Discount Amount
20,E,A,V,ZEPE0E,900,0,Net Value 2
20,D,A,V,ZESARE,300,0,Rabattbetrag
20,D,A,V,ZESARE,900,0,Nettowert 2
20,E,A,V,ZESARE,300,0,Discount Amount
20,E,A,V,ZESARE,900,0,Net Value 2
20,D,A,V,ZEPP01,300,0,Rabattbetrag
20,D,A,V,ZEPP01,900,0,Nettowert 2
20,E,A,V,ZEPP01,300,0,Discount Amount
20,E,A,V,ZEPP01,900,0,Net Value 2
20,D,A,V,ZEPPRE,300,0,Rabattbetrag
20,D,A,V,ZEPPRE,900,0,Nettowert 2
20,D,A,V,ZLPK01,300,0,Rabattbetrag
20,D,A,V,ZLPK01,900,0,Nettowert 2
20,D,A,V,ZLPKRE,300,0,Rabattbetrag
20,D,A,V,ZLPKRE,900,0,Nettowert 2
20,E,A,V,ZEPPRE,300,0,Discount Amount
20,E,A,V,ZEPPRE,900,0,Net Value 2
20,E,A,V,ZLPK01,300,0,Discount Amount
20,E,A,V,ZLPK01,900,0,Net Value 2
20,E,A,V,ZLPKRE,300,0,Discount Amount
20,E,A,V,ZLPKRE,900,0,Net Value 2
20,D,A,V,ZEPC01,300,0,Rabattbetrag
20,D,A,V,ZEPC01,900,0,Nettowert 2
20,D,A,V,ZEPCRE,300,0,Rabattbetrag
20,D,A,V,ZEPCRE,900,0,Nettowert 2
20,E,A,V,ZEPC01,300,0,Discount Amount
20,E,A,V,ZEPC01,900,0,Net Value 2
20,E,A,V,ZEPCRE,300,0,Discount Amount
20,E,A,V,ZEPCRE,900,0,Net Value 2
20,S,A,V,ZEPE01,300,0,Importe de descuento
20,S,A,V,ZEPE01,900,0,Valor neto 2
20,S,A,V,ZEPC01,300,0,Importe de descuento
20,S,A,V,ZEPC01,900,0,Valor neto 2
20,D,A,V,ZEPC02,300,0,Rabattbetrag
20,D,A,V,ZEPC02,900,0,Nettowert 2
20,E,A,V,ZEPC02,300,0,Discount Amount
20,E,A,V,ZEPC02,900,0,Net Value 2
20,S,A,V,ZEPC02,300,0,Importe de descuento
20,S,A,V,ZEPC02,900,0,Valor neto 2
20,E,A,V,ZTI008,900,0,Total Tax
20,I,A,V,ZTI008,900,0,Tassa Totale
20,D,A,V,ZVAABM,300,0,Rabattbetrag
20,D,A,V,ZVAABM,900,0,Nettowert 2
20,D,A,V,ZVAATM,300,0,Rabattbetrag
20,D,A,V,ZVAATM,900,0,Nettowert 2
20,F,A,V,ZESA01,400,0,Rebate Basis
20,F,A,V,ZESA01,800,0,Net Value for Item
20,F,A,V,ZESA01,950,0,Profit Margin
20,F,A,V,ZESARE,400,0,Rebate Basis
20,F,A,V,ZESARE,950,0,Profit Margin
20,F,A,V,ZLPK01,400,0,Rebate Basis
20,F,A,V,ZLPK01,800,0,Net Value for Item
20,F,A,V,ZLPK01,950,0,Profit Margin
20,F,A,V,ZLPKRE,400,0,Rebate Basis
20,F,A,V,ZLPKRE,800,0,Net Value for Item
20,F,A,V,ZLPKRE,950,0,Profit Margin
20,F,A,V,ZTI001,800,0,Invoice Value
20,F,A,V,ZTI002,800,0,Invoice Value
20,F,A,V,ZTI003,800,0,Invoice Value
20,F,A,V,ZTI004,800,0,Invoice Value
20,F,A,V,ZTI005,800,0,Invoice Value
20,F,A,V,ZTI006,800,0,Invoice Value
20,F,A,V,ZTI008,950,0,Invoice Value
20,F,A,V,ZVAA01,400,0,Rebate Basis
20,F,A,V,ZVAA01,800,0,Net Value for Item
20,F,A,V,ZVAA01,950,0,Profit Margin
20,F,A,V,ZVAABM,400,0,Rebate Basis
20,F,A,V,ZVAABM,800,0,Net Value for Item
20,F,A,V,ZVAABM,950,0,Profit Margin
20,F,A,V,ZVAABR,400,0,Rebate Basis
20,F,A,V,ZVAABR,800,0,Net Value for Item
20,F,A,V,ZVAABR,950,0,Profit Margin
20,F,A,V,ZVAABT,400,0,Rebate Basis
20,F,A,V,ZVAABT,800,0,Net Value for Item
20,F,A,V,ZVAABT,950,0,Profit Margin
20,F,A,V,ZVAATM,400,0,Rebate Basis
20,F,A,V,ZVAATM,950,0,Profit Margin
20,F,A,V,ZVAATU,400,0,Rebate Basis
20,F,A,V,ZVAATU,950,0,Profit Margin
20,D,A,V,ZMANBR,400,0,Bonusbasis
20,D,A,V,ZMANBR,920,0,Endbetrag
20,D,A,V,ZMANBR,950,0,Standard - CA /mit J
20,D,A,V,ZMANDC,400,0,Bonusbasis
20,D,A,V,ZMANDC,920,0,Endbetrag
20,D,A,V,ZMANDC,950,0,Standard - CA /mit J
20,D,A,V,ZMANSA,400,0,Bonusbasis
20,D,A,V,ZMANSA,920,0,Endbetrag
20,D,A,V,ZMANSA,950,0,Standard - CA /mit J
20,D,A,V,ZMANSR,400,0,Bonusbasis
20,D,A,V,ZMANSR,920,0,Endbetrag
20,D,A,V,ZMANSR,950,0,Standard - CA /mit J
20,E,A,V,ZMANBR,400,0,Rebate Basis
20,E,A,V,ZMANBR,920,0,Total
20,E,A,V,ZMANBR,950,0,Standard - CA/with Jur. code
20,E,A,V,ZMANDC,400,0,Rebate Basis
20,E,A,V,ZMANDC,920,0,Total
20,E,A,V,ZMANDC,950,0,Standard - CA/with Jur. code
20,E,A,V,ZMANSA,400,0,Rebate Basis
20,E,A,V,ZMANSA,920,0,Total
20,E,A,V,ZMANSA,950,0,Standard - CA/with Jur. code
20,E,A,V,ZMANSR,400,0,Rebate Basis
20,E,A,V,ZMANSR,920,0,Total
20,E,A,V,ZMANSR,950,0,Standard - CA/with Jur. code
20,F,A,V,ZMANBR,400,0,Rebate Basis
20,F,A,V,ZMANBR,920,0,Total
20,F,A,V,ZMANBR,950,0,Standard - CA/with Jur. code
20,F,A,V,ZMANDC,400,0,Rebate Basis
20,F,A,V,ZMANDC,920,0,Total
20,F,A,V,ZMANDC,950,0,Standard - CA/with Jur. code
20,F,A,V,ZMANSA,400,0,Rebate Basis
20,F,A,V,ZMANSA,920,0,Total
20,F,A,V,ZMANSA,950,0,Standard - CA/with Jur. code
20,F,A,V,ZMANSR,400,0,Rebate Basis
20,F,A,V,ZMANSR,920,0,Total
20,F,A,V,ZMANSR,950,0,Standard - CA/with Jur. code
20,D,A,V,ZCANCS,400,0,Bonusbasis
20,D,A,V,ZCANCS,920,0,Endbetrag
20,D,A,V,ZCANCS,950,0,Standard - CA /mit J
20,D,A,V,RVBRC,115,0,100' Dummy
20,D,A,V,RVBRC,150,0,100' Dummy
20,D,A,V,RVBRC,160,0,Steuerbasisberechnungsfaktor
20,D,A,V,RVBRC,600,0,Steuer Brasilien
20,D,A,V,RVBRC,700,0,Gesamtsteuerbetrag
20,D,A,V,RVBRC,750,0,Rechnungsbetrag oh. Sub.Trib.
20,D,A,V,RVBRC,782,0,Zwischensumme
20,D,A,V,RVBRCE,60,0,Preis ohne ICMS/IPI
20,D,A,V,RVBRCE,115,0,100' Dummy
20,D,A,V,RVBRCE,150,0,100' Dummy
20,D,A,V,RVBRCE,160,0,Steuerbasisberechnungsfaktor
20,D,A,V,RVBRCE,600,0,Steuer Brasilien
20,D,A,V,RVBRCE,700,0,Gesamtsteuerbetrag
20,D,A,V,RVBRCE,750,0,Rechnungsbetrag oh. Sub.Trib.
20,D,A,V,RVBRCE,782,0,Zwischensumme
20,D,A,V,RVBRCF,60,0,Preis ohne ICMS/IPI
20,D,A,V,RVBRCF,115,0,100' Dummy
20,D,A,V,RVBRCF,150,0,100' Dummy
20,D,A,V,RVBRCF,160,0,Steuerbasisberechnungsfaktor
20,D,A,V,RVBRCF,600,0,Steuer Brasilien
20,D,A,V,RVBRCF,700,0,Gesamtsteuerbetrag
20,D,A,V,RVBRCF,750,0,Rechnungsbetrag oh. Sub.Trib.
20,D,A,V,RVBRCF,782,0,Zwischensumme
20,D,A,V,RVBRCK,60,0,Preis ohne ICMS/IPI
20,D,A,V,RVBRCK,115,0,100' Dummy
20,D,A,V,RVBRCK,150,0,100' Dummy
20,D,A,V,RVBRCK,160,0,Steuerbasisberechnungsfaktor
20,D,A,V,RVBRCK,600,0,Steuer Brasilien
20,D,A,V,RVBRCK,700,0,Gesamtsteuerbetrag
20,D,A,V,RVBRCK,750,0,Rechnungsbetrag oh. Sub.Trib.
20,D,A,V,RVBRCK,782,0,Zwischensumme
20,D,A,V,RVBRCL,60,0,Preis ohne ICMS/IPI
20,D,A,V,RVBRCL,115,0,100' Dummy
20,D,A,V,RVBRCL,150,0,100' Dummy
20,D,A,V,RVBRCL,160,0,Steuerbasisberechnungsfaktor
20,D,A,V,RVBRCL,600,0,Steuer Brasilien
20,D,A,V,RVBRCL,700,0,Gesamtsteuerbetrag
20,D,A,V,RVBRCL,750,0,Rechnungsbetrag oh. Sub.Trib.
20,D,A,V,RVBRCL,782,0,Zwischensumme
20,D,A,V,RVCA01,101,0,Special offer
20,D,A,V,RVCA01,102,0,Special offer
20,D,A,V,RVCA01,820,0,Order value
20,D,A,V,RVCA01,940,0,Stock price
20,D,A,V,RVCA02,101,0,Special offer
20,D,A,V,RVCA02,102,0,Special offer
20,D,A,V,RVCA02,820,0,Order value
20,D,A,V,RVCA02,940,0,Stock price
20,D,A,V,RVLB00,20,0,Zwischensumme
20,D,A,V,VKP001,10,0,Preis Brutto
20,D,A,V,VKP001,20,0," reis Brutto"
20,D,A,V,VKP001,200,0,Endbetrag incl. Steuern
20,D,A,V,VKP001,210,0,Preis incl. MWST
20,D,A,V,VKP001,600,0,Weterer A-VKP  IS-R
20,D,A,V,WMP001,10,0,Preis
20,D,A,V,WMP001,20,0,Ausgangssteuer
20,D,A,V,WWS002,500,0,VK (mit Steuern)
20,D,A,V,WWS002,600,0,EV-Aufs. VKP-Kalk.
20,D,A,V,WWS002,700,0,EV-Abgabepreis
20,D,A,V,WWS003,500,0,VK (mit Steuern)
20,D,A,V,WWS003,700,0,EV-Abgabepreis
20,D,A,V,WWS004,500,0,VK-Brutto
20,D,A,V,ZCANBR,101,0,Aktion
20,D,A,V,ZCANBR,102,0,Preisgrp/Mat
20,D,A,V,ZCANBR,820,0,Auftragswert
20,D,A,V,ZCANBR,910,0,State Sales Tax
20,D,A,V,ZCANBR,940,0,Verrechnungspreis
20,D,A,V,ZCANSA,101,0,Aktion
20,D,A,V,ZCANSA,102,0,Preisgrp/Mat
20,D,A,V,ZCANSA,820,0,Auftragswert
20,D,A,V,ZCANSA,910,0,State Sales Tax
20,D,A,V,ZCANSA,940,0,Verrechnungspreis
20,D,A,V,ZCANSR,101,0,Aktion
20,D,A,V,ZCANSR,102,0,Preisgrp/Mat
20,D,A,V,ZESARE,820,0,Auftragswert
20,D,A,V,ZESARE,910,0,PreisInterneVerrechn
20,D,A,V,ZESARE,940,0,Verrechnungspreis
20,E,A,V,ZRBSDE,775,0,Price + Ed + taxes
20,E,A,V,ZRBSDE,790,0,Price+ED+Taxes+TCS
20,D,A,V,ZEPP01,20,0,Preis Brutto
20,D,A,V,ZEPP01,101,0,Aktion
20,D,A,V,ZEPP01,102,0,Aktion
20,D,A,V,ZEPP01,120,0,Variantenpreis
20,D,A,V,ZEPP01,820,0,Auftragswert
20,D,A,V,ZEPP01,910,0,PreisInterneVerrechn
20,D,A,V,ZEPP01,940,0,Verrechnungspreis
20,D,A,V,ZEPPRE,20,0,Preis Brutto
20,D,A,V,ZEPPRE,101,0,Aktion
20,D,A,V,ZEPPRE,102,0,Aktion
20,D,A,V,ZEPPRE,120,0,Variantenpreis
20,D,A,V,ZEPPRE,820,0,Auftragswert
20,D,A,V,ZEPPRE,910,0,PreisInterneVerrechn
20,D,A,V,ZEPPRE,940,0,Verrechnungspreis
20,D,A,V,ZLPK01,20,0,Preis Brutto
20,D,A,V,ZLPK01,101,0,Aktion
20,D,A,V,ZLPK01,102,0,Aktion
20,D,A,V,ZLPK01,120,0,Variantenpreis
20,D,A,V,ZLPK01,820,0,Auftragswert
20,D,A,V,ZLPK01,910,0,PreisInterneVerrechn
20,D,A,V,ZLPK01,940,0,Verrechnungspreis
20,D,A,V,ZLPKRE,20,0,Preis Brutto
20,D,A,V,ZLPKRE,101,0,Aktion
20,D,A,V,ZLPKRE,102,0,Aktion
20,D,A,V,ZLPKRE,120,0,Variantenpreis
20,D,A,V,ZLPKRE,820,0,Auftragswert
20,D,A,V,ZLPKRE,910,0,PreisInterneVerrechn
20,D,A,V,ZLPKRE,940,0,Verrechnungspreis
20,D,A,V,ZEPC01,20,0,Preis Brutto
20,D,A,V,ZEPC01,101,0,Aktion
20,D,A,V,ZEPC01,102,0,Aktion
20,D,A,V,ZEPC01,120,0,Variantenpreis
20,D,A,V,ZEPC01,820,0,Auftragswert
20,D,A,V,ZEPC01,910,0,PreisInterneVerrechn
20,D,A,V,ZEPC01,940,0,Verrechnungspreis
20,D,A,V,ZEPCRE,20,0,Preis Brutto
20,D,A,V,ZEPCRE,101,0,Aktion
20,D,A,V,ZEPCRE,102,0,Aktion
20,D,A,V,ZEPCRE,120,0,Variantenpreis
20,D,A,V,ZEPCRE,820,0,Auftragswert
20,D,A,V,ZEPCRE,910,0,PreisInterneVerrechn
20,D,A,V,ZEPCRE,940,0,Verrechnungspreis
20,D,A,V,ZMANBR,101,0,Aktion
20,D,A,V,ZMANBR,102,0,Preisgrp/Mat
20,D,A,V,ZMANBR,820,0,Auftragswert
20,D,A,V,ZMANBR,910,0,State Sales Tax
20,D,A,V,ZMANBR,915,0,Rundung
20,D,A,V,ZMANBR,930,0,Skonto
20,D,A,V,ZMANBR,940,0,Verrechnungspreis
20,D,A,V,ZMANDC,101,0,Aktion
20,D,A,V,ZMANDC,102,0,Preisgrp/Mat
20,D,A,V,ZMANDC,820,0,Auftragswert
20,D,A,V,ZMANDC,910,0,State Sales Tax
20,D,A,V,ZMANDC,915,0,Rundung
20,D,A,V,ZMANDC,930,0,Skonto
20,D,A,V,ZMANDC,940,0,Verrechnungspreis
20,D,A,V,ZMANSA,101,0,Aktion
20,D,A,V,ZMANSA,102,0,Preisgrp/Mat
20,D,A,V,ZMANSA,820,0,Auftragswert
20,D,A,V,ZMANSA,910,0,State Sales Tax
20,D,A,V,ZMANSA,915,0,Rundung
20,D,A,V,ZMANSA,930,0,Skonto
20,D,A,V,ZMANSA,940,0,Verrechnungspreis
20,D,A,V,ZMANSR,101,0,Aktion
20,D,A,V,ZMANSR,102,0,Preisgrp/Mat
20,D,A,V,ZMANSR,820,0,Auftragswert
20,D,A,V,ZMANSR,910,0,State Sales Tax
20,D,A,V,ZMANSR,915,0,Rundung
20,F,A,V,ZWBABT,782,0,Base Price For Discount
20,F,A,V,ZWBABT,790,0,Total price
20,F,A,V,ZWBBDY,775,0,Price + taxes
20,F,A,V,ZWBBDY,790,0,Total price
20,F,A,V,ZWBBSE,160,0,PTS + Bonus Offer
20,F,A,V,ZWBBSE,775,0,Price + taxes
20,F,A,V,ZWBBSE,790,0,Total price
20,F,A,V,ZWBBSI,160,0,PTS + Bonus Offer
20,F,A,V,ZWBBSI,775,0,Price + taxes
20,F,A,V,ZWBBSI,790,0,Total price
20,D,A,V,ZCANBR,915,0,Rundung
20,D,A,V,ZCANBR,930,0,Skonto
20,D,A,V,ZCANSA,915,0,Rundung
20,D,A,V,ZCANSA,930,0,Skonto
20,D,A,V,ZCANSR,930,0,Skonto
20,D,A,V,ZEPE01,930,0,Skonto
20,D,A,V,ZESA01,930,0,Skonto
20,D,A,V,ZVAA01,930,0,Skonto
20,D,A,V,ZVAABR,930,0,Skonto
20,D,A,V,ZVAABT,930,0,Skonto
20,D,A,V,ZVAATU,930,0,Skonto
20,E,A,V,ZPRUSA,930,0,Total
20,D,A,V,ZEPE0E,930,0,Skonto
20,D,A,V,ZESARE,930,0,Skonto
20,D,A,V,ZEPP01,930,0,Skonto
20,D,A,V,ZEPPRE,930,0,Skonto
20,D,A,V,ZLPK01,930,0,Skonto
20,D,A,V,ZLPKRE,930,0,Skonto
20,D,A,V,ZEPC01,930,0,Skonto
20,D,A,V,ZEPCRE,930,0,Skonto
20,D,A,V,ZEPC02,930,0,Skonto
20,D,A,V,ZVAABM,930,0,Skonto
20,D,A,V,ZVAATM,930,0,Skonto
20,F,A,V,ZPRUSA,930,0,Total
20,D,A,V,ZEPDRE,910,0,PreisInterneVerrechn
20,D,A,V,ZEPDRE,930,0,Skonto
20,D,A,V,ZEPDRE,940,0,Verrechnungspreis
20,E,A,V,ZRBSIR,775,0,Price + taxes
20,E,A,V,ZRBSIR,782,0,Base price for Discount
20,E,A,V,ZRBSIR,790,0,Total price
20,E,A,V,ZRBL1Z,775,0,Price + taxes
20,E,A,V,ZRBL1Z,782,0,Base Price For Discount
20,E,A,V,ZRBL1Z,790,0,Total price
20,E,A,V,ZRBL2Z,775,0,Price + taxes
20,E,A,V,ZRBL2Z,790,0,Total price
20,E,A,V,ZRBL3Z,775,0,Price + taxes
20,E,A,V,ZRBL3Z,782,0,Base Price For Discount
20,E,A,V,ZRBL3Z,790,0,Total price
20,E,A,V,ZRBLPC,775,0,Price + taxes
20,E,A,V,ZRBLPC,782,0,Base price for Discount
20,E,A,V,ZRBLPC,790,0,Total price
20,E,A,V,ZRBLPZ,775,0,Price + taxes
20,E,A,V,ZRBLPZ,782,0,Base price for Discount
20,E,A,V,ZRBLPZ,790,0,Total price
20,E,A,V,ZRBW1Z,775,0,Price + taxes
20,E,A,V,ZRBW1Z,782,0,Base Price For Discount
20,E,A,V,ZRBW1Z,790,0,Total price
20,E,A,V,ZRBW2Z,775,0,Price + taxes
20,E,A,V,ZRBW2Z,790,0,Total price
20,E,A,V,ZRBW3Z,775,0,Price + taxes
20,E,A,V,ZRBW3Z,782,0,Base Price For Discount
20,E,A,V,ZRBW3Z,790,0,Total price
20,E,A,V,ZRBWPC,775,0,Price + taxes
20,E,A,V,ZRBWPC,782,0,Base price for Discount
20,E,A,V,ZRBWPC,790,0,Total price
20,E,A,V,ZRBWPZ,775,0,Price + taxes
20,E,A,V,ZRBWPZ,782,0,Base price for Discount
20,E,A,V,ZRBWPZ,790,0,Total price
20,F,A,V,ZRBL1Z,775,0,Price + taxes
20,F,A,V,ZRBL1Z,782,0,Base Price For Discount
20,F,A,V,ZRBL1Z,790,0,Total price
20,F,A,V,ZRBL2Z,775,0,Price + taxes
20,F,A,V,ZRBL2Z,790,0,Total price
20,D,A,V,RVBRCE,45,0,Preis incl. Infl. Anp.
20,D,A,V,RVBRCE,90,0,100' Dummy
20,D,A,V,RVBRCE,710,0,Steuerbasis
20,D,A,V,RVBRCE,778,0,Größeren Wert nehmen
20,D,A,V,RVBRCE,793,0,INVOICE (ex. Sub.Trib.)
20,D,A,V,RVBRCE,795,0,TOTAL INVOICE VALUE
20,D,A,V,RVBRCF,45,0,Preis incl. Infl. Anp.
20,D,A,V,RVBRCF,90,0,100' Dummy
20,D,A,V,RVBRCF,710,0,Steuerbasis
20,D,A,V,RVBRCF,778,0,Größeren Wert nehmen
20,D,A,V,RVBRCF,793,0,INVOICE (ex. Sub.Trib.)
20,D,A,V,RVBRCF,795,0,TOTAL INVOICE VALUE
20,D,A,V,RVBRCK,45,0,Preis incl. Infl. Anp.
20,D,A,V,RVBRCK,90,0,100' Dummy
20,D,A,V,RVBRCK,710,0,Steuerbasis
20,D,A,V,RVBRCK,778,0,Größeren Wert nehmen
20,D,A,V,RVBRCK,793,0,INVOICE (ex. Sub.Trib.)
20,D,A,V,RVBRCK,795,0,TOTAL INVOICE VALUE
20,D,A,V,RVBRCL,45,0,Preis incl. Infl. Anp.
20,D,A,V,RVBRCL,90,0,100' Dummy
20,D,A,V,RVBRCL,710,0,Steuerbasis
20,D,A,V,RVBRCL,778,0,Größeren Wert nehmen
20,D,A,V,RVBRCL,793,0,INVOICE (ex. Sub.Trib.)
20,D,A,V,RVBRCL,795,0,TOTAL INVOICE VALUE
20,D,A,V,RVCA02,935,0,Net value 3
20,D,A,V,VKP001,15,0,Preis
20,D,A,V,VKP001,105,0,Kundenrabatt
20,D,A,V,VKP001,960,0,Grundbetrag incl. Steuern
20,D,A,V,VKP001,965,0,Endbetrag incl. Steue
20,D,A,V,VKP001,970,0,Grundbetrag excl. Steuern
20,D,A,V,VKP001,975,0,Endbetrag incl. Steuern
20,D,A,V,VKP001,980,0,Endbetrag excl. Steuern
20,D,A,V,WMP001,30,0,Bruttopreis
20,D,A,V,WWS001,11,0,EK-Netto-Netto IS-R
20,D,A,V,WWS001,110,0,Aufschlag VKP-Kalk.
20,D,A,V,WWS001,390,0,Rundung
20,D,A,V,WWS002,11,0,EK-Netto-Netto IS-R
20,D,A,V,WWS002,110,0,Aufschlag VKP-Kalk.
20,D,A,V,WWS002,350,0,Verkaufskosten ISR
20,D,A,V,WWS002,450,0,Ausgangssteuer
20,D,A,V,WWS002,550,0,Bruttopreis
20,D,A,V,WWS003,550,0,Bruttopreis
20,D,A,V,ZCANBR,11,0,Preis
20,D,A,V,ZCANBR,13,0,Preis Brutto
20,D,A,V,ZCANBR,103,0,Kunde/Material
20,D,A,V,ZCANBR,104,0,Kundenrabatt
20,D,A,V,ZCANBR,105,0,Material
20,D,A,V,ZCANBR,106,0,Preisgruppe
20,D,A,V,ZCANBR,107,0,Materialgruppe
20,D,A,V,ZCANBR,108,0,Kunde/MatGrp
20,D,A,V,ZCANBR,109,0,Preisgrp/MatGrp
20,D,A,V,ZCANBR,111,0,Hierarchie
20,D,A,V,ZCANBR,112,0,Hierarchie/Material
20,D,A,V,ZCANBR,302,0,Preis
20,D,A,V,ZCANBR,310,0,Preis Netto
20,D,A,V,ZCANBR,320,0,Mindestpreis
20,D,A,V,ZCANBR,815,0,Fracht
20,D,A,V,ZCANBR,890,0,Skonto
20,D,A,V,ZCANBR,901,0,Gruppenbonus
20,D,A,V,ZCANBR,902,0,Materialbonus
20,D,A,V,ZCANBR,903,0,Kundenbonus
20,D,A,V,ZCANBR,904,0,Hierarchiebonus
20,D,A,V,ZCANBR,905,0,Hierarchiebonus/Mat
20,D,A,V,ZCANBR,909,0,PreisInterneVerrechn
20,D,A,V,ZCANBR,911,0,Tax Jur Code Level 1
20,D,A,V,ZCANBR,912,0,Tax Jur Code Level 2
20,D,A,V,ZCANBR,932,0,Delkredere
20,D,A,V,ZCANBR,970,0,Erwart. Kundenpreis
20,D,A,V,ZCANBR,971,0,Erwart. Kundenwert
20,D,A,V,ZCANSA,11,0,Preis
20,D,A,V,ZCANSA,13,0,Preis Brutto
20,D,A,V,ZCANSA,103,0,Kunde/Material
20,D,A,V,ZCANSA,104,0,Kundenrabatt
20,D,A,V,ZLPKRE,919,0,Rundung
20,D,A,V,ZLPKRE,941,0,Herstellkosten
20,D,A,V,ZEPC01,8,0,Istkosten
20,D,A,V,ZEPC01,909,0,PreisInterneVerrProz
20,D,A,V,ZEPC01,915,0,Ausgangssteuer
20,D,A,V,ZEPC01,919,0,Rundung
20,D,A,V,ZEPC01,941,0,Herstellkosten
20,D,A,V,ZEPCRE,8,0,Istkosten
20,D,A,V,ZEPCRE,909,0,PreisInterneVerrProz
20,D,A,V,ZEPCRE,915,0,Ausgangssteuer
20,D,A,V,ZEPCRE,919,0,Rundung
20,D,A,V,ZEPCRE,941,0,Herstellkosten
20,D,A,V,ZEPC02,8,0,Istkosten
20,D,A,V,ZEPC02,909,0,PreisInterneVerrProz
20,D,A,V,ZEPC02,915,0,Ausgangssteuer
20,D,A,V,ZEPC02,919,0,Rundung
20,D,A,V,ZEPC02,941,0,Herstellkosten
20,E,A,V,ZTI001,170,0,Net Value
20,E,A,V,ZTI001,650,0,Total Tax
20,E,A,V,ZTI002,170,0,Net Value
20,E,A,V,ZTI002,650,0,Total Tax
20,E,A,V,ZTI003,650,0,Total Tax
20,E,A,V,ZTI004,170,0,Net Value
20,E,A,V,ZTI004,650,0,Total Tax
20,E,A,V,ZTI005,650,0,Total Tax
20,E,A,V,ZTI006,650,0,Total Tax
20,I,A,V,ZTI001,170,0,Valore Netto
20,I,A,V,ZTI001,650,0,Tassa Totale
20,I,A,V,ZTI002,170,0,Valore Netto
20,I,A,V,ZTI002,650,0,Tassa Totale
20,I,A,V,ZTI003,650,0,Tassa Totale
20,I,A,V,ZTI004,170,0,Valore Netto
20,I,A,V,ZTI004,650,0,Tassa Totale
20,I,A,V,ZTI005,650,0,Tassa Totale
20,I,A,V,ZTI006,650,0,Tassa Totale
20,E,A,V,ZTI003,580,0,Net Value
20,E,A,V,ZTI005,50,0,Base Price
20,E,A,V,ZTI008,580,0,Net Value
20,I,A,V,ZTI003,580,0,Valore Netto
20,I,A,V,ZTI005,50,0,Prezzo Base
20,I,A,V,ZTI008,580,0,Valore netto
20,D,A,V,ZVAABM,8,0,Istkosten
20,D,A,V,ZVAABM,909,0,PreisInterneVerrProz
20,D,A,V,ZVAABM,914,0,Skonto
20,D,A,V,ZVAABM,915,0,Ausgangssteuer
20,D,A,V,ZVAABM,919,0,Rundung
20,D,A,V,ZVAABM,941,0,Herstellkosten
20,D,A,V,ZVAATM,8,0,Istkosten
20,D,A,V,ZVAATM,909,0,PreisInterneVerrProz
20,D,A,V,ZVAATM,915,0,Ausgangssteuer
20,D,A,V,ZVAATM,919,0,Rundung
20,D,A,V,ZVAATM,941,0,Herstellkosten
20,E,A,V,ZRBSIS,777,0,Price + taxes+ Free PTS
20,E,A,V,ZRBSIC,777,0,Price + taxes+ Free PTS
20,E,A,V,ZRBSIZ,390,0,Base Amount
20,E,A,V,ZRBSZZ,777,0,Price + taxes+ Free PTS
20,F,A,V,JDEPOT,475,0,Base prices  + BED
20,F,A,V,JDEPOT,525,0,BASE+BED+AED
20,F,A,V,JDEPOT,575,0,Base + BED+AED+SED
20,F,A,V,JDEPOT,625,0,Base + BED+AED+SED+cess
20,F,A,V,JFACT,475,0,Base prices  + BED
20,F,A,V,JFACT,525,0,BASE+BED+AED
20,F,A,V,JFACT,575,0,Base + BED+AED+SED
20,F,A,V,JFACT,625,0,Base + BED+AED+SED+cess
20,F,A,V,JINDEP,405,0,Copy of base value
20,F,A,V,JINDEP,420,0,Base + BED + AED + SED
20,F,A,V,JINFAC,405,0,Copy of base value
20,F,A,V,JINFAC,420,0,Base + BED + AED + SED
20,F,A,V,JINSTO,405,0,Copy of base value
20,F,A,V,JINSTO,420,0,Base + BED + AED + SED
20,F,A,V,JSTKTR,475,0,Base prices  + BED
20,F,A,V,JSTKTR,525,0,BASE+BED+AED
20,F,A,V,JSTKTR,575,0,Base + BED+AED+SED
20,E,A,TX,TAXBRC,340,0,iic
20,E,A,TX,TAXBRC,345,0,Recall 10^n
20,E,A,TX,TAXBRC,350,0,ICMS Cons. w/o Discount
20,E,A,TX,TAXBRC,360,0,Net+Disc. (+ICMS if active)
20,E,A,TX,TAXBRC,375,0,Recall ICMS Consumption
20,E,A,TX,TAXBRC,380,0,Net+ICMS+IPI Consumption
20,E,A,TX,TAXBRC,385,0,Recall ICMS Cons.
20,E,A,TX,TAXBRC,390,0,ICMS Amount Consumption
20,E,A,TX,TAXBRC,400,0,ICMS w/o IPI if IPI Not Active
20,E,A,TX,TAXBRC,415,0,Net+Disc. (+ICMS if active)
20,E,A,TX,TAXBRC,435,0,Icms
20,E,A,TX,TAXBRC,445,0,Recall iicip
20,E,A,TX,TAXBRC,446,0,Get 440
20,E,A,TX,TAXBRC,460,0,ICMS Exempt Consumption
20,E,A,TX,TAXBRC,500,0,==== Begin of Subtrib =====
20,E,A,TX,TAXBRC,505,0,Indus.: Net+ ICMS (+ IPI ?)
20,E,A,TX,TAXBRC,510,0,Take Amount Cons. or Indus.
20,E,A,TX,TAXBRC,520,0,Get 515
20,E,A,TX,TAXBRC,555,0,Calc. Base SubTrib Indus.
20,E,A,TX,TAXBRC,560,0,Calc. Base SubTrib
20,E,A,TX,TAXBRC,575,0,Indus.: ICMS Amount (tic)
20,E,A,TX,TAXBRC,580,0,Take tic Indus. or Consumpt.
20,E,A,TX,TAXBRC,590,0,Recall rate*sub_calc_base
20,E,A,TX,TAXBRC,595,0,SubTrib Value
20,E,A,TX,TAXBRC,650,0,====== Complement ICMS =======
20,E,A,TX,TAXBRC,660,0,ICMS Complement Rate
20,E,A,TX,TAXBRC,670,0,Only for Consumption
20,E,A,TX,TAXBRC,700,0,====== ICMS on Freight =======
20,E,A,TX,TAXBRC,715,0,10^n
20,E,A,TX,TAXBRC,720,0,Freight + ICMS on Freight
20,E,A,TX,TAXBRC,725,0,ICMS on Freight
20,E,A,TX,TAXBRC,750,0,====== SubTrib on Freight ====
20,E,A,TX,TAXBRC,755,0,Freight + ICMS on Freight
20,E,A,TX,TAXBRC,770,0,Subtrib on Freight
20,E,A,TX,TAXBRC,805,0,=== Zona Franca ==============
20,E,A,TX,TAXBRC,809,0,Take icms for ZF
20,E,A,TX,TAXBRC,850,0,==== Other Taxes =====
20,E,A,TX,TAXBRC,865,0,==== Reimbursement =====
20,E,A,TX,TAXBRC,900,0,=== Dummy  Zero Tax  (FF718)
20,E,A,TX,TAXCAJ,100,0,Base Amount
20,E,A,TX,TAXCAJ,198,0,"     ***********"
20,E,A,TX,TAXCAJ,199,0,"     A/P taxes"
20,E,A,TX,TAXCAJ,220,0,
20,E,A,TX,TAXCAJ,230,0,Subtotal Base + GST
20,E,A,TX,TAXCAJ,299,0,
20,E,A,TX,TAXCAJ,310,0,
20,E,A,TX,TAXCAJ,320,0,
20,E,A,TX,TAXCAJ,399,0,
20,E,A,TX,TAXCAJ,400,0,Separate G/L Prov.
20,E,A,TX,TAXCAJ,410,0,
20,E,A,TX,TAXCAJ,420,0,
20,E,A,TX,TAXCAJ,499,0,
20,E,A,TX,TAXCAJ,500,0,Self Assess Federal
20,E,A,TX,TAXCAJ,510,0,
20,E,A,TX,TAXCAJ,599,0,
20,E,A,TX,TAXCAJ,600,0,Self-assess Prov.
20,E,A,TX,TAXCAJ,610,0,
20,E,A,TX,TAXCAJ,620,0,
20,E,A,TX,TAXCAJ,698,0,
20,E,A,TX,TAXCAJ,699,0,"     **********"
20,E,A,TX,TAXCAJ,700,0,"     A/R and SD"
20,E,A,TX,TAXCAJ,710,0,
20,E,A,TX,TAXCAJ,720,0,Subtotal incl. GST
20,E,A,TX,TAXCAJ,750,0,
20,E,A,TX,TAXCAJ,760,0,
20,E,A,TX,TAXCAJ,799,0,=============
20,E,A,TX,TAXCAJ,800,0,Flat Tax on Employee Travel
20,E,A,TX,TAXUSX,100,0,Base Amount
20,E,A,TX,TAXUSX,105,0,Calculated Call
20,E,A,TX,TAXUSX,200,0,Shared with G/L
20,E,A,TX,TAXUSX,210,0,A/P Sales Tax 1 Inv.
20,E,A,TX,TAXUSX,220,0,A/P Sales Tax 2 Inv.
20,E,A,TX,TAXUSX,230,0,A/P Sales Tax 3 Inv.
20,F,A,KA,A00002,40,0,Wages
20,F,A,KA,A00002,100,0,Cost of goods sold...
20,F,A,KA,A00003,20,0,Material OH/CCode
20,F,A,KA,A00003,40,0,Wages
20,F,A,KA,A00003,100,0,Cost of goods sold...
20,F,A,KA,A00004,20,0,Material OH/BArea
20,F,A,KA,A00004,40,0,Wages
20,F,A,KA,A00004,100,0,Cost of goods sold...
20,F,A,KA,A00005,20,0,Material OH/OType
20,F,A,KA,A00005,40,0,Wages
20,F,A,KA,A00005,100,0,Cost of goods sold...
20,F,A,KA,A00006,10,0,Material
20,F,A,KA,A00006,20,0,Material OH/OType
20,F,A,KA,A00006,40,0,Wages
20,F,A,KA,A00006,100,0,Cost of goods sold...
20,F,A,KA,A00007,10,0,Material
20,F,A,KA,A00007,20,0,Material OH
20,F,A,KA,A00007,40,0,Wages
20,F,A,KA,A00007,100,0,Cost of Goods Sold...
20,F,A,KA,PP-PC1,20,0,Material OH
20,F,A,KA,PP-PC1,40,0,Production
20,F,A,KA,PP-PC2,20,0,Material OH
20,F,A,KA,PP-PC2,40,0,Production
20,F,A,KA,PP-PC2,100,0,Cost of goods sold
20,F,A,KA,PP-PC3,20,0,Administration OH
20,F,A,KA,PP-PC3,40,0,Cost of goods sold
20,F,A,KA,Z001,20,0,Yield Adjustment
20,F,A,KA,Z001,40,0,Yield Adjustment-Lab
20,F,A,KA,Z002,40,0,Asha: OH Type / OH K
20,F,A,M,JIMPOR,20,0,Net value incl. disc.
20,F,A,M,JIMPOR,40,0,Actual value
20,F,A,M,JRM000,20,0,Net value incl. disc.
20,F,A,M,JRM000,40,0,Actual value
20,F,A,M,RM0000,20,0,Net value incl. disc.
20,F,A,M,RM0000,40,0,Actual price
20,F,A,M,RM0002,20,0,Net value incl. disc.
20,F,A,M,RM0002,40,0,Actual price
20,F,A,M,RM1000,20,0,Net value incl. disc.
20,F,A,M,RM1000,40,0,Effective value
20,F,A,M,RM1002,20,0,Net value incl. disc.
20,F,A,M,RM1002,40,0,Effective value
20,F,A,M,RM2000,100,0,Freight/quantity
20,F,A,M,RM5000,100,0,Rebates
20,F,A,M,RMISR1,10,0,Gross value
20,F,A,M,RMMP00,20,0,Market Price
20,F,A,M,XFIN,100,0,Net including discount
20,F,A,M,ZEPLD,100,0,Base for octroi
20,F,A,M,ZEPLD1,100,0,Base for octroi
20,F,A,M,ZIMPR2,40,0,Basic Price
20,F,A,M,ZIMPR3,20,0,Basic customs( BCD)
20,F,A,M,ZIMPR3,40,0,
20,F,A,M,ZIMPR8,40,0,Basic Price
20,F,A,M,ZPRAU,100,0,Net including discount
20,F,A,M,ZPRBR,100,0,Net including discount
20,F,A,M,ZPRCHL,100,0,Net including discount
20,F,A,M,ZPRDOM,100,0,Net including discount
20,F,A,M,ZPREPE,100,0,Net including discount
20,F,A,M,ZPRLAZ,100,0,Net including discount
20,F,A,M,ZPRMEN,100,0,Net including discount
20,F,A,M,ZPRMPI,100,0,Net including discount
20,F,A,M,ZPRMRP,100,0,ED
20,F,A,M,ZPRMX,100,0,Net including discount
20,F,A,M,ZPRNG,100,0,Net including discount
20,F,A,M,ZPRNZ,100,0,Net including discount
20,F,A,M,ZPRPHP,100,0,Net including discount
20,F,A,M,ZPRSA,100,0,Net including discount
20,F,A,M,ZPRTII,100,0,Net including discount
20,F,A,M,ZPRTLM,100,0,Net including discount
20,F,A,M,ZPRTLU,100,0,Net including discount
20,F,A,M,ZPRUK,100,0,Net including discount
20,F,A,MS,MS0000,20,0,Net Value
20,F,A,ST,TAXD,100,0,Output Tax
20,F,A,ST,TAXUSA,100,0,ttt
20,E,A,M,ZPREOU,300,0,BCD + ED
20,E,A,M,ZPREPE,60,0,Basic Price
20,E,A,M,ZPREPE,220,0,Subtotal After Tax
20,E,A,M,ZPREPE,320,0,Subtotal After PF
20,E,A,M,ZPRMEN,60,0,Basic Price
20,E,A,M,ZPRMEN,220,0,Subtotal After Tax
20,E,A,M,ZPRMEN,320,0,Subtotal After PF
20,E,A,M,ZPRMEN,530,0,Sub Total Before ED
20,E,A,M,ZPRMP1,70,0,Basic - Disc+Sc
20,E,A,M,ZPRMP1,90,0,MRP-SP
20,E,A,M,ZPRMPI,60,0,Basic Price
20,E,A,M,ZPRMPI,220,0,Subtotal After Tax
20,E,A,M,ZPRMPI,320,0,Subtotal After PF
20,E,A,M,ZPRMPI,530,0,Sub Total Before ED
20,E,A,M,ZPRMR2,50,0,sub total
20,E,A,M,ZPRMR2,400,0,Basic Buying Price
20,E,A,M,ZPRMR2,500,0,Total=Basic BP+E.D.
20,E,A,M,ZPRMRP,70,0,Basic - Disc+Sc
20,E,A,M,ZPRMRP,90,0,Material cost incl freight
20,E,A,M,ZPRMRP,110,0,ED + [MRP-SP]
20,E,A,M,ZPRMX,60,0,Basic Price
20,E,A,M,ZPRMX,220,0,Subtotal After Tax
20,E,A,M,ZPRMX,320,0,Subtotal After PF
20,E,A,M,ZPRMX,530,0,Sub Total Before ED
20,E,A,M,ZPRNG,60,0,Basic Price
20,E,A,M,ZPRNG,220,0,Subtotal After Tax
20,E,A,M,ZPRNG,320,0,Subtotal After PF
20,E,A,M,ZPRNG,530,0,Sub Total Before ED
20,E,A,M,ZPRNZ,60,0,Basic Price
20,E,A,M,ZPRNZ,220,0,Subtotal After Tax
20,E,A,M,ZPRNZ,320,0,Subtotal After PF
20,E,A,M,ZPRSA,60,0,Basic Price
20,E,A,M,ZPRSA,220,0,Subtotal After Tax
20,E,A,M,ZPRSA,320,0,Subtotal After PF
20,E,A,M,ZPRTLU,60,0,Basic Price
20,E,A,M,ZPRTLU,220,0,Subtotal After Tax
20,E,A,M,ZPRTLU,320,0,Subtotal After PF
20,E,A,M,ZPRUK,60,0,Basic Price
20,E,A,M,ZPRUK,220,0,Subtotal After Tax
20,E,A,M,ZPRUK,320,0,Subtotal After PF
20,E,A,M,ZPRUK,530,0,Sub Total Before ED
20,E,A,M,ZPRUSA,60,0,Basic Price
20,E,A,M,ZPRUSA,320,0,Subtotal After PF
20,E,A,MS,MS0000,5,0,Price comp.-Overhead
20,E,A,MS,MS0000,10,0,Overall Pricing Components
20,E,A,MS,MS0000,22,0,Net value inc. tax
20,E,A,MS,MS0001,5,0,Relevant Value
20,E,A,ST,TAXD,200,0,Input tax
20,E,A,TX,TAXAR,110,0,Subtotal
20,E,A,TX,TAXAR,200,0,A/M
20,E,A,TX,TAXAR,300,0,E/R
20,E,A,TX,TAXAT,140,0,Non-deduct.Input Tax
20,E,A,TX,TAXAT,150,0,
20,E,A,TX,TAXAT,200,0,
20,E,A,TX,TAXAT,210,0,
20,E,A,TX,TAXBRJ,150,0,Ext. calculation
20,E,A,TX,TAXBRJ,200,0,Level 200
20,E,A,TX,TAXBRJ,300,0,Level 300
20,E,A,TX,TAXBRJ,500,0,Level 500
20,E,A,TX,TAXBRJ,700,0,Other taxes
20,E,A,TX,TAXCN,200,0,Acquisition Tax Cred
20,E,A,TX,TAXCN,210,0,Acquisition Tax Deb.
20,E,A,TX,TAXCZ,110,0,
20,E,A,TX,TAXCZ,120,0,
20,E,A,TX,TAXDK,130,0,Acquisition Tax Deb.
20,E,A,TX,TAXDK,150,0,Non-ded. Acqu. Tax
20,E,A,TX,TAXES,210,0,Acquisition Tax Deb.
20,E,A,TX,TAXF,140,0,Non-deduct.Input Tax
20,E,A,TX,TAXF,150,0,
20,E,A,TX,TAXFI,110,0,Output Tax
20,E,A,TX,TAXFI,120,0,Input tax
20,E,A,TX,TAXFI,130,0,Input tax
20,E,A,TX,TAXFI,140,0,Travel Expenses (%)
20,F,A,M,ZPRTLM,60,0,Basic Price
20,F,A,M,ZPRTLU,60,0,Basic Price
20,F,A,M,ZPRUK,60,0,Basic Price
20,F,A,M,ZPRUSA,60,0,Basic Price
20,F,A,ST,TAXD,200,0,Input tax
20,F,A,TX,TAXAR,200,0,A/M
20,F,A,TX,TAXAR,300,0,E/R
20,F,A,TX,TAXAT,200,0,
20,F,A,TX,TAXBRJ,200,0,Level 200
20,F,A,TX,TAXBRJ,300,0,Level 300
20,F,A,TX,TAXCN,200,0,Acquisition Tax Cred
20,F,A,TX,TAXFI,200,0,Non-deduct.Input Tax
20,F,A,TX,TAXIT,200,0,Acqu.Tax Outgoing-RU
20,F,A,TX,TAXIT,300,0,ventilazione
20,F,A,TX,TAXPT,200,0,Acquisition Tax Cred
20,F,A,TX,TAXUS,200,0,A/P Distributed
20,F,A,TX,TAXUS,300,0,A/P Undistributed
20,F,A,TX,TAXUSJ,200,0,Distributed to G/L
20,F,A,TX,TAXUSJ,300,0,Expensed
20,F,A,TX,ZTAXBR,200,0,Level 200
20,F,A,TX,ZTAXBR,300,0,Level 300
20,E,A,CR,CRP001,330,0,Tangible Costs
20,E,A,CR,CRP001,999,0,Replacement Price JV SCHEMA
20,E,A,CR,CRP002,999,0,Wholly Owned Replacement Price
20,E,A,CR,CRP003,999,0,Current New Price for EBC
20,E,A,F,SDFC00,950,0,Total amount
20,E,A,F,SDFC01,950,0,Total amount
20,E,A,M,RM0000,1,0,Gross price
20,E,A,M,RM0000,79,0,@3Z@Border crossing value
20,E,A,M,RM1000,1,0,Purchasing
20,E,A,M,RM5000,999,0,Gross Revenue
20,E,A,M,RM5001,999,0,Gross Revenue
20,E,A,M,RMISR1,1,0,Gross price
20,E,A,M,RMISR1,170,0,Statistical value
20,E,A,M,RMREGU,250,0,Basis del credere
20,E,A,M,RMREGU,600,0,Final amount incl. cash disc.
20,E,A,M,XFIN,145,0,Sub Total Before ED
20,E,A,M,XFIN,420,0,Base for octroi
20,E,A,M,XFIN,450,0,Total Insurance + Octroi
20,E,A,M,XFIN,550,0,Total of PF After Taxes
20,E,A,M,XFIN,570,0,Total Insurance Value
20,E,A,M,XFIN,590,0,Total Value of Octroi
20,E,A,M,XFIN,620,0,Total Stock Value
20,E,A,M,ZEMFGF,550,0,[MRP-SP]
20,E,A,M,ZEMFGF,570,0,ED+[MRP-SP]
20,E,A,M,ZEMRO7,170,0,
20,E,A,M,ZEMROC,160,0,
20,E,A,M,ZEMROC,530,0,ED(Excise Duty)
20,E,A,M,ZFIN31,570,0,Total Stock Value
20,E,A,M,ZIMP01,170,0,Assesable Value
20,E,A,M,ZIMP01,330,0,Net of CVD
20,E,A,M,ZIMPR1,170,0,Assesable Value
20,E,A,M,ZIMPR1,330,0,Net of CVD
20,E,A,M,ZIMPR2,600,0,subtotal for SAD
20,E,A,M,ZIMPR2,880,0,BASIC VALUE
20,E,A,M,ZIMPR3,1,0,
20,E,A,M,ZIMPRO,170,0,Assesable Value
20,E,A,M,ZIMPRO,330,0,Net of CVD
20,E,A,M,ZIMPRT,170,0,Assesable Value
20,E,A,M,ZIMPRT,330,0,Net of CVD
20,E,A,M,ZIMPSZ,170,0,Assesable Value
20,E,A,M,ZIMPSZ,330,0,Net of CVD
20,E,A,M,ZIMPTR,170,0,Assesable Value
20,E,A,M,ZIMPTR,330,0,Net of CVD
20,E,A,M,ZPRAU,145,0,Sub Total
20,E,A,M,ZPRAU,420,0,Total
20,E,A,M,ZPRAU,450,0,Total Insurance
20,E,A,M,ZPRAU,530,0,Sub Total Before ED
20,E,A,M,ZPRAU,550,0,Total of PF After Taxes
20,E,A,M,ZPRAU,570,0,Total Insurance Value
20,E,A,M,ZPRAU,620,0,Total Stock Value
20,E,A,M,ZPRBR,145,0,Sub Total
20,E,A,M,ZPRBR,420,0,Total
20,F,A,M,ZPRDOM,420,0,Base for octroi
20,F,A,M,ZPRDOM,450,0,Total Insurance + Octroi
20,F,A,M,ZPRDOM,520,0,Total of NAVM+NAVS
20,F,A,M,ZPRDOM,550,0,Total of PF After Taxes
20,F,A,M,ZPRDOM,570,0,Total Insurance Value
20,F,A,M,ZPRDOM,590,0,Total Value of Octroi
20,F,A,M,ZPRDOM,620,0,Total Stock Value
20,F,A,M,ZPREOU,250,0,ED (Excise Duty)
20,F,A,M,ZPREPE,145,0,Sub Total
20,F,A,M,ZPREPE,420,0,Total
20,F,A,M,ZPREPE,450,0,Total Insurance
20,F,A,M,ZPREPE,530,0,Sub Total Before ED
20,F,A,M,ZPREPE,550,0,Total of PF After Taxes
20,F,A,M,ZPREPE,570,0,Total Insurance Value
20,F,A,M,ZPREPE,620,0,Total Stock Value
20,F,A,M,ZPRLAZ,145,0,Sub Total
20,F,A,M,ZPRLAZ,420,0,Total
20,F,A,M,ZPRLAZ,450,0,Total Insurance
20,F,A,M,ZPRLAZ,530,0,Sub Total Before ED
20,F,A,M,ZPRLAZ,550,0,Total of PF After Taxes
20,F,A,M,ZPRLAZ,570,0,Total Insurance Value
20,F,A,M,ZPRLAZ,620,0,Total Stock Value
20,F,A,M,ZPRMEN,145,0,Sub Total
20,F,A,M,ZPRMEN,420,0,Total
20,F,A,M,ZPRMEN,450,0,Total Insurance
20,F,A,M,ZPRMEN,550,0,Total of PF After Taxes
20,F,A,M,ZPRMEN,570,0,Total Insurance Value
20,F,A,M,ZPRMEN,620,0,Total Stock Value
20,F,A,M,ZPRMP1,25,0,subtotal after discount
20,F,A,M,ZPRMP1,35,0,subtotal for ED
20,F,A,M,ZPRMP1,71,0,ED
20,F,A,M,ZPRMP1,73,0,Sub total incl ED
20,F,A,M,ZPRMP1,85,0,Net including tax
20,F,A,M,ZPRMP1,88,0,Excise Duty
20,F,A,M,ZPRMP1,92,0,ED + [MRP-SP]
20,F,A,M,ZPRMPI,145,0,Sub Total
20,F,A,M,ZPRMPI,420,0,Total
20,F,A,M,ZPRMPI,450,0,Total Insurance
20,F,A,M,ZPRMPI,550,0,Total of PF After Taxes
20,F,A,M,ZPRMPI,570,0,Total Insurance Value
20,F,A,M,ZPRMPI,620,0,Total Stock Value
20,F,A,M,ZPRMR2,450,0,Excise Duty+VAT
20,F,A,M,ZPRMRP,25,0,subtotal after discount
20,F,A,M,ZPRMRP,35,0,subtotal for ED
20,F,A,M,ZPRMRP,71,0,ED
20,F,A,M,ZPRMRP,73,0,Sub total incl ED
20,F,A,M,ZPRMRP,85,0,Net including tax
20,F,A,M,ZPRMRP,95,0,MRP-SP
20,F,A,M,ZPRMX,145,0,Sub Total
20,F,A,M,ZPRMX,420,0,Total
20,F,A,M,ZPRMX,450,0,Total Insurance
20,F,A,M,ZPRMX,550,0,Total of PF After Taxes
20,F,A,M,ZPRMX,570,0,Total Insurance Value
20,F,A,M,ZPRMX,620,0,Total Stock Value
20,F,A,M,ZPRNG,145,0,Sub Total
20,F,A,M,ZPRNG,420,0,Total
20,F,A,M,ZPRNG,450,0,Total Insurance
20,F,A,M,ZPRNG,550,0,Total of PF After Taxes
20,F,A,M,ZPRNG,570,0,Total Insurance Value
20,F,A,M,ZPRNG,620,0,Total Stock Value
20,F,A,M,ZPRNZ,145,0,Sub Total
20,F,A,M,ZPRNZ,420,0,Total
20,F,A,M,ZPRNZ,450,0,Total Insurance
20,F,A,M,ZPRNZ,530,0,Sub Total Before ED
20,F,A,M,ZPRNZ,550,0,Total of PF After Taxes
20,F,A,M,ZPRNZ,570,0,Total Insurance Value
20,F,A,M,ZPRNZ,620,0,Total Stock Value
20,F,A,M,ZPRPHP,145,0,Sub Total
20,F,A,M,ZPRPHP,420,0,Total
20,F,A,M,ZPRPHP,450,0,Total Insurance
20,F,A,M,ZPRPHP,530,0,Sub Total Before ED
20,F,A,M,ZPRPHP,550,0,Total of PF After Taxes
20,F,A,M,ZPRPHP,570,0,Total Insurance Value
20,F,A,M,ZEPLD1,50,0,Subtotal after packing fwdg
20,F,A,M,ZEPLD1,90,0,Net before octroi
20,F,A,M,ZEPLD1,110,0,Net after non deductible taxes
20,F,A,M,ZEPLD1,120,0,Stock value
20,F,A,M,ZEPLD1,130,0,Copy of E.D.
20,F,A,M,ZEPLD1,150,0,Net Stock Value
20,F,A,M,ZIMP01,130,0,CIF Value
20,F,A,M,ZIMP01,220,0,Subtotal before CVD
20,F,A,M,ZIMP01,310,0,Gross Value
20,F,A,M,ZIMPR1,130,0,CIF Value
20,F,A,M,ZIMPR1,220,0,Subtotal before CVD
20,F,A,M,ZIMPR1,310,0,Gross Value
20,F,A,M,ZIMPR2,500,0,subtotal after basic & customs
20,F,A,M,ZIMPR2,700,0,BASIC CUSTOMS DUTY
20,F,A,M,ZIMPR2,800,0,SUBTOTAL for CESS on CUSTOMS
20,F,A,M,ZIMPR2,900,0,Subtotal- ORCHID
20,F,A,M,ZIMPR3,5,0,
20,F,A,M,ZIMPR3,22,0,BCD+CVD+Ecess  on CVD+SCH 1%
20,F,A,M,ZIMPR3,30,0,
20,F,A,M,ZIMPR8,500,0,subtotal after basic & customs
20,F,A,M,ZIMPRO,130,0,CIF Value
20,F,A,M,ZIMPRO,210,0,Total ( Ass.Value+BCD)
20,F,A,M,ZIMPRO,310,0,Gross Value
20,F,A,M,ZIMPRT,130,0,CIF Value
20,F,A,M,ZIMPRT,210,0,Total ( Ass.Value+BCD)
20,F,A,M,ZIMPRT,220,0,
20,F,A,M,ZIMPRT,310,0,Gross Value
20,F,A,M,ZIMPSZ,130,0,CIF Value
20,F,A,M,ZIMPSZ,210,0,Total ( Ass.Value+BCD)
20,F,A,M,ZIMPSZ,310,0,Gross Value
20,F,A,M,ZIMPTR,130,0,CIF Value
20,F,A,M,ZIMPTR,210,0,Total ( Ass.Value+BCD)
20,F,A,M,ZIMPTR,310,0,Gross Value
20,F,A,M,ZPRAU,220,0,Subtotal After Tax
20,F,A,M,ZPRAU,320,0,Subtotal After PF
20,F,A,M,ZPRBR,220,0,Subtotal After Tax
20,F,A,M,ZPRBR,320,0,Subtotal After PF
20,F,A,M,ZPRCHL,220,0,Subtotal After Tax
20,F,A,M,ZPRCHL,320,0,Subtotal After PF
20,F,A,M,ZPRCP,400,0,Basic Buying Price
20,F,A,M,ZPRCP,500,0,Total=Basic BP+E.D.
20,F,A,M,ZPRDOM,220,0,Subtotal After Tax
20,F,A,M,ZPRDOM,320,0,Subtotal After PF
20,F,A,M,ZPRDOM,530,0,Sub Total Before ED
20,F,A,M,ZPREOU,30,0,Basic Buying Price
20,F,A,M,ZPREPE,220,0,Subtotal After Tax
20,F,A,M,ZPREPE,320,0,Subtotal After PF
20,F,A,M,ZPRLAZ,220,0,Subtotal After Tax
20,F,A,M,ZPRLAZ,320,0,Subtotal After PF
20,F,A,M,ZPRMEN,220,0,Subtotal After Tax
20,F,A,M,ZPRMEN,320,0,Subtotal After PF
20,F,A,M,ZPRMEN,530,0,Sub Total Before ED
20,F,A,M,ZPRMP1,70,0,Basic - Disc+Sc
20,F,A,M,ZPRMP1,90,0,MRP-SP
20,F,A,M,ZPRMPI,220,0,Subtotal After Tax
20,F,A,M,ZPRMPI,320,0,Subtotal After PF
20,F,A,M,ZPRMPI,530,0,Sub Total Before ED
20,F,A,M,ZPRMR2,50,0,sub total
20,F,A,M,ZPRMR2,400,0,Basic Buying Price
20,F,A,M,ZPRMR2,500,0,Total=Basic BP+E.D.
20,F,A,M,ZPRMRP,70,0,Basic - Disc+Sc
20,F,A,M,ZPRMRP,90,0,Material cost incl freight
20,F,A,M,ZPRMRP,110,0,ED + [MRP-SP]
20,F,A,M,ZPRMX,220,0,Subtotal After Tax
20,F,A,M,ZPRMX,320,0,Subtotal After PF
20,F,A,M,ZPRMX,530,0,Sub Total Before ED
20,F,A,M,ZPRNG,220,0,Subtotal After Tax
20,F,A,M,ZPRNG,320,0,Subtotal After PF
20,F,A,M,ZPRNG,530,0,Sub Total Before ED
20,F,A,M,ZPRNZ,220,0,Subtotal After Tax
20,F,A,M,ZPRNZ,320,0,Subtotal After PF
20,F,A,M,ZPRPHP,220,0,Subtotal After Tax
20,F,A,M,ZPRPHP,320,0,Subtotal After PF
20,E,A,M,ZIMP01,240,0,CVD+ Ecess
20,E,A,M,ZIMP01,245,0,Subtotal after CVD
20,E,A,M,ZIMP01,247,0,Total after All Duties+cess
20,E,A,M,ZIMP01,265,0,Subtotal
20,E,A,M,ZIMP01,272,0,Subtotal before Locl & Clrg
20,E,A,M,ZIMP01,325,0,
20,E,A,M,ZIMPR1,240,0,Subtotal after CVD
20,E,A,M,ZIMPR1,252,0,BCD+SCD + ADD
20,E,A,M,ZIMPR1,254,0,CVD+ Ecess
20,E,A,M,ZIMPR1,260,0,Total Customs Duty
20,E,A,M,ZIMPR1,265,0,Subtotal
20,E,A,M,ZIMPR1,268,0,
20,E,A,M,ZIMPR1,272,0,Subtotal before Locl & Clrg
20,E,A,M,ZIMPR2,750,0,EXCISE DUTY
20,E,A,M,ZIMPR2,820,0,SUBTOTAL
20,E,A,M,ZIMPR2,915,0,Subtotal
20,E,A,M,ZIMPR2,940,0,Subtotal
20,E,A,M,ZIMPR2,980,0,NET OF CENVAT
20,E,A,M,ZIMPR3,12,0,
20,E,A,M,ZIMPR3,14,0,Sub total (Basic+BCD)
20,E,A,M,ZIMPR3,16,0,
20,E,A,M,ZIMPR3,18,0,
20,E,A,M,ZIMPR3,19,0,
20,E,A,M,ZIMPR3,24,0,
20,E,A,M,ZIMPR3,26,0,
20,E,A,M,ZIMPR3,28,0,Duty payable (Total Duties)
20,E,A,M,ZIMPR3,32,0,
20,E,A,M,ZIMPR3,34,0,Basic Price
20,E,A,M,ZIMPR3,36,0,Grand total of all duties
20,E,A,M,ZIMPR3,37,0,Basic price+All ED
20,E,A,M,ZIMPR3,38,0,
20,E,A,M,ZIMPR3,44,0,
20,E,A,M,ZIMPR3,980,0,NET OF CENVAT
20,E,A,M,ZIMPR8,510,0,
20,E,A,M,ZIMPR8,512,0,
20,E,A,M,ZIMPR8,514,0,
20,E,A,M,ZIMPR8,516,0,BCD
20,E,A,M,ZIMPR8,556,0,TOTAL=(BCD+ED+CVD+SCH-1%)
20,E,A,M,ZIMPR8,558,0,
20,E,A,M,ZIMPR8,560,0,
20,E,A,M,ZIMPR8,650,0,TOTAL OF ALL DUTIES
20,E,A,M,ZIMPR8,652,0,BP
20,E,A,M,ZIMPR8,653,0,SUB-TOTAL
20,E,A,M,ZIMPR8,655,0,
20,E,A,M,ZIMPR8,657,0,
20,E,A,M,ZIMPR8,980,0,NET OF CENVAT
20,E,A,M,ZIMPRO,65,0,FOB Value
20,E,A,M,ZIMPRO,226,0,basic customs( BCD)
20,E,A,M,ZIMPRO,228,0,BCD+CVD+Ecess on CVD+SCH 1%
20,E,A,M,ZIMPRO,234,0,Asse. Value
20,E,A,M,ZIMPRO,236,0,Total duties
20,E,A,M,ZIMPRO,238,0,Total (Ass.Value+  total Dutie
20,E,A,M,ZIMPRO,242,0,CVD+ Ecess+SCH 1%-On CVD
20,E,A,M,ZIMPRO,244,0,Special Adl Duty
20,E,A,M,ZIMPRT,65,0,FOB Value
20,E,A,M,ZIMPRT,222,0,
20,E,A,M,ZIMPRT,224,0,
20,E,A,M,ZIMPRT,226,0,basic customs( BCD)
20,E,A,M,ZIMPRT,228,0,BCD+CVD+Ecess on CVD+SCH 1%
20,E,A,M,ZIMPRT,230,0,
20,E,A,M,ZIMPRT,232,0,
20,E,A,M,ZIMPRT,234,0,Asse. Value
20,E,A,M,ZIMPRT,236,0,Total duties
20,E,A,M,ZIMPRT,238,0,Total (Ass.Value+  total Dutie
20,E,A,M,ZIMPRT,240,0,
20,E,A,M,ZIMPRT,242,0,CVD+ Ecess+SCH 1%-On CVD
20,E,A,M,ZIMPRT,244,0,Special Adl Duty
20,E,A,M,ZIMPRT,322,0,
20,E,A,M,ZIMPSZ,65,0,FOB Value
20,E,A,M,ZIMPSZ,226,0,basic customs( BCD)
20,E,A,M,ZIMPSZ,228,0,BCD+CVD+Ecess on CVD+SCH 1%
20,E,A,M,ZIMPSZ,234,0,Asse. Value
20,E,A,M,ZIMPSZ,236,0,Total duties
20,D,A,TX,TAXUSJ,230,0,
20,D,A,TX,TAXUSJ,330,0,
20,D,A,TX,TAXUSJ,340,0,
20,D,A,TX,TAXUSJ,410,0,A/P Sales Tax 1 Use
20,D,A,TX,ZTAXMX,160,0,
20,D,B,V1,V10000,1,0,interne Nachricht
20,D,B,V1,V10000,10,0,
20,D,B,V1,V10000,30,0,
20,D,B,V1,V10000,40,0,Auftragsbestät. VMI
20,D,B,V1,V10001,10,0,
20,D,B,V2,V10000,10,0,Lieferschein (SMFS)
20,D,B,V2,V10001,10,0,Lieferavis Ausgang
20,D,B,V3,V10000,10,0,Rechnung
20,D,B,V3,V10000,20,0,Mail
20,D,B,V3,V10000,50,0,Rechnung VDA
20,D,B,V3,V10000,60,0,Ausfuhranmeldung
20,D,B,V3,V10000,65,0,vereinf. Ausfuhranm.
20,D,B,V3,V10000,70,0,EUR1-Dokument
20,D,B,V3,V10000,75,0,EG Ausfuhrerstattung
20,D,B,V3,V10000,80,0,Urspungszeugnis EU
20,D,B,V3,V10000,90,0,Versandanmeldung T1
20,D,B,V3,V10000,100,0,Versandanmeldung T2
20,D,B,V3,V10000,110,0,A.TR. Dokument
20,D,B,V3,V10000,111,0,Handelsrechnung - JP
20,D,B,V3,V10000,112,0,Urspr.Zeugnis Osaka
20,D,B,V3,V10000,113,0,Urspr.Zeugnis Tokyo
20,D,B,V3,V10000,114,0,Packliste Export- JP
20,D,B,V3,V10000,115,0,Export Report Japan
20,D,B,V3,V10000,120,0,Autom. Export System
20,D,B,V3,V10000,125,0,AES - Option 2
20,D,B,V3,V10000,130,0,AES - Option 3
20,D,B,V3,V10000,140,0,AES - Option 4
20,D,B,V6,2,10,0,Materialetikett
20,D,B,V7,V7ALLE,10,0,
20,D,B,V7,V7AUTO,10,0,Warenbegleitschein
20,D,B,WR,WRKF00,10,0,"ReLi, RA, Li, m. Log"
20,D,B,WR,WRPF00,10,0,"Pos., RA, m. Log-Dat"
20,D,P,PO,2,10,0,Versand-Packvorschr.
20,E,B,V1,V10000,1,0,Internal Output
20,E,B,V1,V10000,10,0,Test
20,E,B,V1,V10000,40,0,Order confirm.  VMI
20,E,B,V1,V10001,10,0,
20,E,B,V2,V10000,10,0,Delivery note (SMFS)
20,E,B,V2,V10001,10,0,Outg. ship.notifica.
20,E,B,V3,V10000,10,0,Invoice
20,E,B,V3,V10000,20,0,Mail
20,E,B,V3,V10000,50,0,Invoice VDA
20,E,B,V3,V10000,60,0,Export declaration
20,E,B,V3,V10000,65,0,VAR (Switzerland) export dec.
20,E,B,V3,V10000,70,0,EUR1 document
20,E,B,V3,V10000,75,0,EU export refund
20,E,B,V3,V10000,80,0,Certificate of Origin EU
20,E,B,V3,V10000,90,0,Shipping declaration T1
20,E,B,V3,V10000,100,0,Shipping declaration T2
20,E,B,V3,V10000,110,0,A.TR. document
20,E,B,V3,V10000,111,0,Trade Invoice - JP
20,E,B,V3,V10000,112,0,Cert. of Orig. Osaka
20,E,B,V3,V10000,113,0,Cert. or Orig. Tokyo
20,E,B,V3,V10000,114,0,Pack. List Export JP
20,E,B,V3,V10000,115,0,Export Report Japan
20,E,B,V3,V10000,120,0,Autom. Export System
20,E,B,V3,V10000,125,0,AES - Option 2
20,E,B,V3,V10000,130,0,AES - Option 3
20,E,B,V3,V10000,140,0,AES - Option 4
20,E,B,V3,V10000,150,0,Excise invoice Sales
20,E,B,V6,2,10,0,Material label
20,E,B,V7,V7ALLE,10,0,
20,E,B,V7,V7AUTO,10,0,GR/GI slip
20,E,B,WR,WRPF00,10,0,"Item, SSR with log data"
20,E,P,PO,2,10,0,Shipping packing instruction
20,E,B,V2,V10000,40,0,Marcan Delivery EDI
20,E,B,V3,V10000,200,0,Sample - EDI
20,E,B,V1,V10000,30,0,Marcan Order EDI
20,E,A,V,ZVAABM,300,0,Discount Amount
20,E,A,V,ZVAABM,900,0,Net Value 2
20,E,A,V,ZVAATM,300,0,Discount Amount
20,E,A,V,ZVAATM,900,0,Net Value 2
20,F,A,V,ICAA01,300,0,Discount Amount
20,F,A,V,ICAA01,900,0,Net value 2
20,F,A,V,PREF00,300,0,Discount Amount
20,F,A,V,PREP01,300,0,Discount Amount
20,F,A,V,RVAA02,300,0,Discount Amount
20,F,A,V,RVAAAR,900,0,Net Value 2
20,F,A,V,RVAACA,300,0,Discount Amount
20,F,A,V,RVAACA,800,0,Net Value for Item
20,F,A,V,RVAACH,300,0,Discount Amount
20,F,A,V,RVAACH,800,0,Net Value for Item
20,F,A,V,RVAACN,300,0,Discount Amount
20,F,A,V,RVAACN,800,0,Net Value for Item
20,F,A,V,RVAACO,300,0,Discount Amount
20,F,A,V,RVAACO,900,0,Net value 2
20,F,A,V,RVAAHU,300,0,Discount Amount
20,F,A,V,RVAAHU,800,0,Net Value for Item
20,F,A,V,RVAAKZ,300,0,Discount Amount
20,F,A,V,RVAAKZ,900,0,Net value 2
20,F,A,V,RVAAPL,900,0,Net price / piece
20,F,A,V,RVAARU,300,0,Discount Amount
20,F,A,V,RVAARU,800,0,Net Value for Item
20,F,A,V,RVAAUA,300,0,Discount Amount
20,F,A,V,RVAAUA,900,0,Net Value 2
20,F,A,V,RVAAUS,300,0,Discount Amount
20,F,A,V,RVAAUS,800,0,Net Value for Item
20,F,A,V,RVAAVE,300,0,Discount Amount
20,F,A,V,RVAAVE,900,0,Net value 2
20,F,A,V,RVAB01,300,0,Net Value for Item
20,F,A,V,RVAJUS,300,0,Discount Amount
20,F,A,V,RVAJUS,800,0,Net Value for Item
20,F,A,V,RVAXUD,300,0,Discount Amount
20,F,A,V,RVCA01,300,0,Discount amount
20,F,A,V,RVCA02,300,0,Discount amount
20,F,A,V,RVCA02,800,0,Net item value
20,F,A,V,RVCEU1,300,0,Discount Amount
20,F,A,V,RVCEU1,900,0,Net Value 2
20,F,A,V,RVCEU2,300,0,Net Value for Item
20,F,A,V,RVCXUS,300,0,Discount Amount
20,F,A,V,RVCXUS,900,0,Net Value 2
20,F,A,V,VKP001,300,0,Final Amount Excl. Taxes
20,F,A,V,VPKPS1,300,0,Discount Amount
20,F,A,V,VPKPS1,900,0,Net value
20,F,A,V,WWS001,300,0,Sales-Net w/o Costs
20,F,A,V,WWS002,300,0,Sales-Net w/o Costs
20,F,A,V,WWS003,300,0,Sales-Net w/o Costs
20,F,A,V,WWS004,300,0,Sales-Net w/o Costs
20,F,A,V,ZCANBR,300,0,Discount Amount
20,F,A,V,ZCANBR,900,0,Net Value 2
20,F,A,V,ZCANSA,300,0,Discount Amount
20,F,A,V,ZCANSA,900,0,Net Value 2
20,F,A,V,ZCANSR,300,0,Discount Amount
20,F,A,V,ZCANSR,900,0,Net Value 2
20,F,A,V,ZEPC01,300,0,Discount Amount
20,F,A,V,ZEPC01,900,0,Net Value 2
20,F,A,V,ZEPC02,300,0,Discount Amount
20,F,A,V,ZEPC02,900,0,Net Value 2
20,F,A,V,ZEPCRE,300,0,Discount Amount
20,F,A,V,ZEPCRE,900,0,Net Value 2
20,F,A,V,ZEPE01,300,0,Discount Amount
20,F,A,V,ZEPE01,900,0,Net Value 2
20,F,A,V,ZEPE0E,300,0,Discount Amount
20,F,A,V,ZEPE0E,900,0,Net Value 2
20,F,A,V,ZEPP01,300,0,Discount Amount
20,F,A,V,ZEPP01,900,0,Net Value 2
20,F,A,V,ZEPPRE,300,0,Discount Amount
20,F,A,V,ZEPPRE,900,0,Net Value 2
20,F,A,V,ZESA01,300,0,Discount Amount
20,F,A,V,ZESA01,900,0,Net Value 2
20,F,A,V,ZESARE,300,0,Discount Amount
20,F,A,V,RVAAHU,920,0,Total
20,F,A,V,RVAAHU,950,0,Profit Margin
20,F,A,V,RVAAKZ,400,0,Rebate basis
20,F,A,V,RVAAKZ,920,0,Total Amount
20,F,A,V,RVAAKZ,950,0,Profit Margin
20,F,A,V,RVAAPL,400,0,Loans
20,F,A,V,RVAAPL,950,0,Profit Margin
20,F,A,V,RVAARU,400,0,Rebate Basis
20,F,A,V,RVAARU,920,0,Total
20,F,A,V,RVAARU,950,0,Profit Margin
20,F,A,V,RVAAUA,400,0,Rebate Basis
20,F,A,V,RVAAUA,800,0,Net Value for Item
20,F,A,V,RVAAUA,950,0,Profit Margin
20,F,A,V,RVAAUS,400,0,Rebate Basis
20,F,A,V,RVAAUS,920,0,Total
20,F,A,V,RVAAUS,950,0,Standard - USA /w/out Jur.Code
20,F,A,V,RVAAVE,400,0,Rebate basis
20,F,A,V,RVAAVE,950,0,Profit Margin
20,F,A,V,RVAB01,400,0,Total
20,F,A,V,RVAJUS,400,0,Rebate Basis
20,F,A,V,RVAJUS,920,0,Total
20,F,A,V,RVAJUS,950,0,Standard - USA /With Jur.Code
20,F,A,V,RVAXUD,400,0,Rebate basis
20,F,A,V,RVAXUD,920,0,Total Amount
20,F,A,V,RVAXUD,950,0,Profit Margin
20,F,A,V,RVCA01,920,0,Total
20,F,A,V,RVCA01,950,0,Profit Margin
20,F,A,V,RVCA02,920,0,Total
20,F,A,V,RVCA02,950,0,Profit Margin
20,F,A,V,RVCEU1,400,0,Rebate Basis
20,F,A,V,RVCEU1,920,0,Total
20,F,A,V,RVCEU1,950,0,Profit Margin
20,F,A,V,RVCEU2,400,0,Total
20,F,A,V,RVCXUS,400,0,Rebate Basis
20,F,A,V,RVCXUS,920,0,Total
20,F,A,V,RVCXUS,950,0,Standard - USA /With Jur.Code
20,F,A,V,RVSB01,800,0,Net Value for Item
20,F,A,V,VPKPS1,920,0,Total Amount
20,F,A,V,VPKPS1,950,0,Profit Margin
20,F,A,V,WWS001,400,0,Sales-Net with Costs
20,F,A,V,WWS001,920,0,Sales-Gross
20,F,A,V,WWS002,400,0,Sales-net with costs
20,F,A,V,WWS002,920,0,Sales-Gross
20,F,A,V,WWS003,400,0,Sales (w/o Tax)
20,F,A,V,WWS004,400,0,Sales-Net with Costs
20,F,A,V,ZCANBR,400,0,Rebate Basis
20,F,A,V,ZCANBR,920,0,Total
20,F,A,V,ZCANBR,950,0,Standard - CA/with Jur. code
20,F,A,V,ZCANSA,400,0,Rebate Basis
20,F,A,V,ZCANSA,920,0,Total
20,F,A,V,ZCANSA,950,0,Standard - CA/with Jur. code
20,F,A,V,ZCANSR,400,0,Rebate Basis
20,F,A,V,ZCANSR,920,0,Total
20,F,A,V,ZCANSR,950,0,Standard - CA/with Jur. code
20,F,A,V,ZEPC01,400,0,Rebate Basis
20,F,A,V,ZEPC01,920,0,Total
20,F,A,V,ZEPC01,950,0,Profit Margin
20,F,A,V,ZEPC02,400,0,Rebate Basis
20,F,A,V,ZEPC02,920,0,Total
20,F,A,V,ZEPC02,950,0,Profit Margin
20,F,A,V,ZEPCRE,400,0,Rebate Basis
20,F,A,V,ZEPCRE,800,0,Net Value for Item
20,F,A,V,ZEPCRE,950,0,Profit Margin
20,F,A,V,ZEPE01,400,0,Rebate Basis
20,F,A,V,ZEPE01,920,0,Total
20,F,A,V,ZEPE01,950,0,Profit Margin
20,F,A,V,ZEPE0E,400,0,Rebate Basis
20,F,A,V,ZEPE0E,950,0,Profit Margin
20,F,A,V,ZEPP01,400,0,Rebate Basis
20,F,A,V,ZEPP01,950,0,Profit Margin
20,F,A,V,ZEPPRE,400,0,Rebate Basis
20,F,A,V,ZEPPRE,800,0,Net Value for Item
20,F,A,V,ZEPPRE,950,0,Profit Margin
20,E,A,V,ZLPKRE,920,0,Total
20,D,A,V,ZEPCRE,920,0,Endbetrag
20,E,A,V,ZEPCRE,920,0,Total
20,D,A,V,ZVAABM,920,0,Endbetrag
20,D,A,V,ZVAATM,920,0,Endbetrag
20,E,A,V,ZVAABM,920,0,Total
20,E,A,V,ZVAATM,920,0,Total
20,F,A,V,PREP01,920,0,Total Amount
20,F,A,V,RVAAPL,920,0,Gross price / piece
20,F,A,V,ZEPCRE,920,0,Total
20,F,A,V,ZEPE0E,920,0,Total
20,F,A,V,ZEPP01,920,0,Total
20,F,A,V,ZEPPRE,920,0,Total
20,F,A,V,ZESA01,920,0,Total
20,F,A,V,ZESARE,920,0,Total
20,F,A,V,ZLPK01,920,0,Total
20,F,A,V,ZLPKRE,920,0,Total
20,F,A,V,ZVAA01,920,0,Total
20,F,A,V,ZVAABM,920,0,Total
20,F,A,V,ZVAABR,920,0,Total
20,F,A,V,ZVAABT,920,0,Total
20,F,A,V,ZVAATM,920,0,Total
20,F,A,V,ZVAATU,920,0,Total
20,D,A,V,RVAA02,908,0,Nettowert 3
20,D,A,V,RVAACN,908,0,Nettowert 3
20,D,A,V,RVAACO,908,0,Nettowert 3
20,D,A,V,RVAAKZ,908,0,Nettowert 3
20,D,A,V,RVAARU,908,0,Nettowert 3
20,D,A,V,RVAAVE,908,0,Nettowert 3
20,D,A,V,RVSB01,920,0,Endbetrag
20,D,A,V,ZCANBR,908,0,PreisInterneVerrProz
20,D,A,V,ZCANSA,908,0,PreisInterneVerrProz
20,D,A,V,ZCANSR,908,0,PreisInterneVerrProz
20,D,A,V,ZEPE01,908,0,Nettowert 3
20,D,A,V,ZESA01,908,0,Nettowert 3
20,D,A,V,ZVAA01,908,0,Nettowert 3
20,D,A,V,ZVAABR,908,0,Nettowert 3
20,D,A,V,ZVAABT,908,0,Nettowert 3
20,D,A,V,ZVAATU,908,0,Nettowert 3
20,E,A,V,JDEPOT,375,0,Base prices
20,E,A,V,JFACT,375,0,Base prices
20,E,A,V,JSTKTR,375,0,Base prices
20,E,A,V,RVAA02,908,0,Net value 3
20,E,A,V,RVAACN,908,0,Net Value 3
20,E,A,V,RVAACO,908,0,Net value 3
20,E,A,V,RVAAKZ,908,0,Net value 3
20,E,A,V,RVAARU,908,0,Net value 3
20,E,A,V,RVAAUA,908,0,Net Value 3
20,E,A,V,RVAAUA,920,0,Total
20,E,A,V,RVAAVE,908,0,Net value 3
20,E,A,V,RVSB01,920,0,Total Amount
20,E,A,V,ZBAB1Z,375,0,Base prices
20,E,A,V,ZBABTZ,375,0,Base prices
20,E,A,V,ZEPE01,908,0,Net Value 3
20,E,A,V,ZESA01,908,0,Net Value 3
20,E,A,V,ZMRPFS,375,0,Base prices
20,E,A,V,ZPABTD,375,0,Base prices
20,E,A,V,ZPRAB1,375,0,Base prices
20,E,A,V,ZPRABT,375,0,Base prices
20,E,A,V,ZPRBDY,375,0,Base prices
20,E,A,V,ZPRBFS,375,0,Base prices
20,E,A,V,ZPRBLL,375,0,Base Price
20,E,A,V,ZPRBS1,375,0,Base prices
20,E,A,V,ZPRBS2,375,0,Base prices
20,E,A,V,ZPRBS3,375,0,Base prices
20,E,A,V,ZPRBSD,375,0,Base prices
20,E,A,V,ZPRBSE,375,0,Base prices
20,E,A,V,ZPRBSI,375,0,Base prices
20,E,A,V,ZPRFCU,375,0,Base prices
20,E,A,V,ZPRST1,375,0,Base prices
20,E,A,V,ZPRST2,375,0,Base prices
20,E,A,V,ZPRTES,375,0,Base prices
20,E,A,V,ZPSPRZ,375,0,Base prices
20,E,A,V,RVAACH,910,0,SD Standard
20,E,A,V,RVAACH,940,0,Cost
20,E,A,V,RVAACN,200,0,Discount Amount
20,E,A,V,RVAAHU,101,0,Sales Promotion
20,E,A,V,RVAAHU,102,0,Sales Promotion
20,E,A,V,RVAAHU,820,0,Order Value
20,E,A,V,RVAAHU,910,0,SD Standard
20,E,A,V,RVAAHU,940,0,Cost
20,E,A,V,RVAAPL,600,0,Discount for purchase orders
20,E,A,V,RVAARU,101,0,Sales Promotion
20,E,A,V,RVAARU,102,0,Sales Promotion
20,E,A,V,RVAARU,820,0,Order Value
20,E,A,V,RVAARU,910,0,SD Standard
20,E,A,V,RVAARU,940,0,Cost
20,E,A,V,RVAAUS,101,0,Sales Promotion
20,E,A,V,RVAAUS,102,0,Sales Promotion
20,E,A,V,RVAAUS,820,0,Order Value
20,E,A,V,RVAAUS,910,0,SD Standard
20,E,A,V,RVAAUS,940,0,Cost
20,E,A,V,RVAB01,210,0,SD Standard incl. Sales Tax
20,E,A,V,RVAJUS,101,0,Sales Promotion
20,E,A,V,RVAJUS,102,0,Sales Promotion
20,E,A,V,RVAJUS,820,0,Order Value
20,E,A,V,RVAJUS,910,0,Tax Jurisdiction Code
20,E,A,V,RVAJUS,940,0,Cost
20,E,A,V,RVBRC,60,0,Price Without ICMS/IPI
20,E,A,V,RVBRC,115,0,100' Dummy
20,E,A,V,RVBRC,150,0,100' Dummy
20,E,A,V,RVBRC,160,0,Tax Base Calculation Factor
20,E,A,V,RVBRC,600,0,Brazilian Tax Calculation
20,E,A,V,RVBRC,700,0,Total Tax Amount
20,E,A,V,RVBRC,750,0,Invoice Value (ex. Sub.Trib.)
20,E,A,V,RVBRC,782,0,Subtotal
20,E,A,V,RVBRCE,60,0,Price Without ICMS/IPI
20,E,A,V,RVBRCE,115,0,100' Dummy
20,E,A,V,RVBRCE,150,0,100' Dummy
20,E,A,V,RVBRCE,160,0,Tax Base Calculation Factor
20,E,A,V,RVBRCE,600,0,Brazilian Tax Calculation
20,E,A,V,RVBRCE,700,0,Total Tax Amount
20,E,A,V,RVBRCE,750,0,Invoice Value (ex. Sub.Trib.)
20,E,A,V,RVBRCE,782,0,Subtotal
20,E,A,V,RVBRCF,60,0,Price Without ICMS/IPI
20,E,A,V,RVBRCF,115,0,100' Dummy
20,E,A,V,RVBRCF,150,0,100' Dummy
20,E,A,V,RVBRCF,160,0,Tax Base Calculation Factor
20,E,A,V,RVBRCF,600,0,Brazilian Tax Calculation
20,E,A,V,RVBRCF,700,0,Total Tax Amount
20,E,A,V,RVBRCF,750,0,Invoice Value (ex. Sub.Trib.)
20,E,A,V,RVBRCF,782,0,Subtotal
20,E,A,V,RVBRCK,60,0,Price Without ICMS/IPI
20,E,A,V,RVBRCK,115,0,100' Dummy
20,E,A,V,RVBRCK,150,0,100' Dummy
20,E,A,V,RVBRCK,160,0,Tax Base Calculation Factor
20,E,A,V,RVBRCK,600,0,Brazilian Tax Calculation
20,E,A,V,RVBRCK,700,0,Total Tax Amount
20,E,A,V,RVBRCK,750,0,Invoice Value (ex. Sub.Trib.)
20,E,A,V,RVBRCK,782,0,Subtotal
20,E,A,V,RVBRCL,60,0,Price Without ICMS/IPI
20,E,A,V,RVBRCL,115,0,100' Dummy
20,E,A,V,RVBRCL,150,0,100' Dummy
20,E,A,V,RVBRCL,160,0,Tax Base Calculation Factor
20,E,A,V,RVBRCL,600,0,Brazilian Tax Calculation
20,E,A,V,RVBRCL,700,0,Total Tax Amount
20,E,A,V,RVBRCL,750,0,Invoice Value (ex. Sub.Trib.)
20,E,A,V,RVBRCL,782,0,Subtotal
20,E,A,V,RVCA01,101,0,Special Offer
20,E,A,V,RVCA01,102,0,Special Offer
20,E,A,V,RVCA01,820,0,Order Value
20,E,A,V,RVCA01,940,0,Stock Price
20,E,A,V,RVCA02,101,0,Special Offer
20,E,A,V,RVCA02,102,0,Special Offer
20,E,A,V,RVCA02,820,0,Order Value
20,E,A,V,RVCA02,940,0,Stock Price
20,D,A,V,ZMANSR,930,0,Skonto
20,D,A,V,ZMANSR,940,0,Verrechnungspreis
20,E,A,V,ZRBS4Z,775,0,Price + taxes
20,E,A,V,ZRBS4Z,782,0,Base Price For Discount
20,E,A,V,ZRBS4Z,790,0,Total price
20,F,A,V,ZRBS4Z,775,0,Price + taxes
20,F,A,V,ZRBS4Z,782,0,Base Price For Discount
20,F,A,V,ZRBS4Z,790,0,Total price
20,덆,A,V,ZRBS4Z,775,0,Price + taxes
20,덆,A,V,ZRBS4Z,782,0,Base Price For Discount
20,덆,A,V,ZRBS4Z,790,0,Total price
20,D,A,V,ZCANCS,101,0,Aktion
20,D,A,V,ZCANCS,102,0,Preisgrp/Mat
20,D,A,V,ZCANCS,820,0,Auftragswert
20,D,A,V,ZCANCS,910,0,State Sales Tax
20,D,A,V,ZCANCS,915,0,Rundung
20,D,A,V,ZCANCS,930,0,Skonto
20,D,A,V,ZCANCS,940,0,Verrechnungspreis
20,D,A,V,ZEPDR1,20,0,Preis Brutto
20,D,A,V,ZEPDR1,101,0,Aktion
20,D,A,V,ZEPDR1,102,0,Aktion
20,D,A,V,ZEPDR1,120,0,Variantenpreis
20,D,A,V,ZEPDR1,820,0,Auftragswert
20,D,A,V,ZEPDR1,910,0,PreisInterneVerrechn
20,D,A,V,ZEPDR1,930,0,Skonto
20,D,A,V,ZEPDR1,940,0,Verrechnungspreis
20,D,A,V,ZEPDRE,20,0,Preis Brutto
20,D,A,V,ZEPDRE,101,0,Aktion
20,D,A,V,ZEPDRE,102,0,Aktion
20,D,A,V,ZEPDRE,120,0,Variantenpreis
20,D,A,V,ZEPDRE,820,0,Auftragswert
20,D,A,V,ZEPC02,20,0,Preis Brutto
20,D,A,V,ZEPC02,101,0,Aktion
20,D,A,V,ZEPC02,102,0,Aktion
20,D,A,V,ZEPC02,120,0,Variantenpreis
20,D,A,V,ZEPC02,820,0,Auftragswert
20,D,A,V,ZEPC02,910,0,PreisInterneVerrechn
20,D,A,V,ZEPC02,940,0,Verrechnungspreis
20,D,A,V,ZVAABM,20,0,Preis Brutto
20,D,A,V,ZVAABM,101,0,Aktion
20,D,A,V,ZVAABM,102,0,Aktion
20,D,A,V,ZVAABM,120,0,Variantenpreis
20,D,A,V,ZVAABM,820,0,Auftragswert
20,D,A,V,ZVAABM,910,0,PreisInterneVerrechn
20,D,A,V,ZVAABM,940,0,Verrechnungspreis
20,D,A,V,ZVAATM,20,0,Preis Brutto
20,D,A,V,ZVAATM,101,0,Aktion
20,D,A,V,ZVAATM,102,0,Aktion
20,D,A,V,ZVAATM,120,0,Variantenpreis
20,D,A,V,ZVAATM,820,0,Auftragswert
20,D,A,V,ZVAATM,910,0,PreisInterneVerrechn
20,D,A,V,ZVAATM,940,0,Verrechnungspreis
20,E,A,V,ZRBSIS,775,0,Price + taxes
20,E,A,V,ZRBSIS,782,0,Base price for Discount
20,E,A,V,ZRBSIS,790,0,Total price
20,E,A,V,ZRBSIC,775,0,Price + taxes
20,E,A,V,ZRBSIC,782,0,Base price for Discount
20,E,A,V,ZRBSIC,790,0,Total price
20,E,A,V,ZRBSZZ,775,0,Price + taxes
20,E,A,V,ZRBSZZ,782,0,Base price for Discount
20,E,A,V,ZRBSZZ,790,0,Total price
20,F,A,V,JDEPOT,775,0,Price + taxes
20,F,A,V,JDEPOT,790,0,Total price
20,F,A,V,JFACT,775,0,Price + taxes
20,F,A,V,JFACT,790,0,Total price
20,F,A,V,JINDEP,210,0,base + ed
20,F,A,V,JINDEP,600,0,Base + ED + ST
20,F,A,V,JINFAC,210,0,base + ed
20,F,A,V,JINFAC,600,0,Base + ED + ST
20,F,A,V,JINSTO,210,0,base + ed
20,F,A,V,JSTKTR,790,0,Total price
20,F,A,V,PABR01,10,0,Settlement Price Header
20,F,A,V,PABR02,10,0,Settlement Price Item
20,E,A,V,ZPRBSI,425,0,Base prices + E.Tax
20,E,A,V,ZRABTZ,425,0,Base prices + E.Tax
20,E,A,V,ZWBAB1,425,0,Base prices + E.Tax
20,E,A,V,ZWBABD,425,0,Base prices + E.Tax
20,E,A,V,ZWBABT,425,0,Base prices + E.Tax
20,E,A,V,ZWBBDY,425,0,Base prices + E.Tax
20,E,A,V,ZWBBSE,425,0,Base prices + E.Tax
20,E,A,V,ZWBBSI,425,0,Base prices + E.Tax
20,D,A,V,ZEPE0E,914,0,Skonto
20,D,A,V,ZEPPRE,914,0,Skonto
20,D,A,V,ZEPC01,914,0,Skonto
20,D,A,V,ZEPCRE,914,0,Skonto
20,D,A,V,ZMANBR,11,0,Preis
20,D,A,V,ZMANBR,13,0,Preis Brutto
20,D,A,V,ZMANBR,103,0,Kunde/Material
20,D,A,V,ZMANBR,104,0,Kundenrabatt
20,D,A,V,ZMANBR,105,0,Material
20,D,A,V,ZMANBR,106,0,Preisgruppe
20,D,A,V,ZMANBR,107,0,Materialgruppe
20,D,A,V,ZMANBR,108,0,Kunde/MatGrp
20,D,A,V,ZMANBR,109,0,Preisgrp/MatGrp
20,D,A,V,ZMANBR,111,0,Hierarchie
20,D,A,V,ZMANBR,112,0,Hierarchie/Material
20,D,A,V,ZMANBR,302,0,Preis
20,D,A,V,ZMANBR,310,0,Preis Netto
20,D,A,V,ZMANBR,320,0,Mindestpreis
20,D,A,V,ZMANBR,815,0,Fracht
20,D,A,V,ZMANBR,890,0,Skonto
20,D,A,V,ZMANBR,901,0,Gruppenbonus
20,D,A,V,ZMANBR,902,0,Materialbonus
20,D,A,V,ZMANBR,903,0,Kundenbonus
20,D,A,V,ZMANBR,904,0,Hierarchiebonus
20,D,A,V,ZMANBR,905,0,Hierarchiebonus/Mat
20,D,A,V,ZMANBR,909,0,PreisInterneVerrechn
20,D,A,V,ZMANBR,911,0,Tax Jur Code Level 1
20,D,A,V,ZMANBR,912,0,Tax Jur Code Level 2
20,D,A,V,ZMANBR,932,0,Delkredere
20,D,A,V,ZMANBR,970,0,Erwart. Kundenpreis
20,D,A,V,ZMANBR,971,0,Erwart. Kundenwert
20,D,A,V,ZMANDC,11,0,Preis
20,D,A,V,ZMANDC,13,0,Preis Brutto
20,D,A,V,ZMANDC,103,0,Kunde/Material
20,D,A,V,ZMANDC,104,0,Kundenrabatt
20,D,A,V,ZMANDC,105,0,Material
20,D,A,V,ZMANDC,106,0,Preisgruppe
20,D,A,V,ZMANDC,107,0,Materialgruppe
20,D,A,V,ZMANDC,108,0,Kunde/MatGrp
20,D,A,V,ZMANDC,109,0,Preisgrp/MatGrp
20,D,A,V,ZMANDC,111,0,Hierarchie
20,D,A,V,ZMANDC,112,0,Hierarchie/Material
20,D,A,V,ZMANDC,302,0,Preis
20,D,A,V,ZMANDC,310,0,Preis Netto
20,D,A,V,ZMANDC,320,0,Mindestpreis
20,D,A,V,ZMANDC,815,0,Fracht
20,D,A,V,ZMANDC,890,0,Skonto
20,D,A,V,ZMANDC,901,0,Gruppenbonus
20,D,A,V,ZMANDC,902,0,Materialbonus
20,D,A,V,ZMANDC,903,0,Kundenbonus
20,D,A,V,ZMANDC,904,0,Hierarchiebonus
20,D,A,V,ZMANDC,905,0,Hierarchiebonus/Mat
20,D,A,V,ZMANDC,909,0,PreisInterneVerrechn
20,D,A,V,ZMANDC,911,0,Tax Jur Code Level 1
20,D,A,V,ZMANDC,912,0,Tax Jur Code Level 2
20,D,A,V,ZMANDC,932,0,Delkredere
20,D,A,V,ZMANDC,970,0,Erwart. Kundenpreis
20,D,A,V,ZMANDC,971,0,Erwart. Kundenwert
20,D,A,V,ZMANSA,11,0,Preis
20,D,A,V,ZMANSA,13,0,Preis Brutto
20,D,A,V,ZMANSA,103,0,Kunde/Material
20,D,A,V,ZMANSA,104,0,Kundenrabatt
20,D,A,V,ZMANSA,105,0,Material
20,D,A,V,ZMANSA,106,0,Preisgruppe
20,D,A,V,ZMANSA,107,0,Materialgruppe
20,D,A,V,ZVAABR,919,0,Rundung
20,D,A,V,ZVAABR,941,0,Herstellkosten
20,D,A,V,ZVAABT,8,0,Istkosten
20,D,A,V,ZVAABT,909,0,PreisInterneVerrProz
20,D,A,V,ZVAABT,914,0,Skonto
20,D,A,V,ZVAABT,915,0,Ausgangssteuer
20,D,A,V,ZVAABT,919,0,Rundung
20,D,A,V,ZVAABT,941,0,Herstellkosten
20,D,A,V,ZVAATU,8,0,Istkosten
20,D,A,V,ZVAATU,909,0,PreisInterneVerrProz
20,D,A,V,ZVAATU,915,0,Ausgangssteuer
20,D,A,V,ZVAATU,919,0,Rundung
20,D,A,V,ZVAATU,941,0,Herstellkosten
20,D,A,V,ZVAGBT,915,0,Ausgangssteuer
20,E,A,V,JDEPOT,475,0,Base prices  + BED
20,E,A,V,JDEPOT,525,0,BASE+BED+AED
20,E,A,V,JDEPOT,575,0,Base + BED+AED+SED
20,E,A,V,JDEPOT,625,0,Base + BED+AED+SED+cess
20,E,A,V,JFACT,475,0,Base prices  + BED
20,E,A,V,JFACT,525,0,BASE+BED+AED
20,E,A,V,JFACT,575,0,Base + BED+AED+SED
20,E,A,V,JFACT,625,0,Base + BED+AED+SED+cess
20,E,A,V,JINDEP,405,0,Copy of base value
20,E,A,V,JINDEP,420,0,Base + BED + AED + SED
20,E,A,V,JINFAC,405,0,Copy of base value
20,E,A,V,JINFAC,420,0,Base + BED + AED + SED
20,E,A,V,JINSTO,405,0,Copy of base value
20,E,A,V,JINSTO,420,0,Base + BED + AED + SED
20,E,A,V,JSTKTR,475,0,Base prices  + BED
20,E,A,V,JSTKTR,525,0,BASE+BED+AED
20,E,A,V,JSTKTR,575,0,Base + BED+AED+SED
20,E,A,V,JSTKTR,625,0,Base + BED+AED+SED+cess
20,E,A,V,POS100,201,0,Gross value
20,E,A,V,POS100,216,0,Valuation Price - Sales
20,E,A,V,POS100,220,0,Price difference
20,E,A,V,POS100,390,0,Sales Price
20,E,A,V,POS100,395,0,Total Header Discount
20,E,A,V,POS100,512,0,Valuation by Purchase Price
20,E,A,V,POS100,610,0,Total Item Discount
20,E,A,V,POS100,620,0,Price difference
20,E,A,V,POS100,630,0,Total Header Discount
20,E,A,V,POS100,690,0,Total Discount
20,E,A,V,PREF00,810,0,Preference Basis
20,E,A,V,RVAAAR,925,0,Total cost
20,E,A,V,RVAACA,911,0,Total incl. GST
20,E,A,V,RVAACA,917,0,PST (Base+GST) Cdn
20,E,A,V,RVAACN,290,0,Skonto
20,E,A,V,RVAACN,911,0,Net Value (ANZ)
20,E,A,V,RVAACN,925,0,Total
20,E,A,V,RVAACO,926,0,Total Amount
20,E,A,V,RVAARU,925,0,Rounding
20,E,A,V,RVAARU,926,0,Total Amount
20,E,A,V,RVAAVE,926,0,Total Amount
20,E,A,V,RVAB01,290,0,Net Price
20,E,A,V,RVAB01,320,0,Order Value
20,E,A,V,RVAB01,420,0,Value of Goods
20,E,A,V,RVAB01,530,0,Profit Margin
20,E,A,V,RVAB02,99,0,Final Amount Gross Prices
20,E,A,V,RVAB02,199,0,Gross Discounts
20,E,A,V,RVAB02,280,0,Gross Total
20,E,A,V,RVAB02,824,0,Price (Gross)
20,E,A,V,RVAB02,827,0,Net Price
20,E,A,V,RVAB02,844,0,Gross Discounts
20,E,A,V,RVAB02,847,0,Net Discounts
20,E,A,V,RVAB02,850,0,Value of Goods
20,E,A,V,RVAB02,880,0,Total Amount
20,E,A,V,RVAJUS,911,0,Tax Jurisdiction Code
20,E,A,V,RVAJUS,912,0,Tax Jurisdiction Code
20,E,A,V,RVAJUS,913,0,Tax Jurisdiction Code
20,E,A,V,RVAXUD,305,0,Rebate basis
20,E,A,V,RVAXUD,970,0,Customer Expected Price
20,E,A,V,RVBRC,45,0,Price Including Infl. Adj.
20,E,A,V,RVBRC,90,0,100' Dummy
20,F,A,V,JSTKTR,625,0,Base + BED+AED+SED+cess
20,F,A,V,POS100,201,0,Gross value
20,F,A,V,POS100,216,0,Valuation Price - Sales
20,F,A,V,POS100,220,0,Price difference
20,F,A,V,POS100,390,0,Sales Price
20,F,A,V,POS100,395,0,Total Header Discount
20,F,A,V,POS100,512,0,Valuation by Purchase Price
20,F,A,V,POS100,610,0,Total Item Discount
20,F,A,V,POS100,620,0,Price difference
20,F,A,V,POS100,630,0,Total Header Discount
20,F,A,V,POS100,690,0,Total Discount
20,F,A,V,PREF00,810,0,Preference Basis
20,F,A,V,RVAAAR,925,0,Total cost
20,F,A,V,RVAACA,911,0,Total incl. GST
20,F,A,V,RVAACA,917,0,PST (Base+GST) Cdn
20,F,A,V,RVAACN,290,0,Skonto
20,F,A,V,RVAACN,911,0,Net Value (ANZ)
20,F,A,V,RVAACN,925,0,Total
20,F,A,V,RVAACO,926,0,Total Amount
20,F,A,V,RVAARU,925,0,Rounding
20,F,A,V,RVAARU,926,0,Total Amount
20,F,A,V,RVAAVE,926,0,Total Amount
20,F,A,V,RVAB01,290,0,Net Price
20,F,A,V,RVAB01,320,0,Order Value
20,F,A,V,RVAB01,420,0,Value of Goods
20,F,A,V,RVAB01,530,0,Profit Margin
20,F,A,V,RVAB02,99,0,Final Amount Gross Prices
20,F,A,V,RVAB02,199,0,Gross Discounts
20,F,A,V,RVAB02,280,0,Gross Total
20,F,A,V,RVAB02,824,0,Price (Gross)
20,F,A,V,RVAB02,827,0,Net Price
20,F,A,V,RVAB02,844,0,Gross Discounts
20,F,A,V,RVAB02,847,0,Net Discounts
20,F,A,V,RVAB02,850,0,Value of Goods
20,F,A,V,RVAB02,880,0,Total Amount
20,F,A,V,RVAJUS,911,0,Tax Jurisdiction Code
20,F,A,V,RVAJUS,912,0,Tax Jurisdiction Code
20,F,A,V,RVAJUS,913,0,Tax Jurisdiction Code
20,F,A,V,RVAXUD,305,0,Rebate basis
20,F,A,V,RVAXUD,970,0,Customer Expected Price
20,F,A,V,RVBRC,45,0,Price Including Infl. Adj.
20,F,A,V,RVBRC,90,0,100' Dummy
20,F,A,V,RVBRC,312,0,Price Including Tax
20,F,A,V,RVBRC,710,0,Tax Base
20,F,A,V,RVBRC,778,0,Take Greater Value
20,F,A,V,RVBRC,785,0,Minus ICMS (1)
20,F,A,V,RVBRC,793,0,Invoice (ex. Sub.Trib.)
20,F,A,V,RVBRC,795,0,Total Invoice Value
20,F,A,V,RVBRCE,45,0,Price Including Infl. Adj.
20,F,A,V,RVBRCE,90,0,100' Dummy
20,F,A,V,RVBRCE,710,0,Tax Base Amount
20,F,A,V,RVBRCE,778,0,Take Greater Value
20,F,A,V,RVBRCE,793,0,Invoice (ex. Sub.Trib.)
20,F,A,V,RVBRCE,795,0,Total Invoice Value
20,F,A,V,RVBRCF,45,0,Price Including Infl. Adj.
20,F,A,V,RVBRCF,90,0,100' Dummy
20,F,A,V,RVBRCF,710,0,Tax Base Amount
20,F,A,V,RVBRCF,778,0,Take Greater Value
20,F,A,V,RVBRCF,793,0,Invoice (ex. Sub.Trib.)
20,F,A,V,RVBRCF,795,0,Total Invoice Value
20,F,A,V,RVBRCK,45,0,Price Including Infl. Adj.
20,F,A,V,RVBRCK,90,0,100' Dummy
20,F,A,V,RVBRCK,710,0,Tax Base Amount
20,F,A,V,RVBRCK,778,0,Take Greater Value
20,F,A,V,RVBRCK,793,0,Invoice (ex. Sub.Trib.)
20,F,A,V,RVBRCK,795,0,Total Invoice Value
20,F,A,V,RVBRCL,45,0,Price Including Infl. Adj.
20,F,A,V,RVBRCL,90,0,100' Dummy
20,F,A,V,RVBRCL,710,0,Tax Base Amount
20,F,A,V,RVBRCL,778,0,Take Greater Value
20,F,A,V,RVBRCL,793,0,Invoice (ex. Sub.Trib.)
20,F,A,V,RVBRCL,795,0,Total Invoice Value
20,F,A,V,RVCA02,935,0,Net value 3
20,D,A,TX,TAXBRC,775,0,
20,D,A,TX,TAXBRC,780,0,
20,D,A,TX,TAXBRC,805,0,=== Zona Franca ==============
20,D,A,TX,TAXBRC,809,0,take icms for ZF
20,D,A,TX,TAXBRC,850,0,==== sonstige Steuern =====
20,D,A,TX,TAXBRC,865,0,==== Reimbursement =====
20,D,A,TX,TAXBRC,870,0,
20,D,A,TX,TAXBRC,875,0,
20,D,A,TX,TAXBRC,880,0,
20,D,A,TX,TAXBRC,885,0,
20,D,A,TX,TAXBRC,890,0,
20,D,A,TX,TAXBRC,895,0,
20,D,A,TX,TAXBRC,900,0,=== Dummy  zero tax  (FF718)
20,D,A,TX,TAXUSX,100,0,Basisbetrag
20,D,A,TX,TAXUSX,105,0,Formelaufruf
20,D,A,TX,TAXUSX,200,0,Verteilt auf G/L
20,D,A,TX,TAXUSX,210,0,A/P Sales Tax 1 Inv.
20,D,A,TX,TAXUSX,220,0,A/P Sales Tax 2 Inv.
20,D,A,TX,TAXUSX,230,0,A/P Sales Tax 3 Inv.
20,D,A,TX,TAXUSX,240,0,A/P Sales Tax 4 Inv.
20,D,A,TX,TAXUSX,250,0,A/P Sales Tax 5 Inv.
20,D,A,TX,TAXUSX,260,0,A/P Sales Tax 6 Inv.
20,D,A,TX,TAXUSX,300,0,Expensed
20,D,A,TX,TAXUSX,310,0,A/P Sales Tax 1 Exp.
20,D,A,TX,TAXUSX,320,0,A/P Sales Tax 2 Exp.
20,D,A,TX,TAXUSX,330,0,A/P Sales Tax 3 Exp.
20,D,A,TX,TAXUSX,340,0,A/P Sales Tax 4 Exp.
20,D,A,TX,TAXUSX,350,0,A/P Sales Tax 5 Exp
20,D,A,TX,TAXUSX,360,0,A/P Sales Tax 6 Exp
20,D,A,TX,TAXUSX,400,0,Self-assessment
20,D,A,TX,TAXUSX,410,0,A/P Sales Tax 1 Use
20,D,A,TX,TAXUSX,420,0,A/P Sales Tax 2 Use
20,D,A,TX,TAXUSX,430,0,A/P Sales Tax 3 Use
20,D,A,TX,TAXUSX,440,0,A/P Sales Tax 4 Use
20,D,A,TX,TAXUSX,450,0,A/P Sales Tax 5 Use
20,D,A,TX,TAXUSX,460,0,A/P Sales Tax 6 Use
20,D,A,TX,TAXUSX,500,0,Accrued
20,D,A,TX,TAXUSX,510,0,A/R Sales Tax 1
20,D,A,TX,TAXUSX,520,0,A/R Sales Tax 2
20,D,A,TX,TAXUSX,530,0,A/R Sales Tax 3
20,D,A,TX,TAXUSX,540,0,A/R Sales Tax 4
20,D,A,TX,TAXUSX,550,0,A/R Sales Tax 5
20,D,A,TX,TAXUSX,560,0,A/R Sales Tax 6
20,E,A,TX,TAXBRC,25,0,Base + Discount
20,E,A,TX,TAXBRC,30,0,10^n of the Base
20,E,A,TX,TAXBRC,35,0,Recall Discount  <BDIS>
20,E,A,TX,TAXBRC,40,0,Discount Rate   (*10^n)
20,E,A,TX,TAXBRC,99,0,====  ICMS Industrialization =
20,E,A,TX,TAXBRC,120,0,10^n
20,E,A,TX,TAXBRC,125,0,Net value + ICMS (iic)
20,E,A,TX,TAXBRC,130,0,Recall ICMS Rate*Base
20,E,A,TX,TAXBRC,135,0,10^n
20,E,A,TX,TAXBRC,140,0,(Net+Disc) Incl. ICMS
20,E,A,TX,TAXBRC,145,0,Discount Incl. ICMS
20,E,A,TX,TAXBRC,155,0,ICMS Amount
20,E,A,TX,TAXBRC,165,0,Net value + ICMS
20,E,A,TX,TAXBRC,170,0,Calculate excl./oth. base ICMS
20,E,A,TX,TAXBRC,190,0,ICMS Exempt Industr.
20,E,A,TX,TAXBRC,195,0,ICMS Ind.Clear.Off.
20,E,A,TX,TAXBRC,205,0,==== IPI Calculation =========
20,E,A,TX,TAXBRC,210,0,Net+Disc+(ICMS if active)
20,E,A,TX,TAXBRC,220,0,(Net+Disc) incl. ICMS
20,E,A,TX,TAXBRC,250,0,Net value + ICMS
20,E,A,TX,TAXBRC,255,0,Net+ ICMS + IPI
20,E,A,TX,TAXBRC,265,0,Net+ ICMS (+ IPI if active)
20,E,A,TX,TAXBRC,294,0,==== ICMS over IPI ===========
20,E,A,TX,TAXBRC,295,0,Recall 10^n
20,E,A,TX,TAXBRC,300,0,Recall IPI Rate_fn * 10^n
20,E,A,TX,TAXBRC,305,0,Sum  10°n * (1 + IPI Rate FN)
20,E,A,TX,TAXBRC,310,0,(1+ IPI fn - disrate) * 10^n
20,E,A,TX,TAXBRC,325,0,Discount Rate
20,E,A,TX,TAXBRC,330,0,Total
20,E,A,TX,TAXBRC,335,0,Recall 10^n
20,F,A,TX,TAXUSX,450,0,A/P Sales Tax 5 Use
20,F,A,TX,TAXUSX,460,0,A/P Sales Tax 6 Use
20,F,A,TX,TAXUSX,500,0,Accrued
20,F,A,TX,TAXUSX,510,0,A/R Sales Tax 1
20,F,A,TX,TAXUSX,520,0,A/R Sales Tax 2
20,F,A,TX,TAXUSX,530,0,A/R Sales Tax 3
20,F,A,TX,TAXUSX,540,0,A/R Sales Tax 4
20,F,A,TX,TAXUSX,550,0,A/R Sales Tax 5
20,F,A,TX,TAXUSX,560,0,A/R Sales Tax 6
20,D,A,M,RMISR0,1,0,Bruttopreis
20,D,A,M,RMISR0,3,0,Bruttowert
20,D,A,M,RMISR0,110,0,Mindermenge (proz)
20,D,A,M,RMISR0,112,0,Palettenrabatt
20,D,A,M,RMISR0,114,0,Anbruchzuschlag
20,D,A,M,RMISR0,115,0,Positionsnettowert incl. Rab.
20,D,A,M,RMISR0,116,0,
20,D,A,M,RMISR0,118,0,
20,D,A,M,RMISR0,120,0,Nettowert incl Rab.
20,D,A,M,RMISR0,121,0,Nicht abz. Vorsteuer
20,D,A,M,RMISR0,122,0,Nettowert incl Vst.
20,D,A,M,RMISR0,131,0,Fracht (Rückst.) %
20,D,A,M,RMISR0,132,0,Neutrale % Rückstel.
20,D,A,M,RMISR0,135,0,Skonto
20,D,A,M,RMISR0,137,0,Bonus
20,D,A,M,RMISR0,138,0,Materialbonus
20,D,A,M,RMISR0,140,0,Effektivwert
20,D,A,M,RMISR0,170,0,Grenzübergangswert
20,D,A,M,RMISR0,300,0,
20,D,A,M,RMISR0,310,0,VKP excl. Steuer
20,D,A,M,RMISR0,340,0,Deckungsbeitrag
20,E,A,M,RMISR0,1,0,Gross Price
20,E,A,M,RMISR0,3,0,Gross Value
20,E,A,M,RMISR0,110,0,Minimum Quantity
20,E,A,M,RMISR0,112,0,Pallet Discount
20,E,A,M,RMISR0,114,0,Incomp.Pallet Surch.
20,E,A,M,RMISR0,115,0,Item Net Value Inc. Discount
20,E,A,M,RMISR0,120,0,Net value incl. disc.
20,E,A,M,RMISR0,121,0,Non-deductible tax
20,E,A,M,RMISR0,122,0,Net incl. tax
20,E,A,M,RMISR0,131,0,Freight (Provision)%
20,E,A,M,RMISR0,132,0,Neutral % Provision
20,E,A,M,RMISR0,135,0,Cash discount
20,E,A,M,RMISR0,137,0,Rebates
20,E,A,M,RMISR0,138,0,Material rebate
20,E,A,M,RMISR0,140,0,Effective value
20,E,A,M,RMISR0,170,0,Statistical Value
20,E,A,M,RMISR0,300,0,
20,E,A,M,RMISR0,310,0,Sales Price excl. Tax
20,E,A,M,RMISR0,340,0,Profit Margin
20,E,A,TX,TAXCAJ,120,0,Subtotal
20,E,A,TX,TAXCAJ,200,0,Federal Taxes
20,E,A,TX,TAXCAJ,210,0,A/P Federal
20,E,A,TX,TAXCAJ,300,0,Distributed Prov.
20,F,A,M,RMISR0,1,0,Gross Price
20,F,A,M,RMISR0,3,0,Gross Value
20,F,A,M,RMISR0,110,0,Minimum Quantity
20,F,A,M,RMISR0,112,0,Pallet Discount
20,F,A,M,RMISR0,114,0,Incomp.Pallet Surch.
20,F,A,M,RMISR0,115,0,Item Net Value Inc. Discount
20,F,A,M,RMISR0,120,0,Net value incl. disc.
20,F,A,M,RMISR0,121,0,Non-deductible tax
20,F,A,M,RMISR0,122,0,Net incl. tax
20,F,A,M,RMISR0,131,0,Freight (Provision)%
20,F,A,M,RMISR0,132,0,Neutral % Provision
20,F,A,M,RMISR0,135,0,Cash discount
20,F,A,M,RMISR0,137,0,Rebates
20,F,A,M,RMISR0,138,0,Material rebate
20,F,A,M,RMISR0,140,0,Effective value
20,F,A,M,RMISR0,170,0,Statistical Value
20,F,A,M,RMISR0,300,0,
20,F,A,M,RMISR0,310,0,Sales Price excl. Tax
20,F,A,M,RMISR0,340,0,Profit Margin
20,F,A,M,ZPRMPN,100,0,Net avec remise
20,E,A,M,ZPRTLM,145,0,Sub Total
20,E,A,M,ZPRTLM,420,0,Total
20,E,A,M,ZPRTLM,450,0,Total Insurance
20,E,A,M,ZPRTLM,530,0,Sub Total Before ED
20,E,A,M,ZPRTLM,550,0,Total of PF After Taxes
20,E,A,M,ZPRTLM,570,0,Total Insurance Value
20,E,A,M,ZPRTLM,620,0,Total Stock Value
20,E,A,M,ZPRMPN,220,0,Subtotal before Tax
20,E,A,M,ZPRMPN,420,0,Total
20,F,A,M,ZPRMPN,60,0,Prix de base
20,E,A,M,ZPRMPN,60,0,Basic Price
20,E,A,M,ZPRDPR,60,0,Basic Price
20,E,A,M,ZPRDPR,145,0,Sub Total
20,E,A,M,ZPRDPR,220,0,Subtotal After Tax
20,E,A,M,ZPRDPR,320,0,Subtotal After PF
20,E,A,M,ZPRDPR,420,0,Total
20,E,A,M,ZPRDPR,450,0,Total Insurance
20,E,A,M,ZPRDPR,530,0,Sub Total Before ED
20,E,A,M,ZPRDPR,550,0,Total of PF After Taxes
20,E,A,M,ZPRDPR,570,0,Total Insurance Value
20,E,A,M,ZPRDPR,620,0,Total Stock Value
20,F,A,M,ZPRDPR,60,0,Basic Price
20,덆,A,M,ZPRDPR,60,0,Basic Price
20,E,A,KA,Z001,90,0,Other OH -Plant_EP09
20,E,A,KA,Z002,10,0,Material
20,E,A,KA,Z002,30,0,Production
20,D,A,KA,A00000,10,0,Material
20,D,A,KA,A00001,10,0,Material
20,D,A,KA,A00002,10,0,Material
20,D,A,KA,A00003,10,0,Material
20,D,A,KA,A00004,10,0,Material
20,D,A,KA,A00005,10,0,Material
20,D,A,KA,PP-PC2,10,0,Material
20,E,A,KA,A00000,10,0,Material
20,E,A,KA,A00001,10,0,Material
20,E,A,KA,A00002,10,0,Material
20,E,A,KA,A00003,10,0,Material
20,E,A,KA,A00004,10,0,Material
20,E,A,KA,A00005,10,0,Material
20,E,A,KA,PP-PC2,10,0,Material
20,F,A,KA,A00000,10,0,Material
20,F,A,KA,A00001,10,0,Material
20,F,A,KA,A00002,10,0,Material
20,F,A,KA,A00003,10,0,Material
20,F,A,KA,A00004,10,0,Material
20,F,A,KA,A00005,10,0,Material
20,F,A,KA,PP-PC2,10,0,Material
20,F,A,MS,MS0000,10,0,Overall Pricing Components
20,D,A,CR,CRP001,200,0,Berichtigter Preis
20,D,A,CR,CRP001,300,0,Preis einschließlich Steuer
20,D,A,CR,CRP002,10,0,CRP Base Price
20,D,A,CR,CRP003,10,0,
20,D,A,F,SDFC00,300,0,Bruttofracht
20,D,A,F,SDFC01,300,0,Bruttofracht
20,D,A,KA,A00000,60,0,Fertigungskosten....
20,D,A,KA,A00001,60,0,Fertigungskosten....
20,D,A,KA,A00002,60,0,Fertigungskosten....
20,D,A,KA,A00003,60,0,Fertigungskosten....
20,D,A,KA,A00004,60,0,Fertigungskosten....
20,D,A,KA,A00005,60,0,Fertigungskosten....
20,D,A,KA,A00006,60,0,Fertigungskosten....
20,D,A,KA,A00007,60,0,Fertigungskosten....
20,D,A,KA,PP-PC1,10,0,Material
20,D,A,KA,PP-PC1,60,0,Fertigungskosten
20,D,A,KA,PP-PC2,60,0,Fertigungskosten
20,D,A,KA,PP-PC3,10,0,Verkauf Eigenerzeug.
20,D,A,M,RM2000,200,0,Bezugsnebenkosten
20,D,A,M,RM5000,200,0,Materialbonus
20,D,A,M,RM6000,200,0,Nettowert
20,D,A,M,RM6001,200,0,Nettowert
20,D,A,M,RM6002,200,0,Nettowert
20,D,A,M,RMIMP0,10,0,Transaktionswert
20,D,A,M,RMIMP0,60,0,Transaktionswert
20,E,A,TX,TAXFI,150,0,Non-deduct.Input Tax
20,E,A,TX,TAXFI,200,0,Non-deduct.Input Tax
20,E,A,TX,TAXFI,210,0,Acquisition Tax Deb.
20,E,A,TX,TAXINJ,110,0,Calculated Call
20,E,A,TX,TAXINJ,120,0,Sub total
20,E,A,TX,TAXINJ,210,0,Sub-total  Ecess Inventory
20,E,A,TX,TAXINJ,220,0,IN C Sales tax inv.
20,E,A,TX,TAXINJ,530,0,IN: AR LST
20,E,A,TX,TAXINN,110,0,Calculated Call
20,E,A,TX,TAXINN,120,0,Sub total
20,E,A,TX,TAXIT,200,0,Acqu.Tax Outgoing-RU
20,E,A,TX,TAXIT,210,0,Acqu.Tax Inc.- Ro.up
20,E,A,TX,TAXIT,300,0,ventilazione
20,E,A,TX,TAXJP,120,0,
20,E,A,TX,TAXMX,110,0,Sumptuary Tax
20,E,A,TX,TAXMX,120,0,Output Tax
20,E,A,TX,TAXMX,130,0,
20,E,A,TX,TAXMX,140,0,
20,E,A,TX,TAXMX,150,0,
20,E,A,TX,TAXNO,110,0,
20,E,A,TX,TAXNO,130,0,Non-deduct.Input Tax
20,E,A,TX,TAXNO,310,0,Investment Tax Norw.
20,E,A,TX,TAXNO,320,0,Offsett.Item-Inv.Tax
20,E,A,TX,TAXPT,110,0,Round.Up Output Tax
20,E,A,TX,TAXPT,120,0,Input tax
20,E,A,TX,TAXPT,140,0,Non-deduct.Input Tax
20,E,A,TX,TAXPT,150,0,Non-deduct.Input Tax
20,E,A,TX,TAXPT,200,0,Acquisition Tax Cred
20,E,A,TX,TAXPT,210,0,Acquisition Tax Deb.
20,E,A,TX,TAXRU,150,0,Total output tax
20,E,A,TX,TAXTW,110,0,Output Tax
20,E,A,TX,TAXTW,120,0,Input tax
20,E,A,TX,TAXUS,200,0,A/P Distributed
20,E,A,TX,TAXUS,300,0,A/P Undistributed
20,E,A,TX,TAXUS,400,0,A/P Use Tax Distributed
20,E,A,TX,TAXUS,500,0,A/R Sales Tax
20,E,A,TX,TAXUSJ,120,0,Subtotal
20,E,A,TX,TAXUSJ,200,0,Distributed to G/L
20,E,A,TX,TAXUSJ,300,0,Expensed
20,E,A,TX,TAXUSJ,400,0,Self-assessment
20,E,A,TX,TAXUSJ,500,0,Accrued
20,E,A,TX,TAXVE,110,0,Output tax
20,E,A,TX,TAXVE,120,0,Input tax
20,E,A,TX,TAXVE,130,0,Travel Expenses (%)
20,E,A,TX,TAXVE,140,0,Non-deduct.Input Tax
20,E,A,TX,TAXVE,150,0,Non-deduct.Input Tax
20,E,A,TX,ZDUBAI,110,0,Calculated Call
20,E,A,TX,ZDUBAI,120,0,Sub total
20,E,A,TX,ZEMN,110,0,Calculated Call
20,E,A,TX,ZEMN,120,0,SubTotal
20,E,A,TX,ZTAXBR,150,0,Ext. calculation
20,E,A,TX,ZTAXBR,200,0,Level 200
20,E,A,TX,ZTAXBR,300,0,Level 300
20,E,A,TX,ZTAXBR,500,0,Level 500
20,E,A,TX,ZTAXBR,700,0,Other taxes
20,E,A,TX,ZTAXEM,110,0,Calculated Call
20,E,A,TX,ZTAXEM,120,0,Sub total
20,E,A,TX,ZTAXIN,110,0,Calculated Call
20,E,A,TX,ZTAXIN,120,0,Sub total
20,E,A,TX,ZTXINJ,110,0,Calculated Call
20,E,A,TX,ZTXINJ,120,0,Sub total
20,E,A,TX,ZTXINN,110,0,Calculated Call
20,E,A,TX,ZTXINN,120,0,Sub total
20,E,A,M,ZPRPHP,60,0,Basic Price
20,E,A,M,ZPRPHP,220,0,Subtotal After Tax
20,E,A,M,ZPRPHP,320,0,Subtotal After PF
20,E,A,M,ZPRLAZ,60,0,Basic Price
20,E,A,M,ZPRLAZ,220,0,Subtotal After Tax
20,E,A,M,ZPRLAZ,320,0,Subtotal After PF
20,E,A,M,ZPRLAZ,530,0,Sub Total Before ED
20,E,A,M,ZPRCHL,60,0,Basic Price
20,E,A,M,ZPRCHL,220,0,Subtotal After Tax
20,E,A,M,ZPRCHL,320,0,Subtotal After PF
20,F,A,CR,CRP003,325,0,
20,F,A,CR,CRP003,335,0,
20,F,A,CR,CRP003,999,0,Current New Price for EBC
20,F,A,CS,SAP000,190,0,Computation base
20,F,A,CS,SAP000,390,0,Surcharges
20,F,A,F,SDFC00,950,0,Total amount
20,F,A,F,SDFC01,950,0,Total amount
20,F,A,KA,Z001,61,0,Other OH -LL Plant
20,F,A,KA,Z001,63,0,Other OH -Plant_EP04
20,F,A,KA,Z001,64,0,Other OH -Plant_EP04
20,F,A,KA,Z001,66,0,Other OH -Plant_EP18
20,F,A,KA,Z001,67,0,Other OH -Plant_EP18
20,F,A,KA,Z001,69,0,Other OH -Plant_EP16
20,F,A,KA,Z001,72,0,Other OH -Plant_EP24
20,F,A,KA,Z001,73,0,Other OH -Plant_EP24
20,F,A,KA,Z001,75,0,Other OH -Plant_EP26
20,F,A,KA,Z001,76,0,Other OH -Plant_EP26
20,F,A,KA,Z001,78,0,Other OH -Plant_EP27
20,F,A,KA,Z001,79,0,Other OH -Plant_EP27
20,F,A,KA,Z001,81,0,Other OH -Plant_EP22
20,F,A,KA,Z001,82,0,Other OH -Plant_EP22
20,F,A,KA,Z001,84,0,Other OH -Plant_EP28
20,F,A,KA,Z001,85,0,Other OH -Plant_EP28
20,F,A,M,JRM000,15,0,Net including price and dis
20,F,A,M,JRM000,19,0,Net value incl. disc. + freigh
20,F,A,M,RM0000,1,0,Gross price
20,F,A,M,RM0000,4,0,Incl. gold surcharge
20,F,A,M,RM0000,21,0,Non-deductible tax
20,F,A,M,RM0000,37,0,Rebates
20,F,A,M,RM0000,38,0,Material rebate
20,F,A,M,RM0000,79,0,@3Z@Border crossing value
20,F,A,M,RM1000,1,0,Purchasing
20,F,A,M,RM5000,0,0,Basis
20,F,A,M,RM5000,799,0,Calculated Revenue
20,F,A,M,RM5000,999,0,Gross Revenue
20,F,A,M,RM5001,999,0,Gross Revenue
20,F,A,M,RMISR1,1,0,Gross price
20,F,A,M,RMISR1,8,0,Surcharge % on Net
20,F,A,M,RMISR1,121,0,Non-Deductible Tax
20,F,A,M,RMISR1,122,0,Net incl. tax
20,F,A,M,RMISR1,131,0,Freight %
20,F,A,M,RMISR1,170,0,Statistical value
20,F,A,M,RMISR1,340,0,Profit Margin
20,F,A,M,RMREGU,250,0,Basis del credere
20,F,A,M,RMREGU,260,0,Rebate basis
20,F,A,M,RMREGU,600,0,Final amount incl. cash disc.
20,F,A,M,XFIN,145,0,Sub Total Before ED
20,F,A,M,XFIN,147,0,Base value for Man. Excise
20,F,A,M,XFIN,420,0,Base for octroi
20,F,A,M,XFIN,450,0,Total Insurance + Octroi
20,F,A,M,XFIN,520,0,Total of NAVM+NAVS
20,F,A,M,XFIN,550,0,Total of PF After Taxes
20,F,A,M,XFIN,570,0,Total Insurance Value
20,F,A,M,XFIN,590,0,Total Value of Octroi
20,F,A,M,XFIN,620,0,Total Stock Value
20,F,A,M,ZEMFGF,215,0,Basic Value
20,F,A,M,ZEMFGF,520,0,MRP-STax
20,F,A,M,ZEMFGF,550,0,[MRP-SP]
20,F,A,M,ZEMFGF,560,0,ED
20,F,A,M,ZEMFGF,570,0,ED+[MRP-SP]
20,F,A,M,ZEMRO7,65,0,
20,F,A,M,ZEMRO7,166,0,Customs - Orchid-BCD
20,F,A,M,ZEMRO7,168,0,ED(Excise Duty)
20,F,A,M,ZEMRO7,170,0,
20,F,A,M,ZEMRO7,171,0,BCD+ED
20,F,A,M,ZEMRO7,520,0,Basic Buying Price
20,F,A,M,ZEMRO7,525,0,BCD -CUSTOME DUTY
20,F,A,M,ZEMRO7,531,0,CESS ON ED
20,F,A,M,ZEMRO7,540,0,B.P+ALL DUTIES
20,F,A,M,ZEMRO7,545,0,
20,F,A,M,ZEMRO7,560,0,MRP-[BP+ALL DUTIES)
20,F,A,M,ZEMROC,155,0,
20,F,A,M,ZEMROC,160,0,
20,F,A,TX,TAXINJ,510,0,IN: A/R BED
20,F,A,TX,TAXINJ,511,0,
20,F,A,TX,TAXINJ,512,0,IN: A/R AED
20,F,A,TX,TAXINJ,513,0,IN: A/R SED
20,F,A,TX,TAXINJ,514,0,IN: A/R Cess
20,F,A,TX,TAXINJ,515,0,sub total
20,F,A,TX,TAXINJ,520,0,IN: A/R CST
20,F,A,TX,TAXINJ,540,0,IN: A/R CST Surcharg
20,F,A,TX,TAXINJ,550,0,IN: AR LST Surcharg
20,F,A,TX,TAXINJ,558,0,Tax-Food Prod.(Raj)
20,F,A,TX,TAXINJ,585,0,Total excise duty
20,F,A,TX,TAXINJ,588,0,Copy net price
20,F,A,TX,TAXINJ,590,0,Price + ED
20,F,A,TX,TAXINJ,600,0,Net price(BP)
20,F,A,TX,TAXINJ,740,0,
20,F,A,TX,TAXINN,585,0,Total excise duty
20,F,A,TX,TAXINN,588,0,Copy net price
20,F,A,TX,TAXINN,590,0,Price + ED
20,F,A,TX,TAXINN,600,0,Net price + ED + ST
20,F,A,TX,TAXMX,160,0,
20,F,A,TX,TAXSE,125,0,Non-deduct.Input Tax
20,F,A,TX,TAXUSJ,410,0,A/P Sales Tax 1 Use
20,F,A,TX,ZDUBAI,222,0,ED for Ecess Setoff-
20,F,A,TX,ZDUBAI,223,0,ED for Ecess Inventory-
20,F,A,TX,ZDUBAI,234,0,Excise Duty w/o Ecess
20,F,A,TX,ZDUBAI,235,0,Total Duties
20,F,A,TX,ZDUBAI,236,0,Base
20,F,A,TX,ZDUBAI,237,0,Base+Total Duties
20,F,A,TX,ZDUBAI,270,0,SET OFF+LST (TOTAL) OR CST(TOT
20,F,A,TX,ZDUBAI,515,0,sub total
20,F,A,TX,ZDUBAI,585,0,Total excise duty
20,F,A,TX,ZDUBAI,588,0,Copy net price
20,F,A,TX,ZDUBAI,590,0,Price + ED
20,F,A,TX,ZDUBAI,600,0,Net price(BP)
20,F,A,TX,ZTAXEM,215,0,BASE+all duties
20,F,A,TX,ZTAXEM,231,0,SET OFF+LST (TOTAL) OR CST(TOT
20,F,A,TX,ZTAXEM,515,0,sub total
20,F,A,TX,ZTAXEM,585,0,Total excise duty
20,F,A,TX,ZTAXEM,588,0,Copy net price
20,F,A,TX,ZTAXEM,590,0,Price + ED
20,F,A,TX,ZTAXEM,600,0,Net price + ED + ST
20,F,A,TX,ZTAXIN,222,0,ED for Ecess Setoff-
20,F,A,TX,ZTAXIN,223,0,ED for Ecess Inventory-
20,F,A,TX,ZTAXIN,234,0,Excise Duty w/o Ecess
20,F,A,TX,ZTAXIN,235,0,Total Duties
20,F,A,TX,ZTAXIN,236,0,Base
20,F,A,TX,ZTAXIN,237,0,Base+Total Duties
20,F,A,TX,ZTAXIN,270,0,SET OFF+LST (TOTAL) OR CST(TOT
20,F,A,TX,ZTAXIN,515,0,sub total
20,F,A,TX,ZTAXIN,585,0,Total excise duty
20,F,A,TX,ZTAXIN,588,0,Copy net price
20,F,A,TX,ZTAXIN,590,0,Price + ED
20,F,A,TX,ZTAXIN,600,0,Net price(BP)
20,F,A,TX,ZTXINJ,215,0,BASE+all duties
20,F,A,TX,ZTXINJ,515,0,sub total
20,F,A,TX,ZTXINJ,585,0,Total excise duty
20,F,A,TX,ZTXINJ,588,0,Copy net price
20,F,A,TX,ZTXINJ,590,0,Price + ED
20,F,A,TX,ZTXINJ,600,0,Net price + ED + ST
20,F,A,TX,ZTXINN,265,0,Total A/P Service Tax
20,F,A,TX,ZTXINN,266,0,Base Total
20,F,A,TX,ZTXINN,290,0,Total A/p Service Tax
20,F,A,TX,ZTXINN,291,0,Base Amount
20,F,A,TX,ZTXINN,292,0,Total Base Amount + A/p ST
20,F,A,TX,ZTXINN,585,0,Total Excise Duty
20,F,A,TX,ZTXINN,588,0,Copy Net Price
20,F,A,TX,ZTXINN,589,0,Price + ED
20,F,A,TX,ZTXINN,620,0,Subtotal-Excise W/o Ecess
20,F,A,TX,ZTXINN,621,0,Basis for Sale Tax
20,F,A,TX,ZTXINN,680,0,Basic Price + Total Excise
20,F,A,TX,ZTXINN,681,0,Total Ecess + Secess
20,F,A,TX,ZTXINN,682,0,Basic Price+ Excies+ Ecess
20,F,A,TX,ZTXINN,710,0,Total Taxes
20,F,A,TX,ZDUBAI,120,0,Sub total
20,F,A,TX,ZEMN,110,0,Calculated Call
20,F,A,TX,ZEMN,120,0,SubTotal
20,F,A,TX,ZTAXBR,150,0,Ext. calculation
20,F,A,TX,ZTAXBR,500,0,Level 500
20,F,A,TX,ZTAXBR,700,0,Other taxes
20,F,A,TX,ZTAXEM,110,0,Calculated Call
20,F,A,TX,ZTAXEM,120,0,Sub total
20,F,A,TX,ZTAXIN,110,0,Calculated Call
20,F,A,TX,ZTAXIN,120,0,Sub total
20,F,A,TX,ZTXINJ,110,0,Calculated Call
20,F,A,TX,ZTXINJ,120,0,Sub total
20,F,A,TX,ZTXINN,110,0,Calculated Call
20,F,A,TX,ZTXINN,120,0,Sub total
20,E,A,CR,CRP001,315,0,Price incl freight & transport
20,E,A,CR,CRP001,325,0,
20,E,A,CR,CRP001,335,0,
20,E,A,CR,CRP002,35,0,
20,E,A,CR,CRP003,325,0,
20,E,A,CR,CRP003,335,0,
20,E,A,CS,SAP000,190,0,Computation base
20,E,A,CS,SAP000,390,0,Surcharges
20,E,A,M,JRM000,15,0,Net including price and dis
20,E,A,M,JRM000,19,0,Net value incl. disc. + freigh
20,E,A,M,RM0000,4,0,Incl. gold surcharge
20,E,A,M,RM0000,21,0,Non-deductible tax
20,E,A,M,RM0000,37,0,Rebates
20,E,A,M,RM0000,38,0,Material rebate
20,E,A,M,RM5000,0,0,Basis
20,E,A,M,RM5000,799,0,Calculated Revenue
20,E,A,M,RMISR1,8,0,Surcharge % on Net
20,E,A,M,RMISR1,121,0,Non-Deductible Tax
20,E,A,M,RMISR1,122,0,Net incl. tax
20,E,A,M,RMISR1,131,0,Freight %
20,E,A,M,RMISR1,340,0,Profit Margin
20,E,A,M,RMREGU,260,0,Rebate basis
20,E,A,M,XFIN,147,0,Base value for Man. Excise
20,E,A,M,XFIN,520,0,Total of NAVM+NAVS
20,E,A,M,ZEMFGF,215,0,Basic Value
20,E,A,M,ZEMFGF,520,0,MRP-STax
20,E,A,M,ZEMFGF,560,0,ED
20,E,A,M,ZEMRO7,65,0,
20,E,A,M,ZEMRO7,166,0,Customs - Orchid-BCD
20,E,A,M,ZEMRO7,168,0,ED(Excise Duty)
20,E,A,M,ZEMRO7,171,0,BCD+ED
20,E,A,M,ZEMRO7,520,0,Basic Buying Price
20,E,A,M,ZEMRO7,525,0,BCD -CUSTOME DUTY
20,E,A,M,ZEMRO7,531,0,CESS ON ED
20,E,A,M,ZEMRO7,540,0,B.P+ALL DUTIES
20,E,A,M,ZEMRO7,545,0,
20,E,A,M,ZEMRO7,560,0,MRP-[BP+ALL DUTIES)
20,E,A,M,ZEMROC,155,0,
20,E,A,M,ZEMROC,520,0,Basic Buying Price
20,E,A,M,ZEMROC,540,0,B.P+ED(Basic Buying Price +ED)
20,E,A,M,ZEMROC,560,0,MRP-[BP+ED]
20,E,A,M,ZEPLD,15,0,Net including discount
20,E,A,M,ZEPLD,72,0,Subtotal2
20,E,A,M,ZEPLD,81,0,Subtotal 3
20,E,A,M,ZEPLD,96,0,Subtotal4
20,E,A,M,ZEPLD,115,0,Subtotal for insurance
20,E,A,M,ZEPLD1,15,0,Net including discount
20,E,A,M,ZEPLD1,18,0,Subtotal
20,E,A,M,ZEPLD1,72,0,Subtotal2
20,E,A,M,ZEPLD1,81,0,Subtotal 3
20,E,A,M,ZEPLD1,96,0,Subtotal4
20,E,A,M,ZEPLD1,115,0,Subtotal for insurance
20,E,A,M,ZEPLD1,123,0,
20,E,A,M,ZFIN31,215,0,Basic Value
20,E,A,M,ZFIN31,265,0,BASIC+P & F + freight
20,E,A,M,ZFIN31,285,0,Copy of BASIC+P & F + Freight
20,E,A,M,ZFIN31,295,0,Base for Octroi
20,E,A,M,ZIMP01,65,0,FOB Value
20,E,A,M,ZIMP01,238,0,BCD+SCD + ADD
20,D,A,TX,TAXPT,140,0,Vorst. n. abz. n. zu
20,D,A,TX,TAXPT,150,0,Vorst. n. abz. zuord
20,D,A,TX,TAXPT,210,0,Erwerbsteuer Eingang
20,D,A,TX,TAXTW,120,0,Vorsteuer
20,D,A,TX,TAXUS,400,0,A/P Use Tax distribu
20,D,A,TX,TAXUS,500,0,A/R Sales Tax
20,D,A,TX,TAXUSJ,120,0,Subtotal
20,D,A,TX,TAXUSJ,210,0,
20,D,A,TX,TAXUSJ,220,0,
20,D,A,TX,TAXUSJ,310,0,
20,D,A,TX,TAXUSJ,320,0,
20,D,A,TX,TAXUSJ,400,0,Self-assessment
20,D,A,TX,TAXUSJ,500,0,Accrued
20,D,A,TX,TAXVE,120,0,Vorsteuer
20,D,A,TX,TAXVE,130,0,Reisekosten (vom H)
20,D,A,TX,TAXVE,140,0,Vorst. n. abz. n. zu
20,D,A,TX,TAXVE,150,0,Vorst. n. abz. zuord
20,D,A,TX,ZTAXBR,150,0,Ext. Kalkulation
20,D,A,TX,ZTAXBR,500,0,Level 500
20,D,A,TX,ZTAXBR,700,0,Sonstige Steuern
20,D,A,TX,ZTAXMX,120,0,Ausgangssteuer
20,D,A,TX,ZTAXMX,130,0,
20,D,A,TX,ZTAXMX,140,0,
20,D,A,TX,ZTAXMX,150,0,
20,D,A,TX,ZTAXCL,130,0,
20,D,A,TX,ZTAXCL,140,0,
20,D,A,TX,TAXMT,210,0,Erwerbst.Eingang-Auf
20,D,A,TX,ZTAXMT,210,0,Erwerbst.Eingang-Auf
20,D,A,CR,CRP001,315,0,Preis einschl. Fracht/Transp.
20,D,A,CR,CRP001,325,0,
20,D,A,CR,CRP001,330,0,Tangible Costs
20,D,A,CR,CRP001,335,0,
20,D,A,CR,CRP001,999,0,Replacement price JV SCHEMA
20,D,A,CR,CRP002,35,0,
20,D,A,CR,CRP002,999,0,Wholly Owned Replacement Price
20,D,A,CR,CRP003,325,0,
20,D,A,CR,CRP003,335,0,
20,D,A,CR,CRP003,999,0,Current New Price for EBC
20,D,A,CS,SAP000,190,0,Berechnungs-Basis
20,D,A,CS,SAP000,390,0,Zuschläge
20,D,A,F,SDFC00,950,0,Gesamtbertag
20,D,A,F,SDFC01,950,0,Gesamtbertag
20,D,A,M,RM0000,1,0,Bruttopreis
20,D,A,M,RM0000,4,0,enth. Goldzuschlag
20,D,A,M,RM0000,21,0,Nicht abz. Vorsteuer
20,D,A,M,RM0000,37,0,Bonus
20,D,A,M,RM0000,38,0,Materialbonus
20,D,A,M,RM0000,79,0,@3Z@Grenzübergangswert
20,D,A,M,RM1000,1,0,Einkauf
20,D,A,M,RM5000,799,0,Abgerechnete Erträge
20,D,A,M,RM5000,999,0,Ertrag brutto
20,D,A,M,RM5001,999,0,Ertrag brutto
20,D,A,M,RMISR1,1,0,Bruttopreis
20,D,A,M,RMISR1,8,0,Zuschlag % vom Netto
20,D,A,M,RMISR1,121,0,Nicht abz. Vorsteuer
20,D,A,M,RMISR1,122,0,Nettowert incl Vst.
20,D,A,M,RMISR1,131,0,Fracht %
20,D,A,M,RMISR1,170,0,Grenzübergangswert
20,D,A,M,RMISR1,340,0,Deckungsbeitrag
20,D,A,M,RMREGU,250,0,Basis Delkredere
20,D,A,M,RMREGU,260,0,Bonusbasis
20,D,A,M,RMREGU,600,0,Endbetrag incl. Skonto
20,D,A,MS,MS0000,12,0,Gesamtpreis
20,D,A,MS,MS0000,13,0,relevanter Wert
20,D,A,MS,MS0000,14,0,Bruttowert
20,D,A,MS,MS0000,15,0,Zuschlag % vom Netto
20,D,A,TX,TAXAR,250,0,Subtotal
20,D,A,TX,TAXAR,410,0,Subtotal
20,D,A,TX,TAXB,170,0,Erwerbsteuer Ausgang
20,D,A,TX,TAXB,180,0,Erwerbsteuer Eingang
20,D,A,TX,TAXF,160,0,
20,D,A,TX,TAXMX,160,0,
20,D,A,TX,TAXSE,125,0,Vorst. n. abz. zuord
20,F,A,V,ZESARE,900,0,Net Value 2
20,F,A,V,ZLPK01,300,0,Discount Amount
20,F,A,V,ZLPK01,900,0,Net Value 2
20,F,A,V,ZLPKRE,300,0,Discount Amount
20,F,A,V,ZLPKRE,900,0,Net Value 2
20,F,A,V,ZTI008,900,0,Total Tax
20,F,A,V,ZVAA01,300,0,Discount Amount
20,F,A,V,ZVAA01,900,0,Net Value 2
20,F,A,V,ZVAABM,300,0,Discount Amount
20,F,A,V,ZVAABM,900,0,Net Value 2
20,F,A,V,ZVAABR,300,0,Discount Amount
20,F,A,V,ZVAABR,900,0,Net Value 2
20,F,A,V,ZVAABT,300,0,Discount Amount
20,F,A,V,ZVAABT,900,0,Net Value 2
20,F,A,V,ZVAATM,300,0,Discount Amount
20,F,A,V,ZVAATM,900,0,Net Value 2
20,F,A,V,ZVAATU,300,0,Discount Amount
20,F,A,V,ZVAATU,900,0,Net Value 2
20,D,A,V,ICAA01,800,0,Positionsnetto
20,D,A,V,RVAA02,800,0,Positionsnetto
20,D,A,V,RVAACO,800,0,Positionsnetto
20,D,A,V,RVAAKZ,800,0,Positionsnetto
20,D,A,V,RVAAVE,800,0,Positionsnetto
20,D,A,V,RVAXUD,800,0,Positionsnetto
20,D,A,V,RVCEU1,800,0,Positionsnetto
20,D,A,V,RVCXUS,800,0,Positionsnetto
20,D,A,V,VPKPS1,800,0,Positionsnetto
20,D,A,V,ZCANBR,800,0,Positionsnetto
20,D,A,V,ZCANSA,800,0,Positionsnetto
20,D,A,V,ZCANSR,800,0,Positionsnetto
20,D,A,V,ZEPE01,800,0,Positionsnetto
20,D,A,V,ZVAATU,800,0,Positionsnetto
20,E,A,V,ICAA01,800,0,Net Value for Item
20,E,A,V,RVAA02,800,0,Net Value for Item
20,E,A,V,RVAACO,800,0,Net Value for Item
20,E,A,V,RVAAKZ,800,0,Net Value for Item
20,E,A,V,RVAAVE,800,0,Net Value for Item
20,E,A,V,RVAXUD,800,0,Net Value for Item
20,E,A,V,RVCEU1,800,0,Net Value for Item
20,E,A,V,RVCXUS,800,0,Net Value for Item
20,E,A,V,VPKPS1,800,0,Net Value for Item
20,E,A,V,ZCANBR,800,0,Net Value for Item
20,E,A,V,ZCANSA,800,0,Net Value for Item
20,E,A,V,ZCANSR,800,0,Net Value for Item
20,E,A,V,ZEPE01,800,0,Net Value for Item
20,E,A,V,ZVAATU,800,0,Net Value for Item
20,D,A,V,ZEPE0E,800,0,Positionsnetto
20,E,A,V,ZEPE0E,800,0,Net Value for Item
20,D,A,V,ZESARE,800,0,Positionsnetto
20,E,A,V,ZESARE,800,0,Net Value for Item
20,D,A,V,ZEPP01,800,0,Positionsnetto
20,E,A,V,ZEPP01,800,0,Net Value for Item
20,D,A,V,ZEPC01,800,0,Positionsnetto
20,E,A,V,ZEPC01,800,0,Net Value for Item
20,S,A,V,ZEPE01,800,0,Valor neto del ítem
20,S,A,V,ZEPC01,800,0,Valor neto del ítem
20,D,A,V,ZEPC02,800,0,Positionsnetto
20,E,A,V,ZEPC02,800,0,Net Value for Item
20,S,A,V,ZEPC02,800,0,Valor neto del ítem
20,D,A,V,ZVAATM,800,0,Positionsnetto
20,E,A,V,ZVAATM,800,0,Net Value for Item
20,F,A,V,ICAA01,800,0,Net Value for Item
20,F,A,V,RVAA02,800,0,Net Value for Item
20,F,A,V,RVAACO,800,0,Net Value for Item
20,F,A,V,RVAAKZ,800,0,Net Value for Item
20,F,A,V,RVAAVE,800,0,Net Value for Item
20,F,A,V,RVAXUD,800,0,Net Value for Item
20,F,A,V,RVCA01,800,0,Net item value
20,F,A,V,RVCEU1,800,0,Net Value for Item
20,F,A,V,RVCXUS,800,0,Net Value for Item
20,F,A,V,VPKPS1,800,0,Net Value for Item
20,F,A,V,ZCANBR,800,0,Net Value for Item
20,F,A,V,ZCANSA,800,0,Net Value for Item
20,E,A,V,ZLPK01,950,0,Profit Margin
20,E,A,V,ZLPKRE,400,0,Rebate Basis
20,E,A,V,ZLPKRE,800,0,Net Value for Item
20,E,A,V,ZLPKRE,950,0,Profit Margin
20,D,A,V,ZEPC01,400,0,Bonusbasis
20,D,A,V,ZEPC01,920,0,Endbetrag
20,D,A,V,ZEPC01,950,0,Deckungsbeitrag
20,D,A,V,ZEPCRE,400,0,Bonusbasis
20,D,A,V,ZEPCRE,800,0,Positionsnetto
20,D,A,V,ZEPCRE,950,0,Deckungsbeitrag
20,E,A,V,ZEPC01,400,0,Rebate Basis
20,E,A,V,ZEPC01,920,0,Total
20,E,A,V,ZEPC01,950,0,Profit Margin
20,E,A,V,ZEPCRE,400,0,Rebate Basis
20,E,A,V,ZEPCRE,800,0,Net Value for Item
20,E,A,V,ZEPCRE,950,0,Profit Margin
20,S,A,V,ZEPE01,400,0,Base reembolso
20,S,A,V,ZEPE01,920,0,Total
20,S,A,V,ZEPE01,950,0,Margen de beneficio
20,S,A,V,ZEPC01,400,0,Base reembolso
20,S,A,V,ZEPC01,920,0,Total
20,S,A,V,ZEPC01,950,0,Margen de beneficio
20,D,A,V,ZEPC02,400,0,Bonusbasis
20,D,A,V,ZEPC02,920,0,Endbetrag
20,D,A,V,ZEPC02,950,0,Deckungsbeitrag
20,E,A,V,ZEPC02,400,0,Rebate Basis
20,E,A,V,ZEPC02,920,0,Total
20,E,A,V,ZEPC02,950,0,Profit Margin
20,S,A,V,ZEPC02,400,0,Base reembolso
20,S,A,V,ZEPC02,920,0,Total
20,S,A,V,ZEPC02,950,0,Margen de beneficio
20,E,A,V,ZTI001,800,0,Invoice Value
20,E,A,V,ZTI002,800,0,Invoice Value
20,E,A,V,ZTI003,800,0,Invoice Value
20,E,A,V,ZTI004,800,0,Invoice Value
20,E,A,V,ZTI005,800,0,Invoice Value
20,E,A,V,ZTI006,800,0,Invoice Value
20,I,A,V,ZTI001,800,0,Valore della fattura
20,I,A,V,ZTI002,800,0,Valore della fattura
20,I,A,V,ZTI003,800,0,Valore della fattura
20,I,A,V,ZTI004,800,0,Valore della fattura
20,I,A,V,ZTI005,800,0,Valore della fattura
20,I,A,V,ZTI006,800,0,Valore della fattura
20,E,A,V,ZTI008,950,0,Invoice Value
20,I,A,V,ZTI008,950,0,Valore della fattura
20,D,A,V,ZVAABM,400,0,Bonusbasis
20,D,A,V,ZVAABM,800,0,Positionsnetto
20,D,A,V,ZVAABM,950,0,Deckungsbeitrag
20,D,A,V,ZVAATM,400,0,Bonusbasis
20,D,A,V,ZVAATM,950,0,Deckungsbeitrag
20,E,A,V,ZVAABM,400,0,Rebate Basis
20,E,A,V,ZVAABM,800,0,Net Value for Item
20,E,A,V,ZVAABM,950,0,Profit Margin
20,E,A,V,ZVAATM,400,0,Rebate Basis
20,E,A,V,ZVAATM,950,0,Profit Margin
20,F,A,V,ICAA01,400,0,Rebate basis
20,F,A,V,ICAA01,920,0,Total
20,F,A,V,ICAA01,950,0,Profit Margin
20,F,A,V,POS100,400,0,Minus Header Discounts
20,F,A,V,PREF00,800,0,Net Value for Item
20,F,A,V,PREP01,800,0,Net Value for Item
20,F,A,V,RVAA02,400,0,Rebate basis
20,F,A,V,RVAA02,920,0,Total Amount
20,F,A,V,RVAA02,950,0,Profit Margin
20,F,A,V,RVAACA,920,0,Total
20,F,A,V,RVAACA,950,0,Profit Margin
20,F,A,V,RVAACH,920,0,Total
20,F,A,V,RVAACH,950,0,Profit Margin
20,F,A,V,RVAACN,400,0,Rebate Basis
20,F,A,V,RVAACN,950,0,Profit Margin
20,F,A,V,RVAACO,400,0,Rebate basis
20,F,A,V,RVAACO,950,0,Profit Margin
20,F,A,V,RVAAHU,400,0,Rebate Basis
20,F,A,V,RVAAKZ,908,0,Net value 3
20,F,A,V,RVAARU,908,0,Net value 3
20,F,A,V,RVAAUA,908,0,Net Value 3
20,F,A,V,RVAAUA,920,0,Total
20,F,A,V,RVAAVE,908,0,Net value 3
20,F,A,V,RVSB01,920,0,Total Amount
20,F,A,V,ZBAB1Z,375,0,Base prices
20,F,A,V,ZBABTZ,375,0,Base prices
20,F,A,V,ZEPC01,908,0,Net Value 3
20,F,A,V,ZEPC02,908,0,Net Value 3
20,F,A,V,ZEPCRE,908,0,Net Value 3
20,F,A,V,ZEPE01,908,0,Net Value 3
20,F,A,V,ZEPE0E,908,0,Net Value 3
20,F,A,V,ZEPP01,908,0,Net Value 3
20,F,A,V,ZEPPRE,908,0,Net Value 3
20,F,A,V,ZESA01,908,0,Net Value 3
20,F,A,V,ZESARE,908,0,Net Value 3
20,F,A,V,ZLPK01,908,0,Net Value 3
20,F,A,V,ZLPKRE,908,0,Net Value 3
20,F,A,V,ZMRPFS,375,0,Base prices
20,F,A,V,ZPABTD,375,0,Base prices
20,F,A,V,ZPRAB1,375,0,Base prices
20,F,A,V,ZPRABT,375,0,Base prices
20,F,A,V,ZPRBDY,375,0,Base prices
20,F,A,V,ZPRBFS,375,0,Base prices
20,F,A,V,ZPRBLL,375,0,Base Price
20,F,A,V,ZPRBS1,375,0,Base prices
20,F,A,V,ZPRBS2,375,0,Base prices
20,F,A,V,ZPRBS3,375,0,Base prices
20,F,A,V,ZPRBSD,375,0,Base prices
20,F,A,V,ZPRBSE,375,0,Base prices
20,F,A,V,ZPRBSI,375,0,Base prices
20,F,A,V,ZPRFCU,375,0,Base prices
20,F,A,V,ZPRST1,375,0,Base prices
20,F,A,V,ZPRST2,375,0,Base prices
20,F,A,V,ZPRTES,375,0,Base prices
20,F,A,V,ZPSPRZ,375,0,Base prices
20,F,A,V,ZRAB1Z,375,0,Base prices
20,F,A,V,ZRABTZ,375,0,Base prices
20,F,A,V,ZRBFSZ,375,0,Base prices
20,F,A,V,ZRBINS,375,0,Base prices
20,F,A,V,ZRBLLZ,375,0,Base Price
20,F,A,V,ZRBS1N,375,0,Base prices
20,F,A,V,ZRBS1Z,375,0,Base prices
20,F,A,V,ZRBS2N,375,0,Base prices
20,F,A,V,ZRBS2Z,375,0,Base prices
20,F,A,V,ZRBS3N,375,0,Base prices
20,F,A,V,ZRBS3Z,375,0,Base prices
20,F,A,V,ZRBSD1,375,0,Base prices
20,F,A,V,ZRBSDE,375,0,Base prices
20,F,A,V,ZRBSDY,375,0,Base prices
20,F,A,V,ZRBSDZ,375,0,Base prices
20,F,A,V,ZRBSIC,375,0,Base prices
20,F,A,V,ZRBSIN,375,0,Base prices
20,F,A,V,ZRBSIS,375,0,Base prices
20,F,A,V,ZRBSIZ,375,0,Base prices
20,F,A,V,ZRBSZZ,375,0,Base prices
20,F,A,V,ZRPFAZ,375,0,Base prices
20,F,A,V,ZRST1Z,375,0,Base prices
20,F,A,V,ZRTESZ,375,0,Base prices
20,F,A,V,ZVAA01,908,0,Net Value 3
20,F,A,V,ZVAABM,908,0,Net Value 3
20,F,A,V,ZVAABR,908,0,Net Value 3
20,F,A,V,ZVAABT,908,0,Net Value 3
20,F,A,V,ZVAATM,908,0,Net Value 3
20,F,A,V,ZVAATU,908,0,Net Value 3
20,F,A,V,ZWBAB1,375,0,Base prices
20,F,A,V,ZWBABD,375,0,Base prices
20,F,A,V,ZWBABT,375,0,Base prices
20,F,A,V,ZWBBDY,375,0,Base prices
20,F,A,V,ZWBBSE,375,0,Base prices
20,F,A,V,ZWBBSI,375,0,Base prices
20,D,A,V,ZEPDRE,908,0,Nettowert 3
20,E,A,V,RVLB00,20,0,Subtotal
20,E,A,V,VKA000,10,0,Test
20,E,A,V,VKA000,20,0,Test
20,E,A,V,VKP000,10,0,Test
20,E,A,V,VKP000,20,0,Test
20,E,A,V,VKP001,10,0,Price (Gross)
20,E,A,V,VKP001,20,0,Test
20,E,A,V,VKP001,200,0,Final Amount Incl. Taxes
20,E,A,V,VKP001,210,0,Price incl.Sales Tax
20,E,A,V,VKP001,600,0,Add. Promo Sales Price IS-R
20,E,A,V,WMP001,10,0,Price
20,E,A,V,WMP001,20,0,Output Tax
20,E,A,V,WWS002,500,0,Sales (w/ Tax)
20,E,A,V,WWS002,600,0,Ret.Markup SP Calc.
20,E,A,V,WWS002,700,0,Retail price
20,E,A,V,WWS003,500,0,Sales (w/ Tax)
20,E,A,V,WWS003,700,0,Retail price
20,E,A,V,WWS004,500,0,Sales-Gross
20,E,A,V,ZBAB1Z,210,0,MRP + Bonus Offer
20,E,A,V,ZBAB1Z,500,0,Copy of Entry Tax
20,E,A,V,ZBAB1Z,775,0,Price + taxes
20,E,A,V,ZBAB1Z,790,0,Total price
20,E,A,V,ZBABTZ,210,0,MRP + Bonus Offer
20,E,A,V,ZBABTZ,500,0,Copy of Entry Tax
20,E,A,V,ZBABTZ,775,0,Price + taxes
20,E,A,V,ZBABTZ,782,0,Base Price For Discount
20,E,A,V,ZBABTZ,790,0,Total price
20,E,A,V,ZMRPFS,775,0,Price + taxes
20,E,A,V,ZMRPFS,790,0,Total price
20,E,A,V,ZPABTD,775,0,Price + taxes
20,E,A,V,ZPABTD,790,0,Total price
20,E,A,V,ZPFDDY,150,0,Total Price
20,E,A,V,ZPNRDY,200,0,Total Price
20,E,A,V,ZPRAB1,500,0,Copy of Entry Tax
20,E,A,V,ZPRAB1,775,0,Price + taxes
20,E,A,V,ZPRAB1,790,0,Total price
20,E,A,V,ZPRABT,200,0,Price to Stockist
20,E,A,V,ZPRABT,500,0,Copy of Entry Tax
20,E,A,V,ZPRABT,775,0,Price + taxes
20,E,A,V,ZPRABT,782,0,Base Price For Discount
20,E,A,V,ZPRABT,790,0,Total price
20,E,A,V,ZPRBDS,200,0,Total Price
20,E,A,V,ZPRBDY,775,0,Price + taxes
20,E,A,V,ZPRBDY,790,0,Total price
20,E,A,V,ZPRBFD,150,0,Total Price
20,E,A,V,ZPRBFF,150,0,Total Price
20,E,A,V,ZPRBFS,775,0,Price + taxes
20,E,A,V,ZPRBFS,790,0,Total price
20,E,A,V,ZPRBS1,775,0,Price + taxes
20,E,A,V,ZPRBS1,790,0,Total price
20,E,A,V,ZPRBS2,775,0,Price + taxes
20,E,A,V,ZPRBS2,782,0,Base Price For Discount
20,E,A,V,ZPRBS2,790,0,Total price
20,E,A,V,ZPRBS3,775,0,Price + taxes
20,E,A,V,ZPRBS3,782,0,Base Price For Discount
20,E,A,V,ZPRBS3,790,0,Total price
20,E,A,V,ZPRBSD,500,0,BASE+BED
20,E,A,V,ZPRBSD,775,0,Price + Ed + taxes
20,E,A,V,ZPRBSD,790,0,Price+ED+Taxes+TCS
20,E,A,V,ZPRBSE,775,0,Price + Ed + taxes
20,E,A,V,ZPRBSI,775,0,Price + taxes
20,E,A,V,ZPRBSI,782,0,Base price for Discount
20,E,A,V,ZPRBSI,790,0,Total price
20,E,A,V,ZPRFCU,775,0,Price + Ed + taxes
20,E,A,V,ZPRSTO,200,0,Base prices
20,E,A,V,ZPRSTO,500,0,Total price
20,E,A,V,ZPSDDY,200,0,Total Price
20,E,A,V,ZPSPRZ,775,0,Price + taxes
20,E,A,V,ZPSPRZ,790,0,Total price
20,E,A,V,ZRAB1Z,500,0,Copy of Entry Tax
20,E,A,V,ZRAB1Z,775,0,Price + taxes
20,E,A,V,ZRAB1Z,790,0,Total price
20,E,A,V,ZRABTZ,500,0,Copy of Entry Tax
20,F,A,V,RVBRCL,750,0,Invoice Value (ex. Sub.Trib.)
20,F,A,V,RVBRCL,782,0,Subtotal
20,F,A,V,RVCA01,101,0,Special Offer
20,F,A,V,RVCA01,102,0,Special Offer
20,F,A,V,RVCA01,820,0,Order Value
20,F,A,V,RVCA01,940,0,Stock Price
20,F,A,V,RVCA02,101,0,Special Offer
20,F,A,V,RVCA02,102,0,Special Offer
20,F,A,V,RVCA02,820,0,Order Value
20,F,A,V,RVCA02,940,0,Stock Price
20,F,A,V,RVLB00,20,0,Subtotal
20,F,A,V,VKA000,10,0,Test
20,F,A,V,VKA000,20,0,Test
20,F,A,V,VKP000,10,0,Test
20,F,A,V,VKP000,20,0,Test
20,F,A,V,VKP001,10,0,Price (Gross)
20,F,A,V,VKP001,20,0,Test
20,F,A,V,VKP001,200,0,Final Amount Incl. Taxes
20,F,A,V,VKP001,210,0,Price incl.Sales Tax
20,F,A,V,VKP001,600,0,Add. Promo Sales Price IS-R
20,F,A,V,WMP001,10,0,Price
20,F,A,V,WMP001,20,0,Output Tax
20,F,A,V,WWS002,500,0,Sales (w/ Tax)
20,F,A,V,WWS002,600,0,Ret.Markup SP Calc.
20,F,A,V,WWS002,700,0,Retail price
20,F,A,V,WWS003,500,0,Sales (w/ Tax)
20,F,A,V,WWS003,700,0,Retail price
20,F,A,V,WWS004,500,0,Sales-Gross
20,F,A,V,ZBAB1Z,210,0,MRP + Bonus Offer
20,F,A,V,ZBAB1Z,500,0,Copy of Entry Tax
20,F,A,V,ZBAB1Z,775,0,Price + taxes
20,F,A,V,ZBAB1Z,790,0,Total price
20,F,A,V,ZBABTZ,210,0,MRP + Bonus Offer
20,F,A,V,ZBABTZ,500,0,Copy of Entry Tax
20,F,A,V,ZBABTZ,775,0,Price + taxes
20,F,A,V,ZBABTZ,782,0,Base Price For Discount
20,F,A,V,ZBABTZ,790,0,Total price
20,F,A,V,ZMRPFS,775,0,Price + taxes
20,F,A,V,ZMRPFS,790,0,Total price
20,F,A,V,ZPABTD,775,0,Price + taxes
20,F,A,V,ZPABTD,790,0,Total price
20,F,A,V,ZPFDDY,150,0,Total Price
20,F,A,V,ZPNRDY,200,0,Total Price
20,F,A,V,ZPRAB1,500,0,Copy of Entry Tax
20,F,A,V,ZPRAB1,775,0,Price + taxes
20,F,A,V,ZPRAB1,790,0,Total price
20,F,A,V,ZPRABT,200,0,Price to Stockist
20,F,A,V,ZPRABT,500,0,Copy of Entry Tax
20,F,A,V,ZPRABT,775,0,Price + taxes
20,F,A,V,ZPRABT,782,0,Base Price For Discount
20,F,A,V,ZPRABT,790,0,Total price
20,F,A,V,ZPRBDS,200,0,Total Price
20,F,A,V,ZPRBDY,775,0,Price + taxes
20,F,A,V,ZPRBDY,790,0,Total price
20,F,A,V,ZPRBFD,150,0,Total Price
20,F,A,V,ZPRBFF,150,0,Total Price
20,F,A,V,ZPRBFS,775,0,Price + taxes
20,F,A,V,ZPRBFS,790,0,Total price
20,F,A,V,ZPRBS1,775,0,Price + taxes
20,F,A,V,ZPRBS1,790,0,Total price
20,F,A,V,ZPRBS2,775,0,Price + taxes
20,F,A,V,ZPRBS2,782,0,Base Price For Discount
20,F,A,V,ZPRBS2,790,0,Total price
20,F,A,V,ZPRBS3,775,0,Price + taxes
20,F,A,V,ZPRBS3,782,0,Base Price For Discount
20,F,A,V,ZPRBS3,790,0,Total price
20,F,A,V,ZPRBSD,500,0,BASE+BED
20,F,A,V,ZPRBSD,775,0,Price + Ed + taxes
20,F,A,V,ZPRBSD,790,0,Price+ED+Taxes+TCS
20,F,A,V,ZPRBSE,775,0,Price + Ed + taxes
20,F,A,V,ZPRBSI,775,0,Price + taxes
20,F,A,V,ZPRBSI,782,0,Base price for Discount
20,F,A,V,ZPRBSI,790,0,Total price
20,D,A,V,ZMANSA,108,0,Kunde/MatGrp
20,D,A,V,ZMANSA,109,0,Preisgrp/MatGrp
20,D,A,V,ZMANSA,111,0,Hierarchie
20,D,A,V,ZMANSA,112,0,Hierarchie/Material
20,D,A,V,ZMANSA,302,0,Preis
20,D,A,V,ZMANSA,310,0,Preis Netto
20,D,A,V,ZMANSA,320,0,Mindestpreis
20,D,A,V,ZMANSA,815,0,Fracht
20,D,A,V,ZMANSA,890,0,Skonto
20,D,A,V,ZMANSA,901,0,Gruppenbonus
20,D,A,V,ZMANSA,902,0,Materialbonus
20,D,A,V,ZMANSA,903,0,Kundenbonus
20,D,A,V,ZMANSA,904,0,Hierarchiebonus
20,D,A,V,ZMANSA,905,0,Hierarchiebonus/Mat
20,D,A,V,ZMANSA,909,0,PreisInterneVerrechn
20,D,A,V,ZMANSA,911,0,Tax Jur Code Level 1
20,D,A,V,ZMANSA,912,0,Tax Jur Code Level 2
20,D,A,V,ZMANSA,932,0,Delkredere
20,D,A,V,ZMANSA,970,0,Erwart. Kundenpreis
20,D,A,V,ZMANSA,971,0,Erwart. Kundenwert
20,D,A,V,ZMANSR,11,0,Preis
20,D,A,V,ZMANSR,13,0,Preis Brutto
20,D,A,V,ZMANSR,103,0,Kunde/Material
20,D,A,V,ZMANSR,104,0,Kundenrabatt
20,D,A,V,ZMANSR,105,0,Material
20,D,A,V,ZMANSR,106,0,Preisgruppe
20,D,A,V,ZMANSR,107,0,Materialgruppe
20,D,A,V,ZMANSR,108,0,Kunde/MatGrp
20,D,A,V,ZMANSR,109,0,Preisgrp/MatGrp
20,D,A,V,ZMANSR,111,0,Hierarchie
20,D,A,V,ZMANSR,112,0,Hierarchie/Material
20,D,A,V,ZMANSR,302,0,Preis
20,D,A,V,ZMANSR,310,0,Preis Netto
20,D,A,V,ZMANSR,320,0,Mindestpreis
20,D,A,V,ZMANSR,815,0,Fracht
20,D,A,V,ZMANSR,890,0,Skonto
20,D,A,V,ZMANSR,901,0,Gruppenbonus
20,D,A,V,ZMANSR,902,0,Materialbonus
20,D,A,V,ZMANSR,903,0,Kundenbonus
20,D,A,V,ZMANSR,904,0,Hierarchiebonus
20,D,A,V,ZMANSR,905,0,Hierarchiebonus/Mat
20,D,A,V,ZMANSR,909,0,PreisInterneVerrechn
20,D,A,V,ZMANSR,911,0,Tax Jur Code Level 1
20,D,A,V,ZMANSR,912,0,Tax Jur Code Level 2
20,D,A,V,ZMANSR,932,0,Delkredere
20,D,A,V,ZMANSR,970,0,Erwart. Kundenpreis
20,D,A,V,ZMANSR,971,0,Erwart. Kundenwert
20,E,A,V,ZRBS2Z,390,0,Base Amount
20,E,A,V,ZRBSIC,390,0,Base Amount
20,D,A,V,ZCANCS,11,0,Preis
20,D,A,V,ZCANCS,13,0,Preis Brutto
20,D,A,V,ZCANCS,103,0,Kunde/Material
20,D,A,V,ZCANCS,104,0,Kundenrabatt
20,D,A,V,ZCANCS,105,0,Material
20,D,A,V,ZCANCS,106,0,Preisgruppe
20,D,A,V,ZCANCS,107,0,Materialgruppe
20,D,A,V,ZCANCS,108,0,Kunde/MatGrp
20,D,A,V,ZCANCS,109,0,Preisgrp/MatGrp
20,D,A,V,ZCANCS,111,0,Hierarchie
20,D,A,V,ZCANCS,112,0,Hierarchie/Material
20,D,A,V,ZCANCS,302,0,Preis
20,D,A,V,ZCANCS,310,0,Preis Netto
20,D,A,V,ZCANCS,320,0,Mindestpreis
20,D,A,V,ZCANCS,815,0,Fracht
20,D,A,V,ZCANCS,890,0,Skonto
20,D,A,V,ZCANCS,901,0,Gruppenbonus
20,D,A,V,ZCANCS,902,0,Materialbonus
20,D,A,V,ZCANCS,903,0,Kundenbonus
20,D,A,V,ZCANCS,904,0,Hierarchiebonus
20,D,A,V,ZCANCS,905,0,Hierarchiebonus/Mat
20,D,A,V,ZCANCS,909,0,PreisInterneVerrechn
20,D,A,V,ZCANCS,911,0,Tax Jur Code Level 1
20,D,A,V,ZCANCS,912,0,Tax Jur Code Level 2
20,E,A,V,RVBRC,312,0,Price Including Tax
20,E,A,V,RVBRC,710,0,Tax Base
20,E,A,V,RVBRC,778,0,Take Greater Value
20,E,A,V,RVBRC,785,0,Minus ICMS (1)
20,E,A,V,RVBRC,793,0,Invoice (ex. Sub.Trib.)
20,E,A,V,RVBRC,795,0,Total Invoice Value
20,E,A,V,RVBRCE,45,0,Price Including Infl. Adj.
20,E,A,V,RVBRCE,90,0,100' Dummy
20,E,A,V,RVBRCE,710,0,Tax Base Amount
20,E,A,V,RVBRCE,778,0,Take Greater Value
20,E,A,V,RVBRCE,793,0,Invoice (ex. Sub.Trib.)
20,E,A,V,RVBRCE,795,0,Total Invoice Value
20,E,A,V,RVBRCF,45,0,Price Including Infl. Adj.
20,E,A,V,RVBRCF,90,0,100' Dummy
20,E,A,V,RVBRCF,710,0,Tax Base Amount
20,E,A,V,RVBRCF,778,0,Take Greater Value
20,E,A,V,RVBRCF,793,0,Invoice (ex. Sub.Trib.)
20,E,A,V,RVBRCF,795,0,Total Invoice Value
20,E,A,V,RVBRCK,45,0,Price Including Infl. Adj.
20,E,A,V,RVBRCK,90,0,100' Dummy
20,E,A,V,RVBRCK,710,0,Tax Base Amount
20,E,A,V,RVBRCK,778,0,Take Greater Value
20,E,A,V,RVBRCK,793,0,Invoice (ex. Sub.Trib.)
20,E,A,V,RVBRCK,795,0,Total Invoice Value
20,E,A,V,RVBRCL,45,0,Price Including Infl. Adj.
20,E,A,V,RVBRCL,90,0,100' Dummy
20,E,A,V,RVBRCL,710,0,Tax Base Amount
20,E,A,V,RVBRCL,778,0,Take Greater Value
20,E,A,V,RVBRCL,793,0,Invoice (ex. Sub.Trib.)
20,E,A,V,RVBRCL,795,0,Total Invoice Value
20,E,A,V,RVCA02,935,0,Net value 3
20,E,A,V,RVCEU2,530,0,Profit Margin
20,E,A,V,VKP001,15,0,Price
20,E,A,V,VKP001,105,0,Customer Discount
20,E,A,V,VKP001,960,0,Basic Amount Incl. Taxes
20,E,A,V,VKP001,965,0,End Amount Incl. Taxes
20,E,A,V,VKP001,970,0,Basic Amount Excl. Taxes
20,E,A,V,VKP001,975,0,Final Amount Incl. Taxes
20,E,A,V,VKP001,980,0,Final Amount Excl. Taxes
20,E,A,V,WMP001,30,0,Gross Price
20,E,A,V,WWS001,11,0,Net/Net PP IS-R
20,E,A,V,WWS001,110,0,VKP Calculation Surcharge
20,E,A,V,WWS001,350,0,Test
20,E,A,V,WWS001,390,0,Rounding
20,E,A,V,WWS002,11,0,Net/Net PP IS-R
20,E,A,V,WWS002,110,0,VKP Calculation Surcharge
20,E,A,V,WWS002,350,0,Sales Costs ISR
20,E,A,V,WWS002,450,0,Output tax
20,E,A,V,WWS002,550,0,Gross price
20,E,A,V,WWS003,550,0,Gross price
20,E,A,V,ZBAB1Z,250,0,MRP - Abatement
20,E,A,V,ZBAB1Z,450,0,Copy of PTS
20,E,A,V,ZBABTZ,250,0,MRP - Abatement
20,E,A,V,ZBABTZ,450,0,Copy of PTS
20,E,A,V,ZPABTD,250,0,MRP - Abatement
20,E,A,V,ZPRAB1,250,0,MRP - Abatement
20,E,A,V,ZPRAB1,450,0,Copy of PTS
20,E,A,V,ZPRABT,250,0,MRP - Abatement
20,E,A,V,ZPRABT,450,0,Copy of PTS
20,E,A,V,ZPRBLL,475,0,Base prices  + BED
20,E,A,V,ZPRBLL,525,0,BASE+BED+AED
20,E,A,V,ZPRBLL,575,0,Base + BED+AED+SED
20,E,A,V,ZPRBLL,625,0,Base + BED+AED+SED+cess+
20,E,A,V,ZPRBLL,670,0,Base + BED+AED+SED+cess+ecs
20,E,A,V,ZPRBLL,675,0,Base+BED+AED+SED+cess+ecs+sch
20,E,A,V,ZPRBSD,475,0,Base prices  + BED
20,E,A,V,ZPRBSD,525,0,BASE+BED+AED
20,E,A,V,ZPRBSD,575,0,BASE+BED+AED+SED
20,E,A,V,ZPRBSD,625,0,BASE+BED+AED+SED+CESS
20,E,A,V,ZPRBSD,665,0,A/R SEC&HR.ECS-
20,E,A,V,ZPRBSD,670,0,Base+BED+AED+SED+cess+ecs
20,E,A,V,ZPRBSD,675,0,Base+BED+AED+SED+cess+ecs+Seh
20,E,A,V,ZPRBSE,475,0,Base prices  + BED
20,F,A,V,ZRBLLZ,680,0,Base + GST
20,F,A,V,ZRBSIC,777,0,Price + taxes+ Free PTS
20,F,A,V,ZRBSIN,777,0,Price + taxes+ Free PTS
20,F,A,V,ZRBSIS,777,0,Price + taxes+ Free PTS
20,F,A,V,ZRBSIZ,390,0,Base Amount
20,F,A,V,ZRBSIZ,777,0,Price + taxes+ Free PTS
20,F,A,V,ZRBSZZ,777,0,Price + taxes+ Free PTS
20,F,A,V,ZREXPZ,650,0,Basic+Freight
20,F,A,V,ZRTESZ,465,0,Basic price+ED+Taxes
20,F,A,V,ZTI001,170,0,Net Value
20,F,A,V,ZTI001,650,0,Total Tax
20,F,A,V,ZTI002,170,0,Net Value
20,F,A,V,ZTI002,650,0,Total Tax
20,F,A,V,ZTI003,580,0,Net Value
20,F,A,V,ZTI003,650,0,Total Tax
20,F,A,V,ZTI004,170,0,Net Value
20,F,A,V,ZTI004,650,0,Total Tax
20,F,A,V,ZTI005,50,0,Base Price
20,F,A,V,ZTI005,650,0,Total Tax
20,F,A,V,ZTI006,650,0,Total Tax
20,F,A,V,ZTI008,580,0,Net Value
20,F,A,V,ZWBAB1,250,0,MRP - Abatement
20,F,A,V,ZWBAB1,450,0,Copy of PTS
20,F,A,V,ZWBABD,250,0,MRP - Abatement
20,F,A,V,ZWBABT,250,0,MRP - Abatement
20,F,A,V,ZWBABT,450,0,Copy of PTS
20,D,A,V,ZEPDRE,909,0,PreisInterneVerrProz
20,D,A,V,ZEPDRE,914,0,Skonto
20,D,A,V,ZEPDRE,915,0,Ausgangssteuer
20,D,A,V,ZEPDRE,919,0,Rundung
20,D,A,V,ZEPDRE,941,0,Herstellkosten
20,E,A,V,ZRBSIR,390,0,Base Amount
20,E,A,V,ZRBSIR,777,0,Price + taxes+ Free PTS
20,E,A,V,ZRBL1Z,390,0,Base Amount
20,E,A,V,ZRBL3Z,390,0,Base Amount
20,E,A,V,ZRBLPC,390,0,Base Amount
20,E,A,V,ZRBLPC,777,0,Price + taxes+ Free PTS
20,E,A,V,ZRBLPZ,390,0,Base Amount
20,E,A,V,ZRBLPZ,777,0,Price + taxes+ Free PTS
20,E,A,V,ZRBW1Z,390,0,Base Amount
20,E,A,V,ZRBW3Z,390,0,Base Amount
20,E,A,V,ZRBWPC,390,0,Base Amount
20,E,A,V,ZRBWPC,777,0,Price + taxes+ Free PTS
20,E,A,V,ZRBWPZ,390,0,Base Amount
20,E,A,V,ZRBWPZ,777,0,Price + taxes+ Free PTS
20,F,A,V,ZRBLPC,777,0,Price + taxes+ Free PTS
20,F,A,V,ZRBLPZ,390,0,Base Amount
20,F,A,V,ZRBLPZ,777,0,Price + taxes+ Free PTS
20,F,A,V,ZRBWPC,777,0,Price + taxes+ Free PTS
20,F,A,V,ZRBWPZ,390,0,Base Amount
20,F,A,V,ZRBWPZ,777,0,Price + taxes+ Free PTS
20,덆,A,V,ZRBLPC,777,0,Price + taxes+ Free PTS
20,덆,A,V,ZRBLPZ,390,0,Base Amount
20,덆,A,V,ZRBLPZ,777,0,Price + taxes+ Free PTS
20,덆,A,V,ZRBWPC,777,0,Price + taxes+ Free PTS
20,덆,A,V,ZRBWPZ,390,0,Base Amount
20,덆,A,V,ZRBWPZ,777,0,Price + taxes+ Free PTS
20,D,A,V,ZEMX01,8,0,Istkosten
20,D,A,V,ZEMX01,909,0,PreisInterneVerrProz
20,D,A,V,ZEMX01,914,0,Skonto
20,D,A,V,ZEMX01,915,0,Ausgangssteuer
20,D,A,V,ZEMX01,919,0,Rundung
20,D,A,V,ZEMX01,941,0,Herstellkosten
20,D,A,TX,TAXBRC,25,0,Base + Discount
20,D,A,TX,TAXBRC,30,0,10^n der Basis
20,D,A,TX,TAXBRC,35,0,Recall Discount  <BDIS>
20,D,A,TX,TAXBRC,40,0,Discount Rate   (*10^n)
20,D,A,TX,TAXBRC,41,0,
20,D,A,TX,TAXBRC,42,0,
20,D,A,TX,TAXBRC,99,0,====  ICMS industrialization =
20,D,A,TX,TAXBRC,120,0,10^n
20,D,A,TX,TAXBRC,125,0,Net value + ICMS (iic)
20,D,A,TX,TAXBRC,130,0,Recall ICMS Rate*Base
20,F,A,TX,TAXBRC,560,0,Calc. Base SubTrib
20,F,A,TX,TAXBRC,575,0,Indus.: ICMS Amount (tic)
20,F,A,TX,TAXBRC,580,0,Take tic Indus. or Consumpt.
20,F,A,TX,TAXBRC,590,0,Recall rate*sub_calc_base
20,F,A,TX,TAXBRC,595,0,SubTrib Value
20,F,A,TX,TAXBRC,650,0,====== Complement ICMS =======
20,F,A,TX,TAXBRC,660,0,ICMS Complement Rate
20,F,A,TX,TAXBRC,670,0,Only for Consumption
20,F,A,TX,TAXBRC,700,0,====== ICMS on Freight =======
20,F,A,TX,TAXBRC,715,0,10^n
20,F,A,TX,TAXBRC,720,0,Freight + ICMS on Freight
20,F,A,TX,TAXBRC,725,0,ICMS on Freight
20,F,A,TX,TAXBRC,750,0,====== SubTrib on Freight ====
20,F,A,TX,TAXBRC,755,0,Freight + ICMS on Freight
20,F,A,TX,TAXBRC,770,0,Subtrib on Freight
20,F,A,TX,TAXBRC,805,0,=== Zona Franca ==============
20,F,A,TX,TAXBRC,809,0,Take icms for ZF
20,F,A,TX,TAXBRC,850,0,==== Other Taxes =====
20,F,A,TX,TAXBRC,865,0,==== Reimbursement =====
20,F,A,TX,TAXBRC,900,0,=== Dummy  Zero Tax  (FF718)
20,F,A,TX,TAXCAJ,100,0,Base Amount
20,F,A,TX,TAXCAJ,120,0,Subtotal
20,F,A,TX,TAXCAJ,198,0,"     ***********"
20,F,A,TX,TAXCAJ,199,0,"     A/P taxes"
20,F,A,TX,TAXCAJ,200,0,Federal Taxes
20,F,A,TX,TAXCAJ,210,0,A/P Federal
20,F,A,TX,TAXCAJ,220,0,
20,F,A,TX,TAXCAJ,230,0,Subtotal Base + GST
20,F,A,TX,TAXCAJ,299,0,
20,F,A,TX,TAXCAJ,300,0,Distributed Prov.
20,F,A,TX,TAXCAJ,310,0,
20,F,A,TX,TAXCAJ,320,0,
20,F,A,TX,TAXCAJ,399,0,
20,F,A,TX,TAXCAJ,400,0,Separate G/L Prov.
20,F,A,TX,TAXCAJ,410,0,
20,F,A,TX,TAXCAJ,420,0,
20,F,A,TX,TAXCAJ,499,0,
20,F,A,TX,TAXCAJ,500,0,Self Assess Federal
20,F,A,TX,TAXCAJ,510,0,
20,F,A,TX,TAXCAJ,599,0,
20,F,A,TX,TAXCAJ,600,0,Self-assess Prov.
20,F,A,TX,TAXCAJ,610,0,
20,F,A,TX,TAXCAJ,620,0,
20,F,A,TX,TAXCAJ,698,0,
20,F,A,TX,TAXCAJ,699,0,"     **********"
20,F,A,TX,TAXCAJ,700,0,"     A/R and SD"
20,F,A,TX,TAXCAJ,710,0,
20,F,A,TX,TAXCAJ,720,0,Subtotal incl. GST
20,F,A,TX,TAXCAJ,750,0,
20,F,A,TX,TAXCAJ,760,0,
20,F,A,TX,TAXCAJ,799,0,=============
20,F,A,TX,TAXCAJ,800,0,Flat Tax on Employee Travel
20,F,A,TX,TAXUSX,100,0,Base Amount
20,F,A,TX,TAXUSX,105,0,Calculated Call
20,F,A,TX,TAXUSX,200,0,Shared with G/L
20,F,A,TX,TAXUSX,210,0,A/P Sales Tax 1 Inv.
20,F,A,TX,TAXUSX,220,0,A/P Sales Tax 2 Inv.
20,F,A,TX,TAXUSX,230,0,A/P Sales Tax 3 Inv.
20,F,A,TX,TAXUSX,240,0,A/P Sales Tax 4 Inv.
20,F,A,TX,TAXUSX,250,0,A/P Sales Tax 5 Inv.
20,F,A,TX,TAXUSX,260,0,A/P Sales Tax 6 Inv.
20,F,A,TX,TAXUSX,300,0,Expensed
20,F,A,TX,TAXUSX,310,0,A/P Sales Tax 1 Exp.
20,F,A,TX,TAXUSX,320,0,A/P Sales Tax 2 Exp.
20,F,A,TX,TAXUSX,330,0,A/P Sales Tax 3 Exp.
20,F,A,TX,TAXUSX,340,0,A/P Sales Tax 4 Exp.
20,F,A,TX,TAXUSX,350,0,A/P Sales Tax 5 Exp
20,F,A,TX,TAXUSX,360,0,A/P Sales Tax 6 Exp
20,F,A,TX,TAXUSX,400,0,Self-assessment
20,F,A,TX,TAXUSX,410,0,A/P Sales Tax 1 Use
20,F,A,TX,TAXUSX,420,0,A/P Sales Tax 2 Use
20,F,A,TX,TAXUSX,430,0,A/P Sales Tax 3 Use
20,F,A,TX,TAXUSX,440,0,A/P Sales Tax 4 Use
20,E,A,M,ZPRMPI,100,0,Net including discount
20,E,A,M,ZPRMRP,100,0,ED
20,E,A,M,ZPRMX,100,0,Net including discount
20,E,A,M,ZPRNG,100,0,Net including discount
20,E,A,M,ZPRNZ,100,0,Net including discount
20,E,A,M,ZPRSA,100,0,Net including discount
20,E,A,M,ZPRTLU,100,0,Net including discount
20,E,A,M,ZPRUK,100,0,Net including discount
20,E,A,MS,MS0000,20,0,Net Value
20,E,A,ST,TAXD,100,0,Output Tax
20,E,A,ST,TAXUSA,100,0,ttt
20,E,A,TX,TAXAU,100,0,Test
20,E,A,TX,TAXB,100,0,Base Amount
20,E,A,TX,TAXCA,105,0,
20,E,A,TX,TAXCA,110,0,A/P GST
20,E,A,TX,TAXCA,120,0,A/P and MM
20,E,A,TX,TAXCA,199,0,Subtotal
20,E,A,TX,TAXCA,200,0,Subtotal
20,E,A,TX,TAXCA,210,0,A/P Distributed
20,E,A,TX,TAXCA,220,0,A/P PST Distributed
20,E,A,TX,TAXCA,230,0,Subtotal
20,E,A,TX,TAXCA,250,0,
20,E,A,TX,TAXCA,251,0,Separate G/L posting
20,E,A,TX,TAXCA,260,0,
20,E,A,TX,TAXCA,270,0,
20,E,A,TX,TAXCA,298,0,Subtotal
20,E,A,TX,TAXCA,299,0,
20,E,A,TX,TAXCA,300,0,Self assess Federal
20,E,A,TX,TAXCA,310,0,
20,E,A,TX,TAXCA,399,0,
20,E,A,TX,TAXCA,410,0,Self assess Prov.
20,E,A,TX,TAXCA,420,0,
20,E,A,TX,TAXCA,430,0,
20,E,A,TX,TAXCA,498,0,
20,E,A,TX,TAXCA,499,0,"     **********"
20,E,A,TX,TAXCA,600,0,"     A/R and SD"
20,E,A,TX,TAXCA,610,0,A/R GST
20,E,A,TX,TAXCA,698,0,
20,E,A,TX,TAXCA,700,0,Subtotal
20,E,A,TX,TAXCA,710,0,A/R GST
20,E,A,TX,TAXCA,720,0,A/R GST
20,E,A,TX,TAXCH,100,0,Base Amount
20,E,A,TX,TAXCZ,100,0,
20,E,A,TX,TAXD,100,0,Base Amount
20,E,A,TX,TAXFI,100,0,Base Amount
20,E,A,TX,TAXJP,100,0,Base Amount
20,E,A,TX,TAXMX,100,0,
20,E,A,TX,TAXNL,100,0,Test
20,E,A,TX,TAXPT,100,0,
20,E,A,TX,TAXTW,100,0,Base amount
20,E,A,TX,TAXVE,100,0,Base amount
20,E,A,W,WWS000,100,0,WM Standard
20,F,A,TX,TAXCH,100,0,Montant de base
20,I,A,TX,TAXCH,100,0,Importo base
20,N,A,TX,TAXCH,100,0,Basisbedrag
20,S,A,TX,TAXCH,100,0,Importe base
20,E,A,M,ZPRPHP,100,0,Net including discount
20,E,A,M,ZPRLAZ,100,0,Net including discount
20,E,A,M,ZPRCHL,100,0,Net including discount
20,E,A,M,ZPRTII,100,0,Net including discount
20,E,A,M,ZPRTLM,100,0,Net including discount
20,F,A,CR,CRP001,10,0,Basic Price
20,F,A,CR,CRP001,20,0,Price Multiplier
20,F,A,CR,CRP002,20,0,
20,F,A,CR,CRP002,40,0,
20,F,A,CR,CRP003,20,0,HPM COPAS #23
20,F,A,KA,A00000,20,0,Material OH
20,F,A,KA,A00000,40,0,Wages
20,F,A,KA,A00000,100,0,Cost of goods sold...
20,F,A,KA,A00001,20,0,Material OH/OH surcharge
20,F,A,KA,A00001,40,0,Wages
20,F,A,KA,A00001,100,0,Cost of goods sold...
20,F,A,KA,A00002,20,0,Material OH/plant
20,D,A,M,RMISR1,300,0,VKP incl. Steuer
20,D,A,M,RMREGU,200,0,Nettowert
20,D,A,MS,MS0000,10,0,Gesamt Preisteile
20,D,A,P,9090,10,0,
20,D,A,ST,TAXD,200,0,Vorsteuer
20,D,A,TX,TAXAR,200,0,A/P
20,D,A,TX,TAXAR,300,0,A/R
20,D,A,TX,TAXAT,200,0,
20,D,A,TX,TAXBRJ,200,0,Level 200
20,D,A,TX,TAXBRJ,300,0,Level 300
20,D,A,TX,TAXCN,200,0,Acquisition Tax Cred
20,D,A,TX,TAXFI,200,0,Vorst. n. abz. zuord
20,D,A,TX,TAXIT,200,0,Erwerbst.Ausgang-Auf
20,D,A,TX,TAXPT,200,0,Erwerbsteuer Ausgang
20,D,A,TX,TAXUS,200,0,A/P distributed
20,D,A,TX,TAXUS,300,0,A/P undistributed
20,D,A,TX,TAXUSJ,200,0,Distributed to G/L
20,D,A,TX,TAXUSJ,300,0,Expensed
20,D,A,TX,ZTAXBR,200,0,Level 200
20,D,A,TX,ZTAXBR,300,0,Level 300
20,E,A,CR,CRP001,110,0,
20,E,A,CR,CRP001,200,0,Adjusted Price
20,E,A,CR,CRP001,210,0,Non-deductible tax
20,E,A,CR,CRP001,300,0,Price including tax
20,E,A,CR,CRP001,310,0,Transportation costs
20,E,A,CR,CRP001,320,0,Condition Code Adj
20,E,A,CR,CRP002,10,0,CRP Base Price
20,E,A,CR,CRP002,30,0,Tangible Costs
20,E,A,CR,CRP003,10,0,
20,E,A,CR,CRP003,110,0,
20,E,A,CR,CRP003,310,0,
20,E,A,CS,SAP000,400,0,Total personnel costs
20,E,A,F,SDFC00,300,0,Gross freight
20,E,A,F,SDFC00,500,0,Net freight
20,E,A,F,SDFC01,300,0,Gross freight
20,E,A,F,SDFC01,500,0,Net freight
20,E,A,KA,A00000,30,0,Material usage......
20,E,A,KA,A00000,45,0,Salaries
20,E,A,KA,A00000,50,0,Manufacturing OH
20,E,A,KA,A00000,60,0,Manufacturing costs...
20,E,A,KA,A00000,70,0,Cost of goods manufactured...
20,E,A,KA,A00000,80,0,Administration OH
20,E,A,KA,A00000,90,0,Sales OH
20,E,A,KA,A00001,30,0,Material usage......
20,E,A,KA,A00001,45,0,Salaries
20,E,A,KA,A00001,50,0,Manuf.OH/OH surcharge
20,E,A,KA,A00001,60,0,Manufacturing costs...
20,E,A,KA,A00001,70,0,Cost of goods manufactured...
20,E,A,KA,A00001,80,0,Manuf.OH/OH surcharge
20,E,A,KA,A00001,90,0,Sales OH/OH surcharge
20,E,A,KA,A00002,30,0,Material usage......
20,E,A,KA,A00002,45,0,Salaries
20,E,A,KA,A00002,50,0,Manuf.OH/plant
20,E,A,KA,A00002,60,0,Manufacturing costs...
20,E,A,KA,A00002,70,0,Cost of goods manufactured...
20,E,A,KA,A00002,80,0,Admin.OH/plant
20,E,A,KA,A00002,90,0,Sales OH/plant
20,E,A,KA,A00003,30,0,Material usage......
20,E,A,KA,A00003,45,0,Salaries
20,E,A,KA,A00003,50,0,Manuf.OH/CCode
20,E,A,KA,A00003,60,0,Manufacturing costs...
20,E,A,KA,A00003,70,0,Cost of goods manufactured...
20,E,A,KA,A00003,80,0,Admin.OH/CCode
20,E,A,KA,A00003,90,0,Sales OH/CCode
20,E,A,KA,A00004,30,0,Material usage......
20,E,A,KA,A00004,45,0,Salaries
20,E,A,KA,A00004,50,0,Manuf.OH/BArea
20,E,A,KA,A00004,60,0,Manufacturing costs...
20,E,A,KA,A00004,70,0,Cost of goods manufactured...
20,E,A,KA,A00004,80,0,Admin.OH/BArea
20,E,A,KA,A00004,90,0,Sales OH/BArea
20,E,A,KA,A00005,30,0,Material usage......
20,E,A,KA,A00005,45,0,Salaries
20,E,A,M,ZPRBR,450,0,Total Insurance
20,E,A,M,ZPRBR,530,0,Sub Total Before ED
20,E,A,M,ZPRBR,550,0,Total of PF After Taxes
20,E,A,M,ZPRBR,570,0,Total Insurance Value
20,E,A,M,ZPRBR,620,0,Total Stock Value
20,E,A,M,ZPRCP,450,0,Excise Duty
20,E,A,M,ZPRDOM,145,0,Sub Total Before ED
20,E,A,M,ZPRDOM,420,0,Base for octroi
20,E,A,M,ZPRDOM,450,0,Total Insurance + Octroi
20,E,A,M,ZPRDOM,550,0,Total of PF After Taxes
20,E,A,M,ZPRDOM,570,0,Total Insurance Value
20,E,A,M,ZPRDOM,590,0,Total Value of Octroi
20,E,A,M,ZPRDOM,620,0,Total Stock Value
20,E,A,M,ZPREOU,250,0,ED (Excise Duty)
20,E,A,M,ZPREPE,145,0,Sub Total
20,E,A,M,ZPREPE,420,0,Total
20,E,A,M,ZPREPE,450,0,Total Insurance
20,E,A,M,ZPREPE,530,0,Sub Total Before ED
20,E,A,M,ZPREPE,550,0,Total of PF After Taxes
20,E,A,M,ZPREPE,570,0,Total Insurance Value
20,E,A,M,ZPREPE,620,0,Total Stock Value
20,E,A,M,ZPRMEN,145,0,Sub Total
20,E,A,M,ZPRMEN,420,0,Total
20,E,A,M,ZPRMEN,450,0,Total Insurance
20,E,A,M,ZPRMEN,550,0,Total of PF After Taxes
20,E,A,M,ZPRMEN,570,0,Total Insurance Value
20,E,A,M,ZPRMEN,620,0,Total Stock Value
20,E,A,M,ZPRMPI,145,0,Sub Total
20,E,A,M,ZPRMPI,420,0,Total
20,E,A,M,ZPRMPI,450,0,Total Insurance
20,E,A,M,ZPRMPI,550,0,Total of PF After Taxes
20,E,A,M,ZPRMPI,570,0,Total Insurance Value
20,E,A,M,ZPRMPI,620,0,Total Stock Value
20,E,A,M,ZPRMR2,450,0,Excise Duty+VAT
20,E,A,M,ZPRMX,145,0,Sub Total
20,E,A,M,ZPRMX,420,0,Total
20,E,A,M,ZPRMX,450,0,Total Insurance
20,E,A,M,ZPRMX,550,0,Total of PF After Taxes
20,E,A,M,ZPRMX,570,0,Total Insurance Value
20,E,A,M,ZPRMX,620,0,Total Stock Value
20,E,A,M,ZPRNG,145,0,Sub Total
20,E,A,M,ZPRNG,420,0,Total
20,E,A,M,ZPRNG,450,0,Total Insurance
20,E,A,M,ZPRNG,550,0,Total of PF After Taxes
20,E,A,M,ZPRNG,570,0,Total Insurance Value
20,E,A,M,ZPRNG,620,0,Total Stock Value
20,E,A,M,ZPRNZ,145,0,Sub Total
20,E,A,M,ZPRNZ,420,0,Total
20,E,A,M,ZPRNZ,450,0,Total Insurance
20,E,A,M,ZPRNZ,530,0,Sub Total Before ED
20,E,A,M,ZPRNZ,550,0,Total of PF After Taxes
20,E,A,M,ZPRNZ,570,0,Total Insurance Value
20,E,A,M,ZPRNZ,620,0,Total Stock Value
20,E,A,M,ZPRSA,145,0,Sub Total
20,E,A,M,ZPRSA,420,0,Total
20,E,A,M,ZPRSA,450,0,Total Insurance
20,E,A,M,ZPRSA,530,0,Sub Total Before ED
20,E,A,M,ZPRSA,550,0,Total of PF After Taxes
20,E,A,M,ZPRSA,570,0,Total Insurance Value
20,E,A,M,ZPRSA,620,0,Total Stock Value
20,E,A,M,ZPRTLU,145,0,Sub Total
20,E,A,M,ZPRTLU,420,0,Total
20,E,A,M,ZPRTLU,450,0,Total Insurance
20,E,A,M,ZPRTLU,530,0,Sub Total Before ED
20,E,A,M,ZPRTLU,550,0,Total of PF After Taxes
20,E,A,M,ZPRTLU,570,0,Total Insurance Value
20,E,A,M,ZPRTLU,620,0,Total Stock Value
20,E,A,M,ZPRUK,145,0,Sub Total
20,E,A,M,ZPRUK,420,0,Total
20,E,A,M,ZPRUK,450,0,Total Insurance
20,E,A,M,ZPRUK,550,0,Total of PF After Taxes
20,E,A,M,ZPRUK,570,0,Total Insurance Value
20,E,A,M,ZPRUK,620,0,Total Stock Value
20,F,A,M,ZIMPR8,655,0,
20,F,A,M,ZIMPR8,657,0,
20,F,A,M,ZIMPR8,980,0,NET OF CENVAT
20,F,A,M,ZIMPRO,65,0,FOB Value
20,F,A,M,ZIMPRO,170,0,Assesable Value
20,F,A,M,ZIMPRO,226,0,basic customs( BCD)
20,F,A,M,ZIMPRO,228,0,BCD+CVD+Ecess on CVD+SCH 1%
20,F,A,M,ZIMPRO,234,0,Asse. Value
20,F,A,M,ZIMPRO,236,0,Total duties
20,F,A,M,ZIMPRO,238,0,Total (Ass.Value+  total Dutie
20,F,A,M,ZIMPRO,242,0,CVD+ Ecess+SCH 1%-On CVD
20,F,A,M,ZIMPRO,244,0,Special Adl Duty
20,F,A,M,ZIMPRO,330,0,Net of CVD
20,F,A,M,ZIMPRT,65,0,FOB Value
20,F,A,M,ZIMPRT,170,0,Assesable Value
20,F,A,M,ZIMPRT,222,0,
20,F,A,M,ZIMPRT,224,0,
20,F,A,M,ZIMPRT,226,0,basic customs( BCD)
20,F,A,M,ZIMPRT,228,0,BCD+CVD+Ecess on CVD+SCH 1%
20,F,A,M,ZIMPRT,230,0,
20,F,A,M,ZIMPRT,232,0,
20,F,A,M,ZIMPRT,234,0,Asse. Value
20,F,A,M,ZIMPRT,236,0,Total duties
20,F,A,M,ZIMPRT,238,0,Total (Ass.Value+  total Dutie
20,F,A,M,ZIMPRT,240,0,
20,F,A,M,ZIMPRT,242,0,CVD+ Ecess+SCH 1%-On CVD
20,F,A,M,ZIMPRT,244,0,Special Adl Duty
20,F,A,M,ZIMPRT,322,0,
20,F,A,M,ZIMPRT,330,0,Net of CVD
20,F,A,M,ZIMPSZ,65,0,FOB Value
20,F,A,M,ZIMPSZ,170,0,Assesable Value
20,F,A,M,ZIMPSZ,226,0,basic customs( BCD)
20,F,A,M,ZIMPSZ,228,0,BCD+CVD+Ecess on CVD+SCH 1%
20,F,A,M,ZIMPSZ,234,0,Asse. Value
20,F,A,M,ZIMPSZ,236,0,Total duties
20,F,A,M,ZIMPSZ,238,0,Total (Ass.Value+  total Dutie
20,F,A,M,ZIMPSZ,242,0,CVD+ Ecess+SCH 1%-On CVD
20,F,A,M,ZIMPSZ,244,0,Special Adl Duty
20,F,A,M,ZIMPSZ,330,0,Net of CVD
20,F,A,M,ZIMPTR,65,0,FOB Value
20,F,A,M,ZIMPTR,170,0,Assesable Value
20,F,A,M,ZIMPTR,226,0,basic customs( BCD)
20,F,A,M,ZIMPTR,228,0,BCD+CVD+Ecess on CVD+SCH 1%
20,F,A,M,ZIMPTR,234,0,Asse. Value
20,F,A,M,ZIMPTR,236,0,Total duties
20,F,A,M,ZIMPTR,238,0,Total (Ass.Value+  total Dutie
20,F,A,M,ZIMPTR,242,0,CVD+ Ecess+SCH 1%-On CVD
20,F,A,M,ZIMPTR,244,0,Special Adl Duty
20,F,A,M,ZIMPTR,330,0,Net of CVD
20,F,A,M,ZPRAU,145,0,Sub Total
20,F,A,M,ZPRAU,420,0,Total
20,F,A,M,ZPRAU,450,0,Total Insurance
20,F,A,M,ZPRAU,530,0,Sub Total Before ED
20,F,A,M,ZPRAU,550,0,Total of PF After Taxes
20,F,A,M,ZPRAU,570,0,Total Insurance Value
20,F,A,M,ZPRAU,620,0,Total Stock Value
20,F,A,M,ZPRBR,145,0,Sub Total
20,F,A,M,ZPRBR,420,0,Total
20,F,A,M,ZPRBR,450,0,Total Insurance
20,F,A,M,ZPRBR,530,0,Sub Total Before ED
20,F,A,M,ZPRBR,550,0,Total of PF After Taxes
20,F,A,M,ZPRBR,570,0,Total Insurance Value
20,F,A,M,ZPRBR,620,0,Total Stock Value
20,F,A,M,ZPRCHL,145,0,Sub Total
20,F,A,M,ZPRCHL,420,0,Total
20,F,A,M,ZPRCHL,450,0,Total Insurance
20,F,A,M,ZPRCHL,530,0,Sub Total Before ED
20,F,A,M,ZPRCHL,550,0,Total of PF After Taxes
20,F,A,M,ZPRCHL,570,0,Total Insurance Value
20,F,A,M,ZPRCHL,620,0,Total Stock Value
20,F,A,M,ZPRCP,450,0,Excise Duty
20,F,A,M,ZPRDOM,145,0,Sub Total Before ED
20,F,A,M,ZPRDOM,147,0,Base value for Man. Excise
20,F,A,TX,ZTXINN,740,0,Base Amt + Old taxes
20,F,A,TX,ZTXINN,750,0,Total Incl All Taxes
20,F,A,TX,ZTXINN,780,0,Total
20,F,A,M,ZPRMPN,220,0,Sous-total après impôt
20,F,A,M,ZPRMPN,415,0,Impôts sur le bon de commande
20,F,A,M,ZPRMPN,420,0,Totale
20,F,A,M,ZPRDPR,145,0,Sub Total
20,F,A,M,ZPRDPR,220,0,Subtotal After Tax
20,F,A,M,ZPRDPR,320,0,Subtotal After PF
20,F,A,M,ZPRDPR,420,0,Total
20,F,A,M,ZPRDPR,450,0,Total Insurance
20,F,A,M,ZPRDPR,530,0,Sub Total Before ED
20,F,A,M,ZPRDPR,550,0,Total of PF After Taxes
20,F,A,M,ZPRDPR,570,0,Total Insurance Value
20,F,A,M,ZPRDPR,620,0,Total Stock Value
20,E,A,KA,Z001,88,0,Other OH -Plant_EP05
20,E,A,KA,Z001,89,0,Other OH -Plant_EP05
20,E,A,KA,Z001,91,0,Other OH -Plant_EP09
20,F,A,KA,Z001,88,0,Other OH -Plant_EP28
20,F,A,KA,Z001,89,0,Other OH -Plant_EP28
20,F,A,KA,Z001,90,0,Other OH -Plant_EP28
20,F,A,KA,Z001,91,0,Other OH -Plant_EP28
20,D,A,CR,CRP001,110,0,
20,D,A,CR,CRP003,110,0,
20,D,A,M,RM5000,900,0,Mehrwertsteuer
20,D,A,M,RMISR1,110,0,Regieaufschlag
20,D,A,M,RMREGU,900,0,Effektivwert incl. Steuer
20,D,A,TX,TAXAR,110,0,Subtotal
20,D,A,TX,TAXCZ,110,0,
20,D,A,TX,TAXFI,110,0,Ausgangssteuer
20,D,A,TX,TAXMX,110,0,Luxus-Steuer
20,D,A,TX,TAXNO,110,0,
20,D,A,TX,TAXPT,110,0,Ausgangssteuer-Aufr.
20,D,A,TX,TAXTW,110,0,Ausgangssteuer
20,D,A,TX,TAXVE,110,0,Ausgangssteuer
20,D,A,TX,ZTAXMX,110,0,Luxus-Steuer
20,F,A,CR,CRP001,110,0,
20,F,A,CR,CRP001,210,0,Non-deductible tax
20,F,A,CR,CRP001,310,0,Transportation costs
20,F,A,CR,CRP001,320,0,Condition Code Adj
20,F,A,CR,CRP002,30,0,Tangible Costs
20,F,A,CR,CRP003,110,0,
20,F,A,CR,CRP003,310,0,
20,F,A,CS,SAP000,400,0,Total personnel costs
20,F,A,F,SDFC00,500,0,Net freight
20,F,A,F,SDFC01,500,0,Net freight
20,F,A,KA,A00000,30,0,Material usage......
20,F,A,KA,A00000,45,0,Salaries
20,F,A,KA,A00000,50,0,Manufacturing OH
20,F,A,KA,A00000,70,0,Cost of goods manufactured...
20,F,A,KA,A00000,80,0,Administration OH
20,F,A,KA,A00000,90,0,Sales OH
20,F,A,KA,A00001,30,0,Material usage......
20,F,A,KA,A00001,45,0,Salaries
20,F,A,KA,A00001,50,0,Manuf.OH/OH surcharge
20,F,A,KA,A00001,70,0,Cost of goods manufactured...
20,F,A,KA,A00001,80,0,Manuf.OH/OH surcharge
20,F,A,KA,A00001,90,0,Sales OH/OH surcharge
20,F,A,KA,A00002,30,0,Material usage......
20,F,A,KA,A00002,45,0,Salaries
20,F,A,KA,A00002,50,0,Manuf.OH/plant
20,F,A,KA,A00002,70,0,Cost of goods manufactured...
20,F,A,KA,A00002,80,0,Admin.OH/plant
20,F,A,KA,A00002,90,0,Sales OH/plant
20,F,A,KA,A00003,30,0,Material usage......
20,F,A,KA,A00003,45,0,Salaries
20,F,A,KA,A00003,50,0,Manuf.OH/CCode
20,F,A,KA,A00003,70,0,Cost of goods manufactured...
20,F,A,KA,A00003,80,0,Admin.OH/CCode
20,F,A,KA,A00003,90,0,Sales OH/CCode
20,F,A,KA,A00004,30,0,Material usage......
20,F,A,KA,A00004,45,0,Salaries
20,F,A,KA,A00004,50,0,Manuf.OH/BArea
20,E,A,M,ZIMPSZ,238,0,Total (Ass.Value+  total Dutie
20,E,A,M,ZIMPSZ,242,0,CVD+ Ecess+SCH 1%-On CVD
20,E,A,M,ZIMPSZ,244,0,Special Adl Duty
20,E,A,M,ZIMPTR,65,0,FOB Value
20,E,A,M,ZIMPTR,226,0,basic customs( BCD)
20,E,A,M,ZIMPTR,228,0,BCD+CVD+Ecess on CVD+SCH 1%
20,E,A,M,ZIMPTR,234,0,Asse. Value
20,E,A,M,ZIMPTR,236,0,Total duties
20,E,A,M,ZIMPTR,238,0,Total (Ass.Value+  total Dutie
20,E,A,M,ZIMPTR,242,0,CVD+ Ecess+SCH 1%-On CVD
20,E,A,M,ZIMPTR,244,0,Special Adl Duty
20,E,A,M,ZPRDOM,147,0,Base value for Man. Excise
20,E,A,M,ZPRDOM,520,0,Total of NAVM+NAVS
20,E,A,M,ZPRMP1,25,0,subtotal after discount
20,E,A,M,ZPRMP1,35,0,subtotal for ED
20,E,A,M,ZPRMP1,71,0,ED
20,E,A,M,ZPRMP1,73,0,Sub total incl ED
20,E,A,M,ZPRMP1,85,0,Net including tax
20,E,A,M,ZPRMP1,88,0,Excise Duty
20,E,A,M,ZPRMP1,92,0,ED + [MRP-SP]
20,E,A,M,ZPRMRP,25,0,subtotal after discount
20,E,A,M,ZPRMRP,35,0,subtotal for ED
20,E,A,M,ZPRMRP,71,0,ED
20,E,A,M,ZPRMRP,73,0,Sub total incl ED
20,E,A,M,ZPRMRP,85,0,Net including tax
20,E,A,M,ZPRMRP,95,0,MRP-SP
20,E,A,MS,MS0000,12,0,Total Price
20,E,A,MS,MS0000,13,0,Relevant Value
20,E,A,MS,MS0000,14,0,Gross Value
20,E,A,MS,MS0000,15,0,Surcharge % on Net
20,E,A,TX,TAXAR,410,0,Subtotal
20,E,A,TX,TAXB,180,0,Acquisition Tax Deb.
20,E,A,TX,TAXINJ,205,0,IN: A/P AED setoff
20,E,A,TX,TAXINJ,207,0,IN: A/P AED setoff
20,E,A,TX,TAXINJ,212,0,IN A/P AED inventory
20,E,A,TX,TAXINJ,214,0,IN: A/P BED setoff
20,E,A,TX,TAXINJ,217,0,IN Sales tax setoff
20,E,A,TX,TAXINJ,222,0,ED for Ecess Setoff-
20,E,A,TX,TAXINJ,223,0,ED for Ecess Inventory-
20,E,A,TX,TAXINJ,225,0,A/R Ecess - setoff
20,E,A,TX,TAXINJ,226,0,
20,E,A,TX,TAXINJ,230,0,
20,E,A,TX,TAXINJ,232,0,
20,E,A,TX,TAXINJ,234,0,Excise Duty w/o Ecess
20,E,A,TX,TAXINJ,235,0,Total Duties
20,E,A,TX,TAXINJ,236,0,Base
20,E,A,TX,TAXINJ,237,0,Base+Total Duties
20,E,A,TX,TAXINJ,238,0,A/P VAT RM Non-Dedu
20,E,A,TX,TAXINJ,239,0,IN:A/P LST
20,E,A,TX,TAXINJ,240,0,A/P VAT RM Deductibl
20,E,A,TX,TAXINJ,241,0,
20,E,A,TX,TAXINJ,242,0,IN: A/P ST setoff
20,E,A,TX,TAXINJ,247,0,
20,E,A,TX,TAXINJ,260,0,IN: Service tax debi
20,E,A,TX,TAXINJ,261,0,
20,E,A,TX,TAXINJ,262,0,
20,E,A,TX,TAXINJ,270,0,SET OFF+LST (TOTAL) OR CST(TOT
20,E,A,TX,TAXINJ,510,0,IN: A/R BED
20,E,A,TX,TAXINJ,511,0,
20,E,A,TX,TAXINJ,512,0,IN: A/R AED
20,E,A,TX,TAXINJ,513,0,IN: A/R SED
20,E,A,TX,TAXINJ,514,0,IN: A/R Cess
20,E,A,TX,TAXINJ,515,0,sub total
20,E,A,TX,TAXINJ,520,0,IN: A/R CST
20,E,A,TX,TAXINJ,540,0,IN: A/R CST Surcharg
20,E,A,TX,TAXINJ,558,0,Tax-Food Prod.(Raj)
20,E,A,TX,TAXINJ,585,0,Total excise duty
20,E,A,TX,TAXINJ,588,0,Copy net price
20,E,A,TX,TAXINJ,740,0,
20,E,A,TX,TAXINN,585,0,Total excise duty
20,E,A,TX,TAXINN,588,0,Copy net price
20,E,A,TX,TAXINN,590,0,Price + ED
20,E,A,TX,TAXSE,125,0,Non-deduct.Input Tax
20,F,P,PO,2,10,0,Shipping packing instruction
20,E,B,V2,V10000,50,0,Outg. ship.notifica.
20,E,B,V3,V10000,250,0,TII-E-Invoice
20,F,B,V1,V10000,1,0,Internal Output
20,F,B,V1,V10000,10,0,Test
20,F,B,V1,V10000,30,0,Marcan Order EDI
20,F,B,V1,V10000,40,0,Order confirm.  VMI
20,F,B,V1,V10001,10,0,
20,F,B,V2,V10000,10,0,Delivery note (SMFS)
20,F,B,V2,V10000,40,0,Marcan Delivery EDI
20,F,B,V2,V10001,10,0,Outg. ship.notifica.
20,F,B,V3,V10000,10,0,Invoice
20,F,B,V3,V10000,20,0,Mail
20,F,B,V3,V10000,50,0,Invoice VDA
20,F,B,V3,V10000,60,0,Export declaration
20,F,B,V3,V10000,65,0,VAR (Switzerland) export dec.
20,F,B,V3,V10000,70,0,EUR1 document
20,F,B,V3,V10000,75,0,EU export refund
20,F,B,V3,V10000,80,0,Certificate of Origin EU
20,F,B,V3,V10000,90,0,Shipping declaration T1
20,F,B,V3,V10000,100,0,Shipping declaration T2
20,F,B,V3,V10000,110,0,A.TR. document
20,F,B,V3,V10000,111,0,Trade Invoice - JP
20,F,B,V3,V10000,112,0,Cert. of Orig. Osaka
20,F,B,V3,V10000,113,0,Cert. or Orig. Tokyo
20,F,B,V3,V10000,114,0,Pack. List Export JP
20,F,B,V3,V10000,115,0,Export Report Japan
20,F,B,V3,V10000,120,0,Autom. Export System
20,F,B,V3,V10000,125,0,AES - Option 2
20,F,B,V3,V10000,130,0,AES - Option 3
20,F,B,V3,V10000,140,0,AES - Option 4
20,F,B,V3,V10000,150,0,Excise invoice Sales
20,F,B,V3,V10000,200,0,Sample - EDI
20,F,B,V3,V10000,250,0,TII-E-Invoice
20,F,B,V6,2,10,0,Material label
20,F,B,V7,V7ALLE,10,0,
20,F,B,V7,V7AUTO,10,0,GR/GI slip
20,F,B,WR,WRPF00,10,0,"Item, SSR with log data"
20,D,B,DB,DBJ1A1,1,0,Auftragsbestätigung
20,D,B,E1,E10001,1,0,Zählliste
20,D,B,EF,RMBEF1,10,0,Bestellung
20,D,B,EF,RMBEF2,10,0,
20,D,B,ES,RMBES1,10,0,
20,D,B,EV,RMBEV1,30,0,
20,D,B,M1,M10001,1,0,Palettenaufkleber
20,D,B,MR,MR0001,10,0,Mail an Einkauf
20,D,B,MR,MR0002,10,0,Mail Preisabweichung
20,D,B,MR,MR0002,20,0,Reklamation
20,D,B,MR,MR0003,10,0,Konsignation EDI
20,D,B,MR,MR0003,20,0,Konsignation
20,D,B,MR,MR0004,10,0,ERS-Verfahren EDI
20,D,B,MR,MR0004,20,0,ERS-Verfahren
20,D,B,MR,MR0005,10,0,Neubewertung EDI
20,D,B,MR,MR0005,20,0,Neubewertung
20,D,B,MR,MR0006,10,0,Rechnungsplan
20,D,B,PA,1,1,0,MAbrufe (EDI)
20,D,B,V1,V05000,30,0,
20,D,B,V1,V10002,10,0,Sicherheitsdatenbl.
20,D,B,V2,V10001,20,0,Warenbegleitschein
20,D,B,V2,V10001,30,0,Speditionsauftrag
20,D,B,V2,V10001,40,0,Lieferschein DIN4994
20,D,B,V2,V10001,50,0,Warenanhänger 4902/3
20,D,B,V2,V10TPS,1,0,
20,D,B,V2,V20001,10,0,
20,D,B,V2,V20001,20,0,
20,D,B,V2,V20001,30,0,
20,D,B,V3,V40000,10,0,
20,D,B,V3,V40000,50,0,
20,D,B,V5,V50002,10,0,
20,D,B,V5,V50002,20,0,
20,D,B,V6,1,10,0,EAN128-Etikett
20,D,B,V6,2,20,0,intern.Warenanhänger
20,D,B,V7,V70001,10,0,
20,D,A,V,ZCANCS,932,0,Delkredere
20,D,A,V,ZCANCS,970,0,Erwart. Kundenpreis
20,D,A,V,ZCANCS,971,0,Erwart. Kundenwert
20,E,A,V,ZRBS3Z,390,0,Base Amount
20,D,A,V,ZEPDR1,8,0,Istkosten
20,D,A,V,ZEPDR1,909,0,PreisInterneVerrProz
20,D,A,V,ZEPDR1,914,0,Skonto
20,D,A,V,ZEPDR1,915,0,Ausgangssteuer
20,D,A,V,ZEPDR1,919,0,Rundung
20,D,A,V,ZEPDR1,941,0,Herstellkosten
20,D,A,V,ZEPDRE,8,0,Istkosten
20,D,A,V,ZEPC02,914,0,Skonto
20,D,A,V,ZVAATM,914,0,Skonto
20,F,A,V,RVAJUS,914,0,Tax Jurisdiction Code
20,F,A,V,ZBAB1Z,425,0,Base prices + E.Tax
20,F,A,V,ZBABTZ,425,0,Base prices + E.Tax
20,F,A,V,ZMRPFS,425,0,Base prices + E.Tax
20,F,A,V,ZPABTD,425,0,Base prices + E.Tax
20,F,A,V,ZPRAB1,425,0,Base prices + E.Tax
20,F,A,V,ZPRABT,425,0,Base prices + E.Tax
20,F,A,V,ZPRBDY,425,0,Base prices + E.Tax
20,F,A,V,ZPRBFS,425,0,Base prices + E.Tax
20,F,A,V,ZPRBS1,425,0,Base prices + E.Tax
20,F,A,V,ZPRBS2,425,0,Base prices + E.Tax
20,F,A,V,ZPRBS3,425,0,Base prices + E.Tax
20,F,A,V,ZPRBSI,425,0,Base prices + E.Tax
20,F,A,V,ZRABTZ,425,0,Base prices + E.Tax
20,F,A,V,ZWBAB1,425,0,Base prices + E.Tax
20,F,A,V,ZWBABD,425,0,Base prices + E.Tax
20,F,A,V,ZWBABT,425,0,Base prices + E.Tax
20,F,A,V,ZWBBDY,425,0,Base prices + E.Tax
20,F,A,V,ZWBBSE,425,0,Base prices + E.Tax
20,F,A,V,ZWBBSI,425,0,Base prices + E.Tax
20,D,A,V,POS100,201,0,Bruttowert
20,D,A,V,POS100,216,0,Bewertungspreis VK
20,D,A,V,POS100,220,0,Preisdifferenz
20,D,A,V,POS100,390,0,Abverkaufspreis
20,D,A,V,POS100,395,0,Summe Kopfrabatte
20,D,A,V,POS100,512,0,Bewertung nach EP
20,D,A,V,POS100,610,0,Summe Positionsrab.
20,D,A,V,POS100,620,0,Preisdifferenz
20,D,A,V,POS100,630,0,Summe Kopfrabatte
20,D,A,V,POS100,690,0,Gesamtsumme Rabatte
20,D,A,V,PREF00,810,0,Präferenzbasis
20,D,A,V,RVAAAR,925,0,Gesamtsumme
20,D,A,V,RVAACN,911,0,Nettowert (ANZ)
20,D,A,V,RVAACN,925,0,Endbetrag
20,D,A,V,RVAACO,926,0,Endbetrag
20,D,A,V,RVAARU,925,0,Rundung
20,D,A,V,RVAARU,926,0,Endbetrag
20,D,A,V,RVAAVE,926,0,Endbetrag
20,D,A,V,RVAB01,290,0,Preis Netto
20,D,A,V,RVAB01,320,0,Auftragswert
20,D,A,V,RVAB01,420,0,Warenwert
20,D,A,V,RVAB01,530,0,Deckungsbeitrag
20,D,A,V,RVAB02,99,0,Endbetrag Preise Brutto
20,D,A,V,RVAB02,199,0,Rabatte Brutto
20,D,A,V,RVAB02,280,0,Summe Brutto
20,D,A,V,RVAB02,824,0,Preis Brutto
20,D,A,V,RVAB02,827,0,Preis Netto
20,D,A,V,RVAB02,844,0,Rabatte Brutto
20,D,A,V,RVAB02,847,0,Rabatte Netto
20,D,A,V,RVAB02,850,0,Warenwert
20,D,A,V,RVAB02,880,0,Endbetrag
20,D,A,V,RVAXUD,305,0,Bonusbasis
20,D,A,V,RVAXUD,970,0,Erwart. Kundenpreis
20,D,A,V,RVBRC,45,0,Preis incl. Infl. Anp.
20,D,A,V,RVBRC,90,0,100' Dummy
20,D,A,V,RVBRC,312,0,Price including tax
20,D,A,V,RVBRC,710,0,Steuerbasis
20,D,A,V,RVBRC,778,0,Größeren Wert nehmen
20,D,A,V,RVBRC,793,0,INVOICE (ex. Sub.Trib.)
20,D,A,V,RVBRC,795,0,TOTAL INVOICE VALUE
20,E,A,V,ZPRBSE,525,0,BASE+BED+AED
20,E,A,V,ZPRBSE,575,0,Base + BED+AED+SED
20,E,A,V,ZPRBSE,610,0,Base+BED+AED+SED+cess
20,E,A,V,ZPRBSE,625,0,Base+BED+AED+SED+cess+EC+ET
20,E,A,V,ZPRBSI,777,0,Price + taxes+ Free PTS
20,E,A,V,ZPRFCU,475,0,Base prices  + BED
20,E,A,V,ZPRFCU,525,0,BASE+BED+AED
20,E,A,V,ZPRFCU,575,0,BASE+BED+AED+SED
20,E,A,V,ZPRFCU,625,0,BASE+BED+AED+SED+CESS
20,E,A,V,ZPRFCU,670,0,Base+BED+AED+SED+cess+ecs
20,E,A,V,ZPRFCU,675,0,Base+BED+AED+SED+cess+ecs+Seh
20,E,A,V,ZPRST1,475,0,Base prices  + BED
20,E,A,V,ZPRST1,525,0,BASE+BED+AED
20,E,A,V,ZPRST1,575,0,Base + BED+AED+SED
20,E,A,V,ZPRST1,625,0,Base + BED+AED+SED+cess+
20,E,A,V,ZPRST1,670,0,Base + BED+AED+SED+cess+ecs
20,E,A,V,ZPRST1,675,0,Base+BED+AED+SED+cess+ecs+sch
20,E,A,V,ZPRST2,475,0,Base prices  + BED
20,E,A,V,ZPRST2,525,0,BASE+BED+AED
20,E,A,V,ZPRST2,575,0,Base + BED+AED+SED
20,E,A,V,ZPRST2,625,0,Base + BED+AED+SED+cess+
20,E,A,V,ZPRST2,670,0,Base + BED+AED+SED+cess+ecs
20,E,A,V,ZPRST2,675,0,Base+BED+AED+SED+cess+ecs+sch
20,E,A,V,ZPRTES,420,0,Basic price+BED
20,E,A,V,ZPRTES,445,0,Basic price+BED+Ecess
20,E,A,V,ZPRTES,450,0,Basic price+BED+Ecess+SEcess
20,E,A,V,ZPRTES,465,0,Basic price+ED+Taxes
20,E,A,V,ZRAB1Z,250,0,MRP - Abatement
20,E,A,V,ZRAB1Z,450,0,Copy of PTS
20,E,A,V,ZRABTZ,250,0,MRP - Abatement
20,E,A,V,ZRABTZ,450,0,Copy of PTS
20,E,A,V,ZRBSIN,777,0,Price + taxes+ Free PTS
20,E,A,V,ZRBSIZ,777,0,Price + taxes+ Free PTS
20,E,A,V,ZREXPZ,650,0,Basic+Freight
20,E,A,V,ZRTESZ,465,0,Basic price+ED+Taxes
20,E,A,V,ZWBAB1,250,0,MRP - Abatement
20,E,A,V,ZWBAB1,450,0,Copy of PTS
20,E,A,V,ZWBABD,250,0,MRP - Abatement
20,E,A,V,ZWBABT,250,0,MRP - Abatement
20,E,A,V,ZWBABT,450,0,Copy of PTS
20,D,A,V,ZEPE0E,8,0,Istkosten
20,D,A,V,ZEPE0E,909,0,PreisInterneVerrProz
20,D,A,V,ZEPE0E,915,0,Ausgangssteuer
20,D,A,V,ZEPE0E,919,0,Rundung
20,D,A,V,ZEPE0E,941,0,Herstellkosten
20,E,A,V,ZRBLLZ,680,0,Base + GST
20,D,A,V,ZESARE,8,0,Istkosten
20,D,A,V,ZESARE,909,0,PreisInterneVerrProz
20,D,A,V,ZESARE,914,0,Skonto
20,D,A,V,ZESARE,915,0,Ausgangssteuer
20,D,A,V,ZESARE,919,0,Rundung
20,D,A,V,ZESARE,941,0,Herstellkosten
20,D,A,V,ZEPP01,8,0,Istkosten
20,D,A,V,ZEPP01,909,0,PreisInterneVerrProz
20,D,A,V,ZEPP01,914,0,Skonto
20,D,A,V,ZEPP01,915,0,Ausgangssteuer
20,D,A,V,ZEPP01,919,0,Rundung
20,D,A,V,ZEPP01,941,0,Herstellkosten
20,D,A,V,ZEPPRE,8,0,Istkosten
20,D,A,V,ZEPPRE,909,0,PreisInterneVerrProz
20,D,A,V,ZEPPRE,915,0,Ausgangssteuer
20,D,A,V,ZEPPRE,919,0,Rundung
20,D,A,V,ZEPPRE,941,0,Herstellkosten
20,D,A,V,ZLPK01,8,0,Istkosten
20,D,A,V,ZLPK01,909,0,PreisInterneVerrProz
20,D,A,V,ZLPK01,914,0,Skonto
20,D,A,V,ZLPK01,915,0,Ausgangssteuer
20,D,A,V,ZLPK01,919,0,Rundung
20,D,A,V,ZLPK01,941,0,Herstellkosten
20,D,A,V,ZLPKRE,8,0,Istkosten
20,D,A,V,ZLPKRE,909,0,PreisInterneVerrProz
20,D,A,V,ZLPKRE,914,0,Skonto
20,D,A,V,ZLPKRE,915,0,Ausgangssteuer
20,D,A,TX,TAXBRC,135,0,10^n
20,D,A,TX,TAXBRC,140,0,(Net+Disc) incl. ICMS
20,D,A,TX,TAXBRC,145,0,Discount incl. ICMS
20,D,A,TX,TAXBRC,155,0,ICMS amount
20,D,A,TX,TAXBRC,165,0,Net value + ICMS
20,D,A,TX,TAXBRC,170,0,Calculate excl./oth. base ICMS
20,D,A,TX,TAXBRC,190,0,ICMS excempt industr.
20,D,A,TX,TAXBRC,195,0,ICMS Ind.Clear.Off.
20,D,A,TX,TAXBRC,205,0,==== IPI calculation =========
20,D,A,TX,TAXBRC,210,0,Net+Disc+(ICMS wenn aktiv)
20,D,A,TX,TAXBRC,220,0,(Net+Disc) incl. ICMS
20,D,A,TX,TAXBRC,225,0,
20,D,A,TX,TAXBRC,230,0,
20,D,A,TX,TAXBRC,235,0,
20,D,A,TX,TAXBRC,240,0,
20,D,A,TX,TAXBRC,245,0,
20,D,A,TX,TAXBRC,250,0,Net value + ICMS
20,D,A,TX,TAXBRC,255,0,Net+ ICMS + IPI
20,D,A,TX,TAXBRC,260,0,
20,D,A,TX,TAXBRC,265,0,Net+ ICMS (+ IPI wenn aktiv)
20,D,A,TX,TAXBRC,270,0,
20,D,A,TX,TAXBRC,275,0,
20,D,A,TX,TAXBRC,294,0,==== ICMS over IPI ===========
20,D,A,TX,TAXBRC,295,0,Recall 10^n
20,D,A,TX,TAXBRC,300,0,Recall IPI Rate_fn * 10^n
20,D,A,TX,TAXBRC,305,0,Sum  10°n * (1 + IPI Rate FN)
20,D,A,TX,TAXBRC,310,0,(1+ IPI fn - disrate) * 10^n
20,D,A,TX,TAXBRC,315,0,
20,D,A,TX,TAXBRC,320,0,
20,D,A,TX,TAXBRC,325,0,disrate
20,D,A,TX,TAXBRC,330,0,Summe
20,D,A,TX,TAXBRC,335,0,Recall 10^n
20,D,A,TX,TAXBRC,340,0,iic
20,D,A,TX,TAXBRC,345,0,Recall 10^n
20,D,A,TX,TAXBRC,350,0,ICMS cons. w/o discount
20,D,A,TX,TAXBRC,360,0,Net+Disc. (+ICMS wenn aktiv)
20,D,A,TX,TAXBRC,375,0,Recall ICMS consumption
20,D,A,TX,TAXBRC,380,0,Net+ICMS+IPI consumption
20,D,A,TX,TAXBRC,385,0,Recall ICMS cons.
20,D,A,TX,TAXBRC,390,0,ICMS amount consumption
20,D,A,TX,TAXBRC,400,0,ICMS w/o IPI if IPI not active
20,D,A,TX,TAXBRC,410,0,
20,D,A,TX,TAXBRC,415,0,Net+Disc. (+ICMS wenn aktiv)
20,D,A,TX,TAXBRC,420,0,
20,D,A,TX,TAXBRC,425,0,
20,D,A,TX,TAXBRC,435,0,Icms
20,D,A,TX,TAXBRC,445,0,Recall iicip
20,D,A,TX,TAXBRC,446,0,Holen 440
20,D,A,TX,TAXBRC,460,0,ICMS exempt consumption
20,D,A,TX,TAXBRC,500,0,==== Begin of Subtrib =====
20,D,A,TX,TAXBRC,505,0,Indus.: Net+ ICMS (+ IPI ?)
20,D,A,TX,TAXBRC,510,0,take amount cons or indus.
20,D,A,TX,TAXBRC,520,0,Holen 515
20,D,A,TX,TAXBRC,555,0,Calc. Base SubTrib Indus
20,D,A,TX,TAXBRC,560,0,Calc. Base SubTrib
20,D,A,TX,TAXBRC,565,0,
20,D,A,TX,TAXBRC,570,0,
20,D,A,TX,TAXBRC,575,0,Indus.: ICMS amount (tic)
20,D,A,TX,TAXBRC,580,0,Take tic indus or consumpt.
20,D,A,TX,TAXBRC,590,0,Recall rate*sub_calc_base
20,D,A,TX,TAXBRC,595,0,SubTrib Value
20,D,A,TX,TAXBRC,650,0,====== Complement ICMS =======
20,D,A,TX,TAXBRC,660,0,ICMS complement Rate
20,D,A,TX,TAXBRC,670,0,only for consumption
20,D,A,TX,TAXBRC,700,0,====== ICMS on Freight =======
20,D,A,TX,TAXBRC,715,0,10^n
20,D,A,TX,TAXBRC,720,0,Freight + ICMS on freight
20,D,A,TX,TAXBRC,725,0,ICMS on freight
20,D,A,TX,TAXBRC,750,0,====== SubTrib on Freight ====
20,D,A,TX,TAXBRC,755,0,Freight + ICMS on freight
20,D,A,TX,TAXBRC,760,0,
20,D,A,TX,TAXBRC,765,0,
20,D,A,TX,TAXBRC,770,0,Subtrib on freight
20,E,A,M,ZPRMPN,100,0,Net including discount
20,E,A,M,ZPRDPR,100,0,Net including discount
20,F,A,M,ZPRDPR,100,0,Net including discount
20,덆,A,M,ZPRDPR,100,0,Net including discount
20,E,A,KA,Z002,20,0,Yield Adjustment-Mat
20,E,A,KA,Z002,40,0,Yield Adjustment-OH
20,D,A,CR,CRP001,10,0,Grundpreis
20,D,A,CR,CRP001,20,0,Multiplikator für Preis
20,D,A,CR,CRP002,20,0,
20,D,A,CR,CRP002,40,0,
20,D,A,CR,CRP003,20,0,HPM COPAS #23
20,D,A,KA,A00000,20,0,GK-Material
20,D,A,KA,A00000,40,0,Löhne
20,D,A,KA,A00000,100,0,Selbstkosten........
20,D,A,KA,A00001,20,0,GK-Material/Zschl
20,D,A,KA,A00001,40,0,Löhne
20,D,A,KA,A00001,100,0,Selbstkosten........
20,D,A,KA,A00002,20,0,GK-Material/Werk
20,D,A,KA,A00002,40,0,Löhne
20,D,A,KA,A00002,100,0,Selbstkosten........
20,D,A,KA,A00003,20,0,GK-Material/BuKrs
20,D,A,KA,A00003,40,0,Löhne
20,D,A,KA,A00003,100,0,Selbstkosten........
20,D,A,KA,A00004,20,0,GK-Material/Gsber
20,D,A,KA,A00004,40,0,Löhne
20,D,A,KA,A00004,100,0,Selbstkosten........
20,D,A,KA,A00005,20,0,GK-Material/AArt
20,D,A,KA,A00005,40,0,Löhne
20,D,A,KA,A00005,100,0,Selbstkosten........
20,D,A,KA,A00006,10,0,Material
20,D,A,KA,A00006,20,0,GK-Material/ATyp
20,D,A,KA,A00006,40,0,Löhne
20,D,A,KA,A00006,100,0,Selbstkosten........
20,D,A,KA,A00007,10,0,Material
20,D,A,KA,A00007,20,0,GK-Material
20,D,A,KA,A00007,40,0,Löhne
20,D,A,KA,A00007,100,0,Selbstkosten........
20,D,A,KA,PP-PC1,20,0,GK-Material
20,D,A,KA,PP-PC1,40,0,Fertigung
20,D,A,KA,PP-PC2,20,0,GK-Material
20,D,A,KA,PP-PC2,40,0,Fertigung
20,D,A,KA,PP-PC2,100,0,Selbstkosten
20,D,A,KA,PP-PC3,20,0,GK-Verwaltung
20,D,A,KA,PP-PC3,40,0,Selbstkosten
20,D,A,M,RM0000,20,0,Nettowert incl Rab.
20,D,A,M,RM0000,40,0,Effektivpreis
20,D,A,M,RM0002,20,0,Nettowert incl. Rab.
20,D,A,M,RM0002,40,0,Effektivpreis
20,D,A,M,RM1000,20,0,Nettowert incl Rab.
20,D,A,M,RM1000,40,0,Effektivwert
20,D,A,M,RM1002,20,0,Nettowert incl Rab.
20,D,A,M,RM1002,40,0,Effektivwert
20,D,A,M,RM2000,100,0,Fracht/Menge
20,D,A,M,RM5000,100,0,Bonus
20,D,A,M,RMISR1,10,0,Bruttowert
20,D,A,M,RMMP00,20,0,Marktpreis
20,D,A,MS,MS0000,20,0,Nettowert
20,D,A,ST,TAXD,100,0,Ausgangssteuer
20,D,A,ST,TAXUSA,100,0,ttt
20,D,A,TX,TAXAU,100,0,
20,D,A,TX,TAXB,100,0,Basisbetrag
20,D,A,TX,TAXCA,110,0,
20,D,A,TX,TAXCA,120,0,A/P and MM
20,D,A,TX,TAXCA,200,0,Subtotal
20,D,A,TX,TAXCA,230,0,Subtotal
20,D,A,TX,TAXCH,100,0,Basisbetrag
20,D,A,TX,TAXCZ,100,0,
20,D,A,TX,TAXD,100,0,Basisbetrag
20,D,A,TX,TAXFI,100,0,Basisbetrag
20,D,A,TX,TAXJP,100,0,Basisbetrag
20,D,A,TX,TAXMX,100,0,
20,D,A,TX,TAXNL,100,0,
20,D,A,TX,TAXPT,100,0,
20,F,A,TX,TAXAU,100,0,Test
20,F,A,TX,TAXB,100,0,Base Amount
20,F,A,TX,TAXCA,105,0,
20,F,A,TX,TAXCA,110,0,A/P GST
20,F,A,TX,TAXCA,120,0,A/P and MM
20,F,A,TX,TAXCA,199,0,Subtotal
20,F,A,TX,TAXCA,200,0,Subtotal
20,F,A,TX,TAXCA,210,0,A/P Distributed
20,F,A,TX,TAXCA,220,0,A/P PST Distributed
20,F,A,TX,TAXCA,230,0,Subtotal
20,F,A,TX,TAXCA,250,0,
20,F,A,TX,TAXCA,251,0,Separate G/L posting
20,F,A,TX,TAXCA,260,0,
20,F,A,TX,TAXCA,270,0,
20,F,A,TX,TAXCA,298,0,Subtotal
20,F,A,TX,TAXCA,299,0,
20,F,A,TX,TAXCA,300,0,Self assess Federal
20,F,A,TX,TAXCA,310,0,
20,F,A,TX,TAXCA,399,0,
20,F,A,TX,TAXCA,410,0,Self assess Prov.
20,F,A,TX,TAXCA,420,0,
20,F,A,TX,TAXCA,430,0,
20,F,A,TX,TAXCA,498,0,
20,F,A,TX,TAXCA,499,0,"     **********"
20,F,A,TX,TAXCA,600,0,"     A/R and SD"
20,F,A,TX,TAXCA,610,0,A/R GST
20,F,A,TX,TAXCA,698,0,
20,F,A,TX,TAXCA,700,0,Subtotal
20,F,A,TX,TAXCA,710,0,A/R GST
20,F,A,TX,TAXCA,720,0,A/R GST
20,F,A,TX,TAXCZ,100,0,
20,F,A,TX,TAXD,100,0,Base Amount
20,F,A,TX,TAXFI,100,0,Base Amount
20,F,A,TX,TAXJP,100,0,Base Amount
20,F,A,TX,TAXMX,100,0,
20,F,A,TX,TAXNL,100,0,Test
20,F,A,TX,TAXPT,100,0,
20,F,A,TX,TAXTW,100,0,Base amount
20,F,A,TX,TAXVE,100,0,Base amount
20,F,A,W,WWS000,100,0,WM Standard
20,E,A,TX,ZTAXEM,600,0,Net price + ED + ST
20,E,A,TX,ZTAXIN,590,0,Price + ED
20,E,A,TX,ZTAXIN,600,0,Net price(BP)
20,E,A,TX,ZTXINJ,600,0,Net price + ED + ST
20,E,A,TX,ZTXINN,620,0,Subtotal-Excise W/o Ecess
20,E,A,M,ZPRPHP,145,0,Sub Total
20,E,A,M,ZPRPHP,420,0,Total
20,E,A,M,ZPRPHP,450,0,Total Insurance
20,E,A,M,ZPRPHP,530,0,Sub Total Before ED
20,E,A,M,ZPRPHP,550,0,Total of PF After Taxes
20,E,A,M,ZPRPHP,570,0,Total Insurance Value
20,E,A,M,ZPRPHP,620,0,Total Stock Value
20,E,A,M,ZPRLAZ,145,0,Sub Total
20,E,A,M,ZPRLAZ,420,0,Total
20,E,A,M,ZPRLAZ,450,0,Total Insurance
20,E,A,M,ZPRLAZ,550,0,Total of PF After Taxes
20,E,A,M,ZPRLAZ,570,0,Total Insurance Value
20,E,A,M,ZPRLAZ,620,0,Total Stock Value
20,E,A,M,ZPRCHL,145,0,Sub Total
20,E,A,M,ZPRCHL,420,0,Total
20,E,A,M,ZPRCHL,450,0,Total Insurance
20,E,A,M,ZPRCHL,530,0,Sub Total Before ED
20,E,A,M,ZPRCHL,550,0,Total of PF After Taxes
20,E,A,M,ZPRCHL,570,0,Total Insurance Value
20,E,A,M,ZPRCHL,620,0,Total Stock Value
20,E,A,KA,Z001,79,0,Other OH -Plant_EP27
20,E,A,M,ZPRTII,145,0,Sub Total
20,E,A,M,ZPRTII,420,0,Total
20,E,A,M,ZPRTII,450,0,Total Insurance
20,E,A,M,ZPRTII,530,0,Sub Total Before ED
20,E,A,M,ZPRTII,550,0,Total of PF After Taxes
20,E,A,M,ZPRTII,570,0,Total Insurance Value
20,E,A,M,ZPRTII,620,0,Total Stock Value
20,E,A,M,XFIN,200,0,Sub Total Before ED
20,E,A,M,XFIN,220,0,Subtotal After Tax
20,E,A,M,XFIN,320,0,Subtotal After PF
20,E,A,M,XFIN,530,0,Sub Total Before ED
20,E,A,M,ZEMFGF,60,0,Basic Price
20,E,A,M,ZEMFGF,90,0,Basic + Ex.Duty
20,E,A,M,ZEMRO7,60,0,Basic Buying Price
20,E,A,M,ZEMRO7,130,0,MRP
20,E,A,M,ZEMRO7,530,0,ED
20,E,A,M,ZEMROC,60,0,Basic Buying Price
20,E,A,M,ZEMROC,130,0,MRP
20,E,A,M,ZEMROC,150,0,
20,E,A,M,ZEPLD,5,0,Basic Price
20,E,A,M,ZEPLD,50,0,Subtotal after packing fwdg
20,E,A,M,ZEPLD,90,0,Net before octroi
20,E,A,M,ZEPLD,110,0,Net after non deductible taxes
20,E,A,M,ZEPLD,120,0,Stock value
20,E,A,M,ZEPLD1,5,0,Basic Price
20,E,A,M,ZEPLD1,50,0,Subtotal after packing fwdg
20,E,A,M,ZEPLD1,90,0,Net before octroi
20,E,A,M,ZEPLD1,110,0,Net after non deductible taxes
20,E,A,M,ZEPLD1,120,0,Stock value
20,E,A,M,ZEPLD1,130,0,Copy of E.D.
20,E,A,M,ZEPLD1,150,0,Net Stock Value
20,E,A,M,ZFIN31,60,0,Basic Price
20,E,A,M,ZIMP01,10,0,Basic Price
20,E,A,M,ZIMP01,130,0,CIF Value
20,E,A,M,ZIMP01,220,0,Subtotal before CVD
20,E,A,M,ZIMP01,310,0,Gross Value
20,E,A,M,ZIMPR1,130,0,CIF Value
20,E,A,M,ZIMPR1,220,0,Subtotal before CVD
20,E,A,M,ZIMPR1,310,0,Gross Value
20,E,A,M,ZIMPR2,500,0,subtotal after basic & customs
20,E,A,M,ZIMPR2,700,0,BASIC CUSTOMS DUTY
20,E,A,M,ZIMPR2,800,0,SUBTOTAL for CESS on CUSTOMS
20,E,A,M,ZIMPR2,900,0,Subtotal- ORCHID
20,E,A,M,ZIMPR3,5,0,
20,E,A,M,ZIMPR3,10,0,Basic Price
20,E,A,M,ZIMPR3,22,0,BCD+CVD+Ecess  on CVD+SCH 1%
20,E,A,M,ZIMPR3,30,0,
20,E,A,M,ZIMPR8,500,0,subtotal after basic & customs
20,E,A,M,ZIMPRO,10,0,Basic Price
20,E,A,M,ZIMPRO,130,0,CIF Value
20,E,A,M,ZIMPRO,210,0,Total ( Ass.Value+BCD)
20,E,A,M,ZIMPRO,310,0,Gross Value
20,E,A,M,ZIMPRT,10,0,Basic Price
20,E,A,M,ZIMPRT,130,0,CIF Value
20,E,A,M,ZIMPRT,210,0,Total ( Ass.Value+BCD)
20,E,A,M,ZIMPRT,220,0,
20,E,A,M,ZIMPRT,310,0,Gross Value
20,E,A,M,ZIMPSZ,10,0,Basic Price
20,E,A,M,ZIMPSZ,130,0,CIF Value
20,E,A,M,ZIMPSZ,210,0,Total ( Ass.Value+BCD)
20,E,A,M,ZIMPSZ,310,0,Gross Value
20,E,A,M,ZIMPTR,10,0,Basic Price
20,E,A,M,ZIMPTR,130,0,CIF Value
20,E,A,M,ZIMPTR,210,0,Total ( Ass.Value+BCD)
20,E,A,M,ZIMPTR,310,0,Gross Value
20,E,A,M,ZPRAU,60,0,Basic Price
20,E,A,M,ZPRAU,220,0,Subtotal After Tax
20,E,A,M,ZPRAU,320,0,Subtotal After PF
20,E,A,M,ZPRBR,60,0,Basic Price
20,E,A,M,ZPRBR,220,0,Subtotal After Tax
20,E,A,M,ZPRBR,320,0,Subtotal After PF
20,E,A,M,ZPRCP,400,0,Basic Buying Price
20,E,A,M,ZPRCP,500,0,Total=Basic BP+E.D.
20,E,A,M,ZPRDOM,60,0,Basic Price
20,E,A,M,ZPRDOM,200,0,Sub Total Before ED
20,E,A,M,ZPRDOM,220,0,Subtotal After Tax
20,E,A,M,ZPRDOM,320,0,Subtotal After PF
20,E,A,M,ZPRDOM,530,0,Sub Total Before ED
20,E,A,M,ZPREOU,30,0,Basic Buying Price
20,E,A,M,ZPREOU,200,0,Customs-BCD
20,E,A,KA,Z001,50,0,Material - Oth OH
20,E,A,KA,Z001,60,0,Other OH -LL Plant
20,E,A,KA,Z001,70,0,Other OH -Plant_EP16
20,E,A,M,ZPRTII,60,0,Basic Price
20,E,A,M,ZPRTII,220,0,Subtotal After Tax
20,E,A,M,ZPRTII,320,0,Subtotal After PF
20,D,A,TX,TAXMT,200,0,Erwerbst.Ausgang-Auf
20,E,A,M,ZPRTLM,60,0,Basic Price
20,E,A,M,ZPRTLM,220,0,Subtotal After Tax
20,E,A,M,ZPRTLM,320,0,Subtotal After PF
20,D,A,TX,ZTAXMT,200,0,Erwerbst.Ausgang-Auf
20,F,A,CR,CRP001,200,0,Adjusted Price
20,F,A,CR,CRP001,300,0,Price including tax
20,F,A,CR,CRP002,10,0,CRP Base Price
20,F,A,CR,CRP003,10,0,
20,F,A,F,SDFC00,300,0,Gross freight
20,F,A,F,SDFC01,300,0,Gross freight
20,F,A,KA,A00000,60,0,Manufacturing costs...
20,F,A,KA,A00001,60,0,Manufacturing costs...
20,F,A,KA,A00002,60,0,Manufacturing costs...
20,F,A,KA,A00003,60,0,Manufacturing costs...
20,F,A,KA,A00004,60,0,Manufacturing costs...
20,F,A,KA,A00005,60,0,Manufacturing costs...
20,F,A,KA,A00006,60,0,Manufacturing costs...
20,F,A,KA,A00007,60,0,Manufacturing costs...
20,F,A,KA,PP-PC1,10,0,Material
20,F,A,KA,PP-PC1,60,0,Manufacturing costs
20,F,A,KA,PP-PC2,60,0,Manufacturing costs
20,F,A,KA,PP-PC3,10,0,Sales in plant generation
20,F,A,KA,Z001,10,0,Material
20,F,A,KA,Z001,60,0,Other OH -LL Plant
20,F,A,KA,Z002,10,0,Project Cost
20,F,A,KE,ZSTP,10,0,Std Cost for COPA
20,F,A,M,RM0001,10,0,
20,F,A,M,RM0002,10,0,
20,F,A,M,RM2000,200,0,Delivery costs
20,F,A,M,RM5000,200,0,Material rebate
20,F,A,M,RM6000,200,0,Net value
20,F,A,M,RM6001,200,0,Net value
20,F,A,M,RM6002,200,0,Net value
20,F,A,M,RMIMP0,10,0,Transaction value
20,F,A,M,RMIMP0,60,0,Transaction value
20,F,A,M,RMISR1,300,0,Sales Price inc. Tax
20,F,A,M,RMREGU,200,0,Net value
20,F,A,M,XFIN,60,0,Basic Price
20,F,A,M,XFIN,200,0,Sub Total Before ED
20,F,A,M,ZEMFGF,60,0,Basic Price
20,F,A,M,ZEMRO7,60,0,Basic Buying Price
20,F,A,M,ZEMROC,60,0,Basic Buying Price
20,F,A,M,ZFIN31,60,0,Basic Price
20,F,A,M,ZIMP01,10,0,Basic Price
20,F,A,M,ZIMPR3,10,0,Basic Price
20,F,A,M,ZIMPRO,10,0,Basic Price
20,F,A,M,ZIMPRT,10,0,Basic Price
20,F,A,M,ZIMPSZ,10,0,Basic Price
20,F,A,M,ZIMPTR,10,0,Basic Price
20,F,A,M,ZPRAU,60,0,Basic Price
20,F,A,M,ZPRBR,60,0,Basic Price
20,F,A,M,ZPRCHL,60,0,Basic Price
20,F,A,M,ZPRDOM,60,0,Basic Price
20,F,A,M,ZPRDOM,200,0,Sub Total Before ED
20,F,A,M,ZPREOU,200,0,Customs-BCD
20,F,A,M,ZPREOU,300,0,BCD + ED
20,F,A,M,ZPREPE,60,0,Basic Price
20,F,A,M,ZPRLAZ,60,0,Basic Price
20,F,A,M,ZPRMEN,60,0,Basic Price
20,F,A,M,ZPRMPI,60,0,Basic Price
20,F,A,M,ZPRMX,60,0,Basic Price
20,F,A,M,ZPRNG,60,0,Basic Price
20,F,A,M,ZPRNZ,60,0,Basic Price
20,F,A,M,ZPRPHP,60,0,Basic Price
20,F,A,M,ZPRSA,60,0,Basic Price
20,F,A,M,ZPRTII,60,0,Basic Price
20,F,A,M,ZEMROC,520,0,Basic Buying Price
20,F,A,M,ZEMROC,530,0,ED(Excise Duty)
20,F,A,M,ZEMROC,540,0,B.P+ED(Basic Buying Price +ED)
20,F,A,M,ZEMROC,560,0,MRP-[BP+ED]
20,F,A,M,ZEPLD,15,0,Net including discount
20,F,A,M,ZEPLD,72,0,Subtotal2
20,F,A,M,ZEPLD,81,0,Subtotal 3
20,F,A,M,ZEPLD,96,0,Subtotal4
20,F,A,M,ZEPLD,115,0,Subtotal for insurance
20,F,A,M,ZEPLD1,15,0,Net including discount
20,F,A,M,ZEPLD1,18,0,Subtotal
20,F,A,M,ZEPLD1,72,0,Subtotal2
20,F,A,M,ZEPLD1,81,0,Subtotal 3
20,F,A,M,ZEPLD1,96,0,Subtotal4
20,F,A,M,ZEPLD1,115,0,Subtotal for insurance
20,F,A,M,ZEPLD1,123,0,
20,F,A,M,ZFIN31,215,0,Basic Value
20,F,A,M,ZFIN31,265,0,BASIC+P & F + freight
20,F,A,M,ZFIN31,285,0,Copy of BASIC+P & F + Freight
20,F,A,M,ZFIN31,295,0,Base for Octroi
20,F,A,M,ZFIN31,570,0,Total Stock Value
20,F,A,M,ZIMP01,65,0,FOB Value
20,F,A,M,ZIMP01,170,0,Assesable Value
20,F,A,M,ZIMP01,238,0,BCD+SCD + ADD
20,F,A,M,ZIMP01,240,0,CVD+ Ecess
20,F,A,M,ZIMP01,245,0,Subtotal after CVD
20,F,A,M,ZIMP01,247,0,Total after All Duties+cess
20,F,A,M,ZIMP01,265,0,Subtotal
20,F,A,M,ZIMP01,272,0,Subtotal before Locl & Clrg
20,F,A,M,ZIMP01,325,0,
20,F,A,M,ZIMP01,330,0,Net of CVD
20,F,A,M,ZIMPR1,170,0,Assesable Value
20,F,A,M,ZIMPR1,240,0,Subtotal after CVD
20,F,A,M,ZIMPR1,252,0,BCD+SCD + ADD
20,F,A,M,ZIMPR1,254,0,CVD+ Ecess
20,F,A,M,ZIMPR1,260,0,Total Customs Duty
20,F,A,M,ZIMPR1,265,0,Subtotal
20,F,A,M,ZIMPR1,268,0,
20,F,A,M,ZIMPR1,272,0,Subtotal before Locl & Clrg
20,F,A,M,ZIMPR1,330,0,Net of CVD
20,F,A,M,ZIMPR2,600,0,subtotal for SAD
20,F,A,M,ZIMPR2,750,0,EXCISE DUTY
20,F,A,M,ZIMPR2,820,0,SUBTOTAL
20,F,A,M,ZIMPR2,880,0,BASIC VALUE
20,F,A,M,ZIMPR2,915,0,Subtotal
20,F,A,M,ZIMPR2,940,0,Subtotal
20,F,A,M,ZIMPR2,980,0,NET OF CENVAT
20,F,A,M,ZIMPR3,1,0,
20,F,A,M,ZIMPR3,12,0,
20,F,A,M,ZIMPR3,14,0,Sub total (Basic+BCD)
20,F,A,M,ZIMPR3,16,0,
20,F,A,M,ZIMPR3,18,0,
20,F,A,M,ZIMPR3,19,0,
20,F,A,M,ZIMPR3,24,0,
20,F,A,M,ZIMPR3,26,0,
20,F,A,M,ZIMPR3,28,0,Duty payable (Total Duties)
20,F,A,M,ZIMPR3,32,0,
20,F,A,M,ZIMPR3,34,0,Basic Price
20,F,A,M,ZIMPR3,36,0,Grand total of all duties
20,F,A,M,ZIMPR3,37,0,Basic price+All ED
20,F,A,M,ZIMPR3,38,0,
20,F,A,M,ZIMPR3,44,0,
20,F,A,M,ZIMPR3,980,0,NET OF CENVAT
20,F,A,M,ZIMPR8,510,0,
20,F,A,M,ZIMPR8,512,0,
20,F,A,M,ZIMPR8,514,0,
20,F,A,M,ZIMPR8,516,0,BCD
20,F,A,M,ZIMPR8,556,0,TOTAL=(BCD+ED+CVD+SCH-1%)
20,F,A,M,ZIMPR8,558,0,
20,F,A,M,ZIMPR8,560,0,
20,F,A,M,ZIMPR8,650,0,TOTAL OF ALL DUTIES
20,F,A,M,ZIMPR8,652,0,BP
20,F,A,M,ZIMPR8,653,0,SUB-TOTAL
20,F,A,KA,A00004,70,0,Cost of goods manufactured...
20,F,A,KA,A00004,80,0,Admin.OH/BArea
20,F,A,KA,A00004,90,0,Sales OH/BArea
20,F,A,KA,A00005,30,0,Material usage......
20,F,A,KA,A00005,45,0,Salaries
20,F,A,KA,A00005,50,0,Manuf.OH/OType
20,F,A,KA,A00005,70,0,Cost of goods manufactured...
20,F,A,KA,A00005,80,0,Admin.OH/OType
20,F,A,KA,A00005,90,0,Sales OH/OType
20,F,A,KA,A00006,30,0,Material usage......
20,F,A,KA,A00006,45,0,Salaries
20,F,A,KA,A00006,50,0,Manuf.OH/OType
20,F,A,KA,A00006,70,0,Cost of goods manufactured...
20,F,A,KA,A00006,80,0,Admin.OH/OType
20,F,A,KA,A00006,90,0,Sales OH/OType
20,F,A,KA,A00007,30,0,Material Usage......
20,F,A,KA,A00007,45,0,Salaries
20,F,A,KA,A00007,50,0,Manufacturing OH
20,F,A,KA,A00007,70,0,Cost of Goods Manufactured...
20,F,A,KA,A00007,80,0,Administration OH
20,F,A,KA,A00007,90,0,Sales OH
20,F,A,KA,PP-PC1,30,0,Material usage
20,F,A,KA,PP-PC1,50,0,Manufacturing OH
20,F,A,KA,PP-PC1,70,0,Cost of goods manufactured
20,F,A,KA,PP-PC2,30,0,Material usage
20,F,A,KA,PP-PC2,50,0,Manufacturing OH
20,F,A,KA,PP-PC2,70,0,Cost of goods manufactured
20,F,A,KA,PP-PC2,80,0,Administration OH
20,F,A,KA,PP-PC2,90,0,Sales OH
20,F,A,KA,PP-PC3,30,0,Sales OH
20,F,A,KA,Z001,30,0,Production
20,F,A,KA,Z001,50,0,Material - Oth OH
20,F,A,KA,Z001,70,0,Other OH -Plant_EP16
20,F,A,M,JIMPOR,22,0,Net value incl. tax
20,F,A,M,JRM000,22,0,Net value incl. tax
20,F,A,M,RM0000,5,0,Gold surcharge
20,F,A,M,RM0000,22,0,Net value incl. tax
20,F,A,M,RM0002,5,0,Test
20,F,A,M,RM1000,22,0,Net value incl. tax
20,F,A,M,RM1002,22,0,Net value incl. tax
20,F,A,M,RM2000,50,0,
20,F,A,M,RM5000,800,0,Net Revenue
20,F,A,M,RM5000,900,0,Tax on Sales or Purchases
20,F,A,M,RM5001,800,0,Net Revenue
20,F,A,M,RM6000,700,0,Total Amount
20,F,A,M,RM6001,400,0,Gross value
20,F,A,M,RM6001,700,0,Total Amount
20,F,A,M,RM6002,400,0,Gross value
20,F,A,M,RM6002,700,0,Total Amount
20,F,A,M,RMIMP0,30,0,Gross value total
20,F,A,M,RMIMP0,120,0,Customs duty
20,F,A,M,RMIMP0,130,0,Import total value
20,F,A,M,RMISR1,5,0,Gross price
20,F,A,M,RMISR1,110,0,Scheduled Mark-up
20,F,A,M,RMISR1,120,0,Net value incl. disc.
20,F,A,M,RMISR1,140,0,Effective value
20,F,A,M,RMISR1,310,0,Sales Price excl. Tax
20,F,A,M,RMREGU,400,0,Final amount incl. tax
20,F,A,M,RMREGU,900,0,Effective value incl. tax
20,F,A,M,XFIN,220,0,Subtotal After Tax
20,F,A,M,XFIN,320,0,Subtotal After PF
20,F,A,M,XFIN,530,0,Sub Total Before ED
20,F,A,M,ZEMFGF,90,0,Basic + Ex.Duty
20,F,A,M,ZEMRO7,130,0,MRP
20,F,A,M,ZEMRO7,530,0,ED
20,F,A,M,ZEMROC,130,0,MRP
20,F,A,M,ZEMROC,150,0,
20,F,A,M,ZEPLD,5,0,Basic Price
20,F,A,M,ZEPLD,50,0,Subtotal after packing fwdg
20,F,A,M,ZEPLD,90,0,Net before octroi
20,F,A,M,ZEPLD,110,0,Net after non deductible taxes
20,F,A,M,ZEPLD,120,0,Stock value
20,F,A,M,ZEPLD1,5,0,Basic Price
20,E,A,TX,TAXUSJ,410,0,A/P Sales Tax 1 Use
20,E,A,TX,ZDUBAI,222,0,ED for Ecess Setoff-
20,E,A,TX,ZDUBAI,223,0,ED for Ecess Inventory-
20,E,A,TX,ZDUBAI,234,0,Excise Duty w/o Ecess
20,E,A,TX,ZDUBAI,235,0,Total Duties
20,E,A,TX,ZDUBAI,236,0,Base
20,E,A,TX,ZDUBAI,237,0,Base+Total Duties
20,E,A,TX,ZDUBAI,270,0,SET OFF+LST (TOTAL) OR CST(TOT
20,E,A,TX,ZDUBAI,515,0,sub total
20,E,A,TX,ZDUBAI,585,0,Total excise duty
20,E,A,TX,ZDUBAI,588,0,Copy net price
20,E,A,TX,ZTAXEM,215,0,BASE+all duties
20,E,A,TX,ZTAXEM,231,0,SET OFF+LST (TOTAL) OR CST(TOT
20,E,A,TX,ZTAXEM,515,0,sub total
20,E,A,TX,ZTAXEM,585,0,Total excise duty
20,덆,A,M,ZPRDPR,145,0,Sub Total
20,덆,A,M,ZPRDPR,220,0,Subtotal After Tax
20,덆,A,M,ZPRDPR,320,0,Subtotal After PF
20,덆,A,M,ZPRDPR,420,0,Total
20,덆,A,M,ZPRDPR,450,0,Total Insurance
20,덆,A,M,ZPRDPR,530,0,Sub Total Before ED
20,덆,A,M,ZPRDPR,550,0,Total of PF After Taxes
20,덆,A,M,ZPRDPR,570,0,Total Insurance Value
20,덆,A,M,ZPRDPR,620,0,Total Stock Value
20,덆,A,KA,Z001,88,0,Other OH -Plant_EP28
20,덆,A,KA,Z001,89,0,Other OH -Plant_EP28
20,덆,A,KA,Z001,90,0,Other OH -Plant_EP28
20,덆,A,KA,Z001,91,0,Other OH -Plant_EP28
20,D,A,CR,CRP001,210,0,Nicht abz. Vorsteuer
20,D,A,CR,CRP001,310,0,Beförderungskosten
20,D,A,CR,CRP001,320,0,
20,D,A,CR,CRP002,30,0,Tangible Costs
20,D,A,CR,CRP003,310,0,
20,D,A,CS,SAP000,400,0,Summe Personalkosten
20,D,A,F,SDFC00,500,0,Nettofracht
20,D,A,F,SDFC01,500,0,Nettofracht
20,D,A,KA,A00000,30,0,Materialeinsatz.....
20,D,A,KA,A00000,45,0,Gehälter
20,D,A,KA,A00000,50,0,GK-Fertigung
20,D,A,KA,A00000,70,0,Herstellkosten......
20,D,A,KA,A00000,80,0,GK-Verwaltung
20,D,A,KA,A00000,90,0,GK-Vertrieb
20,D,A,KA,A00001,30,0,Materialeinsatz.....
20,D,A,KA,A00001,45,0,Gehälter
20,D,A,KA,A00001,50,0,GK-Fertigung/Zschl
20,D,A,KA,A00001,70,0,Herstellkosten......
20,D,A,KA,A00001,80,0,GK-Verwaltung/Zschl
20,D,A,KA,A00001,90,0,GK-Vertrieb/Zschl
20,D,A,KA,A00002,30,0,Materialeinsatz.....
20,D,A,KA,A00002,45,0,Gehälter
20,D,A,KA,A00002,50,0,GK-Fertigung/Werk
20,D,A,KA,A00002,70,0,Herstellkosten......
20,D,A,KA,A00002,80,0,GK-Verwaltung/Werk
20,D,A,KA,A00002,90,0,GK-Vertrieb/Werk
20,D,A,KA,A00003,30,0,Materialeinsatz.....
20,D,A,KA,A00003,45,0,Gehälter
20,D,A,KA,A00003,50,0,GK-Fertigung/BuKrs
20,D,A,KA,A00003,70,0,Herstellkosten......
20,D,A,KA,A00003,80,0,GK-Verwaltung/BuKrs
20,D,A,KA,A00003,90,0,GK-Vertrieb/BuKrs
20,D,A,KA,A00004,30,0,Materialeinsatz.....
20,D,A,KA,A00004,45,0,Gehälter
20,D,A,KA,A00004,50,0,GK-Fertigung/Gsber
20,D,A,KA,A00004,70,0,Herstellkosten......
20,D,A,KA,A00004,80,0,GK-Verwaltung/Gsber
20,D,A,KA,A00004,90,0,GK-Vertrieb/Gsber
20,D,A,KA,A00005,30,0,Materialeinsatz.....
20,D,A,KA,A00005,45,0,Gehälter
20,D,A,KA,A00005,50,0,GK-Fertigung/AArt
20,D,A,KA,A00005,70,0,Herstellkosten......
20,D,A,KA,A00005,80,0,GK-Verwaltung/AArt
20,D,A,KA,A00005,90,0,GK-Vertrieb/AArt
20,D,A,KA,A00006,30,0,Materialeinsatz.....
20,D,B,V7,V7ALLE,20,0,
20,D,B,V7,V7ALLE,30,0,Trans.EDI: allgemein
20,D,B,V7,V7ALLE,40,0,Warenbegleitschein
20,D,B,V7,V7ALLE,50,0,Speditionsauftrag
20,D,B,V7,V7AUTO,20,0,Speditionsauftrag
20,D,B,V7,V7AUTO,30,0,Transportavis
20,D,B,V7,V7AUTO,40,0,Speditionsauftrag
20,D,B,V7,V7STRA,10,0,
20,D,B,V7,V7STRA,20,0,CMR-Frachtbrief 2
20,D,B,WA,RTAN01,10,0,
20,D,B,WA,RTAN01,20,0,
20,D,B,WA,RTAN01,30,0,
20,D,B,WA,RTAN01,50,0,
20,D,B,WB,RTBN01,10,0,
20,D,B,WB,RTBN01,20,0,
20,D,B,WB,RTBN01,30,0,
20,D,B,WB,RTBN01,50,0,
20,D,B,WE,WETI00,10,0,
20,D,B,WE,WETI00,20,0,
20,D,B,WN,WNB000,10,0,Abrechn. kred. Abspr
20,D,B,WN,WNB000,20,0,Abrechn. deb. Abspr.
20,D,B,WR,WRKA00,10,0,"Kopf, LF, m. Log-Dat"
20,D,B,WR,WRKA00,20,0,"Kopf, LF, o. Log-Dat"
20,D,B,WR,WRKB00,10,0,"Kopf, RA, m. Log-Dat"
20,D,B,WR,WRKB00,20,0,"Kopf, RA, o. Log-Dat"
20,D,B,WR,WRKC00,10,0,"BuLi, mit Log.-Dat."
20,D,B,WR,WRKC00,20,0,"BuLi, ohne Log.-Dat."
20,D,B,WR,WRKD00,10,0,"ReguLi, mit Log-Dat."
20,D,B,WR,WRKD00,20,0,"ReguLi, ohne Log-Dat"
20,D,B,WR,WRKE00,10,0,"ReLi, LF, m. Log-Dat"
20,D,B,WR,WRKE00,20,0,"ReLi, LF, o. Log-Dat"
20,D,B,WR,WRKF00,20,0,"ReLi, RA, Kd, m. Log"
20,D,B,WR,WRKF00,30,0,"ReLi, RA, Li, o. Log"
20,D,B,WR,WRKF00,40,0,"ReLi, RA, Kd, o. Log"
20,D,B,WR,WRPC00,10,0,"Pos., RA, m. Log-Dat"
20,D,B,WR,WRPC00,20,0,"Pos., RA, o. Log-Dat"
20,D,B,WR,WRPD00,10,0,"Pos., RA, m. Log-Dat"
20,D,B,WR,WRPD00,20,0,"Pos., RA, o. Log-Dat"
20,D,B,WR,WRPE00,10,0,"Pos, LF, m. Log-Dat."
20,D,B,WR,WRPE00,20,0,"Pos, LF, o. Log.-Dat"
20,D,B,WR,WRPF00,20,0,"Pos, BuLi, mit Log."
20,D,B,WR,WRPF00,30,0,"Pos, ReguLi, mit Log"
20,D,B,WR,WRPF00,40,0,"Pos., RA, o. Log-Dat"
20,D,B,WR,WRPF00,50,0,"Pos., BuLi, o. Log."
20,D,B,WS,WSB000,10,0,Druck Abspr. kred.
20,D,B,WS,WSB000,20,0,"Druck Abspr., deb."
20,D,C,VB,KOFIAB,10,0,Standard
20,D,C,VC,KOFIAC,10,0,Standard
20,D,C,VD,A00001,10,0,Standard
20,D,D,V,A00001,10,0,
20,D,D,VS,CS0001,10,0,Cross-Selling
20,D,H,CO,CO0001,10,0,
20,D,H,CO,CO0001,20,0,
20,D,H,ME,ME0001,10,0,
20,D,H,V,SD0001,10,0,
20,D,H,V,SD0001,20,0,
20,D,H,V,SD0001,30,0,Kundenhierarchie
20,D,H,WM,WM0001,10,0,
20,D,H,WM,WM0002,10,0,
20,D,I,QC,QC0001,10,0,
20,D,N,M,NR0001,10,0,Naturalrabatt (M)
20,D,N,V,FREEPR,10,0,Naturalrabatt SD
20,D,N,V,NA0001,10,0,Naturalrabatt SD
20,D,N,VP,BB0000,10,0,Bonuskauf:Nat.Rabatt
20,D,P,PO,0,10,0,Lager-Packvorschrift
20,D,P,PO,0,20,0,Versand-Packvorschr.
20,D,P,PO,0,30,0,Anliefer-Packvorschr
20,D,P,PO,1,10,0,Versand-Packvorschr.
20,D,P,PO,2,20,0,Lager-Packvorschrift
20,D,P,PO,4,10,0,Anliefer-Packvorschr
20,D,P,PO,4,20,0,Lager-Packvorschrift
20,D,P,PO,5,10,0,Anliefer-Packvorschr
20,D,P,PO,5,20,0,Lager-Packvorschrift
20,E,H,CO,EMSAP2,10,0,OrdType/Plnt/Matl
20,E,H,CO,EMSAP2,20,0,ProdMaterial
20,E,H,CO,EMSAP3,10,0,OrdType/Plnt/Matl
20,E,H,CO,EMSAP3,20,0,ProdMaterial
20,E,H,ME,ME0001,10,0,
20,E,H,V,SD0001,10,0,
20,E,H,V,SD0001,20,0,
20,E,H,V,SD0001,30,0,Customer hierarchy
20,E,H,WM,WM0001,10,0,
20,E,H,WM,WM0002,10,0,
20,E,I,QC,QC0001,10,0,Test
20,E,N,M,NR0001,10,0,Free goods (M)
20,E,N,V,FREEPR,10,0,Bonus Offer Free Gds
20,E,N,V,NA0001,10,0,Free goods SD
20,E,N,VP,BB0000,10,0,Bonus buy: free goods
20,E,P,PO,0,10,0,Warehouse packing instruction
20,E,P,PO,0,20,0,Shipping packing instruction
20,E,P,PO,0,30,0,Inbound del.packing instruct.
20,E,P,PO,1,10,0,Shipping packing instruction
20,E,P,PO,2,20,0,Warehouse packing instruction
20,E,P,PO,4,10,0,Inbound del.packing instruct.
20,E,P,PO,4,20,0,Warehouse packing instruction
20,E,P,PO,5,10,0,Inbound del.packing instruct.
20,E,P,PO,5,20,0,Warehouse packing instruction
20,E,P,PO,5,30,0,Shipping packing instruction
20,E,P,PO,RMAT,1,0,Ref. mat. packing instruction
20,E,R,DR,BDR001,1,0,Mat. type/Mat. number
20,E,R,DS,BDS001,1,0,Rec. mat./Sender mat.
20,F,P,PO,0,10,0,Warehouse packing instruction
20,F,P,PO,0,20,0,Shipping packing instruction
20,F,P,PO,0,30,0,Inbound del.packing instruct.
20,F,P,PO,1,10,0,Shipping packing instruction
20,F,P,PO,2,20,0,Warehouse packing instruction
20,F,P,PO,4,10,0,Inbound del.packing instruct.
20,F,P,PO,4,20,0,Warehouse packing instruction
20,F,P,PO,5,10,0,Inbound del.packing instruct.
20,F,P,PO,5,20,0,Warehouse packing instruction
20,F,P,PO,5,30,0,Shipping packing instruction
20,F,P,PO,RMAT,1,0,Ref. mat. packing instruction
20,F,R,DR,BDR001,1,0,Mat. type/Mat. number
20,F,R,DS,BDS001,1,0,Rec. mat./Sender mat.
20,E,B,V3,ZTI001,10,0,TII-Invoice
20,E,B,V3,ZTI001,20,0,TII-Credit Note
20,E,B,V3,ZTI001,30,0,TII-E-Invoice
20,E,B,DB,DBJ1A1,1,0,Order confirmation
20,E,B,E1,E10001,1,0,Count list
20,E,B,EF,RMBEF1,10,0,Purchase order
20,E,B,ES,RMBES1,10,0,
20,E,B,EV,RMBEV1,30,0,
20,E,B,M1,M10001,1,0,Pallet Sticker
20,E,B,MR,MR0001,10,0,Mail to Purchasing
20,E,B,MR,MR0002,10,0,Mail Price Deviation
20,E,B,MR,MR0002,20,0,Complaints/reject level
20,E,B,MR,MR0003,10,0,Consignment  EDI
20,E,B,MR,MR0003,20,0,Consignment
20,F,B,DB,DBJ1A1,1,0,Order confirmation
20,F,B,E1,E10001,1,0,Count list
20,F,B,EF,RMBEF1,10,0,Purchase order
20,F,B,ES,RMBES1,10,0,
20,F,B,EV,RMBEV1,30,0,
20,F,B,M1,M10001,1,0,Pallet Sticker
20,F,B,MR,MR0001,10,0,Mail to Purchasing
20,F,B,MR,MR0002,10,0,Mail Price Deviation
20,F,B,MR,MR0002,20,0,Complaints/reject level
20,F,B,MR,MR0003,10,0,Consignment  EDI
20,F,B,MR,MR0003,20,0,Consignment
20,F,B,MR,MR0004,10,0,ERS procedure EDI
20,F,B,MR,MR0004,20,0,ERS procedure
20,F,B,MR,MR0005,10,0,New valuation EDI
20,F,B,MR,MR0005,20,0,New value method
20,F,B,MR,MR0006,10,0,Invoice plan
20,F,B,NF,NF0001,10,0,Form 1
20,F,B,NF,NF0001,20,0,Form 2
20,F,B,PA,1,1,0,QRelease (EDI)
20,F,B,V1,V05000,30,0,
20,F,B,V1,V10002,10,0,Safety Data Sheet
20,F,B,V2,V10001,20,0,GR/GI slip
20,F,B,V2,V10001,30,0,Forwarding Order
20,F,B,V2,V10001,40,0,Delivr Note DIN4994
20,F,B,V2,V10001,50,0,Material Tags 4902/3
20,F,B,V2,V20001,10,0,
20,F,B,V2,V20001,20,0,Test
20,F,B,V2,V20001,30,0,Test
20,F,B,V3,V40000,10,0,
20,F,B,V3,V40000,50,0,
20,F,B,V3,ZTI001,10,0,TII-Invoice
20,F,B,V3,ZTI001,20,0,TII-Credit Note
20,F,B,V3,ZTI001,30,0,TII-E-Invoice
20,F,B,V5,V50002,10,0,Test
20,F,B,V6,1,10,0,EAN128 sticker
20,F,B,V6,2,20,0,Internal material tag
20,F,B,V7,V70001,10,0,
20,F,B,V7,V7ALLE,20,0,
20,F,B,V7,V7ALLE,30,0,Trans.EDI: General
20,F,B,V7,V7ALLE,40,0,GR/GI slip
20,F,B,V7,V7ALLE,50,0,Forwarding Order
20,F,B,V7,V7AUTO,20,0,Forwarding Order
20,F,B,V7,V7AUTO,30,0,Shipping notification
20,F,B,V7,V7AUTO,40,0,Forwarding Order
20,F,B,V7,V7STRA,10,0,
20,F,B,V7,V7STRA,20,0,CMR bill of lading 2
20,F,B,WN,WNB000,10,0,Settlement Credit Agmt
20,F,B,WN,WNB000,20,0,Settlement Customer Agmt
20,F,B,WR,WRKA00,10,0,"Hdr, Del. Rel. with log data"
20,F,B,WR,WRKA00,20,0,"Header, del. rel. w/o log data"
20,F,B,WR,WRKB00,10,0,"Headr, sing. set. req. with LD"
20,F,B,WR,WRKB00,20,0,"Headr, sing. set. req. w/o LD"
20,F,B,WR,WRKC00,10,0,Posting list with log data
20,F,B,WR,WRKC00,20,0,Posting list without log data
20,F,B,WR,WRKD00,10,0,Sett. req. list with log data
20,F,B,WR,WRKD00,20,0,Sett. req. list w/o log data
20,F,B,WR,WRKE00,10,0,"SRL, VBD, with log data"
20,F,B,WR,WRKE00,20,0,"SRL, VBD, w/o log data"
20,F,B,WR,WRKF00,10,0,"SRL, SSR, list with log"
20,F,B,WR,WRKF00,20,0,"SRL, SSR, cust. with log"
20,F,B,WR,WRKF00,30,0,"SRL, SSR, del. with log"
20,F,B,WR,WRKF00,40,0,"SRL, SSR, cust without log"
20,F,B,WR,WRPC00,10,0,"Item, SSR with log data"
20,F,B,WR,WRPC00,20,0,"Item, SSR w/o log data"
20,F,B,WR,WRPD00,10,0,"Item, SSR with log data"
20,F,B,WR,WRPD00,20,0,"Item, SSR w/o log data"
20,F,B,WR,WRPE00,10,0,"Item, del, with log data"
20,F,B,WR,WRPE00,20,0,"Item, del, w/o loga data"
20,F,B,WR,WRPF00,20,0,"Item, posting list, with log"
20,F,B,WR,WRPF00,30,0,"Item, SRL with log"
20,F,B,WR,WRPF00,40,0,"Item, SSR w/o log data"
20,F,B,WR,WRPF00,50,0,"Item, posting list w/o log"
20,F,B,WS,WSB000,10,0,"Printing Agrmt, Cred."
20,F,B,WS,WSB000,20,0,"Printing Agrmt, Cust."
20,F,C,VB,KOFIAB,10,0,Standard
20,F,C,VC,KOFIAC,10,0,Standard
20,F,C,VD,A00001,10,0,Standard
20,F,D,V,A00001,10,0,Test
20,F,D,VS,CS0001,10,0,Cross selling
20,F,H,CO,CO0001,10,0,
20,F,H,CO,CO0001,20,0,
20,F,H,CO,EMSAP1,10,0,OrdType/Plnt/Matl
20,F,H,CO,EMSAP1,20,0,ProdMaterial
20,F,H,CO,EMSAP2,10,0,OrdType/Plnt/Matl
20,F,H,CO,EMSAP2,20,0,ProdMaterial
20,F,H,CO,EMSAP3,10,0,OrdType/Plnt/Matl
20,F,H,CO,EMSAP3,20,0,ProdMaterial
20,F,H,ME,ME0001,10,0,
20,F,H,V,SD0001,10,0,
20,F,H,V,SD0001,20,0,
20,F,H,V,SD0001,30,0,Customer hierarchy
20,F,H,WM,WM0001,10,0,
20,F,H,WM,WM0002,10,0,
20,F,I,QC,QC0001,10,0,Test
20,F,N,M,NR0001,10,0,Free goods (M)
20,F,N,V,FREEPR,10,0,Bonus Offer Free Gds
20,F,N,V,NA0001,10,0,Free goods SD
20,F,N,VP,BB0000,10,0,Bonus buy: free goods
20,D,B,DB,DB0001,8,0,Export Report
20,D,B,DB,DB0002,3,0,Export Report
20,D,B,DB,DB0003,2,0,Export Report
20,D,B,DB,DBJ1A1,2,0,Lieferschein
20,D,B,DB,DBJ1A1,3,0,Rechnung AR (2.Kop.)
20,D,B,DB,DBJ1A1,4,0,Angebotsbestätigung
20,D,B,DB,DBJ1A1,5,0,Anfragebestätigung
20,D,B,DB,DBJ1A1,6,0,Kontraktbestätigung
20,D,B,DB,DBJ1A1,7,0,Lieferplanbestätig.
20,D,B,E1,E10001,2,0,Lieferempf.bestät.
20,D,B,EF,RMBEF1,40,0,Importmeldung
20,D,B,EL,RMBEL1,60,0,LP-Einteilung
20,D,B,EL,RMBEL1,70,0,LP-Einteilung
20,D,B,EL,RMBEL1,80,0,
20,D,B,EL,RMBEL1,90,0,
20,D,B,K1,CAS005,100,0,Nur Folgekontakte
20,D,B,K1,CAS005,200,0,Mail an Mitarbeiter
20,D,B,K1,CAS006,100,0,Internet-Mailing
20,D,B,K1,CAS006,200,0,Mail an Mitarbeiter
20,D,B,ME,ME0001,25,0,WE Unter-/Überlief.
20,D,B,ME,ME0001,200,0,
20,D,B,ME,ME0001,210,0,Kanbankarte 1
20,D,B,V2,V10TPS,2,0,Frachtplanung Sped.
20,D,B,V7,V7ALLE,60,0,Transportavis
20,D,B,V7,V7ALLE,70,0,Speditionsauftrag
20,D,B,V7,V7ALLE,80,0,Statusbestätigung
20,D,B,V7,V7ALLE,90,0,CIM-Frachtbrief Zug
20,D,B,V7,V7ALLE,100,0,Amerikanischer BOL
20,D,B,WA,RTAN01,40,0,
20,D,B,WB,RTBN01,40,0,
20,D,B,WR,WRPF00,60,0,"Pos, ReguLi, o. Log"
20,E,B,V2,V10TPS,2,0,Freight planning shipping
20,E,B,V7,V7ALLE,60,0,Shipping notification
20,E,B,V7,V7ALLE,70,0,Forwarding Order
20,E,B,V7,V7ALLE,80,0,Status confirmation
20,E,B,V7,V7ALLE,90,0,CIM bill of lading
20,E,B,V7,V7ALLE,100,0,American BOL
20,E,B,WR,WRPF00,60,0,"Item, posting list w/o log"
20,F,A,M,ZPRMPN,40,2,Prix brut
20,F,A,M,ZPRMPN,40,3,Prix brut
20,F,A,M,ZPRMPN,80,3,Remise absolue
20,E,B,DB,DB0001,8,0,Export Report
20,E,B,DB,DB0002,3,0,Export Report
20,E,B,DB,DB0003,2,0,Export Report
20,E,B,DB,DBJ1A1,2,0,Delivery note
20,E,B,DB,DBJ1A1,3,0,Invoice AR (2.cop.)
20,E,B,DB,DBJ1A1,4,0,Quotation Confirmat.
20,E,B,DB,DBJ1A1,5,0,Inquiry Confirmation
20,E,B,DB,DBJ1A1,6,0,Contract Confirmat.
20,E,B,DB,DBJ1A1,7,0,Schd.Agmt.Confirm.
20,E,B,E1,E10001,2,0,POD confirmed
20,E,B,EF,RMBEF1,40,0,Import declaration
20,E,B,EL,RMBEL1,60,0,SA schedule line
20,E,B,EL,RMBEL1,70,0,SA schedule line
20,E,B,EL,RMBEL1,80,0,
20,E,B,EL,RMBEL1,90,0,
20,E,B,K1,CAS005,100,0,Only Follow-up Activities
20,E,B,K1,CAS005,200,0,Mail to Employees
20,E,B,K1,CAS006,100,0,Internet mailing
20,E,B,K1,CAS006,200,0,Mail to Employees
20,E,B,ME,ME0001,25,0,GR Underdelivery/Overdelivery
20,E,B,ME,ME0001,210,0,Kanban Card 1
20,E,B,V2,V10000,10,1,Delivery Note
20,E,B,V2,V10000,20,2,Mail
20,E,B,V2,V10000,30,3,Automatic TA
20,S,B,EF,RMBEF1,50,1,Form OC CHILE Españo
20,F,B,DB,DB0001,8,0,Export Report
20,F,B,DB,DB0002,3,0,Export Report
20,F,B,DB,DB0003,2,0,Export Report
20,F,B,DB,DBJ1A1,2,0,Delivery note
20,F,B,DB,DBJ1A1,3,0,Invoice AR (2.cop.)
20,F,B,DB,DBJ1A1,4,0,Quotation Confirmat.
20,F,B,DB,DBJ1A1,5,0,Inquiry Confirmation
20,F,B,DB,DBJ1A1,6,0,Contract Confirmat.
20,F,B,DB,DBJ1A1,7,0,Schd.Agmt.Confirm.
20,F,B,E1,E10001,2,0,POD confirmed
20,F,B,EF,RMBEF1,40,0,Import declaration
20,F,B,EL,RMBEL1,60,0,SA schedule line
20,F,B,EL,RMBEL1,70,0,SA schedule line
20,F,B,EL,RMBEL1,80,0,
20,F,B,EL,RMBEL1,90,0,
20,F,B,K1,CAS005,100,0,Only Follow-up Activities
20,F,B,K1,CAS005,200,0,Mail to Employees
20,F,B,K1,CAS006,100,0,Internet mailing
20,F,B,K1,CAS006,200,0,Mail to Employees
20,F,B,ME,ME0001,25,0,GR Underdelivery/Overdelivery
20,F,B,ME,ME0001,210,0,Kanban Card 1
20,F,B,V2,V10000,10,1,Delivery Note
20,F,B,V2,V10000,20,2,Mail
20,F,B,V2,V10000,30,3,Automatic TA
20,F,B,V2,V10TPS,2,0,Freight planning shipping
20,F,B,V7,V7ALLE,60,0,Shipping notification
20,F,B,V7,V7ALLE,70,0,Forwarding Order
20,F,B,V7,V7ALLE,80,0,Status confirmation
20,F,B,V7,V7ALLE,90,0,CIM bill of lading
20,F,B,V7,V7ALLE,100,0,American BOL
20,F,B,WR,WRPF00,60,0,"Item, posting list w/o log"
